reference,target,divergence,depth,replicate,iteration,n_reads,n_placed,n_unplaced,n_contigs,n_contigs_anchored,theta_len,identity_pct,recall,precision,f1,c_theta,w_theta,u_t
Homo_sapiens,Gorilla_gorilla,same-family,1,2,1,110,107,3,2,0,16556,89.49190330908237,0.9689981576774029,0.9607583774250441,0.9648606762184901,15253,623,488
Homo_sapiens,Gorilla_gorilla,same-family,1,2,2,110,107,3,2,0,16556,89.49190330908237,0.9689981576774029,0.9607583774250441,0.9648606762184901,15253,623,488
Homo_sapiens,Gorilla_gorilla,same-family,1,0,1,110,104,6,2,0,16555,89.47306654148574,0.9690498887829679,0.9603829438810858,0.9646969505251171,15248,629,487
Homo_sapiens,Gorilla_gorilla,same-family,1,0,2,110,104,6,2,0,16555,89.47306654148574,0.9690498887829679,0.9603829438810858,0.9646969505251171,15248,629,487
Homo_sapiens,Gorilla_gorilla,same-family,1,1,1,110,106,4,2,0,16551,89.69544040842673,0.9689381933438985,0.9628953004913695,0.9659072956491517,15285,589,490
Homo_sapiens,Gorilla_gorilla,same-family,1,1,2,110,106,4,2,0,16551,89.69544040842673,0.9689381933438985,0.9628953004913695,0.9659072956491517,15285,589,490
Homo_sapiens,Gorilla_gorilla,same-family,2,0,1,219,212,7,2,0,16554,91.10641792795964,0.9692922231931095,0.9784526209677419,0.9738508810434564,15530,342,492
Homo_sapiens,Gorilla_gorilla,same-family,2,0,2,219,212,7,2,0,16554,91.10641792795964,0.9692922231931095,0.9784526209677419,0.9738508810434564,15530,342,492
Homo_sapiens,Gorilla_gorilla,same-family,2,1,1,219,214,5,2,0,16547,91.35411163937313,0.9694780117104771,0.9804712107849314,0.9749436231520922,15564,310,490
Homo_sapiens,Gorilla_gorilla,same-family,2,1,2,219,216,3,1,0,16546,91.41331142152835,0.969378228667455,0.9812878024193549,0.9752966592567082,15575,297,492
Homo_sapiens,Gorilla_gorilla,same-family,2,1,3,219,216,3,1,0,16546,91.41331142152835,0.969378228667455,0.9812878024193549,0.9752966592567082,15575,297,492
Homo_sapiens,Gorilla_gorilla,same-family,3,2,1,328,317,11,3,0,16545,92.25757220004697,0.9697063178677197,0.9901719901719902,0.9798322994919111,15717,156,491
Homo_sapiens,Gorilla_gorilla,same-family,3,2,2,328,321,7,2,0,16542,92.36323080535337,0.9695606630106599,0.9914933837429112,0.9804043739680365,15735,135,494
Homo_sapiens,Gorilla_gorilla,same-family,3,2,3,328,321,7,2,0,16542,92.36323080535337,0.9695606630106599,0.9914933837429112,0.9804043739680365,15735,135,494
Homo_sapiens,Gorilla_gorilla,same-family,3,1,1,328,321,7,3,1,16451,92.87063267233239,0.9696222811017314,0.9914939197278054,0.980436137071651,15736,135,493
Homo_sapiens,Gorilla_gorilla,same-family,3,1,2,328,326,2,0,0,16451,92.87063267233239,0.9696222811017314,0.9914939197278054,0.980436137071651,15736,135,493
Homo_sapiens,Gorilla_gorilla,same-family,3,1,3,328,326,2,0,0,16451,92.87063267233239,0.9696222811017314,0.9914939197278054,0.980436137071651,15736,135,493
Homo_sapiens,Gorilla_gorilla,same-family,2,2,1,219,208,11,4,0,16552,91.30970543363455,0.9694723070213694,0.9802822225022049,0.9748472983555208,15561,313,490
Homo_sapiens,Gorilla_gorilla,same-family,2,2,2,219,212,7,2,0,16540,91.49298420712734,0.9693350749517945,0.9819167034213345,0.9755853261550018,15584,287,493
Homo_sapiens,Gorilla_gorilla,same-family,2,2,3,219,212,7,2,0,16540,91.49298420712734,0.9693350749517945,0.9819167034213345,0.9755853261550018,15584,287,493
Homo_sapiens,Gorilla_gorilla,same-family,4,1,1,437,420,17,4,1,16453,93.32546473886102,0.9698270575248374,0.9963457661290323,0.9829075766051338,15814,58,492
Homo_sapiens,Gorilla_gorilla,same-family,4,1,2,437,431,6,0,0,16451,93.34316907642372,0.9697136901477531,0.9966603654694391,0.983002392716199,15817,53,494
Homo_sapiens,Gorilla_gorilla,same-family,4,1,3,437,431,6,0,0,16451,93.34316907642372,0.9697136901477531,0.9966603654694391,0.983002392716199,15817,53,494
Homo_sapiens,Gorilla_gorilla,same-family,4,2,1,437,422,15,3,1,16450,93.27195467422096,0.9696895324579703,0.9958412098298677,0.9825913951753295,15804,66,494
Homo_sapiens,Gorilla_gorilla,same-family,4,2,2,437,434,3,0,0,16446,93.40179414542021,0.9694927713795638,0.997478885667465,0.9832867350108729,15826,40,498
Homo_sapiens,Gorilla_gorilla,same-family,4,2,3,437,437,0,0,0,16446,93.454910292729,0.9695095818282006,0.9980461363922853,0.9835709183515016,15835,31,498
Homo_sapiens,Gorilla_gorilla,same-family,4,2,4,437,437,0,0,0,16446,93.454910292729,0.9695095818282006,0.9980461363922853,0.9835709183515016,15835,31,498
Homo_sapiens,Gorilla_gorilla,same-family,3,0,1,328,319,9,4,0,16550,92.3013730782772,0.9696708174084576,0.9910534274193549,0.9802455287592696,15730,142,492
Homo_sapiens,Gorilla_gorilla,same-family,3,0,2,328,324,4,3,0,16546,92.51892272487238,0.9694435905318168,0.9937606352807714,0.9814515125108926,15768,99,497
Homo_sapiens,Gorilla_gorilla,same-family,3,0,3,328,325,3,2,0,16545,92.52435160192465,0.9694435905318168,0.9937606352807714,0.9814515125108926,15768,99,497
Homo_sapiens,Gorilla_gorilla,same-family,3,0,4,328,325,3,2,0,16545,92.52435160192465,0.9694435905318168,0.9937606352807714,0.9814515125108926,15768,99,497
Homo_sapiens,Gorilla_gorilla,same-family,4,0,1,437,421,16,4,0,16543,92.8923582580115,0.9696728342114936,0.9973533303925893,0.9833183187847535,15827,42,495
Homo_sapiens,Gorilla_gorilla,same-family,4,0,2,437,428,9,2,0,16540,92.98039676018313,0.9695226438188494,0.998487331400479,0.9837918400298082,15842,24,498
Homo_sapiens,Gorilla_gorilla,same-family,4,0,3,437,430,7,1,0,16540,92.98039676018313,0.9695226438188494,0.998487331400479,0.9837918400298082,15842,24,498
Homo_sapiens,Gorilla_gorilla,same-family,4,0,4,437,430,7,1,0,16540,92.98039676018313,0.9695226438188494,0.998487331400479,0.9837918400298082,15842,24,498
Homo_sapiens,Gorilla_gorilla,same-family,5,0,1,546,532,14,3,1,16450,93.3722851746931,0.9697211155378486,0.9969124133585381,0.9831287867018798,15821,49,494
Homo_sapiens,Gorilla_gorilla,same-family,5,0,2,546,543,3,0,0,16447,93.46671388101983,0.9695726705032448,0.9981092834184155,0.98363404863203,15837,30,497
Homo_sapiens,Gorilla_gorilla,same-family,5,0,3,546,546,0,0,0,16447,93.46671388101983,0.9695726705032448,0.9981092834184155,0.98363404863203,15837,30,497
Homo_sapiens,Gorilla_gorilla,same-family,5,0,4,546,546,0,0,0,16447,93.46671388101983,0.9695726705032448,0.9981092834184155,0.98363404863203,15837,30,497
Homo_sapiens,Gorilla_gorilla,same-family,5,1,1,546,528,18,3,1,16451,93.34867799811143,0.969773145309626,0.9965975678911222,0.983002392716199,15817,54,493
Homo_sapiens,Gorilla_gorilla,same-family,5,1,2,546,543,3,0,0,16446,93.53753541076487,0.9695356946228666,0.9989285264086726,0.9840126656939745,15849,17,498
Homo_sapiens,Gorilla_gorilla,same-family,5,1,3,546,546,0,0,0,16446,93.53753541076487,0.9695356946228666,0.9989285264086726,0.9840126656939745,15849,17,498
Homo_sapiens,Gorilla_gorilla,same-family,5,1,4,546,546,0,0,0,16446,93.53753541076487,0.9695356946228666,0.9989285264086726,0.9840126656939745,15849,17,498
Homo_sapiens,Saimiri_boliviensis,same-order,1,1,1,110,23,87,38,4,16539,75.55232558139535,0.9515963678968952,0.8219481340923466,0.8820335301703659,12995,2815,661
Homo_sapiens,Saimiri_boliviensis,same-order,1,1,2,110,45,65,29,0,16528,75.85625399779032,0.9512177337027855,0.8255284141247944,0.8839273614310883,13045,2757,669
Homo_sapiens,Saimiri_boliviensis,same-order,1,1,3,110,45,65,29,0,16528,75.85625399779032,0.9512177337027855,0.8255284141247944,0.8839273614310883,13045,2757,669
Homo_sapiens,Gorilla_gorilla,same-family,5,2,1,546,521,25,4,1,16454,93.37935917861569,0.9697879642113004,0.9971016319072522,0.9832551492745969,15825,46,493
Homo_sapiens,Gorilla_gorilla,same-family,5,2,2,546,542,4,0,0,16450,93.49775784753363,0.9695301027900147,0.9987394428337325,0.9839180378764358,15846,20,498
Homo_sapiens,Gorilla_gorilla,same-family,5,2,3,546,543,3,0,0,16450,93.49775784753363,0.9695301027900147,0.9987394428337325,0.9839180378764358,15846,20,498
Homo_sapiens,Gorilla_gorilla,same-family,5,2,4,546,543,3,0,0,16450,93.49775784753363,0.9695301027900147,0.9987394428337325,0.9839180378764358,15846,20,498
Homo_sapiens,Gorilla_gorilla,same-family,7,1,1,764,736,28,3,1,16451,93.4903210576015,0.9698175584670014,0.9981097599395123,0.9837602856699271,15841,30,493
Homo_sapiens,Gorilla_gorilla,same-family,7,1,2,764,763,1,0,0,16446,93.60245514636449,0.9695561804621592,0.9996218328501197,0.9843594836146972,15860,6,498
Homo_sapiens,Gorilla_gorilla,same-family,7,1,3,764,763,1,0,0,16446,93.60245514636449,0.9695561804621592,0.9996218328501197,0.9843594836146972,15860,6,498
Homo_sapiens,Gorilla_gorilla,same-family,6,1,1,655,634,21,4,0,16541,93.06134429116524,0.9697803878387472,0.9989287964713296,0.9841388087034796,15853,17,494
Homo_sapiens,Gorilla_gorilla,same-family,6,1,2,655,650,5,0,0,16529,93.15792564750103,0.969559902200489,0.9997478885667465,0.984422515980885,15862,4,498
Homo_sapiens,Gorilla_gorilla,same-family,6,1,3,655,654,1,0,0,16529,93.15792564750103,0.969559902200489,0.9997478885667465,0.984422515980885,15862,4,498
Homo_sapiens,Gorilla_gorilla,same-family,6,1,4,655,654,1,0,0,16529,93.15792564750103,0.969559902200489,0.9997478885667465,0.984422515980885,15862,4,498
Homo_sapiens,Gorilla_gorilla,same-family,6,2,1,655,632,23,4,0,16542,92.9674200176108,0.9698101653398653,0.9978577279314473,0.9836340486320302,15837,34,493
Homo_sapiens,Gorilla_gorilla,same-family,6,2,2,655,646,9,0,0,16532,93.13523988490222,0.9696154551568136,0.9995588327976302,0.984359483614697,15860,7,497
Homo_sapiens,Gorilla_gorilla,same-family,6,2,3,655,650,5,0,0,16531,93.14070941977918,0.9696154551568136,0.9995588327976302,0.984359483614697,15860,7,497
Homo_sapiens,Gorilla_gorilla,same-family,6,2,4,655,650,5,0,0,16531,93.14070941977918,0.9696154551568136,0.9995588327976302,0.984359483614697,15860,7,497
Homo_sapiens,Saimiri_boliviensis,same-order,1,0,1,110,32,78,41,3,16522,75.71578212290503,0.951583412564909,0.823012208235815,0.8826402550708907,13011,2798,662
Homo_sapiens,Saimiri_boliviensis,same-order,1,0,2,110,58,52,33,0,16507,76.42640894271076,0.9515076833864888,0.8307176306796608,0.8870193932022434,13127,2675,669
Homo_sapiens,Saimiri_boliviensis,same-order,1,0,3,110,61,49,32,0,16505,76.66511411271541,0.9515138377050365,0.8334177215189873,0.8885589932183946,13168,2632,671
Homo_sapiens,Saimiri_boliviensis,same-order,1,0,4,110,62,48,31,0,16504,76.78602620087337,0.9515838083555812,0.8346835443037974,0.8893084729761624,13188,2612,671
Homo_sapiens,Saimiri_boliviensis,same-order,1,0,5,110,62,48,31,0,16504,76.78602620087337,0.9515838083555812,0.8346835443037974,0.8893084729761624,13188,2612,671
Homo_sapiens,Gorilla_gorilla,same-family,7,2,1,764,744,20,4,0,16540,93.10911545459881,0.9696210268948655,0.9997479044557888,0.9844540292301487,15863,4,497
Homo_sapiens,Gorilla_gorilla,same-family,7,2,2,764,758,6,3,0,16530,93.15832746065304,0.9695617627284396,0.9998109164250599,0.9844540292301487,15863,3,498
Homo_sapiens,Gorilla_gorilla,same-family,7,2,3,764,760,4,2,0,16530,93.15832746065304,0.9695617627284396,0.9998109164250599,0.9844540292301487,15863,3,498
Homo_sapiens,Gorilla_gorilla,same-family,7,2,4,764,760,4,2,0,16530,93.15832746065304,0.9695617627284396,0.9998109164250599,0.9844540292301487,15863,3,498
Homo_sapiens,Saimiri_boliviensis,same-order,1,2,1,110,36,74,40,3,16519,74.67116750087301,0.9508634106573779,0.8116143724696356,0.8757380294187912,12830,2978,663
Homo_sapiens,Saimiri_boliviensis,same-order,1,2,2,110,53,57,34,0,16502,75.25773195876289,0.9509125699146306,0.817577828397874,0.8792188350571583,12921,2883,667
Homo_sapiens,Saimiri_boliviensis,same-order,1,2,3,110,55,55,32,0,16502,75.32762537130876,0.9509558823529412,0.8183371298405467,0.8796762345259149,12933,2871,667
Homo_sapiens,Saimiri_boliviensis,same-order,1,2,4,110,55,55,32,0,16502,75.37422097967267,0.9509847148736038,0.8188433308023285,0.8799809601523189,12941,2863,667
Homo_sapiens,Saimiri_boliviensis,same-order,1,2,5,110,55,55,32,0,16502,75.37422097967267,0.9509847148736038,0.8188433308023285,0.8799809601523189,12941,2863,667
Homo_sapiens,Gorilla_gorilla,same-family,6,0,1,655,644,11,4,0,16541,93.07895509245671,0.9697859327217125,0.9991178323881538,0.9842333954065798,15856,14,494
Homo_sapiens,Gorilla_gorilla,same-family,6,0,2,655,652,3,2,0,16538,93.12632073256633,0.9695654831021207,0.9999369721416866,0.9845170498619256,15865,1,498
Homo_sapiens,Gorilla_gorilla,same-family,6,0,3,655,653,2,0,0,16529,93.17554472308686,0.9695654831021207,0.9999369721416866,0.9845170498619256,15865,1,498
Homo_sapiens,Gorilla_gorilla,same-family,6,0,4,655,654,1,0,0,16529,93.17554472308686,0.9695654831021207,0.9999369721416866,0.9845170498619256,15865,1,498
Homo_sapiens,Gorilla_gorilla,same-family,6,0,5,655,654,1,0,0,16529,93.17554472308686,0.9695654831021207,0.9999369721416866,0.9845170498619256,15865,1,498
Homo_sapiens,Gorilla_gorilla,same-family,8,0,1,873,846,27,3,1,16448,93.54895827185268,0.9697155093300703,0.9988026970823618,0.9840442043831875,15850,19,495
Homo_sapiens,Gorilla_gorilla,same-family,8,0,2,873,868,5,0,0,16446,93.6319641170916,0.9695654831021207,0.9999369721416866,0.9845170498619256,15865,1,498
Homo_sapiens,Gorilla_gorilla,same-family,8,0,3,873,873,0,0,0,16446,93.6319641170916,0.9695654831021207,0.9999369721416866,0.9845170498619256,15865,1,498
Homo_sapiens,Gorilla_gorilla,same-family,8,0,4,873,873,0,0,0,16446,93.6319641170916,0.9695654831021207,0.9999369721416866,0.9845170498619256,15865,1,498
Homo_sapiens,Gorilla_gorilla,same-family,8,1,1,873,845,28,4,0,16539,93.07895509245671,0.9696673189823874,0.999243761028485,0.9842333954065798,15856,12,496
Homo_sapiens,Gorilla_gorilla,same-family,8,1,2,873,859,14,2,1,16446,93.59655335221908,0.9695543192516966,0.9995588049918064,0.9843279644974087,15859,7,498
Homo_sapiens,Gorilla_gorilla,same-family,8,1,3,873,870,3,0,0,16446,93.59655335221908,0.9695543192516966,0.9995588049918064,0.9843279644974087,15859,7,498
Homo_sapiens,Gorilla_gorilla,same-family,8,1,4,873,870,3,0,0,16446,93.59655335221908,0.9695543192516966,0.9995588049918064,0.9843279644974087,15859,7,498
Homo_sapiens,Gorilla_gorilla,same-family,8,2,1,873,850,23,3,1,16449,93.584371126719,0.9697859327217125,0.9991178323881538,0.9842333954065798,15856,14,494
Homo_sapiens,Gorilla_gorilla,same-family,8,2,2,873,869,4,0,0,16446,93.6319641170916,0.9695654831021207,0.9999369721416866,0.9845170498619256,15865,1,498
Homo_sapiens,Gorilla_gorilla,same-family,8,2,3,873,871,2,0,0,16446,93.6319641170916,0.9695654831021207,0.9999369721416866,0.9845170498619256,15865,1,498
Homo_sapiens,Gorilla_gorilla,same-family,8,2,4,873,871,2,0,0,16446,93.6319641170916,0.9695654831021207,0.9999369721416866,0.9845170498619256,15865,1,498
Homo_sapiens,Gorilla_gorilla,same-family,7,0,1,764,743,21,3,0,16541,92.98544259215778,0.9696988246816847,0.9982355535950596,0.9837602856699271,15841,28,495
Homo_sapiens,Gorilla_gorilla,same-family,7,0,2,764,754,10,2,0,16538,93.11458088753228,0.9695617627284396,0.9998109164250599,0.9844540292301487,15863,3,498
Homo_sapiens,Gorilla_gorilla,same-family,7,0,3,764,760,4,2,0,16529,93.1637986726963,0.9695617627284396,0.9998109164250599,0.9844540292301487,15863,3,498
Homo_sapiens,Gorilla_gorilla,same-family,7,0,4,764,761,3,2,0,16529,93.1637986726963,0.9695617627284396,0.9998109164250599,0.9844540292301487,15863,3,498
Homo_sapiens,Gorilla_gorilla,same-family,7,0,5,764,761,3,2,0,16529,93.1637986726963,0.9695617627284396,0.9998109164250599,0.9844540292301487,15863,3,498
Homo_sapiens,Saimiri_boliviensis,same-order,2,0,1,220,76,144,38,7,16458,80.73940171438568,0.9524661209327921,0.8774397972116603,0.9134149157238511,13846,1934,691
Homo_sapiens,Saimiri_boliviensis,same-order,2,0,2,220,162,58,18,0,16441,82.54477568403243,0.9528587783689138,0.8971530023460782,0.9241672109732201,14149,1622,700
Homo_sapiens,Saimiri_boliviensis,same-order,2,0,3,220,170,50,15,0,16437,82.96382730455076,0.9528915097500502,0.9018264840182648,0.9266560229383205,14220,1548,703
Homo_sapiens,Saimiri_boliviensis,same-order,2,0,4,220,173,47,14,0,16437,82.99299883313886,0.9529072883172561,0.9021435819381025,0.9268308574407088,14225,1543,703
Homo_sapiens,Saimiri_boliviensis,same-order,2,0,5,220,173,47,14,0,16437,82.99299883313886,0.9529072883172561,0.9021435819381025,0.9268308574407088,14225,1543,703
Homo_sapiens,Saimiri_boliviensis,same-order,2,2,1,220,68,152,37,11,16436,81.62943955210824,0.9516589611096002,0.8881345177664974,0.9188000525141132,13997,1763,711
Homo_sapiens,Saimiri_boliviensis,same-order,2,2,2,220,173,47,17,0,16410,83.0503529960908,0.9512798235647931,0.9042053106339728,0.9271454160560169,14234,1508,729
Homo_sapiens,Saimiri_boliviensis,same-order,2,2,3,220,181,39,13,0,16401,83.33819667347534,0.9511122951911549,0.9074156446590836,0.928750284543592,14280,1457,734
Homo_sapiens,Saimiri_boliviensis,same-order,2,2,4,220,181,39,13,0,16401,83.33819667347534,0.9511122951911549,0.9074156446590836,0.928750284543592,14280,1457,734
Homo_sapiens,Saimiri_boliviensis,same-order,2,1,1,220,56,164,37,8,16446,82.042602859644,0.9532786329422933,0.8907616271701939,0.9209603983098038,14058,1724,689
Homo_sapiens,Saimiri_boliviensis,same-order,2,1,2,220,161,59,18,1,16414,84.16350364963503,0.9529886273472626,0.9145304568527919,0.9333635539437897,14413,1347,711
Homo_sapiens,Saimiri_boliviensis,same-order,2,1,3,220,178,42,15,0,16411,84.4545666900257,0.9530148270181219,0.9177560604137581,0.9350531794523648,14462,1296,713
Homo_sapiens,Saimiri_boliviensis,same-order,2,1,4,220,181,39,13,0,16410,84.54800280308339,0.9530015797788309,0.9188297264707749,0.9356037351772271,14478,1279,714
Homo_sapiens,Saimiri_boliviensis,same-order,2,1,5,220,181,39,13,0,16410,84.54800280308339,0.9530015797788309,0.9188297264707749,0.9356037351772271,14478,1279,714
Homo_sapiens,Saimiri_boliviensis,same-order,4,0,1,440,147,293,27,10,16367,86.51192703461179,0.9525556843053946,0.9404474386678531,0.9464628374056543,14797,937,737
Homo_sapiens,Saimiri_boliviensis,same-order,4,0,2,440,364,76,4,0,16339,87.40125226754053,0.9521866632666072,0.9500667896444247,0.9511255452606108,14936,785,750
Homo_sapiens,Saimiri_boliviensis,same-order,4,0,3,440,364,76,4,0,16339,87.40125226754053,0.9521866632666072,0.9500667896444247,0.9511255452606108,14936,785,750
Homo_sapiens,Saimiri_boliviensis,same-order,3,0,1,330,89,241,36,12,16428,84.09687773562882,0.9532314612687702,0.9141080943922862,0.9332599332923156,14410,1354,707
Homo_sapiens,Saimiri_boliviensis,same-order,3,0,2,330,259,71,13,0,16421,85.54920042021712,0.9536139483442847,0.9301941870795786,0.9417584888689003,14658,1100,713
Homo_sapiens,Saimiri_boliviensis,same-order,3,0,3,330,263,67,11,0,16418,85.69427420766941,0.9535623822822628,0.9318354912414318,0.9425737489166373,14682,1074,715
Homo_sapiens,Saimiri_boliviensis,same-order,3,0,4,330,263,67,11,0,16418,85.69427420766941,0.9535623822822628,0.9318354912414318,0.9425737489166373,14682,1074,715
Homo_sapiens,Saimiri_boliviensis,same-order,3,1,1,330,106,224,36,13,16401,84.35473505871356,0.9527548663807325,0.9164709615994923,0.9342607570365579,14439,1316,716
Homo_sapiens,Saimiri_boliviensis,same-order,3,1,2,330,267,63,15,0,16381,85.3518821603928,0.9525735533955249,0.927464430894309,0.9398513178643839,14602,1142,727
Homo_sapiens,Saimiri_boliviensis,same-order,3,1,3,330,274,56,13,0,16375,85.64579313570718,0.9526534859521332,0.9304452772660865,0.9414184260419679,14648,1095,728
Homo_sapiens,Saimiri_boliviensis,same-order,3,1,4,330,278,52,12,0,16375,85.64579313570718,0.9526534859521332,0.9304452772660865,0.9414184260419679,14648,1095,728
Homo_sapiens,Saimiri_boliviensis,same-order,3,1,5,330,278,52,12,0,16375,85.64579313570718,0.9526534859521332,0.9304452772660865,0.9414184260419679,14648,1095,728
Homo_sapiens,Saimiri_boliviensis,same-order,5,2,1,550,181,369,23,13,16275,91.07593081207857,0.9521853736283945,0.9899305334268051,0.9706911636045494,15533,158,780
Homo_sapiens,Saimiri_boliviensis,same-order,5,2,2,550,532,18,2,0,16258,91.59481494515808,0.9517888706040105,0.9959183673469387,0.9733536946426902,15616,64,791
Homo_sapiens,Saimiri_boliviensis,same-order,5,2,3,550,532,18,2,0,16258,91.59481494515808,0.9517888706040105,0.9959183673469387,0.9733536946426902,15616,64,791
Homo_sapiens,Saimiri_boliviensis,same-order,3,2,1,330,104,226,33,8,16459,82.18012241329059,0.9529539002298228,0.8936925515055467,0.9223723379894664,14098,1677,696
Homo_sapiens,Saimiri_boliviensis,same-order,3,2,2,330,238,92,17,0,16432,83.28083070820207,0.9526224476177766,0.9057800900958061,0.9286109213907048,14276,1485,710
Homo_sapiens,Saimiri_boliviensis,same-order,3,2,3,330,245,85,15,0,16423,83.72432306255835,0.9526560424966799,0.9104581799720777,0.9310792394055422,14347,1411,713
Homo_sapiens,Saimiri_boliviensis,same-order,3,2,4,330,249,81,12,0,16420,84.0219421101774,0.9526267037184067,0.9138686131386862,0.9328452492792121,14398,1357,716
Homo_sapiens,Saimiri_boliviensis,same-order,3,2,5,330,249,81,12,0,16420,84.0219421101774,0.9526267037184067,0.9138686131386862,0.9328452492792121,14398,1357,716
Homo_sapiens,Saimiri_boliviensis,same-order,4,2,1,440,137,303,29,16,16360,88.10122143650284,0.9525464425628712,0.958969465648855,0.9557471628732644,15075,645,751
Homo_sapiens,Saimiri_boliviensis,same-order,4,2,2,440,403,37,4,0,16337,89.121534682419,0.9524345271579474,0.96995544239338,0.9611151408117569,15238,472,761
Homo_sapiens,Saimiri_boliviensis,same-order,4,2,3,440,404,36,3,0,16337,89.121534682419,0.9524345271579474,0.96995544239338,0.9611151408117569,15238,472,761
Homo_sapiens,Saimiri_boliviensis,same-order,4,2,4,440,404,36,3,0,16337,89.121534682419,0.9524345271579474,0.96995544239338,0.9611151408117569,15238,472,761
Homo_sapiens,Saimiri_boliviensis,same-order,4,1,1,440,128,312,27,13,16365,86.65340975552697,0.9528587047398547,0.9414156817892998,0.9471026304855051,14816,922,733
Homo_sapiens,Saimiri_boliviensis,same-order,4,1,2,440,361,79,4,0,16343,87.56804214223003,0.9527478825702095,0.9511729925615106,0.9519597862051412,14961,768,742
Homo_sapiens,Saimiri_boliviensis,same-order,4,1,3,440,363,77,4,0,16343,87.73192859233245,0.9528319877948,0.9529531438743721,0.9528925619834709,14989,740,742
Homo_sapiens,Saimiri_boliviensis,same-order,4,1,4,440,365,75,4,0,16343,87.73778167983612,0.952834986015764,0.9530167207069744,0.9529258446966086,14990,739,742
Homo_sapiens,Saimiri_boliviensis,same-order,4,1,5,440,365,75,4,0,16343,87.73778167983612,0.952834986015764,0.9530167207069744,0.9529258446966086,14990,739,742
Homo_sapiens,Saimiri_boliviensis,same-order,6,2,1,659,187,472,23,14,16280,91.26281863463228,0.9520141817959533,0.9928598750478134,0.9720081135902637,15574,112,785
Homo_sapiens,Saimiri_boliviensis,same-order,6,2,2,659,640,19,2,0,16259,91.6036352975667,0.9515195809732627,0.9966826156299841,0.9735776157537235,15623,52,796
Homo_sapiens,Saimiri_boliviensis,same-order,6,2,3,659,640,19,2,0,16259,91.6036352975667,0.9515195809732627,0.9966826156299841,0.9735776157537235,15623,52,796
Homo_sapiens,Saimiri_boliviensis,same-order,6,1,1,659,192,467,20,13,16266,91.05195262108596,0.9517038489825937,0.9901166868583817,0.9705303290727836,15528,155,788
Homo_sapiens,Saimiri_boliviensis,same-order,6,1,2,659,638,21,2,0,16251,91.60605349601126,0.9514438893627392,0.9963634043639148,0.9733856893542758,15617,57,797
Homo_sapiens,Saimiri_boliviensis,same-order,6,1,3,659,641,18,1,0,16251,91.69990614734866,0.9514911746804625,0.9973842031389563,0.9738973336655868,15633,41,797
Homo_sapiens,Saimiri_boliviensis,same-order,6,1,4,659,641,18,1,0,16251,91.69990614734866,0.9514911746804625,0.9973842031389563,0.9738973336655868,15633,41,797
Homo_sapiens,Saimiri_boliviensis,same-order,7,2,1,769,239,530,23,13,16307,90.5592972181552,0.95268313720658,0.9847162962491244,0.9684348969750111,15463,240,768
Homo_sapiens,Saimiri_boliviensis,same-order,7,2,2,769,739,30,1,0,16291,90.89524255917506,0.9523049536553926,0.9885306486555372,0.9700797248710333,15514,180,777
Homo_sapiens,Saimiri_boliviensis,same-order,7,2,3,769,739,30,1,0,16291,90.89524255917506,0.9523049536553926,0.9885306486555372,0.9700797248710333,15514,180,777
Homo_sapiens,Saimiri_boliviensis,same-order,6,0,1,659,186,473,24,14,16320,89.95551393116367,0.9526407141086041,0.9784172661870504,0.9653569521655831,15368,339,764
Homo_sapiens,Saimiri_boliviensis,same-order,6,0,2,659,620,39,4,0,16293,90.63323765450178,0.952123076923077,0.985917287962786,0.9687255423723509,15472,221,778
Homo_sapiens,Saimiri_boliviensis,same-order,6,0,3,659,622,37,2,0,16291,90.72587732145996,0.9521642892277422,0.9868094054674058,0.9691773320399287,15486,207,778
Homo_sapiens,Saimiri_boliviensis,same-order,6,0,4,659,622,37,2,0,16291,90.72587732145996,0.9521642892277422,0.9868094054674058,0.9691773320399287,15486,207,778
Homo_sapiens,Saimiri_boliviensis,same-order,7,0,1,769,219,550,21,13,16274,91.32856472795497,0.9521975670884528,0.9928612403594875,0.9721043434847728,15577,112,782
Homo_sapiens,Saimiri_boliviensis,same-order,7,0,2,769,746,23,1,0,16253,91.78837468473225,0.9515962298570995,0.998341307814992,0.9744084682440847,15649,26,796
Homo_sapiens,Saimiri_boliviensis,same-order,7,0,3,769,746,23,1,0,16252,91.79375879868606,0.9515962298570995,0.998341307814992,0.9744084682440847,15649,26,796
Homo_sapiens,Saimiri_boliviensis,same-order,7,0,4,769,746,23,1,0,16252,91.79375879868606,0.9515962298570995,0.998341307814992,0.9744084682440847,15649,26,796
Homo_sapiens,Saimiri_boliviensis,same-order,8,0,1,879,263,616,19,12,16266,91.68572266197596,0.9519663947400463,0.9971304680525443,0.9740251650678958,15637,45,789
Homo_sapiens,Saimiri_boliviensis,same-order,8,0,2,879,855,24,1,0,16251,91.88126943157154,0.9516374020292849,0.9992344497607656,0.974855293458642,15663,12,796
Homo_sapiens,Saimiri_boliviensis,same-order,8,0,3,879,855,24,1,0,16251,91.88126943157154,0.9516374020292849,0.9992344497607656,0.974855293458642,15663,12,796
Homo_sapiens,Saimiri_sciureus,same-order,1,1,1,110,36,74,39,2,16550,74.6180212629989,0.9509143407122232,0.8123458351780406,0.8761852786683948,12844,2967,663
Homo_sapiens,Saimiri_sciureus,same-order,1,1,2,110,56,54,29,0,16534,75.56356030676272,0.9504530838935984,0.8233730058242593,0.8823609226594301,13006,2790,678
Homo_sapiens,Saimiri_sciureus,same-order,1,1,3,110,57,53,28,0,16533,75.63186334321074,0.9504928806133626,0.8240693846543429,0.8827777966159166,13017,2779,678
Homo_sapiens,Saimiri_sciureus,same-order,1,1,4,110,57,53,28,0,16533,75.63186334321074,0.9504928806133626,0.8240693846543429,0.8827777966159166,13017,2779,678
Homo_sapiens,Saimiri_boliviensis,same-order,7,1,1,769,239,530,21,12,16271,91.27630884680777,0.9519413023540202,0.9926043991074275,0.9718476903870161,15569,116,786
Homo_sapiens,Saimiri_boliviensis,same-order,7,1,2,769,754,15,1,0,16251,91.86414828718911,0.9515737027585369,0.9991706009952788,0.974791485123864,15661,13,797
Homo_sapiens,Saimiri_boliviensis,same-order,7,1,3,769,754,15,1,0,16250,91.86953716196398,0.9515737027585369,0.9991706009952788,0.974791485123864,15661,13,797
Homo_sapiens,Saimiri_boliviensis,same-order,7,1,4,769,754,15,1,0,16250,91.86953716196398,0.9515737027585369,0.9991706009952788,0.974791485123864,15661,13,797
Homo_sapiens,Saimiri_boliviensis,same-order,5,0,1,550,164,386,21,12,16341,88.19261599672342,0.9526006446312331,0.958781248012213,0.9556809535886381,15073,648,750
Homo_sapiens,Saimiri_boliviensis,same-order,5,0,2,550,483,67,4,0,16321,89.04502605538966,0.9525241137417011,0.967861006809648,0.9601313172764291,15208,505,758
Homo_sapiens,Saimiri_boliviensis,same-order,5,0,3,550,488,62,2,0,16321,89.26752151765326,0.9526368407898026,0.9702793864952587,0.9613771794305893,15246,467,758
Homo_sapiens,Saimiri_boliviensis,same-order,5,0,4,550,489,61,2,0,16321,89.33192809883482,0.9526693724633156,0.9709794437726723,0.9617372667675239,15257,456,758
Homo_sapiens,Saimiri_boliviensis,same-order,5,0,5,550,491,59,2,0,16318,89.45888966971188,0.9527254584008981,0.9721886336154776,0.9623586480612342,15276,437,758
Homo_sapiens,Saimiri_boliviensis,same-order,5,0,6,550,493,57,2,0,16318,89.54673225579761,0.9527696429684093,0.9731432571755871,0.9628486871103835,15291,422,758
Homo_sapiens,Saimiri_boliviensis,same-order,5,1,1,550,176,374,27,13,16346,88.70496022461394,0.9528746465598492,0.9646332930475161,0.9587179162978885,15165,556,750
Homo_sapiens,Saimiri_boliviensis,same-order,5,1,2,550,482,68,4,0,16327,89.55066697870349,0.9523987306328169,0.9745320259773335,0.9633382635239324,15306,400,765
Homo_sapiens,Saimiri_boliviensis,same-order,5,1,3,550,487,63,3,0,16318,90.11297781420126,0.952657961507519,0.9801349802623202,0.9662011611485957,15394,312,765
Homo_sapiens,Saimiri_boliviensis,same-order,5,1,4,550,495,55,2,0,16316,90.16566176901013,0.9525664811379098,0.9808329088130413,0.9664930664491435,15403,301,767
Homo_sapiens,Saimiri_boliviensis,same-order,5,1,5,550,497,53,2,0,16314,90.29387659524646,0.9525691699604744,0.982232694389607,0.9671735381721273,15424,279,768
Homo_sapiens,Saimiri_boliviensis,same-order,5,1,6,550,500,50,2,0,16311,90.41569086651054,0.9525660004934616,0.9835052859508343,0.9677884314094127,15443,259,769
Homo_sapiens,Saimiri_sciureus,same-order,1,0,1,110,32,78,37,3,16528,75.71353833633668,0.9507299270072993,0.8244192670422179,0.8830807823994035,13025,2774,675
Homo_sapiens,Saimiri_sciureus,same-order,1,0,2,110,60,50,26,0,16520,76.49008548002558,0.9510519846721134,0.8326897512185858,0.8879438369110302,13154,2643,677
Homo_sapiens,Saimiri_sciureus,same-order,1,0,3,110,61,49,26,0,16520,76.60638483456417,0.9511226626236373,0.8339558143951383,0.8886940097139775,13174,2623,677
Homo_sapiens,Saimiri_sciureus,same-order,1,0,4,110,62,48,25,0,16517,76.70117482842852,0.9511720158672917,0.8348420586187251,0.8892185287573326,13188,2609,677
Homo_sapiens,Saimiri_sciureus,same-order,1,0,5,110,62,48,25,0,16517,76.70117482842852,0.9511720158672917,0.8348420586187251,0.8892185287573326,13188,2609,677
Homo_sapiens,Saimiri_boliviensis,same-order,8,1,1,879,289,590,20,13,16267,91.63295221342715,0.9519980506822612,0.9964930179174902,0.9737374996105798,15628,55,788
Homo_sapiens,Saimiri_boliviensis,same-order,8,1,2,879,857,22,2,0,16250,91.86367102716021,0.9515707601628486,0.9991068010718387,0.9747595779776539,15660,14,797
Homo_sapiens,Saimiri_boliviensis,same-order,8,1,3,879,857,22,2,0,16250,91.86367102716021,0.9515707601628486,0.9991068010718387,0.9747595779776539,15660,14,797
Homo_sapiens,Saimiri_sciureus,same-order,1,2,1,110,37,73,31,5,16506,77.33379863898098,0.95086891225059,0.842211946538291,0.8932482364796774,13296,2491,687
Homo_sapiens,Saimiri_sciureus,same-order,1,2,2,110,67,43,23,0,16498,77.57868404211996,0.9507343504919435,0.8448964075270861,0.8946962326814049,13335,2448,691
Homo_sapiens,Saimiri_sciureus,same-order,1,2,3,110,68,42,22,0,16498,77.66013147943453,0.9507834757834758,0.8457834378761959,0.8952151024377158,13349,2434,691
Homo_sapiens,Saimiri_sciureus,same-order,1,2,4,110,68,42,22,0,16498,77.66013147943453,0.9507834757834758,0.8457834378761959,0.8952151024377158,13349,2434,691
Homo_sapiens,Saimiri_sciureus,same-order,2,2,1,220,76,144,39,7,16437,80.3010853075038,0.9515314941575054,0.8725036454701072,0.9103055959783041,13762,2011,701
Homo_sapiens,Saimiri_sciureus,same-order,2,2,2,220,156,64,25,0,16427,81.47067405894369,0.9517316607581129,0.8854497018901434,0.917395018729053,13960,1806,708
Homo_sapiens,Saimiri_sciureus,same-order,2,2,3,220,160,60,22,0,16424,81.7332944266122,0.9516852405544985,0.8884730064074098,0.9189934052954493,14005,1758,711
Homo_sapiens,Saimiri_sciureus,same-order,2,2,4,220,160,60,22,0,16424,81.7332944266122,0.9516852405544985,0.8884730064074098,0.9189934052954493,14005,1758,711
Homo_sapiens,Saimiri_boliviensis,same-order,8,2,1,879,268,611,23,14,16267,91.43359718557608,0.9518984251007203,0.9943250653573934,0.9726493060969905,15594,89,788
Homo_sapiens,Saimiri_boliviensis,same-order,8,2,2,879,852,27,2,0,16252,91.794240131386,0.9515413145254453,0.9984688018374378,0.9744403972479063,15650,24,797
Homo_sapiens,Saimiri_boliviensis,same-order,8,2,3,879,854,25,1,0,16251,91.83481933364618,0.9515589862031241,0.9988516013780784,0.974631929529679,15656,18,797
Homo_sapiens,Saimiri_boliviensis,same-order,8,2,4,879,854,25,1,0,16251,91.83481933364618,0.9515589862031241,0.9988516013780784,0.974631929529679,15656,18,797
Homo_sapiens,Saimiri_sciureus,same-order,2,0,1,220,80,140,41,9,16418,81.71421903261567,0.9510389786771696,0.8890370088237162,0.9189934052954494,14005,1748,721
Homo_sapiens,Saimiri_sciureus,same-order,2,0,2,220,170,50,21,0,16390,83.0764740221833,0.9505711041346604,0.9044743866785305,0.9269500081419964,14231,1503,740
Homo_sapiens,Saimiri_sciureus,same-order,2,0,3,220,171,49,21,0,16386,83.24769356533925,0.9506567980262719,0.906126859031397,0.9278578633952688,14257,1477,740
Homo_sapiens,Saimiri_sciureus,same-order,2,0,4,220,172,48,20,0,16386,83.26521079061077,0.9506666666666667,0.9063175289182662,0.927962517082059,14260,1474,740
Homo_sapiens,Saimiri_sciureus,same-order,2,0,5,220,172,48,20,0,16386,83.26521079061077,0.9506666666666667,0.9063175289182662,0.927962517082059,14260,1474,740
Homo_sapiens,Saimiri_sciureus,same-order,3,1,1,330,96,234,35,15,16377,85.67505988198867,0.9519636481661798,0.9320579636456082,0.9419056488647677,14665,1069,740
Homo_sapiens,Saimiri_sciureus,same-order,3,1,2,330,271,59,13,0,16363,86.32034126102963,0.9516814843448009,0.9394556092597304,0.9455290277155476,14772,952,750
Homo_sapiens,Saimiri_sciureus,same-order,3,1,3,330,271,59,13,0,16363,86.32034126102963,0.9516814843448009,0.9394556092597304,0.9455290277155476,14772,952,750
Homo_sapiens,Saimiri_sciureus,same-order,2,1,1,220,52,168,44,8,16486,78.69949935964605,0.9513053268594751,0.8566087948295527,0.9014770113026374,13519,2263,692
Homo_sapiens,Saimiri_sciureus,same-order,2,1,2,220,128,92,32,0,16454,80.01398438410442,0.9509695290858726,0.870988202460992,0.9092233331126266,13732,2034,708
Homo_sapiens,Saimiri_sciureus,same-order,2,1,3,220,142,78,25,0,16443,80.83333333333333,0.9508500137098985,0.8803071650694929,0.9142198055692865,13871,1886,717
Homo_sapiens,Saimiri_sciureus,same-order,2,1,4,220,143,77,24,0,16442,80.8974358974359,0.9508219178082192,0.881061183041381,0.9146132560284622,13882,1874,718
Homo_sapiens,Saimiri_sciureus,same-order,2,1,5,220,143,77,24,0,16442,80.8974358974359,0.9508219178082192,0.881061183041381,0.9146132560284622,13882,1874,718
Homo_sapiens,Saimiri_sciureus,same-order,3,0,1,330,88,242,36,15,16357,86.02408230067805,0.9514481510214636,0.9360172994975513,0.9436696482959828,14717,1006,751
Homo_sapiens,Saimiri_sciureus,same-order,3,0,2,330,279,51,9,0,16332,86.9420230503715,0.951286647036231,0.9457773817857825,0.9485240146800702,14861,852,761
Homo_sapiens,Saimiri_sciureus,same-order,3,0,3,330,280,50,9,0,16329,87.08243140466858,0.9511789890727842,0.9474856779121579,0.9493287413501706,14885,825,764
Homo_sapiens,Saimiri_sciureus,same-order,3,0,4,330,283,47,8,0,16329,87.15848592991283,0.9512195121951219,0.9483131763208148,0.9497641208721153,14898,812,764
Homo_sapiens,Saimiri_sciureus,same-order,3,0,5,330,283,47,8,0,16329,87.15848592991283,0.9512195121951219,0.9483131763208148,0.9497641208721153,14898,812,764
Homo_sapiens,Saimiri_sciureus,same-order,3,2,1,330,105,225,30,10,16411,86.22740524781341,0.9524054872158176,0.9398156974896728,0.9460687096155077,14788,947,739
Homo_sapiens,Saimiri_sciureus,same-order,3,2,2,330,279,51,8,0,16391,87.31186559327966,0.9522203842728082,0.9519175729822553,0.9520689545497916,14967,756,751
Homo_sapiens,Saimiri_sciureus,same-order,3,2,3,330,283,47,6,0,16386,87.48322343467352,0.9522962586546402,0.9535076003307257,0.9529015445242484,14992,731,751
Homo_sapiens,Saimiri_sciureus,same-order,3,2,4,330,283,47,6,0,16386,87.48322343467352,0.9522962586546402,0.9535076003307257,0.9529015445242484,14992,731,751
Homo_sapiens,Saimiri_sciureus,same-order,4,1,1,440,125,315,27,14,16303,89.91803278688525,0.9518438177874187,0.9784035165955278,0.9649409399346569,15358,339,777
Homo_sapiens,Saimiri_sciureus,same-order,4,1,2,440,421,19,3,0,16278,90.61401453011483,0.9514025590551181,0.9861004845702627,0.9684408265497809,15466,218,790
Homo_sapiens,Saimiri_sciureus,same-order,4,1,3,440,424,16,2,0,16276,90.69494902144615,0.9514384066879764,0.9868655955113491,0.9688282423635453,15478,206,790
Homo_sapiens,Saimiri_sciureus,same-order,4,1,4,440,424,16,2,0,16276,90.69494902144615,0.9514384066879764,0.9868655955113491,0.9688282423635453,15478,206,790
Homo_sapiens,Saimiri_sciureus,same-order,5,0,1,550,169,381,23,10,16295,90.37245256500351,0.951828779374576,0.9833683808067292,0.9673415658496834,15432,261,781
Homo_sapiens,Saimiri_sciureus,same-order,5,0,2,550,513,37,6,0,16273,91.42790179879299,0.951579460909867,0.9951530612244898,0.9728786083920444,15604,76,794
Homo_sapiens,Saimiri_sciureus,same-order,5,0,3,550,524,26,2,0,16269,91.5382361558746,0.9515136748492417,0.9963643321852277,0.9734226515033494,15621,57,796
Homo_sapiens,Saimiri_sciureus,same-order,5,0,4,550,524,26,2,0,16269,91.5382361558746,0.9515136748492417,0.9963643321852277,0.9734226515033494,15621,57,796
Homo_sapiens,Saimiri_sciureus,same-order,4,2,1,440,135,305,29,15,16329,88.45726320716082,0.9519012843112566,0.962444302991725,0.9571437614736975,15120,590,764
Homo_sapiens,Saimiri_sciureus,same-order,4,2,2,440,401,39,8,0,16317,89.09697430795342,0.951856946354883,0.9694345389709628,0.9605653353523882,15224,480,770
Homo_sapiens,Saimiri_sciureus,same-order,4,2,3,440,407,33,7,0,16317,89.29595598993387,0.9519590716246569,0.9715995924605196,0.9616790621454684,15258,446,770
Homo_sapiens,Saimiri_sciureus,same-order,4,2,4,440,408,32,6,0,16317,89.29595598993387,0.9519590716246569,0.9715995924605196,0.9616790621454684,15258,446,770
Homo_sapiens,Saimiri_sciureus,same-order,4,2,5,440,408,32,6,0,16317,89.29595598993387,0.9519590716246569,0.9715995924605196,0.9616790621454684,15258,446,770
Homo_sapiens,Saimiri_sciureus,same-order,6,0,1,659,187,472,21,13,16277,91.3438434038563,0.9519912044954801,0.9934982151963284,0.9723019338739862,15586,102,786
Homo_sapiens,Saimiri_sciureus,same-order,6,0,2,659,643,16,2,0,16257,91.72041749736132,0.9515177322221546,0.9977674299929834,0.9740939095777806,15642,35,797
Homo_sapiens,Saimiri_sciureus,same-order,6,0,3,659,646,13,1,0,16254,91.82452642073778,0.9515619302297313,0.9987242457102762,0.9745728424263171,15657,20,797
Homo_sapiens,Saimiri_sciureus,same-order,6,0,4,659,646,13,1,0,16254,91.82452642073778,0.9515619302297313,0.9987242457102762,0.9745728424263171,15657,20,797
Homo_sapiens,Saimiri_sciureus,same-order,5,1,1,550,171,379,25,13,16333,88.72382734822786,0.9519924694069658,0.9656884588452479,0.9587915560611806,15170,539,765
Homo_sapiens,Saimiri_sciureus,same-order,5,1,2,550,470,80,2,0,16319,89.55346169602622,0.9522090852520224,0.9742773462371068,0.9631168177240684,15302,404,768
Homo_sapiens,Saimiri_sciureus,same-order,5,1,3,550,474,76,1,0,16319,89.55346169602622,0.9522090852520224,0.9742773462371068,0.9631168177240684,15302,404,768
Homo_sapiens,Saimiri_sciureus,same-order,5,1,4,550,474,76,1,0,16319,89.55346169602622,0.9522090852520224,0.9742773462371068,0.9631168177240684,15302,404,768
Homo_sapiens,Saimiri_sciureus,same-order,7,1,1,769,246,523,25,15,16326,90.1749663526245,0.9528226055771966,0.9808414486665393,0.9666290302346003,15410,301,763
Homo_sapiens,Saimiri_sciureus,same-order,7,1,2,769,701,68,1,0,16305,90.50992330659797,0.9522049765952205,0.9848388329723532,0.9682470094570051,15460,238,776
Homo_sapiens,Saimiri_sciureus,same-order,7,1,3,769,701,68,1,0,16305,90.50992330659797,0.9522049765952205,0.9848388329723532,0.9682470094570051,15460,238,776
Homo_sapiens,Saimiri_sciureus,same-order,4,0,1,440,142,298,31,10,16362,86.88256269363418,0.9522680676576115,0.944942462966495,0.9485911223154738,14863,866,745
Homo_sapiens,Saimiri_sciureus,same-order,4,0,2,440,387,53,12,0,16339,88.23460616338225,0.9519273231972746,0.9603487780040734,0.9561195070177105,15089,623,762
Homo_sapiens,Saimiri_sciureus,same-order,4,0,3,440,392,48,9,0,16337,88.48020583591602,0.9519345706196918,0.9631444939528963,0.9575067236196804,15131,579,764
Homo_sapiens,Saimiri_sciureus,same-order,4,0,4,440,395,45,8,0,16336,88.6842105263158,0.9520371649193295,0.9653087205601528,0.9586270109674769,15165,545,764
Homo_sapiens,Saimiri_sciureus,same-order,4,0,5,440,398,42,7,0,16334,88.82456140350877,0.9519899717956753,0.9669595110771582,0.9594163534725074,15189,519,766
Homo_sapiens,Saimiri_sciureus,same-order,4,0,6,440,398,42,7,0,16334,88.82456140350877,0.9519899717956753,0.9669595110771582,0.9594163534725074,15189,519,766
Homo_sapiens,Saimiri_sciureus,same-order,8,0,1,879,263,616,20,14,16267,91.6339332825233,0.9518879415347138,0.9965570007651109,0.9737104410665338,15630,54,790
Homo_sapiens,Saimiri_sciureus,same-order,8,0,2,879,853,26,2,0,16254,91.82452642073778,0.9515619302297313,0.9987242457102762,0.9745728424263171,15657,20,797
Homo_sapiens,Saimiri_sciureus,same-order,8,0,3,879,853,26,2,0,16254,91.82452642073778,0.9515619302297313,0.9987242457102762,0.9745728424263171,15657,20,797
Homo_sapiens,Saimiri_sciureus,same-order,8,1,1,879,289,590,21,11,16267,91.52790806754221,0.951890243902439,0.9952821166719796,0.973102695963846,15611,74,789
Homo_sapiens,Saimiri_sciureus,same-order,8,1,2,879,855,24,2,0,16256,91.8538502140637,0.9516922889955642,0.9989157471777537,0.9747323873537466,15662,17,795
Homo_sapiens,Saimiri_sciureus,same-order,8,1,3,879,855,24,2,0,16256,91.8538502140637,0.9516922889955642,0.9989157471777537,0.9747323873537466,15662,17,795
Homo_sapiens,Aotus_azarai,same-order,1,0,1,111,25,86,36,6,16475,77.04052014396842,0.9464413065183284,0.8397241204758289,0.8898947227251391,13271,2533,751
Homo_sapiens,Aotus_azarai,same-order,1,0,2,111,67,44,28,0,16469,77.75068222725426,0.9466949452103217,0.8474780077210303,0.8943431510051425,13391,2410,754
Homo_sapiens,Aotus_azarai,same-order,1,0,3,111,70,41,25,0,16469,77.98873599256808,0.9468490060623149,0.8500727802037845,0.8958548704438588,13432,2369,754
Homo_sapiens,Aotus_azarai,same-order,1,0,4,111,70,41,25,0,16469,77.98873599256808,0.9468490060623149,0.8500727802037845,0.8958548704438588,13432,2369,754
Homo_sapiens,Saimiri_sciureus,same-order,5,2,1,550,162,388,27,13,16348,88.14273179292191,0.9527663610496364,0.9580975392636867,0.9554245133472831,15068,659,747
Homo_sapiens,Saimiri_sciureus,same-order,5,2,2,550,484,66,4,0,16327,89.19646514894364,0.9525029685644647,0.9698994527173221,0.9611224972410531,15241,473,760
Homo_sapiens,Saimiri_sciureus,same-order,5,2,3,550,487,63,2,0,16321,89.47152806226956,0.9522860346331132,0.9732620320855615,0.9626597821295889,15288,420,766
Homo_sapiens,Saimiri_sciureus,same-order,5,2,4,550,489,61,2,0,16318,89.63357527511121,0.9523602214068039,0.9748535777947542,0.9634756346934281,15313,395,766
Homo_sapiens,Saimiri_sciureus,same-order,5,2,5,550,491,59,2,0,16318,89.76235073753219,0.9524253151978138,0.9762541380188439,0.9641925241283913,15335,373,766
Homo_sapiens,Saimiri_sciureus,same-order,5,2,6,550,494,56,2,0,16315,89.86185904940295,0.9522982445257738,0.9775230818210761,0.9647458053164079,15352,353,769
Homo_sapiens,Saimiri_sciureus,same-order,6,2,1,659,201,458,25,14,16340,89.2671228870562,0.9527436169548661,0.9710504549214226,0.9618099319384925,15262,455,757
Homo_sapiens,Saimiri_sciureus,same-order,6,2,2,659,592,67,3,0,16310,90.10828211881767,0.9520717377860235,0.9806357092808459,0.9661426464589412,15395,304,775
Homo_sapiens,Saimiri_sciureus,same-order,6,2,3,659,602,57,2,0,16307,90.29973071068962,0.9521604938271605,0.9825466590228678,0.9671149565817111,15425,274,775
Homo_sapiens,Saimiri_sciureus,same-order,6,2,4,659,605,54,1,0,16307,90.29973071068962,0.9521604938271605,0.9825466590228678,0.9671149565817111,15425,274,775
Homo_sapiens,Saimiri_sciureus,same-order,6,2,5,659,605,54,1,0,16307,90.29973071068962,0.9521604938271605,0.9825466590228678,0.9671149565817111,15425,274,775
Homo_sapiens,Aotus_azarai,same-order,1,2,1,111,30,81,38,3,16529,75.5327773917072,0.9463793353649688,0.8246712190187152,0.8813433340090546,13043,2773,739
Homo_sapiens,Aotus_azarai,same-order,1,2,2,111,56,55,28,0,16515,76.59907300115874,0.946656164972075,0.8362428842504744,0.8880306286942503,13221,2589,745
Homo_sapiens,Aotus_azarai,same-order,1,2,3,111,57,54,27,0,16511,76.68057487250812,0.946698146955713,0.8369386464263124,0.8884412663242355,13232,2578,745
Homo_sapiens,Aotus_azarai,same-order,1,2,4,111,57,54,27,0,16511,76.68057487250812,0.946698146955713,0.8369386464263124,0.8884412663242355,13232,2578,745
Homo_sapiens,Aotus_azarai,same-order,1,1,1,111,29,82,34,3,16531,74.86823052418187,0.9462664714494875,0.8170153593325327,0.876903768528883,12926,2895,734
Homo_sapiens,Aotus_azarai,same-order,1,1,2,111,50,61,29,1,16518,75.60424274039298,0.9466579577618115,0.8245259165613148,0.881381127740802,13044,2776,735
Homo_sapiens,Aotus_azarai,same-order,1,1,3,111,55,56,27,0,16518,75.7433489827856,0.9467507063681808,0.8260429835651074,0.8822874118083921,13068,2752,735
Homo_sapiens,Aotus_azarai,same-order,1,1,4,111,55,56,27,0,16518,75.7433489827856,0.9467507063681808,0.8260429835651074,0.8822874118083921,13068,2752,735
Homo_sapiens,Saimiri_sciureus,same-order,7,0,1,769,245,524,20,12,16270,91.22889305816135,0.9519148415514499,0.9918408975012749,0.9714678154460886,15560,128,786
Homo_sapiens,Saimiri_sciureus,same-order,7,0,2,769,738,31,2,0,16255,91.57771260997067,0.9515509781217625,0.9958543274443523,0.9731987035651957,15614,65,795
Homo_sapiens,Saimiri_sciureus,same-order,7,0,3,769,740,29,2,0,16254,91.72434017595307,0.9515667782172194,0.9975124378109452,0.9739980693177218,15639,39,796
Homo_sapiens,Saimiri_sciureus,same-order,7,0,4,769,742,27,1,0,16254,91.78885630498533,0.9515991730511979,0.9982140579155504,0.9743493960901507,15650,28,796
Homo_sapiens,Saimiri_sciureus,same-order,7,0,5,769,742,27,1,0,16254,91.78885630498533,0.9515991730511979,0.9982140579155504,0.9743493960901507,15650,28,796
Homo_sapiens,Saimiri_sciureus,same-order,6,1,1,659,209,450,22,12,16336,89.27819372952737,0.9525681832365974,0.9712994781723304,0.9618426442322842,15263,451,760
Homo_sapiens,Saimiri_sciureus,same-order,6,1,2,659,584,75,2,0,16314,89.83437701176332,0.9520560689697947,0.9776447360040762,0.9646807440925088,15350,351,773
Homo_sapiens,Saimiri_sciureus,same-order,6,1,3,659,591,68,1,0,16312,89.99122036874451,0.9521302947733465,0.9792369912744411,0.9654934220854658,15375,326,773
Homo_sapiens,Saimiri_sciureus,same-order,6,1,4,659,595,64,1,0,16309,90.12996136283807,0.952192467066609,0.9805744857015477,0.9661750862880452,15396,305,773
Homo_sapiens,Saimiri_sciureus,same-order,6,1,5,659,598,61,1,0,16309,90.24118955625805,0.952248579194465,0.981784599707025,0.9667910564771552,15415,286,773
Homo_sapiens,Saimiri_sciureus,same-order,6,1,6,659,598,61,1,0,16309,90.24118955625805,0.952248579194465,0.981784599707025,0.9667910564771552,15415,286,773
Homo_sapiens,Aotus_azarai,same-order,2,0,1,221,55,166,40,11,16452,82.5584769864763,0.9482034531031265,0.90150842945874,0.9242665453718445,14224,1554,777
Homo_sapiens,Aotus_azarai,same-order,2,0,2,221,164,57,20,0,16437,83.43397979328766,0.9481984954467467,0.9111604311984781,0.929310567843746,14369,1401,785
Homo_sapiens,Aotus_azarai,same-order,2,0,3,221,167,54,18,0,16431,83.66339508682269,0.9481374226668422,0.9136804718716306,0.930590097219082,14406,1361,788
Homo_sapiens,Aotus_azarai,same-order,2,0,4,221,167,54,18,0,16431,83.66339508682269,0.9481374226668422,0.9136804718716306,0.930590097219082,14406,1361,788
Homo_sapiens,Aotus_azarai,same-order,2,2,1,221,65,156,45,11,16450,82.06199930337861,0.947961373390558,0.8958742632612967,0.921182105503242,14136,1643,776
Homo_sapiens,Aotus_azarai,same-order,2,2,2,221,160,61,21,0,16438,83.64016493408444,0.9485608904696041,0.9130214276657791,0.9304519171754368,14402,1372,781
Homo_sapiens,Aotus_azarai,same-order,2,2,3,221,164,57,19,0,16438,83.80858354143679,0.9486589534577965,0.9148598960314441,0.9314529142193249,14431,1343,781
Homo_sapiens,Aotus_azarai,same-order,2,2,4,221,166,55,18,0,16435,83.94215691968175,0.9485496784354902,0.916492295986304,0.932245477119546,14454,1317,784
Homo_sapiens,Aotus_azarai,same-order,2,2,5,221,166,55,18,0,16435,83.94215691968175,0.9485496784354902,0.916492295986304,0.932245477119546,14454,1317,784
Homo_sapiens,Aotus_azarai,same-order,2,1,1,221,61,160,36,11,16443,82.11693665447366,0.9477316893386049,0.8965451664025357,0.9214281060655418,14143,1632,780
Homo_sapiens,Aotus_azarai,same-order,2,1,2,221,167,54,18,0,16433,83.3710867166173,0.9482098031444048,0.9101515439731153,0.9287909670322562,14354,1417,784
Homo_sapiens,Aotus_azarai,same-order,2,1,3,221,170,51,16,0,16431,83.68473020851484,0.9482690535737791,0.9136914198744371,0.9306591738526628,14408,1361,786
Homo_sapiens,Aotus_azarai,same-order,2,1,4,221,172,49,15,0,16431,83.91125050821861,0.9484014967504759,0.9161646267994166,0.932004386813754,14447,1322,786
Homo_sapiens,Aotus_azarai,same-order,2,1,5,221,172,49,15,0,16431,83.91125050821861,0.9484014967504759,0.9161646267994166,0.932004386813754,14447,1322,786
Homo_sapiens,Saimiri_sciureus,same-order,7,2,1,769,222,547,23,13,16331,89.11122813176526,0.9524702939337085,0.969199439989818,0.9607620489528135,15230,484,760
Homo_sapiens,Saimiri_sciureus,same-order,7,2,2,769,686,83,2,0,16315,89.68746342034414,0.9520969245107176,0.9758644844934089,0.9638342034090195,15324,379,771
Homo_sapiens,Saimiri_sciureus,same-order,7,2,3,769,692,77,2,0,16315,89.7928128292169,0.9521504375349097,0.9770107622747246,0.9644204174000502,15342,361,771
Homo_sapiens,Saimiri_sciureus,same-order,7,2,4,769,694,75,2,0,16312,89.94321840426154,0.9522186415468518,0.9784754505508502,0.9651685040359309,15365,338,771
Homo_sapiens,Saimiri_sciureus,same-order,7,2,5,769,697,72,2,0,16312,90.06029385939237,0.9522777915325575,0.9797490925300898,0.9658181361624659,15385,318,771
Homo_sapiens,Saimiri_sciureus,same-order,7,2,6,769,699,70,2,0,16309,90.17151554176667,0.9521572505872172,0.9811464968152867,0.9664345316519231,15404,296,774
Homo_sapiens,Aotus_azarai,same-order,3,0,1,332,95,237,32,13,16386,86.54215395356955,0.9488995215311005,0.9441411704963819,0.9465143657131947,14874,880,801
Homo_sapiens,Aotus_azarai,same-order,3,0,2,332,290,42,11,0,16368,87.7619934792734,0.949124795365823,0.957261700641392,0.9531758828922824,15074,673,808
Homo_sapiens,Aotus_azarai,same-order,3,0,3,332,298,34,6,0,16363,88.17260656883299,0.9492789968652038,0.9615775435031119,0.9553886925795053,15141,605,809
Homo_sapiens,Aotus_azarai,same-order,3,0,4,332,298,34,6,0,16363,88.17260656883299,0.9492789968652038,0.9615775435031119,0.9553886925795053,15141,605,809
Homo_sapiens,Aotus_azarai,same-order,3,1,1,332,80,252,30,16,16379,87.11499272197962,0.949485975377586,0.9494257249825496,0.9494558492242281,14962,797,796
Homo_sapiens,Aotus_azarai,same-order,3,1,2,332,292,40,9,0,16365,88.07152425883861,0.949513343799058,0.9600025395213002,0.9547291324662205,15121,630,804
Homo_sapiens,Aotus_azarai,same-order,3,1,3,332,301,31,7,0,16365,88.27538004543072,0.9496240601503759,0.9622246206590058,0.9558828166882155,15156,595,804
Homo_sapiens,Aotus_azarai,same-order,3,1,4,332,301,31,7,0,16365,88.27538004543072,0.9496240601503759,0.9622246206590058,0.9558828166882155,15156,595,804
Homo_sapiens,Saimiri_sciureus,same-order,8,2,1,879,234,645,22,12,16334,89.45305644925416,0.9525945306173301,0.9732068987462611,0.9627904048353586,15292,421,761
Homo_sapiens,Saimiri_sciureus,same-order,8,2,2,879,799,80,1,0,16312,89.89757096868598,0.9520828167617158,0.9782179479014076,0.9649734552194265,15359,342,773
Homo_sapiens,Saimiri_sciureus,same-order,8,2,3,879,801,78,1,0,16312,89.9795141937372,0.9521243651678434,0.9791096108528119,0.9654284547995102,15373,328,773
Homo_sapiens,Saimiri_sciureus,same-order,8,2,4,879,803,76,1,0,16309,90.12410724739492,0.9521895101434933,0.9805107954907331,0.9661426464589412,15395,306,773
Homo_sapiens,Saimiri_sciureus,same-order,8,2,5,879,806,73,1,0,16309,90.25875190258752,0.9522574269655981,0.9819756703394689,0.966888247836448,15418,283,773
Homo_sapiens,Saimiri_sciureus,same-order,8,2,6,879,808,71,1,0,16309,90.2880224798033,0.9522721659669054,0.9822941213935418,0.967050192808101,15423,278,773
Homo_sapiens,Aotus_azarai,same-order,3,2,1,332,87,245,35,14,16390,85.6145251396648,0.9487940152199149,0.9334433094346806,0.9410560655003678,14712,1049,794
Homo_sapiens,Aotus_azarai,same-order,3,2,2,332,281,51,13,0,16381,86.88162030031428,0.9490749570856379,0.9475688713977403,0.9483213162659213,14928,826,801
Homo_sapiens,Aotus_azarai,same-order,3,2,3,332,286,46,11,0,16375,87.14052858307137,0.949086989601826,0.9502920264093448,0.9496891257454638,14969,783,803
Homo_sapiens,Aotus_azarai,same-order,3,2,4,332,288,44,10,0,16375,87.19874257771568,0.9491192497782284,0.9509268664296597,0.9500221982621931,14979,773,803
Homo_sapiens,Aotus_azarai,same-order,3,2,5,332,288,44,10,0,16375,87.19874257771568,0.9491192497782284,0.9509268664296597,0.9500221982621931,14979,773,803
Homo_sapiens,Aotus_azarai,same-order,4,2,1,442,137,305,31,18,16386,87.80884832277194,0.9488033167912557,0.9595933926302415,0.954167851163966,15104,636,815
Homo_sapiens,Aotus_azarai,same-order,4,2,2,442,391,51,4,0,16377,88.63107699464992,0.9490037359900374,0.9685434672089477,0.9586740470499435,15241,495,819
Homo_sapiens,Aotus_azarai,same-order,4,2,3,442,393,49,3,0,16376,88.74738311235171,0.949008146259561,0.9698760724499523,0.9593286396781493,15261,474,820
Homo_sapiens,Aotus_azarai,same-order,4,2,4,442,393,49,3,0,16376,88.74738311235171,0.949008146259561,0.9698760724499523,0.9593286396781493,15261,474,820
Homo_sapiens,Aotus_azarai,same-order,6,0,1,663,194,469,20,12,16344,89.24743709226468,0.9489656880961229,0.9740003814124976,0.9613200740345704,15322,409,824
Homo_sapiens,Aotus_azarai,same-order,6,0,2,663,590,73,1,0,16330,89.61417414617088,0.9489015058010368,0.9776816939022064,0.9630766339920455,15376,351,828
Homo_sapiens,Aotus_azarai,same-order,6,0,3,663,590,73,1,0,16330,89.61417414617088,0.9489015058010368,0.9776816939022064,0.9630766339920455,15376,351,828
Homo_sapiens,Aotus_azarai,same-order,5,0,1,552,165,387,30,13,16410,86.96460742720986,0.9494321426305438,0.9496128950374413,0.9495225102319236,14964,794,797
Homo_sapiens,Aotus_azarai,same-order,5,0,2,552,434,118,7,0,16391,87.87068263751598,0.9493058609209121,0.9596139192278385,0.9544320586099093,15112,636,807
Homo_sapiens,Aotus_azarai,same-order,5,0,3,552,441,111,5,0,16391,87.92301430398884,0.9493345052737318,0.9601854203708408,0.9547291324662205,15121,627,807
Homo_sapiens,Aotus_azarai,same-order,5,0,4,552,441,111,5,0,16391,87.92301430398884,0.9493345052737318,0.9601854203708408,0.9547291324662205,15121,627,807
Homo_sapiens,Aotus_azarai,same-order,4,1,1,442,131,311,29,12,16368,87.04814017113918,0.9485569299080241,0.9498221544715447,0.9491891205687263,14954,790,811
Homo_sapiens,Aotus_azarai,same-order,4,1,2,442,389,53,9,0,16358,87.95482331024044,0.9485778866076474,0.960091509913574,0.9542999715756562,15108,628,819
Homo_sapiens,Aotus_azarai,same-order,4,1,3,442,396,46,7,0,16357,88.20515806019678,0.9486569407050278,0.9628852875754687,0.9557181606005171,15151,584,820
Homo_sapiens,Aotus_azarai,same-order,4,1,4,442,397,45,6,0,16357,88.2750189206497,0.9486954889570168,0.9636479186526851,0.9561132479979823,15163,572,820
Homo_sapiens,Aotus_azarai,same-order,4,1,5,442,397,45,6,0,16357,88.2750189206497,0.9486954889570168,0.9636479186526851,0.9561132479979823,15163,572,820
Homo_sapiens,Aotus_azarai,same-order,5,2,1,552,171,381,25,14,16343,88.66165588766533,0.9488682421899358,0.9670797585001589,0.9578874480674807,15217,518,820
Homo_sapiens,Aotus_azarai,same-order,5,2,2,552,486,66,3,0,16332,89.55710955710956,0.9488762657446284,0.9771730145609462,0.9628167778717539,15368,359,828
Homo_sapiens,Aotus_azarai,same-order,5,2,3,552,491,61,2,0,16328,89.67305787050527,0.9487606363300037,0.9785677944543373,0.9634337236240686,15387,337,831
Homo_sapiens,Aotus_azarai,same-order,5,2,4,552,493,59,1,0,16328,89.70219709773296,0.9487764285273994,0.9788857796998219,0.9635959558017967,15392,332,831
Homo_sapiens,Aotus_azarai,same-order,5,2,5,552,493,59,1,0,16328,89.70219709773296,0.9487764285273994,0.9788857796998219,0.9635959558017967,15392,332,831
Homo_sapiens,Aotus_azarai,same-order,4,0,1,442,126,316,36,13,16387,86.1647661158948,0.9486900262635322,0.940078710168846,0.9443647377650248,14810,944,801
Homo_sapiens,Aotus_azarai,same-order,4,0,2,442,379,63,10,0,16368,87.67753201396974,0.9488503937007874,0.9568061995807661,0.9528116895439307,15063,680,812
Homo_sapiens,Aotus_azarai,same-order,4,0,3,442,383,59,9,0,16368,87.75320139697322,0.9488922457200403,0.9576319634123103,0.9532420726502482,15076,667,812
Homo_sapiens,Aotus_azarai,same-order,4,0,4,442,384,58,9,0,16365,87.89660592652966,0.9489629164047769,0.9590294098964619,0.9539696079360567,15098,645,812
Homo_sapiens,Aotus_azarai,same-order,4,0,5,442,391,51,9,0,16365,88.071258077662,0.9490589711417817,0.960935018738487,0.954960073225389,15128,615,812
Homo_sapiens,Aotus_azarai,same-order,4,0,6,442,395,47,9,0,16365,88.16440589159923,0.9491100526447731,0.9619513434542336,0.9554875548124546,15144,599,812
Homo_sapiens,Aotus_azarai,same-order,5,1,1,552,154,398,23,12,16392,88.26231033079472,0.9494090425864549,0.9641813793979424,0.9567381920156284,15182,564,809
Homo_sapiens,Aotus_azarai,same-order,5,1,2,552,484,68,3,0,16375,88.93414009774261,0.9494999689421704,0.9710329056028459,0.9601457240664553,15286,456,813
Homo_sapiens,Aotus_azarai,same-order,5,1,3,552,490,62,2,0,16371,89.18824556299099,0.9495694194907379,0.9736992567181246,0.9614829684461452,15327,414,814
Homo_sapiens,Aotus_azarai,same-order,5,1,4,552,496,56,2,0,16371,89.32790224032587,0.9496442932261058,0.9752239374880884,0.9622641509433962,15351,390,814
Homo_sapiens,Aotus_azarai,same-order,5,1,5,552,500,52,2,0,16371,89.46755891766075,0.949718944962629,0.9767486182580523,0.9630441590980269,15375,366,814
Homo_sapiens,Aotus_azarai,same-order,5,1,6,552,501,51,2,0,16371,89.47919697410532,0.9497251559508368,0.9768756749888825,0.9631091068520605,15377,364,814
Homo_sapiens,Aotus_azarai,same-order,6,2,1,663,198,465,20,12,16340,89.27281202657034,0.949080096636313,0.9738130045128075,0.9612874890199524,15321,412,822
Homo_sapiens,Aotus_azarai,same-order,6,2,2,663,591,72,2,0,16333,89.51509499941719,0.9490237271379139,0.9764144945963128,0.9625242840132856,15359,371,825
Homo_sapiens,Aotus_azarai,same-order,6,2,3,663,593,70,2,0,16333,89.51509499941719,0.9490237271379139,0.9764144945963128,0.9625242840132856,15359,371,825
Homo_sapiens,Aotus_azarai,same-order,6,2,4,663,593,70,2,0,16333,89.51509499941719,0.9490237271379139,0.9764144945963128,0.9625242840132856,15359,371,825
Homo_sapiens,Aotus_azarai,same-order,6,1,1,663,204,459,22,11,16331,89.68693522998892,0.9492780451684562,0.9778173266382763,0.9633363599361282,15384,349,822
Homo_sapiens,Aotus_azarai,same-order,6,1,2,663,623,40,4,0,16320,90.59475218658892,0.9492882018696157,0.9880445151033387,0.9682786987411193,15537,188,830
Homo_sapiens,Aotus_azarai,same-order,6,1,3,663,627,36,2,0,16320,90.59475218658892,0.9492882018696157,0.9880445151033387,0.9682786987411193,15537,188,830
Homo_sapiens,Aotus_azarai,same-order,6,1,4,663,627,36,2,0,16320,90.59475218658892,0.9492882018696157,0.9880445151033387,0.9682786987411193,15537,188,830
Homo_sapiens,Varecia_variegata,same-order,1,0,1,114,23,91,46,3,16541,70.75604668207701,0.9129928706532809,0.7958653053459319,0.8504150431983738,12550,3219,1196
Homo_sapiens,Varecia_variegata,same-order,1,0,2,114,45,69,38,0,16538,71.34479842120102,0.9135740072202166,0.8024479959411466,0.8544128570463907,12653,3115,1197
Homo_sapiens,Varecia_variegata,same-order,1,0,3,114,47,67,37,0,16537,71.44629264166902,0.9136203042757228,0.8036405149996829,0.8551086516398975,12671,3096,1198
Homo_sapiens,Varecia_variegata,same-order,1,0,4,114,47,67,37,0,16537,71.44629264166902,0.9136203042757228,0.8036405149996829,0.8551086516398975,12671,3096,1198
Homo_sapiens,Varecia_variegata,same-order,1,1,1,114,33,81,37,4,16515,72.39471604380716,0.9144976110675319,0.8133959152606876,0.8609889556547717,12824,2942,1199
Homo_sapiens,Varecia_variegata,same-order,1,1,2,114,66,48,30,0,16515,72.67133340860336,0.9147953382603752,0.8165038690853735,0.8628594409812991,12873,2893,1199
Homo_sapiens,Varecia_variegata,same-order,1,1,3,114,67,47,29,0,16515,72.78423845545896,0.9149162645472608,0.8177724216668781,0.8636211400629648,12893,2873,1199
Homo_sapiens,Varecia_variegata,same-order,1,1,4,114,67,47,29,0,16515,72.78423845545896,0.9149162645472608,0.8177724216668781,0.8636211400629648,12893,2873,1199
Homo_sapiens,Varecia_variegata,same-order,1,2,1,114,20,94,49,2,16536,70.65989847715736,0.9129864451246174,0.7943694122122884,0.8495575221238938,12528,3243,1194
Homo_sapiens,Varecia_variegata,same-order,1,2,2,114,39,75,39,0,16527,71.60751565762004,0.9138762871750558,0.8048068996131651,0.8558807661181549,12691,3078,1196
Homo_sapiens,Varecia_variegata,same-order,1,2,3,114,41,73,37,0,16527,71.72036336963268,0.9140001438124685,0.8060752108567443,0.8566518398706026,12711,3058,1196
Homo_sapiens,Varecia_variegata,same-order,1,2,4,114,41,73,37,0,16527,71.72036336963268,0.9140001438124685,0.8060752108567443,0.8566518398706026,12711,3058,1196
Homo_sapiens,Aotus_azarai,same-order,7,1,1,773,218,555,21,11,16341,88.8610544713079,0.9487466567145612,0.9696141376899117,0.9590669014084507,15253,478,824
Homo_sapiens,Aotus_azarai,same-order,7,1,2,773,676,97,3,0,16328,89.73656603333721,0.9488506809638257,0.979141494435612,0.9637581372058087,15397,328,830
Homo_sapiens,Aotus_azarai,same-order,7,1,3,773,686,87,1,0,16328,89.73656603333721,0.9488506809638257,0.979141494435612,0.9637581372058087,15397,328,830
Homo_sapiens,Aotus_azarai,same-order,7,1,4,773,686,87,1,0,16328,89.73656603333721,0.9488506809638257,0.979141494435612,0.9637581372058087,15397,328,830
Homo_sapiens,Aotus_azarai,same-order,8,0,1,883,236,647,20,10,16336,89.93707027153012,0.9492036160137753,0.9813084112149533,0.9649890590809628,15435,294,826
Homo_sapiens,Aotus_azarai,same-order,8,0,2,883,796,87,4,0,16321,90.41622945085695,0.9490301658202288,0.9865157104694059,0.967409948542024,15510,212,833
Homo_sapiens,Aotus_azarai,same-order,8,0,3,883,808,75,2,0,16321,90.41622945085695,0.9490301658202288,0.9865157104694059,0.967409948542024,15510,212,833
Homo_sapiens,Aotus_azarai,same-order,8,0,4,883,808,75,2,0,16321,90.41622945085695,0.9490301658202288,0.9865157104694059,0.967409948542024,15510,212,833
Homo_sapiens,Aotus_azarai,same-order,8,1,1,883,259,624,17,9,16343,89.24223891898188,0.9488481545702254,0.9741242291309047,0.9613200740345704,15322,407,826
Homo_sapiens,Aotus_azarai,same-order,8,1,2,883,786,97,2,0,16328,89.77153514395617,0.9488695866444896,0.9795230524642289,0.9639526879028725,15403,322,830
Homo_sapiens,Aotus_azarai,same-order,8,1,3,883,789,94,1,0,16328,89.77153514395617,0.9488695866444896,0.9795230524642289,0.9639526879028725,15403,322,830
Homo_sapiens,Aotus_azarai,same-order,8,1,4,883,789,94,1,0,16328,89.77153514395617,0.9488695866444896,0.9795230524642289,0.9639526879028725,15403,322,830
Homo_sapiens,Aotus_azarai,same-order,7,0,1,773,214,559,22,13,16342,89.15234488785319,0.9489644053081979,0.9727307398932112,0.9607006089522254,15303,429,823
Homo_sapiens,Aotus_azarai,same-order,7,0,2,773,682,91,1,0,16328,89.74239421844038,0.9488538328814395,0.9792050874403816,0.9637905673958628,15398,327,830
Homo_sapiens,Aotus_azarai,same-order,7,0,3,773,685,88,1,0,16325,89.8921597201982,0.9489262199249276,0.9806677265500795,0.9645359019264449,15421,304,830
Homo_sapiens,Aotus_azarai,same-order,7,0,4,773,693,80,1,0,16325,90.06120664529291,0.949017199017199,0.9825119236883942,0.9654741446648961,15450,275,830
Homo_sapiens,Aotus_azarai,same-order,7,0,5,773,698,75,1,0,16325,90.1544739143107,0.9490672557682867,0.9835294117647059,0.9659910683613877,15466,259,830
Homo_sapiens,Aotus_azarai,same-order,7,0,6,773,700,73,1,0,16324,90.27049084761572,0.9491265706405149,0.9847376788553259,0.9666042446941324,15485,240,830
Homo_sapiens,Aotus_azarai,same-order,7,2,1,773,230,543,21,13,16339,89.20808810675369,0.9490422168495444,0.9730502764889086,0.960896309314587,15309,424,822
Homo_sapiens,Aotus_azarai,same-order,7,2,2,773,679,94,2,0,16334,89.40435948245717,0.9490225191784212,0.9751446189053461,0.9619062548988869,15340,391,824
Homo_sapiens,Aotus_azarai,same-order,7,2,3,773,681,92,2,0,16331,89.52491984844069,0.9490792238289457,0.9762888563981946,0.9624917745119544,15358,373,824
Homo_sapiens,Aotus_azarai,same-order,7,2,4,773,687,86,2,0,16331,89.6881375692218,0.9491671807526219,0.9780687813870701,0.9634012710935788,15386,345,824
Homo_sapiens,Aotus_azarai,same-order,7,2,5,773,691,82,2,0,16331,89.80472165549402,0.9492298213185459,0.979340156379124,0.9640499358593285,15406,325,824
Homo_sapiens,Aotus_azarai,same-order,7,2,6,773,694,79,2,0,16330,89.93237728809608,0.9492954279736632,0.9806751001207806,0.9647301607154025,15427,304,824
Homo_sapiens,Varecia_variegata,same-order,2,0,1,227,33,194,46,9,16478,76.26927203930649,0.9165874847291978,0.8582231825114387,0.8864456842796193,13505,2231,1229
Homo_sapiens,Varecia_variegata,same-order,2,0,2,227,132,95,31,1,16464,78.09109403254973,0.9181449737558967,0.8783448801881396,0.8978040540540542,13819,1914,1232
Homo_sapiens,Varecia_variegata,same-order,2,0,3,227,149,78,28,0,16461,78.5306583780729,0.9184401850627891,0.8833513444790541,0.900554097404491,13896,1835,1234
Homo_sapiens,Varecia_variegata,same-order,2,0,4,227,151,76,27,0,16460,78.65943257601447,0.918558606124604,0.8847498569703134,0.9013373053136029,13918,1813,1234
Homo_sapiens,Varecia_variegata,same-order,2,0,5,227,153,74,26,0,16460,78.65943257601447,0.918558606124604,0.8847498569703134,0.9013373053136029,13918,1813,1234
Homo_sapiens,Varecia_variegata,same-order,2,0,6,227,153,74,26,0,16460,78.65943257601447,0.918558606124604,0.8847498569703134,0.9013373053136029,13918,1813,1234
Homo_sapiens,Varecia_variegata,same-order,2,1,1,227,38,189,46,7,16485,75.31198825455982,0.9159398392967516,0.8472778095419605,0.8802719292455944,13337,2404,1224
Homo_sapiens,Varecia_variegata,same-order,2,1,2,227,124,103,31,0,16472,76.55799762698457,0.9169655545780605,0.8609734400813318,0.8880878256595117,13550,2188,1227
Homo_sapiens,Varecia_variegata,same-order,2,1,3,227,131,96,28,0,16467,76.8874321880651,0.9171553758004719,0.8646415861718353,0.8901246279153446,13606,2130,1229
Homo_sapiens,Varecia_variegata,same-order,2,1,4,227,133,94,28,0,16467,77.01740506329114,0.9172836182527931,0.8661032028469751,0.8909590115708962,13629,2107,1229
Homo_sapiens,Varecia_variegata,same-order,2,1,5,227,137,90,28,0,16467,77.04566003616637,0.917311444526677,0.8664209456024403,0.8911402333409588,13634,2102,1229
Homo_sapiens,Varecia_variegata,same-order,2,1,6,227,137,90,28,0,16467,77.04566003616637,0.917311444526677,0.8664209456024403,0.8911402333409588,13634,2102,1229
Homo_sapiens,Varecia_variegata,same-order,2,2,1,227,40,187,41,11,16455,77.6326207442597,0.9179483750167179,0.8722201042063794,0.8945001954906816,13727,2011,1227
Homo_sapiens,Varecia_variegata,same-order,2,2,2,227,154,73,24,0,16444,78.95898161244696,0.918943833541845,0.8869963137155206,0.9026874939361599,13956,1778,1231
Homo_sapiens,Varecia_variegata,same-order,2,2,3,227,160,67,19,0,16438,79.693334842141,0.9193264147248874,0.8954796872019836,0.9072463768115943,14085,1644,1236
Homo_sapiens,Varecia_variegata,same-order,2,2,4,227,162,65,18,0,16438,79.7782052732828,0.9194053208137715,0.8964333396910166,0.907774022211492,14100,1629,1236
Homo_sapiens,Varecia_variegata,same-order,2,2,5,227,162,65,18,0,16438,79.7782052732828,0.9194053208137715,0.8964333396910166,0.907774022211492,14100,1629,1236
Homo_sapiens,Aotus_azarai,same-order,8,2,1,883,264,619,18,10,16339,89.40161976344461,0.9490351311232064,0.9753988939037569,0.9620364274742154,15344,387,824
Homo_sapiens,Aotus_azarai,same-order,8,2,2,883,802,81,1,0,16330,89.74822240354354,0.9489739323349973,0.9791441470083296,0.9638229955561118,15399,328,828
Homo_sapiens,Aotus_azarai,same-order,8,2,3,883,805,78,1,0,16330,89.8239888098846,0.9490147783251232,0.9799707509378776,0.9642443770137955,15412,315,828
Homo_sapiens,Aotus_azarai,same-order,8,2,4,883,806,77,1,0,16330,89.8239888098846,0.9490147783251232,0.9799707509378776,0.9642443770137955,15412,315,828
Homo_sapiens,Aotus_azarai,same-order,8,2,5,883,806,77,1,0,16330,89.8239888098846,0.9490147783251232,0.9799707509378776,0.9642443770137955,15412,315,828
Homo_sapiens,Varecia_variegata,same-order,4,0,1,453,87,366,24,17,16324,85.37028623353021,0.921304241235597,0.9586123333971047,0.9395880863830984,15032,649,1284
Homo_sapiens,Varecia_variegata,same-order,4,0,2,453,401,52,8,0,16318,85.61527099193273,0.9214870979576862,0.9610356482367196,0.9408459497424692,15070,611,1284
Homo_sapiens,Varecia_variegata,same-order,4,0,3,453,402,51,7,0,16317,85.71672064087268,0.9215686274509803,0.9621197627702315,0.9414077124672408,15087,594,1284
Homo_sapiens,Varecia_variegata,same-order,4,0,4,453,402,51,7,0,16317,85.71672064087268,0.9215686274509803,0.9621197627702315,0.9414077124672408,15087,594,1284
Homo_sapiens,Varecia_variegata,same-order,3,1,1,340,59,281,31,19,16406,82.14447463768116,0.9202181633688483,0.9237919398994079,0.9220015885623511,14510,1197,1258
Homo_sapiens,Varecia_variegata,same-order,3,1,2,340,263,77,9,0,16397,82.82267655887183,0.9206748929740619,0.931168417701369,0.9258919244040649,14624,1081,1260
Homo_sapiens,Varecia_variegata,same-order,3,1,3,340,267,73,8,0,16397,82.94727303618961,0.92078460958129,0.9325692454632283,0.9266394609471387,14646,1059,1260
Homo_sapiens,Varecia_variegata,same-order,3,1,4,340,269,71,8,0,16396,83.04825555052106,0.9208691829429128,0.9336517032792104,0.9272163905400278,14663,1042,1260
Homo_sapiens,Varecia_variegata,same-order,3,1,5,340,269,71,8,0,16396,83.04825555052106,0.9208691829429128,0.9336517032792104,0.9272163905400278,14663,1042,1260
Homo_sapiens,Varecia_variegata,same-order,3,2,1,340,61,279,32,14,16412,81.69620109834116,0.9202219246221542,0.9182894234440626,0.9192546583850932,14430,1284,1251
Homo_sapiens,Varecia_variegata,same-order,3,2,2,340,264,76,13,1,16371,83.42124666780103,0.9210921843687375,0.9365170327921044,0.9287405676759386,14708,997,1260
Homo_sapiens,Varecia_variegata,same-order,3,2,3,340,285,55,10,0,16369,83.89109472490074,0.9214379166407077,0.9417982679572083,0.9315068493150684,14790,914,1261
Homo_sapiens,Varecia_variegata,same-order,3,2,4,340,288,52,9,0,16351,84.04744339140798,0.9210199004975125,0.9436126154826378,0.9321793863099922,14810,885,1270
Homo_sapiens,Varecia_variegata,same-order,3,2,5,340,288,52,9,0,16351,84.04744339140798,0.9210199004975125,0.9436126154826378,0.9321793863099922,14810,885,1270
Homo_sapiens,Varecia_variegata,same-order,4,2,1,453,87,366,25,16,16317,85.18077075883988,0.9201716738197425,0.9581817021004916,0.938792105839302,15008,655,1302
Homo_sapiens,Varecia_variegata,same-order,4,2,2,453,397,56,7,1,16297,86.35459864795773,0.9208820500393773,0.9707516444217383,0.9451594851706772,15201,458,1306
Homo_sapiens,Varecia_variegata,same-order,4,2,3,453,407,46,4,0,16295,86.5291744787228,0.9210208030962748,0.9726036145347723,0.9461096443547133,15230,429,1306
Homo_sapiens,Varecia_variegata,same-order,4,2,4,453,407,46,4,0,16295,86.5291744787228,0.9210208030962748,0.9726036145347723,0.9461096443547133,15230,429,1306
Homo_sapiens,Varecia_variegata,same-order,3,0,1,340,49,291,31,15,16363,81.90271005782968,0.918898288912919,0.9207138304652644,0.9198051637961222,14446,1244,1275
Homo_sapiens,Varecia_variegata,same-order,3,0,2,340,261,79,14,0,16359,82.91465834987241,0.9197383318656435,0.9319905666390464,0.9258239149017,14622,1067,1276
Homo_sapiens,Varecia_variegata,same-order,3,0,3,340,267,73,9,0,16354,83.40328984685196,0.9201501877346684,0.9372171585187073,0.9286052606650036,14704,985,1276
Homo_sapiens,Varecia_variegata,same-order,3,0,4,340,269,71,9,0,16353,83.52147030461173,0.92025,0.9384919370259417,0.9292814541323487,14724,965,1276
Homo_sapiens,Varecia_variegata,same-order,3,0,5,340,271,69,9,0,16353,83.52147030461173,0.92025,0.9384919370259417,0.9292814541323487,14724,965,1276
Homo_sapiens,Varecia_variegata,same-order,3,0,6,340,271,69,9,0,16353,83.52147030461173,0.92025,0.9384919370259417,0.9292814541323487,14724,965,1276
Homo_sapiens,Varecia_variegata,same-order,5,0,1,566,109,457,21,14,16336,84.75163213170593,0.9210883514313919,0.9517404054570955,0.9361635417319872,14929,757,1279
Homo_sapiens,Varecia_variegata,same-order,5,0,2,566,458,108,7,0,16328,85.18939178829008,0.9213241616509028,0.9564524356031625,0.9385597197021837,15001,683,1281
Homo_sapiens,Varecia_variegata,same-order,5,0,3,566,463,103,5,0,16322,85.29227972504687,0.9213869285056766,0.9572813057893395,0.9389912129835204,15014,670,1281
Homo_sapiens,Varecia_variegata,same-order,5,0,4,566,463,103,5,0,16322,85.29227972504687,0.9213869285056766,0.9572813057893395,0.9389912129835204,15014,670,1281
Homo_sapiens,Varecia_variegata,same-order,4,1,1,453,69,384,27,13,16392,82.11736716891356,0.9199187765721175,0.9231993886518499,0.921556162990274,14497,1206,1262
Homo_sapiens,Varecia_variegata,same-order,4,1,2,453,332,121,8,1,16343,84.68478692617602,0.9210071587262404,0.95148230793752,0.9359967386873217,14924,761,1280
Homo_sapiens,Varecia_variegata,same-order,4,1,3,453,369,84,7,0,16339,85.09165200612905,0.921233718358319,0.9560670790027418,0.9383272317656999,14994,689,1282
Homo_sapiens,Varecia_variegata,same-order,4,1,4,453,375,78,6,0,16329,85.43937329700273,0.921226588321704,0.9600076540375048,0.9402173913043479,15051,627,1287
Homo_sapiens,Varecia_variegata,same-order,4,1,5,453,377,76,6,0,16328,85.54073233040023,0.9213084683583002,0.9610919760173492,0.94077982080979,15068,610,1287
Homo_sapiens,Varecia_variegata,same-order,4,1,6,453,379,74,6,0,16328,85.54073233040023,0.9213084683583002,0.9610919760173492,0.94077982080979,15068,610,1287
Homo_sapiens,Varecia_variegata,same-order,6,2,1,679,123,556,19,14,16271,87.48223523392645,0.9210006583278473,0.9836369447107702,0.9512888669098103,15389,256,1320
Homo_sapiens,Varecia_variegata,same-order,6,2,2,679,615,64,3,0,16265,87.67769816899806,0.9210872162485065,0.985617489133214,0.952260375494071,15419,225,1321
Homo_sapiens,Varecia_variegata,same-order,6,2,3,679,615,64,3,0,16265,87.67769816899806,0.9210872162485065,0.985617489133214,0.952260375494071,15419,225,1321
Gorilla_gorilla,Homo_sapiens,same-family,1,0,1,111,106,5,5,0,16352,89.30079774753636,0.9562814070351758,0.9591129591129591,0.9576950901141761,15224,649,696
Gorilla_gorilla,Homo_sapiens,same-family,1,0,2,111,107,4,4,0,16349,89.45917409666824,0.9561755485893417,0.9609955891619407,0.9585795097423003,15251,619,699
Gorilla_gorilla,Homo_sapiens,same-family,1,0,3,111,107,4,4,0,16349,89.45917409666824,0.9561755485893417,0.9609955891619407,0.9585795097423003,15251,619,699
Gorilla_gorilla,Homo_sapiens,same-family,1,1,1,111,104,7,2,0,16355,89.23103994369171,0.9563714088137298,0.9582992125984252,0.9573343401925618,15213,662,694
Gorilla_gorilla,Homo_sapiens,same-family,1,1,2,111,104,7,2,0,16355,89.23690539034547,0.9563741513703797,0.9583622047244095,0.9573671459585313,15214,661,694
Gorilla_gorilla,Homo_sapiens,same-family,1,1,3,111,104,7,2,0,16355,89.23690539034547,0.9563741513703797,0.9583622047244095,0.9573671459585313,15214,661,694
Homo_sapiens,Varecia_variegata,same-order,7,2,1,792,161,631,17,12,16287,87.02220707673085,0.9206826102631895,0.9793544263342921,0.949112645956577,15322,323,1320
Homo_sapiens,Varecia_variegata,same-order,7,2,2,792,721,71,1,0,16282,87.39347801386207,0.9209722804286655,0.9832534356024288,0.9510943489551131,15383,262,1320
Homo_sapiens,Varecia_variegata,same-order,7,2,3,792,721,71,1,0,16282,87.39347801386207,0.9209722804286655,0.9832534356024288,0.9510943489551131,15383,262,1320
Homo_sapiens,Varecia_variegata,same-order,5,2,1,566,113,453,25,13,16354,84.93391570707357,0.9215288035450517,0.954302103250478,0.9376291564907007,14973,717,1275
Homo_sapiens,Varecia_variegata,same-order,5,2,2,566,485,81,7,0,16338,85.46125461254613,0.9218051558385892,0.9595869454360021,0.9403166869671133,15054,634,1277
Homo_sapiens,Varecia_variegata,same-order,5,2,3,566,490,76,6,0,16335,85.58937088348853,0.9219008011742401,0.9608618052014278,0.9409781828396642,15074,614,1277
Homo_sapiens,Varecia_variegata,same-order,5,2,4,566,492,74,5,0,16331,85.68913623715146,0.921916050589601,0.9618792630840823,0.9414737630248955,15089,598,1278
Homo_sapiens,Varecia_variegata,same-order,5,2,5,566,492,74,5,0,16331,85.68913623715146,0.921916050589601,0.9618792630840823,0.9414737630248955,15089,598,1278
Homo_sapiens,Varecia_variegata,same-order,5,1,1,566,85,481,19,10,16317,85.15931163741693,0.9207811348563006,0.9565550239234449,0.9383272317656998,14994,681,1290
Homo_sapiens,Varecia_variegata,same-order,5,1,2,566,475,91,6,0,16310,85.8644395204818,0.9212996830041453,0.9642082429501084,0.9422657272897312,15113,561,1291
Homo_sapiens,Varecia_variegata,same-order,5,1,3,566,481,85,5,0,16309,86.11363636363636,0.9215054417218945,0.9669516396580324,0.9436817035584196,15156,518,1291
Homo_sapiens,Varecia_variegata,same-order,5,1,4,566,482,84,5,0,16308,86.20944371839309,0.9215817287250198,0.9679724384330739,0.9442076111647012,15172,502,1291
Homo_sapiens,Varecia_variegata,same-order,5,1,5,566,485,81,5,0,16303,86.29389703375384,0.9214246708330806,0.9691129546904914,0.9446673509377624,15186,484,1295
Homo_sapiens,Varecia_variegata,same-order,5,1,6,566,485,81,5,0,16303,86.29389703375384,0.9214246708330806,0.9691129546904914,0.9446673509377624,15186,484,1295
Homo_sapiens,Varecia_variegata,same-order,7,1,1,792,145,647,13,9,16265,87.28606356968216,0.9207101301505428,0.9813335038036183,0.9500556999628668,15351,292,1322
Homo_sapiens,Varecia_variegata,same-order,7,1,2,792,722,70,3,0,16255,87.6500369759372,0.9208701888596701,0.9851032542676299,0.9519043647484013,15408,233,1324
Homo_sapiens,Varecia_variegata,same-order,7,1,3,792,728,64,1,0,16254,87.76311298213676,0.9209599426899887,0.9863180103573941,0.9525191405285255,15427,214,1324
Homo_sapiens,Varecia_variegata,same-order,7,1,4,792,728,64,1,0,16254,87.76311298213676,0.9209599426899887,0.9863180103573941,0.9525191405285255,15427,214,1324
Homo_sapiens,Varecia_variegata,same-order,8,2,1,905,176,729,10,8,16257,87.94084186575654,0.9211702317821605,0.9883646592507352,0.9535851966075559,15460,182,1323
Homo_sapiens,Varecia_variegata,same-order,8,2,2,905,818,87,1,0,16251,88.06827880512091,0.921199857159862,0.989578671440445,0.9541657676540395,15478,163,1324
Homo_sapiens,Varecia_variegata,same-order,8,2,3,905,818,87,1,0,16251,88.06827880512091,0.921199857159862,0.989578671440445,0.9541657676540395,15478,163,1324
Gorilla_gorilla,Homo_sapiens,same-family,1,2,1,111,107,4,2,0,16355,89.61290322580645,0.9564917991736572,0.9625173239259166,0.9594951017332328,15279,595,695
Gorilla_gorilla,Homo_sapiens,same-family,1,2,2,111,109,2,1,0,16350,89.85923753665689,0.9563073466075775,0.965467263217594,0.960865475070555,15321,548,700
Gorilla_gorilla,Homo_sapiens,same-family,1,2,3,111,110,1,1,0,16350,89.85923753665689,0.9563073466075775,0.965467263217594,0.960865475070555,15321,548,700
Gorilla_gorilla,Homo_sapiens,same-family,1,2,4,111,110,1,1,0,16350,89.85923753665689,0.9563073466075775,0.965467263217594,0.960865475070555,15321,548,700
Homo_sapiens,Varecia_variegata,same-order,6,0,1,679,131,548,16,11,16267,87.09989197794076,0.920562432399952,0.9793517867416736,0.9490475452996747,15320,323,1322
Homo_sapiens,Varecia_variegata,same-order,6,0,2,679,623,56,2,0,16255,87.64294248165216,0.9209661027081963,0.9847855270728121,0.9518072289156626,15405,238,1322
Homo_sapiens,Varecia_variegata,same-order,6,0,3,679,625,54,2,0,16255,87.76810604767594,0.9210699146217685,0.9861919069232244,0.9525191405285255,15427,216,1322
Homo_sapiens,Varecia_variegata,same-order,6,0,4,679,626,53,1,0,16254,87.81362007168458,0.9210526315789473,0.9867663981588032,0.9527777777777778,15435,207,1323
Homo_sapiens,Varecia_variegata,same-order,6,0,5,679,626,53,1,0,16254,87.81362007168458,0.9210526315789473,0.9867663981588032,0.9527777777777778,15435,207,1323
Gorilla_gorilla,Homo_sapiens,same-family,2,1,1,221,213,8,3,0,16355,91.57919427666687,0.9572172847073246,0.983995967487871,0.9704219225750326,15617,254,698
Gorilla_gorilla,Homo_sapiens,same-family,2,1,2,221,214,7,2,0,16352,91.70771756978654,0.9571550985432733,0.9854433171592413,0.9710932405998697,15638,231,700
Gorilla_gorilla,Homo_sapiens,same-family,2,1,3,221,214,7,2,0,16352,91.70771756978654,0.9571550985432733,0.9854433171592413,0.9710932405998697,15638,231,700
Homo_sapiens,Varecia_variegata,same-order,8,0,1,905,148,757,14,9,16264,87.64498521719354,0.9209032797658163,0.9855507959849115,0.9521309450277948,15415,226,1324
Homo_sapiens,Varecia_variegata,same-order,8,0,2,905,820,85,3,0,16252,87.98361401911698,0.9211341434357875,0.988683588005882,0.9537142680933732,15464,177,1324
Homo_sapiens,Varecia_variegata,same-order,8,0,3,905,828,77,1,0,16251,88.04551920341395,0.9211810929872604,0.9893229333162841,0.9540368075464718,15474,167,1324
Homo_sapiens,Varecia_variegata,same-order,8,0,4,905,828,77,1,0,16251,88.04551920341395,0.9211810929872604,0.9893229333162841,0.9540368075464718,15474,167,1324
Gorilla_gorilla,Homo_sapiens,same-family,2,0,1,221,210,11,3,0,16352,91.50683324535163,0.9572340164437354,0.9829259072580645,0.9699098539011501,15601,271,697
Gorilla_gorilla,Homo_sapiens,same-family,2,0,2,221,212,9,3,0,16349,91.57085875175974,0.9571428571428572,0.9836798991808443,0.9702299564947172,15611,259,699
Gorilla_gorilla,Homo_sapiens,same-family,2,0,3,221,214,7,3,0,16349,91.57085875175974,0.9571428571428572,0.9836798991808443,0.9702299564947172,15611,259,699
Gorilla_gorilla,Homo_sapiens,same-family,2,0,4,221,214,7,3,0,16349,91.57085875175974,0.9571428571428572,0.9836798991808443,0.9702299564947172,15611,259,699
Homo_sapiens,Varecia_variegata,same-order,8,1,1,905,184,721,12,9,16265,87.2220642593119,0.9207587945731781,0.980377117289869,0.9496331610067177,15338,307,1320
Homo_sapiens,Varecia_variegata,same-order,8,1,2,905,815,90,2,0,16260,87.47440273037543,0.9209486166007905,0.9829338446788112,0.9509321955291717,15378,267,1320
Homo_sapiens,Varecia_variegata,same-order,8,1,3,905,816,89,1,0,16259,87.53626486148245,0.9209959300933684,0.9835730265260466,0.9512564522609959,15388,257,1320
Homo_sapiens,Varecia_variegata,same-order,8,1,4,905,816,89,1,0,16259,87.53626486148245,0.9209959300933684,0.9835730265260466,0.9512564522609959,15388,257,1320
Gorilla_gorilla,Homo_sapiens,same-family,2,2,1,221,209,12,3,0,16353,91.13092444861567,0.9571807035918921,0.9787073201461509,0.9678243264289051,15536,338,695
Gorilla_gorilla,Homo_sapiens,same-family,2,2,2,221,212,9,2,0,16349,91.28343500703895,0.9570137137937397,0.9805923125393825,0.9686595499673214,15562,308,699
Gorilla_gorilla,Homo_sapiens,same-family,2,2,3,221,212,9,2,0,16349,91.28343500703895,0.9570137137937397,0.9805923125393825,0.9686595499673214,15562,308,699
Homo_sapiens,Varecia_variegata,same-order,6,1,1,679,116,563,15,11,16280,86.45175962249132,0.9207387223735998,0.9712570260602964,0.9453234279319884,15206,450,1309
Homo_sapiens,Varecia_variegata,same-order,6,1,2,679,603,76,2,0,16277,86.76219720232002,0.9209875052815839,0.9745784363822176,0.9470254166278745,15258,398,1309
Homo_sapiens,Varecia_variegata,same-order,6,1,3,679,605,74,2,0,16277,86.92710110315024,0.9211255724270908,0.9764307613694431,0.9479722187771301,15287,369,1309
Homo_sapiens,Varecia_variegata,same-order,6,1,4,679,608,71,2,0,16276,86.99459766846745,0.9211778165833685,0.9771333673990802,0.9483309053714781,15298,358,1309
Homo_sapiens,Varecia_variegata,same-order,6,1,5,679,608,71,2,1,16256,87.71051433773327,0.9211281070745698,0.9853627356983061,0.9521633056421975,15416,229,1320
Homo_sapiens,Varecia_variegata,same-order,6,1,6,679,625,54,1,0,16256,87.71051433773327,0.9211281070745698,0.9853627356983061,0.9521633056421975,15416,229,1320
Gorilla_gorilla,Homo_sapiens,same-family,3,0,1,332,316,16,3,0,16351,92.45117015660743,0.9575941676792223,0.9931321277802281,0.9750394358355757,15762,109,698
Gorilla_gorilla,Homo_sapiens,same-family,3,0,2,332,322,10,2,0,16346,92.60280401243621,0.9574816522108328,0.9948323670279808,0.9757997218358833,15786,82,701
Gorilla_gorilla,Homo_sapiens,same-family,3,0,3,332,322,10,2,0,16346,92.60280401243621,0.9574816522108328,0.9948323670279808,0.9757997218358833,15786,82,701
Homo_sapiens,Varecia_variegata,same-order,7,0,1,792,147,645,13,8,16268,87.44741330301308,0.9208572796934866,0.9833152208655629,0.9510619222802733,15382,261,1322
Homo_sapiens,Varecia_variegata,same-order,7,0,2,792,727,65,3,0,16258,87.81639269666117,0.9210714711848228,0.9870221199335123,0.9529070485125292,15439,203,1323
Homo_sapiens,Varecia_variegata,same-order,7,0,3,792,734,58,2,0,16255,87.9337808624417,0.9211561382598331,0.9881728679197034,0.9534883720930233,15457,185,1323
Homo_sapiens,Varecia_variegata,same-order,7,0,4,792,736,56,1,0,16251,88.04551920341395,0.9211810929872604,0.9893229333162841,0.9540368075464718,15474,167,1324
Homo_sapiens,Varecia_variegata,same-order,7,0,5,792,736,56,1,0,16251,88.05120910384068,0.921185784868147,0.9893868678473243,0.9540690505548706,15475,166,1324
Homo_sapiens,Varecia_variegata,same-order,7,0,6,792,736,56,1,0,16251,88.05120910384068,0.921185784868147,0.9893868678473243,0.9540690505548706,15475,166,1324
Gorilla_gorilla,Homo_sapiens,same-family,3,1,1,332,321,11,0,0,16356,92.18768328445748,0.9577138679015355,0.9901102362204725,0.973642642549633,15718,157,694
Gorilla_gorilla,Homo_sapiens,same-family,3,1,2,332,323,9,0,0,16354,92.27565982404693,0.9576358877594497,0.9911799911799912,0.9741192495820692,15733,140,696
Gorilla_gorilla,Homo_sapiens,same-family,3,1,3,332,323,9,0,0,16352,92.30453399026335,0.9575879274674456,0.9914944556451613,0.9742462700427166,15737,135,697
Gorilla_gorilla,Homo_sapiens,same-family,3,1,4,332,323,9,0,0,16352,92.30453399026335,0.9575879274674456,0.9914944556451613,0.9742462700427166,15737,135,697
Gorilla_gorilla,Homo_sapiens,same-family,4,1,1,442,425,17,0,0,16350,92.73228531206007,0.9577149088265584,0.9960935038749921,0.9765272716041756,15809,62,698
Gorilla_gorilla,Homo_sapiens,same-family,4,1,2,442,430,12,0,0,16347,92.78465419135331,0.9576194224132711,0.9967231709622535,0.9767800901624157,15817,52,700
Gorilla_gorilla,Homo_sapiens,same-family,4,1,3,442,430,12,0,0,16347,92.78465419135331,0.9576194224132711,0.9967231709622535,0.9767800901624157,15817,52,700
Gorilla_gorilla,Homo_sapiens,same-family,3,2,1,332,315,17,0,0,16350,92.2097729805831,0.9575414230019493,0.9903603830645161,0.9736744301288404,15719,153,697
Gorilla_gorilla,Homo_sapiens,same-family,3,2,2,332,317,15,0,0,16348,92.2860327330322,0.9574584626620413,0.991304347826087,0.9740874895514071,15732,138,699
Gorilla_gorilla,Homo_sapiens,same-family,3,2,3,332,320,12,0,0,16347,92.29144667370645,0.9574584626620413,0.991304347826087,0.9740874895514071,15732,138,699
Gorilla_gorilla,Homo_sapiens,same-family,3,2,4,332,320,12,0,0,16347,92.29144667370645,0.9574584626620413,0.991304347826087,0.9740874895514071,15732,138,699
Gorilla_gorilla,Homo_sapiens,same-family,5,1,1,553,531,22,0,0,16344,92.97195823066996,0.957583081570997,0.9988025461649965,0.9777585834592961,15848,19,702
Gorilla_gorilla,Homo_sapiens,same-family,5,1,2,553,544,9,0,0,16339,93.01261366969786,0.9573671497584542,0.9994326419971001,0.9779477531382045,15854,9,706
Gorilla_gorilla,Homo_sapiens,same-family,5,1,3,553,544,9,0,0,16339,93.01261366969786,0.9573671497584542,0.9994326419971001,0.9779477531382045,15854,9,706
Gorilla_gorilla,Homo_sapiens,same-family,4,2,1,442,420,22,0,0,16350,92.49765368371656,0.95761219408514,0.9935731837943419,0.9752613024924237,15769,102,698
Gorilla_gorilla,Homo_sapiens,same-family,4,2,2,442,426,16,0,0,16344,92.61996949430952,0.9574287446937538,0.9950211130018277,0.9758630280928393,15788,79,702
Gorilla_gorilla,Homo_sapiens,same-family,4,2,3,442,428,14,0,0,16344,92.61996949430952,0.9574287446937538,0.9950211130018277,0.9758630280928393,15788,79,702
Gorilla_gorilla,Homo_sapiens,same-family,4,2,4,442,428,14,0,0,16344,92.61996949430952,0.9574287446937538,0.9950211130018277,0.9758630280928393,15788,79,702
Gorilla_gorilla,Homo_sapiens,same-family,5,0,1,553,522,31,0,0,16345,92.92502639915523,0.9576204582552446,0.9982354423997983,0.9775062482643709,15840,28,701
Gorilla_gorilla,Homo_sapiens,same-family,5,0,2,553,535,18,0,0,16339,93.01848049281314,0.95736972405048,0.9994956817752002,0.9779792746113989,15855,8,706
Gorilla_gorilla,Homo_sapiens,same-family,5,0,3,553,538,15,0,0,16339,93.01848049281314,0.95736972405048,0.9994956817752002,0.9779792746113989,15855,8,706
Gorilla_gorilla,Homo_sapiens,same-family,5,0,4,553,538,15,0,0,16339,93.01848049281314,0.95736972405048,0.9994956817752002,0.9779792746113989,15855,8,706
Gorilla_gorilla,Homo_sapiens,same-family,4,0,1,442,422,20,0,0,16349,92.7377251129231,0.9577149088265584,0.9960935038749921,0.9765272716041756,15809,62,698
Gorilla_gorilla,Homo_sapiens,same-family,4,0,2,442,429,13,0,0,16345,92.80225259576466,0.9575111971916233,0.9970378773555177,0.9768748649232764,15820,47,702
Gorilla_gorilla,Homo_sapiens,same-family,4,0,3,442,429,13,0,0,16344,92.80769682036842,0.9575111971916233,0.9970378773555177,0.9768748649232764,15820,47,702
Gorilla_gorilla,Homo_sapiens,same-family,4,0,4,442,430,12,0,0,16344,92.80769682036842,0.9575111971916233,0.9970378773555177,0.9768748649232764,15820,47,702
Gorilla_gorilla,Homo_sapiens,same-family,4,0,5,442,430,12,0,0,16344,92.80769682036842,0.9575111971916233,0.9970378773555177,0.9768748649232764,15820,47,702
Gorilla_gorilla,Homo_sapiens,same-family,5,2,1,553,528,25,0,0,16350,92.74359124772687,0.9577754891864058,0.99609375,0.9765588807560455,15810,62,697
Gorilla_gorilla,Homo_sapiens,same-family,5,2,2,553,532,21,0,0,16347,92.86636160976182,0.9577106903018936,0.9974795211090107,0.9771906540325318,15830,40,699
Gorilla_gorilla,Homo_sapiens,same-family,5,2,3,553,533,20,0,0,16346,92.87180991493106,0.9577106903018936,0.9974795211090107,0.9771906540325318,15830,40,699
Gorilla_gorilla,Homo_sapiens,same-family,5,2,4,553,533,20,0,0,16346,92.87180991493106,0.9577106903018936,0.9974795211090107,0.9771906540325318,15830,40,699
Gorilla_gorilla,Homo_sapiens,same-family,6,0,1,663,625,38,0,0,16350,92.78465419135331,0.9577933874288482,0.9965347782258065,0.9767800901624158,15817,55,697
Gorilla_gorilla,Homo_sapiens,same-family,6,0,2,663,633,30,0,0,16347,92.90156048339786,0.9577260356818869,0.9978575929426591,0.9773800339453788,15836,34,699
Gorilla_gorilla,Homo_sapiens,same-family,6,0,3,663,634,29,0,0,16347,92.90156048339786,0.9577260356818869,0.9978575929426591,0.9773800339453788,15836,34,699
Gorilla_gorilla,Homo_sapiens,same-family,6,0,4,663,634,29,0,0,16347,92.90156048339786,0.9577260356818869,0.9978575929426591,0.9773800339453788,15836,34,699
Gorilla_gorilla,Homo_sapiens,same-family,6,2,1,663,636,27,0,0,16342,92.96022527279128,0.9574622356495468,0.9988023952095808,0.9776955113373438,15846,19,704
Gorilla_gorilla,Homo_sapiens,same-family,6,2,2,663,645,18,0,0,16339,93.02434731592842,0.9573722980316387,0.9995587215533002,0.9780107941403238,15856,7,706
Gorilla_gorilla,Homo_sapiens,same-family,6,2,3,663,646,17,0,0,16339,93.02434731592842,0.9573722980316387,0.9995587215533002,0.9780107941403238,15856,7,706
Gorilla_gorilla,Homo_sapiens,same-family,6,2,4,663,646,17,0,0,16339,93.02434731592842,0.9573722980316387,0.9995587215533002,0.9780107941403238,15856,7,706
Gorilla_gorilla,Homo_sapiens,same-family,6,1,1,663,627,36,0,0,16347,92.9367593570339,0.9577413699292666,0.9982356647763075,0.9775693437413223,15842,28,699
Gorilla_gorilla,Homo_sapiens,same-family,6,1,2,663,644,19,0,0,16341,93.04194778527427,0.9574956227736521,0.9996218090135518,0.9781053410632785,15859,6,704
Gorilla_gorilla,Homo_sapiens,same-family,6,1,3,663,645,18,0,0,16341,93.04194778527427,0.9574956227736521,0.9996218090135518,0.9781053410632785,15859,6,704
Gorilla_gorilla,Homo_sapiens,same-family,6,1,4,663,645,18,0,0,16341,93.04194778527427,0.9574956227736521,0.9996218090135518,0.9781053410632785,15859,6,704
Gorilla_gorilla,Homo_sapiens,same-family,7,0,1,774,722,52,0,0,16345,92.91915992021589,0.9576178960096735,0.9981724224855054,0.9774746976055294,15839,29,701
Gorilla_gorilla,Homo_sapiens,same-family,7,0,2,774,744,30,0,0,16344,92.92461132296862,0.9576178960096735,0.9981724224855054,0.9774746976055294,15839,29,701
Gorilla_gorilla,Homo_sapiens,same-family,7,0,3,774,747,27,0,0,16344,92.92461132296862,0.9576178960096735,0.9981724224855054,0.9774746976055294,15839,29,701
Gorilla_gorilla,Homo_sapiens,same-family,7,0,4,774,747,27,0,0,16344,92.92461132296862,0.9576178960096735,0.9981724224855054,0.9774746976055294,15839,29,701
Gorilla_gorilla,Saimiri_boliviensis,same-order,1,1,1,110,19,91,43,4,16329,78.374325134973,0.9745636282261674,0.8099814011159331,0.8846830985915495,13065,3065,341
Gorilla_gorilla,Saimiri_boliviensis,same-order,1,1,2,110,43,67,34,0,16323,78.93315732629306,0.9745888279745147,0.8156622023809523,0.8880712887328698,13155,2973,343
Gorilla_gorilla,Saimiri_boliviensis,same-order,1,1,3,110,44,66,33,0,16323,78.97515900636026,0.9746019992595335,0.8160962301587301,0.8883339520129585,13162,2966,343
Gorilla_gorilla,Saimiri_boliviensis,same-order,1,1,4,110,44,66,33,0,16323,78.97515900636026,0.9746019992595335,0.8160962301587301,0.8883339520129585,13162,2966,343
Gorilla_gorilla,Homo_sapiens,same-family,7,2,1,774,726,48,0,0,16348,92.98996890948554,0.9577669023019757,0.9988657844990548,0.9778847043582863,15852,18,699
Gorilla_gorilla,Homo_sapiens,same-family,7,2,2,774,746,28,0,0,16343,93.05408893582072,0.9575611228493812,0.9997478885667465,0.9781998704942801,15862,4,703
Gorilla_gorilla,Homo_sapiens,same-family,7,2,3,774,750,24,0,0,16343,93.05408893582072,0.9575611228493812,0.9997478885667465,0.9781998704942801,15862,4,703
Gorilla_gorilla,Homo_sapiens,same-family,7,2,4,774,750,24,0,0,16343,93.05408893582072,0.9575611228493812,0.9997478885667465,0.9781998704942801,15862,4,703
Gorilla_gorilla,Saimiri_boliviensis,same-order,1,0,1,110,34,76,37,4,16307,79.82587811468028,0.9744924136920032,0.8245983998015257,0.8933010817711482,13295,2828,348
Gorilla_gorilla,Saimiri_boliviensis,same-order,1,0,2,110,61,49,28,0,16293,80.60911876013697,0.9742975386626007,0.8325991189427313,0.8978922716627634,13419,2698,354
Gorilla_gorilla,Saimiri_boliviensis,same-order,1,0,3,110,64,46,27,0,16293,80.8614164714363,0.9743756786102064,0.8352050629769808,0.8994387277829747,13461,2656,354
Gorilla_gorilla,Saimiri_boliviensis,same-order,1,0,4,110,65,45,26,0,16292,80.99243061396132,0.9744145706851691,0.8365080349941056,0.9002103295162421,13482,2635,354
Gorilla_gorilla,Saimiri_boliviensis,same-order,1,0,5,110,65,45,26,0,16292,80.99243061396132,0.9744145706851691,0.8365080349941056,0.9002103295162421,13482,2635,354
Gorilla_gorilla,Saimiri_boliviensis,same-order,1,2,1,110,35,75,42,1,16331,77.50435147950303,0.9750811749603564,0.8000123908060219,0.8789136945276342,12913,3228,330
Gorilla_gorilla,Saimiri_boliviensis,same-order,1,2,2,110,51,59,36,1,16302,78.81900642758455,0.9743799197980098,0.8136549671338211,0.886793728034604,13121,3005,345
Gorilla_gorilla,Saimiri_boliviensis,same-order,1,2,3,110,56,54,33,0,16295,78.97836538461539,0.9744198116704975,0.8149572119558477,0.887583156046331,13142,2984,345
Gorilla_gorilla,Saimiri_boliviensis,same-order,1,2,4,110,56,54,33,0,16295,78.97836538461539,0.9744198116704975,0.8149572119558477,0.887583156046331,13142,2984,345
Gorilla_gorilla,Homo_sapiens,same-family,7,1,1,774,742,32,0,0,16346,93.01343344870065,0.9576614120915625,0.999243761028485,0.9780107941403239,15856,12,701
Gorilla_gorilla,Homo_sapiens,same-family,7,1,2,774,752,22,0,0,16344,93.03103185311198,0.9575534355754136,0.9995588049918064,0.9781053410632787,15859,7,703
Gorilla_gorilla,Homo_sapiens,same-family,7,1,3,774,756,18,0,0,16341,93.00170117909309,0.9573671497584542,0.9994326419971001,0.9779477531382045,15854,9,706
Gorilla_gorilla,Homo_sapiens,same-family,7,1,4,774,756,18,0,0,16341,93.01343344870065,0.9573722980316387,0.9995587215533002,0.9780107941403238,15856,7,706
Gorilla_gorilla,Homo_sapiens,same-family,7,1,5,774,756,18,0,0,16341,93.01343344870065,0.9573722980316387,0.9995587215533002,0.9780107941403238,15856,7,706
Gorilla_gorilla,Saimiri_boliviensis,same-order,2,0,1,220,70,150,38,8,16221,84.62465357271961,0.9738611939263676,0.8727476078041506,0.9205360946357768,14046,2048,377
Gorilla_gorilla,Saimiri_boliviensis,same-order,2,0,2,220,163,57,21,0,16209,85.86930311068242,0.9740819257334337,0.8851603281133482,0.9274947094253622,14244,1848,379
Gorilla_gorilla,Saimiri_boliviensis,same-order,2,0,3,220,169,51,17,0,16204,86.27510100705541,0.9741931090834809,0.889075316927666,0.9296900383390734,14307,1785,379
Gorilla_gorilla,Saimiri_boliviensis,same-order,2,0,4,220,169,51,17,0,16204,86.27510100705541,0.9741931090834809,0.889075316927666,0.9296900383390734,14307,1785,379
Gorilla_gorilla,Homo_sapiens,same-family,8,0,1,884,845,39,0,0,16344,92.98955766748797,0.9575907690448862,0.9989916178231549,0.9778531770512029,15851,16,702
Gorilla_gorilla,Homo_sapiens,same-family,8,0,2,884,858,26,0,0,16339,93.05368143150484,0.9573851632763928,0.9998739204438001,0.978168362627197,15861,2,706
Gorilla_gorilla,Homo_sapiens,same-family,8,0,3,884,860,24,0,0,16339,93.05954825462013,0.9573877353935297,0.9999369602219,0.9781998704942803,15862,1,706
Gorilla_gorilla,Homo_sapiens,same-family,8,0,4,884,860,24,0,0,16339,93.05954825462013,0.9573877353935297,0.9999369602219,0.9781998704942803,15862,1,706
Gorilla_gorilla,Homo_sapiens,same-family,8,1,1,884,851,33,0,0,16345,93.04235597794204,0.9576716381860999,0.9994958406856567,0.9781368528169231,15860,8,701
Gorilla_gorilla,Homo_sapiens,same-family,8,1,2,884,867,17,0,0,16343,93.07168837263875,0.9575688073394495,0.9999369721416866,0.9782943824381821,15865,1,703
Gorilla_gorilla,Homo_sapiens,same-family,8,1,3,884,868,16,0,0,16343,93.07168837263875,0.9575688073394495,0.9999369721416866,0.9782943824381821,15865,1,703
Gorilla_gorilla,Homo_sapiens,same-family,8,1,4,884,868,16,0,0,16343,93.07168837263875,0.9575688073394495,0.9999369721416866,0.9782943824381821,15865,1,703
Gorilla_gorilla,Homo_sapiens,same-family,8,2,1,884,836,48,0,0,16347,93.04235597794204,0.9577873059967389,0.9993698802772527,0.9781368528169231,15860,10,699
Gorilla_gorilla,Homo_sapiens,same-family,8,2,2,884,854,30,0,0,16343,93.07168837263875,0.9575688073394495,0.9999369721416866,0.9782943824381821,15865,1,703
Gorilla_gorilla,Homo_sapiens,same-family,8,2,3,884,859,25,0,0,16342,93.07714872396598,0.9575688073394495,0.9999369721416866,0.9782943824381821,15865,1,703
Gorilla_gorilla,Homo_sapiens,same-family,8,2,4,884,859,25,0,0,16342,93.07714872396598,0.9575688073394495,0.9999369721416866,0.9782943824381821,15865,1,703
Gorilla_gorilla,Saimiri_boliviensis,same-order,2,2,1,220,68,152,37,15,16213,86.54946113552893,0.973190711529348,0.8942457231726283,0.9320495364066653,14375,1700,396
Gorilla_gorilla,Saimiri_boliviensis,same-order,2,2,2,220,185,35,14,0,16189,87.9163905788808,0.9725461451322716,0.9088361666355315,0.939612438035151,14595,1464,412
Gorilla_gorilla,Saimiri_boliviensis,same-order,2,2,3,220,190,30,11,0,16181,88.09882494727327,0.9724624185180258,0.9105063212306159,0.9404650863593965,14620,1437,414
Gorilla_gorilla,Saimiri_boliviensis,same-order,2,2,4,220,190,30,11,0,16181,88.09882494727327,0.9724624185180258,0.9105063212306159,0.9404650863593965,14620,1437,414
Gorilla_gorilla,Saimiri_boliviensis,same-order,2,1,1,220,58,162,37,6,16255,84.16270533726458,0.9746359138735976,0.8683802073632582,0.9184450719022916,13987,2120,364
Gorilla_gorilla,Saimiri_boliviensis,same-order,2,1,2,220,145,75,19,0,16235,85.51649410065014,0.9741479805252692,0.8826892009444514,0.926166183133944,14206,1888,377
Gorilla_gorilla,Saimiri_boliviensis,same-order,2,1,3,220,152,68,18,0,16230,85.99638771824202,0.9740861974904528,0.8877011994282518,0.9288896114452933,14284,1807,380
Gorilla_gorilla,Saimiri_boliviensis,same-order,2,1,4,220,158,62,14,0,16226,86.24405514418157,0.9738291074706003,0.8905880890215094,0.930350358801182,14326,1760,385
Gorilla_gorilla,Saimiri_boliviensis,same-order,2,1,5,220,158,62,14,0,16226,86.24405514418157,0.9738291074706003,0.8905880890215094,0.930350358801182,14326,1760,385
Gorilla_gorilla,Saimiri_boliviensis,same-order,3,1,1,330,103,227,33,13,16211,87.57973281983392,0.9727959361005281,0.9060009960159362,0.938211120064464,14554,1510,407
Gorilla_gorilla,Saimiri_boliviensis,same-order,3,1,2,330,251,79,11,0,16201,88.1733373457719,0.9725172596919809,0.912374665255029,0.9414864560907427,14650,1407,414
Gorilla_gorilla,Saimiri_boliviensis,same-order,3,1,3,330,251,79,11,0,16201,88.1733373457719,0.9725172596919809,0.912374665255029,0.9414864560907427,14650,1407,414
Gorilla_gorilla,Saimiri_boliviensis,same-order,3,0,1,330,87,243,35,15,16185,89.53747814026413,0.9738947920766102,0.9237852298886331,0.9481784220441265,14848,1225,398
Gorilla_gorilla,Saimiri_boliviensis,same-order,3,0,2,330,276,54,12,0,16174,90.69472922446026,0.9735871042920956,0.9362510116416609,0.9545541098064106,15039,1024,408
Gorilla_gorilla,Saimiri_boliviensis,same-order,3,0,3,330,281,49,9,0,16171,90.85700500572945,0.9735056542810986,0.9379864267480231,0.9554160324708271,15065,996,410
Gorilla_gorilla,Saimiri_boliviensis,same-order,3,0,4,330,281,49,9,0,16171,90.85700500572945,0.9735056542810986,0.9379864267480231,0.9554160324708271,15065,996,410
Gorilla_gorilla,Saimiri_boliviensis,same-order,4,0,1,440,141,299,25,10,16146,90.6221712630499,0.9724776583344127,0.9358718683784121,0.9538236788617886,15017,1029,425
Gorilla_gorilla,Saimiri_boliviensis,same-order,4,0,2,440,363,77,5,0,16124,91.44271997101274,0.9720742119792001,0.9442504365178349,0.9579603327744916,15142,894,435
Gorilla_gorilla,Saimiri_boliviensis,same-order,4,0,3,440,364,76,4,0,16119,91.56248112580782,0.9719194768560072,0.9455498035302189,0.9585533179475831,15160,873,438
Gorilla_gorilla,Saimiri_boliviensis,same-order,4,0,4,440,364,76,4,0,16119,91.56248112580782,0.9719194768560072,0.9455498035302189,0.9585533179475831,15160,873,438
Gorilla_gorilla,Saimiri_boliviensis,same-order,3,2,1,330,100,230,35,8,16230,85.7959331007099,0.9732477990855115,0.886933266994216,0.928087986463621,14261,1818,392
Gorilla_gorilla,Saimiri_boliviensis,same-order,3,2,2,330,245,85,15,0,16206,87.55568934376882,0.9729711647822306,0.9051471961162632,0.937834526342942,14543,1524,404
Gorilla_gorilla,Saimiri_boliviensis,same-order,3,2,3,330,249,81,14,0,16199,87.82367818860652,0.9728503768928023,0.9078685258964143,0.9392368378682981,14584,1480,407
Gorilla_gorilla,Saimiri_boliviensis,same-order,3,2,4,330,253,77,11,0,16197,88.14141170802216,0.9729424278686345,0.9110433266932271,0.9409760174885874,14635,1429,407
Gorilla_gorilla,Saimiri_boliviensis,same-order,3,2,5,330,253,77,11,0,16197,88.14141170802216,0.9729424278686345,0.9110433266932271,0.9409760174885874,14635,1429,407
Gorilla_gorilla,Saimiri_boliviensis,same-order,4,1,1,440,124,316,24,13,16127,91.17149758454106,0.9721202755778765,0.9413892006484599,0.9565079666761697,15098,940,433
Gorilla_gorilla,Saimiri_boliviensis,same-order,4,1,2,440,362,78,4,0,16118,91.99782582437493,0.9719262425827857,0.9502214459484748,0.9609512995205651,15233,798,440
Gorilla_gorilla,Saimiri_boliviensis,same-order,4,1,3,440,367,73,3,0,16118,92.0763377219471,0.9719495091164095,0.9510323747738756,0.9613771794305893,15246,785,440
Gorilla_gorilla,Saimiri_boliviensis,same-order,4,1,4,440,367,73,3,0,16118,92.0763377219471,0.9719495091164095,0.9510323747738756,0.9613771794305893,15246,785,440
Gorilla_gorilla,Saimiri_boliviensis,same-order,4,2,1,440,132,308,26,16,16127,92.64244326412361,0.9720709309689677,0.9575171553337493,0.9647391577624136,15349,681,441
Gorilla_gorilla,Saimiri_boliviensis,same-order,4,2,2,440,404,36,6,0,16118,93.29389750709241,0.971769883684376,0.9646735738359755,0.9682087261565446,15456,566,449
Gorilla_gorilla,Saimiri_boliviensis,same-order,4,2,3,440,407,33,5,0,16109,93.4295549248143,0.971735443753533,0.9656700580488109,0.968693256527456,15471,550,450
Gorilla_gorilla,Saimiri_boliviensis,same-order,4,2,4,440,407,33,5,0,16109,93.4295549248143,0.971735443753533,0.9656700580488109,0.968693256527456,15471,550,450
Gorilla_gorilla,Saimiri_boliviensis,same-order,5,2,1,550,176,374,21,12,16106,92.9098162475822,0.972294262761718,0.9587101602943928,0.9654544312543183,15371,662,438
Gorilla_gorilla,Saimiri_boliviensis,same-order,5,2,2,550,478,72,4,0,16095,93.32607907145447,0.9718602455146365,0.9634298552171743,0.9676266883951238,15438,586,447
Gorilla_gorilla,Saimiri_boliviensis,same-order,5,2,3,550,482,68,3,0,16095,93.36235038084875,0.9718708703039456,0.9638042935596605,0.9678207739307535,15444,580,447
Gorilla_gorilla,Saimiri_boliviensis,same-order,5,2,4,550,482,68,3,0,16095,93.36235038084875,0.9718708703039456,0.9638042935596605,0.9678207739307535,15444,580,447
Gorilla_gorilla,Saimiri_boliviensis,same-order,7,2,1,769,242,527,20,13,16066,95.1994672801017,0.9720007417022065,0.9817705081782994,0.9768611982482841,15726,292,453
Gorilla_gorilla,Saimiri_boliviensis,same-order,7,2,2,769,749,20,2,0,16056,95.60452866743356,0.9716342603987201,0.9863210493441599,0.9789225714462836,15791,219,461
Gorilla_gorilla,Saimiri_boliviensis,same-order,7,2,3,769,749,20,2,0,16056,95.60452866743356,0.9716342603987201,0.9863210493441599,0.9789225714462836,15791,219,461
Gorilla_gorilla,Saimiri_boliviensis,same-order,5,0,1,550,163,387,20,11,16119,92.38670694864048,0.9725844411933083,0.9532418952618454,0.9628160322407985,15290,750,431
Gorilla_gorilla,Saimiri_boliviensis,same-order,5,0,2,550,479,71,5,0,16109,92.88131496253324,0.972231007653868,0.9587075848303394,0.9654219402656953,15370,662,439
Gorilla_gorilla,Saimiri_boliviensis,same-order,5,0,3,550,487,63,4,0,16100,93.21163029680227,0.9720733783017084,0.9620663838283005,0.9670439936032108,15420,608,443
Gorilla_gorilla,Saimiri_boliviensis,same-order,5,0,4,550,491,59,3,0,16099,93.33212428968686,0.972106787558242,0.963251809333666,0.9676590410529614,15439,589,443
Gorilla_gorilla,Saimiri_boliviensis,same-order,5,0,5,550,493,57,3,0,16099,93.43489299963728,0.9721366123655576,0.964312453206888,0.9682087261565447,15456,572,443
Gorilla_gorilla,Saimiri_boliviensis,same-order,5,0,6,550,493,57,3,0,16099,93.43489299963728,0.9721366123655576,0.964312453206888,0.9682087261565447,15456,572,443
Gorilla_gorilla,Saimiri_boliviensis,same-order,6,0,1,659,173,486,25,12,16145,90.81915792013511,0.9720446768674543,0.9387704202519017,0.9551178355060741,15056,982,433
Gorilla_gorilla,Saimiri_boliviensis,same-order,6,0,2,659,540,119,5,0,16135,91.47614164203415,0.971677559912854,0.9460353109988147,0.958685000790264,15164,865,442
Gorilla_gorilla,Saimiri_boliviensis,same-order,6,0,3,659,544,115,4,1,16087,93.51952605489058,0.9714285714285714,0.9659090909090909,0.9686609686609686,15470,546,455
Gorilla_gorilla,Saimiri_boliviensis,same-order,6,0,4,659,588,71,3,0,16087,93.51952605489058,0.9714285714285714,0.9659090909090909,0.9686609686609686,15470,546,455
Gorilla_gorilla,Saimiri_boliviensis,same-order,6,0,5,659,588,71,3,0,16087,93.51952605489058,0.9714285714285714,0.9659090909090909,0.9686609686609686,15470,546,455
Gorilla_gorilla,Saimiri_boliviensis,same-order,5,1,1,550,163,387,23,12,16134,91.15888640618395,0.9726159793814433,0.9407328929328181,0.9564087942723184,15095,951,425
Gorilla_gorilla,Saimiri_boliviensis,same-order,5,1,2,550,447,103,4,0,16121,92.09397837772543,0.9722009691405253,0.9509198628001247,0.9614426684321701,15248,787,436
Gorilla_gorilla,Saimiri_boliviensis,same-order,5,1,3,550,457,93,3,0,16119,92.35322541676733,0.9722133909836587,0.9535986029686915,0.9628160322407985,15290,744,437
Gorilla_gorilla,Saimiri_boliviensis,same-order,5,1,4,550,460,90,3,0,16114,92.58655066159145,0.9722733329103483,0.955719096919047,0.9639251454631231,15324,710,437
Gorilla_gorilla,Saimiri_boliviensis,same-order,5,1,5,550,464,86,3,0,16113,92.73759893662015,0.9722556533856971,0.9573379903948107,0.9647391577624137,15349,684,438
Gorilla_gorilla,Saimiri_boliviensis,same-order,5,1,6,550,467,83,3,0,16112,92.88864721164884,0.9722380319989882,0.9589570858283433,0.9655518919767625,15374,658,439
Gorilla_gorilla,Saimiri_sciureus,same-order,1,1,1,110,31,79,40,2,16333,77.97301349325338,0.9743705035971223,0.8059757004711133,0.8822092549871081,13002,3130,342
Gorilla_gorilla,Saimiri_sciureus,same-order,1,1,2,110,50,60,32,0,16327,78.56200527704486,0.9740520446096654,0.8124651162790698,0.8859509721048184,13101,3024,349
Gorilla_gorilla,Saimiri_sciureus,same-order,1,1,3,110,51,59,31,0,16326,78.72263868065967,0.974102107450282,0.814077519379845,0.8869294956251479,13127,2998,349
Gorilla_gorilla,Saimiri_sciureus,same-order,1,1,4,110,51,59,31,0,16326,78.72263868065967,0.974102107450282,0.814077519379845,0.8869294956251479,13127,2998,349
Gorilla_gorilla,Saimiri_sciureus,same-order,1,0,1,110,32,78,35,4,16308,79.58975589276075,0.9732306563989732,0.8237631137873238,0.8922807961269499,13270,2839,365
Gorilla_gorilla,Saimiri_sciureus,same-order,1,0,2,110,63,47,25,0,16300,80.07198560287942,0.9730281382125674,0.8288623944361649,0.8951780564683789,13348,2756,370
Gorilla_gorilla,Saimiri_sciureus,same-order,1,0,3,110,64,46,25,0,16299,80.23395320935813,0.9730103302778991,0.8305905731851208,0.8961774263794432,13375,2728,371
Gorilla_gorilla,Saimiri_sciureus,same-order,1,0,4,110,65,45,24,0,16298,80.2867598536205,0.9730260287916243,0.8310873750232876,0.8964731888669324,13383,2720,371
Gorilla_gorilla,Saimiri_sciureus,same-order,1,0,5,110,65,45,24,0,16298,80.2867598536205,0.9730260287916243,0.8310873750232876,0.8964731888669324,13383,2720,371
Gorilla_gorilla,Saimiri_sciureus,same-order,1,2,1,110,30,80,32,4,16310,79.64362850971922,0.9737401892466808,0.8237155621742368,0.8924669736797876,13275,2841,358
Gorilla_gorilla,Saimiri_sciureus,same-order,1,2,2,110,60,50,23,0,16305,80.10201020102011,0.9737398789116639,0.8284100781928757,0.8952151024377158,13349,2765,360
Gorilla_gorilla,Saimiri_sciureus,same-order,1,2,3,110,61,49,22,0,16305,80.18001800180018,0.9737647573240052,0.8292168300856398,0.8956964740581848,13362,2752,360
Gorilla_gorilla,Saimiri_sciureus,same-order,1,2,4,110,61,49,22,0,16305,80.18001800180018,0.9737647573240052,0.8292168300856398,0.8956964740581848,13362,2752,360
Gorilla_gorilla,Saimiri_boliviensis,same-order,6,2,1,659,177,482,19,11,16125,91.75021137818577,0.972288,0.9472502805836139,0.9596058490983167,15192,846,433
Gorilla_gorilla,Saimiri_boliviensis,same-order,6,2,2,659,536,123,3,1,16096,93.84671179883946,0.971954425942156,0.9689820882481432,0.9704659811857361,15526,497,448
Gorilla_gorilla,Saimiri_boliviensis,same-order,6,2,3,659,579,80,2,0,16095,93.98573500967117,0.9719339917489687,0.9704780926226438,0.9712054965646472,15549,473,449
Gorilla_gorilla,Saimiri_boliviensis,same-order,6,2,4,659,585,74,2,0,16094,94.14253762920873,0.9719777819384635,0.9720384471351892,0.9720081135902637,15574,448,449
Gorilla_gorilla,Saimiri_boliviensis,same-order,6,2,5,659,588,71,2,0,16094,94.24530012694191,0.9720074812967581,0.9730994882037198,0.9725531782172042,15591,431,449
Gorilla_gorilla,Saimiri_boliviensis,same-order,6,2,6,659,589,70,2,0,16093,94.40851115275343,0.9719940253920837,0.9748455152612197,0.9734176820717381,15618,403,450
Gorilla_gorilla,Saimiri_boliviensis,same-order,6,1,1,659,187,472,19,10,16131,91.16936458081662,0.97261421483343,0.9406705721051976,0.9563757326152384,15094,952,425
Gorilla_gorilla,Saimiri_boliviensis,same-order,6,1,2,659,544,115,4,2,16088,93.9280314484427,0.9720240330454375,0.9692336495257114,0.9706268358227611,15531,493,447
Gorilla_gorilla,Saimiri_boliviensis,same-order,6,1,3,659,588,71,1,0,16085,94.11551254913819,0.9718960779415439,0.9713501029898258,0.9716230137670526,15562,459,450
Gorilla_gorilla,Saimiri_boliviensis,same-order,6,1,4,659,589,70,1,0,16084,94.24821579775009,0.9719328884176386,0.9726608825915986,0.9722967492356648,15583,438,450
Gorilla_gorilla,Saimiri_boliviensis,same-order,6,1,5,659,592,67,1,0,16084,94.42361195113101,0.9719835636906985,0.9744710068035703,0.9732256958513854,15612,409,450
Gorilla_gorilla,Saimiri_boliviensis,same-order,6,1,6,659,596,63,1,0,16083,94.56271924519173,0.9719631978117618,0.9759675405742821,0.9739612533482839,15635,385,451
Gorilla_gorilla,Saimiri_sciureus,same-order,2,0,1,220,75,145,38,11,16211,86.45425525507439,0.9734165197341652,0.892550677776396,0.9312313481250811,14354,1728,392
Gorilla_gorilla,Saimiri_sciureus,same-order,2,0,2,220,176,44,18,0,16187,87.79150346489907,0.9727582292849035,0.9068218598282086,0.9386335083593724,14569,1497,408
Gorilla_gorilla,Saimiri_sciureus,same-order,2,0,3,220,178,42,16,0,16182,87.95805207328833,0.9726739536123701,0.9084910358565738,0.9394875756405305,14594,1470,410
Gorilla_gorilla,Saimiri_sciureus,same-order,2,0,4,220,178,42,16,0,16182,87.95805207328833,0.9726739536123701,0.9084910358565738,0.9394875756405305,14594,1470,410
Gorilla_gorilla,Saimiri_boliviensis,same-order,7,1,1,769,235,534,19,8,16112,91.96228923671964,0.9722080245336059,0.9489274133200299,0.96042665993436,15217,819,435
Gorilla_gorilla,Saimiri_boliviensis,same-order,7,1,2,769,631,138,2,0,16103,92.65727926512359,0.9718559837728195,0.9566356772945654,0.9641857686381787,15332,695,444
Gorilla_gorilla,Saimiri_boliviensis,same-order,7,1,3,769,640,129,2,0,16102,92.86836697691285,0.9719165085388994,0.9587570973981406,0.9652919559003675,15366,661,444
Gorilla_gorilla,Saimiri_boliviensis,same-order,7,1,4,769,648,121,2,1,16080,94.56811033147835,0.9719010319532513,0.9759660403271115,0.973929294502414,15634,385,452
Gorilla_gorilla,Saimiri_boliviensis,same-order,7,1,5,769,696,73,1,0,16079,94.68940906066655,0.9718169967099137,0.9773990135481051,0.9746000124509743,15655,362,454
Gorilla_gorilla,Saimiri_boliviensis,same-order,7,1,6,769,697,72,1,0,16078,94.80433073247444,0.9717899435798871,0.9786463536463537,0.9752060973712863,15674,342,455
Gorilla_gorilla,Saimiri_boliviensis,same-order,7,0,1,769,225,544,21,11,16113,91.96326061997704,0.9721494730118173,0.94911131898971,0.9604922688545283,15219,816,436
Gorilla_gorilla,Saimiri_boliviensis,same-order,7,0,2,769,645,124,2,1,16082,94.10306036046934,0.9717694085316345,0.9712841001310943,0.9715266937246333,15559,460,452
Gorilla_gorilla,Saimiri_boliviensis,same-order,7,0,3,769,686,83,1,0,16082,94.18773436554977,0.9717940717628705,0.9721580623010175,0.9719760329546874,15573,446,452
Gorilla_gorilla,Saimiri_boliviensis,same-order,7,0,4,769,688,81,1,0,16081,94.28415895481764,0.9718204488778055,0.973094450340221,0.972457032346611,15588,431,452
Gorilla_gorilla,Saimiri_boliviensis,same-order,7,0,5,769,699,70,1,0,16081,94.44142018992318,0.9718660525333002,0.9747175229415069,0.9732896992364034,15614,405,452
Gorilla_gorilla,Saimiri_boliviensis,same-order,7,0,6,769,702,67,1,0,16081,94.48980826226335,0.9718800547467961,0.9752169298957488,0.9735456330040818,15622,397,452
Gorilla_gorilla,Saimiri_sciureus,same-order,3,1,1,330,89,241,34,15,16189,88.11416184971098,0.9721650169401448,0.9114917471192775,0.9408512279799408,14634,1421,419
Gorilla_gorilla,Saimiri_sciureus,same-order,3,1,2,330,253,77,15,0,16179,88.39296470304782,0.9719830441118029,0.9142732540028659,0.9422453369289543,14675,1376,423
Gorilla_gorilla,Saimiri_sciureus,same-order,3,1,3,330,256,74,14,0,16175,88.50463911314617,0.9720108515847283,0.9152077752164974,0.9427544602746758,14690,1361,423
Gorilla_gorilla,Saimiri_sciureus,same-order,3,1,4,330,256,74,14,0,16175,88.50463911314617,0.9720108515847283,0.9152077752164974,0.9427544602746758,14690,1361,423
Gorilla_gorilla,Saimiri_boliviensis,same-order,8,0,1,879,256,623,16,10,16083,93.95258829221093,0.9716680217649634,0.9699088525408915,0.9707876402037054,15536,482,453
Gorilla_gorilla,Saimiri_boliviensis,same-order,8,0,2,879,778,101,1,0,16077,94.15714026492469,0.9715409099419584,0.9720262254136747,0.9717835070853361,15567,448,456
Gorilla_gorilla,Saimiri_boliviensis,same-order,8,0,3,879,783,96,1,0,16077,94.27811044577511,0.9715763884560245,0.9732750546362785,0.9724249797242498,15587,428,456
Gorilla_gorilla,Saimiri_boliviensis,same-order,8,0,4,879,791,88,1,0,16076,94.4289862085652,0.9716188460820315,0.9747736497034031,0.9731936911663861,15611,404,456
Gorilla_gorilla,Saimiri_boliviensis,same-order,8,0,5,879,798,81,1,0,16076,94.55601258165981,0.9716558925907509,0.976084920387137,0.9738653708376164,15632,383,456
Gorilla_gorilla,Saimiri_boliviensis,same-order,8,0,6,879,801,78,1,0,16075,94.65884345511735,0.9716254811871352,0.9772074434869489,0.9744084682440847,15649,365,457
Gorilla_gorilla,Saimiri_sciureus,same-order,2,1,1,220,56,164,43,9,16269,82.8186951820257,0.9733813457600791,0.8564328756911226,0.9111698612029081,13786,2311,377
Gorilla_gorilla,Saimiri_sciureus,same-order,2,1,2,220,134,86,30,0,16236,83.6641405028269,0.9727272727272728,0.8648346182541656,0.9156134807793576,13910,2174,390
Gorilla_gorilla,Saimiri_sciureus,same-order,2,1,3,220,141,79,25,0,16233,84.18456355651807,0.9728865406006674,0.8700571997015668,0.9186031245897336,13994,2090,390
Gorilla_gorilla,Saimiri_sciureus,same-order,2,1,4,220,141,79,25,0,16232,84.20767657321622,0.9728921943421144,0.8702437204675454,0.9187095927275113,13997,2087,390
Gorilla_gorilla,Saimiri_sciureus,same-order,2,1,5,220,141,79,25,0,16232,84.20767657321622,0.9728921943421144,0.8702437204675454,0.9187095927275113,13997,2087,390
Gorilla_gorilla,Saimiri_sciureus,same-order,2,2,1,220,75,145,41,7,16226,83.70174064928025,0.9735883424408015,0.8633285705410946,0.9151493200750717,13897,2200,377
Gorilla_gorilla,Saimiri_sciureus,same-order,2,2,2,220,150,70,24,0,16222,84.41245558031682,0.9735343150875243,0.8708755359473063,0.9193479615599068,14015,2078,381
Gorilla_gorilla,Saimiri_sciureus,same-order,2,2,3,220,153,67,23,0,16220,84.73167499849424,0.9734966438308768,0.8742775464545398,0.9212232335799883,14068,2023,383
Gorilla_gorilla,Saimiri_sciureus,same-order,2,2,4,220,156,64,22,0,16220,84.77985906161537,0.97351130783595,0.8747747187868995,0.9215057283142389,14076,2015,383
Gorilla_gorilla,Saimiri_sciureus,same-order,2,2,5,220,156,64,22,0,16220,84.77985906161537,0.97351130783595,0.8747747187868995,0.9215057283142389,14076,2015,383
Gorilla_gorilla,Saimiri_boliviensis,same-order,8,1,1,879,276,603,17,11,16083,93.89211417513305,0.9716502910069467,0.9692845548757648,0.9704659811857363,15526,492,453
Gorilla_gorilla,Saimiri_boliviensis,same-order,8,1,2,879,795,84,1,0,16077,94.17563807910972,0.9714873970551535,0.97233670538279,0.9719118656762997,15571,443,457
Gorilla_gorilla,Saimiri_boliviensis,same-order,8,1,3,879,800,79,1,0,16076,94.32045000907276,0.9715282536913588,0.9737729486699138,0.9726493060969905,15594,420,457
Gorilla_gorilla,Saimiri_boliviensis,same-order,8,1,4,879,805,74,1,0,16076,94.48980826226335,0.9715778344424405,0.9755214187585862,0.9735456330040819,15622,392,457
Gorilla_gorilla,Saimiri_boliviensis,same-order,8,1,5,879,810,69,1,0,16075,94.61682695215629,0.9715545618284579,0.9768937738087804,0.9742168524631002,15643,370,458
Gorilla_gorilla,Saimiri_boliviensis,same-order,8,1,6,879,813,66,1,0,16074,94.73779713300671,0.9715295868998883,0.978203847114664,0.9748552934586419,15663,349,459
Gorilla_gorilla,Saimiri_sciureus,same-order,4,0,1,440,136,304,29,12,16160,90.00482276344346,0.9721317879932283,0.9304499563754207,0.9508342886256528,14930,1116,428
Gorilla_gorilla,Saimiri_sciureus,same-order,4,0,2,440,365,75,12,0,16141,91.13389626055489,0.9717666730979484,0.9423136888057374,0.9568135764944274,15110,925,439
Gorilla_gorilla,Saimiri_sciureus,same-order,4,0,3,440,370,70,9,0,16140,91.31483715319662,0.9717586649550706,0.9442434825994761,0.957803504776365,15140,894,440
Gorilla_gorilla,Saimiri_sciureus,same-order,4,0,4,440,370,70,9,0,16140,91.31483715319662,0.9717586649550706,0.9442434825994761,0.957803504776365,15140,894,440
Gorilla_gorilla,Saimiri_sciureus,same-order,3,0,1,330,91,239,34,14,16178,87.74465522433002,0.9715276388611056,0.9079578737458716,0.9386676974616673,14570,1477,427
Gorilla_gorilla,Saimiri_sciureus,same-order,3,0,2,330,248,82,13,0,16165,88.66060131349039,0.9714795008912656,0.9172796409425259,0.9436019109301356,14715,1327,432
Gorilla_gorilla,Saimiri_sciureus,same-order,3,0,3,330,250,80,12,1,16152,89.28076204256345,0.9714641826292312,0.9233119271775049,0.9467762043282295,14809,1230,435
Gorilla_gorilla,Saimiri_sciureus,same-order,3,0,4,330,258,72,10,0,16152,89.37119430879605,0.9714922340913559,0.9242471475777791,0.9472809764202186,14824,1215,435
Gorilla_gorilla,Saimiri_sciureus,same-order,3,0,5,330,258,72,10,0,16152,89.37119430879605,0.9714922340913559,0.9242471475777791,0.9472809764202186,14824,1215,435
Gorilla_gorilla,Saimiri_boliviensis,same-order,8,2,1,879,259,620,16,9,16108,92.04229607250755,0.9718022328548644,0.9503400087341694,0.9609512995205652,15233,796,442
Gorilla_gorilla,Saimiri_boliviensis,same-order,8,2,2,879,745,134,3,0,16101,92.56752673877575,0.971586224392719,0.9560631592086376,0.9637621893677257,15319,704,448
Gorilla_gorilla,Saimiri_boliviensis,same-order,8,2,3,879,756,123,2,1,16076,94.27811044577511,0.9715158314634754,0.9733358311477457,0.9724249797242498,15587,427,457
Gorilla_gorilla,Saimiri_boliviensis,same-order,8,2,4,879,807,72,1,0,16076,94.44142018992318,0.9715636861427416,0.9750218558761085,0.9732896992364033,15614,400,457
Gorilla_gorilla,Saimiri_boliviensis,same-order,8,2,5,879,812,67,1,0,16075,94.61077844311377,0.9715527950310558,0.9768313245488041,0.9741849095381933,15642,371,458
Gorilla_gorilla,Saimiri_boliviensis,same-order,8,2,6,879,814,65,1,0,16074,94.7317486239642,0.9715278208547857,0.9781413939545341,0.9748233902841317,15662,350,459
Gorilla_gorilla,Saimiri_sciureus,same-order,5,1,1,550,174,376,22,12,16096,93.29224075416968,0.9715544367526746,0.963550118586943,0.9675357232389069,15438,584,452
Gorilla_gorilla,Saimiri_sciureus,same-order,5,1,2,550,471,79,2,0,16089,93.46669890003626,0.971297575681447,0.9655366173440719,0.9684085287579448,15465,552,457
Gorilla_gorilla,Saimiri_sciureus,same-order,5,1,3,550,471,79,2,0,16089,93.46669890003626,0.971297575681447,0.9655366173440719,0.9684085287579448,15465,552,457
Gorilla_gorilla,Saimiri_sciureus,same-order,3,2,1,330,95,235,28,12,16201,88.84541295449073,0.9729070533948583,0.9188196476374276,0.9450901290301925,14759,1304,411
Gorilla_gorilla,Saimiri_sciureus,same-order,3,2,2,330,265,65,11,0,16180,89.76690959465157,0.9724016441573693,0.9285402778643075,0.9499649435910511,14904,1147,423
Gorilla_gorilla,Saimiri_sciureus,same-order,3,2,3,330,276,54,8,0,16173,90.26447376347973,0.9723538191965734,0.9336365902293121,0.9526019645865785,14983,1065,426
Gorilla_gorilla,Saimiri_sciureus,same-order,3,2,4,330,277,53,8,0,16168,90.34590815957576,0.9723699571928914,0.93419740777667,0.9529015445242484,14992,1056,426
Gorilla_gorilla,Saimiri_sciureus,same-order,3,2,5,330,278,52,8,0,16168,90.41277493220849,0.9723284297842006,0.9350034274319188,0.953300717961751,15004,1043,427
Gorilla_gorilla,Saimiri_sciureus,same-order,3,2,6,330,279,51,8,0,16165,90.53158148505304,0.9723588814085966,0.9360628154795289,0.9538656929671375,15021,1026,427
Gorilla_gorilla,Saimiri_sciureus,same-order,4,2,1,440,141,299,28,14,16170,90.3964333052175,0.972265422498704,0.9350616976193444,0.9533007179617511,15004,1042,428
Gorilla_gorilla,Saimiri_sciureus,same-order,4,2,2,440,360,80,7,0,16159,90.83458873154565,0.9718891038039974,0.9398927547075695,0.9556231773804995,15074,964,436
Gorilla_gorilla,Saimiri_sciureus,same-order,4,2,3,440,366,74,7,0,16158,90.99674581173919,0.971936148300721,0.9415139044768674,0.9564831823652372,15100,938,436
Gorilla_gorilla,Saimiri_sciureus,same-order,4,2,4,440,372,68,7,0,16158,91.08713993009522,0.9719632177994985,0.9424491831899239,0.9569786951153882,15115,923,436
Gorilla_gorilla,Saimiri_sciureus,same-order,4,2,5,440,373,67,7,0,16158,91.20163914667953,0.9719974309569686,0.9436338695597954,0.957605669450772,15134,904,436
Gorilla_gorilla,Saimiri_sciureus,same-order,4,2,6,440,374,66,7,0,16157,91.27395444136435,0.9719566193929282,0.9444409802332107,0.9580012650221379,15146,891,437
Gorilla_gorilla,Saimiri_sciureus,same-order,4,1,1,440,111,329,24,13,16131,91.06711733462096,0.9718518518518519,0.9408243437051818,0.9560864330524048,15088,949,437
Gorilla_gorilla,Saimiri_sciureus,same-order,4,1,2,440,354,86,2,0,16122,91.76676525623228,0.9715618609406953,0.9484684010231456,0.9598762509075985,15203,826,445
Gorilla_gorilla,Saimiri_sciureus,same-order,4,1,3,440,358,82,2,1,16102,93.25883418906675,0.9714950918701233,0.9636726796080145,0.9675680757058253,15439,582,453
Gorilla_gorilla,Saimiri_sciureus,same-order,4,1,4,440,385,55,1,0,16101,93.41548870363658,0.9715398630395174,0.9652331315148868,0.9683762289435783,15464,557,453
Gorilla_gorilla,Saimiri_sciureus,same-order,4,1,5,440,386,54,1,0,16101,93.52422375256735,0.9715720112958895,0.9663566568878347,0.9689573163099262,15482,539,453
Gorilla_gorilla,Saimiri_sciureus,same-order,4,1,6,440,389,51,1,0,16100,93.63899963754983,0.9715449702287684,0.9676029962546816,0.9695699765441752,15501,519,454
Gorilla_gorilla,Aotus_azarai,same-order,1,0,1,111,31,80,32,6,16266,81.33205443318747,0.9703189815477042,0.8405824039653036,0.9008033995086647,13567,2573,415
Gorilla_gorilla,Aotus_azarai,same-order,1,0,2,111,69,42,24,0,16259,81.68735384061881,0.9702300405953992,0.8442089607733779,0.9028431307575054,13623,2514,418
Gorilla_gorilla,Aotus_azarai,same-order,1,0,3,111,69,42,24,0,16259,81.68735384061881,0.9702300405953992,0.8442089607733779,0.9028431307575054,13623,2514,418
Gorilla_gorilla,Saimiri_sciureus,same-order,5,0,1,550,158,392,21,10,16141,91.34447192231136,0.9718906430496727,0.9443751558992267,0.9579353532797773,15144,892,438
Gorilla_gorilla,Saimiri_sciureus,same-order,5,0,2,550,453,97,3,1,16104,93.76736320811692,0.9715894868585733,0.96916354556804,0.970375,15526,494,454
Gorilla_gorilla,Saimiri_sciureus,same-order,5,0,3,550,486,64,2,0,16103,93.89382134444645,0.971625,0.9704119850187266,0.9710181136789507,15546,474,454
Gorilla_gorilla,Saimiri_sciureus,same-order,5,0,4,550,488,62,2,0,16103,94.03273539892493,0.9716657305123885,0.9718476903870162,0.9717567019317791,15569,451,454
Gorilla_gorilla,Saimiri_sciureus,same-order,5,0,5,550,491,59,2,0,16103,94.14145074590807,0.9716975250919518,0.9729712858926342,0.9723339883347368,15587,433,454
Gorilla_gorilla,Saimiri_sciureus,same-order,5,0,6,550,492,58,2,0,16102,94.24412635139215,0.9716669780185566,0.9740932642487047,0.9728786083920444,15604,415,455
Gorilla_gorilla,Saimiri_sciureus,same-order,5,2,1,550,159,391,28,11,16175,88.49189612580587,0.9720696273744126,0.9149638674308498,0.9426526748178814,14687,1365,422
Gorilla_gorilla,Saimiri_sciureus,same-order,5,2,2,550,408,142,8,0,16166,89.33542206422848,0.9717525232664832,0.9242037025493985,0.9473818727836172,14827,1216,431
Gorilla_gorilla,Saimiri_sciureus,same-order,5,2,3,550,413,137,7,0,16164,89.55835391938302,0.9716937961691835,0.9266255220996197,0.9486246729210543,14864,1177,433
Gorilla_gorilla,Saimiri_sciureus,same-order,5,2,4,550,415,135,7,0,16162,89.73184694184995,0.9717436700600366,0.9283087089333583,0.9495297305914234,14891,1150,433
Gorilla_gorilla,Saimiri_sciureus,same-order,5,2,5,550,417,133,7,0,16162,89.85236517023199,0.9717805005213764,0.9295555139953868,0.950199139716425,14911,1130,433
Gorilla_gorilla,Saimiri_sciureus,same-order,5,2,6,550,420,130,7,0,16161,89.97288339861404,0.971753986332574,0.9308603491271821,0.9508676962267155,14931,1109,434
Gorilla_gorilla,Aotus_azarai,same-order,1,1,1,111,32,79,35,3,16328,78.79765746384606,0.9701294879340788,0.8165211468202366,0.8867220335563699,13186,2963,406
Gorilla_gorilla,Aotus_azarai,same-order,1,1,2,111,53,58,28,0,16315,79.409302881741,0.9699846636967794,0.8227205153617443,0.8903039849850856,13282,2862,411
Gorilla_gorilla,Aotus_azarai,same-order,1,1,3,111,53,58,28,0,16315,79.409302881741,0.9699846636967794,0.8227205153617443,0.8903039849850856,13282,2862,411
Gorilla_gorilla,Aotus_azarai,same-order,1,2,1,111,25,86,37,3,16319,78.92189087432021,0.9696035242290749,0.8181649216281519,0.8874701790934444,13206,2935,414
Gorilla_gorilla,Aotus_azarai,same-order,1,2,2,111,45,66,29,0,16314,79.50511027434105,0.9696041985567461,0.824265708266204,0.89104732558529,13302,2836,417
Gorilla_gorilla,Aotus_azarai,same-order,1,2,3,111,45,66,29,0,16314,79.50511027434105,0.9696041985567461,0.824265708266204,0.89104732558529,13302,2836,417
Gorilla_gorilla,Saimiri_sciureus,same-order,7,1,1,769,226,543,21,13,16089,93.20722789629541,0.9711605062653486,0.9629745254745254,0.9670501928081011,15423,593,458
Gorilla_gorilla,Saimiri_sciureus,same-order,7,1,2,769,678,91,3,0,16084,93.53922398162698,0.9710144927536232,0.9665875593305021,0.9687959688272667,15477,535,462
Gorilla_gorilla,Saimiri_sciureus,same-order,7,1,3,769,683,86,3,1,16062,95.11250907331237,0.9709769050265531,0.9825043739065233,0.9767066277408535,15724,280,470
Gorilla_gorilla,Saimiri_sciureus,same-order,7,1,4,769,724,45,2,0,16062,95.11250907331237,0.9709769050265531,0.9825043739065233,0.9767066277408535,15724,280,470
Gorilla_gorilla,Saimiri_sciureus,same-order,7,1,5,769,724,45,2,0,16062,95.11250907331237,0.9709769050265531,0.9825043739065233,0.9767066277408535,15724,280,470
Gorilla_gorilla,Aotus_azarai,same-order,2,0,1,221,61,160,38,11,16236,86.36635917095963,0.9692121538047862,0.8956948499720445,0.9310044232073097,14418,1679,458
Gorilla_gorilla,Aotus_azarai,same-order,2,0,2,221,164,57,17,0,16221,87.05501618122977,0.9689813888333,0.9027967681789931,0.9347189601364178,14526,1564,465
Gorilla_gorilla,Aotus_azarai,same-order,2,0,3,221,164,57,17,0,16221,87.05501618122977,0.9689813888333,0.9027967681789931,0.9347189601364178,14526,1564,465
Gorilla_gorilla,Saimiri_sciureus,same-order,6,0,1,659,183,476,20,13,16112,92.59527692214773,0.9717925963488844,0.956453927256847,0.9640622543625216,15331,698,445
Gorilla_gorilla,Saimiri_sciureus,same-order,6,0,2,659,572,87,3,0,16104,93.15655955544817,0.9715275590551181,0.9626139058794158,0.967050192808101,15423,599,452
Gorilla_gorilla,Saimiri_sciureus,same-order,6,0,3,659,583,76,2,0,16096,93.55287009063444,0.9715128317751145,0.9664794007490637,0.9689895797477862,15483,537,454
Gorilla_gorilla,Saimiri_sciureus,same-order,6,0,4,659,589,70,2,0,16093,93.70882939505651,0.9715538847117795,0.9679151061173533,0.9697310819262039,15506,514,454
Gorilla_gorilla,Saimiri_sciureus,same-order,6,0,5,659,591,68,2,0,16092,93.87200096694265,0.9715411558669002,0.9696610275298083,0.9706001812103601,15533,486,455
Gorilla_gorilla,Saimiri_sciureus,same-order,6,0,6,659,594,65,2,0,16091,94.02308575572611,0.9715249156987635,0.9712823074041703,0.9714035964035964,15558,460,456
Gorilla_gorilla,Saimiri_sciureus,same-order,6,2,1,659,195,464,21,12,16103,93.32608564353446,0.9714573117062744,0.9645443196004994,0.9679884733446095,15452,568,454
Gorilla_gorilla,Saimiri_sciureus,same-order,6,2,2,659,589,70,1,0,16082,94.02804642166345,0.971157447871145,0.9715213589807644,0.9713393693412427,15556,456,462
Gorilla_gorilla,Saimiri_sciureus,same-order,6,2,3,659,593,66,1,0,16081,94.1908964516714,0.9712041884816754,0.9731451411441419,0.9721736960319441,15582,430,462
Gorilla_gorilla,Saimiri_sciureus,same-order,6,2,4,659,599,60,1,0,16081,94.32388321344375,0.9712436200672228,0.9745191106669997,0.9728786083920443,15604,408,462
Gorilla_gorilla,Saimiri_sciureus,same-order,6,2,5,659,602,57,1,0,16080,94.46324951644101,0.9711657966691524,0.9761399125546534,0.9736465017755903,15628,382,464
Gorilla_gorilla,Saimiri_sciureus,same-order,6,2,6,659,605,54,1,0,16080,94.46324951644101,0.9711657966691524,0.9761399125546534,0.9736465017755903,15628,382,464
Gorilla_gorilla,Saimiri_sciureus,same-order,6,1,1,659,183,476,18,9,16111,91.95700742708773,0.9712991899993622,0.9503869196205691,0.9607292685234835,15229,795,450
Gorilla_gorilla,Saimiri_sciureus,same-order,6,1,2,659,545,114,3,0,16103,92.45727398997523,0.9710770011416974,0.9557997253090273,0.9633778001510194,15310,708,456
Gorilla_gorilla,Saimiri_sciureus,same-order,6,1,3,659,558,101,2,1,16079,94.17311411992263,0.9710190090370832,0.9732025735523768,0.9721095651088788,15580,429,465
Gorilla_gorilla,Saimiri_sciureus,same-order,6,1,4,659,595,64,1,0,16078,94.26343468536541,0.9710442742387446,0.9740770816415766,0.9725583135836349,15594,415,465
Gorilla_gorilla,Saimiri_sciureus,same-order,6,1,5,659,598,61,1,0,16078,94.37828688871426,0.9710784923497947,0.9752639140483478,0.9731667030261476,15613,396,465
Gorilla_gorilla,Saimiri_sciureus,same-order,6,1,6,659,598,61,1,0,16078,94.37828688871426,0.9710784923497947,0.9752639140483478,0.9731667030261476,15613,396,465
Gorilla_gorilla,Saimiri_sciureus,same-order,7,0,1,769,233,536,21,11,16117,92.04710144927536,0.9717582557694759,0.9508452373526293,0.9611880064318818,15243,788,443
Gorilla_gorilla,Saimiri_sciureus,same-order,7,0,2,769,632,137,2,0,16108,92.52883976565803,0.9715264125816475,0.95600624024961,0.9637038434924828,15320,705,449
Gorilla_gorilla,Saimiri_sciureus,same-order,7,0,3,769,638,131,2,0,16107,92.71003201062994,0.9715189873417721,0.957938092860709,0.9646807440925088,15350,674,450
Gorilla_gorilla,Saimiri_sciureus,same-order,7,0,4,769,646,123,2,1,16088,94.1066247582205,0.9715444617784711,0.9719690348358098,0.9717567019317792,15569,449,456
Gorilla_gorilla,Saimiri_sciureus,same-order,7,0,5,769,687,82,1,0,16088,94.25773694390716,0.971588785046729,0.9735297789986266,0.9725583135836346,15594,424,456
Gorilla_gorilla,Saimiri_sciureus,same-order,7,0,6,769,689,80,1,0,16087,94.36687821093986,0.9715014622612158,0.9748376623376623,0.9731667030261476,15613,403,458
Gorilla_gorilla,Aotus_azarai,same-order,2,2,1,221,69,152,45,12,16223,86.35382955771306,0.9688676707907478,0.895413870246085,0.9306937088231494,14409,1683,463
Gorilla_gorilla,Aotus_azarai,same-order,2,2,2,221,168,53,19,0,16210,87.97362110311751,0.9689646064447967,0.9122785203605844,0.9397675237759775,14674,1411,470
Gorilla_gorilla,Aotus_azarai,same-order,2,2,3,221,171,50,17,0,16206,88.13478026260567,0.9688262044421011,0.9140654147494093,0.9406494960806271,14700,1382,473
Gorilla_gorilla,Aotus_azarai,same-order,2,2,4,221,171,50,17,0,16206,88.13478026260567,0.9688262044421011,0.9140654147494093,0.9406494960806271,14700,1382,473
Gorilla_gorilla,Saimiri_sciureus,same-order,7,2,1,769,217,552,18,12,16107,91.95096914437534,0.9710496110190027,0.950561797752809,0.9606964860261182,15228,792,454
Gorilla_gorilla,Saimiri_sciureus,same-order,7,2,2,769,639,130,2,0,16101,92.45681845633531,0.9710135735126221,0.9557969657239184,0.9633451845326118,15309,708,457
Gorilla_gorilla,Saimiri_sciureus,same-order,7,2,3,769,648,121,2,0,16100,92.62547562964305,0.971063129234471,0.9574826746581757,0.9642250864508016,15336,681,457
Gorilla_gorilla,Saimiri_sciureus,same-order,7,2,4,769,651,118,2,0,16100,92.72815123512714,0.9710942441492726,0.9585440469501155,0.9647783328620353,15353,664,457
Gorilla_gorilla,Saimiri_sciureus,same-order,7,2,5,769,653,116,2,0,16099,92.8670652896056,0.9710749021093849,0.9600399600399601,0.9655259026687599,15376,640,458
Gorilla_gorilla,Saimiri_sciureus,same-order,7,2,6,769,658,111,2,0,16098,93.0180588270822,0.9710592686002522,0.9616609428660631,0.9663372549019607,15401,614,459
Gorilla_gorilla,Aotus_azarai,same-order,2,1,1,221,65,156,35,12,16260,85.74251497005989,0.9701876820922827,0.8885510394042817,0.9275766016713091,14319,1796,440
Gorilla_gorilla,Aotus_azarai,same-order,2,1,2,221,161,60,17,0,16247,87.09793351302785,0.9701114150376943,0.9027751909107842,0.9352328273732956,14541,1566,448
Gorilla_gorilla,Aotus_azarai,same-order,2,1,3,221,168,53,14,0,16243,87.62806302797915,0.9702799522356376,0.9080523995778234,0.9381354029697573,14626,1481,448
Gorilla_gorilla,Aotus_azarai,same-order,2,1,4,221,169,52,13,0,16243,87.6999580612306,0.9703035927349861,0.9087974172719936,0.9385439040810439,14638,1469,448
Gorilla_gorilla,Aotus_azarai,same-order,2,1,5,221,169,52,13,0,16243,87.6999580612306,0.9703035927349861,0.9087974172719936,0.9385439040810439,14638,1469,448
Gorilla_gorilla,Saimiri_sciureus,same-order,8,1,1,879,269,610,13,9,16086,93.79381194102007,0.9710942876806608,0.9693354983762178,0.9702140959524925,15521,491,462
Gorilla_gorilla,Saimiri_sciureus,same-order,8,1,2,879,791,88,1,0,16080,93.99177949709865,0.9710253528162858,0.9712679575265459,0.971146640019985,15550,460,464
Gorilla_gorilla,Saimiri_sciureus,same-order,8,1,3,879,797,82,1,0,16079,94.14893617021276,0.9710117823078361,0.9729527140983197,0.9719812792511701,15576,433,465
Gorilla_gorilla,Saimiri_sciureus,same-order,8,1,4,879,809,70,1,0,16078,94.31179350782809,0.9710586917283873,0.9745768005496908,0.9728145654071579,15602,407,465
Gorilla_gorilla,Saimiri_sciureus,same-order,8,1,5,879,812,67,1,0,16078,94.45082512240828,0.971100062150404,0.976013492410519,0.973550577899623,15625,384,465
Gorilla_gorilla,Saimiri_sciureus,same-order,8,1,6,879,815,64,1,0,16077,94.55963247294929,0.9710720715128189,0.9771989005497251,0.9741258523523367,15643,365,466
Gorilla_gorilla,Saimiri_sciureus,same-order,8,0,1,879,243,636,17,10,16111,91.98671497584542,0.9713684479020533,0.9505772230889236,0.9608603778345476,15233,792,449
Gorilla_gorilla,Saimiri_sciureus,same-order,8,0,2,879,739,140,2,0,16101,92.5413697306438,0.9710392902408111,0.9566710370231629,0.9638016165047018,15323,694,457
Gorilla_gorilla,Saimiri_sciureus,same-order,8,0,3,879,745,134,2,1,16078,94.2090310100949,0.9710280373831776,0.9735148978699482,0.9722698774135188,15585,424,465
Gorilla_gorilla,Saimiri_sciureus,same-order,8,0,4,879,803,76,1,0,16078,94.37224203590642,0.9710766934129502,0.9752014491848335,0.9731347004924266,15612,397,465
Gorilla_gorilla,Saimiri_sciureus,same-order,8,0,5,879,805,74,1,0,16078,94.45686997521611,0.9711018581815922,0.9760759572740334,0.973582554517134,15626,383,465
Gorilla_gorilla,Saimiri_sciureus,same-order,8,0,6,879,807,72,1,0,16077,94.55963247294929,0.9710720715128189,0.9771989005497251,0.9741258523523367,15643,365,466
Gorilla_gorilla,Aotus_azarai,same-order,3,0,1,332,104,228,32,13,16153,91.20634729819078,0.9690892834333887,0.9441851782714206,0.9564751489173942,15174,897,484
Gorilla_gorilla,Aotus_azarai,same-order,3,0,2,332,294,38,8,0,16144,91.99278629395852,0.9689122451563885,0.9526269920318725,0.9607006089522254,15303,761,491
Gorilla_gorilla,Aotus_azarai,same-order,3,0,3,332,298,34,6,0,16138,92.1471949972942,0.9688329750916678,0.9541153032000996,0.961417816813049,15325,737,493
Gorilla_gorilla,Aotus_azarai,same-order,3,0,4,332,298,34,6,0,16138,92.1471949972942,0.9688329750916678,0.9541153032000996,0.961417816813049,15325,737,493
Gorilla_gorilla,Saimiri_sciureus,same-order,8,2,1,879,232,647,17,10,16097,93.630650229635,0.9717152712449043,0.9669849591212631,0.9693443443443444,15494,529,451
Gorilla_gorilla,Saimiri_sciureus,same-order,8,2,2,879,798,81,2,0,16083,94.0340909090909,0.9712198776376576,0.9715231374508212,0.9713714838749961,15557,456,461
Gorilla_gorilla,Saimiri_sciureus,same-order,8,2,3,879,802,77,1,0,16081,94.2090310100949,0.9712095718825948,0.9733325006245316,0.9722698774135188,15585,427,462
Gorilla_gorilla,Saimiri_sciureus,same-order,8,2,4,879,804,75,1,0,16081,94.31179350782809,0.9712400398406374,0.97439420434674,0.9728145654071579,15602,410,462
Gorilla_gorilla,Saimiri_sciureus,same-order,8,2,5,879,807,72,1,0,16081,94.45082512240828,0.9712811586995711,0.9758306270297277,0.9735505778996231,15625,387,462
Gorilla_gorilla,Saimiri_sciureus,same-order,8,2,6,879,809,70,1,0,16080,94.57776703137279,0.9712583028120926,0.9772031728186872,0.9742216687422167,15646,365,463
Gorilla_gorilla,Aotus_azarai,same-order,3,1,1,332,87,245,31,15,16166,90.57975367978372,0.9692080226279249,0.9378576760388156,0.9532751643904906,15077,999,479
Gorilla_gorilla,Aotus_azarai,same-order,3,1,2,332,286,46,14,0,16152,91.88100961538461,0.9690688977625658,0.9515777680960976,0.9602436879788971,15289,778,488
Gorilla_gorilla,Aotus_azarai,same-order,3,1,3,332,298,34,8,0,16143,92.45010819908632,0.9689409689409689,0.9575395343045698,0.9632065132299985,15380,682,493
Gorilla_gorilla,Aotus_azarai,same-order,3,1,4,332,300,32,7,0,16143,92.55830728540515,0.9689761500220251,0.9586601917569418,0.9637905673958627,15398,664,493
Gorilla_gorilla,Aotus_azarai,same-order,3,1,5,332,300,32,7,0,16143,92.55830728540515,0.9689761500220251,0.9586601917569418,0.9637905673958627,15398,664,493
Gorilla_gorilla,Aotus_azarai,same-order,3,2,1,332,94,238,33,14,16157,90.67027351968741,0.9692821798084956,0.938172544628973,0.9534736709020798,15083,994,478
Gorilla_gorilla,Aotus_azarai,same-order,3,2,2,332,288,44,12,0,16141,91.73881673881674,0.9688234173598324,0.9498256972111554,0.959230503253387,15258,806,491
Gorilla_gorilla,Aotus_azarai,same-order,3,2,3,332,294,38,8,0,16134,92.07867195958138,0.9688627302069489,0.9530598269314574,0.960896309314587,15309,754,492
Gorilla_gorilla,Aotus_azarai,same-order,3,2,4,332,294,38,8,0,16134,92.07867195958138,0.9688627302069489,0.9530598269314574,0.960896309314587,15309,754,492
Gorilla_gorilla,Aotus_azarai,same-order,4,1,1,442,137,305,26,14,16150,91.34251187398544,0.9691885685123756,0.9453086112493778,0.957099659821091,15193,879,483
Gorilla_gorilla,Aotus_azarai,same-order,4,1,2,442,379,63,8,0,16136,91.83857581042882,0.9688471543683776,0.9505727091633466,0.9596229379418695,15270,794,491
Gorilla_gorilla,Aotus_azarai,same-order,4,1,3,442,380,62,7,0,16136,91.9047332651711,0.9688688815622623,0.9512574701195219,0.9599824098504838,15281,783,491
Gorilla_gorilla,Aotus_azarai,same-order,4,1,4,442,380,62,7,0,16136,91.9047332651711,0.9688688815622623,0.9512574701195219,0.9599824098504838,15281,783,491
Gorilla_gorilla,Aotus_azarai,same-order,4,2,1,442,146,296,33,17,16167,91.39991592096571,0.9691778641024008,0.9469852529400784,0.9579530433687921,15219,852,484
Gorilla_gorilla,Aotus_azarai,same-order,4,2,2,442,394,48,6,0,16155,92.4084084084084,0.968830678168881,0.9580323785803238,0.9634012710935786,15386,674,495
Gorilla_gorilla,Aotus_azarai,same-order,4,2,3,442,395,47,5,0,16148,92.5378514780101,0.9688011070574916,0.9590883616663554,0.9639202678599369,15402,657,496
Gorilla_gorilla,Aotus_azarai,same-order,4,2,4,442,395,47,5,0,16148,92.5378514780101,0.9688011070574916,0.9590883616663554,0.9639202678599369,15402,657,496
Gorilla_gorilla,Aotus_azarai,same-order,5,0,1,552,162,390,29,16,16162,92.41395879632411,0.9693189693189693,0.9575553895942246,0.9634012710935788,15386,682,487
Gorilla_gorilla,Aotus_azarai,same-order,5,0,2,552,474,78,5,0,16150,93.04854602259073,0.9690882923471622,0.9642612539692422,0.9666687472692093,15487,574,494
Gorilla_gorilla,Aotus_azarai,same-order,5,0,3,552,475,77,4,0,16150,93.15068493150685,0.9691211401425178,0.9653197185729406,0.9672166942200318,15504,557,494
Gorilla_gorilla,Aotus_azarai,same-order,5,0,4,552,475,77,4,0,16150,93.15068493150685,0.9691211401425178,0.9653197185729406,0.9672166942200318,15504,557,494
Gorilla_gorilla,Aotus_azarai,same-order,5,1,1,552,155,397,25,13,16144,93.19793294075231,0.9688905547226386,0.9659338606215357,0.9674099485420239,15510,547,498
Gorilla_gorilla,Aotus_azarai,same-order,5,1,2,552,515,37,3,0,16132,94.07345074232133,0.9687422629363703,0.9751401869158879,0.9719306961435756,15651,399,505
Gorilla_gorilla,Aotus_azarai,same-order,5,1,3,552,516,36,2,0,16130,94.17493237150586,0.9687712571887948,0.9760747663551402,0.9724092982837281,15666,384,505
Gorilla_gorilla,Aotus_azarai,same-order,5,1,4,552,516,36,2,0,16130,94.17493237150586,0.9687712571887948,0.9760747663551402,0.9724092982837281,15666,384,505
Gorilla_gorilla,Aotus_azarai,same-order,4,0,1,442,135,307,35,11,16164,91.10189858207161,0.9693153487182765,0.9432659409020218,0.9561132479979823,15163,912,480
Gorilla_gorilla,Aotus_azarai,same-order,4,0,2,442,389,53,12,0,16155,91.97260109355284,0.9691041468819247,0.9526980768033858,0.9608310840499655,15307,760,488
Gorilla_gorilla,Aotus_azarai,same-order,4,0,3,442,392,50,11,0,16149,92.10241615578795,0.9690760766457978,0.9538155110170546,0.9613852379309262,15324,742,489
Gorilla_gorilla,Aotus_azarai,same-order,4,0,4,442,393,49,11,0,16146,92.24065392475057,0.9689374329187449,0.9554255120463176,0.9621340354836687,15347,716,492
Gorilla_gorilla,Aotus_azarai,same-order,4,0,5,442,396,46,10,0,16146,92.25267460031253,0.968941354712455,0.955550021789205,0.9621990972918756,15349,714,492
Gorilla_gorilla,Aotus_azarai,same-order,4,0,6,442,396,46,10,0,16146,92.25267460031253,0.968941354712455,0.955550021789205,0.9621990972918756,15349,714,492
Gorilla_gorilla,Aotus_azarai,same-order,6,0,1,663,208,455,25,14,16108,94.2370227628568,0.9691583575896451,0.9745905212679828,0.9718668488386536,15649,408,498
Gorilla_gorilla,Aotus_azarai,same-order,6,0,2,663,618,45,3,0,16097,94.81481481481481,0.9687423086389367,0.9811179659749486,0.9748908634942258,15744,303,508
Gorilla_gorilla,Aotus_azarai,same-order,6,0,3,663,621,42,1,0,16094,94.91688749698868,0.9686539643515673,0.9822374571517607,0.9753984217855485,15760,285,510
Gorilla_gorilla,Aotus_azarai,same-order,6,0,4,663,621,42,1,0,16094,94.91688749698868,0.9686539643515673,0.9822374571517607,0.9753984217855485,15760,285,510
Gorilla_gorilla,Aotus_azarai,same-order,7,2,1,773,236,537,20,11,16106,94.53877649325626,0.9690180830710362,0.9780726343985547,0.9735243055555555,15701,352,502
Gorilla_gorilla,Aotus_azarai,same-order,7,2,2,773,720,53,1,0,16098,94.91147777911598,0.9687749708033684,0.9821773540225587,0.9754301274910261,15761,286,508
Gorilla_gorilla,Aotus_azarai,same-order,7,2,3,773,720,53,1,0,16098,94.91147777911598,0.9687749708033684,0.9821773540225587,0.9754301274910261,15761,286,508
Gorilla_gorilla,Aotus_azarai,same-order,5,2,1,552,173,379,28,14,16146,91.9011544011544,0.9691839452159026,0.951210405127886,0.9601130653266332,15285,784,486
Gorilla_gorilla,Aotus_azarai,same-order,5,2,2,552,477,75,5,0,16128,93.14846005774784,0.9689631437331832,0.9642568030387945,0.9666042446941324,15485,574,496
Gorilla_gorilla,Aotus_azarai,same-order,5,2,3,552,489,63,4,0,16120,93.53188929001203,0.9688376441258959,0.9682341949548428,0.9685358255451714,15545,510,500
Gorilla_gorilla,Aotus_azarai,same-order,5,2,4,552,492,60,2,0,16120,93.62815884476534,0.9688686881265176,0.9692307692307692,0.9690496948561463,15561,494,500
Gorilla_gorilla,Aotus_azarai,same-order,5,2,5,552,492,60,2,0,16120,93.62815884476534,0.9688686881265176,0.9692307692307692,0.9690496948561463,15561,494,500
Gorilla_gorilla,Aotus_azarai,same-order,6,1,1,663,215,448,21,11,16109,94.08187838651415,0.9689360119047619,0.9734022673477015,0.9711640047231372,15627,427,501
Gorilla_gorilla,Aotus_azarai,same-order,6,1,2,663,626,37,3,0,16099,94.76156069364161,0.968671139287253,0.9808051850928581,0.9747003994673769,15738,308,509
Gorilla_gorilla,Aotus_azarai,same-order,6,1,3,663,627,36,2,0,16095,94.88075162611419,0.9687019615077169,0.9818023183347875,0.975208146336934,15754,292,509
Gorilla_gorilla,Aotus_azarai,same-order,6,1,4,663,627,36,2,0,16095,94.88075162611419,0.9687019615077169,0.9818023183347875,0.975208146336934,15754,292,509
Gorilla_gorilla,Varecia_variegata,same-order,1,1,1,114,32,82,37,2,16326,74.28089952931606,0.9353870920532709,0.7948638229075986,0.8594191206131504,12783,3299,883
Gorilla_gorilla,Varecia_variegata,same-order,1,1,2,114,53,61,31,0,16325,74.5583449558345,0.9356085466345804,0.7977863449819674,0.8612183252223529,12830,3252,883
Gorilla_gorilla,Varecia_variegata,same-order,1,1,3,114,53,61,31,0,16325,74.5583449558345,0.9356085466345804,0.7977863449819674,0.8612183252223529,12830,3252,883
Gorilla_gorilla,Varecia_variegata,same-order,1,0,1,114,24,90,46,2,16327,73.9552455681488,0.9354506690192619,0.7909492136507739,0.8571524807167638,12724,3363,878
Gorilla_gorilla,Varecia_variegata,same-order,1,0,2,114,44,70,39,0,16324,74.55390874745713,0.935730960023344,0.7975006217358867,0.8611036519871107,12827,3257,881
Gorilla_gorilla,Varecia_variegata,same-order,1,0,3,114,46,68,37,0,16324,74.71665213600697,0.9358619685497962,0.7992414822183537,0.8621730382293762,12855,3229,881
Gorilla_gorilla,Varecia_variegata,same-order,1,0,4,114,46,68,37,0,16324,74.71665213600697,0.9358619685497962,0.7992414822183537,0.8621730382293762,12855,3229,881
Gorilla_gorilla,Aotus_azarai,same-order,7,1,1,773,223,550,22,13,16106,94.23841059602648,0.9688060902395247,0.9752040371316429,0.9719945355191257,15653,398,504
Gorilla_gorilla,Aotus_azarai,same-order,7,1,2,773,705,68,2,0,16095,94.96506865815466,0.9687288812434723,0.9826748099214757,0.9756520124988398,15768,278,509
Gorilla_gorilla,Aotus_azarai,same-order,7,1,3,773,709,64,1,0,16095,94.96506865815466,0.9687288812434723,0.9826748099214757,0.9756520124988398,15768,278,509
Gorilla_gorilla,Aotus_azarai,same-order,7,1,4,773,709,64,1,0,16095,94.96506865815466,0.9687288812434723,0.9826748099214757,0.9756520124988398,15768,278,509
Gorilla_gorilla,Aotus_azarai,same-order,7,0,1,773,228,545,22,15,16102,94.65221318879856,0.9689889025893959,0.979130326439073,0.9740332176499753,15717,335,503
Gorilla_gorilla,Aotus_azarai,same-order,7,0,2,773,716,57,2,0,16095,94.94097807757167,0.96872119461685,0.9824255266109934,0.9755252328351744,15764,282,509
Gorilla_gorilla,Aotus_azarai,same-order,7,0,3,773,719,54,1,0,16095,94.97711394844616,0.9687327231402421,0.9827994515767169,0.9757153905645785,15770,276,509
Gorilla_gorilla,Aotus_azarai,same-order,7,0,4,773,719,54,1,0,16095,94.97711394844616,0.9687327231402421,0.9827994515767169,0.9757153905645785,15770,276,509
Gorilla_gorilla,Aotus_azarai,same-order,8,0,1,883,254,629,24,12,16115,94.35585775317408,0.9688600556070436,0.9769484767304217,0.9728874550192331,15681,370,504
Gorilla_gorilla,Aotus_azarai,same-order,8,0,2,883,808,75,2,0,16103,94.72036602251521,0.9687230636621106,0.9804947965351779,0.9745733841246245,15734,313,508
Gorilla_gorilla,Aotus_azarai,same-order,8,0,3,883,808,75,2,0,16103,94.72036602251521,0.9687230636621106,0.9804947965351779,0.9745733841246245,15734,313,508
Gorilla_gorilla,Aotus_azarai,same-order,6,2,1,663,205,458,21,13,16105,94.5996387718242,0.968861758539894,0.9790031152647976,0.9739060369406224,15713,337,505
Gorilla_gorilla,Aotus_azarai,same-order,6,2,2,663,618,45,2,0,16100,94.93015414258188,0.9687845643357503,0.982488938742444,0.9755886265895239,15766,281,508
Gorilla_gorilla,Aotus_azarai,same-order,6,2,3,663,621,42,1,0,16096,95.00120452902915,0.968799901731974,0.9829874742942606,0.9758421231711466,15774,273,508
Gorilla_gorilla,Aotus_azarai,same-order,6,2,4,663,621,42,1,0,16096,95.01324981932065,0.9688037337263572,0.9831121081822147,0.9759054777148867,15776,271,508
Gorilla_gorilla,Aotus_azarai,same-order,6,2,5,663,621,42,1,0,16096,95.01324981932065,0.9688037337263572,0.9831121081822147,0.9759054777148867,15776,271,508
Gorilla_gorilla,Aotus_azarai,same-order,8,1,1,883,259,624,20,14,16102,94.86484859430497,0.9687096575889839,0.9820516016452698,0.9753350044873581,15758,288,509
Gorilla_gorilla,Aotus_azarai,same-order,8,1,2,883,824,59,1,0,16095,95.01324981932065,0.96874424316856,0.9831733765424405,0.9759054777148867,15776,270,509
Gorilla_gorilla,Aotus_azarai,same-order,8,1,3,883,824,59,1,0,16095,95.01324981932065,0.96874424316856,0.9831733765424405,0.9759054777148867,15776,270,509
Gorilla_gorilla,Varecia_variegata,same-order,1,2,1,114,18,96,45,3,16327,74.19111240197502,0.9349926793557833,0.7944268209243018,0.8589972088643777,12772,3305,888
Gorilla_gorilla,Varecia_variegata,same-order,1,2,2,114,37,77,39,0,16321,74.95061011040093,0.9355236437481869,0.8023762129883055,0.8638494508438253,12899,3177,889
Gorilla_gorilla,Varecia_variegata,same-order,1,2,3,114,40,74,36,0,16321,75.1946542707728,0.9357194504699927,0.8049888031848719,0.865445061191734,12941,3135,889
Gorilla_gorilla,Varecia_variegata,same-order,1,2,4,114,40,74,36,0,16321,75.1946542707728,0.9357194504699927,0.8049888031848719,0.865445061191734,12941,3135,889
Gorilla_gorilla,Varecia_variegata,same-order,2,1,1,227,43,184,44,9,16241,81.41891891891892,0.9378061053337806,0.8715550567402419,0.9034676663542642,13978,2060,927
Gorilla_gorilla,Varecia_variegata,same-order,2,1,2,227,148,79,28,0,16229,81.98240195792786,0.9378708086127592,0.8775026507827606,0.9066829928465554,14069,1964,932
Gorilla_gorilla,Varecia_variegata,same-order,2,1,3,227,151,76,26,0,16224,82.171581769437,0.9378700192908934,0.8794835007173601,0.9077388617048675,14099,1932,934
Gorilla_gorilla,Varecia_variegata,same-order,2,1,4,227,151,76,26,0,16224,82.171581769437,0.9378700192908934,0.8794835007173601,0.9077388617048675,14099,1932,934
Gorilla_gorilla,Aotus_azarai,same-order,8,2,1,883,276,607,22,10,16105,94.37654283822025,0.9688485073243093,0.9765746682449692,0.9726962457337884,15675,376,504
Gorilla_gorilla,Aotus_azarai,same-order,8,2,2,883,829,54,2,0,16095,95.0072271741749,0.9687423237533775,0.9831110557148199,0.975873801422827,15775,271,509
Gorilla_gorilla,Aotus_azarai,same-order,8,2,3,883,831,52,1,0,16095,95.0072271741749,0.9687423237533775,0.9831110557148199,0.975873801422827,15775,271,509
Gorilla_gorilla,Aotus_azarai,same-order,8,2,4,883,831,52,1,0,16095,95.0072271741749,0.9687423237533775,0.9831110557148199,0.975873801422827,15775,271,509
Gorilla_gorilla,Varecia_variegata,same-order,2,2,1,227,37,190,42,12,16281,81.36273711160247,0.9392127888232134,0.8706724782067248,0.9036448235750291,13983,2077,905
Gorilla_gorilla,Varecia_variegata,same-order,2,2,2,227,154,73,21,0,16265,82.11457848160224,0.9393273393273394,0.8785349445621029,0.9079146416041715,14104,1950,911
Gorilla_gorilla,Varecia_variegata,same-order,2,2,3,227,155,72,20,0,16265,82.22519795062878,0.9394040175601969,0.8797184502304721,0.9085820895522388,14123,1931,911
Gorilla_gorilla,Varecia_variegata,same-order,2,2,4,227,155,72,20,0,16265,82.22519795062878,0.9394040175601969,0.8797184502304721,0.9085820895522388,14123,1931,911
Gorilla_gorilla,Varecia_variegata,same-order,3,0,1,340,53,287,32,16,16155,85.72429497284989,0.9379072441548486,0.9180266366535359,0.927860460707176,14682,1311,972
Gorilla_gorilla,Varecia_variegata,same-order,3,0,2,340,259,81,12,0,16150,86.41831133948382,0.9381338742393509,0.9256363750078179,0.931843223673855,14800,1189,976
Gorilla_gorilla,Varecia_variegata,same-order,3,0,3,340,263,77,10,0,16144,86.64135514018692,0.9382630147384401,0.9277002939520921,0.9329517579721995,14833,1156,976
Gorilla_gorilla,Varecia_variegata,same-order,3,0,4,340,263,77,10,0,16144,86.64135514018692,0.9382630147384401,0.9277002939520921,0.9329517579721995,14833,1156,976
Gorilla_gorilla,Varecia_variegata,same-order,3,2,1,340,67,273,33,14,16232,83.2575492596479,0.9393580636674559,0.8902325001558312,0.9141357570326751,14282,1761,922
Gorilla_gorilla,Varecia_variegata,same-order,3,2,2,340,231,109,16,1,16195,85.58085230589609,0.9400448861814684,0.9145352464129757,0.9271146245059289,14660,1370,935
Gorilla_gorilla,Varecia_variegata,same-order,3,2,3,340,264,76,11,0,16192,86.04624007473143,0.940283271660074,0.9194584815022772,0.9297542819291549,14738,1291,936
Gorilla_gorilla,Varecia_variegata,same-order,3,2,4,340,266,74,10,0,16186,86.16058394160584,0.9401682171530521,0.9206913765131661,0.930327868852459,14755,1271,939
Gorilla_gorilla,Varecia_variegata,same-order,3,2,5,340,266,74,10,0,16186,86.16058394160584,0.9401682171530521,0.9206913765131661,0.930327868852459,14755,1271,939
Gorilla_gorilla,Varecia_variegata,same-order,2,0,1,227,37,190,45,8,16277,79.0677374301676,0.9374223816751759,0.8461203138622494,0.8894344069128045,13587,2471,907
Gorilla_gorilla,Varecia_variegata,same-order,2,0,2,227,122,105,34,0,16268,80.348099423715,0.9380861764306103,0.8597857231842532,0.8972308892355695,13803,2251,911
Gorilla_gorilla,Varecia_variegata,same-order,2,0,3,227,135,92,32,0,16262,80.87447601304146,0.9382640999662276,0.8654289452370569,0.900375939849624,13891,2160,914
Gorilla_gorilla,Varecia_variegata,same-order,2,0,4,227,138,89,30,0,16259,81.117903930131,0.9383081896551724,0.8680914698735124,0.9018351296242353,13932,2117,916
Gorilla_gorilla,Varecia_variegata,same-order,2,0,5,227,140,87,29,0,16257,81.21106259097526,0.9382483519440333,0.8691967345921356,0.90240351955488,13948,2099,918
Gorilla_gorilla,Varecia_variegata,same-order,2,0,6,227,140,87,29,0,16257,81.21106259097526,0.9382483519440333,0.8691967345921356,0.90240351955488,13948,2099,918
Gorilla_gorilla,Varecia_variegata,same-order,4,0,1,453,88,365,26,17,16120,88.96168470312956,0.9397515911759253,0.9510944340212633,0.9453889907686569,15208,782,975
Gorilla_gorilla,Varecia_variegata,same-order,4,0,2,453,399,54,8,0,16118,89.26001754899093,0.9398250800689825,0.9544033024768577,0.947058093346574,15259,729,977
Gorilla_gorilla,Varecia_variegata,same-order,4,0,3,453,401,52,7,0,16117,89.3997893997894,0.9399102035795559,0.9558418814110583,0.9478090985207925,15282,706,977
Gorilla_gorilla,Varecia_variegata,same-order,4,0,4,453,401,52,7,0,16117,89.3997893997894,0.9399102035795559,0.9558418814110583,0.9478090985207925,15282,706,977
Gorilla_gorilla,Varecia_variegata,same-order,5,2,1,566,118,448,19,12,16143,88.53101069737534,0.940157675833385,0.9465033435410287,0.9433198380566802,15145,856,964
Gorilla_gorilla,Varecia_variegata,same-order,5,2,2,566,478,88,7,0,16137,88.86160322750395,0.9402375649591685,0.9499343708981811,0.9450610950471038,15198,801,966
Gorilla_gorilla,Varecia_variegata,same-order,5,2,3,566,484,82,5,0,16137,88.90253171958136,0.9402634345433183,0.9503718982436402,0.9452906434566366,15205,794,966
Gorilla_gorilla,Varecia_variegata,same-order,5,2,4,566,484,82,5,0,16137,88.90253171958136,0.9402634345433183,0.9503718982436402,0.9452906434566366,15205,794,966
Gorilla_gorilla,Varecia_variegata,same-order,5,0,1,566,108,458,24,17,16120,88.7400561534862,0.939555335356413,0.9488398273813247,0.9441747572815535,15171,818,976
Gorilla_gorilla,Varecia_variegata,same-order,5,0,2,566,462,104,6,0,16118,89.00263234863995,0.9396615612648221,0.9516512384288216,0.9456183965195774,15215,773,977
Gorilla_gorilla,Varecia_variegata,same-order,5,0,3,566,463,103,5,0,16118,89.00263234863995,0.9396615612648221,0.9516512384288216,0.9456183965195774,15215,773,977
Gorilla_gorilla,Varecia_variegata,same-order,5,0,4,566,463,103,5,0,16118,89.00263234863995,0.9396615612648221,0.9516512384288216,0.9456183965195774,15215,773,977
Gorilla_gorilla,Varecia_variegata,same-order,3,1,1,340,55,285,31,16,16249,83.76884129663038,0.9390657620041754,0.8978853471399164,0.91801396728212,14394,1637,934
Gorilla_gorilla,Varecia_variegata,same-order,3,1,2,340,232,108,12,0,16245,84.32171332130594,0.9391975108575873,0.9040369376676858,0.9212818719399758,14489,1538,938
Gorilla_gorilla,Varecia_variegata,same-order,3,1,3,340,239,101,11,0,16239,84.72149467434957,0.9392179636082075,0.9084441115895899,0.9235747596840201,14556,1467,942
Gorilla_gorilla,Varecia_variegata,same-order,3,1,4,340,243,97,10,0,16239,84.80880041906758,0.9392767356410753,0.9093802658678151,0.9240867579908676,14571,1452,942
Gorilla_gorilla,Varecia_variegata,same-order,3,1,5,340,244,96,10,0,16239,84.80880041906758,0.9392767356410753,0.9093802658678151,0.9240867579908676,14571,1452,942
Gorilla_gorilla,Varecia_variegata,same-order,3,1,6,340,244,96,10,0,16239,84.80880041906758,0.9392767356410753,0.9093802658678151,0.9240867579908676,14571,1452,942
Gorilla_gorilla,Varecia_variegata,same-order,5,1,1,566,87,479,19,12,16050,91.22405909250791,0.9391634980988594,0.9751833051325437,0.9568345323741008,15561,396,1008
Gorilla_gorilla,Varecia_variegata,same-order,5,1,2,566,520,46,4,0,16041,91.59042927515834,0.9392025978711889,0.978939450921399,0.9586594236258172,15618,336,1011
Gorilla_gorilla,Varecia_variegata,same-order,5,1,3,566,521,45,4,0,16041,91.69598874032371,0.939268336637232,0.9800676946220384,0.9592343793135181,15636,318,1011
Gorilla_gorilla,Varecia_variegata,same-order,5,1,4,566,523,43,3,0,16038,91.742904058175,0.939128346740305,0.9807535577706726,0.9594897114293599,15644,307,1014
Gorilla_gorilla,Varecia_variegata,same-order,5,1,5,566,523,43,3,0,16038,91.742904058175,0.939128346740305,0.9807535577706726,0.9594897114293599,15644,307,1014
Gorilla_gorilla,Varecia_variegata,same-order,4,2,1,453,79,374,27,13,16094,89.26040873689759,0.9394182176753358,0.9537604805406081,0.9465350223546944,15243,739,983
Gorilla_gorilla,Varecia_variegata,same-order,4,2,2,453,397,56,6,0,16081,90.18275538894096,0.9395252334167328,0.9638162013271566,0.9515157133586724,15396,578,991
Gorilla_gorilla,Varecia_variegata,same-order,4,2,3,453,409,44,3,0,16073,90.57244975684068,0.9395818137612448,0.9678792811971698,0.9535206489220615,15458,513,994
Gorilla_gorilla,Varecia_variegata,same-order,4,2,4,453,409,44,3,1,16050,91.40144188500088,0.9391147244805781,0.9774351259872133,0.9578918271445683,15594,360,1011
Gorilla_gorilla,Varecia_variegata,same-order,4,2,5,453,420,33,2,0,16050,91.40144188500088,0.9391147244805781,0.9774351259872133,0.9578918271445683,15594,360,1011
Gorilla_gorilla,Varecia_variegata,same-order,4,2,6,453,420,33,2,0,16050,91.40144188500088,0.9391147244805781,0.9774351259872133,0.9578918271445683,15594,360,1011
Gorilla_gorilla,Varecia_variegata,same-order,6,0,1,679,122,557,23,15,16096,89.18412735572984,0.9389943307862952,0.9538654147104851,0.946371456075521,15238,737,990
Gorilla_gorilla,Varecia_variegata,same-order,6,0,2,679,583,96,3,0,16089,89.74419013053914,0.9391117917304748,0.9599273683551437,0.9494054991330195,15331,640,994
Gorilla_gorilla,Varecia_variegata,same-order,6,0,3,679,587,92,2,0,16085,89.89520519875886,0.9390862944162437,0.9615505041016971,0.9501856435643565,15355,614,996
Gorilla_gorilla,Varecia_variegata,same-order,6,0,4,679,588,91,2,0,16085,89.89520519875886,0.9390862944162437,0.9615505041016971,0.9501856435643565,15355,614,996
Gorilla_gorilla,Varecia_variegata,same-order,6,0,5,679,588,91,2,0,16085,89.89520519875886,0.9390862944162437,0.9615505041016971,0.9501856435643565,15355,614,996
Gorilla_gorilla,Varecia_variegata,same-order,4,1,1,453,69,384,22,13,16121,88.36529466791394,0.93893272038268,0.945688900012514,0.9422987000841673,15114,868,983
Gorilla_gorilla,Varecia_variegata,same-order,4,1,2,453,370,83,6,0,16114,89.14162086305696,0.9391363272346455,0.9541841397008199,0.9466004346476249,15245,732,988
Gorilla_gorilla,Varecia_variegata,same-order,4,1,3,453,377,76,4,0,16111,89.44444444444444,0.9392655367231638,0.9573735603405108,0.9482331060136392,15295,681,989
Gorilla_gorilla,Varecia_variegata,same-order,4,1,4,453,381,72,4,1,16065,90.79456228758936,0.9393186226964112,0.9706213981458282,0.9547134935304992,15495,469,1001
Gorilla_gorilla,Varecia_variegata,same-order,4,1,5,453,403,50,4,0,16065,90.79456228758936,0.9393186226964112,0.9706213981458282,0.9547134935304992,15495,469,1001
Gorilla_gorilla,Varecia_variegata,same-order,4,1,6,453,403,50,4,0,16065,90.79456228758936,0.9393186226964112,0.9706213981458282,0.9547134935304992,15495,469,1001
Saimiri_boliviensis,Homo_sapiens,same-order,1,1,1,111,34,77,36,2,16440,75.28488372093024,0.9445619665912904,0.8190903915491176,0.8773629649705265,12949,2860,760
Saimiri_boliviensis,Homo_sapiens,same-order,1,1,2,111,53,58,28,0,16436,75.87650444793302,0.9447621805545501,0.8256358344932304,0.8811911273169251,13050,2756,763
Saimiri_boliviensis,Homo_sapiens,same-order,1,1,3,111,53,58,28,0,16436,75.87650444793302,0.9447621805545501,0.8256358344932304,0.8811911273169251,13050,2756,763
Gorilla_gorilla,Varecia_variegata,same-order,6,2,1,679,138,541,20,15,16055,91.4218704192319,0.9397299903567985,0.9766363921077357,0.9578278096876247,15592,373,1000
Gorilla_gorilla,Varecia_variegata,same-order,6,2,2,679,614,65,4,0,16052,91.60265056001876,0.9397786066658645,0.9785141568529191,0.9587552936844044,15621,343,1001
Gorilla_gorilla,Varecia_variegata,same-order,6,2,3,679,616,63,3,0,16051,91.72579604761626,0.9397981254506128,0.9798909979327194,0.9594258901462875,15642,321,1002
Gorilla_gorilla,Varecia_variegata,same-order,6,2,4,679,616,63,3,0,16051,91.72579604761626,0.9397981254506128,0.9798909979327194,0.9594258901462875,15642,321,1002
Saimiri_boliviensis,Homo_sapiens,same-order,1,0,1,111,39,72,42,3,16423,76.20127981384526,0.9446848406173374,0.82894570307556,0.8830389645409195,13099,2703,767
Saimiri_boliviensis,Homo_sapiens,same-order,1,0,2,111,62,49,32,0,16419,76.91546919541567,0.9449646201129297,0.8368251155136401,0.8876132930513596,13221,2578,770
Saimiri_boliviensis,Homo_sapiens,same-order,1,0,3,111,64,47,31,0,16417,77.08418174413869,0.9449436599629154,0.8387668544660378,0.8886951272678493,13250,2547,772
Saimiri_boliviensis,Homo_sapiens,same-order,1,0,4,111,64,47,31,0,16417,77.08418174413869,0.9449436599629154,0.8387668544660378,0.8886951272678493,13250,2547,772
Gorilla_gorilla,Varecia_variegata,same-order,7,0,1,792,139,653,15,10,16047,91.44833245413515,0.9389744824265768,0.9781204940129146,0.9581478183437222,15602,349,1014
Gorilla_gorilla,Varecia_variegata,same-order,7,0,2,792,729,63,3,0,16040,91.74484052532833,0.9390302448391743,0.9811273434071102,0.9596173305123724,15648,301,1016
Gorilla_gorilla,Varecia_variegata,same-order,7,0,3,792,736,56,1,0,16034,91.9305653295801,0.9390200071882113,0.9830062080642127,0.9605097883030544,15676,271,1018
Gorilla_gorilla,Varecia_variegata,same-order,7,0,4,792,736,56,1,0,16034,91.9305653295801,0.9390200071882113,0.9830062080642127,0.9605097883030544,15676,271,1018
Gorilla_gorilla,Varecia_variegata,same-order,8,1,1,905,167,738,11,10,16049,91.4218704192319,0.9393902879865044,0.9770035716523592,0.9578278096876248,15592,367,1006
Gorilla_gorilla,Varecia_variegata,same-order,8,1,2,905,816,89,1,0,16049,91.43946056874817,0.939401240889103,0.9771915533554734,0.9579238329238329,15595,364,1006
Gorilla_gorilla,Varecia_variegata,same-order,8,1,3,905,816,89,1,0,16049,91.43946056874817,0.939401240889103,0.9771915533554734,0.9579238329238329,15595,364,1006
Saimiri_boliviensis,Homo_sapiens,same-order,1,2,1,111,35,76,33,5,16425,76.81968930005236,0.9454350161117079,0.8352628582273677,0.8869407496977025,13203,2604,762
Saimiri_boliviensis,Homo_sapiens,same-order,1,2,2,111,66,45,23,0,16415,77.4951987429436,0.9454700369213291,0.8427314726916018,0.89114940605655,13316,2485,768
Saimiri_boliviensis,Homo_sapiens,same-order,1,2,3,111,67,44,22,0,16415,77.4951987429436,0.9454700369213291,0.8427314726916018,0.89114940605655,13316,2485,768
Saimiri_boliviensis,Homo_sapiens,same-order,1,2,4,111,67,44,22,0,16415,77.4951987429436,0.9454700369213291,0.8427314726916018,0.89114940605655,13316,2485,768
Gorilla_gorilla,Varecia_variegata,same-order,7,1,1,792,144,648,15,9,16088,89.42003514938489,0.939554351840453,0.9550147031220672,0.9472214465233175,15264,719,982
Gorilla_gorilla,Varecia_variegata,same-order,7,1,2,792,672,120,4,1,16039,91.53963414634147,0.9388454600120265,0.9789942312515676,0.9584996009577015,15613,335,1017
Gorilla_gorilla,Varecia_variegata,same-order,7,1,3,792,728,64,1,0,16038,91.64467897977133,0.9389079113353758,0.9800601956358164,0.9590427979751496,15630,318,1017
Gorilla_gorilla,Varecia_variegata,same-order,7,1,4,792,728,64,1,0,16038,91.64467897977133,0.9389079113353758,0.9800601956358164,0.9590427979751496,15630,318,1017
Gorilla_gorilla,Varecia_variegata,same-order,7,2,1,792,176,616,18,11,16077,90.76112412177986,0.9392305362011512,0.9711815561959655,0.9549388609973204,15502,460,1003
Gorilla_gorilla,Varecia_variegata,same-order,7,2,2,792,720,72,2,0,16071,91.25827039053809,0.9392551524647463,0.9767500156671054,0.9576357101164328,15586,371,1008
Gorilla_gorilla,Varecia_variegata,same-order,7,2,3,792,721,71,1,0,16071,91.25827039053809,0.9392551524647463,0.9767500156671054,0.9576357101164328,15586,371,1008
Gorilla_gorilla,Varecia_variegata,same-order,7,2,4,792,721,71,1,0,16071,91.25827039053809,0.9392551524647463,0.9767500156671054,0.9576357101164328,15586,371,1008
Gorilla_gorilla,Varecia_variegata,same-order,6,1,1,679,121,558,17,9,16074,90.00292997363023,0.9393883792048929,0.9614999373982722,0.9503155550055686,15359,615,991
Gorilla_gorilla,Varecia_variegata,same-order,6,1,2,679,601,78,4,0,16068,90.5925795674345,0.9396315885464162,0.9676934635612322,0.9534560932728787,15456,516,993
Gorilla_gorilla,Varecia_variegata,same-order,6,1,3,679,605,74,3,1,16044,91.4565497830421,0.9391822725356778,0.9775618928235663,0.9579878385848536,15597,358,1010
Gorilla_gorilla,Varecia_variegata,same-order,6,1,4,679,623,56,2,0,16044,91.4565497830421,0.9391822725356778,0.9775618928235663,0.9579878385848536,15597,358,1010
Gorilla_gorilla,Varecia_variegata,same-order,6,1,5,679,623,56,2,0,16044,91.4565497830421,0.9391822725356778,0.9775618928235663,0.9579878385848536,15597,358,1010
Gorilla_gorilla,Varecia_variegata,same-order,8,2,1,905,180,725,14,11,16036,91.94229415904293,0.9391398107104348,0.9830083390808201,0.9605734767025089,15678,271,1016
Gorilla_gorilla,Varecia_variegata,same-order,8,2,2,905,818,87,1,0,16035,91.96575181796857,0.9390981495897958,0.9833207925758716,0.9607008300915858,15682,266,1017
Gorilla_gorilla,Varecia_variegata,same-order,8,2,3,905,818,87,1,0,16035,91.96575181796857,0.9390981495897958,0.9833207925758716,0.9607008300915858,15682,266,1017
Saimiri_boliviensis,Homo_sapiens,same-order,2,0,1,221,67,154,40,7,16357,82.45307216975633,0.9466568502777591,0.8967791022064417,0.9210432064598053,14144,1628,797
Saimiri_boliviensis,Homo_sapiens,same-order,2,0,2,221,178,43,17,0,16337,83.88921282798835,0.9465131578947369,0.9131124650926631,0.9295128569582634,14387,1369,813
Saimiri_boliviensis,Homo_sapiens,same-order,2,0,3,221,180,41,15,0,16337,83.96501457725948,0.9465588641293631,0.913937547600914,0.929962220284801,14400,1356,813
Saimiri_boliviensis,Homo_sapiens,same-order,2,0,4,221,180,41,15,0,16337,83.96501457725948,0.9465588641293631,0.913937547600914,0.929962220284801,14400,1356,813
Saimiri_boliviensis,Homo_sapiens,same-order,2,1,1,221,61,160,35,8,16365,81.7524631259838,0.9467963000472621,0.8886002154489576,0.9167756276150627,14023,1758,788
Saimiri_boliviensis,Homo_sapiens,same-order,2,1,2,221,163,58,19,0,16338,83.0631050973988,0.946312292358804,0.9036228665693801,0.9244750251533543,14242,1519,808
Saimiri_boliviensis,Homo_sapiens,same-order,2,1,3,221,168,53,16,0,16336,83.21959755030622,0.9463421104994362,0.9053299492385787,0.9253818464831209,14268,1492,809
Saimiri_boliviensis,Homo_sapiens,same-order,2,1,4,221,168,53,16,0,16336,83.21959755030622,0.9463421104994362,0.9053299492385787,0.9253818464831209,14268,1492,809
Gorilla_gorilla,Varecia_variegata,same-order,8,0,1,905,155,750,15,10,16042,91.45705071826444,0.9390163144903979,0.9778084252758275,0.9580198384669717,15598,354,1013
Gorilla_gorilla,Varecia_variegata,same-order,8,0,2,905,824,81,3,0,16035,91.8606696768897,0.9389797997961997,0.98231642315169,0.9601593625498007,15665,282,1018
Gorilla_gorilla,Varecia_variegata,same-order,8,0,3,905,828,77,1,0,16034,91.9305653295801,0.9390200071882113,0.9830062080642127,0.9605097883030544,15676,271,1018
Gorilla_gorilla,Varecia_variegata,same-order,8,0,4,905,828,77,1,0,16034,91.9305653295801,0.9390200071882113,0.9830062080642127,0.9605097883030544,15676,271,1018
Saimiri_boliviensis,Homo_sapiens,same-order,2,2,1,221,64,157,36,7,16375,79.68303909572919,0.9455199115044248,0.8666117483049236,0.9043478260869565,13676,2105,788
Saimiri_boliviensis,Homo_sapiens,same-order,2,2,2,221,135,86,25,0,16365,80.55830759368261,0.9456796880344804,0.8762599049128368,0.9096472755988417,13823,1952,794
Saimiri_boliviensis,Homo_sapiens,same-order,2,2,3,221,142,79,21,0,16361,80.85912455557498,0.9457359056513737,0.8795409877639003,0.9114381446685501,13873,1900,796
Saimiri_boliviensis,Homo_sapiens,same-order,2,2,4,221,142,79,21,0,16361,80.85912455557498,0.9457359056513737,0.8795409877639003,0.9114381446685501,13873,1900,796
Saimiri_boliviensis,Homo_sapiens,same-order,3,0,1,332,99,233,34,13,16303,85.76846773252421,0.9462469421913222,0.9342188890301258,0.940194447997953,14699,1035,835
Saimiri_boliviensis,Homo_sapiens,same-order,3,0,2,332,274,58,12,0,16291,86.72153154730637,0.9463694267515923,0.944744706555605,0.9455563687275274,14858,869,842
Saimiri_boliviensis,Homo_sapiens,same-order,3,0,3,332,279,53,11,0,16287,87.0293619753663,0.9464229035739224,0.9481081081081081,0.9472647563377596,14909,816,844
Saimiri_boliviensis,Homo_sapiens,same-order,3,0,4,332,280,52,10,0,16287,87.07606094215166,0.9464500983440137,0.9486168521462639,0.9475322365495777,14917,808,844
Saimiri_boliviensis,Homo_sapiens,same-order,3,0,5,332,280,52,10,0,16287,87.07606094215166,0.9464500983440137,0.9486168521462639,0.9475322365495777,14917,808,844
Saimiri_boliviensis,Homo_sapiens,same-order,3,2,1,332,98,234,36,12,16322,84.90610054823283,0.9464308932518528,0.924610987615116,0.9353937096411477,14558,1187,824
Saimiri_boliviensis,Homo_sapiens,same-order,3,2,2,332,270,62,15,0,16307,86.02181903039497,0.9464663970729829,0.9370829361296473,0.9417512933512167,14745,990,834
Saimiri_boliviensis,Homo_sapiens,same-order,3,2,3,332,276,56,13,0,16306,86.17852975495916,0.9465555911566805,0.9387353034636161,0.9426292278238673,14771,964,834
Saimiri_boliviensis,Homo_sapiens,same-order,3,2,4,332,276,56,13,0,16306,86.17852975495916,0.9465555911566805,0.9387353034636161,0.9426292278238673,14771,964,834
Saimiri_boliviensis,Homo_sapiens,same-order,4,0,1,442,124,318,30,15,16264,88.67472694351966,0.9465677411309932,0.9662678207739308,0.9563163364933388,15182,530,857
Saimiri_boliviensis,Homo_sapiens,same-order,4,0,2,442,406,36,8,0,16256,89.28487964477682,0.946722834840788,0.9728181297345471,0.9595931053970047,15282,427,860
Saimiri_boliviensis,Homo_sapiens,same-order,4,0,3,442,409,33,7,0,16256,89.39004440289787,0.9467821782178217,0.9739639696988988,0.9601807399039819,15300,409,860
Saimiri_boliviensis,Homo_sapiens,same-order,4,0,4,442,409,33,7,0,16256,89.39004440289787,0.9467821782178217,0.9739639696988988,0.9601807399039819,15300,409,860
Saimiri_boliviensis,Homo_sapiens,same-order,3,1,1,332,104,228,31,12,16318,85.72345390898484,0.9470190138575572,0.933066615863339,0.9399910434393193,14693,1054,822
Saimiri_boliviensis,Homo_sapiens,same-order,3,1,2,332,274,58,12,0,16301,86.55305241041205,0.9468173402285641,0.9424250127097102,0.944616070575496,14830,906,833
Saimiri_boliviensis,Homo_sapiens,same-order,3,1,3,332,279,53,11,0,16298,86.78650636162017,0.9467719342926271,0.9451471429479438,0.9459588409300549,14870,863,836
Saimiri_boliviensis,Homo_sapiens,same-order,3,1,4,332,281,51,11,0,16298,86.78650636162017,0.9467719342926271,0.9451471429479438,0.9459588409300549,14870,863,836
Saimiri_boliviensis,Homo_sapiens,same-order,3,1,5,332,281,51,11,0,16298,86.78650636162017,0.9467719342926271,0.9451471429479438,0.9459588409300549,14870,863,836
Saimiri_boliviensis,Homo_sapiens,same-order,6,2,1,663,212,451,24,15,16189,91.27658327962973,0.9465370595382746,0.9930524571355727,0.9692369902640828,15580,109,880
Saimiri_boliviensis,Homo_sapiens,same-order,6,2,2,663,642,21,1,0,16181,91.60417154909773,0.9463140055683331,0.9970029332993241,0.9709973916283692,15635,47,887
Saimiri_boliviensis,Homo_sapiens,same-order,6,2,3,663,642,21,1,0,16181,91.60417154909773,0.9463140055683331,0.9970029332993241,0.9709973916283692,15635,47,887
Saimiri_boliviensis,Homo_sapiens,same-order,4,2,1,442,146,296,32,14,16323,85.7517788405459,0.9469921422130619,0.933760955163216,0.940330007674597,14703,1043,823
Saimiri_boliviensis,Homo_sapiens,same-order,4,2,2,442,360,82,10,1,16277,87.94885268873708,0.946584553509709,0.958267065334945,0.9523899848254932,15063,656,850
Saimiri_boliviensis,Homo_sapiens,same-order,4,2,3,442,392,50,8,0,16277,87.94885268873708,0.946584553509709,0.958267065334945,0.9523899848254932,15063,656,850
Saimiri_boliviensis,Homo_sapiens,same-order,4,2,4,442,392,50,8,0,16277,87.94885268873708,0.946584553509709,0.958267065334945,0.9523899848254932,15063,656,850
Saimiri_boliviensis,Homo_sapiens,same-order,7,0,1,774,233,541,20,13,16239,90.54243628711714,0.9468793936059662,0.986624203821656,0.9663433045322686,15490,210,869
Saimiri_boliviensis,Homo_sapiens,same-order,7,0,2,774,719,55,2,0,16231,90.73900841908326,0.9467455621301775,0.9887869520897044,0.967309669980367,15520,176,873
Saimiri_boliviensis,Homo_sapiens,same-order,7,0,3,774,719,55,2,0,16231,90.73900841908326,0.9467455621301775,0.9887869520897044,0.967309669980367,15520,176,873
Saimiri_boliviensis,Homo_sapiens,same-order,5,2,1,553,163,390,28,13,16255,89.74643608319701,0.9469239304648008,0.9779093455564044,0.962167240839336,15361,347,861
Saimiri_boliviensis,Homo_sapiens,same-order,5,2,2,553,514,39,7,0,16250,90.02044989775051,0.9468411996066863,0.9810876209882833,0.9636602451838879,15407,297,865
Saimiri_boliviensis,Homo_sapiens,same-order,5,2,3,553,515,38,6,0,16250,90.06719252118025,0.9468673218673219,0.9815970453387672,0.963919459729865,15415,289,865
Saimiri_boliviensis,Homo_sapiens,same-order,5,2,4,553,515,38,6,0,16250,90.06719252118025,0.9468673218673219,0.9815970453387672,0.963919459729865,15415,289,865
Saimiri_boliviensis,Homo_sapiens,same-order,5,0,1,553,169,384,24,12,16203,90.5539939095807,0.9465597453476984,0.9851554536187563,0.9654720279720279,15463,233,873
Saimiri_boliviensis,Homo_sapiens,same-order,5,0,2,553,527,26,4,0,16188,91.1668228678538,0.9462548638132295,0.9922856232068855,0.9687237419475305,15564,121,884
Saimiri_boliviensis,Homo_sapiens,same-order,5,0,3,553,529,24,3,0,16188,91.27225866916588,0.9463136159358678,0.9934332164488364,0.969301110385369,15582,103,884
Saimiri_boliviensis,Homo_sapiens,same-order,5,0,4,553,529,24,3,0,16188,91.27225866916588,0.9463136159358678,0.9934332164488364,0.969301110385369,15582,103,884
Saimiri_boliviensis,Homo_sapiens,same-order,4,1,1,442,145,297,30,15,16268,88.52286665498511,0.946717471422325,0.9643675235428862,0.9554609929078014,15156,560,853
Saimiri_boliviensis,Homo_sapiens,same-order,4,1,2,442,404,38,7,0,16259,89.33411214953271,0.9467038068709378,0.9736440030557678,0.9599849355051313,15294,414,861
Saimiri_boliviensis,Homo_sapiens,same-order,4,1,3,442,410,32,5,0,16256,89.45492784950633,0.9467631237247264,0.9747899159663865,0.9605721275995107,15312,396,861
Saimiri_boliviensis,Homo_sapiens,same-order,4,1,4,442,411,31,4,0,16256,89.45492784950633,0.9467631237247264,0.9747899159663865,0.9605721275995107,15312,396,861
Saimiri_boliviensis,Homo_sapiens,same-order,4,1,5,442,411,31,4,0,16256,89.45492784950633,0.9467631237247264,0.9747899159663865,0.9605721275995107,15312,396,861
Saimiri_boliviensis,Homo_sapiens,same-order,6,0,1,663,210,453,22,13,16198,90.96551320334915,0.9463361150027411,0.9903110657827638,0.967824326428905,15536,152,881
Saimiri_boliviensis,Homo_sapiens,same-order,6,0,2,663,637,26,2,0,16182,91.54269649759868,0.9460113787677037,0.9970019774191491,0.9708376036522873,15630,47,892
Saimiri_boliviensis,Homo_sapiens,same-order,6,0,3,663,638,25,1,0,16182,91.58369450626684,0.9460342428459072,0.9974484914205524,0.9710612929267838,15637,40,892
Saimiri_boliviensis,Homo_sapiens,same-order,6,0,4,663,638,25,1,0,16182,91.58369450626684,0.9460342428459072,0.9974484914205524,0.9710612929267838,15637,40,892
Saimiri_boliviensis,Homo_sapiens,same-order,5,1,1,553,163,390,25,12,16279,88.62946532804109,0.9468105007170917,0.9661491473657419,0.9563820741347274,15184,532,853
Saimiri_boliviensis,Homo_sapiens,same-order,5,1,2,553,495,58,5,0,16269,89.08092958075441,0.94681313225346,0.9709775967413442,0.9587431264728986,15256,456,857
Saimiri_boliviensis,Homo_sapiens,same-order,5,1,3,553,498,55,5,0,16269,89.25026275837908,0.9469086854169247,0.9728233197556008,0.9596910906008664,15285,427,857
Saimiri_boliviensis,Homo_sapiens,same-order,5,1,4,553,502,51,5,0,16266,89.39438182561467,0.9469809453105666,0.9742235234215886,0.96040908520517,15307,405,857
Saimiri_boliviensis,Homo_sapiens,same-order,5,1,5,553,506,47,5,0,16266,89.47614319920575,0.9470268265545803,0.9751145621181263,0.9608654750705551,15321,391,857
Saimiri_boliviensis,Homo_sapiens,same-order,5,1,6,553,508,45,5,0,16265,89.6396659463879,0.9470599123835379,0.9769588186620839,0.9617770537001066,15349,362,858
Saimiri_boliviensis,Gorilla_gorilla,same-order,1,1,1,110,35,75,41,3,16434,79.61584633853542,0.9832468495181615,0.8219110174742843,0.8953692453084919,13264,2874,226
Saimiri_boliviensis,Gorilla_gorilla,same-order,1,1,2,110,61,49,27,0,16427,80.5967461127454,0.9831563529842549,0.8320937151357382,0.9013394205914934,13425,2709,230
Saimiri_boliviensis,Gorilla_gorilla,same-order,1,1,3,110,61,49,27,0,16427,80.5967461127454,0.9831563529842549,0.8320937151357382,0.9013394205914934,13425,2709,230
Saimiri_boliviensis,Homo_sapiens,same-order,7,2,1,774,245,529,21,14,16194,91.3611338877826,0.9465987013775108,0.9942634967174453,0.9698458095001243,15599,90,880
Saimiri_boliviensis,Homo_sapiens,same-order,7,2,2,774,745,29,1,0,16178,91.72134989453949,0.9462073133877305,0.9984692901332993,0.9716360476663357,15655,24,890
Saimiri_boliviensis,Homo_sapiens,same-order,7,2,3,774,745,29,1,0,16178,91.72134989453949,0.9462073133877305,0.9984692901332993,0.9716360476663357,15655,24,890
Saimiri_boliviensis,Homo_sapiens,same-order,6,1,1,663,195,468,22,14,16260,88.7720528099077,0.9465553756073253,0.9672204188148431,0.9567763261451284,15196,515,858
Saimiri_boliviensis,Homo_sapiens,same-order,6,1,2,663,575,88,4,0,16254,89.20371560436992,0.9465038432928341,0.9721762383802368,0.9591682894654187,15269,437,863
Saimiri_boliviensis,Homo_sapiens,same-order,6,1,3,663,579,84,3,0,16253,89.33746202383735,0.9465766992695308,0.9735769769514835,0.9598870056497175,15291,415,863
Saimiri_boliviensis,Homo_sapiens,same-order,6,1,4,663,580,83,3,0,16250,89.43493250745048,0.9466229589312222,0.9744683560422769,0.9603438539248291,15305,401,863
Saimiri_boliviensis,Homo_sapiens,same-order,6,1,5,663,583,80,3,0,16250,89.54595921229475,0.9466856119107926,0.9756780848083535,0.9609632207694477,15324,382,863
Saimiri_boliviensis,Homo_sapiens,same-order,6,1,6,663,586,77,3,0,16250,89.64529889557646,0.9467415452974575,0.9767604737043168,0.9615167659041053,15341,365,863
Saimiri_boliviensis,Homo_sapiens,same-order,8,0,1,884,260,624,21,12,16184,91.53436053664538,0.9463928766127567,0.9961744452945677,0.9706457925636008,15624,60,885
Saimiri_boliviensis,Homo_sapiens,same-order,8,0,2,884,855,29,1,0,16173,91.73209891011368,0.9460357747159778,0.9986603725440163,0.9716360476663356,15655,21,893
Saimiri_boliviensis,Homo_sapiens,same-order,8,0,3,884,855,29,1,0,16173,91.73209891011368,0.9460357747159778,0.9986603725440163,0.9716360476663356,15655,21,893
Saimiri_boliviensis,Gorilla_gorilla,same-order,1,2,1,110,31,79,40,3,16429,79.3852803457798,0.982977774474095,0.8195847536411528,0.8938758956333648,13224,2911,229
Saimiri_boliviensis,Gorilla_gorilla,same-order,1,2,2,110,55,55,34,0,16423,79.7982830041424,0.9826999852136625,0.8240545567265964,0.8964121931480982,13292,2838,234
Saimiri_boliviensis,Gorilla_gorilla,same-order,1,2,3,110,57,53,32,0,16420,79.90513928914505,0.9825765965300849,0.8252108134920635,0.8970444511845784,13309,2819,236
Saimiri_boliviensis,Gorilla_gorilla,same-order,1,2,4,110,57,53,32,0,16420,79.90513928914505,0.9825765965300849,0.8252108134920635,0.8970444511845784,13309,2819,236
Saimiri_boliviensis,Gorilla_gorilla,same-order,1,0,1,110,35,75,35,5,16414,79.95680604715339,0.981226533166458,0.827363585573282,0.8977502357537384,13328,2781,255
Saimiri_boliviensis,Gorilla_gorilla,same-order,1,0,2,110,63,47,27,0,16408,80.47639047219056,0.9810561732007022,0.8328469419434958,0.9008966652114048,13413,2692,259
Saimiri_boliviensis,Gorilla_gorilla,same-order,1,0,3,110,64,46,27,0,16405,80.60838783224335,0.9808717237351244,0.8343684014408148,0.9017081110104366,13435,2667,262
Saimiri_boliviensis,Gorilla_gorilla,same-order,1,0,4,110,65,45,26,0,16404,80.69722788911557,0.9808912551965575,0.8352378586510992,0.9022238620735921,13449,2653,262
Saimiri_boliviensis,Gorilla_gorilla,same-order,1,0,5,110,65,45,26,0,16404,80.69722788911557,0.9808912551965575,0.8352378586510992,0.9022238620735921,13449,2653,262
Saimiri_boliviensis,Gorilla_gorilla,same-order,2,0,1,219,60,159,37,11,16363,84.73557692307692,0.9807331153926411,0.8764841176104929,0.9256827731092436,14100,1987,277
Saimiri_boliviensis,Gorilla_gorilla,same-order,2,0,2,219,161,58,19,0,16341,85.86551184891134,0.9804271684637044,0.8878661608308974,0.9318537859007833,14276,1803,285
Saimiri_boliviensis,Gorilla_gorilla,same-order,2,0,3,219,171,48,16,0,16331,86.20150375939849,0.9798974358974359,0.8917859365276913,0.9337677146115003,14331,1739,294
Saimiri_boliviensis,Gorilla_gorilla,same-order,2,0,4,219,172,47,15,0,16331,86.30375939849624,0.9799207758502937,0.892843808338519,0.9343579057046106,14348,1722,294
Saimiri_boliviensis,Gorilla_gorilla,same-order,2,0,5,219,172,47,15,0,16331,86.30375939849624,0.9799207758502937,0.892843808338519,0.9343579057046106,14348,1722,294
Saimiri_boliviensis,Gorilla_gorilla,same-order,2,1,1,219,56,163,32,9,16356,84.51550853570569,0.9804741980474198,0.8741606565530963,0.9242703129108598,14060,2024,280
Saimiri_boliviensis,Gorilla_gorilla,same-order,2,1,2,219,150,69,20,0,16341,85.30791436131825,0.9801686014372581,0.8823163525533371,0.9286719696225736,14185,1892,287
Saimiri_boliviensis,Gorilla_gorilla,same-order,2,1,3,219,156,63,18,0,16336,85.62921077959577,0.9801693864903945,0.8854814630505101,0.9304225628288506,14235,1841,288
Saimiri_boliviensis,Gorilla_gorilla,same-order,2,1,4,219,158,61,16,0,16331,85.87760996449846,0.9802197802197802,0.887783030604628,0.9317143230186709,14272,1804,288
Saimiri_boliviensis,Gorilla_gorilla,same-order,2,1,5,219,158,61,16,0,16331,85.87760996449846,0.9802197802197802,0.887783030604628,0.9317143230186709,14272,1804,288
Saimiri_boliviensis,Homo_sapiens,same-order,7,1,1,774,238,536,21,12,16259,89.5068941341435,0.9470235519564815,0.975050916496945,0.9608328890840102,15320,392,857
Saimiri_boliviensis,Homo_sapiens,same-order,7,1,2,774,698,76,3,0,16243,90.1052016364699,0.9467575534266764,0.9818494459304548,0.9639842431063591,15417,285,867
Saimiri_boliviensis,Homo_sapiens,same-order,7,1,3,774,712,62,3,0,16243,90.35651665692578,0.9468977766889202,0.984587950579544,0.9653751287895346,15460,242,867
Saimiri_boliviensis,Homo_sapiens,same-order,7,1,4,774,717,57,2,0,16241,90.40911747516073,0.9468111151915779,0.9852866242038216,0.9656657718958735,15469,231,869
Saimiri_boliviensis,Homo_sapiens,same-order,7,1,5,774,719,55,2,0,16239,90.53714419311474,0.9468215158924206,0.9866870501305816,0.9663433045322687,15490,209,870
Saimiri_boliviensis,Homo_sapiens,same-order,7,1,6,774,721,53,2,0,16234,90.6693949137679,0.9468253968253968,0.9879602497133393,0.9669555458569735,15509,189,871
Saimiri_boliviensis,Gorilla_gorilla,same-order,2,2,1,219,66,153,37,10,16377,84.17382941636112,0.9817722938867078,0.8695976154992549,0.9222866174920971,14004,2100,260
Saimiri_boliviensis,Gorilla_gorilla,same-order,2,2,2,219,148,71,20,0,16357,85.39987973541793,0.981139896373057,0.8826051830215649,0.9292678139108814,14202,1889,273
Saimiri_boliviensis,Gorilla_gorilla,same-order,2,2,3,219,156,63,18,0,16353,85.8302760570157,0.9811619113097284,0.8869484151646986,0.9316794516076383,14271,1819,274
Saimiri_boliviensis,Gorilla_gorilla,same-order,2,2,4,219,160,59,16,0,16352,85.99783471670877,0.9811968158111447,0.8886264760720944,0.9326201813319419,14298,1792,274
Saimiri_boliviensis,Gorilla_gorilla,same-order,2,2,5,219,160,59,16,0,16352,85.99783471670877,0.9811968158111447,0.8886264760720944,0.9326201813319419,14298,1792,274
Saimiri_boliviensis,Gorilla_gorilla,same-order,3,1,1,328,116,212,35,12,16324,87.22610161329159,0.9805115712545676,0.901343617815377,0.9392623322745836,14490,1586,288
Saimiri_boliviensis,Gorilla_gorilla,same-order,3,1,2,328,258,70,17,0,16313,88.47080072245635,0.9801894343649946,0.914607580755586,0.946263562896423,14695,1372,297
Saimiri_boliviensis,Gorilla_gorilla,same-order,3,1,3,328,265,63,14,0,16311,88.68151715833835,0.9801051300818417,0.9169000933706816,0.9474496687463819,14730,1335,299
Saimiri_boliviensis,Gorilla_gorilla,same-order,3,1,4,328,265,63,14,0,16311,88.68151715833835,0.9801051300818417,0.9169000933706816,0.9474496687463819,14730,1335,299
Saimiri_boliviensis,Gorilla_gorilla,same-order,3,0,1,328,106,222,33,9,16331,87.1390760346487,0.9801745720278774,0.9013751477817187,0.9391247974068071,14486,1585,293
Saimiri_boliviensis,Gorilla_gorilla,same-order,3,0,2,328,257,71,13,1,16297,89.92953080768535,0.9799173065564087,0.9298169136878814,0.9542099376897267,14931,1127,306
Saimiri_boliviensis,Gorilla_gorilla,same-order,3,0,3,328,279,49,10,0,16295,90.09757860498735,0.9798886341303635,0.931556330572336,0.9551114232807612,14958,1099,307
Saimiri_boliviensis,Gorilla_gorilla,same-order,3,0,4,328,283,45,10,0,16293,90.2710843373494,0.9799241433429244,0.9332378401943078,0.9560113560241156,14985,1072,307
Saimiri_boliviensis,Gorilla_gorilla,same-order,3,0,5,328,286,42,10,0,16293,90.39156626506023,0.9799503657262278,0.9344834028772498,0.9566769740826931,15005,1052,307
Saimiri_boliviensis,Gorilla_gorilla,same-order,3,0,6,328,289,39,10,1,16277,90.95129008922112,0.9798025717625666,0.9398243319005793,0.9593971574830689,15087,966,311
Saimiri_boliviensis,Gorilla_gorilla,same-order,3,2,1,328,108,220,31,13,16309,87.7844671884407,0.9797742238946379,0.9077382805204507,0.9423816448537728,14581,1482,301
Saimiri_boliviensis,Gorilla_gorilla,same-order,3,2,2,328,265,63,10,0,16289,88.64060711919532,0.979109839664693,0.9169470404984423,0.9470094269811138,14717,1333,314
Saimiri_boliviensis,Gorilla_gorilla,same-order,3,2,3,328,266,62,10,0,16287,88.74164206975483,0.9791306659577297,0.9178816199376947,0.9475173655775663,14732,1318,314
Saimiri_boliviensis,Gorilla_gorilla,same-order,3,2,4,328,267,61,9,0,16287,88.78983193783507,0.9791417563438288,0.9183800623052959,0.9477880658436214,14740,1310,314
Saimiri_boliviensis,Gorilla_gorilla,same-order,3,2,5,328,267,61,9,0,16287,88.78983193783507,0.9791417563438288,0.9183800623052959,0.9477880658436214,14740,1310,314
Saimiri_boliviensis,Homo_sapiens,same-order,8,2,1,884,277,607,24,13,16264,89.30428179216075,0.9470358669392306,0.9728904161893852,0.9597890573500328,15288,426,855
Saimiri_boliviensis,Homo_sapiens,same-order,8,2,2,884,792,92,2,0,16251,89.76861049433212,0.9468137557007272,0.9781612122755635,0.9622322435174746,15363,343,863
Saimiri_boliviensis,Homo_sapiens,same-order,8,2,3,884,800,84,2,0,16251,89.85041486502278,0.94685960591133,0.9790525913663568,0.9626870343705002,15377,329,863
Saimiri_boliviensis,Homo_sapiens,same-order,8,2,4,884,804,80,2,0,16248,90.00058441937935,0.9469347598844001,0.9805169998726602,0.9634333260345959,15400,306,863
Saimiri_boliviensis,Homo_sapiens,same-order,8,2,5,884,807,77,2,0,16248,90.08240313248787,0.9469804017939424,0.9814083789634535,0.963887065003283,15414,292,863
Saimiri_boliviensis,Homo_sapiens,same-order,8,2,6,884,812,72,2,0,16247,90.24604055870493,0.9470133693119097,0.983253740846864,0.9647933522851518,15442,263,864
Saimiri_boliviensis,Gorilla_gorilla,same-order,4,2,1,437,141,296,25,13,16285,89.56275596241869,0.9789993416721527,0.9268307884076036,0.9522010565071235,14871,1174,319
Saimiri_boliviensis,Gorilla_gorilla,same-order,4,2,2,437,360,77,5,0,16272,90.52352551358516,0.9787012310297661,0.9369582839683233,0.9573749601784007,15026,1011,327
Saimiri_boliviensis,Gorilla_gorilla,same-order,4,2,3,437,366,71,5,0,16271,90.77052834508103,0.9786943812926274,0.9395734597156398,0.9587350068403805,15067,969,328
Saimiri_boliviensis,Gorilla_gorilla,same-order,4,2,4,437,366,71,5,0,16271,90.77052834508103,0.9786943812926274,0.9395734597156398,0.9587350068403805,15067,969,328
Saimiri_boliviensis,Homo_sapiens,same-order,8,1,1,884,264,620,23,14,16267,89.46784274782405,0.9473033151904997,0.9744862251065725,0.9607025246981339,15316,401,852
Saimiri_boliviensis,Homo_sapiens,same-order,8,1,2,884,805,79,3,0,16243,90.1519579193454,0.9467836975202554,0.9823589351674946,0.9642432956179284,15425,277,867
Saimiri_boliviensis,Homo_sapiens,same-order,8,1,3,884,820,64,2,0,16241,90.40327293980128,0.9468078594601212,0.9852229299363058,0.965633486281487,15468,232,869
Saimiri_boliviensis,Homo_sapiens,same-order,8,1,4,884,826,58,2,0,16239,90.54883394704541,0.9468280161349468,0.9868144467800497,0.9664077851595396,15492,207,870
Saimiri_boliviensis,Homo_sapiens,same-order,8,1,5,884,830,54,2,0,16239,90.61312759366416,0.9468637390826361,0.9875151283521243,0.9667622848590671,15503,196,870
Saimiri_boliviensis,Homo_sapiens,same-order,8,1,6,884,830,54,2,0,16239,90.61312759366416,0.9468637390826361,0.9875151283521243,0.9667622848590671,15503,196,870
Saimiri_boliviensis,Gorilla_gorilla,same-order,4,1,1,437,120,317,27,16,16262,91.72596791701845,0.9793947198969736,0.9480179506357517,0.9634509406473681,15210,834,320
Saimiri_boliviensis,Gorilla_gorilla,same-order,4,1,2,437,383,54,10,1,16244,92.88601942919206,0.9790752400941296,0.9600249454318678,0.969456514893885,15394,641,329
Saimiri_boliviensis,Gorilla_gorilla,same-order,4,1,3,437,397,40,8,0,16241,93.04290110420564,0.978923311325546,0.9618263473053892,0.9702995217719608,15420,612,332
Saimiri_boliviensis,Gorilla_gorilla,same-order,4,1,4,437,400,37,7,0,16241,93.13340976286732,0.9789433627196042,0.9627619760479041,0.9707852448190194,15435,597,332
Saimiri_boliviensis,Gorilla_gorilla,same-order,4,1,5,437,400,37,7,0,16241,93.13340976286732,0.9789433627196042,0.9627619760479041,0.9707852448190194,15435,597,332
Saimiri_boliviensis,Gorilla_gorilla,same-order,4,0,1,437,110,327,27,9,16328,87.0606644198363,0.9804798698657992,0.8998507091316248,0.938436587739215,14466,1610,288
Saimiri_boliviensis,Gorilla_gorilla,same-order,4,0,2,437,306,131,7,0,16305,88.53959650707618,0.9800026663111585,0.9152141434262948,0.9465009978754909,14702,1362,300
Saimiri_boliviensis,Gorilla_gorilla,same-order,4,0,3,437,316,121,6,0,16300,89.00734851222744,0.9799721466940778,0.9199975096501058,0.9490382453999551,14777,1285,302
Saimiri_boliviensis,Gorilla_gorilla,same-order,4,0,4,437,320,117,4,1,16274,90.53850328649823,0.9798342361156431,0.9351603861725319,0.95697622538084,15014,1041,309
Saimiri_boliviensis,Gorilla_gorilla,same-order,4,0,5,437,345,92,3,0,16274,90.53850328649823,0.9798342361156431,0.9351603861725319,0.95697622538084,15014,1041,309
Saimiri_boliviensis,Gorilla_gorilla,same-order,4,0,6,437,345,92,3,0,16274,90.53850328649823,0.9798342361156431,0.9351603861725319,0.95697622538084,15014,1041,309
Saimiri_boliviensis,Gorilla_gorilla,same-order,6,1,1,655,192,463,23,12,16244,92.81191581740336,0.9784488239033694,0.9604368174726989,0.9693591560384192,15391,634,339
Saimiri_boliviensis,Gorilla_gorilla,same-order,6,1,2,655,588,67,2,0,16226,93.46448615050389,0.9782100675803701,0.966851863412198,0.9724978023358031,15488,531,345
Saimiri_boliviensis,Gorilla_gorilla,same-order,6,1,3,655,590,65,2,0,16225,93.51879789994568,0.9781607018872688,0.9674740916468972,0.9727880480838643,15497,521,346
Saimiri_boliviensis,Gorilla_gorilla,same-order,6,1,4,655,590,65,2,0,16225,93.51879789994568,0.9781607018872688,0.9674740916468972,0.9727880480838643,15497,521,346
Saimiri_boliviensis,Gorilla_gorilla,same-order,6,2,1,655,191,464,21,11,16100,93.85831559744604,0.9781368821292775,0.9635432923403459,0.9707852448190194,15435,584,345
Saimiri_boliviensis,Gorilla_gorilla,same-order,6,2,2,655,593,62,3,1,16065,96.20700152207002,0.9777255290186858,0.9873781554611347,0.982528135298141,15802,202,360
Saimiri_boliviensis,Gorilla_gorilla,same-order,6,2,3,655,640,15,2,0,16065,96.20700152207002,0.9777255290186858,0.9873781554611347,0.982528135298141,15802,202,360
Saimiri_boliviensis,Gorilla_gorilla,same-order,6,2,4,655,640,15,2,0,16065,96.20700152207002,0.9777255290186858,0.9873781554611347,0.982528135298141,15802,202,360
Saimiri_boliviensis,Gorilla_gorilla,same-order,5,1,1,546,154,392,20,11,16264,91.22521545229917,0.9787275313591103,0.9439975054568133,0.961048855591886,15137,898,329
Saimiri_boliviensis,Gorilla_gorilla,same-order,5,1,2,546,455,91,3,1,16235,93.37113215513601,0.9782608695652174,0.9662921348314607,0.972239668383369,15480,540,344
Saimiri_boliviensis,Gorilla_gorilla,same-order,5,1,3,546,492,54,2,0,16234,93.51589360033778,0.9782320651145182,0.9678506773206816,0.9730136814359232,15504,515,345
Saimiri_boliviensis,Gorilla_gorilla,same-order,5,1,4,546,496,50,2,0,16233,93.67233683194596,0.9782663474864558,0.9694113240526875,0.973818706299188,15529,490,345
Saimiri_boliviensis,Gorilla_gorilla,same-order,5,1,5,546,499,47,2,0,16233,93.7326577391724,0.9782800302190884,0.9700355827454897,0.9741403629752687,15539,480,345
Saimiri_boliviensis,Gorilla_gorilla,same-order,5,1,6,546,500,46,2,0,16232,93.90155627940645,0.978256771193364,0.9718441753027843,0.9750399298487364,15567,451,346
Saimiri_boliviensis,Saimiri_sciureus,same-genus,1,0,1,110,110,0,0,0,16471,99.92109256449166,0.9997570751852302,0.9995142683667274,0.9996356570318193,16462,8,4
Saimiri_boliviensis,Saimiri_sciureus,same-genus,1,0,2,110,110,0,0,0,16471,99.92109256449166,0.9997570751852302,0.9995142683667274,0.9996356570318193,16462,8,4
Saimiri_boliviensis,Saimiri_sciureus,same-genus,1,1,1,110,110,0,0,0,16471,99.93323216995448,0.9997571046878795,0.9996357012750455,0.9996963992956462,16464,6,4
Saimiri_boliviensis,Saimiri_sciureus,same-genus,1,1,2,110,110,0,0,0,16471,99.93323216995448,0.9997571046878795,0.9996357012750455,0.9996963992956462,16464,6,4
Saimiri_boliviensis,Gorilla_gorilla,same-order,5,0,1,546,162,384,23,10,16302,88.25725641334458,0.9796791443850268,0.9125778331257783,0.9449387491940684,14656,1404,304
Saimiri_boliviensis,Gorilla_gorilla,same-order,5,0,2,546,411,135,7,2,16247,92.48959401580503,0.978929894010982,0.9562180366720718,0.9674406865219586,15332,702,330
Saimiri_boliviensis,Gorilla_gorilla,same-order,5,0,3,546,489,57,4,0,16241,92.73560999155303,0.97879386104566,0.9587673881853908,0.9686771286317514,15370,661,333
Saimiri_boliviensis,Gorilla_gorilla,same-order,5,0,4,546,499,47,4,0,16241,92.92264993363099,0.9788356425575188,0.9607011415382696,0.9696836140406108,15401,630,333
Saimiri_boliviensis,Gorilla_gorilla,same-order,5,0,5,546,502,44,3,0,16241,93.09762278267165,0.9788745797119838,0.9625101366103175,0.9706233880606404,15430,601,333
Saimiri_boliviensis,Gorilla_gorilla,same-order,5,0,6,546,505,41,3,0,16240,93.20019307348859,0.9788353082821114,0.9636306924516531,0.9711734934456634,15447,583,334
Saimiri_boliviensis,Gorilla_gorilla,same-order,5,2,1,546,152,394,21,11,16269,91.2218339558983,0.9787330316742081,0.9442469597754911,0.9611807649579432,15141,894,329
Saimiri_boliviensis,Gorilla_gorilla,same-order,5,2,2,546,433,113,3,1,16228,93.34419502775766,0.97824574717005,0.965605493133583,0.9718845223510194,15469,551,344
Saimiri_boliviensis,Gorilla_gorilla,same-order,5,2,3,546,479,67,2,0,16227,93.62138676000241,0.9783074788750158,0.9684144818976279,0.9733358429010602,15514,506,344
Saimiri_boliviensis,Gorilla_gorilla,same-order,5,2,4,546,490,56,1,0,16225,93.820529841289,0.9782294091738502,0.9705955799725309,0.9743975431669331,15547,471,346
Saimiri_boliviensis,Gorilla_gorilla,same-order,5,2,5,546,491,55,1,1,16210,94.33540672745939,0.978146524733876,0.975398064314705,0.9767703611067687,15621,394,349
Saimiri_boliviensis,Gorilla_gorilla,same-order,5,2,6,546,507,39,2,1,16197,94.99154180763654,0.977920139320811,0.9821350490349179,0.9800230622993736,15723,286,355
Saimiri_boliviensis,Saimiri_sciureus,same-genus,1,2,1,110,110,0,0,0,16471,99.92109256449166,0.9997570751852302,0.9995142683667274,0.9996356570318193,16462,8,4
Saimiri_boliviensis,Saimiri_sciureus,same-genus,1,2,2,110,110,0,0,0,16471,99.92109256449166,0.9997570751852302,0.9995142683667274,0.9996356570318193,16462,8,4
Saimiri_boliviensis,Saimiri_sciureus,same-genus,2,1,1,220,220,0,0,0,16470,99.95143863056938,0.9997571341833636,0.9997571341833636,0.9997571341833636,16466,4,4
Saimiri_boliviensis,Saimiri_sciureus,same-genus,2,1,2,220,220,0,0,0,16470,99.95143863056938,0.9997571341833636,0.9997571341833636,0.9997571341833636,16466,4,4
Saimiri_boliviensis,Saimiri_sciureus,same-genus,2,0,1,220,220,0,0,0,16471,99.95751138088012,0.9997571636716853,0.9998785670916819,0.9998178616963147,16468,2,4
Saimiri_boliviensis,Saimiri_sciureus,same-genus,2,0,2,220,220,0,0,0,16471,99.95751138088012,0.9997571636716853,0.9998785670916819,0.9998178616963147,16468,2,4
Saimiri_boliviensis,Saimiri_sciureus,same-genus,2,2,1,220,220,0,0,0,16470,99.94536845939055,0.9997571194365171,0.9996964177292046,0.9997267676614348,16465,5,4
Saimiri_boliviensis,Saimiri_sciureus,same-genus,2,2,2,220,220,0,0,0,16470,99.94536845939055,0.9997571194365171,0.9996964177292046,0.9997267676614348,16465,5,4
Saimiri_boliviensis,Saimiri_sciureus,same-genus,3,0,1,330,330,0,0,0,16470,99.96964914410586,0.9997571784131609,0.9999392835458409,0.9998482226876726,16469,1,4
Saimiri_boliviensis,Saimiri_sciureus,same-genus,3,0,2,330,330,0,0,0,16470,99.96964914410586,0.9997571784131609,0.9999392835458409,0.9998482226876726,16469,1,4
Saimiri_boliviensis,Gorilla_gorilla,same-order,6,0,1,655,184,471,18,11,16256,91.97155084081732,0.9785173784789022,0.9519620687503899,0.965057078708535,15259,770,335
Saimiri_boliviensis,Gorilla_gorilla,same-order,6,0,2,655,564,91,2,1,16223,93.98346508961438,0.9781434493154126,0.9724025974025974,0.975264575114284,15574,442,348
Saimiri_boliviensis,Gorilla_gorilla,same-order,6,0,3,655,606,49,1,0,16222,94.14001207000604,0.9781777136765536,0.9739635364635365,0.9760660764008385,15599,417,348
Saimiri_boliviensis,Gorilla_gorilla,same-order,6,0,4,655,612,43,1,0,16222,94.30899215449608,0.9782159624413146,0.9757117882117882,0.9769622706386172,15627,389,348
Saimiri_boliviensis,Gorilla_gorilla,same-order,6,0,5,655,618,37,1,0,16221,94.43572721786362,0.9781834093892605,0.9770839837652201,0.9776333874796952,15648,367,349
Saimiri_boliviensis,Gorilla_gorilla,same-order,6,0,6,655,620,35,1,0,16220,94.56849728424864,0.9781523096129837,0.9785187960534533,0.9783355185115814,15670,344,350
Saimiri_boliviensis,Saimiri_sciureus,same-genus,3,1,1,330,330,0,0,0,16471,99.96965098634294,0.999757193152847,1.0,0.9998785818358427,16470,0,4
Saimiri_boliviensis,Saimiri_sciureus,same-genus,3,1,2,330,330,0,0,0,16471,99.96965098634294,0.999757193152847,1.0,0.9998785818358427,16470,0,4
Saimiri_boliviensis,Gorilla_gorilla,same-order,7,1,1,764,220,544,17,10,16268,91.93830210278966,0.9788940210418271,0.9516058621764889,0.965057078708535,15259,776,329
Saimiri_boliviensis,Gorilla_gorilla,same-order,7,1,2,764,648,116,2,0,16249,92.5372234613298,0.9783315276273022,0.9580004992511233,0.9680592779441904,15351,673,340
Saimiri_boliviensis,Gorilla_gorilla,same-order,7,1,3,764,650,114,2,1,16222,94.09776704888353,0.978168130489335,0.9735264735264735,0.9758417824508699,15592,424,348
Saimiri_boliviensis,Gorilla_gorilla,same-order,7,1,4,764,707,57,1,0,16222,94.09776704888353,0.978168130489335,0.9735264735264735,0.9758417824508699,15592,424,348
Saimiri_boliviensis,Gorilla_gorilla,same-order,7,1,5,764,707,57,1,0,16222,94.09776704888353,0.978168130489335,0.9735264735264735,0.9758417824508699,15592,424,348
Saimiri_boliviensis,Saimiri_sciureus,same-genus,3,2,1,330,330,0,0,0,16471,99.96358118361154,0.9997571784131609,0.9999392835458409,0.9998482226876726,16469,1,4
Saimiri_boliviensis,Saimiri_sciureus,same-genus,3,2,2,330,330,0,0,0,16471,99.96358118361154,0.9997571784131609,0.9999392835458409,0.9998482226876726,16469,1,4
Saimiri_boliviensis,Saimiri_sciureus,same-genus,4,1,1,440,440,0,0,0,16470,99.97571931528469,0.999757193152847,1.0,0.9998785818358427,16470,0,4
Saimiri_boliviensis,Saimiri_sciureus,same-genus,4,1,2,440,440,0,0,0,16470,99.97571931528469,0.999757193152847,1.0,0.9998785818358427,16470,0,4
Saimiri_boliviensis,Gorilla_gorilla,same-order,7,0,1,764,217,547,17,10,16234,93.54332609220371,0.9786616161616162,0.967303132409834,0.9729492248791816,15502,524,338
Saimiri_boliviensis,Gorilla_gorilla,same-order,7,0,2,764,703,61,2,0,16226,93.91141684769491,0.9782513042931674,0.9715944562367337,0.9749115168979234,15563,455,346
Saimiri_boliviensis,Gorilla_gorilla,same-order,7,0,3,764,710,54,2,0,16225,94.06795003319051,0.9782854273879754,0.9731552003995505,0.9757135703555333,15588,430,346
Saimiri_boliviensis,Gorilla_gorilla,same-order,7,0,4,764,715,49,2,0,16225,94.2308852815159,0.9783221602656476,0.9748408040953926,0.9765783795615872,15615,403,346
Saimiri_boliviensis,Gorilla_gorilla,same-order,7,0,5,764,719,45,2,0,16224,94.3576126968801,0.9782894325220547,0.9762127739277018,0.9772499999999998,15636,381,347
Saimiri_boliviensis,Gorilla_gorilla,same-order,7,0,6,764,722,42,2,0,16223,94.46623619576368,0.9782527184101987,0.9773976023976024,0.977824973452433,15654,362,348
Saimiri_boliviensis,Saimiri_sciureus,same-genus,4,0,1,440,440,0,0,0,16470,99.97571931528469,0.999757193152847,1.0,0.9998785818358427,16470,0,4
Saimiri_boliviensis,Saimiri_sciureus,same-genus,4,0,2,440,440,0,0,0,16470,99.97571931528469,0.999757193152847,1.0,0.9998785818358427,16470,0,4
Saimiri_boliviensis,Saimiri_sciureus,same-genus,4,2,1,440,440,0,0,0,16470,99.97571931528469,0.999757193152847,1.0,0.9998785818358427,16470,0,4
Saimiri_boliviensis,Saimiri_sciureus,same-genus,4,2,2,440,440,0,0,0,16470,99.97571931528469,0.999757193152847,1.0,0.9998785818358427,16470,0,4
Saimiri_boliviensis,Saimiri_sciureus,same-genus,5,1,1,550,550,0,0,0,16471,99.96965098634294,0.999757193152847,1.0,0.9998785818358427,16470,0,4
Saimiri_boliviensis,Saimiri_sciureus,same-genus,5,1,2,550,550,0,0,0,16471,99.96965098634294,0.999757193152847,1.0,0.9998785818358427,16470,0,4
Saimiri_boliviensis,Saimiri_sciureus,same-genus,5,0,1,550,550,0,0,0,16470,99.97571931528469,0.999757193152847,1.0,0.9998785818358427,16470,0,4
Saimiri_boliviensis,Saimiri_sciureus,same-genus,5,0,2,550,550,0,0,0,16470,99.97571931528469,0.999757193152847,1.0,0.9998785818358427,16470,0,4
Saimiri_boliviensis,Saimiri_sciureus,same-genus,5,2,1,550,550,0,0,0,16470,99.97571931528469,0.999757193152847,1.0,0.9998785818358427,16470,0,4
Saimiri_boliviensis,Saimiri_sciureus,same-genus,5,2,2,550,550,0,0,0,16470,99.97571931528469,0.999757193152847,1.0,0.9998785818358427,16470,0,4
Saimiri_boliviensis,Saimiri_sciureus,same-genus,6,1,1,659,659,0,0,0,16470,99.97571931528469,0.999757193152847,1.0,0.9998785818358427,16470,0,4
Saimiri_boliviensis,Saimiri_sciureus,same-genus,6,1,2,659,659,0,0,0,16470,99.97571931528469,0.999757193152847,1.0,0.9998785818358427,16470,0,4
Saimiri_boliviensis,Gorilla_gorilla,same-order,7,2,1,764,244,520,19,13,16230,93.62780593772628,0.978433598183882,0.9684184246660842,0.9734002509410289,15516,506,342
Saimiri_boliviensis,Gorilla_gorilla,same-order,7,2,2,764,690,74,1,0,16224,93.8748415907308,0.9781802175690122,0.9712180807891615,0.9746867167919799,15556,461,347
Saimiri_boliviensis,Gorilla_gorilla,same-order,7,2,3,764,698,66,1,0,16223,94.0253470126735,0.9782130972562315,0.9727164887307236,0.9754570498372152,15580,437,347
Saimiri_boliviensis,Gorilla_gorilla,same-order,7,2,4,764,703,61,1,0,16223,94.14604707302354,0.9782404213958739,0.9739651620153587,0.976098110374171,15600,417,347
Saimiri_boliviensis,Gorilla_gorilla,same-order,7,2,5,764,709,55,1,0,16222,94.31502715751358,0.9782173259889835,0.9757742257742258,0.9769942485621406,15628,388,348
Saimiri_boliviensis,Gorilla_gorilla,same-order,7,2,6,764,715,49,1,0,16221,94.44176222088112,0.9781847730966371,0.9771464252263503,0.9776653234623434,15649,366,349
Saimiri_boliviensis,Saimiri_sciureus,same-genus,6,0,1,659,659,0,0,0,16470,99.97571931528469,0.999757193152847,1.0,0.9998785818358427,16470,0,4
Saimiri_boliviensis,Saimiri_sciureus,same-genus,6,0,2,659,659,0,0,0,16470,99.97571931528469,0.999757193152847,1.0,0.9998785818358427,16470,0,4
Saimiri_boliviensis,Saimiri_sciureus,same-genus,6,2,1,659,659,0,0,0,16470,99.97571931528469,0.999757193152847,1.0,0.9998785818358427,16470,0,4
Saimiri_boliviensis,Saimiri_sciureus,same-genus,6,2,2,659,659,0,0,0,16470,99.97571931528469,0.999757193152847,1.0,0.9998785818358427,16470,0,4
Saimiri_boliviensis,Saimiri_sciureus,same-genus,7,1,1,769,769,0,0,0,16470,99.97571931528469,0.999757193152847,1.0,0.9998785818358427,16470,0,4
Saimiri_boliviensis,Saimiri_sciureus,same-genus,7,1,2,769,769,0,0,0,16470,99.97571931528469,0.999757193152847,1.0,0.9998785818358427,16470,0,4
Saimiri_boliviensis,Saimiri_sciureus,same-genus,7,0,1,769,769,0,0,0,16470,99.96964914410586,0.9997571784131609,0.9999392835458409,0.9998482226876726,16469,1,4
Saimiri_boliviensis,Saimiri_sciureus,same-genus,7,0,2,769,769,0,0,0,16470,99.96964914410586,0.9997571784131609,0.9999392835458409,0.9998482226876726,16469,1,4
Saimiri_boliviensis,Saimiri_sciureus,same-genus,7,2,1,769,769,0,0,0,16470,99.97571931528469,0.999757193152847,1.0,0.9998785818358427,16470,0,4
Saimiri_boliviensis,Saimiri_sciureus,same-genus,7,2,2,769,769,0,0,0,16470,99.97571931528469,0.999757193152847,1.0,0.9998785818358427,16470,0,4
Saimiri_boliviensis,Gorilla_gorilla,same-order,8,2,1,873,243,630,16,10,16258,91.98457180738866,0.9785228875496859,0.952211616445193,0.9651879723021469,15263,766,335
Saimiri_boliviensis,Gorilla_gorilla,same-order,8,2,2,873,757,116,2,0,16250,92.42314647377938,0.978306641995789,0.9568771842236645,0.96747326245386,15333,691,340
Saimiri_boliviensis,Gorilla_gorilla,same-order,8,2,3,873,766,107,2,1,16222,94.14604707302354,0.9781790820165538,0.974025974025974,0.976098110374171,15600,416,348
Saimiri_boliviensis,Gorilla_gorilla,same-order,8,2,4,873,811,62,1,0,16222,94.25467712733857,0.9782036828260052,0.9751498501498501,0.9766743793383778,15618,398,348
Saimiri_boliviensis,Gorilla_gorilla,same-order,8,2,5,873,813,60,1,1,16206,94.86652977412732,0.9780821917808219,0.9810142393205096,0.9795460214517335,15708,304,352
Saimiri_boliviensis,Gorilla_gorilla,same-order,8,2,6,873,827,46,2,1,16194,95.39604857712524,0.9778892604979561,0.9863809583307303,0.9821167542686531,15789,218,357
Saimiri_boliviensis,Saimiri_sciureus,same-genus,8,0,1,879,879,0,0,0,16470,99.97571931528469,0.999757193152847,1.0,0.9998785818358427,16470,0,4
Saimiri_boliviensis,Saimiri_sciureus,same-genus,8,0,2,879,879,0,0,0,16470,99.97571931528469,0.999757193152847,1.0,0.9998785818358427,16470,0,4
Saimiri_boliviensis,Gorilla_gorilla,same-order,8,0,1,873,276,597,20,11,16265,91.79221405327226,0.9788573999100315,0.9499220455254132,0.9641726800860869,15232,803,329
Saimiri_boliviensis,Gorilla_gorilla,same-order,8,0,2,873,752,121,2,0,16250,92.32670283303194,0.9782844733984799,0.9558786819770344,0.9669518007638647,15317,707,340
Saimiri_boliviensis,Gorilla_gorilla,same-order,8,0,3,873,764,109,2,1,16222,94.10983705491853,0.9781708694015807,0.9736513486513486,0.9759058764628574,15594,422,348
Saimiri_boliviensis,Gorilla_gorilla,same-order,8,0,4,873,816,57,1,0,16222,94.19432709716355,0.9781900225620457,0.9745254745254746,0.9763543100212686,15608,408,348
Saimiri_boliviensis,Gorilla_gorilla,same-order,8,0,5,873,817,56,1,0,16222,94.32709716354859,0.978220052572287,0.9758991008991009,0.9770581984122023,15630,386,348
Saimiri_boliviensis,Gorilla_gorilla,same-order,8,0,6,873,826,47,1,0,16220,94.42365721182861,0.9781195298824706,0.9770201074060197,0.9775695095282724,15646,368,350
Saimiri_boliviensis,Saimiri_sciureus,same-genus,8,1,1,879,879,0,0,0,16470,99.97571931528469,0.999757193152847,1.0,0.9998785818358427,16470,0,4
Saimiri_boliviensis,Saimiri_sciureus,same-genus,8,1,2,879,879,0,0,0,16470,99.97571931528469,0.999757193152847,1.0,0.9998785818358427,16470,0,4
Saimiri_boliviensis,Gorilla_gorilla,same-order,8,1,1,873,257,616,19,13,16260,91.83341369334619,0.9786755732545442,0.9504116766467066,0.9643365716274801,15237,795,332
Saimiri_boliviensis,Gorilla_gorilla,same-order,8,1,2,873,733,140,2,1,16224,93.90501478486513,0.9781870756851898,0.9715302491103203,0.9748472983555206,15561,456,347
Saimiri_boliviensis,Gorilla_gorilla,same-order,8,1,3,873,786,87,1,0,16223,94.04345202172601,0.9782172002510986,0.9729037897234188,0.9755532600870191,15583,434,347
Saimiri_boliviensis,Gorilla_gorilla,same-order,8,1,4,873,797,76,1,0,16223,94.18225709112855,0.9782486052780042,0.9743397640007492,0.976290272130122,15606,411,347
Saimiri_boliviensis,Gorilla_gorilla,same-order,8,1,5,873,799,74,1,0,16222,94.34520217260109,0.9782241411676366,0.9760864135864136,0.9771541081976435,15633,383,348
Saimiri_boliviensis,Gorilla_gorilla,same-order,8,1,6,873,805,68,1,0,16222,94.3934821967411,0.978235036587654,0.9765859140859141,0.9774097797219184,15641,375,348
Saimiri_boliviensis,Saimiri_sciureus,same-genus,8,2,1,879,879,0,0,0,16470,99.97571931528469,0.999757193152847,1.0,0.9998785818358427,16470,0,4
Saimiri_boliviensis,Saimiri_sciureus,same-genus,8,2,2,879,879,0,0,0,16470,99.97571931528469,0.999757193152847,1.0,0.9998785818358427,16470,0,4
Saimiri_boliviensis,Aotus_azarai,same-order,1,0,1,111,86,25,19,0,16445,89.29882636172134,0.9886719530885587,0.905523344522429,0.9452726809378186,14837,1548,170
Saimiri_boliviensis,Aotus_azarai,same-order,1,0,2,111,99,12,9,0,16428,90.23773698465243,0.9876811594202899,0.915994623655914,0.9504881450488146,14993,1375,187
Saimiri_boliviensis,Aotus_azarai,same-order,1,0,3,111,101,10,8,0,16425,90.36956783435657,0.9875682431099125,0.917389710375168,0.9511862903481262,15014,1352,189
Saimiri_boliviensis,Aotus_azarai,same-order,1,0,4,111,101,10,8,0,16425,90.36956783435657,0.9875682431099125,0.917389710375168,0.9511862903481262,15014,1352,189
Saimiri_boliviensis,Aotus_azarai,same-order,1,1,1,111,81,30,17,1,16427,89.36593002950563,0.988016776512882,0.9063206106870229,0.9454070582239776,14841,1534,180
Saimiri_boliviensis,Aotus_azarai,same-order,1,1,2,111,99,12,9,0,16423,90.42457091237578,0.9880239520958084,0.917058572039333,0.951219512195122,15015,1358,182
Saimiri_boliviensis,Aotus_azarai,same-order,1,1,3,111,101,10,7,0,16422,90.56251505661287,0.9880412642092121,0.9184022476027607,0.951949860724234,15037,1336,182
Saimiri_boliviensis,Aotus_azarai,same-order,1,1,4,111,101,10,7,0,16422,90.56251505661287,0.9880412642092121,0.9184022476027607,0.951949860724234,15037,1336,182
Saimiri_boliviensis,Aotus_azarai,same-order,1,2,1,111,81,30,17,1,16444,90.56762776139168,0.988892540256326,0.9182228731844257,0.952248346571311,15046,1340,169
Saimiri_boliviensis,Aotus_azarai,same-order,1,2,2,111,102,9,6,0,16432,91.81265426524592,0.988399222294232,0.9313019052271617,0.9590014462679998,15251,1125,179
Saimiri_boliviensis,Aotus_azarai,same-order,1,2,3,111,103,8,5,0,16432,91.81265426524592,0.988399222294232,0.9313019052271617,0.9590014462679998,15251,1125,179
Saimiri_boliviensis,Aotus_azarai,same-order,1,2,4,111,103,8,5,0,16432,91.81265426524592,0.988399222294232,0.9313019052271617,0.9590014462679998,15251,1125,179
Saimiri_boliviensis,Aotus_azarai,same-order,2,1,1,221,168,53,20,3,16409,93.89193422083007,0.9878319285125801,0.9525759335085253,0.9698836413415468,15587,776,192
Saimiri_boliviensis,Aotus_azarai,same-order,2,1,2,221,209,12,7,0,16403,95.05451478826576,0.9876079609463012,0.9647245827474475,0.976032163290552,15780,577,198
Saimiri_boliviensis,Aotus_azarai,same-order,2,1,3,221,212,9,4,0,16403,95.2231793265466,0.987629638885418,0.9664363880907256,0.9769180854679727,15808,549,198
Saimiri_boliviensis,Aotus_azarai,same-order,2,1,4,221,212,9,4,0,16403,95.2231793265466,0.987629638885418,0.9664363880907256,0.9769180854679727,15808,549,198
Saimiri_boliviensis,Aotus_azarai,same-order,2,2,1,221,171,50,22,2,16417,94.15095476176134,0.9883647401037056,0.9547370350009162,0.9712599036818393,15630,741,184
Saimiri_boliviensis,Aotus_azarai,same-order,2,2,2,221,206,15,6,0,16409,95.26506024096386,0.9880662293033428,0.9663896357858714,0.9771077265284687,15814,550,191
Saimiri_boliviensis,Aotus_azarai,same-order,2,2,3,221,210,11,5,0,16408,95.40936200975962,0.988083354130272,0.9677951601075532,0.9778340330945913,15837,527,191
Saimiri_boliviensis,Aotus_azarai,same-order,2,2,4,221,210,11,5,0,16408,95.40936200975962,0.988083354130272,0.9677951601075532,0.9778340330945913,15837,527,191
Saimiri_boliviensis,Aotus_azarai,same-order,2,0,1,221,163,58,24,0,16426,92.78791162482692,0.9881395050647519,0.9415394013439218,0.9642767767767767,15413,957,185
Saimiri_boliviensis,Aotus_azarai,same-order,2,0,2,221,200,21,10,0,16409,94.4424373795761,0.9874716696046336,0.9589752995842504,0.973014888337469,15685,671,199
Saimiri_boliviensis,Aotus_azarai,same-order,2,0,3,221,203,18,8,0,16408,94.47856454720616,0.9874142596438236,0.959400794863956,0.9732059790361596,15691,664,200
Saimiri_boliviensis,Aotus_azarai,same-order,2,0,4,221,204,17,7,0,16406,94.54479768786128,0.9872987927565392,0.9601907906806091,0.9735561273522025,15702,651,202
Saimiri_boliviensis,Aotus_azarai,same-order,2,0,5,221,204,17,7,0,16406,94.54479768786128,0.9872987927565392,0.9601907906806091,0.9735561273522025,15702,651,202
Saimiri_boliviensis,Aotus_azarai,same-order,3,1,1,332,263,69,21,2,16404,95.47617613396784,0.9877235620365177,0.9689448587846925,0.9782440981330042,15850,508,197
Saimiri_boliviensis,Aotus_azarai,same-order,3,1,2,332,320,12,4,0,16390,97.02409638554217,0.9871291983329248,0.9853777913735087,0.9862527173081046,16106,239,210
Saimiri_boliviensis,Aotus_azarai,same-order,3,1,3,332,323,9,3,0,16390,97.02409638554217,0.9871291983329248,0.9853777913735087,0.9862527173081046,16106,239,210
Saimiri_boliviensis,Aotus_azarai,same-order,3,1,4,332,323,9,3,0,16390,97.02409638554217,0.9871291983329248,0.9853777913735087,0.9862527173081046,16106,239,210
Saimiri_boliviensis,Aotus_azarai,same-order,3,0,1,332,260,72,18,3,16396,95.93926979154115,0.9874736450452685,0.9737662814162539,0.9805720619477201,15924,429,202
Saimiri_boliviensis,Aotus_azarai,same-order,3,0,2,332,317,15,3,0,16391,96.88516688757682,0.987291257367387,0.9836677269390751,0.9854761612942762,16081,267,207
Saimiri_boliviensis,Aotus_azarai,same-order,3,0,3,332,324,8,1,0,16391,96.88516688757682,0.987291257367387,0.9836677269390751,0.9854761612942762,16081,267,207
Saimiri_boliviensis,Aotus_azarai,same-order,3,0,4,332,324,8,1,0,16391,96.88516688757682,0.987291257367387,0.9836677269390751,0.9854761612942762,16081,267,207
Saimiri_boliviensis,Aotus_azarai,same-order,3,2,1,332,245,87,24,3,16402,95.5,0.9876643199800635,0.9691875038209941,0.9783386818069613,15853,504,198
Saimiri_boliviensis,Aotus_azarai,same-order,3,2,2,332,316,16,6,0,16397,96.39134887643834,0.9875324034069868,0.9784137467131413,0.9829519275072953,16000,353,202
Saimiri_boliviensis,Aotus_azarai,same-order,3,2,3,332,317,15,5,0,16396,96.45159346948611,0.9874791833713686,0.9790851272015656,0.9832642407492707,16010,342,203
Saimiri_boliviensis,Aotus_azarai,same-order,3,2,4,332,317,15,5,0,16396,96.45159346948611,0.9874791833713686,0.9790851272015656,0.9832642407492707,16010,342,203
Saimiri_boliviensis,Aotus_azarai,same-order,4,0,1,442,354,88,24,2,16401,95.98192771084338,0.9876642697743615,0.9741379310344828,0.9808544693425264,15933,423,199
Saimiri_boliviensis,Aotus_azarai,same-order,4,0,2,442,430,12,4,0,16391,97.0604180471056,0.9871347178827421,0.9858060568981339,0.9864699400024488,16113,232,210
Saimiri_boliviensis,Aotus_azarai,same-order,4,0,3,442,431,11,3,0,16389,97.07813723718296,0.9871355060034306,0.9858672376873662,0.9865009642168417,16114,231,210
Saimiri_boliviensis,Aotus_azarai,same-order,4,0,4,442,431,11,3,0,16389,97.07813723718296,0.9871355060034306,0.9858672376873662,0.9865009642168417,16114,231,210
Saimiri_boliviensis,Aotus_azarai,same-order,5,0,1,552,398,154,22,5,16382,97.24582655336587,0.9870924328622989,0.9872736172295644,0.9871830167324339,16136,208,211
Saimiri_boliviensis,Aotus_azarai,same-order,5,0,2,552,549,3,0,0,16376,98.20406195383596,0.9868580426356589,0.9973680989105154,0.9920852359208523,16295,43,217
Saimiri_boliviensis,Aotus_azarai,same-order,5,0,3,552,549,3,0,0,16376,98.20406195383596,0.9868580426356589,0.9973680989105154,0.9920852359208523,16295,43,217
Saimiri_boliviensis,Aotus_azarai,same-order,4,2,1,442,348,94,24,2,16401,96.24766608444257,0.9875169941910765,0.97719072952975,0.9823267250653143,15980,373,202
Saimiri_boliviensis,Aotus_azarai,same-order,4,2,2,442,430,12,4,0,16386,97.65031931558019,0.987088915956151,0.9917395826959554,0.9894087842993621,16208,135,212
Saimiri_boliviensis,Aotus_azarai,same-order,4,2,3,442,434,8,1,0,16384,97.74671647186408,0.9869813845966663,0.9928400954653938,0.9899020714481832,16224,117,214
Saimiri_boliviensis,Aotus_azarai,same-order,4,2,4,442,434,8,1,0,16384,97.74671647186408,0.9869813845966663,0.9928400954653938,0.9899020714481832,16224,117,214
Saimiri_boliviensis,Aotus_azarai,same-order,5,1,1,552,416,136,26,6,16401,96.76525510511415,0.9877029021151008,0.9822072760623662,0.9849474232809099,16064,291,200
Saimiri_boliviensis,Aotus_azarai,same-order,5,1,2,552,543,9,2,0,16389,97.6022651966986,0.9872037048321248,0.9911899663505659,0.9891928196360972,16201,144,210
Saimiri_boliviensis,Aotus_azarai,same-order,5,1,3,552,547,5,1,0,16387,97.7348033014037,0.9871006997261941,0.9926574068408492,0.9898712551101347,16223,120,212
Saimiri_boliviensis,Aotus_azarai,same-order,5,1,4,552,547,5,1,0,16387,97.7348033014037,0.9871006997261941,0.9926574068408492,0.9898712551101347,16223,120,212
Saimiri_boliviensis,Aotus_azarai,same-order,4,1,1,442,336,106,26,2,16403,96.33757002590205,0.9877709838799333,0.9777465305373846,0.9827331940518619,15993,364,198
Saimiri_boliviensis,Aotus_azarai,same-order,4,1,2,442,424,18,4,0,16391,97.52409638554217,0.9872545432369801,0.9903952037195645,0.9888223796726119,16189,157,209
Saimiri_boliviensis,Aotus_azarai,same-order,4,1,3,442,431,11,2,0,16391,97.63253012048193,0.9872685185185185,0.9914963905542641,0.9893779378548317,16207,139,209
Saimiri_boliviensis,Aotus_azarai,same-order,4,1,4,442,432,10,2,0,16389,97.68072289156626,0.9871545111408743,0.9921071953010279,0.9896246566981995,16215,129,211
Saimiri_boliviensis,Aotus_azarai,same-order,4,1,5,442,433,9,1,0,16389,97.68072289156626,0.9871545111408743,0.9921071953010279,0.9896246566981995,16215,129,211
Saimiri_boliviensis,Aotus_azarai,same-order,4,1,6,442,433,9,1,0,16389,97.68072289156626,0.9871545111408743,0.9921071953010279,0.9896246566981995,16215,129,211
Saimiri_boliviensis,Aotus_azarai,same-order,5,2,1,552,424,128,22,5,16389,96.87311724304134,0.9871684675834971,0.9836657286186223,0.9854139854139855,16079,267,209
Saimiri_boliviensis,Aotus_azarai,same-order,5,2,2,552,530,22,3,0,16383,97.70454271598987,0.9869157740993184,0.9924724602203182,0.9896863175881849,16217,123,215
Saimiri_boliviensis,Aotus_azarai,same-order,5,2,3,552,535,17,1,1,16374,98.0413427348882,0.9867168071814156,0.9958374142997062,0.9912561313712945,16268,68,219
Saimiri_boliviensis,Aotus_azarai,same-order,5,2,4,552,547,5,0,0,16374,98.0413427348882,0.9867168071814156,0.9958374142997062,0.9912561313712945,16268,68,219
Saimiri_boliviensis,Aotus_azarai,same-order,5,2,5,552,547,5,0,0,16374,98.0413427348882,0.9867168071814156,0.9958374142997062,0.9912561313712945,16268,68,219
Saimiri_boliviensis,Varecia_variegata,same-order,1,0,1,114,16,98,45,3,16445,74.24541444160668,0.9423161927213791,0.7904461747620813,0.8597257695926872,12791,3391,783
Saimiri_boliviensis,Varecia_variegata,same-order,1,0,2,114,39,75,40,0,16443,74.45437659623867,0.9423302967969439,0.7927688504326329,0.8611036519871106,12827,3353,785
Saimiri_boliviensis,Varecia_variegata,same-order,1,0,3,114,39,75,40,0,16443,74.45437659623867,0.9423302967969439,0.7927688504326329,0.8611036519871106,12827,3353,785
Saimiri_boliviensis,Aotus_azarai,same-order,7,0,1,773,583,190,25,6,16383,97.89683017958298,0.9871779290228488,0.9939427312775331,0.9905487804878049,16245,99,211
Saimiri_boliviensis,Aotus_azarai,same-order,7,0,2,773,767,6,0,0,16377,98.2522750557464,0.9869241479508445,0.9977966827835241,0.9923306348530038,16303,36,216
Saimiri_boliviensis,Aotus_azarai,same-order,7,0,3,773,767,6,0,0,16377,98.2522750557464,0.9869241479508445,0.9977966827835241,0.9923306348530038,16303,36,216
Saimiri_boliviensis,Aotus_azarai,same-order,6,2,1,663,520,143,23,4,16394,97.0118681848304,0.9874294824625951,0.9848929663608562,0.9861595933615039,16103,247,205
Saimiri_boliviensis,Aotus_azarai,same-order,6,2,2,663,644,19,1,0,16383,97.87926256175443,0.9869388251017557,0.9942472460220318,0.9905795555013567,16246,94,215
Saimiri_boliviensis,Aotus_azarai,same-order,6,2,3,663,647,16,1,0,16381,97.94553560669961,0.9868277285419449,0.9950422328314359,0.9909179568450567,16257,81,217
Saimiri_boliviensis,Aotus_azarai,same-order,6,2,4,663,647,16,1,0,16381,97.94553560669961,0.9868277285419449,0.9950422328314359,0.9909179568450567,16257,81,217
Saimiri_boliviensis,Aotus_azarai,same-order,6,0,1,663,500,163,22,5,16396,97.12615977828654,0.9876248238681615,0.9858130006726594,0.9867180805484147,16121,232,202
Saimiri_boliviensis,Aotus_azarai,same-order,6,0,2,663,643,20,2,0,16385,97.84913845041571,0.9870548194967789,0.9938196059233876,0.9904256616660568,16241,101,213
Saimiri_boliviensis,Aotus_azarai,same-order,6,0,3,663,650,13,1,1,16376,98.20406195383596,0.9868580426356589,0.9973680989105154,0.9920852359208523,16295,43,217
Saimiri_boliviensis,Aotus_azarai,same-order,6,0,4,663,659,4,0,0,16376,98.20406195383596,0.9868580426356589,0.9973680989105154,0.9920852359208523,16295,43,217
Saimiri_boliviensis,Aotus_azarai,same-order,6,0,5,663,659,4,0,0,16376,98.20406195383596,0.9868580426356589,0.9973680989105154,0.9920852359208523,16295,43,217
Saimiri_boliviensis,Aotus_azarai,same-order,6,1,1,663,523,140,28,4,16396,96.77088981263931,0.9875199803270626,0.9823263209393346,0.9849163038812925,16063,289,203
Saimiri_boliviensis,Aotus_azarai,same-order,6,1,2,663,650,13,2,0,16387,97.83721910958492,0.987114028689521,0.9936976075383956,0.9903948772678762,16240,103,212
Saimiri_boliviensis,Aotus_azarai,same-order,6,1,3,663,652,11,1,1,16378,98.16801253465108,0.9869138495092693,0.9970010404553522,0.991931800882935,16290,49,216
Saimiri_boliviensis,Aotus_azarai,same-order,6,1,4,663,659,4,0,0,16378,98.16801253465108,0.9869138495092693,0.9970010404553522,0.991931800882935,16290,49,216
Saimiri_boliviensis,Aotus_azarai,same-order,6,1,5,663,659,4,0,0,16378,98.16801253465108,0.9869138495092693,0.9970010404553522,0.991931800882935,16290,49,216
Saimiri_boliviensis,Aotus_azarai,same-order,7,1,1,773,602,171,27,4,16393,97.23527285869173,0.9872186888454012,0.9875810595864432,0.9873998409688665,16143,203,209
Saimiri_boliviensis,Aotus_azarai,same-order,7,1,2,773,752,21,1,1,16374,98.21008859157476,0.9867393278837421,0.9975514201762977,0.9921159173236735,16296,40,219
Saimiri_boliviensis,Aotus_azarai,same-order,7,1,3,773,768,5,0,0,16374,98.21008859157476,0.9867393278837421,0.9975514201762977,0.9921159173236735,16296,40,219
Saimiri_boliviensis,Aotus_azarai,same-order,7,1,4,773,768,5,0,0,16374,98.21008859157476,0.9867393278837421,0.9975514201762977,0.9921159173236735,16296,40,219
Saimiri_boliviensis,Varecia_variegata,same-order,1,2,1,114,19,95,45,3,16435,74.2045982350209,0.9418570375829035,0.7901211671612265,0.8593424325959794,12781,3395,789
Saimiri_boliviensis,Varecia_variegata,same-order,1,2,2,114,37,77,39,0,16427,74.70670228830294,0.942068258385821,0.7952887350068011,0.8624782083947968,12863,3311,791
Saimiri_boliviensis,Varecia_variegata,same-order,1,2,3,114,39,75,37,0,16425,74.95934014869889,0.9422459112149533,0.7978854952392729,0.8640776699029126,12905,3269,791
Saimiri_boliviensis,Varecia_variegata,same-order,1,2,4,114,39,75,37,0,16425,74.95934014869889,0.9422459112149533,0.7978854952392729,0.8640776699029126,12905,3269,791
Saimiri_boliviensis,Varecia_variegata,same-order,1,1,1,114,27,87,39,3,16431,73.8476721235342,0.9411808227286179,0.7867037724180581,0.8570369871319815,12721,3449,795
Saimiri_boliviensis,Varecia_variegata,same-order,1,1,2,114,54,60,33,0,16426,74.31640058055153,0.94125,0.7918470864777929,0.8601088490223746,12801,3365,799
Saimiri_boliviensis,Varecia_variegata,same-order,1,1,3,114,58,56,31,0,16423,74.70096388340495,0.9415251756440282,0.7958060126190771,0.8625544753603755,12865,3301,799
Saimiri_boliviensis,Varecia_variegata,same-order,1,1,4,114,59,55,31,0,16421,74.75322262222738,0.9414259597806216,0.7964612719623856,0.8628975501859982,12874,3290,801
Saimiri_boliviensis,Varecia_variegata,same-order,1,1,5,114,59,55,31,0,16421,74.75322262222738,0.9414259597806216,0.7964612719623856,0.8628975501859982,12874,3290,801
Saimiri_boliviensis,Aotus_azarai,same-order,8,2,1,883,688,195,25,5,16389,97.3853846617266,0.9871755725190839,0.9889874579382074,0.9880806845965769,16165,180,210
Saimiri_boliviensis,Aotus_azarai,same-order,8,2,2,883,867,16,1,1,16374,98.2462484180076,0.9867441438169602,0.9979187071498531,0.9922999665215936,16302,34,219
Saimiri_boliviensis,Aotus_azarai,same-order,8,2,3,883,881,2,0,0,16374,98.2462484180076,0.9867441438169602,0.9979187071498531,0.9922999665215936,16302,34,219
Saimiri_boliviensis,Aotus_azarai,same-order,8,2,4,883,881,2,0,0,16374,98.2462484180076,0.9867441438169602,0.9979187071498531,0.9922999665215936,16302,34,219
Saimiri_boliviensis,Aotus_azarai,same-order,7,2,1,773,603,170,25,4,16394,97.39140912103139,0.9874778571864883,0.9887461773700306,0.9881116102808594,16166,184,205
Saimiri_boliviensis,Aotus_azarai,same-order,7,2,2,773,757,16,1,0,16384,97.96361007350284,0.9870098336773097,0.9950431430145034,0.9910102087460002,16260,81,214
Saimiri_boliviensis,Aotus_azarai,same-order,7,2,3,773,761,12,1,1,16377,98.2522750557464,0.9869241479508445,0.9977966827835241,0.9923306348530038,16303,36,216
Saimiri_boliviensis,Aotus_azarai,same-order,7,2,4,773,766,7,0,0,16377,98.2522750557464,0.9869241479508445,0.9977966827835241,0.9923306348530038,16303,36,216
Saimiri_boliviensis,Aotus_azarai,same-order,7,2,5,773,766,7,0,0,16377,98.2522750557464,0.9869241479508445,0.9977966827835241,0.9923306348530038,16303,36,216
Saimiri_boliviensis,Varecia_variegata,same-order,2,1,1,227,34,193,45,9,16376,79.4895645602,0.9430955993930197,0.8471499380421313,0.8925517331418499,13673,2467,825
Saimiri_boliviensis,Varecia_variegata,same-order,2,1,2,227,130,97,28,0,16358,80.41644855464433,0.9430461769319964,0.8571605703657781,0.8980546263518561,13826,2304,835
Saimiri_boliviensis,Varecia_variegata,same-order,2,1,3,227,131,96,27,0,16358,80.48624440179142,0.9430927554010768,0.8579045257284563,0.8984839139044899,13838,2292,835
Saimiri_boliviensis,Varecia_variegata,same-order,2,1,4,227,131,96,27,0,16358,80.48624440179142,0.9430927554010768,0.8579045257284563,0.8984839139044899,13838,2292,835
Saimiri_boliviensis,Aotus_azarai,same-order,8,1,1,883,680,203,26,7,16393,97.47575155129827,0.9874282924447699,0.9896629763288275,0.988544371467848,16180,169,206
Saimiri_boliviensis,Aotus_azarai,same-order,8,1,2,883,867,16,1,0,16386,97.92746113989638,0.9871249848171991,0.9945542434069632,0.9908256880733944,16254,89,212
Saimiri_boliviensis,Aotus_azarai,same-order,8,1,3,883,867,16,1,1,16377,98.25830169348521,0.9869249394673123,0.9978578860395373,0.9923613013177516,16304,35,216
Saimiri_boliviensis,Aotus_azarai,same-order,8,1,4,883,882,1,0,0,16377,98.25830169348521,0.9869249394673123,0.9978578860395373,0.9923613013177516,16304,35,216
Saimiri_boliviensis,Aotus_azarai,same-order,8,1,5,883,882,1,0,0,16377,98.25830169348521,0.9869249394673123,0.9978578860395373,0.9923613013177516,16304,35,216
Saimiri_boliviensis,Varecia_variegata,same-order,2,2,1,227,46,181,43,11,16383,80.44994768050226,0.9441260744985673,0.8571163136380527,0.8985196727697702,13839,2307,819
Saimiri_boliviensis,Varecia_variegata,same-order,2,2,2,227,142,85,28,0,16364,81.33108383268369,0.9442755825734549,0.8661710037174721,0.9035385361124575,13980,2160,825
Saimiri_boliviensis,Varecia_variegata,same-order,2,2,3,227,147,80,23,0,16359,81.91761694205259,0.9443960024146488,0.872583044124938,0.9070703817039781,14080,2056,829
Saimiri_boliviensis,Varecia_variegata,same-order,2,2,4,227,147,80,23,0,16359,81.91761694205259,0.9443960024146488,0.872583044124938,0.9070703817039781,14080,2056,829
Saimiri_boliviensis,Varecia_variegata,same-order,2,0,1,227,35,192,44,13,16343,81.01310043668123,0.9435779194357792,0.8624558358643774,0.9011949868842903,13914,2219,832
Saimiri_boliviensis,Varecia_variegata,same-order,2,0,2,227,150,77,28,0,16329,81.66724921356169,0.943659127625202,0.8692336309523809,0.9049186676994577,14019,2109,837
Saimiri_boliviensis,Varecia_variegata,same-order,2,0,3,227,155,72,25,0,16320,82.06129107434164,0.9434657378257083,0.8737051051423609,0.9072463768115943,14085,2036,844
Saimiri_boliviensis,Varecia_variegata,same-order,2,0,4,227,156,71,24,0,16320,82.06129107434164,0.9434657378257083,0.8737051051423609,0.9072463768115943,14085,2036,844
Saimiri_boliviensis,Varecia_variegata,same-order,2,0,5,227,156,71,24,0,16320,82.06129107434164,0.9434657378257083,0.8737051051423609,0.9072463768115943,14085,2036,844
Saimiri_boliviensis,Aotus_azarai,same-order,8,0,1,883,658,225,24,4,16397,97.02976262200265,0.9876732491107568,0.9847743671273083,0.9862216778934476,16105,249,201
Saimiri_boliviensis,Aotus_azarai,same-order,8,0,2,883,843,40,2,0,16387,97.74069164959634,0.987160764269198,0.9925966715614293,0.9898712551101347,16223,121,211
Saimiri_boliviensis,Aotus_azarai,same-order,8,0,3,883,852,31,1,1,16378,98.23419514252998,0.98698153194066,0.9975520195838433,0.9922386242581037,16300,40,215
Saimiri_boliviensis,Aotus_azarai,same-order,8,0,4,883,876,7,0,0,16378,98.23419514252998,0.98698153194066,0.9975520195838433,0.9922386242581037,16300,40,215
Saimiri_boliviensis,Aotus_azarai,same-order,8,0,5,883,876,7,0,0,16378,98.23419514252998,0.98698153194066,0.9975520195838433,0.9922386242581037,16300,40,215
Saimiri_boliviensis,Varecia_variegata,same-order,4,0,1,453,66,387,25,17,16266,87.97992764616642,0.9453291536050157,0.9369290996085254,0.9411103829229472,15078,1015,872
Saimiri_boliviensis,Varecia_variegata,same-order,4,0,2,453,374,79,9,0,16264,88.28781512605042,0.9455034060371227,0.9400981793326291,0.9427930454290523,15129,964,872
Saimiri_boliviensis,Varecia_variegata,same-order,4,0,3,453,374,79,9,0,16264,88.28781512605042,0.9455034060371227,0.9400981793326291,0.9427930454290523,15129,964,872
Saimiri_boliviensis,Varecia_variegata,same-order,3,2,1,340,63,277,31,18,16276,87.97925649691179,0.944573037222396,0.9390509360034828,0.9418038922155688,15099,980,886
Saimiri_boliviensis,Varecia_variegata,same-order,3,2,2,340,292,48,10,0,16260,88.57792548539443,0.9445998880805819,0.9451287793952967,0.9448642597257206,15192,882,891
Saimiri_boliviensis,Varecia_variegata,same-order,3,2,3,340,295,45,9,0,16259,88.7353507084135,0.944634100924834,0.9468674174080757,0.9457494407158836,15219,854,892
Saimiri_boliviensis,Varecia_variegata,same-order,3,2,4,340,295,45,9,0,16259,88.7353507084135,0.944634100924834,0.9468674174080757,0.9457494407158836,15219,854,892
Saimiri_boliviensis,Varecia_variegata,same-order,3,1,1,340,51,289,26,16,16309,85.57608252229151,0.945281318398352,0.9112007446478436,0.9279282125817562,14684,1431,850
Saimiri_boliviensis,Varecia_variegata,same-order,3,1,2,340,251,89,10,0,16299,85.8433910559151,0.9452969502407704,0.9137342518463353,0.9292476647311285,14723,1390,852
Saimiri_boliviensis,Varecia_variegata,same-order,3,1,3,340,253,87,10,0,16299,85.94251064077896,0.9453565931246793,0.9147893005647614,0.9298217946696105,14740,1373,852
Saimiri_boliviensis,Varecia_variegata,same-order,3,1,4,340,256,84,10,0,16299,86.05329135327386,0.9454230990967907,0.9159684726618259,0.9304627411423527,14759,1354,852
Saimiri_boliviensis,Varecia_variegata,same-order,3,1,5,340,256,84,10,0,16299,86.05329135327386,0.9454230990967907,0.9159684726618259,0.9304627411423527,14759,1354,852
Saimiri_boliviensis,Varecia_variegata,same-order,3,0,1,340,40,300,32,13,16309,84.43706680645349,0.9439994790649215,0.900155231294629,0.921556162990274,14497,1608,860
Saimiri_boliviensis,Varecia_variegata,same-order,3,0,2,340,244,96,16,0,16298,85.6069431500466,0.9441125457698979,0.9131407269338304,0.9283683911313246,14697,1398,870
Saimiri_boliviensis,Varecia_variegata,same-order,3,0,3,340,259,81,14,0,16293,86.1221160568632,0.9443557145595094,0.918478936249534,0.9312375972532838,14782,1312,871
Saimiri_boliviensis,Varecia_variegata,same-order,3,0,4,340,262,78,12,0,16293,86.22116056863202,0.9444160816847479,0.919535230520691,0.9318095957687947,14799,1295,871
Saimiri_boliviensis,Varecia_variegata,same-order,3,0,5,340,263,77,12,0,16293,86.36098811465858,0.9445010832165158,0.921026469491736,0.9326160815402038,14823,1271,871
Saimiri_boliviensis,Varecia_variegata,same-order,3,0,6,340,266,74,12,0,16293,86.36098811465858,0.9445010832165158,0.921026469491736,0.9326160815402038,14823,1271,871
Saimiri_boliviensis,Varecia_variegata,same-order,4,2,1,453,84,369,22,15,16252,89.06332068864896,0.945304757185332,0.9489491356796418,0.9471234407000558,15261,821,883
Saimiri_boliviensis,Varecia_variegata,same-order,4,2,2,453,386,67,7,0,16249,89.2850889991246,0.9452579548965091,0.951489520492568,0.9483635011157947,15299,780,886
Saimiri_boliviensis,Varecia_variegata,same-order,4,2,3,453,387,66,6,0,16249,89.2850889991246,0.9452579548965091,0.951489520492568,0.9483635011157947,15299,780,886
Saimiri_boliviensis,Varecia_variegata,same-order,4,2,4,453,387,66,6,0,16249,89.2850889991246,0.9452579548965091,0.951489520492568,0.9483635011157947,15299,780,886
Saimiri_boliviensis,Varecia_variegata,same-order,5,2,1,566,94,472,23,16,16256,89.69962088072324,0.9453528399311532,0.9566434436426972,0.9509646302250804,15379,697,889
Saimiri_boliviensis,Varecia_variegata,same-order,5,2,2,566,492,74,5,0,16248,89.81735426270643,0.9453964744180333,0.9574521025130629,0.9513860988348734,15392,684,889
Saimiri_boliviensis,Varecia_variegata,same-order,5,2,3,566,492,74,5,0,16248,89.81735426270643,0.9453964744180333,0.9574521025130629,0.9513860988348734,15392,684,889
Saimiri_boliviensis,Varecia_variegata,same-order,4,1,1,453,59,394,22,14,16295,86.19342043863742,0.945667477281454,0.9169148672127079,0.9310692457942158,14777,1339,849
Saimiri_boliviensis,Varecia_variegata,same-order,4,1,2,453,325,128,6,0,16286,86.77946324387398,0.9457019328585962,0.9232201601390354,0.9343258268161689,14874,1237,854
Saimiri_boliviensis,Varecia_variegata,same-order,4,1,3,453,332,121,5,0,16284,86.98797992764617,0.9458190584951148,0.9253305195208242,0.9354626172622595,14908,1203,854
Saimiri_boliviensis,Varecia_variegata,same-order,4,1,4,453,337,116,5,0,16284,87.13385459213444,0.9459048584278203,0.9268822543603749,0.9362969465170229,14933,1178,854
Saimiri_boliviensis,Varecia_variegata,same-order,4,1,5,453,340,113,5,0,16282,87.17469949819116,0.9458090655862244,0.9274318703830157,0.9365303244005642,14940,1169,856
Saimiri_boliviensis,Varecia_variegata,same-order,4,1,6,453,340,113,5,0,16282,87.17469949819116,0.9458090655862244,0.9274318703830157,0.9365303244005642,14940,1169,856
Saimiri_boliviensis,Varecia_variegata,same-order,7,1,1,792,129,663,13,11,16179,91.73539217406562,0.9447054571738345,0.9773789493363245,0.9607644950840761,15684,363,918
Saimiri_boliviensis,Varecia_variegata,same-order,7,1,2,792,728,64,1,0,16177,91.74612459783562,0.9447054571738345,0.9773789493363245,0.9607644950840761,15684,363,918
Saimiri_boliviensis,Varecia_variegata,same-order,7,1,3,792,728,64,1,0,16177,91.74612459783562,0.9447054571738345,0.9773789493363245,0.9607644950840761,15684,363,918
Saimiri_boliviensis,Varecia_variegata,same-order,6,1,1,679,116,563,14,12,16154,91.93161192107266,0.9443642487669914,0.9788653366583541,0.961305332761893,15701,339,925
Saimiri_boliviensis,Varecia_variegata,same-order,6,1,2,679,624,55,5,0,16152,92.07799051466714,0.9443343541704198,0.980546202768425,0.9620996604570065,15726,312,927
Saimiri_boliviensis,Varecia_variegata,same-order,6,1,3,679,627,52,4,0,16152,92.14825223959248,0.9443744374437444,0.9812944257388702,0.9624805063755618,15738,300,927
Saimiri_boliviensis,Varecia_variegata,same-order,6,1,4,679,627,52,4,0,16152,92.14825223959248,0.9443744374437444,0.9812944257388702,0.9624805063755618,15738,300,927
Saimiri_boliviensis,Varecia_variegata,same-order,7,0,1,792,121,671,12,12,16115,93.11315774036487,0.9445403153823266,0.9900205825484937,0.9667458432304038,15873,160,932
Saimiri_boliviensis,Varecia_variegata,same-order,7,0,2,792,760,32,2,0,16112,93.12954705468199,0.9445403153823266,0.9900205825484937,0.9667458432304038,15873,160,932
Saimiri_boliviensis,Varecia_variegata,same-order,7,0,3,792,760,32,2,0,16112,93.12954705468199,0.9445403153823266,0.9900205825484937,0.9667458432304038,15873,160,932
Saimiri_boliviensis,Varecia_variegata,same-order,5,0,1,566,96,470,18,13,16210,89.23769437624226,0.9445578862694141,0.9499657726056382,0.9472541110766367,15265,804,896
Saimiri_boliviensis,Varecia_variegata,same-order,5,0,2,566,462,104,7,0,16203,89.6210969477254,0.9445950942931098,0.9540022407568779,0.9492753623188406,15327,739,899
Saimiri_boliviensis,Varecia_variegata,same-order,5,0,3,566,469,97,7,0,16197,89.72050052625424,0.9443042648778386,0.9554171855541719,0.9498282212386642,15344,716,905
Saimiri_boliviensis,Varecia_variegata,same-order,5,0,4,566,470,96,6,0,16197,89.72050052625424,0.9443042648778386,0.9554171855541719,0.9498282212386642,15344,716,905
Saimiri_boliviensis,Varecia_variegata,same-order,5,0,5,566,470,96,6,0,16197,89.72050052625424,0.9443042648778386,0.9554171855541719,0.9498282212386642,15344,716,905
Saimiri_boliviensis,Varecia_variegata,same-order,5,1,1,566,84,482,20,14,16264,87.97992764616642,0.9452106318956871,0.9370455534149524,0.9411103829229472,15078,1013,874
Saimiri_boliviensis,Varecia_variegata,same-order,5,1,2,566,443,123,5,0,16252,88.46086499737349,0.9450645382552847,0.9423029097239493,0.9436817035584197,15156,928,881
Saimiri_boliviensis,Varecia_variegata,same-order,5,1,3,566,447,119,4,0,16252,88.68265919570419,0.945194401244168,0.9446655060930117,0.9449298796604373,15194,890,881
Saimiri_boliviensis,Varecia_variegata,same-order,5,1,4,566,450,116,4,0,16249,88.82078225335668,0.9452659045725647,0.945971151454862,0.9456183965195775,15215,869,881
Saimiri_boliviensis,Varecia_variegata,same-order,5,1,5,566,452,114,4,0,16248,88.96672504378283,0.945292147376256,0.9475844058944227,0.9464368886818817,15240,843,882
Saimiri_boliviensis,Varecia_variegata,same-order,5,1,6,566,458,108,4,0,16245,89.11076078706137,0.945366699702676,0.948952309892433,0.9471561113352157,15262,821,882
Saimiri_boliviensis,Varecia_variegata,same-order,8,0,1,905,150,755,14,14,16113,93.13541422201361,0.9445998214817019,0.9900212049395035,0.9667773074697769,15874,160,931
Saimiri_boliviensis,Varecia_variegata,same-order,8,0,2,905,853,52,2,0,16113,93.13541422201361,0.9445998214817019,0.9900212049395035,0.9667773074697769,15874,160,931
Saimiri_boliviensis,Varecia_variegata,same-order,8,0,3,905,853,52,2,0,16113,93.13541422201361,0.9445998214817019,0.9900212049395035,0.9667773074697769,15874,160,931
Saimiri_boliviensis,Varecia_variegata,same-order,7,2,1,792,132,660,14,12,16182,91.42188414277355,0.9450762158238568,0.9730335679143053,0.9588511460922396,15624,433,908
Saimiri_boliviensis,Varecia_variegata,same-order,7,2,2,792,716,76,2,0,16182,91.49210064365126,0.9451160541586073,0.9737809055240705,0.959234379313518,15636,421,908
Saimiri_boliviensis,Varecia_variegata,same-order,7,2,3,792,721,71,1,0,16182,91.6500877706261,0.9452054794520548,0.9754624151460423,0.9600956233909527,15663,394,908
Saimiri_boliviensis,Varecia_variegata,same-order,7,2,4,792,721,71,1,0,16182,91.6500877706261,0.9452054794520548,0.9754624151460423,0.9600956233909527,15663,394,908
Saimiri_sciureus,Homo_sapiens,same-order,1,0,1,111,39,72,42,3,16426,76.24585683549456,0.9444644529280415,0.8299784782883909,0.8835281830127016,13112,2686,771
Saimiri_sciureus,Homo_sapiens,same-order,1,0,2,111,62,49,32,0,16422,76.95975808327518,0.944745859508852,0.8378600823045268,0.8880985135724592,13234,2561,774
Saimiri_sciureus,Homo_sapiens,same-order,1,0,3,111,64,47,31,0,16420,77.12840195394277,0.9447254077925779,0.8398024441208131,0.8891794046661304,13263,2530,776
Saimiri_sciureus,Homo_sapiens,same-order,1,0,4,111,64,47,31,0,16420,77.12840195394277,0.9447254077925779,0.8398024441208131,0.8891794046661304,13263,2530,776
Saimiri_sciureus,Homo_sapiens,same-order,1,1,1,111,34,77,36,2,16443,75.3065612831987,0.9443229849876111,0.8198671306548561,0.8777051512175297,12958,2847,764
Saimiri_sciureus,Homo_sapiens,same-order,1,1,2,111,53,58,28,0,16439,75.8979425781704,0.9445248083321279,0.8264143779268447,0.8815309842041313,13059,2743,767
Saimiri_sciureus,Homo_sapiens,same-order,1,1,3,111,53,58,28,0,16439,75.8979425781704,0.9445248083321279,0.8264143779268447,0.8815309842041313,13059,2743,767
Saimiri_boliviensis,Varecia_variegata,same-order,6,0,1,679,106,573,13,11,16193,90.58259241927937,0.9449020684605528,0.9641389615240942,0.9544235924932976,15486,576,903
Saimiri_boliviensis,Varecia_variegata,same-order,6,0,2,679,599,80,2,0,16189,90.76392138511933,0.9447759376522162,0.9663096275999502,0.9554214641955545,15517,541,907
Saimiri_boliviensis,Varecia_variegata,same-order,6,0,3,679,603,76,1,0,16189,90.99789424426767,0.9449101068999028,0.9688005978328559,0.9567062296291741,15557,501,907
Saimiri_boliviensis,Varecia_variegata,same-order,6,0,4,679,606,73,1,0,16185,91.13672263499679,0.9449229649399491,0.9701687737435386,0.9573794671665182,15578,479,908
Saimiri_boliviensis,Varecia_variegata,same-order,6,0,5,679,608,71,1,0,16185,91.3010413010413,0.9449624606442237,0.9720353761833582,0.9583077489868599,15607,449,909
Saimiri_boliviensis,Varecia_variegata,same-order,6,0,6,679,612,67,1,0,16181,91.4277355178467,0.9450223781299141,0.9731564524165421,0.9588830929733048,15625,431,909
Saimiri_boliviensis,Varecia_variegata,same-order,8,1,1,905,152,753,13,12,16178,91.66032656405454,0.9451451330637861,0.9754608868958645,0.960063750881172,15662,394,909
Saimiri_boliviensis,Varecia_variegata,same-order,8,1,2,905,816,89,1,0,16178,91.66032656405454,0.9451451330637861,0.9754608868958645,0.960063750881172,15662,394,909
Saimiri_boliviensis,Varecia_variegata,same-order,8,1,3,905,816,89,1,0,16178,91.66032656405454,0.9451451330637861,0.9754608868958645,0.960063750881172,15662,394,909
Saimiri_sciureus,Homo_sapiens,same-order,1,2,1,111,35,76,33,5,16427,76.85820635105269,0.945143756258046,0.8362865460068346,0.8873892022562451,13215,2587,767
Saimiri_sciureus,Homo_sapiens,same-order,1,2,2,111,66,45,23,0,16417,77.52763234438628,0.945177304964539,0.8436946062294252,0.8915573989831416,13327,2469,773
Saimiri_sciureus,Homo_sapiens,same-order,1,2,3,111,67,44,22,0,16417,77.52763234438628,0.945177304964539,0.8436946062294252,0.8915573989831416,13327,2469,773
Saimiri_sciureus,Homo_sapiens,same-order,1,2,4,111,67,44,22,0,16417,77.52763234438628,0.945177304964539,0.8436946062294252,0.8915573989831416,13327,2469,773
Saimiri_boliviensis,Varecia_variegata,same-order,6,2,1,679,115,564,16,14,16201,90.74431386306496,0.9450736816465717,0.966195604806076,0.9555179313529321,15520,543,902
Saimiri_boliviensis,Varecia_variegata,same-order,6,2,2,679,589,90,3,0,16194,90.91228070175438,0.9449307075127644,0.9680552960956473,0.9563532342899326,15546,513,906
Saimiri_boliviensis,Varecia_variegata,same-order,6,2,3,679,594,85,3,0,16191,91.01596771363397,0.9449808708325742,0.9689893517653653,0.9568345323741007,15561,498,906
Saimiri_boliviensis,Varecia_variegata,same-order,6,2,4,679,598,81,3,0,16191,91.14464525940224,0.9450542786099824,0.9703593000809515,0.9575396337716603,15583,476,906
Saimiri_boliviensis,Varecia_variegata,same-order,6,2,5,679,602,77,3,0,16191,91.20313505293326,0.9450875810655192,0.9709820038607634,0.957859819399226,15593,466,906
Saimiri_boliviensis,Varecia_variegata,same-order,6,2,6,679,604,75,3,0,16187,91.34199134199135,0.9451001755341686,0.9723502304147466,0.9585315694158815,15614,444,907
Saimiri_sciureus,Homo_sapiens,same-order,2,1,1,221,61,160,35,8,16368,81.77738927738928,0.9465767284991569,0.8894593395449072,0.91712959937259,14033,1744,792
Saimiri_sciureus,Homo_sapiens,same-order,2,1,2,221,163,58,19,0,16341,83.08750655861948,0.9460966542750929,0.9044868947134607,0.9248239836475131,14252,1505,812
Saimiri_sciureus,Homo_sapiens,same-order,2,1,3,221,168,53,16,0,16339,83.24393656716418,0.9461268305612617,0.9061944656004062,0.9257302168768436,14278,1478,813
Saimiri_sciureus,Homo_sapiens,same-order,2,1,4,221,168,53,16,0,16339,83.24393656716418,0.9461268305612617,0.9061944656004062,0.9257302168768436,14278,1478,813
Saimiri_sciureus,Homo_sapiens,same-order,2,0,1,221,66,155,41,7,16361,82.30872326787484,0.9463986599664992,0.8957448157777919,0.9203753176516583,14125,1644,800
Saimiri_sciureus,Homo_sapiens,same-order,2,0,2,221,177,44,18,0,16341,83.73841580695925,0.9462556806955147,0.9120167587126262,0.9288207913110939,14367,1386,816
Saimiri_sciureus,Homo_sapiens,same-order,2,0,3,221,179,42,16,0,16341,83.8141866293641,0.9463016583311398,0.9128419983495207,0.9292707357265179,14380,1373,816
Saimiri_sciureus,Homo_sapiens,same-order,2,0,4,221,179,42,16,0,16341,83.8141866293641,0.9463016583311398,0.9128419983495207,0.9292707357265179,14380,1373,816
Saimiri_sciureus,Homo_sapiens,same-order,2,2,1,221,63,158,36,7,16378,79.70997612253218,0.9452348066298343,0.8675836713995944,0.9047461660497091,13687,2089,793
Saimiri_sciureus,Homo_sapiens,same-order,2,2,2,221,135,86,25,0,16368,80.58484301275703,0.9453973894621746,0.8772352568167406,0.9100417721935334,13834,1936,799
Saimiri_sciureus,Homo_sapiens,same-order,2,2,3,221,142,79,21,0,16364,80.8855228662977,0.9454545454545454,0.880517503805175,0.9118313466653533,13884,1884,801
Saimiri_sciureus,Homo_sapiens,same-order,2,2,4,221,142,79,21,0,16364,80.8855228662977,0.9454545454545454,0.880517503805175,0.9118313466653533,13884,1884,801
Saimiri_sciureus,Homo_sapiens,same-order,3,0,1,332,99,233,34,13,16306,85.7859434237387,0.9460346047468965,0.9350286077558805,0.9404994085110464,14708,1022,839
Saimiri_sciureus,Homo_sapiens,same-order,3,0,2,332,273,59,12,0,16296,86.57526254375729,0.9461837658611235,0.9436565977742448,0.9449184921039224,14839,886,844
Saimiri_sciureus,Homo_sapiens,same-order,3,0,3,332,276,56,11,0,16292,86.83043528999883,0.9462071596617282,0.9464478789035171,0.9463275039745628,14881,842,846
Saimiri_sciureus,Homo_sapiens,same-order,3,0,4,332,277,55,10,0,16292,86.87711518263508,0.9462345090562441,0.9469566876550277,0.9465954606141522,14889,834,846
Saimiri_sciureus,Homo_sapiens,same-order,3,0,5,332,277,55,10,0,16292,86.87711518263508,0.9462345090562441,0.9469566876550277,0.9465954606141522,14889,834,846
Saimiri_sciureus,Homo_sapiens,same-order,3,2,1,332,98,234,36,12,16325,84.91809013000642,0.9462128101857866,0.9253541706371895,0.9356672555002409,14566,1175,828
Saimiri_sciureus,Homo_sapiens,same-order,3,2,2,332,271,61,14,0,16304,86.17170185465999,0.9460843952103477,0.9394671583900299,0.9427641653905054,14775,952,842
Saimiri_sciureus,Homo_sapiens,same-order,3,2,3,332,277,55,12,0,16303,86.32837561971421,0.9461740075433102,0.9411203662491258,0.9436404207841889,14801,926,842
Saimiri_sciureus,Homo_sapiens,same-order,3,2,4,332,277,55,12,0,16303,86.32837561971421,0.9461740075433102,0.9411203662491258,0.9436404207841889,14801,926,842
Saimiri_sciureus,Homo_sapiens,same-order,3,1,1,332,104,228,31,12,16321,85.7584417099201,0.9468160453286975,0.9340659340659341,0.9403977745091769,14705,1038,826
Saimiri_sciureus,Homo_sapiens,same-order,3,1,2,332,274,58,12,0,16304,86.58771366898081,0.9466164933988137,0.9434274091024664,0.9450192607685206,14842,890,837
Saimiri_sciureus,Homo_sapiens,same-order,3,1,3,332,279,53,11,0,16301,86.82107228283064,0.9465716829919858,0.9461504227859368,0.9463610060093479,14882,847,840
Saimiri_sciureus,Homo_sapiens,same-order,3,1,4,332,281,51,11,0,16301,86.82107228283064,0.9465716829919858,0.9461504227859368,0.9463610060093479,14882,847,840
Saimiri_sciureus,Homo_sapiens,same-order,3,1,5,332,281,51,11,0,16301,86.82107228283064,0.9465716829919858,0.9461504227859368,0.9463610060093479,14882,847,840
Saimiri_sciureus,Homo_sapiens,same-order,4,0,1,442,123,319,30,15,16267,88.69687062120505,0.9463651653896468,0.9671504965622613,0.9566449419098895,15192,516,861
Saimiri_sciureus,Homo_sapiens,same-order,4,0,2,442,406,36,8,0,16259,89.30678035390994,0.9465214161921268,0.9737026424705508,0.9599196509839617,15292,413,864
Saimiri_sciureus,Homo_sapiens,same-order,4,0,3,442,409,33,7,0,16259,89.41190211995561,0.9465809323605787,0.9748487742757084,0.9605069167790709,15310,395,864
Saimiri_sciureus,Homo_sapiens,same-order,4,0,4,442,409,33,7,0,16259,89.41190211995561,0.9465809323605787,0.9748487742757084,0.9605069167790709,15310,395,864
Saimiri_sciureus,Homo_sapiens,same-order,4,2,1,442,146,296,32,14,16326,85.76925319186148,0.946779072012356,0.9345699402871299,0.9406348901889325,14712,1030,827
Saimiri_sciureus,Homo_sapiens,same-order,4,2,2,442,360,82,10,1,16280,87.9537761176608,0.9463702587289625,0.958956411072224,0.9526217642782641,15070,645,854
Saimiri_sciureus,Homo_sapiens,same-order,4,2,3,442,392,50,8,0,16280,87.9537761176608,0.9463702587289625,0.958956411072224,0.9526217642782641,15070,645,854
Saimiri_sciureus,Homo_sapiens,same-order,4,2,4,442,392,50,8,0,16280,87.9537761176608,0.9463702587289625,0.958956411072224,0.9526217642782641,15070,645,854
Saimiri_sciureus,Homo_sapiens,same-order,5,0,1,553,168,385,24,12,16206,90.57156242679784,0.946743388834476,0.9851582903369641,0.9655689090057749,15466,233,870
Saimiri_sciureus,Homo_sapiens,same-order,5,0,2,553,527,26,4,0,16191,91.18439550140582,0.9464372568093385,0.9922870984191738,0.9688200149365197,15567,121,881
Saimiri_sciureus,Homo_sapiens,same-order,5,0,3,553,529,24,3,0,16191,91.2898313027179,0.9464958095469452,0.9934344722080571,0.9693972756111214,15585,103,881
Saimiri_sciureus,Homo_sapiens,same-order,5,0,4,553,529,24,3,0,16191,91.2898313027179,0.9464958095469452,0.9934344722080571,0.9693972756111214,15585,103,881
Saimiri_boliviensis,Varecia_variegata,same-order,8,2,1,905,148,757,13,11,16180,90.52496049628373,0.9446106870229007,0.9632581890646407,0.9538433077421146,15468,590,907
Saimiri_boliviensis,Varecia_variegata,same-order,8,2,2,905,765,140,3,0,16177,90.85108873800047,0.9447893839785731,0.9665587246232408,0.9555500831127254,15521,537,907
Saimiri_boliviensis,Varecia_variegata,same-order,8,2,3,905,774,131,3,0,16177,90.99742449075158,0.9448732753905063,0.9681155810188068,0.9563532342899326,15546,512,907
Saimiri_boliviensis,Varecia_variegata,same-order,8,2,4,905,778,127,3,0,16175,91.15546710372278,0.9448489261012013,0.9699177877428998,0.9572192513368984,15573,483,909
Saimiri_boliviensis,Varecia_variegata,same-order,8,2,5,905,787,118,3,0,16175,91.32521657691407,0.944945793713282,0.9717239661185849,0.9581478183437222,15602,454,909
Saimiri_boliviensis,Varecia_variegata,same-order,8,2,6,905,796,109,3,0,16175,91.40131116834465,0.9449891067538126,0.9725336322869955,0.9585635359116023,15615,441,909
Saimiri_sciureus,Homo_sapiens,same-order,4,1,1,442,144,298,30,15,16271,88.5450723960766,0.9465143855707421,0.9652494908350305,0.9557901370726328,15166,546,857
Saimiri_sciureus,Homo_sapiens,same-order,4,1,2,442,404,38,7,0,16262,89.35598762188357,0.9465025666398664,0.9745287824758023,0.9603112352147586,15304,400,865
Saimiri_sciureus,Homo_sapiens,same-order,4,1,3,442,410,32,5,0,16259,89.4767577668769,0.9465620559708408,0.9756749872643913,0.9608980590135148,15322,382,865
Saimiri_sciureus,Homo_sapiens,same-order,4,1,4,442,411,31,4,0,16259,89.4767577668769,0.9465620559708408,0.9756749872643913,0.9608980590135148,15322,382,865
Saimiri_sciureus,Homo_sapiens,same-order,4,1,5,442,411,31,4,0,16259,89.4767577668769,0.9465620559708408,0.9756749872643913,0.9608980590135148,15322,382,865
Saimiri_sciureus,Homo_sapiens,same-order,6,2,1,663,211,452,24,15,16192,91.29415900169899,0.9467193195625759,0.9930537853683405,0.9693331674545906,15583,109,877
Saimiri_sciureus,Homo_sapiens,same-order,6,2,2,663,642,21,1,0,16184,91.62174830091399,0.9464955816487108,0.997003506534906,0.9710932405998696,15638,47,884
Saimiri_sciureus,Homo_sapiens,same-order,6,2,3,663,642,21,1,0,16184,91.62174830091399,0.9464955816487108,0.997003506534906,0.9710932405998696,15638,47,884
Saimiri_sciureus,Homo_sapiens,same-order,5,2,1,553,161,392,28,13,16258,89.76230800677452,0.946720049276255,0.9787315333672949,0.9624596887817402,15370,334,865
Saimiri_sciureus,Homo_sapiens,same-order,5,2,2,553,514,39,7,0,16253,90.03621072304637,0.9466380104390544,0.9819108280254777,0.9639518524308269,15416,284,869
Saimiri_sciureus,Homo_sapiens,same-order,5,2,3,553,515,38,6,0,16253,90.0829342366546,0.9466642116246241,0.9824203821656051,0.9642109211389992,15424,276,869
Saimiri_sciureus,Homo_sapiens,same-order,5,2,4,553,515,38,6,0,16253,90.0829342366546,0.9466642116246241,0.9824203821656051,0.9642109211389992,15424,276,869
Saimiri_sciureus,Homo_sapiens,same-order,7,0,1,774,231,543,19,12,16242,90.55799006719252,0.9466772538480333,0.9874490316004078,0.966633404016465,15499,197,873
Saimiri_sciureus,Homo_sapiens,same-order,7,0,2,774,719,55,2,0,16234,90.75448541873648,0.9465439473363404,0.9896125414223809,0.9675992273661911,15529,163,877
Saimiri_sciureus,Homo_sapiens,same-order,7,0,3,774,719,55,2,0,16234,90.75448541873648,0.9465439473363404,0.9896125414223809,0.9675992273661911,15529,163,877
Saimiri_sciureus,Homo_sapiens,same-order,6,0,1,663,206,457,21,12,16201,90.98307863458048,0.9465188524090882,0.9903129182333822,0.9679207674099912,15539,152,878
Saimiri_sciureus,Homo_sapiens,same-order,6,0,2,663,637,26,2,0,16185,91.56026707274218,0.9461929548480813,0.9970025510204081,0.970933482392398,15633,47,889
Saimiri_sciureus,Homo_sapiens,same-order,6,0,3,663,638,25,1,0,16185,91.60126508141033,0.9462157420291609,0.9974489795918368,0.971157129994722,15640,40,889
Saimiri_sciureus,Homo_sapiens,same-order,6,0,4,663,638,25,1,0,16185,91.60126508141033,0.9462157420291609,0.9974489795918368,0.971157129994722,15640,40,889
Saimiri_sciureus,Homo_sapiens,same-order,7,2,1,774,244,530,21,14,16197,91.37870446292608,0.9467807512591784,0.9942645934234005,0.9699418731155388,15602,90,877
Saimiri_sciureus,Homo_sapiens,same-order,7,2,2,774,745,29,1,0,16181,91.73892664635575,0.9463886370504684,0.998469582961357,0.971731777701927,15658,24,887
Saimiri_sciureus,Homo_sapiens,same-order,7,2,3,774,745,29,1,0,16181,91.73892664635575,0.9463886370504684,0.998469582961357,0.971731777701927,15658,24,887
Saimiri_sciureus,Homo_sapiens,same-order,5,1,1,553,162,391,25,12,16282,88.65161327965458,0.9466076879945174,0.9670315682281059,0.9567106381639012,15194,518,857
Saimiri_sciureus,Homo_sapiens,same-order,5,1,2,553,496,57,5,0,16265,89.21774664331582,0.9464329947981174,0.973191543555782,0.9596257691824688,15283,421,865
Saimiri_sciureus,Homo_sapiens,same-order,5,1,3,553,506,47,4,0,16263,89.48044366608289,0.9464649583204693,0.9761813781683862,0.9610935197667493,15328,374,867
Saimiri_sciureus,Homo_sapiens,same-order,5,1,4,553,510,43,4,0,16260,89.62456939335551,0.9465375840167726,0.9775824735702459,0.9618095805006422,15350,352,867
Saimiri_sciureus,Homo_sapiens,same-order,5,1,5,553,514,39,4,0,16260,89.70631167162959,0.9465836978621157,0.9784740797350656,0.9622647418031504,15364,338,867
Saimiri_sciureus,Homo_sapiens,same-order,5,1,6,553,516,37,4,0,16259,89.86979622817773,0.9466174661746617,0.9803197248582893,0.96317386815181,15392,309,868
Saimiri_sciureus,Homo_sapiens,same-order,8,0,1,884,259,625,21,12,16187,91.55193625871463,0.9465745956750863,0.9961751768980684,0.9707417070443533,15627,60,882
Saimiri_sciureus,Homo_sapiens,same-order,8,0,2,884,855,29,1,0,16176,91.74967772178601,0.9462170655064056,0.9986606288666369,0.9717317777019269,15658,21,890
Saimiri_sciureus,Homo_sapiens,same-order,8,0,3,884,855,29,1,0,16176,91.74967772178601,0.9462170655064056,0.9986606288666369,0.9717317777019269,15658,21,890
Saimiri_sciureus,Gorilla_gorilla,same-order,1,1,1,110,35,75,41,4,16434,80.32757379409647,0.9828231667033693,0.8300681959082455,0.9000100830168387,13389,2741,234
Saimiri_sciureus,Gorilla_gorilla,same-order,1,1,2,110,65,45,26,0,16427,81.3081308130813,0.9827386132869161,0.8402579684980777,0.9059303336230528,13550,2576,238
Saimiri_sciureus,Gorilla_gorilla,same-order,1,1,3,110,65,45,26,0,16427,81.3081308130813,0.9827386132869161,0.8402579684980777,0.9059303336230528,13550,2576,238
Saimiri_sciureus,Gorilla_gorilla,same-order,1,2,1,110,31,79,40,3,16432,79.35917436697468,0.9826151560178306,0.8199628022318661,0.893950659006421,13226,2904,234
Saimiri_sciureus,Gorilla_gorilla,same-order,1,2,2,110,55,55,34,0,16426,79.77197719771978,0.9823394664893224,0.8244341085271318,0.8964866140670308,13294,2831,239
Saimiri_sciureus,Gorilla_gorilla,same-order,1,2,3,110,57,53,32,0,16423,79.87878060489679,0.9822166469893743,0.8255907709483347,0.8971187868576244,13311,2812,241
Saimiri_sciureus,Gorilla_gorilla,same-order,1,2,4,110,57,53,32,0,16423,79.87878060489679,0.9822166469893743,0.8255907709483347,0.8971187868576244,13311,2812,241
Saimiri_sciureus,Gorilla_gorilla,same-order,1,0,1,110,35,75,35,5,16417,79.93044312526234,0.9808682855040471,0.8277446597118728,0.8978244763251837,13330,2774,260
Saimiri_sciureus,Gorilla_gorilla,same-order,1,0,2,110,63,47,27,0,16411,80.44977511244377,0.9807003435923679,0.8332298136645963,0.9009704825548206,13415,2685,264
Saimiri_sciureus,Gorilla_gorilla,same-order,1,0,3,110,64,46,27,0,16408,80.58170914542728,0.9805166374781086,0.834751817108778,0.9017818194020335,13437,2660,267
Saimiri_sciureus,Gorilla_gorilla,same-order,1,0,4,110,65,45,26,0,16407,80.67050497780977,0.9805365213587987,0.8356215443871529,0.9022975012577562,13451,2646,267
Saimiri_sciureus,Gorilla_gorilla,same-order,1,0,5,110,65,45,26,0,16407,80.67050497780977,0.9805365213587987,0.8356215443871529,0.9022975012577562,13451,2646,267
Saimiri_sciureus,Homo_sapiens,same-order,6,1,1,663,193,470,22,14,16263,88.8,0.9463563382911195,0.9681670592729357,0.9571374622356495,15207,500,862
Saimiri_sciureus,Homo_sapiens,same-order,6,1,2,663,575,88,4,0,16257,89.23148797010045,0.9463058153217316,0.973124442746147,0.95952777167258,15280,422,867
Saimiri_sciureus,Homo_sapiens,same-order,6,1,3,663,579,84,3,0,16256,89.36518133504643,0.9463788731523285,0.9745255381480066,0.9602459916538546,15302,400,867
Saimiri_sciureus,Homo_sapiens,same-order,6,1,4,663,580,83,3,0,16253,89.46261682242991,0.9464252610764382,0.9754171443128264,0.9607025246981339,15316,386,867
Saimiri_sciureus,Homo_sapiens,same-order,6,1,5,663,583,80,3,0,16253,89.57359813084112,0.9464880878903839,0.9766271812507961,0.9613214643931794,15335,367,867
Saimiri_sciureus,Homo_sapiens,same-order,6,1,6,663,586,77,3,0,16253,89.67289719626169,0.9465441765830199,0.9777098458795058,0.9618746279878451,15352,350,867
Saimiri_sciureus,Gorilla_gorilla,same-order,2,0,1,219,60,159,37,11,16365,84.71796720129753,0.9803962460896768,0.8769431662728516,0.9257885581120556,14103,1979,282
Saimiri_sciureus,Gorilla_gorilla,same-order,2,0,2,219,161,58,19,0,16343,85.85342391631094,0.9800960878517502,0.8883911907428145,0.9319932123743636,14280,1794,290
Saimiri_sciureus,Gorilla_gorilla,same-order,2,0,3,219,171,48,16,0,16333,86.18927368927369,0.9795681290146235,0.8923124805477747,0.9339066419101599,14335,1730,299
Saimiri_sciureus,Gorilla_gorilla,same-order,2,0,4,219,172,47,15,0,16333,86.2914862914863,0.9795918367346939,0.8933706816059758,0.9344966792551114,14352,1713,299
Saimiri_sciureus,Gorilla_gorilla,same-order,2,0,5,219,172,47,15,0,16333,86.2914862914863,0.9795918367346939,0.8933706816059758,0.9344966792551114,14352,1713,299
Saimiri_sciureus,Gorilla_gorilla,same-order,2,2,1,219,66,153,37,10,16380,84.13938119555422,0.9814295725297828,0.8699298093049258,0.9223221047778984,14005,2094,265
Saimiri_sciureus,Gorilla_gorilla,same-order,2,2,2,219,148,71,20,0,16360,85.36482750330569,0.9808024307713555,0.8829416884247171,0.9293028429351915,14203,1883,278
Saimiri_sciureus,Gorilla_gorilla,same-order,2,2,3,219,156,63,18,0,16356,85.79501051998798,0.9808260600646004,0.8872862915760025,0.9317143230186709,14272,1813,279
Saimiri_sciureus,Gorilla_gorilla,same-order,2,2,4,219,160,59,16,0,16355,85.96248647348804,0.9808615722321307,0.8889648741063102,0.9326549913576624,14299,1786,279
Saimiri_sciureus,Gorilla_gorilla,same-order,2,2,5,219,160,59,16,0,16355,85.96248647348804,0.9808615722321307,0.8889648741063102,0.9326549913576624,14299,1786,279
Saimiri_sciureus,Gorilla_gorilla,same-order,2,1,1,219,53,166,31,11,16340,85.26511963448358,0.9796919251226083,0.8825762289981331,0.9286018266932924,14183,1887,294
Saimiri_sciureus,Gorilla_gorilla,same-order,2,1,2,219,156,63,17,0,16325,85.90761457957416,0.9793609434997257,0.889186328830231,0.9320977583450255,14283,1780,301
Saimiri_sciureus,Gorilla_gorilla,same-order,2,1,3,219,161,58,15,0,16322,86.09757564819827,0.9794019024156573,0.890991720102098,0.9331073151649498,14312,1751,301
Saimiri_sciureus,Gorilla_gorilla,same-order,2,1,4,219,162,57,14,0,16321,86.26519071110576,0.9794398907103825,0.8926726016310776,0.9340455330098036,14339,1724,301
Saimiri_sciureus,Gorilla_gorilla,same-order,2,1,5,219,162,57,14,0,16321,86.26519071110576,0.9794398907103825,0.8926726016310776,0.9340455330098036,14339,1724,301
Saimiri_sciureus,Gorilla_gorilla,same-order,3,1,1,328,115,213,35,12,16326,87.09250571394202,0.979702300405954,0.901394422310757,0.9389184282194268,14480,1584,300
Saimiri_sciureus,Gorilla_gorilla,same-order,3,1,2,328,258,70,15,0,16315,88.34215591915303,0.9793931310436812,0.9147306135160386,0.9459581320450886,14686,1369,309
Saimiri_sciureus,Gorilla_gorilla,same-order,3,1,3,328,265,63,12,0,16313,88.55269489894128,0.9793108036189463,0.9170248551672584,0.9471449252050828,14721,1332,311
Saimiri_sciureus,Gorilla_gorilla,same-order,3,1,4,328,265,63,12,0,16313,88.55269489894128,0.9793108036189463,0.9170248551672584,0.9471449252050828,14721,1332,311
Saimiri_sciureus,Homo_sapiens,same-order,7,1,1,774,237,537,21,12,16262,89.52870408222859,0.9468223086900129,0.9759358288770054,0.9611586570111916,15330,378,861
Saimiri_sciureus,Homo_sapiens,same-order,7,1,2,774,698,76,3,0,16246,90.12677455161536,0.9465578598601055,0.9827366543508728,0.9643080385048132,15427,271,871
Saimiri_sciureus,Homo_sapiens,same-order,7,1,3,774,712,62,3,0,16246,90.37798679675177,0.9466984884645983,0.9854758567970442,0.9656980554948655,15470,228,871
Saimiri_sciureus,Homo_sapiens,same-order,7,1,4,774,717,57,2,0,16244,90.42472395863761,0.9466087701058039,0.9861111111111112,0.9659562517552345,15478,218,873
Saimiri_sciureus,Homo_sapiens,same-order,7,1,5,774,719,55,2,0,16242,90.55269922879178,0.9466194344347402,0.9875119464797706,0.966633404016465,15499,196,874
Saimiri_sciureus,Homo_sapiens,same-order,7,1,6,774,721,53,2,0,16237,90.684899485741,0.9466235588360886,0.9887855231298586,0.9672453018356343,15518,176,875
Saimiri_sciureus,Gorilla_gorilla,same-order,3,0,1,328,105,223,33,9,16333,87.11442486922013,0.9798458000811578,0.9017801568529814,0.9391935692985869,14488,1578,298
Saimiri_sciureus,Gorilla_gorilla,same-order,3,0,2,328,257,71,13,0,16317,88.56266169303893,0.979765708200213,0.9165628891656289,0.9471110539184147,14720,1340,304
Saimiri_sciureus,Gorilla_gorilla,same-order,3,0,3,328,264,64,10,0,16312,88.88554579371765,0.9797041851827286,0.9198530327562585,0.9488357154327927,14771,1287,306
Saimiri_sciureus,Gorilla_gorilla,same-order,3,0,4,328,269,59,10,0,16307,89.1350147474869,0.9797538705835649,0.9221571802216963,0.9500834081868343,14808,1250,306
Saimiri_sciureus,Gorilla_gorilla,same-order,3,0,5,328,272,56,10,0,16307,89.2554023957142,0.9797806264041231,0.9234026653381492,0.9507566042575017,14828,1230,306
Saimiri_sciureus,Gorilla_gorilla,same-order,3,0,6,328,275,53,10,1,16291,89.81386663454009,0.9796320630749015,0.928740500809767,0.9535077060817292,14910,1144,310
Saimiri_sciureus,Gorilla_gorilla,same-order,3,2,1,328,106,222,30,12,16316,87.14354469979546,0.9793117436278819,0.9020425955909827,0.9390904081169568,14485,1573,306
Saimiri_sciureus,Gorilla_gorilla,same-order,3,2,2,328,255,73,11,0,16301,87.91598964915448,0.9788274706867671,0.9103315054835494,0.9433377457785813,14609,1439,316
Saimiri_sciureus,Gorilla_gorilla,same-order,3,2,3,328,256,72,11,0,16299,88.01685224195005,0.9788487282463186,0.9112662013958126,0.943849231960759,14624,1424,316
Saimiri_sciureus,Gorilla_gorilla,same-order,3,2,4,328,257,71,10,0,16299,88.06500150466447,0.9788600481669789,0.9117647058823529,0.9441218221706027,14632,1416,316
Saimiri_sciureus,Gorilla_gorilla,same-order,3,2,5,328,257,71,10,0,16299,88.06500150466447,0.9788600481669789,0.9117647058823529,0.9441218221706027,14632,1416,316
Saimiri_sciureus,Homo_sapiens,same-order,8,1,1,884,264,620,23,14,16270,89.4896648370898,0.9471017179582252,0.9753707121491758,0.961028374353347,15326,387,856
Saimiri_sciureus,Homo_sapiens,same-order,8,1,2,884,805,79,3,0,16246,90.1735117135012,0.946584079479946,0.9832462734106255,0.9645669291338583,15435,263,871
Saimiri_sciureus,Homo_sapiens,same-order,8,1,3,884,820,64,2,0,16244,90.41888181340188,0.946605504587156,0.9860474006116208,0.9659239842726081,15477,219,873
Saimiri_sciureus,Homo_sapiens,same-order,8,1,4,884,826,58,2,0,16242,90.56438420191634,0.9466259541984733,0.987639375597324,0.9666978484565014,15501,194,874
Saimiri_sciureus,Homo_sapiens,same-order,8,1,5,884,830,54,2,0,16242,90.62865155410142,0.9466617844501404,0.9883402357438674,0.9670521492472179,15512,183,874
Saimiri_sciureus,Homo_sapiens,same-order,8,1,6,884,830,54,2,0,16242,90.62865155410142,0.9466617844501404,0.9883402357438674,0.9670521492472179,15512,183,874
Saimiri_sciureus,Gorilla_gorilla,same-order,4,2,1,437,139,298,25,13,16287,89.54307386671482,0.9786814054480852,0.9273067331670823,0.9523016838465971,14874,1166,324
Saimiri_sciureus,Gorilla_gorilla,same-order,4,2,2,437,360,77,5,0,16274,90.50343249427918,0.9783868237744938,0.937437624750499,0.957474596247571,15029,1003,332
Saimiri_sciureus,Gorilla_gorilla,same-order,4,2,3,437,366,71,5,0,16273,90.74430928580031,0.9783794312426958,0.9399912669203419,0.9588012598224797,15069,962,333
Saimiri_sciureus,Gorilla_gorilla,same-order,4,2,4,437,366,71,5,0,16273,90.74430928580031,0.9783794312426958,0.9399912669203419,0.9588012598224797,15069,962,333
Saimiri_sciureus,Homo_sapiens,same-order,8,2,1,884,278,606,24,13,16268,89.32095521690897,0.9468341895153803,0.9737746658179504,0.9601154799635988,15298,412,859
Saimiri_sciureus,Homo_sapiens,same-order,8,2,2,884,792,92,2,0,16255,89.78507183740217,0.9466133004926108,0.9790472551267354,0.9625571348068374,15373,329,867
Saimiri_sciureus,Homo_sapiens,same-order,8,2,3,884,800,84,2,0,16255,89.86683798621657,0.9466592838685862,0.9799388612915552,0.9630116410063837,15387,315,867
Saimiri_sciureus,Homo_sapiens,same-order,8,2,4,884,804,80,2,0,16252,90.01694024183655,0.9467346562634392,0.9814036428480448,0.9637574658369555,15410,292,867
Saimiri_sciureus,Homo_sapiens,same-order,8,2,5,884,807,77,2,0,16252,90.09872071966821,0.946780430912774,0.9822952490128646,0.9642109211389992,15424,278,867
Saimiri_sciureus,Homo_sapiens,same-order,8,2,6,884,812,72,2,0,16251,90.26228167533151,0.946813725490196,0.9841411375071651,0.9651166422035539,15452,249,868
Saimiri_sciureus,Gorilla_gorilla,same-order,5,0,1,546,161,385,22,11,16139,91.11286599441137,0.9789192011486751,0.9350414562683125,0.9564773778018685,14999,1042,323
Saimiri_sciureus,Gorilla_gorilla,same-order,5,0,2,546,460,86,6,2,16086,95.11378848728246,0.9782214156079855,0.9759615384615384,0.9770901703391155,15631,385,348
Saimiri_sciureus,Gorilla_gorilla,same-order,5,0,3,546,530,16,3,0,16086,95.11378848728246,0.9782214156079855,0.9759615384615384,0.9770901703391155,15631,385,348
Saimiri_sciureus,Gorilla_gorilla,same-order,5,0,4,546,530,16,3,0,16086,95.11378848728246,0.9782214156079855,0.9759615384615384,0.9770901703391155,15631,385,348
Saimiri_sciureus,Gorilla_gorilla,same-order,4,1,1,437,118,319,26,17,16244,92.304908937402,0.9783942725645615,0.9550730063646574,0.9665929902115566,15306,720,338
Saimiri_sciureus,Gorilla_gorilla,same-order,4,1,2,437,389,48,8,1,16226,93.45924093404936,0.9780879009850972,0.967035025285634,0.9725300599629548,15489,528,347
Saimiri_sciureus,Gorilla_gorilla,same-order,4,1,3,437,403,34,6,0,16223,93.61612260906293,0.9779388591238576,0.9688397652054452,0.97336804793124,15515,499,350
Saimiri_sciureus,Gorilla_gorilla,same-order,4,1,4,437,406,31,5,0,16223,93.70663126772462,0.9779596977329975,0.9697764456100911,0.9738508810434564,15530,484,350
Saimiri_sciureus,Gorilla_gorilla,same-order,4,1,5,437,406,31,5,0,16223,93.70663126772462,0.9779596977329975,0.9697764456100911,0.9738508810434564,15530,484,350
Saimiri_sciureus,Gorilla_gorilla,same-order,4,0,1,437,110,327,27,9,16330,87.04806593274378,0.9801530854162434,0.9003795656773069,0.9385743010961926,14470,1601,293
Saimiri_sciureus,Gorilla_gorilla,same-order,4,0,2,437,306,131,7,0,16307,88.52034673729834,0.9796802131912059,0.9156859082134629,0.9466027229714508,14705,1354,305
Saimiri_sciureus,Gorilla_gorilla,same-order,4,0,3,437,316,121,6,1,16279,91.04873200409614,0.9791410248105202,0.9422141877571375,0.9603227548524412,15115,927,322
Saimiri_sciureus,Gorilla_gorilla,same-order,4,0,4,437,358,79,3,1,16253,92.58231817633579,0.9790191952043875,0.9574056750857499,0.9680918148568547,15352,683,329
Saimiri_sciureus,Gorilla_gorilla,same-order,4,0,5,437,383,54,2,0,16253,92.58231817633579,0.9790191952043875,0.9574056750857499,0.9680918148568547,15352,683,329
Saimiri_sciureus,Gorilla_gorilla,same-order,4,0,6,437,383,54,2,0,16253,92.58231817633579,0.9790191952043875,0.9574056750857499,0.9680918148568547,15352,683,329
Saimiri_sciureus,Saimiri_boliviensis,same-genus,1,0,1,110,110,0,0,0,16471,99.96964545896066,0.9999392761719699,0.9998178506375228,0.9998785597182586,16467,3,1
Saimiri_sciureus,Saimiri_boliviensis,same-genus,1,0,2,110,110,0,0,0,16471,99.96964545896066,0.9999392761719699,0.9998178506375228,0.9998785597182586,16467,3,1
Saimiri_sciureus,Gorilla_gorilla,same-order,6,0,1,655,183,472,18,12,16099,94.4984802431611,0.977918973326623,0.970773746331106,0.9743332602087186,15545,468,351
Saimiri_sciureus,Gorilla_gorilla,same-order,6,0,2,655,609,46,2,1,16067,96.37248934875228,0.9775884423041304,0.9895631523029811,0.9835393502702032,15834,167,363
Saimiri_sciureus,Gorilla_gorilla,same-order,6,0,3,655,646,9,1,0,16067,96.37248934875228,0.9775884423041304,0.9895631523029811,0.9835393502702032,15834,167,363
Saimiri_sciureus,Gorilla_gorilla,same-order,6,0,4,655,646,9,1,0,16067,96.37248934875228,0.9775884423041304,0.9895631523029811,0.9835393502702032,15834,167,363
Saimiri_sciureus,Saimiri_boliviensis,same-genus,1,1,1,110,110,0,0,0,16474,99.92716236722306,0.9999392614188533,0.9995749848208865,0.9997570899374507,16463,7,1
Saimiri_sciureus,Saimiri_boliviensis,same-genus,1,1,2,110,110,0,0,0,16474,99.92716236722306,0.9999392614188533,0.9995749848208865,0.9997570899374507,16463,7,1
Saimiri_sciureus,Saimiri_boliviensis,same-genus,1,2,1,110,110,0,0,0,16473,99.93929828821173,0.9999392651078044,0.9996357012750455,0.9997874601487778,16464,6,1
Saimiri_sciureus,Saimiri_boliviensis,same-genus,1,2,2,110,110,0,0,0,16473,99.93929828821173,0.9999392651078044,0.9996357012750455,0.9997874601487778,16464,6,1
Saimiri_sciureus,Gorilla_gorilla,same-order,6,1,1,655,190,465,23,12,16246,92.77878239903556,0.9781392984239959,0.9607990012484394,0.9693916110341353,15392,628,344
Saimiri_sciureus,Gorilla_gorilla,same-order,6,1,2,655,588,67,2,0,16228,93.43105320304018,0.9779026453690258,0.9672161858373923,0.9725300599629547,15489,525,350
Saimiri_sciureus,Gorilla_gorilla,same-order,6,1,3,655,590,65,2,0,16227,93.48534201954398,0.9778534923339012,0.9678386311122213,0.9728202874897999,15498,515,351
Saimiri_sciureus,Gorilla_gorilla,same-order,6,1,4,655,590,65,2,0,16227,93.48534201954398,0.9778534923339012,0.9678386311122213,0.9728202874897999,15498,515,351
Saimiri_sciureus,Gorilla_gorilla,same-order,6,2,1,655,190,465,21,11,16104,93.8305373206905,0.9779537535635097,0.9638486513486514,0.9708499732712808,15437,579,348
Saimiri_sciureus,Gorilla_gorilla,same-order,6,2,2,655,593,62,3,1,16069,96.17818889970789,0.9775468547040267,0.9876882694831574,0.9825913951753296,15804,197,363
Saimiri_sciureus,Gorilla_gorilla,same-order,6,2,3,655,640,15,2,0,16069,96.17818889970789,0.9775468547040267,0.9876882694831574,0.9825913951753296,15804,197,363
Saimiri_sciureus,Gorilla_gorilla,same-order,6,2,4,655,640,15,2,0,16069,96.17818889970789,0.9775468547040267,0.9876882694831574,0.9825913951753296,15804,197,363
Saimiri_sciureus,Gorilla_gorilla,same-order,5,1,1,546,149,397,20,12,16239,92.91960677884326,0.9782843355133659,0.9616152789913869,0.9698781908029335,15407,615,342
Saimiri_sciureus,Gorilla_gorilla,same-order,5,1,2,546,486,60,2,0,16228,93.53963083604778,0.9779277290786403,0.9683402023229674,0.9731103511028835,15507,507,350
Saimiri_sciureus,Gorilla_gorilla,same-order,5,1,3,546,493,53,1,0,16227,93.68440101339124,0.977899508877975,0.9698994566914382,0.9738830537701834,15531,482,351
Saimiri_sciureus,Gorilla_gorilla,same-order,5,1,4,546,497,49,1,0,16226,93.84086384749955,0.9779342427861948,0.971460688190845,0.97468671679198,15556,457,351
Saimiri_sciureus,Gorilla_gorilla,same-order,5,1,5,546,500,46,1,0,16226,93.90118839355733,0.9779481057988314,0.9720851807906077,0.9750078296273097,15566,447,351
Saimiri_sciureus,Gorilla_gorilla,same-order,5,1,6,546,501,45,1,0,16225,94.07009712251916,0.977925498557632,0.9738945790657008,0.9759058764628575,15594,418,352
Saimiri_sciureus,Saimiri_boliviensis,same-genus,2,0,1,220,220,0,0,0,16471,99.9635745507528,0.9999392724843627,0.9997571341833636,0.9998481950390138,16466,4,1
Saimiri_sciureus,Saimiri_boliviensis,same-genus,2,0,2,220,220,0,0,0,16471,99.9635745507528,0.9999392724843627,0.9997571341833636,0.9998481950390138,16466,4,1
Saimiri_sciureus,Saimiri_boliviensis,same-genus,2,1,1,220,220,0,0,0,16472,99.98178838098707,0.9999392872321049,1.0,0.9999696426945144,16470,0,1
Saimiri_sciureus,Saimiri_boliviensis,same-genus,2,1,2,220,220,0,0,0,16472,99.98178838098707,0.9999392872321049,1.0,0.9999696426945144,16470,0,1
Saimiri_sciureus,Gorilla_gorilla,same-order,5,2,1,546,150,396,20,11,16264,91.43528278022045,0.9781572164948453,0.9473322932917316,0.9624980187034395,15181,844,339
Saimiri_sciureus,Gorilla_gorilla,same-order,5,2,2,546,435,111,2,1,16228,93.46763978527052,0.977850697292863,0.9677137325922688,0.9727558066541118,15496,517,351
Saimiri_sciureus,Gorilla_gorilla,same-order,5,2,3,546,480,66,1,0,16227,93.6240801061648,0.9778855846774194,0.9692749640916755,0.9735612356907637,15521,492,351
Saimiri_sciureus,Gorilla_gorilla,same-order,5,2,4,546,490,56,1,0,16227,93.7869465556762,0.9779231398201145,0.9709610941110348,0.9744296816244674,15548,465,351
Saimiri_sciureus,Gorilla_gorilla,same-order,5,2,5,546,491,55,1,0,16227,93.86536373507057,0.9779411764705882,0.9717729344907263,0.9748472983555208,15561,452,351
Saimiri_sciureus,Gorilla_gorilla,same-order,5,2,6,546,491,55,1,0,16227,93.86536373507057,0.9779411764705882,0.9717729344907263,0.9748472983555208,15561,452,351
Saimiri_sciureus,Saimiri_boliviensis,same-genus,2,2,1,220,220,0,0,0,16470,99.96964361605245,0.9999392724843627,0.9997571341833636,0.9998481950390138,16466,4,1
Saimiri_sciureus,Saimiri_boliviensis,same-genus,2,2,2,220,220,0,0,0,16470,99.96964361605245,0.9999392724843627,0.9997571341833636,0.9998481950390138,16466,4,1
Saimiri_sciureus,Saimiri_boliviensis,same-genus,3,0,1,330,330,0,0,0,16471,99.96964545896066,0.9999392761719699,0.9998178506375228,0.9998785597182586,16467,3,1
Saimiri_sciureus,Saimiri_boliviensis,same-genus,3,0,2,330,330,0,0,0,16471,99.96964545896066,0.9999392761719699,0.9998178506375228,0.9998785597182586,16467,3,1
Saimiri_sciureus,Saimiri_boliviensis,same-genus,3,1,1,330,330,0,0,0,16470,99.99392872321049,0.9999392872321049,1.0,0.9999696426945144,16470,0,1
Saimiri_sciureus,Saimiri_boliviensis,same-genus,3,1,2,330,330,0,0,0,16470,99.99392872321049,0.9999392872321049,1.0,0.9999696426945144,16470,0,1
Saimiri_sciureus,Saimiri_boliviensis,same-genus,3,2,1,330,330,0,0,0,16471,99.97571636716853,0.9999392798591292,0.9998785670916819,0.9999089225538117,16468,2,1
Saimiri_sciureus,Saimiri_boliviensis,same-genus,3,2,2,330,330,0,0,0,16471,99.97571636716853,0.9999392798591292,0.9998785670916819,0.9999089225538117,16468,2,1
Saimiri_sciureus,Saimiri_boliviensis,same-genus,4,1,1,440,440,0,0,0,16471,99.98785818358427,0.9999392872321049,1.0,0.9999696426945144,16470,0,1
Saimiri_sciureus,Saimiri_boliviensis,same-genus,4,1,2,440,440,0,0,0,16471,99.98785818358427,0.9999392872321049,1.0,0.9999696426945144,16470,0,1
Saimiri_sciureus,Saimiri_boliviensis,same-genus,4,0,1,440,440,0,0,0,16470,99.99392872321049,0.9999392872321049,1.0,0.9999696426945144,16470,0,1
Saimiri_sciureus,Saimiri_boliviensis,same-genus,4,0,2,440,440,0,0,0,16470,99.99392872321049,0.9999392872321049,1.0,0.9999696426945144,16470,0,1
Saimiri_sciureus,Saimiri_boliviensis,same-genus,4,2,1,440,440,0,0,0,16471,99.98785818358427,0.9999392872321049,1.0,0.9999696426945144,16470,0,1
Saimiri_sciureus,Saimiri_boliviensis,same-genus,4,2,2,440,440,0,0,0,16471,99.98785818358427,0.9999392872321049,1.0,0.9999696426945144,16470,0,1
Saimiri_sciureus,Saimiri_boliviensis,same-genus,5,0,1,550,550,0,0,0,16471,99.98785818358427,0.9999392872321049,1.0,0.9999696426945144,16470,0,1
Saimiri_sciureus,Saimiri_boliviensis,same-genus,5,0,2,550,550,0,0,0,16471,99.98785818358427,0.9999392872321049,1.0,0.9999696426945144,16470,0,1
Saimiri_sciureus,Saimiri_boliviensis,same-genus,5,1,1,550,550,0,0,0,16470,99.99392872321049,0.9999392872321049,1.0,0.9999696426945144,16470,0,1
Saimiri_sciureus,Saimiri_boliviensis,same-genus,5,1,2,550,550,0,0,0,16470,99.99392872321049,0.9999392872321049,1.0,0.9999696426945144,16470,0,1
Saimiri_sciureus,Gorilla_gorilla,same-order,7,1,1,764,219,545,16,9,16270,91.90556492411467,0.9785815057073234,0.9519650655021834,0.965089805211232,15260,770,334
Saimiri_sciureus,Gorilla_gorilla,same-order,7,1,2,764,648,116,2,0,16251,92.50421788382742,0.9780212779512009,0.9583619451900868,0.9680918148568546,15352,667,345
Saimiri_sciureus,Gorilla_gorilla,same-order,7,1,3,764,650,114,2,1,16224,94.06406466791337,0.9778627869058071,0.973892948597839,0.9758738304596802,15593,418,353
Saimiri_sciureus,Gorilla_gorilla,same-order,7,1,4,764,707,57,1,0,16224,94.06406466791337,0.9778627869058071,0.973892948597839,0.9758738304596802,15593,418,353
Saimiri_sciureus,Gorilla_gorilla,same-order,7,1,5,764,707,57,1,0,16224,94.06406466791337,0.9778627869058071,0.973892948597839,0.9758738304596802,15593,418,353
Saimiri_sciureus,Gorilla_gorilla,same-order,7,0,1,764,217,547,17,10,16236,93.50986187345437,0.9783541587782406,0.9676674364896074,0.9729814541688895,15503,518,343
Saimiri_sciureus,Gorilla_gorilla,same-order,7,0,2,764,703,61,2,0,16228,93.87779721334218,0.9779453345900094,0.9719602822706551,0.9749436231520923,15564,449,351
Saimiri_sciureus,Gorilla_gorilla,same-order,7,0,3,764,710,54,2,0,16227,94.03426227530463,0.9779799247176914,0.9735215137700618,0.9757456263887585,15589,424,351
Saimiri_sciureus,Gorilla_gorilla,same-order,7,0,4,764,715,49,2,0,16227,94.19712872481603,0.9780171603933112,0.975207643789421,0.9766103814884303,15616,397,351
Saimiri_sciureus,Gorilla_gorilla,same-order,7,0,5,764,719,45,2,0,16226,94.32380262999156,0.9779848645944087,0.9765800649512866,0.9772819599387519,15637,375,352
Saimiri_sciureus,Gorilla_gorilla,same-order,7,0,6,764,723,41,2,1,16208,94.91126403477001,0.9777377028791742,0.9823191303261277,0.9800230622993736,15723,283,358
Saimiri_sciureus,Saimiri_boliviensis,same-genus,5,2,1,550,550,0,0,0,16470,99.99392872321049,0.9999392872321049,1.0,0.9999696426945144,16470,0,1
Saimiri_sciureus,Saimiri_boliviensis,same-genus,5,2,2,550,550,0,0,0,16470,99.99392872321049,0.9999392872321049,1.0,0.9999696426945144,16470,0,1
Saimiri_sciureus,Saimiri_boliviensis,same-genus,6,0,1,659,659,0,0,0,16470,99.99392872321049,0.9999392872321049,1.0,0.9999696426945144,16470,0,1
Saimiri_sciureus,Saimiri_boliviensis,same-genus,6,0,2,659,659,0,0,0,16470,99.99392872321049,0.9999392872321049,1.0,0.9999696426945144,16470,0,1
Saimiri_sciureus,Saimiri_boliviensis,same-genus,6,1,1,659,659,0,0,0,16470,99.99392872321049,0.9999392872321049,1.0,0.9999696426945144,16470,0,1
Saimiri_sciureus,Saimiri_boliviensis,same-genus,6,1,2,659,659,0,0,0,16470,99.99392872321049,0.9999392872321049,1.0,0.9999696426945144,16470,0,1
Saimiri_sciureus,Saimiri_boliviensis,same-genus,6,2,1,659,659,0,0,0,16470,99.99392872321049,0.9999392872321049,1.0,0.9999696426945144,16470,0,1
Saimiri_sciureus,Saimiri_boliviensis,same-genus,6,2,2,659,659,0,0,0,16470,99.99392872321049,0.9999392872321049,1.0,0.9999696426945144,16470,0,1
Saimiri_sciureus,Gorilla_gorilla,same-order,7,2,1,764,242,522,19,13,16232,93.60033777670547,0.9781279546170816,0.9688456015483549,0.9734646509001944,15518,499,347
Saimiri_sciureus,Gorilla_gorilla,same-order,7,2,2,764,690,74,1,0,16226,93.88949209796115,0.9778852798894264,0.9720834374219336,0.974975727395158,15565,447,352
Saimiri_sciureus,Gorilla_gorilla,same-order,7,2,3,764,698,66,1,0,16225,94.03993484949025,0.9779185747443698,0.9735823132650512,0.9757456263887585,15589,423,352
Saimiri_sciureus,Gorilla_gorilla,same-order,7,2,4,764,703,61,1,0,16225,94.16058394160584,0.9779462439696761,0.9748313764676493,0.9763863259625309,15609,403,352
Saimiri_sciureus,Gorilla_gorilla,same-order,7,2,5,764,709,55,1,0,16224,94.32949267056766,0.9779237023139462,0.9766410592717507,0.9772819599387519,15637,374,353
Saimiri_sciureus,Gorilla_gorilla,same-order,7,2,6,764,715,49,1,0,16223,94.45617421728902,0.9778915813140144,0.9780137414116178,0.9779526575479358,15658,352,354
Saimiri_sciureus,Saimiri_boliviensis,same-genus,7,1,1,769,769,0,0,0,16470,99.99392872321049,0.9999392872321049,1.0,0.9999696426945144,16470,0,1
Saimiri_sciureus,Saimiri_boliviensis,same-genus,7,1,2,769,769,0,0,0,16470,99.99392872321049,0.9999392872321049,1.0,0.9999696426945144,16470,0,1
Saimiri_sciureus,Gorilla_gorilla,same-order,8,0,1,873,273,600,19,10,16267,91.75953255827962,0.9785443566518919,0.9502807236431691,0.9642054625439124,15233,797,334
Saimiri_sciureus,Gorilla_gorilla,same-order,8,0,2,873,752,121,2,0,16252,92.29378803398204,0.9779735682819384,0.956239465634559,0.9669844075500283,15318,701,345
Saimiri_sciureus,Gorilla_gorilla,same-order,8,0,3,873,764,109,2,1,16224,94.07612957712493,0.97786556308001,0.9740178627193804,0.9759379204605901,15595,416,353
Saimiri_sciureus,Gorilla_gorilla,same-order,8,0,4,873,816,57,1,0,16224,94.16058394160584,0.9778849768199473,0.9748922615701705,0.9763863259625308,15609,402,353
Saimiri_sciureus,Gorilla_gorilla,same-order,8,0,5,873,817,56,1,0,16224,94.29329794293298,0.9779154154154154,0.9762663169071264,0.9770901703391155,15631,380,353
Saimiri_sciureus,Gorilla_gorilla,same-order,8,0,6,873,826,47,1,0,16222,94.38981721662545,0.9778152730908637,0.9773877194078331,0.9776014495017338,15647,362,355
Saimiri_sciureus,Saimiri_boliviensis,same-genus,7,0,1,769,769,0,0,0,16471,99.98785818358427,0.9999392872321049,1.0,0.9999696426945144,16470,0,1
Saimiri_sciureus,Saimiri_boliviensis,same-genus,7,0,2,769,769,0,0,0,16471,99.98785818358427,0.9999392872321049,1.0,0.9999696426945144,16470,0,1
Saimiri_sciureus,Saimiri_boliviensis,same-genus,7,2,1,769,769,0,0,0,16471,99.98785818358427,0.9999392872321049,1.0,0.9999696426945144,16470,0,1
Saimiri_sciureus,Saimiri_boliviensis,same-genus,7,2,2,769,769,0,0,0,16471,99.98785818358427,0.9999392872321049,1.0,0.9999696426945144,16470,0,1
Saimiri_sciureus,Gorilla_gorilla,same-order,8,2,1,873,239,634,15,9,16260,91.95180722891567,0.9782107152012305,0.9525711432850724,0.9652206905273808,15264,760,340
Saimiri_sciureus,Gorilla_gorilla,same-order,8,2,2,873,757,116,2,0,16252,92.3901909983732,0.9779960456661777,0.9572382795430426,0.9675058363303679,15334,685,345
Saimiri_sciureus,Gorilla_gorilla,same-order,8,2,3,873,766,107,2,1,16224,94.11232430475961,0.9778738874263507,0.9743926050840047,0.9761301423431878,15601,410,353
Saimiri_sciureus,Gorilla_gorilla,same-order,8,2,4,873,811,62,1,0,16224,94.22090848766364,0.9778988229401453,0.9755168321778777,0.9767063752618579,15619,392,353
Saimiri_sciureus,Gorilla_gorilla,same-order,8,2,5,873,813,60,1,1,16208,94.83247811651071,0.9777791609610357,0.9813831448741176,0.9795778380569327,15709,298,357
Saimiri_sciureus,Gorilla_gorilla,same-order,8,2,6,873,827,46,2,1,16196,95.3557192897693,0.9775865271500217,0.9866891638545182,0.982116754268653,15789,213,362
Saimiri_sciureus,Gorilla_gorilla,same-order,8,1,1,873,255,618,18,12,16262,91.80071088619796,0.978362760834671,0.9507705746552693,0.9643693437124232,15238,789,337
Saimiri_sciureus,Gorilla_gorilla,same-order,8,1,2,873,733,140,2,1,16226,93.87139582579321,0.9778811109714717,0.9718960779415439,0.9748794086324626,15562,450,352
Saimiri_sciureus,Gorilla_gorilla,same-order,8,1,3,873,786,87,1,0,16225,94.00977257646136,0.9779116465863453,0.9732700474644017,0.9755853261550018,15584,428,352
Saimiri_sciureus,Gorilla_gorilla,same-order,8,1,4,873,797,76,1,0,16225,94.14851903239428,0.9779434801679303,0.9747064701473894,0.9763222920771949,15607,405,352
Saimiri_sciureus,Gorilla_gorilla,same-order,8,1,5,873,799,74,1,0,16224,94.31139530675031,0.9779195596422093,0.9764536880894386,0.9771860741296331,15634,377,353
Saimiri_sciureus,Gorilla_gorilla,same-order,8,1,6,873,805,68,1,0,16224,94.35965494359655,0.9779306033135354,0.9769533445756042,0.9774417296756857,15642,369,353
Saimiri_sciureus,Saimiri_boliviensis,same-genus,8,0,1,879,879,0,0,0,16470,99.99392872321049,0.9999392872321049,1.0,0.9999696426945144,16470,0,1
Saimiri_sciureus,Saimiri_boliviensis,same-genus,8,0,2,879,879,0,0,0,16470,99.99392872321049,0.9999392872321049,1.0,0.9999696426945144,16470,0,1
Saimiri_sciureus,Saimiri_boliviensis,same-genus,8,1,1,879,879,0,0,0,16470,99.99392872321049,0.9999392872321049,1.0,0.9999696426945144,16470,0,1
Saimiri_sciureus,Saimiri_boliviensis,same-genus,8,1,2,879,879,0,0,0,16470,99.99392872321049,0.9999392872321049,1.0,0.9999696426945144,16470,0,1
Saimiri_sciureus,Saimiri_boliviensis,same-genus,8,2,1,879,879,0,0,0,16470,99.99392872321049,0.9999392872321049,1.0,0.9999696426945144,16470,0,1
Saimiri_sciureus,Saimiri_boliviensis,same-genus,8,2,2,879,879,0,0,0,16470,99.99392872321049,0.9999392872321049,1.0,0.9999696426945144,16470,0,1
Saimiri_sciureus,Aotus_azarai,same-order,1,0,1,111,87,24,18,0,16447,89.28678904604273,0.9888022395520896,0.9052907792762556,0.9452054794520548,14835,1552,168
Saimiri_sciureus,Aotus_azarai,same-order,1,0,2,111,99,12,9,0,16430,90.22569966897382,0.9878096995255666,0.9157605375687232,0.9504216065428264,14991,1379,185
Saimiri_sciureus,Aotus_azarai,same-order,1,0,3,111,101,10,8,0,16427,90.35752979414951,0.9876965589841437,0.9171554252199413,0.9511198403395952,15012,1356,187
Saimiri_sciureus,Aotus_azarai,same-order,1,0,4,111,101,10,8,0,16427,90.35752979414951,0.9876965589841437,0.9171554252199413,0.9511198403395952,15012,1356,187
Saimiri_sciureus,Aotus_azarai,same-order,1,1,1,111,80,31,17,2,16429,89.60077075931837,0.9881790410413069,0.9085913170910423,0.9467154445681566,14880,1497,178
Saimiri_sciureus,Aotus_azarai,same-order,1,1,2,111,100,11,8,0,16426,90.55103884372177,0.9882352941176471,0.9181729360039081,0.9519166851318414,15036,1340,179
Saimiri_sciureus,Aotus_azarai,same-order,1,1,3,111,101,10,7,0,16426,90.57512797350196,0.9882383862277416,0.9184171958964338,0.9520493749010921,15040,1336,179
Saimiri_sciureus,Aotus_azarai,same-order,1,1,4,111,101,10,7,0,16426,90.57512797350196,0.9882383862277416,0.9184171958964338,0.9520493749010921,15040,1336,179
Saimiri_sciureus,Aotus_azarai,same-order,1,2,1,111,81,30,17,1,16447,90.57421451787648,0.9890239894840618,0.918232853307298,0.9523146536721198,15048,1340,167
Saimiri_sciureus,Aotus_azarai,same-order,1,2,2,111,102,9,6,0,16435,91.813147122562,0.9885280964417655,0.9312492367810478,0.9590341748671677,15252,1126,177
Saimiri_sciureus,Aotus_azarai,same-order,1,2,3,111,103,8,5,0,16435,91.813147122562,0.9885280964417655,0.9312492367810478,0.9590341748671677,15252,1126,177
Saimiri_sciureus,Aotus_azarai,same-order,1,2,4,111,103,8,5,0,16435,91.813147122562,0.9885280964417655,0.9312492367810478,0.9590341748671677,15252,1126,177
Saimiri_sciureus,Aotus_azarai,same-order,2,1,1,221,167,54,20,3,16410,93.89193422083007,0.9878945366966663,0.9525177218284038,0.9698836413415468,15587,777,191
Saimiri_sciureus,Aotus_azarai,same-order,2,1,2,221,209,12,7,0,16404,95.05451478826576,0.9876697753019966,0.9646656070424258,0.976032163290552,15780,578,197
Saimiri_sciureus,Aotus_azarai,same-order,2,1,3,221,212,9,4,0,16404,95.2231793265466,0.9876913464542331,0.9663773077393324,0.9769180854679727,15808,550,197
Saimiri_sciureus,Aotus_azarai,same-order,2,1,4,221,212,9,4,0,16404,95.2231793265466,0.9876913464542331,0.9663773077393324,0.9769180854679727,15808,550,197
Saimiri_sciureus,Aotus_azarai,same-order,2,2,1,221,172,49,21,2,16420,94.1630022287814,0.9885537216214507,0.954684255527055,0.9713238263895362,15632,742,181
Saimiri_sciureus,Aotus_azarai,same-order,2,2,2,221,206,15,6,0,16412,95.28313253012048,0.9882536707278975,0.9663957964196248,0.9772025206968985,15817,550,188
Saimiri_sciureus,Aotus_azarai,same-order,2,2,3,221,210,11,5,0,16411,95.42743538767395,0.9882705265784877,0.9678010631148042,0.9779286926994907,15840,527,188
Saimiri_sciureus,Aotus_azarai,same-order,2,2,4,221,210,11,5,0,16411,95.42743538767395,0.9882705265784877,0.9678010631148042,0.9779286926994907,15840,527,188
Saimiri_sciureus,Aotus_azarai,same-order,2,0,1,221,161,60,24,1,16426,92.97453494672204,0.9881630302642523,0.9434331093463653,0.9652801650051563,15444,926,185
Saimiri_sciureus,Aotus_azarai,same-order,2,0,2,221,201,20,9,0,16412,94.47254335260115,0.98766209240841,0.9591050797726023,0.9731741355248876,15690,669,196
Saimiri_sciureus,Aotus_azarai,same-order,2,0,3,221,203,18,8,0,16411,94.50867052023122,0.9876046058012962,0.9595305049517056,0.9733651669715668,15696,662,197
Saimiri_sciureus,Aotus_azarai,same-order,2,0,4,221,204,17,7,0,16409,94.57490366088632,0.9874889978624418,0.9603203717290291,0.9737152067447771,15707,649,199
Saimiri_sciureus,Aotus_azarai,same-order,2,0,5,221,204,17,7,0,16409,94.57490366088632,0.9874889978624418,0.9603203717290291,0.9737152067447771,15707,649,199
Saimiri_sciureus,Aotus_azarai,same-order,3,1,1,332,258,74,21,2,16403,95.66291187277875,0.9876858013558057,0.9708993091642721,0.9792206190652362,15881,476,198
Saimiri_sciureus,Aotus_azarai,same-order,3,1,2,332,322,10,3,0,16391,97.03012048192771,0.9871904878646727,0.9853786859170439,0.9862837548221174,16107,239,209
Saimiri_sciureus,Aotus_azarai,same-order,3,1,3,332,323,9,3,0,16391,97.03012048192771,0.9871904878646727,0.9853786859170439,0.9862837548221174,16107,239,209
Saimiri_sciureus,Aotus_azarai,same-order,3,1,4,332,323,9,3,0,16391,97.03012048192771,0.9871904878646727,0.9853786859170439,0.9862837548221174,16107,239,209
Saimiri_sciureus,Aotus_azarai,same-order,3,0,1,332,260,72,18,3,16399,95.95734425834438,0.9876596800198437,0.9737710931768159,0.9806662151345361,15927,429,199
Saimiri_sciureus,Aotus_azarai,same-order,3,0,2,332,317,15,3,0,16394,96.90324135438004,0.987475442043222,0.9836707235031497,0.9855694108275375,16084,267,204
Saimiri_sciureus,Aotus_azarai,same-order,3,0,3,332,324,8,1,0,16394,96.90324135438004,0.987475442043222,0.9836707235031497,0.9855694108275375,16084,267,204
Saimiri_sciureus,Aotus_azarai,same-order,3,0,4,332,324,8,1,0,16394,96.90324135438004,0.987475442043222,0.9836707235031497,0.9855694108275375,16084,267,204
Saimiri_sciureus,Aotus_azarai,same-order,3,2,1,332,244,88,24,3,16403,95.50602409638554,0.9877266213943057,0.9691893874556792,0.9783702058070289,15854,504,197
Saimiri_sciureus,Aotus_azarai,same-order,3,2,2,332,316,16,6,0,16398,96.39737333574311,0.9875941241821997,0.9784150666503608,0.9829831674652906,16001,353,201
Saimiri_sciureus,Aotus_azarai,same-order,3,2,3,332,317,15,5,0,16397,96.4576179287909,0.9875408622710171,0.9790864061640066,0.983295461524289,16011,342,202
Saimiri_sciureus,Aotus_azarai,same-order,3,2,4,332,317,15,5,0,16397,96.4576179287909,0.9875408622710171,0.9790864061640066,0.983295461524289,16011,342,202
Saimiri_sciureus,Aotus_azarai,same-order,4,0,1,442,352,90,25,2,16404,95.99397590361446,0.9878494823631517,0.9740815453267314,0.9809172052939366,15935,424,196
Saimiri_sciureus,Aotus_azarai,same-order,4,0,2,442,430,12,4,0,16394,97.07848924763569,0.9873185076272744,0.9858086616099829,0.9865630069480578,16116,232,207
Saimiri_sciureus,Aotus_azarai,same-order,4,0,3,442,431,11,3,0,16392,97.09621061509729,0.9873192844890958,0.9858698311720088,0.9865940254652302,16117,231,207
Saimiri_sciureus,Aotus_azarai,same-order,4,0,4,442,431,11,3,0,16392,97.09621061509729,0.9873192844890958,0.9858698311720088,0.9865940254652302,16117,231,207
Saimiri_sciureus,Aotus_azarai,same-order,5,0,1,552,398,154,22,5,16385,97.2639064665823,0.9872759527742093,0.9872759527742093,0.9872759527742093,16139,208,208
Saimiri_sciureus,Aotus_azarai,same-order,5,0,2,552,549,3,0,0,16379,98.22214186705237,0.9870397286821705,0.997368582094119,0.9921772745259184,16298,43,214
Saimiri_sciureus,Aotus_azarai,same-order,5,0,3,552,549,3,0,0,16379,98.22214186705237,0.9870397286821705,0.997368582094119,0.9921772745259184,16298,43,214
Saimiri_sciureus,Aotus_azarai,same-order,4,2,1,442,346,96,25,2,16404,96.25971210022286,0.9877016253630801,0.9771337735387625,0.9823892798967331,15982,374,199
Saimiri_sciureus,Aotus_azarai,same-order,4,2,2,442,430,12,4,0,16389,97.66236896011567,0.9872708447530301,0.9916799216933806,0.9894704715397528,16210,136,209
Saimiri_sciureus,Aotus_azarai,same-order,4,2,3,442,434,8,1,0,16387,97.75876611639957,0.9871631076230456,0.9927802251590798,0.9899636984838779,16226,118,211
Saimiri_sciureus,Aotus_azarai,same-order,4,2,4,442,434,8,1,0,16387,97.75876611639957,0.9871631076230456,0.9927802251590798,0.9899636984838779,16226,118,211
Saimiri_sciureus,Aotus_azarai,same-order,5,1,1,552,414,138,27,6,16404,96.78332630564424,0.9878873585833743,0.9822105391857195,0.9850407700324935,16067,291,197
Saimiri_sciureus,Aotus_azarai,same-order,5,1,2,552,543,9,2,0,16392,97.62033857461293,0.9873865090488088,0.9911915830682653,0.9892853872218321,16204,144,207
Saimiri_sciureus,Aotus_azarai,same-order,5,1,3,552,547,5,1,0,16390,97.75287667931804,0.9872832369942196,0.9926587544353359,0.9899636984838779,16226,120,209
Saimiri_sciureus,Aotus_azarai,same-order,5,1,4,552,547,5,1,0,16390,97.75287667931804,0.9872832369942196,0.9926587544353359,0.9899636984838779,16226,120,209
Saimiri_sciureus,Aotus_azarai,same-order,4,1,1,442,338,104,25,2,16403,96.42168674698796,0.9878417576991915,0.9784814769531728,0.9831393384724056,16006,352,197
Saimiri_sciureus,Aotus_azarai,same-order,4,1,2,442,424,18,4,0,16394,97.5421686746988,0.9874374923771192,0.9903969661753013,0.9889150151158884,16192,157,206
Saimiri_sciureus,Aotus_azarai,same-order,4,1,3,442,431,11,2,0,16394,97.65060240963855,0.9874512670565302,0.9914979509450119,0.9894704715397526,16210,139,206
Saimiri_sciureus,Aotus_azarai,same-order,4,1,4,442,432,10,2,0,16392,97.6987951807229,0.9873371484232315,0.992108643787851,0.9897171452109969,16218,129,208
Saimiri_sciureus,Aotus_azarai,same-order,4,1,5,442,433,9,1,0,16392,97.6987951807229,0.9873371484232315,0.992108643787851,0.9897171452109969,16218,129,208
Saimiri_sciureus,Aotus_azarai,same-order,4,1,6,442,433,9,1,0,16392,97.6987951807229,0.9873371484232315,0.992108643787851,0.9897171452109969,16218,129,208
Saimiri_sciureus,Varecia_variegata,same-order,1,0,1,114,16,98,45,3,16448,74.04080213283876,0.9406523820042707,0.7905811003156136,0.8591123066577001,12775,3384,806
Saimiri_sciureus,Varecia_variegata,same-order,1,0,2,114,39,75,40,0,16446,74.24944940303698,0.9406711212276966,0.7929070990901776,0.8604916711445459,12811,3346,808
Saimiri_sciureus,Varecia_variegata,same-order,1,0,3,114,39,75,40,0,16446,74.24944940303698,0.9406711212276966,0.7929070990901776,0.8604916711445459,12811,3346,808
Saimiri_sciureus,Aotus_azarai,same-order,5,2,1,552,422,130,22,5,16392,96.89119170984456,0.987352652259332,0.9836687259159581,0.9855072463768115,16082,267,206
Saimiri_sciureus,Aotus_azarai,same-order,5,2,2,552,530,22,3,0,16386,97.7226171827931,0.9870983446932814,0.9924738420118705,0.9897787948131197,16220,123,212
Saimiri_sciureus,Aotus_azarai,same-order,5,2,3,552,535,17,1,1,16377,98.05942264810463,0.9868987687268758,0.995838178591101,0.9913483214525072,16271,68,216
Saimiri_sciureus,Aotus_azarai,same-order,5,2,4,552,547,5,0,0,16377,98.05942264810463,0.9868987687268758,0.995838178591101,0.9913483214525072,16271,68,216
Saimiri_sciureus,Aotus_azarai,same-order,5,2,5,552,547,5,0,0,16377,98.05942264810463,0.9868987687268758,0.995838178591101,0.9913483214525072,16271,68,216
Saimiri_sciureus,Aotus_azarai,same-order,7,0,1,773,582,191,25,6,16386,97.9149090032542,0.9873602333495382,0.9939438429069554,0.9906410998993994,16248,99,208
Saimiri_sciureus,Aotus_azarai,same-order,7,0,2,773,767,6,0,0,16380,98.27035496896282,0.9871057570070828,0.9977970872598213,0.9924226286479413,16306,36,213
Saimiri_sciureus,Aotus_azarai,same-order,7,0,3,773,767,6,0,0,16380,98.27035496896282,0.9871057570070828,0.9977970872598213,0.9924226286479413,16306,36,213
Saimiri_sciureus,Aotus_azarai,same-order,6,0,1,663,499,164,21,5,16397,97.34907820219304,0.9877131854025307,0.9880151644857528,0.9878641518662307,16158,196,201
Saimiri_sciureus,Aotus_azarai,same-order,6,0,2,663,647,16,1,0,16389,97.87323773948668,0.9872979214780601,0.9938211183164077,0.9905487804878049,16245,101,209
Saimiri_sciureus,Aotus_azarai,same-order,6,0,3,663,650,13,1,1,16380,98.22816850479117,0.9871002906976745,0.9973687431158977,0.9922079503256833,16299,43,213
Saimiri_sciureus,Aotus_azarai,same-order,6,0,4,663,659,4,0,0,16380,98.22816850479117,0.9871002906976745,0.9973687431158977,0.9922079503256833,16299,43,213
Saimiri_sciureus,Aotus_azarai,same-order,6,0,5,663,659,4,0,0,16380,98.22816850479117,0.9871002906976745,0.9973687431158977,0.9922079503256833,16299,43,213
Saimiri_sciureus,Aotus_azarai,same-order,6,2,1,663,518,145,23,4,16397,97.02994156274474,0.9876134412558254,0.9848957377851159,0.9862527173081045,16106,247,202
Saimiri_sciureus,Aotus_azarai,same-order,6,2,2,663,644,19,1,0,16386,97.89733702855766,0.9871210740538242,0.994248302025332,0.9906718692842337,16249,94,212
Saimiri_sciureus,Aotus_azarai,same-order,6,2,3,663,647,16,1,0,16384,97.96361007350284,0.9870098336773097,0.9950431430145034,0.9910102087460002,16260,81,214
Saimiri_sciureus,Aotus_azarai,same-order,6,2,4,663,647,16,1,0,16384,97.96361007350284,0.9870098336773097,0.9950431430145034,0.9910102087460002,16260,81,214
Saimiri_sciureus,Aotus_azarai,same-order,6,1,1,663,522,141,28,4,16397,96.86728116151575,0.9875928996990356,0.9832446645875375,0.9854139854139855,16079,274,202
Saimiri_sciureus,Aotus_azarai,same-order,6,1,2,663,650,13,2,0,16390,97.85529248749924,0.987296377340141,0.9936987642236633,0.9904872248307823,16243,103,209
Saimiri_sciureus,Aotus_azarai,same-order,6,1,3,663,652,11,1,1,16381,98.18609135832229,0.9870956015994184,0.9970015909925346,0.9920238675109596,16293,49,213
Saimiri_sciureus,Aotus_azarai,same-order,6,1,4,663,659,4,0,0,16381,98.18609135832229,0.9870956015994184,0.9970015909925346,0.9920238675109596,16293,49,213
Saimiri_sciureus,Aotus_azarai,same-order,6,1,5,663,659,4,0,0,16381,98.18609135832229,0.9870956015994184,0.9970015909925346,0.9920238675109596,16293,49,213
Saimiri_sciureus,Varecia_variegata,same-order,1,1,1,114,27,87,39,3,16433,73.65949800011593,0.9395194085027726,0.7869573295348982,0.8564977082771636,12707,3440,818
Saimiri_sciureus,Varecia_variegata,same-order,1,1,2,114,54,60,33,0,16428,74.12753623188406,0.9395987949151297,0.792108034442173,0.8595724657165904,12787,3356,822
Saimiri_sciureus,Varecia_variegata,same-order,1,1,3,114,58,56,31,0,16425,74.51150924798516,0.9398815183207782,0.7960726011274236,0.8620203917359807,12851,3292,822
Saimiri_sciureus,Varecia_variegata,same-order,1,1,4,114,59,55,31,0,16423,74.56369223633095,0.9397836889798304,0.79672882721021,0.8623637887678123,12860,3281,824
Saimiri_sciureus,Varecia_variegata,same-order,1,1,5,114,59,55,31,0,16423,74.56369223633095,0.9397836889798304,0.79672882721021,0.8623637887678123,12860,3281,824
Saimiri_sciureus,Varecia_variegata,same-order,1,2,1,114,19,95,45,3,16437,74.00429010377414,0.9401929734109156,0.7902556800594317,0.8587285570131181,12765,3388,812
Saimiri_sciureus,Varecia_variegata,same-order,1,2,2,114,37,77,39,0,16429,74.50559647393145,0.9404143181319083,0.7954306234908055,0.8618677042801557,12847,3304,814
Saimiri_sciureus,Varecia_variegata,same-order,1,2,3,114,39,75,37,0,16427,74.75784467258279,0.9405969495730861,0.7980310816667698,0.8634688818918738,12889,3262,814
Saimiri_sciureus,Varecia_variegata,same-order,1,2,4,114,39,75,37,0,16427,74.75784467258279,0.9405969495730861,0.7980310816667698,0.8634688818918738,12889,3262,814
Saimiri_sciureus,Aotus_azarai,same-order,7,1,1,773,600,173,27,4,16396,97.25334297072642,0.9874021526418787,0.9875833384304851,0.9874927372251612,16146,203,206
Saimiri_sciureus,Aotus_azarai,same-order,7,1,2,773,752,21,1,1,16377,98.22816850479117,0.9869209809264305,0.9975518697594712,0.9922079503256833,16299,40,216
Saimiri_sciureus,Aotus_azarai,same-order,7,1,3,773,768,5,0,0,16377,98.22816850479117,0.9869209809264305,0.9975518697594712,0.9922079503256833,16299,40,216
Saimiri_sciureus,Aotus_azarai,same-order,7,1,4,773,768,5,0,0,16377,98.22816850479117,0.9869209809264305,0.9975518697594712,0.9922079503256833,16299,40,216
Saimiri_sciureus,Aotus_azarai,same-order,8,2,1,883,684,199,25,5,16391,97.45150018074467,0.987364180197778,0.9894176657695131,0.9883898564008554,16175,173,207
Saimiri_sciureus,Aotus_azarai,same-order,8,2,2,883,867,16,1,1,16377,98.26432833122401,0.9869257308879608,0.9979190892955505,0.9923919659160073,16305,34,216
Saimiri_sciureus,Aotus_azarai,same-order,8,2,3,883,881,2,0,0,16377,98.26432833122401,0.9869257308879608,0.9979190892955505,0.9923919659160073,16305,34,216
Saimiri_sciureus,Aotus_azarai,same-order,8,2,4,883,881,2,0,0,16377,98.26432833122401,0.9869257308879608,0.9979190892955505,0.9923919659160073,16305,34,216
Saimiri_sciureus,Varecia_variegata,same-order,2,1,1,227,34,193,45,9,16379,79.29993614674639,0.9415535185057551,0.847614320282931,0.8921178083980932,13661,2456,848
Saimiri_sciureus,Varecia_variegata,same-order,2,1,2,227,130,97,28,0,16361,80.22533248156107,0.9415212649945475,0.8576395356056373,0.8976250040612106,13814,2293,858
Saimiri_sciureus,Varecia_variegata,same-order,2,1,3,227,131,96,27,0,16361,80.29502293977583,0.9415690547534732,0.8583845532998076,0.8980546263518561,13826,2281,858
Saimiri_sciureus,Varecia_variegata,same-order,2,1,4,227,131,96,27,0,16361,80.29502293977583,0.9415690547534732,0.8583845532998076,0.8980546263518561,13826,2281,858
Saimiri_sciureus,Varecia_variegata,same-order,2,2,1,227,46,181,43,11,16384,80.23917334262161,0.9425804691762139,0.8572846244495441,0.8979114561340826,13822,2301,842
Saimiri_sciureus,Varecia_variegata,same-order,2,2,2,227,142,85,28,0,16365,81.11892174519258,0.9427452569036527,0.8663522988149159,0.9029358510087946,13963,2154,848
Saimiri_sciureus,Varecia_variegata,same-order,2,2,3,227,147,80,23,0,16360,81.71043458052522,0.9428801287208367,0.8728355985849935,0.906506816204196,14064,2049,852
Saimiri_sciureus,Varecia_variegata,same-order,2,2,4,227,147,80,23,0,16360,81.71043458052522,0.9428801287208367,0.8728355985849935,0.906506816204196,14064,2049,852
Saimiri_sciureus,Aotus_azarai,same-order,7,2,1,773,601,172,25,4,16397,97.40948249894572,0.98766110805693,0.9887482419127989,0.9882043759931548,16169,184,202
Saimiri_sciureus,Aotus_azarai,same-order,7,2,2,773,757,16,1,0,16387,97.98168454030606,0.9871919388126745,0.9950440528634361,0.9911024437808519,16263,81,211
Saimiri_sciureus,Aotus_azarai,same-order,7,2,3,773,761,12,1,1,16380,98.27035496896282,0.9871057570070828,0.9977970872598213,0.9924226286479413,16306,36,213
Saimiri_sciureus,Aotus_azarai,same-order,7,2,4,773,766,7,0,0,16380,98.27035496896282,0.9871057570070828,0.9977970872598213,0.9924226286479413,16306,36,213
Saimiri_sciureus,Aotus_azarai,same-order,7,2,5,773,766,7,0,0,16380,98.27035496896282,0.9871057570070828,0.9977970872598213,0.9924226286479413,16306,36,213
Saimiri_sciureus,Varecia_variegata,same-order,2,0,1,227,35,192,44,13,16344,80.82446653875225,0.9420574681485497,0.8628801986343886,0.9007321972396812,13901,2209,855
Saimiri_sciureus,Varecia_variegata,same-order,2,0,2,227,150,77,28,0,16330,81.47760325770797,0.9421498721915781,0.8696678050294939,0.9044590100416517,14006,2099,860
Saimiri_sciureus,Varecia_variegata,same-order,2,0,3,227,155,72,25,0,16321,81.87107284151733,0.9419639868799786,0.8741458566281526,0.9067886715855269,14072,2026,867
Saimiri_sciureus,Varecia_variegata,same-order,2,0,4,227,156,71,24,0,16321,81.87107284151733,0.9419639868799786,0.8741458566281526,0.9067886715855269,14072,2026,867
Saimiri_sciureus,Varecia_variegata,same-order,2,0,5,227,156,71,24,0,16321,81.87107284151733,0.9419639868799786,0.8741458566281526,0.9067886715855269,14072,2026,867
Saimiri_sciureus,Aotus_azarai,same-order,8,0,1,883,659,224,23,4,16400,97.04181226653813,0.9878564857405704,0.9847160237207312,0.9862837548221175,16107,250,198
Saimiri_sciureus,Aotus_azarai,same-order,8,0,2,883,843,40,2,0,16390,97.75274129413182,0.98734254244508,0.992536856915642,0.9899328859060403,16225,122,208
Saimiri_sciureus,Aotus_azarai,same-order,8,0,3,883,852,31,1,1,16381,98.2522750557464,0.9871631849833484,0.9975524689469497,0.9923306348530038,16303,40,212
Saimiri_sciureus,Aotus_azarai,same-order,8,0,4,883,876,7,0,0,16381,98.2522750557464,0.9871631849833484,0.9975524689469497,0.9923306348530038,16303,40,212
Saimiri_sciureus,Aotus_azarai,same-order,8,0,5,883,876,7,0,0,16381,98.2522750557464,0.9871631849833484,0.9975524689469497,0.9923306348530038,16303,40,212
Saimiri_sciureus,Aotus_azarai,same-order,8,1,1,883,678,205,25,6,16396,97.49382492921261,0.9876113755645063,0.9896648727984344,0.9886370578532592,16183,169,203
Saimiri_sciureus,Aotus_azarai,same-order,8,1,2,883,867,16,1,0,16389,97.94553560669961,0.9873071784282764,0.9945552428728741,0.9909179568450568,16257,89,209
Saimiri_sciureus,Aotus_azarai,same-order,8,1,3,883,867,16,1,1,16380,98.27638160670162,0.9871065375302663,0.9978582792803818,0.992453289513724,16307,35,213
Saimiri_sciureus,Aotus_azarai,same-order,8,1,4,883,882,1,0,0,16380,98.27638160670162,0.9871065375302663,0.9978582792803818,0.992453289513724,16307,35,213
Saimiri_sciureus,Aotus_azarai,same-order,8,1,5,883,882,1,0,0,16380,98.27638160670162,0.9871065375302663,0.9978582792803818,0.992453289513724,16307,35,213
Saimiri_sciureus,Varecia_variegata,same-order,4,0,1,453,66,387,25,17,16267,87.76949073534553,0.9439152776037097,0.9373366521468575,0.9406144623454478,15063,1007,895
Saimiri_sciureus,Varecia_variegata,same-order,4,0,2,453,374,79,9,0,16265,88.07692307692308,0.9440939471547255,0.9405102675793404,0.9422987000841672,15114,956,895
Saimiri_sciureus,Varecia_variegata,same-order,4,0,3,453,374,79,9,0,16265,88.07692307692308,0.9440939471547255,0.9405102675793404,0.9422987000841672,15114,956,895
Saimiri_sciureus,Varecia_variegata,same-order,3,2,1,340,62,278,31,18,16280,87.76543138053407,0.94316974054392,0.9395864474339811,0.9413746840972201,15086,970,909
Saimiri_sciureus,Varecia_variegata,same-order,3,2,2,340,292,48,10,0,16261,88.37845705967976,0.943205120238613,0.945673166780886,0.9444375311100051,15179,872,914
Saimiri_sciureus,Varecia_variegata,same-order,3,2,3,340,295,45,9,0,16260,88.53566229985444,0.943241734383723,0.9474143302180685,0.9453234279319884,15206,844,915
Saimiri_sciureus,Varecia_variegata,same-order,3,2,4,340,295,45,9,0,16260,88.53566229985444,0.943241734383723,0.9474143302180685,0.9453234279319884,15206,844,915
Saimiri_sciureus,Varecia_variegata,same-order,3,1,1,340,50,290,26,16,16310,85.37508002095095,0.9438332368268674,0.9116331096196868,0.9274537695590327,14670,1422,873
Saimiri_sciureus,Varecia_variegata,same-order,3,1,2,340,251,89,10,0,16300,85.64192139737992,0.9438526694045175,0.9141702921068987,0.9287743890888426,14709,1381,875
Saimiri_sciureus,Varecia_variegata,same-order,3,1,3,340,253,87,10,0,16300,85.74090247452693,0.9439138516761746,0.9152268489745183,0.9293490265375026,14726,1364,875
Saimiri_sciureus,Varecia_variegata,same-order,3,1,4,340,256,84,10,0,16300,85.85152838427948,0.9439820742637645,0.9164077066500932,0.9299905392620624,14745,1345,875
Saimiri_sciureus,Varecia_variegata,same-order,3,1,5,340,256,84,10,0,16300,85.85152838427948,0.9439820742637645,0.9164077066500932,0.9299905392620624,14745,1345,875
Saimiri_sciureus,Varecia_variegata,same-order,4,2,1,453,84,369,22,15,16253,88.8513316626843,0.9439078751857355,0.949374182701289,0.9466331377479743,15246,813,906
Saimiri_sciureus,Varecia_variegata,same-order,4,2,2,453,386,67,7,0,16250,89.07278978961477,0.9438646328660533,0.9519182859990035,0.9478743526931068,15284,772,909
Saimiri_sciureus,Varecia_variegata,same-order,4,2,3,453,387,66,6,0,16250,89.07278978961477,0.9438646328660533,0.9519182859990035,0.9478743526931068,15284,772,909
Saimiri_sciureus,Varecia_variegata,same-order,4,2,4,453,387,66,6,0,16250,89.07278978961477,0.9438646328660533,0.9519182859990035,0.9478743526931068,15284,772,909
Saimiri_sciureus,Varecia_variegata,same-order,3,0,1,340,40,300,32,13,16310,84.26103646833013,0.9425504229017567,0.9008207934336525,0.9212132773750477,14487,1595,883
Saimiri_sciureus,Varecia_variegata,same-order,3,0,2,340,245,95,16,0,16299,85.42345276872965,0.9426792477052442,0.9137630662020906,0.9279959558939685,14686,1386,893
Saimiri_sciureus,Varecia_variegata,same-order,3,0,3,340,259,81,14,0,16294,85.93786362578543,0.9429300989466964,0.9191089540165516,0.9308671540206706,14771,1300,894
Saimiri_sciureus,Varecia_variegata,same-order,3,0,4,340,262,78,12,0,16294,86.03676983942286,0.9429919653105471,0.920166760002489,0.9314395490189903,14788,1283,894
Saimiri_sciureus,Varecia_variegata,same-order,3,0,5,340,263,77,12,0,16294,86.17640214102862,0.9430790780593403,0.9216601331591064,0.9322465934480914,14812,1259,894
Saimiri_sciureus,Varecia_variegata,same-order,3,0,6,340,266,74,12,0,16294,86.17640214102862,0.9430790780593403,0.9216601331591064,0.9322465934480914,14812,1259,894
Saimiri_sciureus,Varecia_variegata,same-order,5,2,1,566,94,472,23,16,16257,89.49269031393791,0.9439700190452787,0.957141967233539,0.9505103618929788,15365,688,912
Saimiri_sciureus,Varecia_variegata,same-order,5,2,2,566,492,74,5,0,16249,89.61016257793835,0.9440147329650093,0.9579517847131377,0.9509321955291717,15378,675,912
Saimiri_sciureus,Varecia_variegata,same-order,5,2,3,566,492,74,5,0,16249,89.61016257793835,0.9440147329650093,0.9579517847131377,0.9509321955291717,15378,675,912
Saimiri_sciureus,Varecia_variegata,same-order,5,0,1,566,95,471,18,13,16222,89.05620731920854,0.9436576164264951,0.9504173414725302,0.9470254166278745,15258,796,911
Saimiri_sciureus,Varecia_variegata,same-order,5,0,2,566,462,104,7,0,16212,89.45463038654677,0.9436984107428853,0.9544576661890225,0.9490475452996748,15320,731,914
Saimiri_sciureus,Varecia_variegata,same-order,5,0,3,566,469,97,7,0,16206,89.55389466308537,0.943408993049148,0.9558741040822686,0.9496006439229768,15337,708,920
Saimiri_sciureus,Varecia_variegata,same-order,5,0,4,566,470,96,6,0,16206,89.55389466308537,0.943408993049148,0.9558741040822686,0.9496006439229768,15337,708,920
Saimiri_sciureus,Varecia_variegata,same-order,5,0,5,566,470,96,6,0,16206,89.55389466308537,0.943408993049148,0.9558741040822686,0.9496006439229768,15337,708,920
Saimiri_sciureus,Varecia_variegata,same-order,4,1,1,453,58,395,22,14,16296,85.97972972972973,0.9442205590737542,0.917231094264587,0.9305301645338208,14761,1332,872
Saimiri_sciureus,Varecia_variegata,same-order,4,1,2,453,325,128,6,0,16287,86.56490328594734,0.944264378773435,0.9235454997513675,0.9337900260817648,14858,1230,877
Saimiri_sciureus,Varecia_variegata,same-order,4,1,3,453,332,121,5,0,16285,86.77310336790583,0.9443845519690532,0.9256588761810045,0.9349279593182033,14892,1196,877
Saimiri_sciureus,Varecia_variegata,same-order,4,1,4,453,337,116,5,0,16285,86.91877403566018,0.9444725845257693,0.9272128294380905,0.935763126529076,14917,1171,877
Saimiri_sciureus,Varecia_variegata,same-order,4,1,5,453,340,113,5,0,16283,86.9595618226314,0.9443776498133266,0.927763272410792,0.9359967386873217,14924,1162,879
Saimiri_sciureus,Varecia_variegata,same-order,4,1,6,453,340,113,5,0,16283,86.9595618226314,0.9443776498133266,0.927763272410792,0.9359967386873217,14924,1162,879
Saimiri_sciureus,Varecia_variegata,same-order,7,0,1,792,121,671,12,12,16124,92.95296116220491,0.943681236990782,0.990635535023099,0.9665884932841957,15868,150,947
Saimiri_sciureus,Varecia_variegata,same-order,7,0,2,792,761,31,1,0,16121,92.96929927349426,0.943681236990782,0.990635535023099,0.9665884932841957,15868,150,947
Saimiri_sciureus,Varecia_variegata,same-order,7,0,3,792,761,31,1,0,16121,92.96929927349426,0.943681236990782,0.990635535023099,0.9665884932841957,15868,150,947
Saimiri_sciureus,Varecia_variegata,same-order,7,1,1,792,129,663,13,11,16180,91.53086852403482,0.9433542017818445,0.9779705441837244,0.9603505331535728,15671,353,941
Saimiri_sciureus,Varecia_variegata,same-order,7,1,2,792,728,64,1,0,16178,91.54156200712659,0.9433542017818445,0.9779705441837244,0.9603505331535728,15671,353,941
Saimiri_sciureus,Varecia_variegata,same-order,7,1,3,792,728,64,1,0,16178,91.54156200712659,0.9433542017818445,0.9779705441837244,0.9603505331535728,15671,353,941
Saimiri_sciureus,Varecia_variegata,same-order,6,1,1,679,115,564,14,12,16163,91.77337309243993,0.9434960327001684,0.9794695787831513,0.9611463213006339,15696,329,940
Saimiri_sciureus,Varecia_variegata,same-order,6,1,2,679,625,54,5,0,16161,91.91954627843069,0.94346756286383,0.981152093865069,0.9619408921250688,15721,302,942
Saimiri_sciureus,Varecia_variegata,same-order,6,1,3,679,628,51,4,0,16161,91.98970940770624,0.9435082458770615,0.981901017287649,0.9623218545476787,15733,290,942
Saimiri_sciureus,Varecia_variegata,same-order,6,1,4,679,628,51,4,0,16161,91.98970940770624,0.9435082458770615,0.981901017287649,0.9623218545476787,15733,290,942
Saimiri_sciureus,Varecia_variegata,same-order,8,0,1,905,148,757,14,14,16122,92.97515819076635,0.943740707701457,0.9906361196079655,0.9666199671072667,15869,150,946
Saimiri_sciureus,Varecia_variegata,same-order,8,0,2,905,855,50,2,0,16122,92.97515819076635,0.943740707701457,0.9906361196079655,0.9666199671072667,15869,150,946
Saimiri_sciureus,Varecia_variegata,same-order,8,0,3,905,855,50,2,0,16122,92.97515819076635,0.943740707701457,0.9906361196079655,0.9666199671072667,15869,150,946
Aotus_azarai,Homo_sapiens,same-order,1,1,1,111,33,78,39,2,16518,75.29977408329954,0.9457945285215367,0.8214737108190091,0.8792613636363636,12999,2825,745
Aotus_azarai,Homo_sapiens,same-order,1,1,2,111,57,54,28,0,16512,76.12095933263817,0.9460043196544277,0.8306466906884127,0.884580430172675,13140,2679,750
Aotus_azarai,Homo_sapiens,same-order,1,1,3,111,57,54,28,0,16512,76.12095933263817,0.9460043196544277,0.8306466906884127,0.884580430172675,13140,2679,750
Aotus_azarai,Homo_sapiens,same-order,1,0,1,111,34,77,43,3,16505,75.89104607360186,0.9458288190682557,0.8278020102408497,0.8828883495145632,13095,2724,750
Aotus_azarai,Homo_sapiens,same-order,1,0,2,111,60,51,33,0,16500,76.6444508838018,0.945994277539342,0.8362843050461616,0.8877626367725044,13225,2589,755
Aotus_azarai,Homo_sapiens,same-order,1,0,3,111,61,50,32,0,16500,76.66763257026949,0.9460097254004577,0.8365372454786898,0.8879119403986845,13229,2585,755
Aotus_azarai,Homo_sapiens,same-order,1,0,4,111,61,50,32,0,16500,76.66763257026949,0.9460097254004577,0.8365372454786898,0.8879119403986845,13229,2585,755
Saimiri_sciureus,Varecia_variegata,same-order,8,1,1,905,149,756,13,12,16179,91.44994448015896,0.9437876960193003,0.9759870267573131,0.9596173305123723,15648,385,932
Saimiri_sciureus,Varecia_variegata,same-order,8,1,2,905,816,89,1,0,16179,91.44994448015896,0.9437876960193003,0.9759870267573131,0.9596173305123723,15648,385,932
Saimiri_sciureus,Varecia_variegata,same-order,8,1,3,905,816,89,1,0,16179,91.44994448015896,0.9437876960193003,0.9759870267573131,0.9596173305123723,15648,385,932
Saimiri_sciureus,Varecia_variegata,same-order,7,2,1,792,132,660,14,12,16183,91.21771648942386,0.943719018256559,0.9736185605588126,0.9584356581532417,15611,423,931
Saimiri_sciureus,Varecia_variegata,same-order,7,2,2,792,716,76,2,0,16183,91.28783452144444,0.9437598163585841,0.9743669701883497,0.9588191972505217,15623,411,931
Saimiri_sciureus,Varecia_variegata,same-order,7,2,3,792,721,71,1,0,16183,91.44560009349071,0.9438513961763464,0.9760508918548085,0.9596811283151924,15650,384,931
Saimiri_sciureus,Varecia_variegata,same-order,7,2,4,792,721,71,1,0,16183,91.44560009349071,0.9438513961763464,0.9760508918548085,0.9596811283151924,15650,384,931
Saimiri_sciureus,Varecia_variegata,same-order,5,1,1,566,84,482,20,14,16265,87.76949073534553,0.943796992481203,0.9374533233756535,0.9406144623454478,15063,1005,897
Saimiri_sciureus,Varecia_variegata,same-order,5,1,2,566,443,123,5,0,16253,88.24969400244798,0.9436584605796198,0.9427183861527925,0.9431881891235282,15141,920,904
Saimiri_sciureus,Varecia_variegata,same-order,5,1,3,566,447,119,4,0,16253,88.47117794486215,0.9437915811726668,0.9450843658551772,0.9444375311100051,15179,882,904
Saimiri_sciureus,Varecia_variegata,same-order,5,1,4,566,450,116,4,0,16250,88.60907077066574,0.9438648782911078,0.9463918809538634,0.9451266905020984,15200,861,904
Saimiri_sciureus,Varecia_variegata,same-order,5,1,5,566,452,114,4,0,16249,88.75480937390697,0.9438933663980161,0.9480074719800747,0.9459459459459459,15225,835,905
Saimiri_sciureus,Varecia_variegata,same-order,5,1,6,566,458,108,4,0,16246,88.89860649524809,0.9439697870232788,0.9493773349937733,0.9466658388178318,15247,813,905
Saimiri_sciureus,Varecia_variegata,same-order,6,0,1,679,103,576,13,11,16194,90.37383177570094,0.9435296987437493,0.9646486688696303,0.9539723155655578,15472,567,926
Saimiri_sciureus,Varecia_variegata,same-order,6,0,2,679,599,80,2,0,16190,90.55490654205607,0.9434065599707905,0.9668225756158404,0.9549710484169027,15503,532,930
Saimiri_sciureus,Varecia_variegata,same-order,6,0,3,679,603,76,1,0,16190,90.78855140186916,0.9435439810599162,0.9693171188026193,0.9562569213732004,15543,492,930
Saimiri_sciureus,Varecia_variegata,same-order,6,0,4,679,606,73,1,0,16186,90.92714844891044,0.9435586541376174,0.9706872895097917,0.956930738725445,15564,470,931
Saimiri_sciureus,Varecia_variegata,same-order,6,0,5,679,608,71,1,0,16186,91.09124897768432,0.9436006051437217,0.9725566020083578,0.957859819399226,15593,440,932
Saimiri_sciureus,Varecia_variegata,same-order,6,0,6,679,612,67,1,0,16182,91.21771648942386,0.9436619718309859,0.9736792864716522,0.9584356581532416,15611,422,932
Aotus_azarai,Homo_sapiens,same-order,2,0,1,221,62,159,40,9,16443,81.74801230340665,0.9470216485141858,0.892592357898739,0.9190017941608221,14086,1695,788
Aotus_azarai,Homo_sapiens,same-order,2,0,2,221,168,53,22,0,16429,82.79426281865165,0.947375415282392,0.9037206059453635,0.9250332500729879,14258,1519,792
Aotus_azarai,Homo_sapiens,same-order,2,0,3,221,170,51,20,0,16428,82.82229965156795,0.9473893981666003,0.9039741395702605,0.9251727157730856,14262,1515,792
Aotus_azarai,Homo_sapiens,same-order,2,0,4,221,170,51,20,0,16428,82.82229965156795,0.9473893981666003,0.9039741395702605,0.9251727157730856,14262,1515,792
Aotus_azarai,Homo_sapiens,same-order,1,2,1,111,31,80,32,6,16506,76.97341750159264,0.9458440079703957,0.8407768218623481,0.8902210314802411,13291,2517,761
Aotus_azarai,Homo_sapiens,same-order,1,2,2,111,64,47,22,0,16502,77.62974976830398,0.9462016379553798,0.8478522173720504,0.8943311868139202,13402,2405,762
Aotus_azarai,Homo_sapiens,same-order,1,2,3,111,66,45,21,0,16502,77.70505097312326,0.9462509698807928,0.8486746378186879,0.8948105656350054,13415,2392,762
Aotus_azarai,Homo_sapiens,same-order,1,2,4,111,67,44,20,0,16502,77.76297497683039,0.946288855994925,0.849307268931486,0.8951790358071614,13425,2382,762
Aotus_azarai,Homo_sapiens,same-order,1,2,5,111,67,44,20,0,16502,77.76297497683039,0.946288855994925,0.849307268931486,0.8951790358071614,13425,2382,762
Saimiri_sciureus,Varecia_variegata,same-order,6,2,1,679,113,566,16,14,16202,90.53541192269516,0.943703974195119,0.9667082294264339,0.9550675987804502,15506,534,925
Saimiri_sciureus,Varecia_variegata,same-order,6,2,2,679,589,90,3,0,16195,90.70310675075916,0.9435635745094466,0.9685707158892491,0.9559036218727882,15532,504,929
Saimiri_sciureus,Varecia_variegata,same-order,6,2,3,679,594,85,3,0,16192,90.80661176333157,0.943614955086186,0.9695061112496882,0.9563853346456693,15547,489,929
Saimiri_sciureus,Varecia_variegata,same-order,6,2,4,679,598,81,3,0,16192,90.93510893055313,0.9436901442599103,0.9708780244449987,0.9570910432163275,15569,467,929
Saimiri_sciureus,Varecia_variegata,same-order,6,2,5,679,602,77,3,0,16192,90.99351673383563,0.9437242549067119,0.9715016213519581,0.9574115044247787,15579,457,929
Saimiri_sciureus,Varecia_variegata,same-order,6,2,6,679,604,75,3,0,16188,91.13214160532773,0.9437386569872959,0.9728718428437793,0.9580838323353295,15600,435,930
Aotus_azarai,Homo_sapiens,same-order,2,1,1,221,65,156,35,11,16435,82.97748897656069,0.9469641793021254,0.9070268899036023,0.9265653849891484,14302,1466,801
Aotus_azarai,Homo_sapiens,same-order,2,1,2,221,183,38,13,0,16421,83.9563501276991,0.9471547377381966,0.9176500444106078,0.9321689814068894,14464,1298,807
Aotus_azarai,Homo_sapiens,same-order,2,1,3,221,186,35,11,0,16420,84.04249143785917,0.9472031403336605,0.9185382565664256,0.9326504976326215,14478,1284,807
Aotus_azarai,Homo_sapiens,same-order,2,1,4,221,186,35,11,0,16420,84.04249143785917,0.9472031403336605,0.9185382565664256,0.9326504976326215,14478,1284,807
Aotus_azarai,Homo_sapiens,same-order,2,2,1,221,58,163,37,11,16424,81.51353234986642,0.946456268123272,0.8896988906497623,0.9172003659652334,14035,1740,794
Aotus_azarai,Homo_sapiens,same-order,2,2,2,221,158,63,21,0,16410,82.67185774885235,0.9468255024623985,0.9021559923906151,0.923951162488635,14227,1543,799
Aotus_azarai,Homo_sapiens,same-order,2,2,3,221,165,56,17,0,16404,83.03016214331377,0.9467859509609012,0.906190536597742,0.9260435571687841,14287,1479,803
Aotus_azarai,Homo_sapiens,same-order,2,2,4,221,165,56,17,0,16404,83.03016214331377,0.9467859509609012,0.906190536597742,0.9260435571687841,14287,1479,803
Aotus_azarai,Homo_sapiens,same-order,3,0,1,332,95,237,30,13,16390,85.8163858221964,0.9473988068509847,0.9377738269096451,0.942561746122918,14769,980,820
Aotus_azarai,Homo_sapiens,same-order,3,0,2,332,270,62,12,0,16375,86.71629638245899,0.9479305740987984,0.9466666666666667,0.9472981987991995,14910,840,819
Aotus_azarai,Homo_sapiens,same-order,3,0,3,332,277,55,11,0,16375,86.91403978131906,0.9480428852375817,0.9488253968253968,0.9484339796274553,14944,806,819
Aotus_azarai,Homo_sapiens,same-order,3,0,4,332,277,55,11,0,16375,86.91403978131906,0.9480428852375817,0.9488253968253968,0.9484339796274553,14944,806,819
Aotus_azarai,Homo_sapiens,same-order,4,0,1,442,129,313,29,13,16361,88.63543788187373,0.9486796213253612,0.9674182280088917,0.9579572969403477,15232,513,824
Aotus_azarai,Homo_sapiens,same-order,4,0,2,442,406,36,8,0,16354,89.36219739292365,0.9487211170147041,0.9756655441895927,0.9620046985121378,15356,383,830
Aotus_azarai,Homo_sapiens,same-order,4,0,3,442,409,33,7,0,16354,89.36219739292365,0.9487211170147041,0.9756655441895927,0.9620046985121378,15356,383,830
Aotus_azarai,Homo_sapiens,same-order,4,0,4,442,409,33,7,0,16354,89.36219739292365,0.9487211170147041,0.9756655441895927,0.9620046985121378,15356,383,830
Aotus_azarai,Homo_sapiens,same-order,4,1,1,442,139,303,29,15,16359,88.5282140779523,0.9482210729640476,0.9669589528529673,0.9574983483814137,15218,520,831
Aotus_azarai,Homo_sapiens,same-order,4,1,2,442,409,33,5,0,16353,89.21922271352106,0.948361162646877,0.9746409050463963,0.9613214643931796,15335,399,835
Aotus_azarai,Homo_sapiens,same-order,4,1,3,442,411,31,4,0,16352,89.35303700255993,0.948375941706805,0.9761647492531621,0.9620697215522912,15358,375,836
Aotus_azarai,Homo_sapiens,same-order,4,1,4,442,411,31,4,0,16352,89.35303700255993,0.948375941706805,0.9761647492531621,0.9620697215522912,15358,375,836
Aotus_azarai,Homo_sapiens,same-order,4,2,1,442,132,310,29,14,16383,87.00528854535945,0.9478315922760367,0.9508415369958717,0.9493341788205455,14971,774,824
Aotus_azarai,Homo_sapiens,same-order,4,2,2,442,394,48,9,0,16363,87.87367686402233,0.9478670012547051,0.960033041047147,0.9539112317696824,15109,629,831
Aotus_azarai,Homo_sapiens,same-order,4,2,3,442,398,44,7,0,16361,87.99441600744532,0.9479290682373582,0.9612403100775194,0.9545382843802254,15128,610,831
Aotus_azarai,Homo_sapiens,same-order,4,2,4,442,398,44,7,0,16361,87.99441600744532,0.9479290682373582,0.9612403100775194,0.9545382843802254,15128,610,831
Aotus_azarai,Homo_sapiens,same-order,3,1,1,332,92,240,32,12,16408,85.74001975710384,0.9485086140395989,0.9357559614408929,0.9420891329332142,14755,1013,801
Aotus_azarai,Homo_sapiens,same-order,3,1,2,332,286,46,9,0,16391,87.18023255813954,0.9488104277398127,0.9514593908629442,0.9501330629831454,14995,765,809
Aotus_azarai,Homo_sapiens,same-order,3,1,3,332,288,44,8,0,16390,87.37135879993023,0.9489138671381662,0.9534898477157361,0.9511963539688567,15027,733,809
Aotus_azarai,Homo_sapiens,same-order,3,1,4,332,290,42,8,0,16390,87.37135879993023,0.9489138671381662,0.9534898477157361,0.9511963539688567,15027,733,809
Aotus_azarai,Homo_sapiens,same-order,3,1,5,332,290,42,8,0,16390,87.37135879993023,0.9489138671381662,0.9534898477157361,0.9511963539688567,15027,733,809
Aotus_azarai,Homo_sapiens,same-order,3,2,1,332,98,234,34,15,16407,85.32062089413407,0.9486748545572075,0.9303328050713153,0.9394143062890062,14676,1099,794
Aotus_azarai,Homo_sapiens,same-order,3,2,2,332,275,57,14,0,16397,86.0531364455555,0.948481353325644,0.9389153187440533,0.9436740939083867,14802,963,804
Aotus_azarai,Homo_sapiens,same-order,3,2,3,332,278,54,12,0,16389,86.23356984994766,0.9485030706243602,0.9405607713778229,0.9445152248694101,14827,937,805
Aotus_azarai,Homo_sapiens,same-order,3,2,4,332,278,54,12,0,16388,86.23858547083115,0.9485030706243602,0.9405607713778229,0.9445152248694101,14827,937,805
Aotus_azarai,Homo_sapiens,same-order,3,2,5,332,278,54,12,0,16388,86.23858547083115,0.9485030706243602,0.9405607713778229,0.9445152248694101,14827,937,805
Saimiri_sciureus,Varecia_variegata,same-order,8,2,1,905,148,757,13,11,16189,90.36292443457425,0.9437255859375,0.9637848282740136,0.9536497363308354,15462,581,922
Saimiri_sciureus,Varecia_variegata,same-order,8,2,2,905,767,138,3,0,16186,90.68856675239654,0.9439070389973839,0.9670884497911861,0.9553571428571429,15515,528,922
Saimiri_sciureus,Varecia_variegata,same-order,8,2,3,905,776,129,3,0,16186,90.83469721767594,0.9439922245170697,0.9686467618275884,0.9561605906783571,15540,503,922
Saimiri_sciureus,Varecia_variegata,same-order,8,2,4,905,780,125,3,0,16184,90.99251812017769,0.9439694378752047,0.9704507200299233,0.9570269273330875,15567,474,924
Saimiri_sciureus,Varecia_variegata,same-order,8,2,5,905,789,116,3,0,16184,91.1620294599018,0.9440677966101695,0.9722585873698647,0.957955836737201,15596,445,924
Saimiri_sciureus,Varecia_variegata,same-order,8,2,6,905,798,107,3,0,16184,91.2380173018471,0.9441117764471058,0.9730690106601833,0.9583717074967765,15609,432,924
Aotus_azarai,Homo_sapiens,same-order,5,0,1,553,161,392,22,13,16361,88.57541736955383,0.9483091486579062,0.9674693436685939,0.9577934331362437,15227,512,830
Aotus_azarai,Homo_sapiens,same-order,5,0,2,553,487,66,4,0,16345,89.33310055865921,0.9481778875849289,0.9759059122695486,0.9618421052631578,15351,379,839
Aotus_azarai,Homo_sapiens,same-order,5,0,3,553,493,60,3,0,16340,89.48716456138308,0.9482482112015791,0.9773045136681501,0.9625571348068374,15373,357,839
Aotus_azarai,Homo_sapiens,same-order,5,0,4,553,495,58,3,0,16340,89.62687001571686,0.9483247105198325,0.9788302606484425,0.9633360445473315,15397,333,839
Aotus_azarai,Homo_sapiens,same-order,5,0,5,553,498,55,3,0,16340,89.74911228825891,0.9483914621393861,0.9801652892561984,0.9640166317566512,15418,312,839
Aotus_azarai,Homo_sapiens,same-order,5,0,6,553,500,53,3,0,16339,89.87076493188962,0.9484548749769613,0.9814367450731087,0.9646639797544287,15438,292,839
Aotus_azarai,Homo_sapiens,same-order,5,2,1,553,157,396,27,12,16355,89.05822814263277,0.9482224699616004,0.9731138371575669,0.9605069167790709,15310,423,836
Aotus_azarai,Homo_sapiens,same-order,5,2,2,553,507,46,9,0,16340,90.14199255121042,0.9483286396473614,0.9850556438791733,0.9663433045322687,15490,235,844
Aotus_azarai,Homo_sapiens,same-order,5,2,3,553,519,34,5,0,16337,90.31488271928293,0.9484139111301265,0.9867726550079491,0.9672131147540983,15517,208,844
Aotus_azarai,Homo_sapiens,same-order,5,2,4,553,519,34,5,0,16336,90.32013969732247,0.9484139111301265,0.9867726550079491,0.9672131147540983,15517,208,844
Aotus_azarai,Homo_sapiens,same-order,5,2,5,553,519,34,5,0,16336,90.32013969732247,0.9484139111301265,0.9867726550079491,0.9672131147540983,15517,208,844
Aotus_azarai,Gorilla_gorilla,same-order,1,0,1,110,40,70,39,3,16500,80.11604953041814,0.9840558412931668,0.8294420016102062,0.9001579460295056,13393,2754,217
Aotus_azarai,Gorilla_gorilla,same-order,1,0,2,110,64,46,27,0,16494,81.01250673209263,0.9842239185750636,0.8384219978943457,0.905491271486857,13538,2609,217
Aotus_azarai,Gorilla_gorilla,same-order,1,0,3,110,65,45,26,0,16492,81.15612470827598,0.9841085552572382,0.8400123877361412,0.906369043640981,13562,2583,219
Aotus_azarai,Gorilla_gorilla,same-order,1,0,4,110,65,45,26,0,16492,81.15612470827598,0.9841085552572382,0.8400123877361412,0.906369043640981,13562,2583,219
Aotus_azarai,Homo_sapiens,same-order,7,0,1,774,231,543,20,8,16339,89.43936659486522,0.9482747978519844,0.9766067001462081,0.9622322435174746,15363,368,838
Aotus_azarai,Homo_sapiens,same-order,7,0,2,774,705,69,5,0,16329,90.1595434959823,0.9482515769489864,0.9847367082167388,0.9661498143699497,15484,240,845
Aotus_azarai,Homo_sapiens,same-order,7,0,3,774,711,63,3,0,16329,90.1595434959823,0.9482515769489864,0.9847367082167388,0.9661498143699497,15484,240,845
Aotus_azarai,Homo_sapiens,same-order,7,0,4,774,711,63,3,0,16329,90.1595434959823,0.9482515769489864,0.9847367082167388,0.9661498143699497,15484,240,845
Aotus_azarai,Homo_sapiens,same-order,5,1,1,553,140,413,23,12,16368,88.67321438949264,0.9478784866745357,0.9699936427209155,0.9588085587708549,15258,472,839
Aotus_azarai,Homo_sapiens,same-order,5,1,2,553,495,58,6,0,16352,89.22817425696505,0.9480286738351255,0.9753942014242116,0.9615167659041053,15341,387,841
Aotus_azarai,Homo_sapiens,same-order,5,1,3,553,502,51,6,0,16348,89.44673919367037,0.9481376418352244,0.9775559511698881,0.9626220886551465,15375,353,841
Aotus_azarai,Homo_sapiens,same-order,5,1,4,553,512,41,5,0,16348,89.63290476467509,0.9482397833579518,0.979590539165819,0.9636602451838879,15407,321,841
Aotus_azarai,Homo_sapiens,same-order,5,1,5,553,514,39,5,0,16348,89.77834661702252,0.9483193019111411,0.9811800610376399,0.9644698603168651,15432,296,841
Aotus_azarai,Homo_sapiens,same-order,5,1,6,553,516,37,5,0,16347,89.79520595764487,0.9483256528417818,0.9813072227873856,0.9645345748836047,15434,294,841
Aotus_azarai,Gorilla_gorilla,same-order,1,1,1,110,36,74,39,3,16513,79.92945115389215,0.9843174790163451,0.8277506036777909,0.89927017119026,13369,2782,213
Aotus_azarai,Gorilla_gorilla,same-order,1,1,2,110,58,52,30,0,16500,80.61236694175338,0.9837979856955189,0.8350885887746252,0.9033641603002278,13480,2662,222
Aotus_azarai,Gorilla_gorilla,same-order,1,1,3,110,59,51,29,0,16500,80.64226767133118,0.9838038958196542,0.8353983397348532,0.9035478575496667,13485,2657,222
Aotus_azarai,Gorilla_gorilla,same-order,1,1,4,110,59,51,29,0,16500,80.64226767133118,0.9838038958196542,0.8353983397348532,0.9035478575496667,13485,2657,222
Aotus_azarai,Homo_sapiens,same-order,8,2,1,884,265,619,18,12,16347,89.54043048283886,0.948075146288882,0.9787612870405697,0.96317386815181,15392,334,843
Aotus_azarai,Homo_sapiens,same-order,8,2,2,884,798,86,3,0,16337,89.69852170876499,0.9480223903549241,0.9801577206817603,0.9638222694724993,15412,312,845
Aotus_azarai,Homo_sapiens,same-order,8,2,3,884,798,86,3,0,16337,89.69852170876499,0.9480223903549241,0.9801577206817603,0.9638222694724993,15412,312,845
Aotus_azarai,Homo_sapiens,same-order,6,0,1,663,206,457,22,11,16361,88.77325581395348,0.9479140799602682,0.9706929434202162,0.9591682894654187,15269,461,839
Aotus_azarai,Homo_sapiens,same-order,6,0,2,663,591,72,3,0,16347,89.45317044793485,0.9480271270036992,0.977807452626224,0.9626870343705002,15377,349,843
Aotus_azarai,Homo_sapiens,same-order,6,0,3,663,592,71,3,0,16343,89.6020016292331,0.9480975249353528,0.9792064097672644,0.9634009009009009,15399,327,843
Aotus_azarai,Homo_sapiens,same-order,6,0,4,663,600,63,3,0,16343,89.74746887001048,0.9481772914489457,0.9807961337911738,0.964210921138999,15424,302,843
Aotus_azarai,Homo_sapiens,same-order,6,0,5,663,604,59,3,0,16342,89.87489089322084,0.9482441060903732,0.9821315019712578,0.9648903604672956,15445,281,843
Aotus_azarai,Homo_sapiens,same-order,6,0,6,663,608,55,3,0,16342,89.98545242944428,0.948304409149445,0.983339692229429,0.9655043236662191,15464,262,843
Aotus_azarai,Homo_sapiens,same-order,6,2,1,663,200,463,23,14,16364,88.65937390899569,0.9488137492994583,0.9676128786435512,0.9581211092246746,15237,510,822
Aotus_azarai,Homo_sapiens,same-order,6,2,2,663,595,68,5,0,16360,89.15333139365725,0.9489037532515794,0.9731326219512195,0.9608654750705551,15321,423,825
Aotus_azarai,Homo_sapiens,same-order,6,2,3,663,600,63,4,0,16354,89.39587940868351,0.9488510007412898,0.9757956927768249,0.9621347364464907,15360,381,828
Aotus_azarai,Homo_sapiens,same-order,6,2,4,663,603,60,4,0,16354,89.56466069142125,0.9489424677807239,0.9776380153738644,0.9630765379560673,15389,352,828
Aotus_azarai,Homo_sapiens,same-order,6,2,5,663,610,53,4,0,16353,89.66299982538851,0.9489927924598041,0.9786544692205069,0.9635954212797898,15405,336,828
Aotus_azarai,Homo_sapiens,same-order,6,2,6,663,614,49,4,0,16353,89.77358710203131,0.9490524243170071,0.9798615081633949,0.9642109211389992,15424,317,828
Aotus_azarai,Homo_sapiens,same-order,6,1,1,663,175,488,22,13,16351,88.84040262989468,0.9480906550760634,0.9705078497425793,0.9591682894654187,15269,464,836
Aotus_azarai,Homo_sapiens,same-order,6,1,2,663,577,86,3,0,16347,89.15851955307262,0.948199034533977,0.9738749046529367,0.9608654750705551,15321,411,837
Aotus_azarai,Homo_sapiens,same-order,6,1,3,663,578,85,3,0,16347,89.23417132216015,0.9482406777564777,0.9747012458682939,0.9612889069993418,15334,398,837
Aotus_azarai,Homo_sapiens,same-order,6,1,4,663,580,83,3,0,16344,89.35451952738491,0.9482982271913027,0.9758454106280193,0.9618746279878448,15352,380,837
Aotus_azarai,Homo_sapiens,same-order,6,1,5,663,583,80,3,0,16344,89.47674756999011,0.948365206662554,0.9771802695143657,0.9625571348068374,15373,359,837
Aotus_azarai,Homo_sapiens,same-order,6,1,6,663,588,75,3,0,16344,89.63971829346372,0.9484542431333908,0.9789600813628273,0.9634657491398185,15401,331,837
Aotus_azarai,Homo_sapiens,same-order,7,2,1,774,249,525,23,12,16354,88.91280321098249,0.9480833643468553,0.9715865751334859,0.9596910906008664,15285,447,837
Aotus_azarai,Homo_sapiens,same-order,7,2,2,774,681,93,3,0,16341,89.57630077988593,0.9481887629374076,0.9785732451678535,0.9631414267834794,15391,337,841
Aotus_azarai,Homo_sapiens,same-order,7,2,3,774,689,85,2,0,16338,89.6694214876033,0.9480647344778783,0.9797774244833068,0.9636602451838879,15407,318,844
Aotus_azarai,Homo_sapiens,same-order,7,2,4,774,689,85,2,0,16338,89.6694214876033,0.9480647344778783,0.9797774244833068,0.9636602451838879,15407,318,844
Aotus_azarai,Gorilla_gorilla,same-order,1,2,1,110,31,79,41,5,16485,80.5789819965309,0.9829271851743762,0.83521388716677,0.903070116637619,13472,2658,234
Aotus_azarai,Gorilla_gorilla,same-order,1,2,2,110,62,48,32,0,16478,81.16661681124738,0.9828310634598667,0.8412599987598437,0.9065517356586816,13567,2560,237
Aotus_azarai,Gorilla_gorilla,same-order,1,2,3,110,65,45,29,0,16474,81.36292928084241,0.9826577064816822,0.8434011411560407,0.9077195207422488,13599,2525,240
Aotus_azarai,Gorilla_gorilla,same-order,1,2,4,110,65,45,29,0,16474,81.36292928084241,0.9826577064816822,0.8434011411560407,0.9077195207422488,13599,2525,240
Aotus_azarai,Homo_sapiens,same-order,7,1,1,774,233,541,17,10,16347,89.44796695945553,0.9479686825719746,0.9778696343402226,0.9626870343705003,15377,348,844
Aotus_azarai,Homo_sapiens,same-order,7,1,2,774,697,77,2,0,16338,89.68106157606798,0.9480711253307081,0.9799046104928458,0.9637250609794232,15409,316,844
Aotus_azarai,Homo_sapiens,same-order,7,1,3,774,698,76,2,0,16335,89.80150183363409,0.9481285723065577,0.9810492845786963,0.9643080385048131,15427,298,844
Aotus_azarai,Homo_sapiens,same-order,7,1,4,774,703,71,2,0,16335,89.95284940916235,0.9482113272381419,0.9827027027027027,0.9651489600899381,15453,272,844
Aotus_azarai,Homo_sapiens,same-order,7,1,5,774,706,68,2,0,16335,90.08673380289889,0.9482843137254902,0.9841653418124007,0.9658917147760961,15476,249,844
Aotus_azarai,Homo_sapiens,same-order,7,1,6,774,714,60,2,0,16334,90.20840610082664,0.9483476132190942,0.9854372019077902,0.9665367222828629,15496,229,844
Aotus_azarai,Gorilla_gorilla,same-order,3,0,1,328,106,222,33,11,16384,89.79162913589143,0.9823282091709368,0.9290462876669773,0.9549445987802151,14953,1142,269
Aotus_azarai,Gorilla_gorilla,same-order,3,0,2,328,283,45,13,0,16368,91.20014416146084,0.9818922589406971,0.9439815966177568,0.9625637937046312,15183,901,280
Aotus_azarai,Gorilla_gorilla,same-order,3,0,3,328,292,36,10,0,16366,91.40986363909413,0.9818686282100916,0.9461543244419574,0.9636806940882175,15217,866,281
Aotus_azarai,Gorilla_gorilla,same-order,3,0,4,328,292,36,10,0,16366,91.40986363909413,0.9818686282100916,0.9461543244419574,0.9636806940882175,15217,866,281
Aotus_azarai,Gorilla_gorilla,same-order,2,1,1,219,61,158,37,11,16410,86.26251723931162,0.9817784753975295,0.8937069019071877,0.9356747967479676,14386,1711,267
Aotus_azarai,Gorilla_gorilla,same-order,2,1,2,219,174,45,17,0,16404,87.38830584707647,0.9817422353971569,0.9054868576399677,0.9420739591414533,14572,1521,271
Aotus_azarai,Gorilla_gorilla,same-order,2,1,3,219,183,36,12,0,16391,88.05495560355172,0.9814765280192591,0.9123515882389507,0.945652524081054,14677,1410,277
Aotus_azarai,Gorilla_gorilla,same-order,2,1,4,219,183,36,12,0,16390,88.0662386752265,0.981477766633233,0.9124137502331074,0.9456864892725985,14678,1409,277
Aotus_azarai,Gorilla_gorilla,same-order,2,1,5,219,183,36,12,0,16390,88.0662386752265,0.981477766633233,0.9124137502331074,0.9456864892725985,14678,1409,277
Aotus_azarai,Gorilla_gorilla,same-order,2,2,1,219,53,166,41,11,16456,84.26851907299839,0.9830247991617185,0.87289870355437,0.9246944407937968,14072,2049,243
Aotus_azarai,Gorilla_gorilla,same-order,2,2,2,219,151,68,20,0,16439,85.47208243469926,0.9825757575757575,0.8855440382347465,0.9315399431948027,14267,1844,253
Aotus_azarai,Gorilla_gorilla,same-order,2,2,3,219,161,58,16,0,16439,86.06518092499401,0.9826937547027841,0.8916889081993669,0.9349821021802799,14366,1745,253
Aotus_azarai,Gorilla_gorilla,same-order,2,2,4,219,162,57,15,0,16439,86.08914450035945,0.982698488682213,0.891937185773695,0.935120713216633,14370,1741,253
Aotus_azarai,Gorilla_gorilla,same-order,2,2,5,219,162,57,15,0,16439,86.08914450035945,0.982698488682213,0.891937185773695,0.935120713216633,14370,1741,253
Aotus_azarai,Gorilla_gorilla,same-order,2,0,1,219,61,158,37,14,16447,85.71000778582979,0.9828308495295652,0.8881097182574159,0.9330725346373268,14311,1803,250
Aotus_azarai,Gorilla_gorilla,same-order,2,0,2,219,173,46,14,0,16432,86.70302013422818,0.9826146010186757,0.8982493171095108,0.9385398761067687,14469,1639,256
Aotus_azarai,Gorilla_gorilla,same-order,2,0,3,219,173,46,14,0,16432,86.73897411313519,0.982621682166859,0.8986218028308914,0.9387463925548818,14475,1633,256
Aotus_azarai,Gorilla_gorilla,same-order,2,0,4,219,173,46,14,0,16432,86.74496644295301,0.9826228617974477,0.898683883784455,0.9387808041504538,14476,1632,256
Aotus_azarai,Gorilla_gorilla,same-order,2,0,5,219,173,46,14,0,16432,86.74496644295301,0.9826228617974477,0.898683883784455,0.9387808041504538,14476,1632,256
Aotus_azarai,Homo_sapiens,same-order,8,0,1,884,255,629,17,10,16350,89.3891797556719,0.9481673454276194,0.9769216097654014,0.9623297322686707,15366,363,840
Aotus_azarai,Homo_sapiens,same-order,8,0,2,884,805,79,2,0,16338,89.71016179722966,0.9480870955837126,0.9802225755166931,0.9638870650032829,15414,311,844
Aotus_azarai,Homo_sapiens,same-order,8,0,3,884,806,78,2,0,16335,89.85389137900926,0.9481572481572481,0.9816216216216216,0.9645992813622872,15436,289,844
Aotus_azarai,Homo_sapiens,same-order,8,0,4,884,809,75,2,0,16335,89.99941789394028,0.9482367371971788,0.9832114467408585,0.9654074305338745,15461,264,844
Aotus_azarai,Homo_sapiens,same-order,8,0,5,884,815,69,2,0,16334,90.1269065083246,0.9483033198578954,0.9845468998410175,0.9660853015506535,15482,243,844
Aotus_azarai,Homo_sapiens,same-order,8,0,6,884,818,66,2,0,16334,90.2375130981488,0.9483634138880391,0.9857551669316376,0.9666978484565014,15501,224,844
Aotus_azarai,Homo_sapiens,same-order,8,1,1,884,235,649,16,11,16351,89.42408376963351,0.9482450188143853,0.9772409408773045,0.9625246548323471,15372,358,839
Aotus_azarai,Homo_sapiens,same-order,8,1,2,884,803,81,3,0,16338,89.71016179722966,0.9480870955837126,0.9802225755166931,0.9638870650032829,15414,311,844
Aotus_azarai,Homo_sapiens,same-order,8,1,3,884,805,79,3,0,16335,89.85389137900926,0.9481572481572481,0.9816216216216216,0.9645992813622872,15436,289,844
Aotus_azarai,Homo_sapiens,same-order,8,1,4,884,808,76,3,0,16335,89.96449153035682,0.9482176820663845,0.9828298887122416,0.9652135898076443,15455,270,844
Aotus_azarai,Homo_sapiens,same-order,8,1,5,884,812,72,3,0,16335,90.11001804528784,0.9482969860328351,0.9844197138314785,0.9660207806795843,15480,245,844
Aotus_azarai,Homo_sapiens,same-order,8,1,6,884,818,66,3,0,16334,90.23169169868436,0.9483602545276554,0.985691573926868,0.966665627241261,15500,225,844
Aotus_azarai,Gorilla_gorilla,same-order,4,1,1,437,132,305,28,17,16341,92.12092072840916,0.9809292205298861,0.9540644840034856,0.9673103622365266,15328,738,298
Aotus_azarai,Gorilla_gorilla,same-order,4,1,2,437,397,40,5,0,16336,92.83567736506792,0.9808229616459233,0.961648611629934,0.9711411505815781,15446,616,302
Aotus_azarai,Gorilla_gorilla,same-order,4,1,3,437,401,36,4,0,16334,92.97391513403053,0.9807265580422241,0.963200498132005,0.9718845223510194,15469,591,304
Aotus_azarai,Gorilla_gorilla,same-order,4,1,4,437,401,36,4,0,16334,92.97391513403053,0.9807265580422241,0.963200498132005,0.9718845223510194,15469,591,304
Aotus_azarai,Gorilla_gorilla,same-order,3,1,1,328,106,222,39,14,16400,88.1502369952601,0.9821512133163982,0.9127166552773809,0.9461617722823287,14692,1405,267
Aotus_azarai,Gorilla_gorilla,same-order,3,1,2,328,268,60,18,0,16383,89.52232357177148,0.9815119415751036,0.927563265559908,0.9537753340579247,14918,1165,281
Aotus_azarai,Gorilla_gorilla,same-order,3,1,3,328,282,46,14,0,16382,89.8463754200672,0.9815130457584895,0.9309787339883099,0.9555782486596885,14972,1110,282
Aotus_azarai,Gorilla_gorilla,same-order,3,1,4,328,283,45,13,0,16381,89.97839654344695,0.9814754205668652,0.9324047012001742,0.9563109892212514,14994,1087,283
Aotus_azarai,Gorilla_gorilla,same-order,3,1,5,328,283,45,13,0,16381,89.97839654344695,0.9814754205668652,0.9324047012001742,0.9563109892212514,14994,1087,283
Aotus_azarai,Gorilla_gorilla,same-order,5,2,1,546,160,386,25,14,16328,93.64630920894446,0.9806130798766287,0.9702914798206278,0.9754249757380333,15579,477,308
Aotus_azarai,Gorilla_gorilla,same-order,5,2,2,546,499,47,2,0,16315,94.20926037282021,0.9802903266174446,0.9761978939497788,0.9782398301645282,15667,382,315
Aotus_azarai,Gorilla_gorilla,same-order,5,2,3,546,499,47,2,0,16315,94.20926037282021,0.9802903266174446,0.9761978939497788,0.9782398301645282,15667,382,315
Aotus_azarai,Gorilla_gorilla,same-order,5,0,1,546,177,369,29,15,16334,92.9872002884442,0.9805462264748749,0.9636918477922402,0.9720459827878636,15474,583,307
Aotus_azarai,Gorilla_gorilla,same-order,5,0,2,546,511,35,4,0,16327,93.54412118297668,0.9805305273769769,0.9692930551230147,0.9748794086324626,15562,493,309
Aotus_azarai,Gorilla_gorilla,same-order,5,0,3,546,513,33,3,0,16327,93.57417648473191,0.9805366591080876,0.9696044845842416,0.9750399298487363,15567,488,309
Aotus_azarai,Gorilla_gorilla,same-order,5,0,4,546,513,33,3,0,16327,93.57417648473191,0.9805366591080876,0.9696044845842416,0.9750399298487363,15567,488,309
Aotus_azarai,Gorilla_gorilla,same-order,4,0,1,437,122,315,28,13,16353,92.54385964912281,0.9814578819931183,0.9583151869594972,0.9697484811282148,15403,670,291
Aotus_azarai,Gorilla_gorilla,same-order,4,0,2,437,394,43,3,0,16334,93.45917999278586,0.9810677773570617,0.967753984063745,0.9743654026950799,15546,518,300
Aotus_azarai,Gorilla_gorilla,same-order,4,0,3,437,395,42,3,0,16334,93.57340387158831,0.9810904506775922,0.9689367529880478,0.974975727395158,15565,499,300
Aotus_azarai,Gorilla_gorilla,same-order,4,0,4,437,396,41,2,0,16333,93.63352170253697,0.9810405643738977,0.9696196227354791,0.975296659256708,15575,488,301
Aotus_azarai,Gorilla_gorilla,same-order,4,0,5,437,396,41,2,0,16333,93.63352170253697,0.9810405643738977,0.9696196227354791,0.975296659256708,15575,488,301
Aotus_azarai,Gorilla_gorilla,same-order,5,1,1,546,166,380,24,14,16342,93.23601850183216,0.980727916087451,0.9664985366461174,0.9735612356907636,15521,538,305
Aotus_azarai,Gorilla_gorilla,same-order,5,1,2,546,513,33,3,0,16319,94.34257199543077,0.9803823566162689,0.9776947040498443,0.9790366857998503,15692,358,314
Aotus_azarai,Gorilla_gorilla,same-order,5,1,3,546,519,27,1,0,16318,94.41471772981423,0.9803358511767276,0.9785033335410306,0.9794187351877262,15704,345,315
Aotus_azarai,Gorilla_gorilla,same-order,5,1,4,546,519,27,1,0,16318,94.41471772981423,0.9803358511767276,0.9785033335410306,0.9794187351877262,15704,345,315
Aotus_azarai,Gorilla_gorilla,same-order,3,2,1,328,118,210,34,11,16410,87.36734816235986,0.9818745367562832,0.9053743398570985,0.9420739591414533,14572,1523,269
Aotus_azarai,Gorilla_gorilla,same-order,3,2,2,328,264,64,15,0,16390,88.6149601103713,0.9813338647535539,0.9185475346639309,0.9489032340944857,14773,1310,281
Aotus_azarai,Gorilla_gorilla,same-order,3,2,3,328,270,58,11,0,16387,88.89088836902405,0.9811957889161094,0.9215796019900497,0.9504537728890742,14819,1261,284
Aotus_azarai,Gorilla_gorilla,same-order,3,2,4,328,271,57,10,0,16387,88.95687121348449,0.9812094746592563,0.9222636815920398,0.9508238763864846,14830,1250,284
Aotus_azarai,Gorilla_gorilla,same-order,3,2,5,328,271,57,10,0,16387,88.95687121348449,0.9812094746592563,0.9222636815920398,0.9508238763864846,14830,1250,284
Aotus_azarai,Gorilla_gorilla,same-order,4,2,1,437,146,291,26,12,16363,91.7211982950111,0.9811199589005908,0.9507156191661481,0.9656785285380192,15278,792,294
Aotus_azarai,Gorilla_gorilla,same-order,4,2,2,437,383,54,6,0,16351,92.36127792457363,0.9808047956125248,0.9574799228039594,0.9690020161290323,15380,683,301
Aotus_azarai,Gorilla_gorilla,same-order,4,2,3,437,388,49,5,0,16344,92.63530966540517,0.9807300941236327,0.9601519208019426,0.9703319175711813,15421,640,303
Aotus_azarai,Gorilla_gorilla,same-order,4,2,4,437,389,48,4,0,16344,92.71940890250495,0.9807472359893252,0.9610235975344001,0.9707852448190195,15435,626,303
Aotus_azarai,Gorilla_gorilla,same-order,4,2,5,437,389,48,4,0,16344,92.71940890250495,0.9807472359893252,0.9610235975344001,0.9707852448190195,15435,626,303
Aotus_azarai,Gorilla_gorilla,same-order,6,2,1,655,218,437,23,16,16315,94.40736063503518,0.9803909323674515,0.9781308411214953,0.979259582696566,15699,351,314
Aotus_azarai,Gorilla_gorilla,same-order,6,2,2,655,624,31,2,0,16315,94.56972758434061,0.980423940149626,0.9798130841121495,0.9801184169523216,15726,324,314
Aotus_azarai,Gorilla_gorilla,same-order,6,2,3,655,624,31,2,0,16315,94.56972758434061,0.980423940149626,0.9798130841121495,0.9801184169523216,15726,324,314
Aotus_azarai,Saimiri_boliviensis,same-order,1,0,1,110,85,25,15,1,16495,90.87896861256702,0.993152939627362,0.9216716563817438,0.956078083407276,15085,1282,104
Aotus_azarai,Saimiri_boliviensis,same-order,1,0,2,110,99,11,7,0,16493,91.4994879209591,0.9930691774552112,0.9280782157042469,0.9594743990650368,15188,1177,106
Aotus_azarai,Saimiri_boliviensis,same-order,1,0,3,110,99,11,7,0,16493,91.4994879209591,0.9930691774552112,0.9280782157042469,0.9594743990650368,15188,1177,106
Aotus_azarai,Gorilla_gorilla,same-order,7,1,1,764,239,525,22,16,16318,94.66690716690717,0.980447101313905,0.9809968847352025,0.9807219159737146,15745,305,314
Aotus_azarai,Gorilla_gorilla,same-order,7,1,2,764,727,37,1,0,16311,94.75551813315691,0.9803372534378695,0.9817422731804586,0.9810392602509417,15755,293,316
Aotus_azarai,Gorilla_gorilla,same-order,7,1,3,764,727,37,1,0,16311,94.75551813315691,0.9803372534378695,0.9817422731804586,0.9810392602509417,15755,293,316
Aotus_azarai,Saimiri_boliviensis,same-order,1,1,1,110,85,25,15,1,16511,90.05358540550304,0.9934905347060777,0.9135161546448421,0.951826396843579,14957,1416,98
Aotus_azarai,Saimiri_boliviensis,same-order,1,1,2,110,95,15,9,0,16509,90.82369942196532,0.993479549496147,0.9213290984607867,0.9560450007922675,15084,1288,99
Aotus_azarai,Saimiri_boliviensis,same-order,1,1,3,110,97,13,7,0,16509,91.01035645472062,0.9934928355462075,0.9232225751282678,0.9570695877920599,15115,1257,99
Aotus_azarai,Saimiri_boliviensis,same-order,1,1,4,110,97,13,7,0,16509,91.01035645472062,0.9934928355462075,0.9232225751282678,0.9570695877920599,15115,1257,99
Aotus_azarai,Gorilla_gorilla,same-order,6,0,1,655,218,437,23,14,16319,94.25169863507907,0.9804841433664853,0.97651383005233,0.9784949592683916,15675,377,312
Aotus_azarai,Gorilla_gorilla,same-order,6,0,2,655,626,29,2,0,16315,94.70266370031868,0.9803311340719532,0.9814307078763709,0.98088061281684,15750,298,316
Aotus_azarai,Gorilla_gorilla,same-order,6,0,3,655,629,26,1,0,16311,94.86377578637156,0.9803592516626266,0.9828639082751744,0.9816099822634348,15773,275,316
Aotus_azarai,Gorilla_gorilla,same-order,6,0,4,655,629,26,1,0,16311,94.86377578637156,0.9803592516626266,0.9828639082751744,0.9816099822634348,15773,275,316
Aotus_azarai,Saimiri_boliviensis,same-order,1,2,1,110,95,15,10,0,16511,90.31266943791795,0.9941640692353604,0.9150338765793811,0.9529591252940055,14991,1392,88
Aotus_azarai,Saimiri_boliviensis,same-order,1,2,2,110,100,10,7,0,16509,90.63742619592722,0.9941188131897178,0.9183249908436089,0.9547199746152626,15044,1338,89
Aotus_azarai,Saimiri_boliviensis,same-order,1,2,3,110,101,9,6,0,16509,90.7759971080853,0.994127738189496,0.9197289708216335,0.9554822753503711,15067,1315,89
Aotus_azarai,Saimiri_boliviensis,same-order,1,2,4,110,101,9,6,0,16509,90.7759971080853,0.994127738189496,0.9197289708216335,0.9554822753503711,15067,1315,89
Aotus_azarai,Gorilla_gorilla,same-order,6,1,1,655,196,459,23,13,16323,94.05398905789696,0.980569136266767,0.9744611934720319,0.9775056235941015,15644,410,310
Aotus_azarai,Gorilla_gorilla,same-order,6,1,2,655,616,39,3,0,16311,94.78558970349431,0.980343368997263,0.9820538384845464,0.981197858299091,15760,288,316
Aotus_azarai,Gorilla_gorilla,same-order,6,1,3,655,621,34,1,0,16311,94.83370421603416,0.9803531459835861,0.9825523429710867,0.9814515125108925,15768,280,316
Aotus_azarai,Gorilla_gorilla,same-order,6,1,4,655,621,34,1,0,16311,94.83370421603416,0.9803531459835861,0.9825523429710867,0.9814515125108925,15768,280,316
Aotus_azarai,Gorilla_gorilla,same-order,8,1,1,873,270,603,23,15,16318,94.38398172088269,0.9804497189256715,0.9779452993582954,0.9791959078007548,15697,354,313
Aotus_azarai,Gorilla_gorilla,same-order,8,1,2,873,822,51,1,0,16311,94.72544656281951,0.9803311340719532,0.9814307078763709,0.98088061281684,15750,298,316
Aotus_azarai,Gorilla_gorilla,same-order,8,1,3,873,822,51,1,0,16311,94.72544656281951,0.9803311340719532,0.9814307078763709,0.98088061281684,15750,298,316
Aotus_azarai,Gorilla_gorilla,same-order,7,0,1,764,230,534,21,11,16321,94.36560432952496,0.9806899137607799,0.9774525070071629,0.9790685341735035,15693,362,309
Aotus_azarai,Gorilla_gorilla,same-order,7,0,2,764,730,34,3,0,16313,94.76817607793613,0.9803421461897356,0.9819915254237288,0.9811661426392303,15759,289,316
Aotus_azarai,Gorilla_gorilla,same-order,7,0,3,764,731,33,2,0,16313,94.7922304407962,0.9803470365072455,0.982240777666999,0.9812929934323156,15763,285,316
Aotus_azarai,Gorilla_gorilla,same-order,7,0,4,764,731,33,2,0,16313,94.7922304407962,0.9803470365072455,0.982240777666999,0.9812929934323156,15763,285,316
Aotus_azarai,Saimiri_boliviensis,same-order,2,0,1,220,174,46,19,3,16495,93.54624887014161,0.9935995903737839,0.9482621709119785,0.9704016252539459,15524,847,100
Aotus_azarai,Saimiri_boliviensis,same-order,2,0,2,220,209,11,3,0,16490,94.44980113293961,0.9934081257526779,0.957597604936763,0.9751742160278746,15673,694,104
Aotus_azarai,Saimiri_boliviensis,same-order,2,0,3,220,212,8,2,0,16490,94.56430034952392,0.9934160546973917,0.958758477424085,0.9757796225476479,15692,675,104
Aotus_azarai,Saimiri_boliviensis,same-order,2,0,4,220,212,8,2,0,16490,94.56430034952392,0.9934160546973917,0.958758477424085,0.9757796225476479,15692,675,104
Aotus_azarai,Gorilla_gorilla,same-order,8,2,1,873,273,600,20,12,16326,94.37999639358057,0.9805782801473802,0.9781349280508316,0.9793550801471964,15702,351,311
Aotus_azarai,Gorilla_gorilla,same-order,8,2,2,873,827,46,1,0,16311,94.86377578637156,0.9803592516626266,0.9828639082751744,0.9816099822634348,15773,275,316
Aotus_azarai,Gorilla_gorilla,same-order,8,2,3,873,827,46,1,0,16311,94.86377578637156,0.9803592516626266,0.9828639082751744,0.9816099822634348,15773,275,316
Aotus_azarai,Saimiri_boliviensis,same-order,2,1,1,220,174,46,21,3,16440,94.25447075882069,0.992872144084516,0.9536646494284492,0.9728735345472685,15601,758,112
Aotus_azarai,Saimiri_boliviensis,same-order,2,1,2,220,213,7,4,0,16432,95.44438402513444,0.9925232470469967,0.9660591976516634,0.9791124333705219,15797,555,119
Aotus_azarai,Saimiri_boliviensis,same-order,2,1,3,220,215,5,2,0,16428,95.66793547217691,0.9922917841699568,0.968558845118669,0.9802816901408451,15834,514,123
Aotus_azarai,Saimiri_boliviensis,same-order,2,1,4,220,215,5,2,0,16428,95.67397740317806,0.9922922672014037,0.9686200146806949,0.9803132545038075,15835,513,123
Aotus_azarai,Saimiri_boliviensis,same-order,2,1,5,220,215,5,2,0,16428,95.67397740317806,0.9922922672014037,0.9686200146806949,0.9803132545038075,15835,513,123
Aotus_azarai,Gorilla_gorilla,same-order,8,0,1,873,273,600,20,12,16322,94.48719490200793,0.9805352798053528,0.979130326439073,0.9798322994919111,15717,335,312
Aotus_azarai,Gorilla_gorilla,same-order,8,0,2,873,838,35,1,0,16312,94.85776147230408,0.9804189718406167,0.9827403576546825,0.9815782922579038,15772,277,315
Aotus_azarai,Gorilla_gorilla,same-order,8,0,3,873,838,35,1,0,16312,94.86979010043905,0.9804214059295171,0.9828649760109665,0.9816416702968449,15774,275,315
Aotus_azarai,Gorilla_gorilla,same-order,8,0,4,873,838,35,1,0,16312,94.86979010043905,0.9804214059295171,0.9828649760109665,0.9816416702968449,15774,275,315
Aotus_azarai,Saimiri_boliviensis,same-order,2,2,1,220,170,50,23,2,16488,92.85886464987345,0.9931679020302933,0.9415826458906202,0.9666875784190716,15409,956,106
Aotus_azarai,Saimiri_boliviensis,same-order,2,2,2,220,208,12,9,0,16482,93.99783054115946,0.992870782940802,0.9534812641359496,0.9727774486263994,15598,761,112
Aotus_azarai,Saimiri_boliviensis,same-order,2,2,3,220,211,9,7,0,16481,94.16621466883626,0.9928830145516935,0.9551317317684455,0.9736415752741775,15625,734,112
Aotus_azarai,Saimiri_boliviensis,same-order,2,2,4,220,211,9,7,0,16481,94.16621466883626,0.9928830145516935,0.9551317317684455,0.9736415752741775,15625,734,112
Aotus_azarai,Gorilla_gorilla,same-order,7,2,1,764,240,524,21,15,16319,94.39634439634439,0.9804533816274277,0.9781322036010217,0.9792914171656686,15700,351,313
Aotus_azarai,Gorilla_gorilla,same-order,7,2,2,764,725,39,2,0,16311,94.72544656281951,0.9803311340719532,0.9814307078763709,0.98088061281684,15750,298,316
Aotus_azarai,Gorilla_gorilla,same-order,7,2,3,764,729,35,1,0,16311,94.79761833162928,0.9803458141559895,0.9821784646061814,0.9812612836954493,15762,286,316
Aotus_azarai,Gorilla_gorilla,same-order,7,2,4,764,729,35,1,0,16311,94.80964695976424,0.9803482587064677,0.9823030907278165,0.9813247011952191,15764,284,316
Aotus_azarai,Gorilla_gorilla,same-order,7,2,5,764,729,35,1,0,16311,94.80964695976424,0.9803482587064677,0.9823030907278165,0.9813247011952191,15764,284,316
Aotus_azarai,Saimiri_boliviensis,same-order,3,1,1,330,250,80,24,4,16488,95.07169538498614,0.9930774071743235,0.9644887231831795,0.9785743077734023,15780,581,110
Aotus_azarai,Saimiri_boliviensis,same-order,3,1,2,330,309,21,4,1,16431,96.79874365788838,0.9922605411429632,0.9804233451608957,0.9863064282856878,16026,320,125
Aotus_azarai,Saimiri_boliviensis,same-order,3,1,3,330,317,13,4,0,16431,96.79874365788838,0.9922605411429632,0.9804233451608957,0.9863064282856878,16026,320,125
Aotus_azarai,Saimiri_boliviensis,same-order,3,1,4,330,317,13,4,0,16431,96.79874365788838,0.9922605411429632,0.9804233451608957,0.9863064282856878,16026,320,125
Aotus_azarai,Saimiri_boliviensis,same-order,4,1,1,440,347,93,19,6,16422,97.14562167392356,0.992953393497342,0.9820871798006969,0.9874903949592746,16064,293,114
Aotus_azarai,Saimiri_boliviensis,same-order,4,1,2,440,438,2,0,0,16414,98.1736816642477,0.9925409635607728,0.9929659306379595,0.9927534016205473,16234,115,122
Aotus_azarai,Saimiri_boliviensis,same-order,4,1,3,440,438,2,0,0,16414,98.1736816642477,0.9925409635607728,0.9929659306379595,0.9927534016205473,16234,115,122
Aotus_azarai,Saimiri_boliviensis,same-order,3,0,1,330,252,78,24,5,16482,95.44988850720183,0.9930403160072732,0.9680929095354524,0.9804079358692623,15838,522,111
Aotus_azarai,Saimiri_boliviensis,same-order,3,0,2,330,307,23,4,0,16476,96.04652564334359,0.9927120966737262,0.9745016509722392,0.9835225870155517,15937,417,117
Aotus_azarai,Saimiri_boliviensis,same-order,3,0,3,330,310,20,4,0,16475,96.1427193828351,0.9927188997448503,0.9754188577717989,0.9839928445856336,15952,402,117
Aotus_azarai,Saimiri_boliviensis,same-order,3,0,4,330,311,19,3,0,16475,96.23915139826423,0.9927261423686664,0.9763972116913293,0.9844939733037393,15968,386,117
Aotus_azarai,Saimiri_boliviensis,same-order,3,0,5,330,311,19,3,0,16475,96.23915139826423,0.9927261423686664,0.9763972116913293,0.9844939733037393,15968,386,117
Aotus_azarai,Saimiri_boliviensis,same-order,3,2,1,330,258,72,20,3,16460,95.65663268383905,0.9926755978465006,0.9696098813745873,0.981007176441475,15857,497,117
Aotus_azarai,Saimiri_boliviensis,same-order,3,2,2,330,320,10,3,1,16406,97.10916238282431,0.9920301495119239,0.9825602741402522,0.9872725036891294,16057,285,129
Aotus_azarai,Saimiri_boliviensis,same-order,3,2,3,330,328,2,0,0,16406,97.16964015724221,0.9920350703877501,0.9831721943458573,0.9875837482328355,16067,275,129
Aotus_azarai,Saimiri_boliviensis,same-order,3,2,4,330,328,2,0,0,16406,97.16964015724221,0.9920350703877501,0.9831721943458573,0.9875837482328355,16067,275,129
Aotus_azarai,Saimiri_boliviensis,same-order,6,0,1,659,507,152,22,6,16415,98.04644973992984,0.9927127985303124,0.9913772015655578,0.9920445505171043,16211,141,119
Aotus_azarai,Saimiri_boliviensis,same-order,6,0,2,659,654,5,0,0,16410,98.52425305431233,0.992445473376386,0.9965131216737017,0.994475138121547,16290,57,124
Aotus_azarai,Saimiri_boliviensis,same-order,6,0,3,659,654,5,0,0,16410,98.52425305431233,0.992445473376386,0.9965131216737017,0.994475138121547,16290,57,124
Aotus_azarai,Saimiri_boliviensis,same-order,4,0,1,440,353,87,23,4,16416,97.037126617487,0.9924551638837353,0.9815890880176158,0.9869922199329624,16048,301,122
Aotus_azarai,Saimiri_boliviensis,same-order,4,0,2,440,435,5,0,0,16405,98.18577648766328,0.9919960896926743,0.9936352509179927,0.9928149937322286,16236,104,131
Aotus_azarai,Saimiri_boliviensis,same-order,4,0,3,440,437,3,0,0,16405,98.2341557813256,0.992,0.9941248470012239,0.9930612868714657,16244,96,131
Aotus_azarai,Saimiri_boliviensis,same-order,4,0,4,440,437,3,0,0,16405,98.2341557813256,0.992,0.9941248470012239,0.9930612868714657,16244,96,131
Aotus_azarai,Saimiri_boliviensis,same-order,4,2,1,440,341,99,25,5,16416,97.36332849540396,0.9926017262638718,0.9846492569261819,0.9886094992477972,16100,251,120
Aotus_azarai,Saimiri_boliviensis,same-order,4,2,2,440,437,3,0,0,16408,98.24009676443907,0.9922423798179708,0.9938815467449829,0.9930612868714657,16244,100,127
Aotus_azarai,Saimiri_boliviensis,same-order,4,2,3,440,437,3,0,0,16408,98.24614454188085,0.9922428536525776,0.9939427312775331,0.9930920650446265,16245,99,127
Aotus_azarai,Saimiri_boliviensis,same-order,4,2,4,440,437,3,0,0,16408,98.24614454188085,0.9922428536525776,0.9939427312775331,0.9930920650446265,16245,99,127
Aotus_azarai,Saimiri_boliviensis,same-order,6,1,1,659,521,138,22,7,16406,98.23394217975081,0.9921808185705558,0.9938199840910481,0.992999724880017,16242,101,128
Aotus_azarai,Saimiri_boliviensis,same-order,6,1,2,659,653,6,0,0,16402,98.56659005685255,0.9919654269888611,0.9974294632474447,0.99468994140625,16297,42,132
Aotus_azarai,Saimiri_boliviensis,same-order,6,1,3,659,653,6,0,0,16402,98.56659005685255,0.9919654269888611,0.9974294632474447,0.99468994140625,16297,42,132
Aotus_azarai,Saimiri_boliviensis,same-order,5,0,1,550,432,118,22,5,16453,97.10389767105104,0.9925377736663583,0.98434250764526,0.9884231536926148,16094,256,121
Aotus_azarai,Saimiri_boliviensis,same-order,5,0,2,550,536,14,1,0,16448,97.76745308634526,0.99234443900049,0.9912516823687753,0.991797759686601,16203,143,125
Aotus_azarai,Saimiri_boliviensis,same-order,5,0,3,550,536,14,1,0,16447,97.77952090750016,0.992284612087441,0.9914346895074947,0.9918594687232218,16205,140,126
Aotus_azarai,Saimiri_boliviensis,same-order,5,0,4,550,536,14,1,0,16447,97.77952090750016,0.992284612087441,0.9914346895074947,0.9918594687232218,16205,140,126
Aotus_azarai,Saimiri_boliviensis,same-order,5,1,1,550,432,118,22,3,16412,97.4841245842153,0.9924270410048024,0.9859921702960607,0.9891991408407487,16119,229,123
Aotus_azarai,Saimiri_boliviensis,same-order,5,1,2,550,544,6,0,0,16402,98.4819160517721,0.9919585744745659,0.9965726176632597,0.9942602430237527,16283,56,132
Aotus_azarai,Saimiri_boliviensis,same-order,5,1,3,550,545,5,0,0,16402,98.53030119753235,0.9919624916275954,0.9970622437113654,0.9945058299249129,16291,48,132
Aotus_azarai,Saimiri_boliviensis,same-order,5,1,4,550,545,5,0,0,16402,98.53030119753235,0.9919624916275954,0.9970622437113654,0.9945058299249129,16291,48,132
Aotus_azarai,Saimiri_boliviensis,same-order,5,2,1,550,429,121,24,2,16454,96.54277784481718,0.9925562930339309,0.97859458137117,0.9855259916235525,16001,350,120
Aotus_azarai,Saimiri_boliviensis,same-order,5,2,2,550,529,21,3,1,16400,98.55449377041248,0.9918436910341469,0.9974291485584869,0.9946285784044436,16295,42,134
Aotus_azarai,Saimiri_boliviensis,same-order,5,2,3,550,547,3,0,0,16400,98.56659005685255,0.991844683829347,0.9975515700557018,0.9946899414062501,16297,40,134
Aotus_azarai,Saimiri_boliviensis,same-order,5,2,4,550,547,3,0,0,16400,98.56659005685255,0.991844683829347,0.9975515700557018,0.9946899414062501,16297,40,134
Aotus_azarai,Saimiri_boliviensis,same-order,6,2,1,659,507,152,23,4,16407,97.91326438033025,0.9922765722692166,0.9903946160905476,0.9913347010012554,16188,157,126
Aotus_azarai,Saimiri_boliviensis,same-order,6,2,2,659,652,7,0,0,16401,98.61489142926268,0.9919688488683378,0.9978578860395373,0.9949046529366895,16304,35,132
Aotus_azarai,Saimiri_boliviensis,same-order,6,2,3,659,657,2,0,0,16401,98.61489142926268,0.9919688488683378,0.9978578860395373,0.9949046529366895,16304,35,132
Aotus_azarai,Saimiri_boliviensis,same-order,6,2,4,659,657,2,0,0,16401,98.61489142926268,0.9919688488683378,0.9978578860395373,0.9949046529366895,16304,35,132
Aotus_azarai,Saimiri_sciureus,same-order,1,2,1,110,84,26,16,1,16522,89.63524738172626,0.9938601174586226,0.909046514467098,0.9495632213224511,14892,1490,92
Aotus_azarai,Saimiri_sciureus,same-order,1,2,2,110,100,10,8,0,16517,90.30937763332129,0.9935765843321634,0.9161629114001343,0.953300717961751,15004,1373,97
Aotus_azarai,Saimiri_sciureus,same-order,1,2,3,110,100,10,8,0,16517,90.30937763332129,0.9935765843321634,0.9161629114001343,0.953300717961751,15004,1373,97
Aotus_azarai,Saimiri_boliviensis,same-order,7,2,1,769,609,160,24,7,16406,98.29442361195113,0.9921855921855922,0.9944318668543107,0.9933074595850014,16252,91,128
Aotus_azarai,Saimiri_boliviensis,same-order,7,2,2,769,768,1,0,0,16402,98.6149752026128,0.9919693374703413,0.9979190892955505,0.9949353185257506,16305,34,132
Aotus_azarai,Saimiri_boliviensis,same-order,7,2,3,769,768,1,0,0,16402,98.6149752026128,0.9919693374703413,0.9979190892955505,0.9949353185257506,16305,34,132
Aotus_azarai,Saimiri_sciureus,same-order,1,0,1,110,86,24,17,0,16518,89.48382822381497,0.9943113371703922,0.9065226676429312,0.9483897737065525,14857,1532,85
Aotus_azarai,Saimiri_sciureus,same-order,1,0,2,110,100,10,7,0,16512,90.58603866771065,0.9939858568501752,0.9180247817859977,0.9544964142920608,15040,1343,91
Aotus_azarai,Saimiri_sciureus,same-order,1,0,3,110,104,6,5,0,16512,90.75468288863459,0.9939969654990435,0.9197338704754929,0.955424513347283,15068,1315,91
Aotus_azarai,Saimiri_sciureus,same-order,1,0,4,110,104,6,5,0,16512,90.75468288863459,0.9939969654990435,0.9197338704754929,0.955424513347283,15068,1315,91
Aotus_azarai,Saimiri_boliviensis,same-order,7,0,1,769,585,184,27,6,16408,97.87723011793166,0.9922138434185519,0.9902104747919726,0.9912111468381564,16184,160,127
Aotus_azarai,Saimiri_boliviensis,same-order,7,0,2,769,765,4,0,0,16402,98.60287891617274,0.9919683602068756,0.9977966827835241,0.9948739854762922,16303,36,132
Aotus_azarai,Saimiri_boliviensis,same-order,7,0,3,769,766,3,0,0,16402,98.60287891617274,0.9919683602068756,0.9977966827835241,0.9948739854762922,16303,36,132
Aotus_azarai,Saimiri_boliviensis,same-order,7,0,4,769,766,3,0,0,16402,98.60287891617274,0.9919683602068756,0.9977966827835241,0.9948739854762922,16303,36,132
Aotus_azarai,Saimiri_boliviensis,same-order,7,1,1,769,601,168,26,7,16410,97.91956456002418,0.9923388085315028,0.9905175578123088,0.9914273467638233,16191,155,125
Aotus_azarai,Saimiri_boliviensis,same-order,7,1,2,769,763,6,0,0,16401,98.63303695639026,0.9919703144960156,0.998041495807577,0.9949966440905484,16307,32,132
Aotus_azarai,Saimiri_boliviensis,same-order,7,1,3,769,766,3,0,0,16401,98.63303695639026,0.9919703144960156,0.998041495807577,0.9949966440905484,16307,32,132
Aotus_azarai,Saimiri_boliviensis,same-order,7,1,4,769,766,3,0,0,16401,98.63303695639026,0.9919703144960156,0.998041495807577,0.9949966440905484,16307,32,132
Aotus_azarai,Saimiri_sciureus,same-order,1,1,1,110,91,19,13,0,16520,89.83622350674374,0.994136460554371,0.9105333821554986,0.9505000955596611,14920,1466,88
Aotus_azarai,Saimiri_sciureus,same-order,1,1,2,110,100,10,5,0,16517,90.79850656389257,0.9941319970989648,0.9202319194385108,0.9557555780933064,15078,1307,89
Aotus_azarai,Saimiri_sciureus,same-order,1,1,3,110,103,7,4,0,16517,90.82861616283272,0.9941339309253888,0.9205370765944462,0.9559210317837564,15083,1302,89
Aotus_azarai,Saimiri_sciureus,same-order,1,1,4,110,103,7,4,0,16517,90.82861616283272,0.9941339309253888,0.9205370765944462,0.9559210317837564,15083,1302,89
Aotus_azarai,Saimiri_boliviensis,same-order,8,0,1,879,683,196,24,5,16406,98.19754430532873,0.9922381127001589,0.9933308859520313,0.9927841986179906,16235,109,127
Aotus_azarai,Saimiri_boliviensis,same-order,8,0,2,879,876,3,0,0,16401,98.63303695639026,0.9919703144960156,0.998041495807577,0.9949966440905484,16307,32,132
Aotus_azarai,Saimiri_boliviensis,same-order,8,0,3,879,876,3,0,0,16401,98.63303695639026,0.9919703144960156,0.998041495807577,0.9949966440905484,16307,32,132
Aotus_azarai,Saimiri_sciureus,same-order,2,0,1,220,184,36,16,2,16473,94.17370325693607,0.9931938171872018,0.9539927903708683,0.9731987035651958,15614,753,107
Aotus_azarai,Saimiri_sciureus,same-order,2,0,2,220,205,15,5,0,16464,94.77652451896978,0.9927343947434926,0.9605110336817654,0.9763569142821636,15713,646,115
Aotus_azarai,Saimiri_sciureus,same-order,2,0,3,220,205,15,5,0,16464,94.84890524157066,0.992739898989899,0.9612445748517635,0.9767384080250939,15725,634,115
Aotus_azarai,Saimiri_sciureus,same-order,2,0,4,220,205,15,5,0,16464,94.84890524157066,0.992739898989899,0.9612445748517635,0.9767384080250939,15725,634,115
Aotus_azarai,Saimiri_boliviensis,same-order,8,1,1,879,672,207,25,7,16409,97.90129430264909,0.9923369298675822,0.99027284962682,0.9913038152979362,16187,159,125
Aotus_azarai,Saimiri_boliviensis,same-order,8,1,2,879,872,7,0,0,16401,98.62698844734773,0.991969826012897,0.9979802925515637,0.9949659822436464,16306,33,132
Aotus_azarai,Saimiri_boliviensis,same-order,8,1,3,879,872,7,0,0,16401,98.62698844734773,0.991969826012897,0.9979802925515637,0.9949659822436464,16306,33,132
Aotus_azarai,Saimiri_boliviensis,same-order,8,2,1,879,691,188,27,8,16406,98.46981976533205,0.9921994027667743,0.9962063268677721,0.9941988275525159,16281,62,128
Aotus_azarai,Saimiri_boliviensis,same-order,8,2,2,879,871,8,0,0,16402,98.6149752026128,0.9919693374703413,0.9979190892955505,0.9949353185257506,16305,34,132
Aotus_azarai,Saimiri_boliviensis,same-order,8,2,3,879,871,8,0,0,16402,98.6149752026128,0.9919693374703413,0.9979190892955505,0.9949353185257506,16305,34,132
Aotus_azarai,Saimiri_sciureus,same-order,3,0,1,330,245,85,22,6,16436,96.34441087613293,0.9929011769101438,0.9746332518337408,0.9836824084641723,15945,415,114
Aotus_azarai,Saimiri_sciureus,same-order,3,0,2,330,328,2,0,0,16428,97.32293932801547,0.9926040061633282,0.9847743671273083,0.9886736855029313,16105,249,120
Aotus_azarai,Saimiri_sciureus,same-order,3,0,3,330,329,1,0,0,16428,97.32293932801547,0.9926040061633282,0.9847743671273083,0.9886736855029313,16105,249,120
Aotus_azarai,Saimiri_sciureus,same-order,3,0,4,330,329,1,0,0,16428,97.32293932801547,0.9926040061633282,0.9847743671273083,0.9886736855029313,16105,249,120
Aotus_azarai,Saimiri_sciureus,same-order,2,1,1,220,170,50,19,2,16475,94.17440598239054,0.9931946829485467,0.9541149874747968,0.9732626986600187,15616,751,107
Aotus_azarai,Saimiri_sciureus,same-order,2,1,2,220,212,8,5,0,16471,95.00603136308806,0.9931277977428914,0.9625420103880232,0.9775957301557748,15752,613,109
Aotus_azarai,Saimiri_sciureus,same-order,2,1,3,220,213,7,4,0,16471,95.10856453558505,0.9931351555611538,0.9635808127100519,0.9781347889464379,15769,596,109
Aotus_azarai,Saimiri_sciureus,same-order,2,1,4,220,213,7,4,0,16471,95.10856453558505,0.9931351555611538,0.9635808127100519,0.9781347889464379,15769,596,109
Aotus_azarai,Saimiri_sciureus,same-order,2,2,1,220,186,34,17,0,16501,92.89156626506023,0.9936207229847284,0.9416793893129771,0.966953031918229,15420,955,99
Aotus_azarai,Saimiri_sciureus,same-order,2,2,2,220,206,14,8,0,16497,93.67469879518072,0.993419791733214,0.9498503451224727,0.971146640019985,15550,821,103
Aotus_azarai,Saimiri_sciureus,same-order,2,2,3,220,211,9,5,0,16496,94.00566299174649,0.9934424142102247,0.953148860790422,0.9728786083920443,15604,767,103
Aotus_azarai,Saimiri_sciureus,same-order,2,2,4,220,211,9,5,0,16496,94.00566299174649,0.9934424142102247,0.953148860790422,0.9728786083920443,15604,767,103
Aotus_azarai,Saimiri_sciureus,same-order,3,1,1,330,266,64,21,3,16436,95.90961271222282,0.9928075551941961,0.9703527110459075,0.981451712625201,15874,485,115
Aotus_azarai,Saimiri_sciureus,same-order,3,1,2,330,323,7,4,0,16426,96.93069905141684,0.9922686788718457,0.9812832589149183,0.9867453947166099,16043,306,125
Aotus_azarai,Saimiri_sciureus,same-order,3,1,3,330,327,3,1,0,16425,97.10574018126889,0.9922820449493702,0.9829959018900238,0.9876171454908587,16071,278,125
Aotus_azarai,Saimiri_sciureus,same-order,3,1,4,330,327,3,1,0,16425,97.10574018126889,0.9922820449493702,0.9829959018900238,0.9876171454908587,16071,278,125
Aotus_azarai,Saimiri_sciureus,same-order,3,2,1,330,261,69,20,1,16464,95.29553679131483,0.9927117366172405,0.965888250397359,0.9791163165396294,15800,558,116
Aotus_azarai,Saimiri_sciureus,same-order,3,2,2,330,314,16,4,0,16452,96.32645674990953,0.9921714818266543,0.9768167359921703,0.9844342385106186,15969,379,126
Aotus_azarai,Saimiri_sciureus,same-order,3,2,3,330,322,8,2,0,16452,96.57377246953794,0.9921913733267228,0.9793246880352336,0.9857160448220662,16010,338,126
Aotus_azarai,Saimiri_sciureus,same-order,3,2,4,330,322,8,2,0,16452,96.57377246953794,0.9921913733267228,0.9793246880352336,0.9857160448220662,16010,338,126
Aotus_azarai,Saimiri_sciureus,same-order,4,0,1,440,336,104,23,4,16419,96.94074969770254,0.9925100588053234,0.9804928759249067,0.9864648701858004,16034,319,121
Aotus_azarai,Saimiri_sciureus,same-order,4,0,2,440,432,8,0,0,16410,97.76286353467562,0.9920849183948951,0.9892321810951361,0.9906564960328401,16169,176,129
Aotus_azarai,Saimiri_sciureus,same-order,4,0,3,440,433,7,0,0,16410,97.80518773807364,0.9920883164673413,0.9896604466197614,0.9908728943338437,16176,169,129
Aotus_azarai,Saimiri_sciureus,same-order,4,0,4,440,433,7,0,0,16410,97.80518773807364,0.9920883164673413,0.9896604466197614,0.9908728943338437,16176,169,129
Aotus_azarai,Saimiri_sciureus,same-order,4,1,1,440,325,115,24,4,16413,96.7650260007256,0.992249503968254,0.978836626093339,0.9854974289497183,16003,346,125
Aotus_azarai,Saimiri_sciureus,same-order,4,1,2,440,427,13,0,0,16408,97.85329866360283,0.9920912267794739,0.9900275313551545,0.9910583047525723,16182,163,129
Aotus_azarai,Saimiri_sciureus,same-order,4,1,3,440,430,10,0,0,16408,97.91981616980105,0.9920965567945105,0.9907005200367085,0.9913980469587046,16193,152,129
Aotus_azarai,Saimiri_sciureus,same-order,4,1,4,440,430,10,0,0,16408,97.91981616980105,0.9920965567945105,0.9907005200367085,0.9913980469587046,16193,152,129
Aotus_azarai,Saimiri_sciureus,same-order,6,0,1,659,508,151,25,5,16465,97.3636583011583,0.9931692307692308,0.9863105787447289,0.9897280225676877,16139,224,111
Aotus_azarai,Saimiri_sciureus,same-order,6,0,2,659,648,11,1,0,16448,98.03933397683397,0.9921851150863911,0.9941881805946409,0.9931856378915201,16251,95,128
Aotus_azarai,Saimiri_sciureus,same-order,6,0,3,659,648,11,1,0,16448,98.03933397683397,0.9921851150863911,0.9941881805946409,0.9931856378915201,16251,95,128
Aotus_azarai,Saimiri_sciureus,same-order,4,2,1,440,343,97,22,2,16464,95.9589867310012,0.9927617621365281,0.9726127888494926,0.9825839920948617,15910,448,116
Aotus_azarai,Saimiri_sciureus,same-order,4,2,2,440,427,13,3,1,16404,97.95597484276729,0.9919167176974892,0.9911883490392853,0.9915523996082274,16198,144,132
Aotus_azarai,Saimiri_sciureus,same-order,4,2,3,440,438,2,0,0,16404,98.04063860667634,0.9919236417033774,0.9920450373271326,0.9919843358012606,16212,130,132
Aotus_azarai,Saimiri_sciureus,same-order,4,2,4,440,438,2,0,0,16404,98.04063860667634,0.9919236417033774,0.9920450373271326,0.9919843358012606,16212,130,132
Aotus_azarai,Saimiri_sciureus,same-order,5,1,1,550,404,146,25,4,16461,97.03221136445892,0.9927791149787076,0.9834321697132726,0.988083538083538,16086,271,117
Aotus_azarai,Saimiri_sciureus,same-order,5,1,2,550,530,20,1,0,16448,97.93074324324324,0.9921765173277917,0.9930869937599413,0.9926315467636898,16233,113,128
Aotus_azarai,Saimiri_sciureus,same-order,5,1,3,550,533,17,1,0,16446,97.97297297297297,0.9920586438607208,0.9936368086147822,0.9928470991013023,16240,104,130
Aotus_azarai,Saimiri_sciureus,same-order,5,1,4,550,533,17,1,0,16446,97.97297297297297,0.9920586438607208,0.9936368086147822,0.9928470991013023,16240,104,130
Aotus_azarai,Saimiri_sciureus,same-order,6,2,1,659,516,143,25,5,16411,97.8472516175848,0.992273256883547,0.9897846831416687,0.991027407747665,16181,167,126
Aotus_azarai,Saimiri_sciureus,same-order,6,2,2,659,653,6,0,0,16405,98.50637963354902,0.9919620021921812,0.996818014930853,0.9943840800879012,16290,52,132
Aotus_azarai,Saimiri_sciureus,same-order,6,2,3,659,653,6,0,0,16405,98.50637963354902,0.9919620021921812,0.996818014930853,0.9943840800879012,16290,52,132
Aotus_azarai,Saimiri_sciureus,same-order,5,0,1,550,409,141,24,6,16419,97.6970502901354,0.9923256385068763,0.9886231573796562,0.990470937892576,16163,186,125
Aotus_azarai,Saimiri_sciureus,same-order,5,0,2,550,545,5,0,0,16412,98.45251768119446,0.9920209526129857,0.9965734565257297,0.9942919935288912,16287,56,131
Aotus_azarai,Saimiri_sciureus,same-order,5,0,3,550,546,4,0,0,16412,98.45251768119446,0.9920209526129857,0.9965734565257297,0.9942919935288912,16287,56,131
Aotus_azarai,Saimiri_sciureus,same-order,5,0,4,550,546,4,0,0,16412,98.45251768119446,0.9920209526129857,0.9965734565257297,0.9942919935288912,16287,56,131
Aotus_azarai,Saimiri_sciureus,same-order,5,2,1,550,428,122,25,3,16418,97.26068815383685,0.9926556810467198,0.9834301436869459,0.9880213772344738,16084,271,119
Aotus_azarai,Saimiri_sciureus,same-order,5,2,2,550,546,4,0,0,16409,98.3009855493077,0.9920673663656334,0.9947381302006852,0.9934009531956495,16258,86,130
Aotus_azarai,Saimiri_sciureus,same-order,5,2,3,550,546,4,0,0,16407,98.31287416097237,0.9920673663656334,0.9947381302006852,0.9934009531956495,16258,86,130
Aotus_azarai,Saimiri_sciureus,same-order,5,2,4,550,546,4,0,0,16407,98.31287416097237,0.9920673663656334,0.9947381302006852,0.9934009531956495,16258,86,130
Aotus_azarai,Saimiri_sciureus,same-order,6,1,1,659,510,149,24,5,16417,97.67202805659693,0.9925648273319405,0.9877698281660857,0.9901615226652772,16153,200,121
Aotus_azarai,Saimiri_sciureus,same-order,6,1,2,659,649,10,0,0,16407,98.58499123178328,0.992089089028175,0.997491434165443,0.9947829270525065,16303,41,130
Aotus_azarai,Saimiri_sciureus,same-order,6,1,3,659,653,6,0,0,16407,98.60313236983734,0.9920905329763933,0.9976749877630935,0.994874923733984,16306,38,130
Aotus_azarai,Saimiri_sciureus,same-order,6,1,4,659,653,6,0,0,16407,98.60313236983734,0.9920905329763933,0.9976749877630935,0.994874923733984,16306,38,130
Aotus_azarai,Saimiri_sciureus,same-order,7,2,1,769,608,161,23,6,16411,98.01064215745556,0.9922257590597453,0.9915580840521196,0.991891809197442,16209,138,127
Aotus_azarai,Saimiri_sciureus,same-order,7,2,2,769,767,2,0,0,16405,98.61522646187338,0.9919708029197081,0.9979194713009424,0.9949362455005796,16308,34,132
Aotus_azarai,Saimiri_sciureus,same-order,7,2,3,769,767,2,0,0,16405,98.61522646187338,0.9919708029197081,0.9979194713009424,0.9949362455005796,16308,34,132
Aotus_azarai,Saimiri_sciureus,same-order,7,1,1,769,607,162,26,4,16414,97.67793432908024,0.9924428606537232,0.9878906488899761,0.9901615226652772,16153,198,123
Aotus_azarai,Saimiri_sciureus,same-order,7,1,2,769,762,7,0,0,16407,98.40357985124267,0.9920746204962507,0.9956558981889378,0.9938620331633432,16273,71,130
Aotus_azarai,Saimiri_sciureus,same-order,7,1,3,769,764,5,0,0,16407,98.40357985124267,0.9920746204962507,0.9956558981889378,0.9938620331633432,16273,71,130
Aotus_azarai,Saimiri_sciureus,same-order,7,1,4,769,764,5,0,0,16407,98.40357985124267,0.9920746204962507,0.9956558981889378,0.9938620331633432,16273,71,130
Aotus_azarai,Varecia_variegata,same-order,1,0,1,114,32,82,41,1,16517,75.33699739658664,0.9443074691805656,0.803976044946595,0.8685096875312635,13022,3175,768
Aotus_azarai,Varecia_variegata,same-order,1,0,2,114,48,66,37,0,16511,75.6509663233422,0.9443120260021668,0.807336050389033,0.8704683910915809,13074,3120,771
Aotus_azarai,Varecia_variegata,same-order,1,0,3,114,50,64,35,0,16511,75.80141187362574,0.9444164083339341,0.8089415833024577,0.8714452020621986,13100,3094,771
Aotus_azarai,Varecia_variegata,same-order,1,0,4,114,50,64,35,0,16511,75.80141187362574,0.9444164083339341,0.8089415833024577,0.8714452020621986,13100,3094,771
Aotus_azarai,Varecia_variegata,same-order,1,1,1,114,36,78,35,3,16486,76.10055607043559,0.9440931302098304,0.8116389695434608,0.8728698136398366,13138,3049,778
Aotus_azarai,Varecia_variegata,same-order,1,1,2,114,64,50,31,0,16485,76.25115848007414,0.9441296708025533,0.8132954405041394,0.8738424773474062,13164,3022,779
Aotus_azarai,Varecia_variegata,same-order,1,1,3,114,65,49,30,0,16481,76.35710561381148,0.9441260744985673,0.8143342601173926,0.8744402056725825,13180,3005,780
Aotus_azarai,Varecia_variegata,same-order,1,1,4,114,65,49,30,0,16481,76.35710561381148,0.9441260744985673,0.8143342601173926,0.8744402056725825,13180,3005,780
Aotus_azarai,Varecia_variegata,same-order,1,2,1,114,26,88,45,1,16528,75.0766383249465,0.9446182956116731,0.801036781041718,0.866922691601269,12980,3224,761
Aotus_azarai,Varecia_variegata,same-order,1,2,2,114,45,69,36,1,16505,76.77662037037037,0.9448084318473152,0.8194564546016059,0.8776792802328658,13267,2923,775
Aotus_azarai,Varecia_variegata,same-order,1,2,3,114,50,64,33,0,16505,76.90972222222223,0.9448986846782794,0.8208770846201359,0.8785324739712445,13290,2900,775
Aotus_azarai,Varecia_variegata,same-order,1,2,4,114,50,64,33,0,16505,76.90972222222223,0.9448986846782794,0.8208770846201359,0.8785324739712445,13290,2900,775
Aotus_azarai,Saimiri_sciureus,same-order,8,0,1,879,673,206,27,7,16410,98.31892120699038,0.9922494812644941,0.994616749250627,0.9934317050071793,16259,88,127
Aotus_azarai,Saimiri_sciureus,same-order,8,0,2,879,876,3,0,0,16405,98.61522646187338,0.9919708029197081,0.9979194713009424,0.9949362455005796,16308,34,132
Aotus_azarai,Saimiri_sciureus,same-order,8,0,3,879,876,3,0,0,16405,98.61522646187338,0.9919708029197081,0.9979194713009424,0.9949362455005796,16308,34,132
Aotus_azarai,Saimiri_sciureus,same-order,7,0,1,769,589,180,23,6,16457,97.4847698896194,0.9925079832964874,0.988380626223092,0.9904400049025615,16162,190,122
Aotus_azarai,Saimiri_sciureus,same-order,7,0,2,769,744,25,1,0,16447,98.05731523378583,0.992186069226543,0.9943105346873853,0.9932471659486051,16253,93,128
Aotus_azarai,Saimiri_sciureus,same-order,7,0,3,769,745,24,1,1,16404,98.60304789550072,0.9919693374703413,0.9977358952392608,0.9948442600445406,16305,37,132
Aotus_azarai,Saimiri_sciureus,same-order,7,0,4,769,762,7,0,0,16404,98.60304789550072,0.9919693374703413,0.9977358952392608,0.9948442600445406,16305,37,132
Aotus_azarai,Saimiri_sciureus,same-order,7,0,5,769,762,7,0,0,16404,98.60304789550072,0.9919693374703413,0.9977358952392608,0.9948442600445406,16305,37,132
Aotus_azarai,Saimiri_sciureus,same-order,8,1,1,879,682,197,25,6,16411,98.204027332648,0.9923011120615911,0.9933936873011989,0.9928470991013022,16240,108,126
Aotus_azarai,Saimiri_sciureus,same-order,8,1,2,879,877,2,0,0,16405,98.61522646187338,0.9919708029197081,0.9979194713009424,0.9949362455005796,16308,34,132
Aotus_azarai,Saimiri_sciureus,same-order,8,1,3,879,877,2,0,0,16405,98.61522646187338,0.9919708029197081,0.9979194713009424,0.9949362455005796,16308,34,132
Aotus_azarai,Saimiri_sciureus,same-order,8,2,1,879,679,200,23,6,16410,98.07110896118031,0.9921698170918212,0.9922305151107305,0.9922001651729728,16219,127,128
Aotus_azarai,Saimiri_sciureus,same-order,8,2,2,879,875,4,0,0,16405,98.61522646187338,0.9919708029197081,0.9979194713009424,0.9949362455005796,16308,34,132
Aotus_azarai,Saimiri_sciureus,same-order,8,2,3,879,875,4,0,0,16405,98.61522646187338,0.9919708029197081,0.9979194713009424,0.9949362455005796,16308,34,132
Aotus_azarai,Varecia_variegata,same-order,2,1,1,227,59,168,41,7,16393,82.29965156794425,0.9448629908660577,0.8781757342917338,0.9102996435109355,14172,1966,827
Aotus_azarai,Varecia_variegata,same-order,2,1,2,227,161,66,25,0,16378,83.32462101411396,0.9447481066842278,0.8896192484187028,0.916355274504168,14346,1780,839
Aotus_azarai,Varecia_variegata,same-order,2,1,3,227,163,64,24,0,16378,83.40593599349481,0.9447989999342062,0.8904874116333871,0.9168395849960096,14360,1766,839
Aotus_azarai,Varecia_variegata,same-order,2,1,4,227,163,64,24,0,16378,83.40593599349481,0.9447989999342062,0.8904874116333871,0.9168395849960096,14360,1766,839
Aotus_azarai,Varecia_variegata,same-order,2,2,1,227,67,160,40,10,16419,82.40579710144928,0.9447693739199787,0.8810586339407462,0.9118024374599102,14215,1919,831
Aotus_azarai,Varecia_variegata,same-order,2,2,2,227,164,63,19,0,16397,83.5915288656803,0.9450311577566415,0.8933465616667701,0.9184623230906542,14407,1720,838
Aotus_azarai,Varecia_variegata,same-order,2,2,3,227,164,63,19,0,16397,83.60313315926894,0.945038368203581,0.8934705772927389,0.9185312679288583,14409,1718,838
Aotus_azarai,Varecia_variegata,same-order,2,2,4,227,164,63,19,0,16397,83.60313315926894,0.945038368203581,0.8934705772927389,0.9185312679288583,14409,1718,838
Aotus_azarai,Varecia_variegata,same-order,3,1,1,340,90,250,29,16,16299,88.33420608599523,0.9447417548226509,0.944330409902345,0.9445360375773789,15182,895,888
Aotus_azarai,Varecia_variegata,same-order,3,1,2,340,292,48,11,0,16289,89.01367471632237,0.9446674488976718,0.9519571846412347,0.948298307606472,15297,772,896
Aotus_azarai,Varecia_variegata,same-order,3,1,3,340,295,45,10,0,16289,89.11841722432354,0.9447288877922398,0.9530773539112577,0.9488847583643122,15315,754,896
Aotus_azarai,Varecia_variegata,same-order,3,1,4,340,296,44,9,0,16289,89.11841722432354,0.9447288877922398,0.9530773539112577,0.9488847583643122,15315,754,896
Aotus_azarai,Varecia_variegata,same-order,3,1,5,340,296,44,9,0,16289,89.11841722432354,0.9447288877922398,0.9530773539112577,0.9488847583643122,15315,754,896
Aotus_azarai,Varecia_variegata,same-order,2,0,1,227,64,163,45,8,16416,81.89995357474466,0.9453412820684574,0.8739240819865007,0.9082309028895038,14113,2036,816
Aotus_azarai,Varecia_variegata,same-order,2,0,2,227,160,67,28,0,16386,83.61407992565056,0.9454844006568145,0.8921599008366904,0.9180484693877551,14395,1740,830
Aotus_azarai,Varecia_variegata,same-order,2,0,3,227,170,57,21,0,16380,84.19309864064134,0.9455862203953806,0.8984563883206249,0.9214190349036812,14493,1638,834
Aotus_azarai,Varecia_variegata,same-order,2,0,4,227,171,56,21,0,16379,84.30837157962006,0.9456535905121856,0.8996342446221561,0.922070082917686,14512,1619,834
Aotus_azarai,Varecia_variegata,same-order,2,0,5,227,173,54,20,0,16377,84.38389589263929,0.9455764598658941,0.9005518011036022,0.9225150841536994,14525,1604,836
Aotus_azarai,Varecia_variegata,same-order,2,0,6,227,173,54,20,0,16377,84.38389589263929,0.9455764598658941,0.9005518011036022,0.9225150841536994,14525,1604,836
Aotus_azarai,Varecia_variegata,same-order,3,0,1,340,72,268,32,11,16374,84.78816018572257,0.9446492078887812,0.9068843503631511,0.9253816431240895,14609,1500,856
Aotus_azarai,Varecia_variegata,same-order,3,0,2,340,243,97,16,0,16365,85.79555349161201,0.9448919575501854,0.9178413960131653,0.9311702630335486,14780,1323,862
Aotus_azarai,Varecia_variegata,same-order,3,0,3,340,258,82,14,0,16359,86.15884811890386,0.9449219993632602,0.9217391304347826,0.9331866058795787,14840,1260,865
Aotus_azarai,Varecia_variegata,same-order,3,0,4,340,259,81,14,0,16359,86.2401300510915,0.944971054138304,0.922608695652174,0.9336559917030706,14854,1246,865
Aotus_azarai,Varecia_variegata,same-order,3,0,5,340,261,79,14,0,16359,86.33302368787739,0.9450270098506515,0.9236024844720497,0.9341919271242343,14870,1230,865
Aotus_azarai,Varecia_variegata,same-order,3,0,6,340,263,77,14,0,16359,86.33302368787739,0.9450270098506515,0.9236024844720497,0.9341919271242343,14870,1230,865
Aotus_azarai,Varecia_variegata,same-order,3,2,1,340,95,245,37,14,16371,86.0401671697237,0.945344387755102,0.9202259746709709,0.9326160815402038,14823,1285,857
Aotus_azarai,Varecia_variegata,same-order,3,2,2,340,273,67,14,0,16338,87.30167954902075,0.9453149581524133,0.9332753479125249,0.9392565729827742,15022,1074,869
Aotus_azarai,Varecia_variegata,same-order,3,2,3,340,279,61,11,0,16337,87.51598279669882,0.9454385634457211,0.9355119284294234,0.9404490522436998,15058,1038,869
Aotus_azarai,Varecia_variegata,same-order,3,2,4,340,280,60,11,0,16336,87.59081662307469,0.945479641131815,0.9362574552683897,0.9408459497424692,15070,1026,869
Aotus_azarai,Varecia_variegata,same-order,3,2,5,340,281,59,11,0,16333,87.70124963673351,0.9453668316521521,0.937612626607842,0.9414737630248955,15089,1004,872
Aotus_azarai,Varecia_variegata,same-order,3,2,6,340,281,59,11,0,16333,87.70124963673351,0.9453668316521521,0.937612626607842,0.9414737630248955,15089,1004,872
Aotus_azarai,Varecia_variegata,same-order,4,0,1,453,111,342,32,16,16343,87.22093023255815,0.9459612838136074,0.9313384653588279,0.9385929239528263,15002,1106,857
Aotus_azarai,Varecia_variegata,same-order,4,0,2,453,377,76,9,0,16323,88.13914257460299,0.9458177278401998,0.9412934087096975,0.9435501447831367,15152,945,868
Aotus_azarai,Varecia_variegata,same-order,4,0,3,453,379,74,8,0,16322,88.14426992437464,0.9458177278401998,0.9412934087096975,0.9435501447831367,15152,945,868
Aotus_azarai,Varecia_variegata,same-order,4,0,4,453,379,74,8,0,16322,88.14426992437464,0.9458177278401998,0.9412934087096975,0.9435501447831367,15152,945,868
Aotus_azarai,Varecia_variegata,same-order,4,1,1,453,116,337,24,13,16287,90.02970124046357,0.9459095637275898,0.9613208133822524,0.9535529237601776,15459,622,884
Aotus_azarai,Varecia_variegata,same-order,4,1,2,453,398,55,6,0,16274,90.63956197576887,0.9456700091157703,0.9682658204218779,0.9568345323741007,15561,510,894
Aotus_azarai,Varecia_variegata,same-order,4,1,3,453,401,52,4,0,16274,90.68616029822927,0.9456964101318107,0.9687636114740837,0.9570910432163274,15569,502,894
Aotus_azarai,Varecia_variegata,same-order,4,1,4,453,401,52,4,0,16274,90.68616029822927,0.9456964101318107,0.9687636114740837,0.9570910432163274,15569,502,894
Aotus_azarai,Varecia_variegata,same-order,5,0,1,566,158,408,21,13,16243,89.62841976316864,0.944666461727636,0.9564270152505446,0.9505103618929787,15365,700,900
Aotus_azarai,Varecia_variegata,same-order,5,0,2,566,475,91,6,0,16237,90.20420070011669,0.9448178929357125,0.9625824928402441,0.9536174674643805,15461,601,903
Aotus_azarai,Varecia_variegata,same-order,5,0,3,566,479,87,6,0,16237,90.2100350058343,0.9448212648945922,0.9626447515875981,0.9536497363308355,15462,600,903
Aotus_azarai,Varecia_variegata,same-order,5,0,4,566,479,87,6,0,16237,90.2100350058343,0.9448212648945922,0.9626447515875981,0.9536497363308355,15462,600,903
Aotus_azarai,Varecia_variegata,same-order,5,2,1,566,162,404,28,15,16319,88.80618712566145,0.9456346749226007,0.9493379747622304,0.9474827062071534,15272,815,878
Aotus_azarai,Varecia_variegata,same-order,5,2,2,566,488,78,6,0,16309,89.33806421591437,0.9456347740426055,0.9550429051113045,0.9503155550055686,15359,723,883
Aotus_azarai,Varecia_variegata,same-order,5,2,3,566,492,74,5,0,16304,89.41306497585946,0.9454422438184279,0.9560268690135589,0.9507050964868877,15371,707,887
Aotus_azarai,Varecia_variegata,same-order,5,2,4,566,492,74,5,0,16304,89.41306497585946,0.9454422438184279,0.9560268690135589,0.9507050964868877,15371,707,887
Aotus_azarai,Varecia_variegata,same-order,4,2,1,453,117,336,25,11,16348,87.2195745670115,0.9459186889379136,0.9317067113677283,0.9387589140497935,15007,1100,858
Aotus_azarai,Varecia_variegata,same-order,4,2,2,453,377,76,9,0,16324,88.44878729715582,0.9459442647424733,0.9447688866799204,0.9453562103692652,15207,889,869
Aotus_azarai,Varecia_variegata,same-order,4,2,3,453,385,68,5,0,16317,88.75509016870274,0.9458772473651581,0.9481108625403928,0.9469927378809508,15257,835,873
Aotus_azarai,Varecia_variegata,same-order,4,2,4,453,389,64,5,0,16314,89.02850494473532,0.9458590852904821,0.9512089004910187,0.9485264495336082,15304,785,876
Aotus_azarai,Varecia_variegata,same-order,4,2,5,453,396,57,5,0,16312,89.19076153353889,0.945890918065153,0.9529462953754351,0.9494054991330195,15331,757,877
Aotus_azarai,Varecia_variegata,same-order,4,2,6,453,397,56,5,0,16312,89.28384431904125,0.9459442800788954,0.9539408254599702,0.9499257241891558,15347,741,877
Aotus_azarai,Varecia_variegata,same-order,7,1,1,792,205,587,23,15,16257,91.31574349117595,0.9450271247739602,0.9766398803961877,0.960573476702509,15678,375,912
Aotus_azarai,Varecia_variegata,same-order,7,1,2,792,728,64,1,0,16242,91.60060620191187,0.9450357808647544,0.9790667248146533,0.9617503059975521,15715,336,914
Aotus_azarai,Varecia_variegata,same-order,7,1,3,792,728,64,1,0,16242,91.60060620191187,0.9450357808647544,0.9790667248146533,0.9617503059975521,15715,336,914
Aotus_azarai,Varecia_variegata,same-order,5,1,1,566,135,431,23,12,16268,89.82873121286264,0.9449687461698738,0.9597311259102508,0.952292728114868,15420,647,898
Aotus_azarai,Varecia_variegata,same-order,5,1,2,566,491,75,5,0,16257,90.51920051279063,0.9450054751186275,0.9671875972853496,0.955967875934644,15534,527,904
Aotus_azarai,Varecia_variegata,same-order,5,1,3,566,501,65,3,0,16251,90.82643664762793,0.9450003031956825,0.9704820027400672,0.9575716611877477,15584,474,907
Aotus_azarai,Varecia_variegata,same-order,5,1,4,566,503,63,3,0,16251,90.9721412752069,0.9450835553402761,0.9720388591356334,0.9583717074967766,15609,449,907
Aotus_azarai,Varecia_variegata,same-order,5,1,5,566,508,58,3,0,16250,91.10618953257955,0.9451027811366385,0.973531792987482,0.959106666257631,15632,425,908
Aotus_azarai,Varecia_variegata,same-order,5,1,6,566,510,56,3,0,16250,91.15281501340482,0.9451293207638385,0.9740300180606589,0.9593620610335838,15640,417,908
Aotus_azarai,Varecia_variegata,same-order,7,2,1,792,208,584,20,15,16256,91.26026918370914,0.9452625226312613,0.9754016689500561,0.9600956233909526,15663,395,907
Aotus_azarai,Varecia_variegata,same-order,7,2,2,792,721,71,1,0,16250,91.4267397132533,0.9452847243145526,0.9769570903655727,0.9608599779492834,15687,370,908
Aotus_azarai,Varecia_variegata,same-order,7,2,3,792,721,71,1,0,16250,91.4267397132533,0.9452847243145526,0.9769570903655727,0.9608599779492834,15687,370,908
Varecia_variegata,Homo_sapiens,same-order,1,0,1,111,23,88,45,5,16880,71.99435028248588,0.939541399395414,0.8091307384595847,0.8694732532751093,12743,3006,820
Varecia_variegata,Homo_sapiens,same-order,1,0,2,111,54,57,35,0,16880,72.22598870056497,0.9397236107027345,0.8117340783541812,0.8710523626205158,12784,2965,820
Varecia_variegata,Homo_sapiens,same-order,1,0,3,111,55,56,34,0,16878,72.37853107344633,0.9397051272647253,0.8135517876420906,0.8720898570456093,12811,2936,822
Varecia_variegata,Homo_sapiens,same-order,1,0,4,111,55,56,34,0,16878,72.37853107344633,0.9397051272647253,0.8135517876420906,0.8720898570456093,12811,2936,822
Varecia_variegata,Homo_sapiens,same-order,1,2,1,111,17,94,40,3,16913,71.10596736859934,0.9402762224710713,0.798719005643985,0.8637361130160472,12595,3174,800
Varecia_variegata,Homo_sapiens,same-order,1,2,2,111,40,71,34,0,16913,71.58019533675831,0.9406484160546035,0.8040459128670175,0.8669994529540481,12679,3090,800
Varecia_variegata,Homo_sapiens,same-order,1,2,3,111,41,70,33,0,16913,71.66487890250099,0.9407143915814437,0.804997146299702,0.8675802207565869,12694,3075,800
Varecia_variegata,Homo_sapiens,same-order,1,2,4,111,41,70,33,0,16913,71.66487890250099,0.9407143915814437,0.804997146299702,0.8675802207565869,12694,3075,800
Varecia_variegata,Homo_sapiens,same-order,1,1,1,111,25,86,44,3,16939,70.98629673490103,0.9406665670303392,0.7979714738510301,0.86346331927153,12588,3187,794
Varecia_variegata,Homo_sapiens,same-order,1,1,2,111,47,64,34,0,16936,71.85314685314685,0.9411981975326882,0.8077727762632346,0.869396110542477,12741,3032,796
Varecia_variegata,Homo_sapiens,same-order,1,1,3,111,48,63,33,0,16933,71.99503638107056,0.9412979351032449,0.8092309643060926,0.8702826168479187,12764,3009,796
Varecia_variegata,Homo_sapiens,same-order,1,1,4,111,48,63,33,0,16933,71.99503638107056,0.9412979351032449,0.8092309643060926,0.8702826168479187,12764,3009,796
Aotus_azarai,Varecia_variegata,same-order,8,1,1,905,237,668,18,13,16254,91.2369632348657,0.9451352003862868,0.9752740408570005,0.9599681216282492,15659,397,909
Aotus_azarai,Varecia_variegata,same-order,8,1,2,905,816,89,1,0,16248,91.32715509704494,0.9451682953311618,0.975896860986547,0.9602868174296746,15669,387,909
Aotus_azarai,Varecia_variegata,same-order,8,1,3,905,816,89,1,0,16248,91.32715509704494,0.9451682953311618,0.975896860986547,0.9602868174296746,15669,387,909
Aotus_azarai,Varecia_variegata,same-order,8,2,1,905,234,671,19,13,16179,92.73938968782883,0.944791852778274,0.9891507669285448,0.966462578817509,15864,174,927
Aotus_azarai,Varecia_variegata,same-order,8,2,2,905,843,62,2,0,16174,92.86090159621119,0.944738564035453,0.9903966076328261,0.9670289524157458,15882,154,929
Aotus_azarai,Varecia_variegata,same-order,8,2,3,905,843,62,2,0,16174,92.86090159621119,0.944738564035453,0.9903966076328261,0.9670289524157458,15882,154,929
Aotus_azarai,Varecia_variegata,same-order,6,0,1,679,185,494,19,12,16319,88.28593032047927,0.9455553479100479,0.9433223541109937,0.944437531110005,15179,912,874
Aotus_azarai,Varecia_variegata,same-order,6,0,2,679,556,123,3,0,16312,88.731165280121,0.9456258912517825,0.9480358030830432,0.9468293137163608,15252,836,877
Aotus_azarai,Varecia_variegata,same-order,6,0,3,679,566,113,2,0,16301,89.05959031657356,0.9454500525112745,0.9516229324710856,0.948526449533608,15304,778,883
Aotus_azarai,Varecia_variegata,same-order,6,0,4,679,569,110,2,0,16298,89.24581005586592,0.9453828134631981,0.9537906586230487,0.9495681248258567,15336,743,886
Aotus_azarai,Varecia_variegata,same-order,6,0,5,679,573,106,2,0,16297,89.40875232774674,0.9454187434619408,0.9555914914790397,0.9504778990998793,15364,714,887
Aotus_azarai,Varecia_variegata,same-order,6,0,6,679,575,104,2,0,16297,89.49022346368714,0.9454657239471257,0.9564622465480781,0.9509321955291716,15378,700,887
Aotus_azarai,Varecia_variegata,same-order,6,1,1,679,178,501,20,12,16322,88.1956155143339,0.945455678843037,0.9426351771286513,0.944043321299639,15167,923,875
Aotus_azarai,Varecia_variegata,same-order,6,1,2,679,551,128,5,0,16309,88.97679018090861,0.945481518111015,0.9510663433439035,0.9482657078205883,15296,787,882
Aotus_azarai,Varecia_variegata,same-order,6,1,3,679,567,112,4,1,16281,90.05762849991268,0.9451402040442299,0.9629053339142342,0.9539400665926749,15471,596,898
Aotus_azarai,Varecia_variegata,same-order,6,1,4,679,587,92,3,0,16281,90.1740497118575,0.9452071511379584,0.9641501213667766,0.9545846684742421,15491,576,898
Aotus_azarai,Varecia_variegata,same-order,6,1,5,679,593,86,3,0,16280,90.31375516619129,0.9452296819787986,0.9657039711191335,0.9553571428571429,15515,551,899
Aotus_azarai,Varecia_variegata,same-order,6,1,6,679,594,85,3,0,16280,90.3603236509692,0.9452563634149312,0.9662019170919955,0.9556143806944103,15523,543,899
Aotus_azarai,Varecia_variegata,same-order,6,2,1,679,193,486,23,12,16274,89.84274898078043,0.9451047665727239,0.9599850644097331,0.9524868018894138,15426,643,896
Aotus_azarai,Varecia_variegata,same-order,6,2,2,679,587,92,4,0,16262,90.31807060468368,0.9449049244271087,0.9653197185729406,0.9550032338538298,15504,557,904
Aotus_azarai,Varecia_variegata,same-order,6,2,3,679,592,87,3,0,16256,90.56109071840588,0.9448632218844984,0.967928758251339,0.9562569213732005,15543,515,907
Aotus_azarai,Varecia_variegata,same-order,6,2,4,679,600,79,3,0,16256,90.69509992425567,0.9449402051842409,0.9693610661352596,0.9569948664350927,15566,492,907
Aotus_azarai,Varecia_variegata,same-order,6,2,5,679,602,77,3,0,16255,90.8232826428946,0.9449563530552861,0.9707915550850097,0.9576997511750068,15588,469,908
Aotus_azarai,Varecia_variegata,same-order,6,2,6,679,605,74,3,0,16255,90.98059779758783,0.9450462990982267,0.9724730647069814,0.9585635359116021,15615,442,908
Aotus_azarai,Varecia_variegata,same-order,7,0,1,792,201,591,20,12,16270,90.45954918748907,0.9452830188679245,0.9666998630648574,0.9558714918759231,15531,535,899
Aotus_azarai,Varecia_variegata,same-order,7,0,2,792,706,86,2,0,16258,90.86300332148477,0.9452594568380214,0.9708006474909725,0.957859819399226,15593,469,903
Aotus_azarai,Varecia_variegata,same-order,7,0,3,792,713,79,1,0,16253,90.98379764541322,0.9452046500363284,0.9720423412204234,0.9584356581532416,15611,449,905
Aotus_azarai,Varecia_variegata,same-order,7,0,4,792,716,76,1,0,16253,91.12950227299218,0.9452874675049876,0.9735990037359901,0.959234379313518,15636,424,905
Aotus_azarai,Varecia_variegata,same-order,7,0,5,792,719,73,1,0,16252,91.26355053036484,0.9453063688499849,0.9750918488075223,0.9599681216282492,15659,400,906
Aotus_azarai,Varecia_variegata,same-order,7,0,6,792,722,70,1,0,16252,91.38594241753118,0.9453756179910768,0.9763995267451273,0.960637157298208,15680,379,906
Varecia_variegata,Homo_sapiens,same-order,2,0,1,221,40,181,39,10,16841,76.42865225755347,0.9419147897636148,0.8584138281647179,0.8982278817701234,13508,2228,833
Varecia_variegata,Homo_sapiens,same-order,2,0,2,221,130,91,24,0,16819,77.08864344378362,0.9421293091513222,0.8650607004385686,0.9019516882600485,13610,2123,836
Varecia_variegata,Homo_sapiens,same-order,2,0,3,221,137,84,22,0,16816,77.50963063675505,0.9424163107866097,0.8696370685819614,0.9045651383425342,13682,2051,836
Varecia_variegata,Homo_sapiens,same-order,2,0,4,221,137,84,22,0,16816,77.50963063675505,0.9424163107866097,0.8696370685819614,0.9045651383425342,13682,2051,836
Varecia_variegata,Homo_sapiens,same-order,2,2,1,221,48,173,43,11,16817,76.50189683483381,0.9412051549982584,0.8592050874403816,0.8983377659574467,13511,2214,844
Varecia_variegata,Homo_sapiens,same-order,2,2,2,221,140,81,25,0,16808,77.40199410831634,0.9418211897704556,0.8688712241653418,0.9038766869542206,13663,2062,844
Varecia_variegata,Homo_sapiens,same-order,2,2,3,221,142,79,24,0,16786,77.6077097505669,0.9412816281628162,0.8711422208081451,0.9048547539575003,13690,2025,854
Varecia_variegata,Homo_sapiens,same-order,2,2,4,221,143,78,23,0,16786,77.64172335600907,0.9413058419243986,0.8715240216353802,0.9050718651908145,13696,2019,854
Varecia_variegata,Homo_sapiens,same-order,2,2,5,221,143,78,23,0,16786,77.64172335600907,0.9413058419243986,0.8715240216353802,0.9050718651908145,13696,2019,854
Varecia_variegata,Homo_sapiens,same-order,3,0,1,332,49,283,31,13,16734,82.07166789709808,0.9429112024531872,0.9208614757232063,0.9317559072886109,14452,1242,875
Varecia_variegata,Homo_sapiens,same-order,3,0,2,332,258,74,15,0,16728,82.77096114519428,0.9432899592153816,0.9285031542726057,0.9358381502890174,14571,1122,876
Varecia_variegata,Homo_sapiens,same-order,3,0,3,332,263,69,13,0,16726,82.9811406498523,0.9433036290843342,0.9309795424128481,0.9371010680950699,14608,1083,878
Varecia_variegata,Homo_sapiens,same-order,3,0,4,332,263,69,13,0,16726,82.9811406498523,0.9433036290843342,0.9309795424128481,0.9371010680950699,14608,1083,878
Varecia_variegata,Homo_sapiens,same-order,2,1,1,221,28,193,36,12,16821,78.06962921030286,0.9423300307482063,0.8770111287758346,0.908498023715415,13791,1934,844
Varecia_variegata,Homo_sapiens,same-order,2,1,2,221,138,83,22,0,16811,78.50387904184835,0.9423560600910883,0.881814133960944,0.9110804416403785,13863,1858,848
Varecia_variegata,Homo_sapiens,same-order,2,1,3,221,145,76,19,0,16809,78.8865605708784,0.9426135210123842,0.8860123401819223,0.9134369466850285,13929,1792,848
Varecia_variegata,Homo_sapiens,same-order,2,1,4,221,151,70,19,0,16809,78.914877952087,0.9426329319442566,0.8863303861077539,0.9136150542569584,13934,1787,848
Varecia_variegata,Homo_sapiens,same-order,2,1,5,221,151,70,19,0,16809,78.914877952087,0.9426329319442566,0.8863303861077539,0.9136150542569584,13934,1787,848
Varecia_variegata,Homo_sapiens,same-order,4,0,1,442,83,359,25,14,16663,86.21592396562518,0.9434514541944323,0.9673073239256752,0.9552304685036889,15149,512,908
Varecia_variegata,Homo_sapiens,same-order,4,0,2,442,406,36,9,0,16649,86.81662870159454,0.943612280267393,0.9736237067313833,0.958383101779091,15245,413,911
Varecia_variegata,Homo_sapiens,same-order,4,0,3,442,412,30,6,0,16644,87.08207552543145,0.9436489322305888,0.9765585079202862,0.9598217088329463,15289,367,913
Varecia_variegata,Homo_sapiens,same-order,4,0,4,442,412,30,6,0,16644,87.08207552543145,0.9436489322305888,0.9765585079202862,0.9598217088329463,15289,367,913
Aotus_azarai,Varecia_variegata,same-order,8,0,1,905,222,683,18,13,16257,90.54888707609835,0.944968075402858,0.9676214196762142,0.9561605906783572,15540,520,905
Aotus_azarai,Varecia_variegata,same-order,8,0,2,905,782,123,2,0,16253,90.92074592074592,0.9450602701556726,0.9716029393448748,0.9581478183437222,15602,456,907
Aotus_azarai,Varecia_variegata,same-order,8,0,3,905,790,115,1,0,16248,91.06487148102815,0.945019052803484,0.9730941704035875,0.9588511460922398,15624,432,909
Aotus_azarai,Varecia_variegata,same-order,8,0,4,905,800,105,1,0,16248,91.2047560762371,0.9450987497735097,0.9745889387144993,0.9596173305123723,15648,408,909
Aotus_azarai,Varecia_variegata,same-order,8,0,5,905,806,99,1,0,16246,91.3154980474442,0.9450476535167089,0.9758938582284788,0.9602230938955626,15667,387,911
Aotus_azarai,Varecia_variegata,same-order,8,0,6,905,808,97,1,0,16246,91.46703969225389,0.9451337027222356,0.9775133923009842,0.9610508910527283,15693,361,911
Varecia_variegata,Homo_sapiens,same-order,3,2,1,332,60,272,35,14,16734,82.3536087153881,0.9422227992729161,0.9256967918872377,0.9338866904738924,14514,1165,890
Varecia_variegata,Homo_sapiens,same-order,3,2,2,332,266,66,17,0,16722,83.26899057567844,0.9426698373931487,0.9355744083689481,0.9391087207068767,14667,1010,892
Varecia_variegata,Homo_sapiens,same-order,3,2,3,332,274,58,13,0,16719,83.72040202146385,0.9429521616781785,0.9404860623843848,0.9417174975249897,14744,933,892
Varecia_variegata,Homo_sapiens,same-order,3,2,4,332,276,56,13,0,16719,83.72040202146385,0.9429521616781785,0.9404860623843848,0.9417174975249897,14744,933,892
Varecia_variegata,Homo_sapiens,same-order,3,2,5,332,276,56,13,0,16719,83.72040202146385,0.9429521616781785,0.9404860623843848,0.9417174975249897,14744,933,892
Varecia_variegata,Homo_sapiens,same-order,3,1,1,332,62,270,34,14,16789,80.49070716228468,0.9429766330323951,0.9042011457670274,0.9231819068044452,14205,1505,859
Varecia_variegata,Homo_sapiens,same-order,3,1,2,332,242,90,14,0,16779,81.29357746159515,0.943300664342564,0.9130324059336602,0.9279197670656746,14341,1366,862
Varecia_variegata,Homo_sapiens,same-order,3,1,3,332,245,87,12,0,16776,81.68471175103453,0.9433715220949264,0.9176006113092205,0.9303076277478292,14410,1294,865
Varecia_variegata,Homo_sapiens,same-order,3,1,4,332,248,84,12,0,16776,81.84343291196645,0.9434751355943279,0.9193835965359144,0.9312735833843971,14438,1266,865
Varecia_variegata,Homo_sapiens,same-order,3,1,5,332,252,80,12,0,16775,81.94444444444444,0.9435378590078329,0.9204661232806928,0.9318592057761733,14455,1249,865
Varecia_variegata,Homo_sapiens,same-order,3,1,6,332,254,78,12,0,16775,81.94444444444444,0.9435378590078329,0.9204661232806928,0.9318592057761733,14455,1249,865
Varecia_variegata,Homo_sapiens,same-order,5,1,1,553,85,468,22,13,16698,85.1847640704946,0.9438145628621819,0.9557951138610704,0.9497670585998161,14984,693,892
Varecia_variegata,Homo_sapiens,same-order,5,1,2,553,476,77,6,0,16691,85.61110163225842,0.944057698338037,0.9601964661606175,0.9520586933147808,15053,624,892
Varecia_variegata,Homo_sapiens,same-order,5,1,3,553,478,75,6,0,16691,85.65091281351305,0.9440822467402207,0.9606429801620208,0.9522906193683012,15060,617,892
Varecia_variegata,Homo_sapiens,same-order,5,1,4,553,478,75,6,0,16691,85.65091281351305,0.9440822467402207,0.9606429801620208,0.9522906193683012,15060,617,892
Varecia_variegata,Homo_sapiens,same-order,4,1,1,442,90,352,24,13,16704,84.1129994884329,0.9433288710397144,0.94375,0.943539388529346,14798,882,889
Varecia_variegata,Homo_sapiens,same-order,4,1,2,442,376,66,6,0,16700,84.92808005003127,0.9438301636444051,0.9526785714285714,0.9482337258387025,14938,742,889
Varecia_variegata,Homo_sapiens,same-order,4,1,3,442,380,62,6,0,16700,85.21234862698277,0.9440070542293885,0.9558673469387755,0.9499001806255347,14988,692,889
Varecia_variegata,Homo_sapiens,same-order,4,1,4,442,386,56,6,0,16699,85.37070730043212,0.9441021126760564,0.9575892857142857,0.9507978723404256,15015,665,889
Varecia_variegata,Homo_sapiens,same-order,4,1,5,442,386,56,6,0,16699,85.37070730043212,0.9441021126760564,0.9575892857142857,0.9507978723404256,15015,665,889
Varecia_variegata,Homo_sapiens,same-order,4,2,1,442,96,346,29,16,16717,83.81325609132732,0.94312008691762,0.9411952292875821,0.9421566749664816,14757,922,890
Varecia_variegata,Homo_sapiens,same-order,4,2,2,442,375,67,9,0,16712,84.39381888421771,0.9434741187678628,0.9474456279099432,0.9454557026476578,14855,824,890
Varecia_variegata,Homo_sapiens,same-order,4,2,3,442,382,60,7,0,16702,84.7155118513045,0.9435897435897436,0.9506314580941446,0.9470975121532742,14904,774,891
Varecia_variegata,Homo_sapiens,same-order,4,2,4,442,384,58,7,0,16701,84.81696225557072,0.9436503921072603,0.951715780073989,0.9476659256906954,14921,757,891
Varecia_variegata,Homo_sapiens,same-order,4,2,5,442,385,57,7,0,16701,84.81696225557072,0.9436503921072603,0.951715780073989,0.9476659256906954,14921,757,891
Varecia_variegata,Homo_sapiens,same-order,4,2,6,442,385,57,7,0,16701,84.81696225557072,0.9436503921072603,0.951715780073989,0.9476659256906954,14921,757,891
Varecia_variegata,Homo_sapiens,same-order,5,0,1,553,96,457,19,11,16713,84.63679218492645,0.9434033932641175,0.9506858054226476,0.9470305995996314,14902,773,894
Varecia_variegata,Homo_sapiens,same-order,5,0,2,553,457,96,7,0,16704,85.12330946698488,0.9436814917475117,0.9556618819776714,0.9496339028178389,14980,695,894
Varecia_variegata,Homo_sapiens,same-order,5,0,3,553,466,87,7,0,16694,85.49093183239525,0.9438237509415014,0.9593594487686615,0.9515281908498386,15037,637,895
Varecia_variegata,Homo_sapiens,same-order,5,0,4,553,472,81,6,0,16685,85.85404698253797,0.9439649781113195,0.9630574873987111,0.9534156586552127,15094,579,896
Varecia_variegata,Homo_sapiens,same-order,5,0,5,553,475,78,5,0,16679,85.93776665339325,0.9437745986131068,0.9641330014678665,0.9538451824725345,15107,562,900
Varecia_variegata,Homo_sapiens,same-order,5,0,6,553,479,74,5,0,16677,86.04016155640252,0.9437199725463281,0.965404991383162,0.9544393260554048,15125,542,902
Varecia_variegata,Homo_sapiens,same-order,6,1,1,663,104,559,17,11,16699,84.74085019322574,0.9432565789473685,0.9514420622766717,0.9473316391359594,14911,761,897
Varecia_variegata,Homo_sapiens,same-order,6,1,2,663,557,106,6,0,16687,85.33977822007392,0.943539767368752,0.9576287409865356,0.9505320496579681,15007,664,898
Varecia_variegata,Homo_sapiens,same-order,6,1,3,663,564,99,5,0,16687,85.41370486209838,0.943585877622817,0.9584582987684258,0.9509639431447656,15020,651,898
Varecia_variegata,Homo_sapiens,same-order,6,1,4,663,564,99,5,0,16687,85.41370486209838,0.943585877622817,0.9584582987684258,0.9509639431447656,15020,651,898
Varecia_variegata,Homo_sapiens,same-order,7,1,1,774,135,639,12,11,16621,88.10758447774802,0.9433801098230629,0.9885557189438016,0.9654397302613094,15462,179,928
Varecia_variegata,Homo_sapiens,same-order,7,1,2,774,732,42,2,0,16619,88.12902490454209,0.9433870180575891,0.988683588005882,0.9655043236662192,15464,177,928
Varecia_variegata,Homo_sapiens,same-order,7,1,3,774,732,42,2,0,16619,88.12902490454209,0.9433870180575891,0.988683588005882,0.9655043236662192,15464,177,928
Varecia_variegata,Gorilla_gorilla,same-order,1,1,1,110,30,80,44,3,16913,75.07704832238181,0.978476695718075,0.8029228855721393,0.8820495303159692,12911,3169,284
Varecia_variegata,Gorilla_gorilla,same-order,1,1,2,110,47,63,35,0,16911,75.472466127813,0.9784395024500565,0.8072521457892773,0.8846402889956719,12979,3099,286
Varecia_variegata,Gorilla_gorilla,same-order,1,1,3,110,47,63,35,0,16911,75.472466127813,0.9784395024500565,0.8072521457892773,0.8846402889956719,12979,3099,286
Varecia_variegata,Gorilla_gorilla,same-order,1,0,1,110,21,89,40,6,16900,75.95231171852282,0.9779108947959566,0.8127450370278175,0.8877107123436649,13060,3009,295
Varecia_variegata,Gorilla_gorilla,same-order,1,0,2,110,56,54,30,0,16888,76.56095432062845,0.9779247807343541,0.8188834256550694,0.891365468649436,13157,2910,297
Varecia_variegata,Gorilla_gorilla,same-order,1,0,3,110,57,53,30,0,16888,76.56095432062845,0.9779247807343541,0.8188834256550694,0.891365468649436,13157,2910,297
Varecia_variegata,Gorilla_gorilla,same-order,1,0,4,110,57,53,30,0,16888,76.56095432062845,0.9779247807343541,0.8188834256550694,0.891365468649436,13157,2910,297
Varecia_variegata,Homo_sapiens,same-order,6,0,1,663,124,539,18,13,16686,85.87840527782517,0.9439269863099331,0.9635017866258295,0.9536139442356879,15100,572,897
Varecia_variegata,Homo_sapiens,same-order,6,0,2,663,583,80,4,0,16682,86.34734626543035,0.9442025379447624,0.9685426237876468,0.9562177145017009,15179,493,897
Varecia_variegata,Homo_sapiens,same-order,6,0,3,663,595,68,3,0,16673,86.67121962324285,0.9443169839399764,0.9717950354157361,0.9578589848418139,15229,442,898
Varecia_variegata,Homo_sapiens,same-order,6,0,4,663,600,63,3,0,16667,86.76646365757868,0.9441347702217268,0.9730005744558626,0.9583503599157577,15244,423,902
Varecia_variegata,Homo_sapiens,same-order,6,0,5,663,602,61,3,0,16665,86.81199840628379,0.9440455558306512,0.9736354931375678,0.9586122372018478,15252,413,904
Varecia_variegata,Homo_sapiens,same-order,6,0,6,663,602,61,3,0,16665,86.81199840628379,0.9440455558306512,0.9736354931375678,0.9586122372018478,15252,413,904
Varecia_variegata,Homo_sapiens,same-order,5,2,1,553,106,447,23,12,16713,84.58480063614677,0.9434273044029141,0.9499872416432763,0.9466959092209402,14892,784,893
Varecia_variegata,Homo_sapiens,same-order,5,2,2,553,480,73,8,0,16695,85.48524646085622,0.943879472693032,0.9592344497607656,0.9514950166112957,15036,639,894
Varecia_variegata,Homo_sapiens,same-order,5,2,3,553,492,61,6,0,16694,85.83124857857631,0.9440900562851783,0.9630622009569378,0.9534817621980106,15096,579,894
Varecia_variegata,Homo_sapiens,same-order,5,2,4,553,494,59,6,0,16694,85.94496247441437,0.944159900062461,0.9643381180223285,0.954142338646047,15116,559,894
Varecia_variegata,Homo_sapiens,same-order,5,2,5,553,499,54,6,0,16694,86.00181942233341,0.9441947565543071,0.9649760765550239,0.9544723142451491,15126,549,894
Varecia_variegata,Homo_sapiens,same-order,5,2,6,553,499,54,6,0,16694,86.00181942233341,0.9441947565543071,0.9649760765550239,0.9544723142451491,15126,549,894
Varecia_variegata,Homo_sapiens,same-order,6,2,1,663,133,530,20,15,16632,87.30845912845344,0.9432,0.9796114022753419,0.9610609480812642,15327,319,923
Varecia_variegata,Homo_sapiens,same-order,6,2,2,663,622,41,3,0,16628,87.73859039370976,0.9434505575297145,0.9842132174357663,0.9634009009009009,15399,247,923
Varecia_variegata,Homo_sapiens,same-order,6,2,3,663,624,39,3,0,16628,87.76707879892884,0.9434678752985851,0.984532787933018,0.9635630062865542,15404,242,923
Varecia_variegata,Homo_sapiens,same-order,6,2,4,663,624,39,3,0,16628,87.76707879892884,0.9434678752985851,0.984532787933018,0.9635630062865542,15404,242,923
Varecia_variegata,Homo_sapiens,same-order,8,0,1,884,135,749,14,13,16620,88.14109870070664,0.9433973772491613,0.9888753915990026,0.9656011986515171,15467,174,928
Varecia_variegata,Homo_sapiens,same-order,8,0,2,884,829,55,2,0,16619,88.1575198039551,0.9434042812709642,0.989003260661083,0.9656657718958735,15469,172,928
Varecia_variegata,Homo_sapiens,same-order,8,0,3,884,829,55,2,0,16619,88.1575198039551,0.9434042812709642,0.989003260661083,0.9656657718958735,15469,172,928
Varecia_variegata,Gorilla_gorilla,same-order,1,2,1,110,19,91,49,3,16916,74.86774024766002,0.9783484008204817,0.8009204552521924,0.8807879078038438,12878,3201,285
Varecia_variegata,Gorilla_gorilla,same-order,1,2,2,110,48,62,40,0,16902,75.42614462737798,0.9783428916389979,0.8064315481744107,0.8841078795731188,12965,3112,287
Varecia_variegata,Gorilla_gorilla,same-order,1,2,3,110,49,61,39,0,16901,75.4945310681871,0.9783608535022242,0.8071157554270075,0.8845262440354466,12976,3101,287
Varecia_variegata,Gorilla_gorilla,same-order,1,2,4,110,49,61,39,0,16901,75.4945310681871,0.9783608535022242,0.8071157554270075,0.8845262440354466,12976,3101,287
Varecia_variegata,Gorilla_gorilla,same-order,2,0,1,219,43,176,33,14,16790,83.0979339325318,0.9764092717048416,0.8887640449438202,0.9305274165087248,14238,1782,344
Varecia_variegata,Gorilla_gorilla,same-order,2,0,2,219,169,50,17,0,16778,83.59803807076959,0.9762700306853052,0.8939185814185814,0.9332811837945308,14317,1699,348
Varecia_variegata,Gorilla_gorilla,same-order,2,0,3,219,174,45,15,0,16769,83.84741208085056,0.9762617330975377,0.8962222916016235,0.9345313669954748,14353,1662,349
Varecia_variegata,Gorilla_gorilla,same-order,2,0,4,219,174,45,15,0,16769,83.84741208085056,0.9762617330975377,0.8962222916016235,0.9345313669954748,14353,1662,349
Varecia_variegata,Homo_sapiens,same-order,8,1,1,884,148,736,13,9,16634,87.55196173338648,0.9431358115568642,0.9829305715381664,0.9626220886551464,15375,267,927
Varecia_variegata,Homo_sapiens,same-order,8,1,2,884,822,62,3,0,16629,87.81613123718387,0.9432819383259912,0.9856156501726122,0.9639842431063591,15417,225,927
Varecia_variegata,Homo_sapiens,same-order,8,1,3,884,826,58,3,0,16629,87.90157211209842,0.9433339446176416,0.9865746068277714,0.9644698603168651,15432,210,927
Varecia_variegata,Homo_sapiens,same-order,8,1,4,884,826,58,3,0,16629,87.90157211209842,0.9433339446176416,0.9865746068277714,0.9644698603168651,15432,210,927
Varecia_variegata,Homo_sapiens,same-order,7,0,1,774,154,620,15,12,16633,87.625284738041,0.943177638837808,0.9836977368622938,0.9630116410063838,15387,255,927
Varecia_variegata,Homo_sapiens,same-order,7,0,2,774,709,65,4,0,16622,87.93732193732194,0.9432797506264898,0.9867016175436353,0.9645022186113367,15433,208,928
Varecia_variegata,Homo_sapiens,same-order,7,0,3,774,718,56,3,0,16619,88.11762694477689,0.9433801098230629,0.9885557189438016,0.9654397302613094,15462,179,928
Varecia_variegata,Homo_sapiens,same-order,7,0,4,774,719,55,2,0,16619,88.11762694477689,0.9433801098230629,0.9885557189438016,0.9654397302613094,15462,179,928
Varecia_variegata,Homo_sapiens,same-order,7,0,5,774,719,55,2,0,16619,88.11762694477689,0.9433801098230629,0.9885557189438016,0.9654397302613094,15462,179,928
Varecia_variegata,Gorilla_gorilla,same-order,2,2,1,219,45,174,39,13,16851,80.88321082720803,0.9794433455778468,0.8626267653829404,0.9173310397300605,13865,2208,291
Varecia_variegata,Gorilla_gorilla,same-order,2,2,2,219,140,79,22,0,16839,81.3375350140056,0.9791359325605901,0.8674923756768532,0.9199392779354498,13938,2129,297
Varecia_variegata,Gorilla_gorilla,same-order,2,2,3,219,141,78,21,0,16839,81.43674136321195,0.9791608195341005,0.8685504450115142,0.920544872852007,13955,2112,297
Varecia_variegata,Gorilla_gorilla,same-order,2,2,4,219,141,78,21,0,16839,81.43674136321195,0.9791608195341005,0.8685504450115142,0.920544872852007,13955,2112,297
Varecia_variegata,Gorilla_gorilla,same-order,2,1,1,219,36,183,38,9,16861,78.07181161109816,0.9784498502447221,0.8335304001493559,0.9001949055716109,13394,2675,295
Varecia_variegata,Gorilla_gorilla,same-order,2,1,2,219,112,107,25,0,16840,79.30008748906387,0.9780591324365153,0.8466280590323183,0.9076101468624832,13596,2463,305
Varecia_variegata,Gorilla_gorilla,same-order,2,1,3,219,119,100,22,0,16835,79.66516945692119,0.9779448621553885,0.8505854509217738,0.9098297858165951,13657,2399,308
Varecia_variegata,Gorilla_gorilla,same-order,2,1,4,219,119,100,22,0,16835,79.66516945692119,0.9779448621553885,0.8505854509217738,0.9098297858165951,13657,2399,308
Varecia_variegata,Gorilla_gorilla,same-order,4,1,1,437,80,357,23,12,16767,85.3601496725912,0.9774385753498025,0.9109627503587696,0.9430306161994575,14600,1427,337
Varecia_variegata,Gorilla_gorilla,same-order,4,1,2,437,315,122,8,1,16717,87.84669397308367,0.9757571818536331,0.9388405978362829,0.9569429837141855,15013,978,373
Varecia_variegata,Gorilla_gorilla,same-order,4,1,3,437,356,81,6,0,16710,88.02973542495903,0.9757347693505483,0.9405253283302064,0.9578065789892686,15039,951,374
Varecia_variegata,Gorilla_gorilla,same-order,4,1,4,437,356,81,6,0,16710,88.02973542495903,0.9757347693505483,0.9405253283302064,0.9578065789892686,15039,951,374
Varecia_variegata,Homo_sapiens,same-order,7,2,1,774,130,644,15,11,16679,85.71916249431042,0.9438075549708701,0.9613323124042878,0.9524893314366997,15066,606,897
Varecia_variegata,Homo_sapiens,same-order,7,2,2,774,651,123,4,0,16672,86.09720009105395,0.9438517686692869,0.9655370476737507,0.9545712663259512,15129,540,900
Varecia_variegata,Homo_sapiens,same-order,7,2,3,774,659,115,4,0,16672,86.39312542681539,0.9440333312604937,0.9688557023422043,0.9562834645669291,15181,488,900
Varecia_variegata,Homo_sapiens,same-order,7,2,4,774,669,105,4,0,16671,86.5744692959991,0.9441410129096326,0.9708341310868595,0.9573015323621031,15212,457,900
Varecia_variegata,Homo_sapiens,same-order,7,2,5,774,675,99,4,0,16665,86.65262678581593,0.9439484126984127,0.9718480689435046,0.9576950901141761,15224,441,904
Varecia_variegata,Homo_sapiens,same-order,7,2,6,774,677,97,4,0,16663,86.74938812681428,0.9438905059763424,0.9730575241013855,0.9582521219742219,15241,422,906
Varecia_variegata,Gorilla_gorilla,same-order,3,0,1,328,65,263,30,8,16718,86.15222605745042,0.975167207469704,0.9210081931327788,0.9473142489546479,14726,1263,375
Varecia_variegata,Gorilla_gorilla,same-order,3,0,2,328,276,52,17,0,16686,87.86990917081746,0.9753479901131781,0.9380669377541445,0.9563442711821168,14995,990,379
Varecia_variegata,Gorilla_gorilla,same-order,3,0,3,328,291,37,12,0,16670,88.5891872874399,0.9752130131680867,0.9454317897371715,0.960091509913574,15108,872,384
Varecia_variegata,Gorilla_gorilla,same-order,3,0,4,328,294,34,9,0,16670,88.71818928110707,0.9752481629495939,0.9468085106382979,0.9608179335746492,15130,850,384
Varecia_variegata,Gorilla_gorilla,same-order,3,0,5,328,294,34,9,0,16670,88.71818928110707,0.9752481629495939,0.9468085106382979,0.9608179335746492,15130,850,384
Varecia_variegata,Gorilla_gorilla,same-order,3,2,1,328,65,263,32,15,16721,85.70926760728294,0.976,0.9147713071732066,0.9443942717068765,14640,1364,360
Varecia_variegata,Gorilla_gorilla,same-order,3,2,2,328,260,68,11,0,16707,86.44405389572348,0.975990475560553,0.9221923629773139,0.9483290488431876,14756,1245,363
Varecia_variegata,Gorilla_gorilla,same-order,3,2,3,328,270,58,10,0,16703,86.72213758349936,0.976060146409022,0.9249421911130554,0.9498138878192786,14800,1201,363
Varecia_variegata,Gorilla_gorilla,same-order,3,2,4,328,273,55,8,0,16701,86.87294889826535,0.9760979785342727,0.9264420973689145,0.9506220341156856,14824,1177,363
Varecia_variegata,Gorilla_gorilla,same-order,3,2,5,328,273,55,8,0,16701,86.87294889826535,0.9760979785342727,0.9264420973689145,0.9506220341156856,14824,1177,363
Varecia_variegata,Homo_sapiens,same-order,8,2,1,884,158,726,13,11,16626,87.74498632634457,0.9432841305812458,0.9845298216454644,0.9634657491398186,15401,242,926
Varecia_variegata,Homo_sapiens,same-order,8,2,2,884,818,66,3,0,16620,87.89605653065877,0.9432485322896281,0.9861262067642734,0.9642109211389991,15424,217,928
Varecia_variegata,Homo_sapiens,same-order,8,2,3,884,823,61,3,0,16620,87.98153635741964,0.9433005437771125,0.9870852247298766,0.9646963259185205,15439,202,928
Varecia_variegata,Homo_sapiens,same-order,8,2,4,884,826,58,3,0,16620,87.98153635741964,0.9433005437771125,0.9870852247298766,0.9646963259185205,15439,202,928
Varecia_variegata,Homo_sapiens,same-order,8,2,5,884,826,58,3,0,16620,87.98153635741964,0.9433005437771125,0.9870852247298766,0.9646963259185205,15439,202,928
Varecia_variegata,Gorilla_gorilla,same-order,3,1,1,328,65,263,38,13,16787,83.64677023712183,0.9771440267449001,0.8935055212427475,0.9334549957635404,14322,1707,335
Varecia_variegata,Gorilla_gorilla,same-order,3,1,2,328,245,83,19,1,16758,85.38025369731689,0.976663323303243,0.9120199812675617,0.9432353890862124,14606,1409,349
Varecia_variegata,Gorilla_gorilla,same-order,3,1,3,328,259,69,15,0,16751,85.74519090218091,0.976559898781381,0.9158755933050212,0.9452447710206581,14665,1347,352
Varecia_variegata,Gorilla_gorilla,same-order,3,1,4,328,261,67,14,0,16751,85.74519090218091,0.976559898781381,0.9158755933050212,0.9452447710206581,14665,1347,352
Varecia_variegata,Gorilla_gorilla,same-order,3,1,5,328,261,67,14,0,16751,85.74519090218091,0.976559898781381,0.9158755933050212,0.9452447710206581,14665,1347,352
Varecia_variegata,Gorilla_gorilla,same-order,4,0,1,437,63,374,22,10,16732,86.36682652941865,0.975814445252098,0.9230528816102013,0.9487006520831326,14767,1231,366
Varecia_variegata,Gorilla_gorilla,same-order,4,0,2,437,337,100,8,2,16687,88.66287590128378,0.9759953539394721,0.9457853926963482,0.9606529264187494,15125,867,372
Varecia_variegata,Gorilla_gorilla,same-order,4,0,3,437,357,80,4,0,16678,89.01530702011613,0.9760144042183783,0.9491589018823088,0.9623993405617907,15178,813,373
Varecia_variegata,Gorilla_gorilla,same-order,4,0,4,437,359,78,3,0,16671,89.11117629803461,0.9759686435777164,0.949906191369606,0.9627610686780972,15189,801,374
Varecia_variegata,Gorilla_gorilla,same-order,4,0,5,437,359,78,3,0,16671,89.11117629803461,0.9759686435777164,0.949906191369606,0.9627610686780972,15189,801,374
Varecia_variegata,Gorilla_gorilla,same-order,5,0,1,546,103,443,22,14,16674,88.630233376334,0.9754759599870926,0.9456331331331331,0.9603227548524412,15115,869,380
Varecia_variegata,Gorilla_gorilla,same-order,5,0,2,546,480,66,5,0,16662,89.03490759753593,0.97538402210939,0.9496276828734121,0.9623335447051362,15176,805,383
Varecia_variegata,Gorilla_gorilla,same-order,5,0,3,546,486,60,4,0,16659,89.14510356157953,0.9753482698850869,0.9507509386733417,0.962892543651171,15193,787,384
Varecia_variegata,Gorilla_gorilla,same-order,5,0,4,546,486,60,4,0,16659,89.14510356157953,0.9753482698850869,0.9507509386733417,0.962892543651171,15193,787,384
Varecia_variegata,Gorilla_gorilla,same-order,5,2,1,546,90,456,21,12,16676,89.52676948337536,0.9759013040143186,0.9549634077688122,0.9653188327906168,15267,720,377
Varecia_variegata,Gorilla_gorilla,same-order,5,2,2,546,456,90,3,0,16662,90.01877713883347,0.9758285096367916,0.9597722722722722,0.9677337959312412,15341,643,380
Varecia_variegata,Gorilla_gorilla,same-order,5,2,3,546,459,87,2,0,16662,90.11853068888628,0.975854619392553,0.9608358358358359,0.9682869932538932,15358,626,380
Varecia_variegata,Gorilla_gorilla,same-order,5,2,4,546,459,87,2,0,16662,90.11853068888628,0.975854619392553,0.9608358358358359,0.9682869932538932,15358,626,380
Varecia_variegata,Gorilla_gorilla,same-order,4,2,1,437,77,360,23,16,16662,89.94662443545076,0.9753848110927363,0.9598172372785879,0.9675384081516768,15335,642,387
Varecia_variegata,Gorilla_gorilla,same-order,4,2,2,437,387,50,4,0,16660,90.46809009854529,0.9754601226993865,0.9653855783675513,0.970396703054708,15423,553,388
Varecia_variegata,Gorilla_gorilla,same-order,4,2,3,437,392,45,3,0,16654,90.67652408613507,0.9754465694628542,0.9673865414710485,0.9713998365704947,15454,521,389
Varecia_variegata,Gorilla_gorilla,same-order,4,2,4,437,395,42,2,0,16647,90.7735649724146,0.9753421201992811,0.9682589369561134,0.9717876217404964,15466,507,391
Varecia_variegata,Gorilla_gorilla,same-order,4,2,5,437,395,42,2,0,16646,90.80878037328326,0.9752899646999496,0.968695216629101,0.9719814046990828,15472,500,392
Varecia_variegata,Gorilla_gorilla,same-order,4,2,6,437,395,42,2,0,16645,90.81411046545753,0.9752899646999496,0.968695216629101,0.9719814046990828,15472,500,392
Varecia_variegata,Saimiri_boliviensis,same-order,1,0,1,110,21,89,41,4,16912,74.83582263032487,0.9776040085028849,0.7960558852621167,0.877538503475535,12877,3299,295
Varecia_variegata,Saimiri_boliviensis,same-order,1,0,2,110,42,68,35,0,16912,74.94043121985239,0.9776345716451857,0.7971686449060337,0.8782265204658448,12895,3281,295
Varecia_variegata,Saimiri_boliviensis,same-order,1,0,3,110,42,68,35,0,16912,74.94043121985239,0.9776345716451857,0.7971686449060337,0.8782265204658448,12895,3281,295
Varecia_variegata,Gorilla_gorilla,same-order,5,1,1,546,87,459,20,14,16675,89.0295358649789,0.9750336948847956,0.9509859154929577,0.9628596780327038,15192,783,389
Varecia_variegata,Gorilla_gorilla,same-order,5,1,2,546,473,73,4,0,16670,89.55451348182883,0.9751085014041359,0.9564291974458495,0.965678528538019,15278,696,390
Varecia_variegata,Gorilla_gorilla,same-order,5,1,3,546,481,65,2,0,16665,89.92788884329015,0.9750810501557434,0.9603681442524418,0.9676686748888117,15339,633,392
Varecia_variegata,Gorilla_gorilla,same-order,5,1,4,546,484,62,2,0,16663,89.98651579996482,0.974973003874738,0.96111458985598,0.9679941979629804,15349,621,394
Varecia_variegata,Gorilla_gorilla,same-order,5,1,5,546,485,61,2,0,16660,90.08560037523452,0.974874690692215,0.9622369739478958,0.9685146080872389,15365,603,396
Varecia_variegata,Gorilla_gorilla,same-order,5,1,6,546,488,58,2,0,16657,90.21286577141852,0.9749049429657795,0.9634268537074149,0.9691319138213431,15384,584,396
Varecia_variegata,Gorilla_gorilla,same-order,6,2,1,655,110,545,17,14,16621,91.61040333470322,0.9742757242757243,0.978184553660983,0.9762262262262262,15604,348,412
Varecia_variegata,Gorilla_gorilla,same-order,6,2,2,655,622,33,3,0,16615,91.83697439511393,0.9742695159180114,0.9803774058052787,0.9773139178801326,15638,313,413
Varecia_variegata,Gorilla_gorilla,same-order,6,2,3,655,624,31,2,0,16613,91.93586279807353,0.9742935391510021,0.9813177857187637,0.9777930474435456,15653,298,413
Varecia_variegata,Gorilla_gorilla,same-order,6,2,4,655,624,31,2,0,16613,91.93586279807353,0.9742935391510021,0.9813177857187637,0.9777930474435456,15653,298,413
Varecia_variegata,Gorilla_gorilla,same-order,7,2,1,764,150,614,17,13,16614,91.87125572653589,0.974336613927993,0.9805667001003009,0.9774417296756858,15642,310,412
Varecia_variegata,Gorilla_gorilla,same-order,7,2,2,764,728,36,1,0,16610,91.99906009516536,0.9743063332089088,0.9818193216726224,0.9780483996877438,15661,290,413
Varecia_variegata,Gorilla_gorilla,same-order,7,2,3,764,728,36,1,0,16610,91.99906009516536,0.9743063332089088,0.9818193216726224,0.9780483996877438,15661,290,413
Varecia_variegata,Gorilla_gorilla,same-order,6,1,1,655,118,537,20,10,16644,90.6493811227782,0.9745837537840565,0.9681724202744189,0.971367507936009,15453,508,403
Varecia_variegata,Gorilla_gorilla,same-order,6,1,2,655,599,56,5,0,16632,91.13106767623408,0.9745778670516603,0.9728679741838461,0.9737221699592349,15526,433,405
Varecia_variegata,Gorilla_gorilla,same-order,6,1,3,655,613,42,3,0,16623,91.35004991485114,0.9745645909033955,0.9748088732923925,0.9746867167919799,15556,402,406
Varecia_variegata,Gorilla_gorilla,same-order,6,1,4,655,614,41,2,0,16622,91.47874089734555,0.9745980103860351,0.9761248276726406,0.9753608215146677,15577,381,406
Varecia_variegata,Gorilla_gorilla,same-order,6,1,5,655,614,41,2,0,16622,91.47874089734555,0.9745980103860351,0.9761248276726406,0.9753608215146677,15577,381,406
Varecia_variegata,Gorilla_gorilla,same-order,6,0,1,655,117,538,17,10,16628,91.35461908674728,0.9743348982785602,0.9756174000250721,0.974975727395158,15565,389,410
Varecia_variegata,Gorilla_gorilla,same-order,6,0,2,655,619,36,3,0,16619,91.84380504991192,0.9743957139297283,0.9804425499905974,0.9774097797219186,15641,312,411
Varecia_variegata,Gorilla_gorilla,same-order,6,0,3,655,627,28,2,0,16610,92.08130176819597,0.9743286921929388,0.9826970095918751,0.9784949592683916,15675,276,413
Varecia_variegata,Gorilla_gorilla,same-order,6,0,4,655,629,26,1,0,16610,92.11067379427833,0.9743366681165724,0.9830104695630368,0.978654350268381,15680,271,413
Varecia_variegata,Gorilla_gorilla,same-order,6,0,5,655,629,26,1,0,16610,92.11067379427833,0.9743366681165724,0.9830104695630368,0.978654350268381,15680,271,413
Varecia_variegata,Saimiri_boliviensis,same-order,1,1,1,110,15,95,44,4,16915,74.66008134805345,0.9775562994522216,0.7943249258160238,0.8764665757162347,12849,3327,295
Varecia_variegata,Saimiri_boliviensis,same-order,1,1,2,110,37,73,38,0,16913,74.89250435793143,0.9774761110268466,0.7968962532459503,0.8779972752043597,12889,3285,297
Varecia_variegata,Saimiri_boliviensis,same-order,1,1,3,110,38,72,38,0,16913,75.03195816385822,0.9775170325510977,0.7983801162359342,0.878913694527634,12913,3261,297
Varecia_variegata,Saimiri_boliviensis,same-order,1,1,4,110,38,72,38,0,16913,75.03195816385822,0.9775170325510977,0.7983801162359342,0.878913694527634,12913,3261,297
Varecia_variegata,Saimiri_boliviensis,same-order,1,2,1,110,26,84,45,2,16924,73.88779184574283,0.9774124154886293,0.7864251715398405,0.8715788031377385,12722,3455,294
Varecia_variegata,Saimiri_boliviensis,same-order,1,2,2,110,48,62,38,0,16906,74.90410321980704,0.9772520473157416,0.7969822521798281,0.8779590585510406,12888,3283,300
Varecia_variegata,Saimiri_boliviensis,same-order,1,2,3,110,52,58,35,0,16904,75.20344106021855,0.9773379664601903,0.8000742069136108,0.8798667074705022,12938,3233,300
Varecia_variegata,Saimiri_boliviensis,same-order,1,2,4,110,52,58,35,0,16904,75.20344106021855,0.9773379664601903,0.8000742069136108,0.8798667074705022,12938,3233,300
Varecia_variegata,Gorilla_gorilla,same-order,8,2,1,873,171,702,14,12,16613,92.04745683072947,0.974323904258626,0.9825089336091781,0.9783993007866151,15672,279,413
Varecia_variegata,Gorilla_gorilla,same-order,8,2,2,873,827,46,1,0,16610,92.08130176819597,0.9743286921929388,0.9826970095918751,0.9784949592683916,15675,276,413
Varecia_variegata,Gorilla_gorilla,same-order,8,2,3,873,827,46,1,0,16610,92.08130176819597,0.9743286921929388,0.9826970095918751,0.9784949592683916,15675,276,413
Varecia_variegata,Gorilla_gorilla,same-order,7,0,1,764,151,613,15,11,16626,91.61237307037624,0.9743429677258256,0.9783739735472952,0.9763543100212686,15608,345,411
Varecia_variegata,Gorilla_gorilla,same-order,7,0,2,764,730,34,3,0,16613,91.95935627863268,0.9742999377722464,0.9815685536956931,0.9779207395146936,15657,294,413
Varecia_variegata,Gorilla_gorilla,same-order,7,0,3,764,731,33,2,0,16613,91.95935627863268,0.9742999377722464,0.9815685536956931,0.9779207395146936,15657,294,413
Varecia_variegata,Gorilla_gorilla,same-order,7,0,4,764,731,33,2,0,16613,91.95935627863268,0.9742999377722464,0.9815685536956931,0.9779207395146936,15657,294,413
Varecia_variegata,Gorilla_gorilla,same-order,8,0,1,873,169,704,16,11,16663,89.92370892018779,0.9759872611464968,0.9584662538312378,0.9671474106100293,15323,664,377
Varecia_variegata,Gorilla_gorilla,same-order,8,0,2,873,767,106,3,1,16612,91.98237885462555,0.9743047346481677,0.9817566296783901,0.9780164876342742,15660,291,413
Varecia_variegata,Gorilla_gorilla,same-order,8,0,3,873,838,35,1,0,16610,92.08130176819597,0.9743286921929388,0.9826970095918751,0.9784949592683916,15675,276,413
Varecia_variegata,Gorilla_gorilla,same-order,8,0,4,873,838,35,1,0,16610,92.08130176819597,0.9743286921929388,0.9826970095918751,0.9784949592683916,15675,276,413
Varecia_variegata,Gorilla_gorilla,same-order,8,1,1,873,155,718,17,12,16618,91.59718144450969,0.9742676909624634,0.9778711133400201,0.9760660764008385,15599,353,412
Varecia_variegata,Gorilla_gorilla,same-order,8,1,2,873,818,55,2,0,16610,91.86982318040299,0.974271118863693,0.980440097799511,0.977345873824329,15639,312,413
Varecia_variegata,Gorilla_gorilla,same-order,8,1,3,873,821,52,1,0,16610,91.94031604300065,0.9742903386454184,0.9811924017302991,0.9777291894424488,15651,300,413
Varecia_variegata,Gorilla_gorilla,same-order,8,1,4,873,821,52,1,0,16610,91.94031604300065,0.9742903386454184,0.9811924017302991,0.9777291894424488,15651,300,413
Varecia_variegata,Saimiri_boliviensis,same-order,2,0,1,220,35,185,44,8,16871,78.2978227966003,0.9776840881006034,0.8320960158376639,0.8990341231910698,13450,2714,307
Varecia_variegata,Saimiri_boliviensis,same-order,2,0,2,220,116,104,29,0,16855,79.35352358765289,0.977403156384505,0.8433399356276307,0.9054359383306751,13625,2531,315
Varecia_variegata,Saimiri_boliviensis,same-order,2,0,3,220,125,95,25,0,16850,79.93359739049394,0.9773520404529592,0.8495635485668297,0.9089885407696894,13723,2430,318
Varecia_variegata,Saimiri_boliviensis,same-order,2,0,4,220,127,93,25,0,16850,79.94524697110904,0.9773552659688101,0.8496873645762397,0.9090608027553319,13725,2428,318
Varecia_variegata,Saimiri_boliviensis,same-order,2,0,5,220,127,93,25,0,16850,79.94524697110904,0.9773552659688101,0.8496873645762397,0.9090608027553319,13725,2428,318
Varecia_variegata,Saimiri_boliviensis,same-order,2,2,1,220,36,184,39,15,16792,81.71415226529659,0.9765559586938319,0.8674310505113109,0.9187645649391145,13996,2139,336
Varecia_variegata,Saimiri_boliviensis,same-order,2,2,2,220,156,64,22,0,16780,82.41270582739693,0.9760719225449516,0.8752868217054264,0.9229360797776688,14114,2011,346
Varecia_variegata,Saimiri_boliviensis,same-order,2,2,3,220,165,55,19,0,16768,82.87183082135763,0.9759218492019813,0.8799702251721357,0.9254656359069707,14186,1935,350
Varecia_variegata,Saimiri_boliviensis,same-order,2,2,4,220,165,55,19,0,16768,82.87183082135763,0.9759218492019813,0.8799702251721357,0.9254656359069707,14186,1935,350
Varecia_variegata,Saimiri_boliviensis,same-order,2,1,1,220,30,190,37,11,16813,81.533527696793,0.9764664804469274,0.8666790628486426,0.9183030143823471,13983,2151,337
Varecia_variegata,Saimiri_boliviensis,same-order,2,1,2,220,145,75,23,0,16798,82.5711619225385,0.9761412219004275,0.877891472868217,0.9244130995526821,14156,1969,346
Varecia_variegata,Saimiri_boliviensis,same-order,2,1,3,220,151,69,20,0,16797,82.73448436770882,0.9761200192691487,0.8796824609278094,0.9253955309084978,14184,1940,347
Varecia_variegata,Saimiri_boliviensis,same-order,2,1,4,220,152,68,19,0,16797,82.73448436770882,0.9761200192691487,0.8796824609278094,0.9253955309084978,14184,1940,347
Varecia_variegata,Saimiri_boliviensis,same-order,2,1,5,220,152,68,19,0,16797,82.73448436770882,0.9761200192691487,0.8796824609278094,0.9253955309084978,14184,1940,347
Varecia_variegata,Saimiri_boliviensis,same-order,3,1,1,330,49,281,34,15,16738,85.2260778128286,0.9746142026855501,0.9066558945994655,0.9394075981970379,14589,1502,380
Varecia_variegata,Saimiri_boliviensis,same-order,3,1,2,330,262,68,15,0,16736,85.76853420576036,0.9747045545080335,0.9124300807955251,0.9425398048279404,14681,1409,381
Varecia_variegata,Saimiri_boliviensis,same-order,3,1,3,330,265,65,14,0,16736,85.80942922241047,0.9747163049970138,0.9128651336233685,0.9427773676947271,14688,1402,381
Varecia_variegata,Saimiri_boliviensis,same-order,3,1,4,330,265,65,14,0,16736,85.80942922241047,0.9747163049970138,0.9128651336233685,0.9427773676947271,14688,1402,381
Varecia_variegata,Saimiri_boliviensis,same-order,3,0,1,330,45,285,31,16,16754,86.2574465599813,0.975688709783973,0.9171582934856859,0.9455185659411012,14769,1334,368
Varecia_variegata,Saimiri_boliviensis,same-order,3,0,2,330,256,74,15,0,16750,86.6588785046729,0.9756674996711824,0.9214334513384261,0.9477752579295365,14836,1265,370
Varecia_variegata,Saimiri_boliviensis,same-order,3,0,3,330,260,70,14,0,16743,86.93390989306376,0.9757329310684069,0.9239798770262717,0.9491514610182468,14877,1224,370
Varecia_variegata,Saimiri_boliviensis,same-order,3,0,4,330,261,69,13,0,16743,86.93390989306376,0.9757329310684069,0.9239798770262717,0.9491514610182468,14877,1224,370
Varecia_variegata,Saimiri_boliviensis,same-order,3,0,5,330,261,69,13,0,16743,86.93390989306376,0.9757329310684069,0.9239798770262717,0.9491514610182468,14877,1224,370
Varecia_variegata,Saimiri_boliviensis,same-order,4,2,1,440,72,368,25,21,16683,90.1704645304903,0.9754134718965844,0.9570975564260399,0.9661687170474517,15393,690,388
Varecia_variegata,Saimiri_boliviensis,same-order,4,2,2,440,393,47,5,0,16681,90.18102993731326,0.9754134718965844,0.9570975564260399,0.9661687170474517,15393,690,388
Varecia_variegata,Saimiri_boliviensis,same-order,4,2,3,440,393,47,5,0,16681,90.18102993731326,0.9754134718965844,0.9570975564260399,0.9661687170474517,15393,690,388
Varecia_variegata,Gorilla_gorilla,same-order,7,1,1,764,140,624,19,12,16651,89.71079955417376,0.9747593855567596,0.9577279559118237,0.9661686198944941,15293,675,396
Varecia_variegata,Gorilla_gorilla,same-order,7,1,2,764,662,102,3,0,16646,90.16547353596995,0.9748762847354396,0.9622995991983968,0.9685471162937282,15366,602,396
Varecia_variegata,Gorilla_gorilla,same-order,7,1,3,764,672,92,2,0,16639,90.42671831895287,0.9748165021513541,0.9649254666165602,0.9698457664463329,15406,560,398
Varecia_variegata,Gorilla_gorilla,same-order,7,1,4,764,674,90,2,0,16637,90.53237072254505,0.974721941354904,0.9661738912553245,0.9704290927393985,15424,540,400
Varecia_variegata,Gorilla_gorilla,same-order,7,1,5,764,680,84,2,0,16637,90.65563186006926,0.9747554433575261,0.9674893510398397,0.9711088056839259,15445,519,400
Varecia_variegata,Gorilla_gorilla,same-order,7,1,6,764,684,80,2,0,16636,90.77835172575722,0.9747872675701229,0.968742169882235,0.9717553174777719,15465,499,400
Varecia_variegata,Saimiri_boliviensis,same-order,3,2,1,330,63,267,34,14,16755,84.47157796342817,0.9755751973551042,0.8975727853994662,0.9349498868412544,14459,1650,362
Varecia_variegata,Saimiri_boliviensis,same-order,3,2,2,330,255,75,13,0,16734,85.6533177433499,0.9753028890959925,0.91,0.9415204678362573,14651,1449,371
Varecia_variegata,Saimiri_boliviensis,same-order,3,2,3,330,261,69,11,0,16731,85.96819457436857,0.9752603303044373,0.9134053919741583,0.9433199679230152,14704,1394,373
Varecia_variegata,Saimiri_boliviensis,same-order,3,2,4,330,262,68,10,0,16730,86.10266604303087,0.9752334282497848,0.914890973473318,0.9440989807038912,14727,1370,374
Varecia_variegata,Saimiri_boliviensis,same-order,3,2,5,330,262,68,10,0,16730,86.10266604303087,0.9752334282497848,0.914890973473318,0.9440989807038912,14727,1370,374
Varecia_variegata,Saimiri_boliviensis,same-order,4,1,1,440,68,372,21,16,16709,88.82518137140183,0.975393511082557,0.9436847339632024,0.9592771617224275,15182,906,383
Varecia_variegata,Saimiri_boliviensis,same-order,4,1,2,440,363,77,4,0,16696,89.41052508341626,0.9752889342953834,0.9496393931857747,0.9622932745314223,15274,810,387
Varecia_variegata,Saimiri_boliviensis,same-order,4,1,3,440,367,73,3,0,16696,89.51589299303402,0.9753173033994514,0.9507585177816463,0.9628813399238108,15292,792,387
Varecia_variegata,Saimiri_boliviensis,same-order,4,1,4,440,367,73,3,0,16696,89.51589299303402,0.9753173033994514,0.9507585177816463,0.9628813399238108,15292,792,387
Varecia_variegata,Saimiri_boliviensis,same-order,4,0,1,440,75,365,26,13,16716,87.76035572197519,0.9755463059313215,0.9319664492078286,0.9532585554955356,15000,1095,376
Varecia_variegata,Saimiri_boliviensis,same-order,4,0,2,440,361,79,5,0,16702,88.72629360805432,0.9754182754182754,0.942134377525017,0.9584874640361694,15158,931,382
Varecia_variegata,Saimiri_boliviensis,same-order,4,0,3,440,363,77,5,0,16696,88.87587822014052,0.9753276792598303,0.9436190712998073,0.959211399323876,15180,907,384
Varecia_variegata,Saimiri_boliviensis,same-order,4,0,4,440,364,76,4,0,16696,88.88758782201405,0.9753308492869074,0.9437433952881208,0.9592771617224275,15182,905,384
Varecia_variegata,Saimiri_boliviensis,same-order,4,0,5,440,364,76,4,0,16696,88.88758782201405,0.9753308492869074,0.9437433952881208,0.9592771617224275,15182,905,384
Varecia_variegata,Saimiri_boliviensis,same-order,6,0,1,659,98,561,16,15,16633,91.77222613183204,0.9739233258650735,0.97489409419387,0.9744084682440847,15649,403,419
Varecia_variegata,Saimiri_boliviensis,same-order,6,0,2,659,612,47,3,0,16631,91.79472140762464,0.9739265712507779,0.9750186892599053,0.9744723242637445,15651,401,419
Varecia_variegata,Saimiri_boliviensis,same-order,6,0,3,659,612,47,3,0,16631,91.79472140762464,0.9739265712507779,0.9750186892599053,0.9744723242637445,15651,401,419
Varecia_variegata,Saimiri_boliviensis,same-order,5,2,1,550,101,449,16,13,16608,91.41850220264317,0.9739065139853577,0.9694780117104771,0.97168721710629,15564,490,417
Varecia_variegata,Saimiri_boliviensis,same-order,5,2,2,550,500,50,4,1,16596,92.27876366200493,0.9738310802430857,0.9785033335410306,0.9761616161616161,15704,345,422
Varecia_variegata,Saimiri_boliviensis,same-order,5,2,3,550,514,36,2,0,16595,92.3492772358679,0.9737901976578475,0.9793120638085743,0.9765433249448535,15716,332,423
Varecia_variegata,Saimiri_boliviensis,same-order,5,2,4,550,514,36,2,0,16595,92.3492772358679,0.9737901976578475,0.9793120638085743,0.9765433249448535,15716,332,423
Varecia_variegata,Saimiri_sciureus,same-order,1,1,1,110,19,91,41,3,16910,74.53596287703016,0.9749620637329287,0.7959613478691774,0.8764152230255081,12850,3294,330
Varecia_variegata,Saimiri_sciureus,same-order,1,1,2,110,45,65,33,0,16908,74.92168465019144,0.9750849377123443,0.7999876114965312,0.8789002688080574,12915,3229,330
Varecia_variegata,Saimiri_sciureus,same-order,1,1,3,110,45,65,33,0,16908,74.92168465019144,0.9750849377123443,0.7999876114965312,0.8789002688080574,12915,3229,330
Varecia_variegata,Saimiri_boliviensis,same-order,5,0,1,550,83,467,19,15,16651,89.75486746422708,0.9744683560422769,0.9523957685127566,0.9633056394763344,15305,765,401
Varecia_variegata,Saimiri_boliviensis,same-order,5,0,2,550,478,72,6,0,16649,90.02346041055719,0.9745396825396826,0.9551337896701929,0.9647391577624136,15349,721,401
Varecia_variegata,Saimiri_boliviensis,same-order,5,0,3,550,484,66,5,0,16645,90.24046920821114,0.9743524792603382,0.9576745923067347,0.965941551307405,15386,680,405
Varecia_variegata,Saimiri_boliviensis,same-order,5,0,4,550,486,64,5,0,16645,90.29325513196481,0.9743670886075949,0.9582347815262044,0.9662336032134564,15395,671,405
Varecia_variegata,Saimiri_boliviensis,same-order,5,0,5,550,487,63,5,0,16642,90.41473573062709,0.9743962574282463,0.9593551599651438,0.9668172123949317,15413,653,405
Varecia_variegata,Saimiri_boliviensis,same-order,5,0,6,550,488,62,5,0,16642,90.47339707866487,0.974412433661865,0.9599775924312212,0.9671411550761899,15423,643,405
Varecia_variegata,Saimiri_boliviensis,same-order,7,2,1,769,126,643,13,12,16595,92.426111992479,0.9737526309273244,0.9802455287592696,0.9769882922890593,15730,317,424
Varecia_variegata,Saimiri_boliviensis,same-order,7,2,2,769,739,30,1,0,16593,92.44285126638067,0.9737542556484061,0.9803078457032467,0.9770200608657847,15731,316,424
Varecia_variegata,Saimiri_boliviensis,same-order,7,2,3,769,739,30,1,0,16593,92.44285126638067,0.9737542556484061,0.9803078457032467,0.9770200608657847,15731,316,424
Varecia_variegata,Saimiri_boliviensis,same-order,5,1,1,550,90,460,18,11,16716,87.30539623083226,0.9757964283378033,0.9264641947705111,0.9504906333630687,14917,1184,370
Varecia_variegata,Saimiri_boliviensis,same-order,5,1,2,550,421,129,5,1,16670,89.91508052708639,0.9742987688792994,0.9556205651686792,0.9648692810457516,15353,713,405
Varecia_variegata,Saimiri_boliviensis,same-order,5,1,3,550,468,82,5,0,16670,90.03806734992679,0.9743329742062234,0.9569276733474418,0.9655518919767624,15374,692,405
Varecia_variegata,Saimiri_boliviensis,same-order,5,1,4,550,471,79,5,0,16670,90.20204978038068,0.9743784399316758,0.9586704842524586,0.9664606406676497,15402,664,405
Varecia_variegata,Saimiri_boliviensis,same-order,5,1,5,550,472,78,4,0,16670,90.21490894185162,0.9742616834250301,0.9590388446215139,0.9665903315870378,15406,658,407
Varecia_variegata,Saimiri_boliviensis,same-order,5,1,6,550,472,78,4,0,16670,90.21490894185162,0.9742616834250301,0.9590388446215139,0.9665903315870378,15406,658,407
Varecia_variegata,Saimiri_boliviensis,same-order,8,0,1,879,144,735,11,11,16532,93.47236950630376,0.9728967377974,0.9898309314367708,0.9812907814577728,15866,163,442
Varecia_variegata,Saimiri_boliviensis,same-order,8,0,2,879,851,28,2,0,16528,93.50029463759576,0.9728983996566313,0.9898933183604717,0.98132228338178,15867,162,442
Varecia_variegata,Saimiri_boliviensis,same-order,8,0,3,879,851,28,2,0,16528,93.50029463759576,0.9728983996566313,0.9898933183604717,0.98132228338178,15867,162,442
Varecia_variegata,Saimiri_boliviensis,same-order,8,1,1,879,152,727,9,9,16531,93.47198491722146,0.9728950757343472,0.9897685445130701,0.9812592775853537,15865,164,442
Varecia_variegata,Saimiri_boliviensis,same-order,8,1,2,879,853,26,2,0,16528,93.48850913376546,0.9728950757343472,0.9897685445130701,0.9812592775853537,15865,164,442
Varecia_variegata,Saimiri_boliviensis,same-order,8,1,3,879,853,26,2,0,16528,93.48850913376546,0.9728950757343472,0.9897685445130701,0.9812592775853537,15865,164,442
Varecia_variegata,Saimiri_sciureus,same-order,1,2,1,110,19,91,38,6,16903,75.73998839233894,0.9755550571877103,0.8081996655725522,0.8840265546673893,13050,3097,327
Varecia_variegata,Saimiri_sciureus,same-order,1,2,2,110,53,57,28,0,16882,76.16474962240038,0.9753031317414268,0.8122289679098005,0.8863275308433327,13111,3031,332
Varecia_variegata,Saimiri_sciureus,same-order,1,2,3,110,54,56,27,0,16881,76.23446032299292,0.9752526753864447,0.8130227371290503,0.8867790654458223,13123,3018,333
Varecia_variegata,Saimiri_sciureus,same-order,1,2,4,110,54,56,27,0,16881,76.23446032299292,0.9752526753864447,0.8130227371290503,0.8867790654458223,13123,3018,333
Varecia_variegata,Saimiri_boliviensis,same-order,6,2,1,659,104,555,14,12,16570,91.20607451880629,0.9736709815257006,0.9653002741091453,0.9694675592817369,15495,557,419
Varecia_variegata,Saimiri_boliviensis,same-order,6,2,2,659,597,62,5,0,16569,91.28848078168227,0.9736329964216209,0.96623263348078,0.9699186991869918,15509,542,420
Varecia_variegata,Saimiri_boliviensis,same-order,6,2,3,659,598,61,5,0,16564,91.38905238375516,0.973296558641008,0.9677157993144282,0.9704981561347584,15527,518,426
Varecia_variegata,Saimiri_boliviensis,same-order,6,2,4,659,600,59,4,0,16556,91.43799316923801,0.9732982324182023,0.9677781240261764,0.9705303290727835,15528,517,426
Varecia_variegata,Saimiri_boliviensis,same-order,6,2,5,659,600,59,4,0,16556,91.43799316923801,0.9732982324182023,0.9677781240261764,0.9705303290727835,15528,517,426
Varecia_variegata,Saimiri_boliviensis,same-order,8,2,1,879,143,736,9,9,16533,93.43740795287187,0.97288842544317,0.9895189968182669,0.9811332426079425,15861,168,442
Varecia_variegata,Saimiri_boliviensis,same-order,8,2,2,879,848,31,2,0,16529,93.47121560308761,0.9728917509966268,0.9896437706656684,0.9811962639945568,15863,166,442
Varecia_variegata,Saimiri_boliviensis,same-order,8,2,3,879,848,31,2,0,16529,93.47121560308761,0.9728917509966268,0.9896437706656684,0.9811962639945568,15863,166,442
Varecia_variegata,Saimiri_sciureus,same-order,1,0,1,110,17,93,37,5,16901,75.48723897911833,0.9746124466412043,0.8065695692593741,0.8826641345632121,13014,3121,339
Varecia_variegata,Saimiri_sciureus,same-order,1,0,2,110,53,57,28,0,16887,76.0993154658313,0.9739401588833618,0.8136202939899523,0.8865909705325764,13118,3005,351
Varecia_variegata,Saimiri_sciureus,same-order,1,0,3,110,54,56,28,0,16887,76.22694048033415,0.9739826551034023,0.8149848043168145,0.8874181130546364,13140,2983,351
Varecia_variegata,Saimiri_sciureus,same-order,1,0,4,110,55,55,27,0,16887,76.25014502842558,0.9739903668025195,0.8152328971035168,0.8875683705854548,13144,2979,351
Varecia_variegata,Saimiri_sciureus,same-order,1,0,5,110,55,55,27,0,16887,76.25014502842558,0.9739903668025195,0.8152328971035168,0.8875683705854548,13144,2979,351
Varecia_variegata,Saimiri_boliviensis,same-order,7,0,1,769,120,649,12,9,16553,92.57166401789394,0.9730248097506651,0.9807920174618023,0.9768929747189267,15727,308,436
Varecia_variegata,Saimiri_boliviensis,same-order,7,0,2,769,729,40,5,0,16544,92.85209609043805,0.9728562615669339,0.9837190443515689,0.9782574982165565,15770,261,440
Varecia_variegata,Saimiri_boliviensis,same-order,7,0,3,769,736,33,4,0,16538,93.06749911650371,0.9729080721630442,0.9856527977044476,0.9792389687654933,15801,230,440
Varecia_variegata,Saimiri_boliviensis,same-order,7,0,4,769,738,31,3,0,16536,93.0961357210179,0.9729130755971436,0.985839935125694,0.9793338497288925,15804,227,440
Varecia_variegata,Saimiri_boliviensis,same-order,7,0,5,769,738,31,3,0,16536,93.0961357210179,0.9729130755971436,0.985839935125694,0.9793338497288925,15804,227,440
Varecia_variegata,Saimiri_sciureus,same-order,2,0,1,220,48,172,44,13,16803,81.86371578334304,0.9745545309574984,0.8726640591047371,0.920799213887979,14056,2051,367
Varecia_variegata,Saimiri_sciureus,same-order,2,0,2,220,157,63,24,0,16795,82.63909117390038,0.9745791824115424,0.8808370591157476,0.9253400306598388,14185,1919,370
Varecia_variegata,Saimiri_sciureus,same-order,2,0,3,220,162,58,22,0,16794,82.8546460821439,0.9745768519153019,0.8831894678010309,0.9266353922335158,14222,1881,371
Varecia_variegata,Saimiri_sciureus,same-order,2,0,4,220,162,58,22,0,16794,82.8546460821439,0.9745768519153019,0.8831894678010309,0.9266353922335158,14222,1881,371
Varecia_variegata,Saimiri_boliviensis,same-order,7,1,1,769,156,613,15,10,16612,90.10220864661655,0.9738429306075804,0.95516532785354,0.9644137063816409,15339,720,412
Varecia_variegata,Saimiri_boliviensis,same-order,7,1,2,769,669,100,6,1,16573,92.53968253968254,0.9729880084064779,0.9817263315454658,0.9773376381472744,15741,293,437
Varecia_variegata,Saimiri_boliviensis,same-order,7,1,3,769,734,35,3,1,16530,93.47160028281876,0.9728934134674353,0.9897061575893693,0.9812277717643421,15864,165,442
Varecia_variegata,Saimiri_boliviensis,same-order,7,1,4,769,749,20,2,0,16528,93.50029463759576,0.9728983996566313,0.9898933183604717,0.98132228338178,15867,162,442
Varecia_variegata,Saimiri_boliviensis,same-order,7,1,5,769,749,20,2,0,16528,93.50029463759576,0.9728983996566313,0.9898933183604717,0.98132228338178,15867,162,442
Varecia_variegata,Saimiri_boliviensis,same-order,6,1,1,659,111,548,14,10,16564,91.62053939465316,0.9738373912499217,0.9692269357752445,0.9715266937246332,15559,494,418
Varecia_variegata,Saimiri_boliviensis,same-order,6,1,2,659,608,51,4,0,16561,91.81486279590155,0.9737088615499906,0.9714641744548287,0.9725852228425288,15592,458,421
Varecia_variegata,Saimiri_boliviensis,same-order,6,1,3,659,610,49,4,0,16561,91.85608291131787,0.9737203495630462,0.9719003115264797,0.9728094792641098,15599,451,421
Varecia_variegata,Saimiri_boliviensis,same-order,6,1,4,659,611,48,4,0,16561,92.02096337298316,0.9737662013958126,0.9736448598130841,0.9737055268241012,15627,423,421
Varecia_variegata,Saimiri_boliviensis,same-order,6,1,5,659,613,46,4,0,16561,92.03367875647669,0.9736514264357793,0.9740154536390827,0.9738334060183166,15631,417,423
Varecia_variegata,Saimiri_boliviensis,same-order,6,1,6,659,613,46,4,0,16561,92.03367875647669,0.9736514264357793,0.9740154536390827,0.9738334060183166,15631,417,423
Varecia_variegata,Saimiri_sciureus,same-order,2,2,1,220,27,193,45,15,16808,81.28968369546223,0.9749196590750314,0.8659633881476885,0.9172171283972527,13955,2160,359
Varecia_variegata,Saimiri_sciureus,same-order,2,2,2,220,159,61,25,0,16799,81.90981123281287,0.9746949528563505,0.8727419454963065,0.920905250057315,14059,2050,365
Varecia_variegata,Saimiri_sciureus,same-order,2,2,3,220,161,59,23,0,16797,82.1020741085994,0.9746178850542915,0.8748991121872478,0.9220702741608323,14092,2015,367
Varecia_variegata,Saimiri_sciureus,same-order,2,2,4,220,161,59,23,0,16797,82.1020741085994,0.9746178850542915,0.8748991121872478,0.9220702741608323,14092,2015,367
Varecia_variegata,Saimiri_sciureus,same-order,3,0,1,330,57,273,34,16,16731,86.01937215544405,0.9731335401676678,0.9175328312690608,0.9445156330087136,14742,1325,407
Varecia_variegata,Saimiri_sciureus,same-order,3,0,2,330,272,58,13,0,16713,86.6767865483419,0.9728065002293428,0.9244660315088112,0.9480204342273307,14846,1213,415
Varecia_variegata,Saimiri_sciureus,same-order,3,0,3,330,274,56,12,0,16713,86.7351704810836,0.9728243075109685,0.9250887352886232,0.9483562081072454,14856,1203,415
Varecia_variegata,Saimiri_sciureus,same-order,3,0,4,330,274,56,12,0,16713,86.7351704810836,0.9728243075109685,0.9250887352886232,0.9483562081072454,14856,1203,415
Varecia_variegata,Saimiri_sciureus,same-order,2,1,1,220,31,189,49,10,16824,79.18728532339756,0.9747044070225725,0.8437441846039327,0.9045085782683868,13602,2519,353
Varecia_variegata,Saimiri_sciureus,same-order,2,1,2,220,129,91,34,0,16803,80.53953271572568,0.9746174998237327,0.8578254933598114,0.9124995874178962,13823,2291,360
Varecia_variegata,Saimiri_sciureus,same-order,2,1,3,220,139,81,28,0,16792,81.29043539080259,0.9744969256567915,0.8657893103234217,0.9169323822359555,13947,2162,365
Varecia_variegata,Saimiri_sciureus,same-order,2,1,4,220,140,80,27,0,16790,81.31374949000408,0.9743679284816316,0.8661451542807475,0.9170747740345111,13951,2156,367
Varecia_variegata,Saimiri_sciureus,same-order,2,1,5,220,140,80,27,0,16790,81.31374949000408,0.9743679284816316,0.8661451542807475,0.9170747740345111,13951,2156,367
Varecia_variegata,Saimiri_sciureus,same-order,3,1,1,330,55,275,36,17,16732,85.24379562043795,0.9737842705623374,0.9077793669547913,0.9396240988671473,14598,1483,393
Varecia_variegata,Saimiri_sciureus,same-order,3,1,2,330,257,73,17,0,16723,85.74516562481743,0.9738570765045451,0.9127487562189055,0.9423132483708389,14677,1403,394
Varecia_variegata,Saimiri_sciureus,same-order,3,1,3,330,258,72,16,0,16723,85.80358707717474,0.973874411511173,0.9133706467661692,0.9426526748178814,14687,1393,394
Varecia_variegata,Saimiri_sciureus,same-order,3,1,4,330,258,72,16,0,16723,85.80358707717474,0.973874411511173,0.9133706467661692,0.9426526748178814,14687,1393,394
Varecia_variegata,Saimiri_sciureus,same-order,5,1,1,550,85,465,15,13,16621,90.80729319341033,0.9726216640502354,0.9657687991021324,0.9691831179801645,15489,549,436
Varecia_variegata,Saimiri_sciureus,same-order,5,1,2,550,474,76,1,0,16617,90.92881435440366,0.9725915704967386,0.9669514248300805,0.9697632969575686,15507,530,437
Varecia_variegata,Saimiri_sciureus,same-order,5,1,3,550,474,76,1,0,16617,90.92881435440366,0.9725915704967386,0.9669514248300805,0.9697632969575686,15507,530,437
Varecia_variegata,Saimiri_sciureus,same-order,3,2,1,330,51,279,28,12,16699,87.08131174373064,0.9733420450833061,0.9272376447155484,0.9497306429504957,14897,1169,408
Varecia_variegata,Saimiri_sciureus,same-order,3,2,2,330,268,62,11,0,16679,87.82028782028782,0.9730991119465872,0.9348029142536896,0.9535666645493236,15012,1047,415
Varecia_variegata,Saimiri_sciureus,same-order,3,2,3,330,275,55,10,0,16679,88.03088803088804,0.9731617409299619,0.9370446478610125,0.9547617536958315,15048,1011,415
Varecia_variegata,Saimiri_sciureus,same-order,3,2,4,330,276,54,9,0,16679,88.0952380952381,0.9731808194390591,0.9377296220188056,0.9551263755430818,15059,1000,415
Varecia_variegata,Saimiri_sciureus,same-order,3,2,5,330,276,54,9,0,16679,88.0952380952381,0.9731808194390591,0.9377296220188056,0.9551263755430818,15059,1000,415
Varecia_variegata,Saimiri_sciureus,same-order,6,0,1,659,98,561,13,12,16595,92.26256819381709,0.9720642768850433,0.9816502309324678,0.9768337370349667,15728,294,452
Varecia_variegata,Saimiri_sciureus,same-order,6,0,2,659,626,33,4,0,16593,92.29686124963332,0.9720711814137419,0.9818998876544751,0.9769608147550146,15732,290,452
Varecia_variegata,Saimiri_sciureus,same-order,6,0,3,659,626,33,4,0,16593,92.29686124963332,0.9720711814137419,0.9818998876544751,0.9769608147550146,15732,290,452
Varecia_variegata,Saimiri_sciureus,same-order,5,2,1,550,91,459,24,16,16657,88.64554664168179,0.973004242190513,0.9429425688301981,0.9577375680121474,15138,916,420
Varecia_variegata,Saimiri_sciureus,same-order,5,2,2,550,463,87,9,0,16646,89.13298183948447,0.9728882920902872,0.9479750778816199,0.9602701252800656,15215,835,424
Varecia_variegata,Saimiri_sciureus,same-order,5,2,3,550,472,78,6,0,16639,89.54585408731322,0.9728783345005412,0.9522058823529411,0.962431113210518,15281,767,426
Varecia_variegata,Saimiri_sciureus,same-order,5,2,4,550,472,78,6,0,16639,89.54585408731322,0.9728783345005412,0.9522058823529411,0.962431113210518,15281,767,426
Varecia_variegata,Saimiri_sciureus,same-order,5,0,1,550,92,458,17,12,16635,90.14530114834778,0.9726278525823377,0.9591671342185649,0.9658505963590709,15386,655,433
Varecia_variegata,Saimiri_sciureus,same-order,5,0,2,550,479,71,2,0,16625,90.66455696202532,0.9724072910119421,0.9648269410664172,0.968602285177649,15471,564,439
Varecia_variegata,Saimiri_sciureus,same-order,5,0,3,550,482,68,2,0,16625,90.74660103141116,0.9724315498618438,0.9657000311817898,0.9690541005663507,15485,550,439
Varecia_variegata,Saimiri_sciureus,same-order,5,0,4,550,484,66,2,0,16625,90.82278481012658,0.9724540377737341,0.966510757717493,0.9694732891279869,15498,537,439
Varecia_variegata,Saimiri_sciureus,same-order,5,0,5,550,484,66,2,0,16625,90.82278481012658,0.9724540377737341,0.966510757717493,0.9694732891279869,15498,537,439
Varecia_variegata,Saimiri_sciureus,same-order,4,0,1,440,70,370,26,13,16724,86.50195666140996,0.9738936016308279,0.9211917646327051,0.9468098708605038,14810,1267,397
Varecia_variegata,Saimiri_sciureus,same-order,4,0,2,440,330,110,10,0,16711,87.21949509116409,0.9738353125407804,0.9285758725813476,0.9506672187012325,14925,1148,401
Varecia_variegata,Saimiri_sciureus,same-order,4,0,3,440,336,104,9,0,16708,87.41087083576856,0.9738247167599948,0.930562468889995,0.9517021953547566,14956,1116,402
Varecia_variegata,Saimiri_sciureus,same-order,4,0,4,440,342,98,9,0,16707,87.5511396843951,0.9738022492361698,0.932113745255429,0.9525020665098239,14980,1091,403
Varecia_variegata,Saimiri_sciureus,same-order,4,0,5,440,344,96,9,0,16706,87.62711864406779,0.9737611222965513,0.9329807093963908,0.9529348206057139,14993,1077,404
Varecia_variegata,Saimiri_sciureus,same-order,4,0,6,440,348,92,9,0,16706,87.79661016949153,0.9738104498897965,0.9347853142501555,0.9538989077978156,15022,1048,404
Varecia_variegata,Saimiri_sciureus,same-order,4,1,1,440,62,378,23,17,16732,86.61371335124402,0.9743758212877792,0.9220343198209401,0.9474827498083311,14830,1254,390
Varecia_variegata,Saimiri_sciureus,same-order,4,1,2,440,322,118,4,0,16726,86.92833362537235,0.9741458306061003,0.9256172647552708,0.9492617278438625,14883,1196,395
Varecia_variegata,Saimiri_sciureus,same-order,4,1,3,440,327,113,4,0,16721,87.15103375773859,0.9738301899105919,0.9283892241647483,0.9505669512039749,14922,1151,401
Varecia_variegata,Saimiri_sciureus,same-order,4,1,4,440,330,110,3,0,16710,87.30641108059143,0.9738591916558018,0.9294468985254775,0.9511348804635024,14939,1134,401
Varecia_variegata,Saimiri_sciureus,same-order,4,1,5,440,333,107,3,0,16710,87.39407398749343,0.9738847281015955,0.9303801406084738,0.9516354842815323,14954,1119,401
Varecia_variegata,Saimiri_sciureus,same-order,4,1,6,440,336,104,3,0,16709,87.47589270060195,0.9738451528952505,0.9313091090094574,0.9521022835697475,14968,1104,402
Varecia_variegata,Saimiri_sciureus,same-order,4,2,1,440,75,365,26,18,16720,87.68691588785046,0.974046197767973,0.9339305711086227,0.9535666645493235,15012,1062,400
Varecia_variegata,Saimiri_sciureus,same-order,4,2,2,440,352,88,7,0,16707,88.18373071528752,0.9738625363020329,0.9390752380359699,0.9561525788873401,15090,979,405
Varecia_variegata,Saimiri_sciureus,same-order,4,2,3,440,357,83,7,0,16699,88.4725550944058,0.9737502412661648,0.9420515374081913,0.9576386472207282,15135,931,408
Varecia_variegata,Saimiri_sciureus,same-order,4,2,4,440,364,76,6,0,16696,88.62839101964452,0.9737907111196762,0.9435453753267771,0.9584294881927101,15159,907,408
Varecia_variegata,Saimiri_sciureus,same-order,4,2,5,440,369,71,6,0,16696,88.69855004677268,0.9738108992875024,0.94429229428607,0.9588244588402591,15171,895,408
Varecia_variegata,Saimiri_sciureus,same-order,4,2,6,440,370,70,6,0,16695,88.76286248830682,0.9737669168109807,0.9450357920946156,0.9591862522112711,15182,883,409
Varecia_variegata,Saimiri_sciureus,same-order,7,0,1,769,125,644,13,13,16539,93.26430966527442,0.9718033590780925,0.9900087423504433,0.9808215788171244,15854,160,460
Varecia_variegata,Saimiri_sciureus,same-order,7,0,2,769,738,31,2,0,16537,93.28116726481144,0.9718050873429359,0.9900711877107531,0.9808531040242507,15855,159,460
Varecia_variegata,Saimiri_sciureus,same-order,7,0,3,769,738,31,2,0,16537,93.28116726481144,0.9718050873429359,0.9900711877107531,0.9808531040242507,15855,159,460
Varecia_variegata,Saimiri_sciureus,same-order,7,1,1,769,125,644,15,14,16604,91.81183647134729,0.9723568145111194,0.9765425166885021,0.9744451707286708,15653,376,445
Varecia_variegata,Saimiri_sciureus,same-order,7,1,2,769,701,68,1,0,16602,91.83434035314131,0.9723602484472049,0.9766672905359036,0.9745090105512154,15655,374,445
Varecia_variegata,Saimiri_sciureus,same-order,7,1,3,769,701,68,1,0,16602,91.83434035314131,0.9723602484472049,0.9766672905359036,0.9745090105512154,15655,374,445
Varecia_variegata,Saimiri_sciureus,same-order,6,2,1,659,109,550,16,11,16566,92.361478347729,0.9719886223101657,0.9811497409649834,0.9765476967042525,15719,302,453
Varecia_variegata,Saimiri_sciureus,same-order,6,2,2,659,627,32,4,0,16553,92.83404855681617,0.9718153846153846,0.986013986013986,0.9788631996528855,15792,224,458
Varecia_variegata,Saimiri_sciureus,same-order,6,2,3,659,634,25,3,0,16540,93.15213554535828,0.9718880432113921,0.9886363636363636,0.980190664850811,15834,182,458
Varecia_variegata,Saimiri_sciureus,same-order,6,2,4,659,636,23,2,0,16540,93.15213554535828,0.9718880432113921,0.9886363636363636,0.980190664850811,15834,182,458
Varecia_variegata,Saimiri_sciureus,same-order,6,2,5,659,636,23,2,0,16540,93.15213554535828,0.9718880432113921,0.9886363636363636,0.980190664850811,15834,182,458
Varecia_variegata,Aotus_azarai,same-order,1,0,1,111,27,84,37,4,16883,76.95292141988534,0.9717733089579524,0.8218813779454511,0.8905642675244605,13289,2880,386
Varecia_variegata,Aotus_azarai,same-order,1,0,2,111,63,48,28,0,16868,77.55953415609247,0.9716193656093489,0.8281365998515219,0.8941585117397549,13386,2778,391
Varecia_variegata,Aotus_azarai,same-order,1,0,3,111,63,48,28,0,16868,77.5653282345443,0.9716214254608797,0.8281984657263054,0.8941954445260838,13387,2777,391
Varecia_variegata,Aotus_azarai,same-order,1,0,4,111,63,48,28,0,16868,77.5653282345443,0.9716214254608797,0.8281984657263054,0.8941954445260838,13387,2777,391
Varecia_variegata,Saimiri_sciureus,same-order,8,0,1,879,137,742,12,12,16541,93.27098405976119,0.9718085432371146,0.9901960784313726,0.9809161485880424,15857,157,460
Varecia_variegata,Saimiri_sciureus,same-order,8,0,2,879,847,32,2,0,16538,93.29332862689728,0.9718102708665277,0.9902585237916823,0.9809476679450698,15858,156,460
Varecia_variegata,Saimiri_sciureus,same-order,8,0,3,879,847,32,2,0,16538,93.29332862689728,0.9718102708665277,0.9902585237916823,0.9809476679450698,15858,156,460
Varecia_variegata,Saimiri_sciureus,same-order,8,1,1,879,149,730,12,12,16540,93.28823529411764,0.9718119982842086,0.990320969151992,0.9809791853524263,15859,155,460
Varecia_variegata,Saimiri_sciureus,same-order,8,1,2,879,849,30,2,0,16538,93.31097776208966,0.9718154524845292,0.9904458598726115,0.9810422143188495,15861,153,460
Varecia_variegata,Saimiri_sciureus,same-order,8,1,3,879,849,30,2,0,16538,93.31097776208966,0.9718154524845292,0.9904458598726115,0.9810422143188495,15861,153,460
Varecia_variegata,Aotus_azarai,same-order,1,1,1,111,27,84,37,2,16920,75.50075257612598,0.9735742012541057,0.8050120362940559,0.8813055377234178,13042,3159,354
Varecia_variegata,Aotus_azarai,same-order,1,1,2,111,50,61,30,0,16911,76.11188325225851,0.9735555555555555,0.8113964686998395,0.8851101084248097,13143,3055,357
Varecia_variegata,Aotus_azarai,same-order,1,1,3,111,52,59,28,0,16907,76.38406300671762,0.9733598996384031,0.8144991972335432,0.8868717431501092,13190,3004,361
Varecia_variegata,Aotus_azarai,same-order,1,1,4,111,52,59,28,0,16907,76.38406300671762,0.9733598996384031,0.8144991972335432,0.8868717431501092,13190,3004,361
Varecia_variegata,Saimiri_sciureus,same-order,6,1,1,659,105,554,14,12,16684,88.56323856323856,0.97363174480674,0.9424178286852589,0.9577705374371304,15139,925,410
Varecia_variegata,Saimiri_sciureus,same-order,6,1,2,659,526,133,2,0,16680,88.95518895518896,0.9734955185659411,0.9468244084682441,0.9599747474747475,15206,854,414
Varecia_variegata,Saimiri_sciureus,same-order,6,1,3,659,539,120,2,0,16679,89.25938925938927,0.9735213424360365,0.9501214272370633,0.9616790621454683,15258,801,415
Varecia_variegata,Saimiri_sciureus,same-order,6,1,4,659,551,108,2,0,16675,89.54420455210345,0.9735368956743002,0.9530452111097273,0.9631820756498206,15304,754,416
Varecia_variegata,Saimiri_sciureus,same-order,6,1,5,659,557,102,2,0,16675,89.80750102393073,0.9736124326038693,0.9558475526217461,0.9646482104138516,15349,709,416
Varecia_variegata,Saimiri_sciureus,same-order,6,1,6,659,560,99,2,0,16675,89.88356444912527,0.9736341741665611,0.9566571179474406,0.9650709888176906,15362,696,416
Varecia_variegata,Aotus_azarai,same-order,1,2,1,111,28,83,37,3,16888,76.70161617331866,0.9724588719153937,0.8183559950556242,0.8887770170492684,13241,2939,375
Varecia_variegata,Aotus_azarai,same-order,1,2,2,111,56,55,30,0,16882,77.21005677210057,0.9722789611905457,0.8239876352395672,0.8920121808386039,13328,2847,380
Varecia_variegata,Aotus_azarai,same-order,1,2,3,111,57,54,29,0,16881,77.37226277372262,0.9722646866127975,0.8257697539260541,0.8930493798268196,13356,2818,381
Varecia_variegata,Aotus_azarai,same-order,1,2,4,111,57,54,29,0,16881,77.37226277372262,0.9722646866127975,0.8257697539260541,0.8930493798268196,13356,2818,381
Varecia_variegata,Aotus_azarai,same-order,2,0,1,221,54,167,40,9,16827,81.68058455114823,0.9712453454695904,0.8727847316891808,0.9193864229765013,14085,2053,417
Varecia_variegata,Aotus_azarai,same-order,2,0,2,221,143,78,26,0,16803,82.63518217683918,0.970496047969474,0.8834511847165364,0.9249301902720957,14243,1879,433
Varecia_variegata,Aotus_azarai,same-order,2,0,3,221,149,72,22,0,16797,82.94254207777134,0.9705922303721815,0.8864284828185088,0.9266031252026193,14291,1831,433
Varecia_variegata,Aotus_azarai,same-order,2,0,4,221,149,72,22,0,16797,82.94254207777134,0.9705922303721815,0.8864284828185088,0.9266031252026193,14291,1831,433
Varecia_variegata,Aotus_azarai,same-order,2,1,1,221,49,172,35,15,16750,85.28453392296055,0.9711124362287153,0.9092995843414604,0.9391900551070101,14657,1462,436
Varecia_variegata,Aotus_azarai,same-order,2,1,2,221,179,42,16,0,16740,85.89639115250291,0.9710469171547016,0.915730685696556,0.9425779253960143,14757,1358,440
Varecia_variegata,Aotus_azarai,same-order,2,1,3,221,183,38,14,0,16729,86.03039655272812,0.9708240241818898,0.9170132207808329,0.9431517124708736,14774,1337,444
Varecia_variegata,Aotus_azarai,same-order,2,1,4,221,183,38,14,0,16729,86.03039655272812,0.9708240241818898,0.9170132207808329,0.9431517124708736,14774,1337,444
Varecia_variegata,Aotus_azarai,same-order,3,0,1,332,82,250,30,14,16730,86.0310808451196,0.970391281512605,0.9178464977645305,0.9433877967832526,14781,1323,451
Varecia_variegata,Aotus_azarai,same-order,3,0,2,332,260,72,14,0,16724,86.61893952622083,0.9702066627550687,0.9244626661697105,0.9467824537964818,14882,1216,457
Varecia_variegata,Aotus_azarai,same-order,3,0,3,332,266,66,11,0,16714,86.94892551394794,0.970299603561448,0.9274444030314325,0.9483881213276164,14930,1168,457
Varecia_variegata,Aotus_azarai,same-order,3,0,4,332,266,66,11,0,16714,86.94892551394794,0.970299603561448,0.9274444030314325,0.9483881213276164,14930,1168,457
Varecia_variegata,Aotus_azarai,same-order,2,2,1,221,67,154,44,10,16795,82.80587654607746,0.9709927822415906,0.8841217682435365,0.925523284114879,14260,1869,426
Varecia_variegata,Aotus_azarai,same-order,2,2,2,221,155,66,24,0,16775,83.83967470229452,0.9704161904121562,0.8956251939187093,0.9315218794372015,14433,1682,440
Varecia_variegata,Aotus_azarai,same-order,2,2,3,221,160,61,21,0,16771,84.16221240994655,0.9704562202719903,0.8989698398907782,0.9333462195161238,14486,1628,441
Varecia_variegata,Aotus_azarai,same-order,2,2,4,221,162,59,20,0,16771,84.23193121078317,0.9704799518040029,0.8997145339456374,0.9337584130357776,14498,1616,441
Varecia_variegata,Aotus_azarai,same-order,2,2,5,221,162,59,20,0,16771,84.23193121078317,0.9704799518040029,0.8997145339456374,0.9337584130357776,14498,1616,441
Varecia_variegata,Aotus_azarai,same-order,3,1,1,332,87,245,29,11,16747,86.13049546406141,0.9705766710353866,0.9195951819197814,0.9443983931645731,14811,1295,449
Varecia_variegata,Aotus_azarai,same-order,3,1,2,332,264,68,15,1,16711,87.76710334788937,0.9701377268631741,0.9367969672487726,0.9531758828922824,15074,1017,464
Varecia_variegata,Aotus_azarai,same-order,3,1,3,332,281,51,12,0,16706,87.90031442878771,0.9699306090979183,0.9383974637906384,0.9539035101576571,15096,991,468
Varecia_variegata,Aotus_azarai,same-order,3,1,4,332,281,51,12,0,16706,87.90031442878771,0.9699306090979183,0.9383974637906384,0.9539035101576571,15096,991,468
Varecia_variegata,Saimiri_sciureus,same-order,7,2,1,769,125,644,13,11,16691,88.72448681209427,0.9738108992875024,0.94429229428607,0.9588244588402591,15171,895,408
Varecia_variegata,Saimiri_sciureus,same-order,7,2,2,769,621,148,4,0,16682,89.17353921740656,0.9735010535725688,0.949374182701289,0.9612862547288777,15246,813,415
Varecia_variegata,Saimiri_sciureus,same-order,7,2,3,769,639,130,4,0,16682,89.4542902263555,0.9735820230441148,0.9523631608443863,0.9628557038529337,15294,765,415
Varecia_variegata,Saimiri_sciureus,same-order,7,2,4,769,646,123,3,0,16678,89.67998595916457,0.9736407520325203,0.9545426240737281,0.9639971071911455,15329,730,415
Varecia_variegata,Saimiri_sciureus,same-order,7,2,5,769,649,120,3,0,16678,89.77944187679167,0.9736691834274475,0.9556012204994084,0.9645505971087367,15346,713,415
Varecia_variegata,Saimiri_sciureus,same-order,7,2,6,769,651,118,3,0,16674,89.90052662375658,0.9736375158428391,0.9567816664590858,0.9651360010050882,15364,694,416
Varecia_variegata,Aotus_azarai,same-order,3,2,1,332,86,246,33,15,16695,87.43150285647663,0.9703047163097626,0.9317842942345924,0.9506544544100403,14998,1098,459
Varecia_variegata,Aotus_azarai,same-order,3,2,2,332,287,45,12,0,16676,88.55576294913672,0.9700958466453674,0.9437433952881208,0.9567381920156285,15182,905,468
Varecia_variegata,Aotus_azarai,same-order,3,2,3,332,292,40,8,0,16675,88.90509245756286,0.9702081609268572,0.9474109529433704,0.9586740470499434,15241,846,468
Varecia_variegata,Aotus_azarai,same-order,3,2,4,332,292,40,8,0,16675,88.90509245756286,0.9702081609268572,0.9474109529433704,0.9586740470499434,15241,846,468
Varecia_variegata,Saimiri_sciureus,same-order,8,2,1,879,123,756,11,10,16692,88.72514619883042,0.9738125802310654,0.9443545375326777,0.9588573595399104,15172,894,408
Varecia_variegata,Saimiri_sciureus,same-order,8,2,2,879,734,145,3,1,16677,89.33543933543933,0.973419173890872,0.9510493865603786,0.9621042683887226,15271,786,417
Varecia_variegata,Saimiri_sciureus,same-order,8,2,3,879,746,133,2,0,16677,89.54603954603955,0.9734800305265836,0.9532913993896743,0.9632799471382273,15307,750,417
Varecia_variegata,Saimiri_sciureus,same-order,8,2,4,879,751,128,2,0,16674,89.66707623895617,0.9735103544657604,0.9544124058043221,0.9638667882637818,15325,732,417
Varecia_variegata,Saimiri_sciureus,same-order,8,2,5,879,754,125,2,0,16674,89.80164999122346,0.9735490009514748,0.9558448028897054,0.9646156746904657,15348,709,417
Varecia_variegata,Saimiri_sciureus,same-order,8,2,6,879,756,123,2,0,16673,89.83090515475982,0.9734956565848709,0.956215744892875,0.9647783328620353,15353,703,418
Varecia_variegata,Aotus_azarai,same-order,4,1,1,442,125,317,31,12,16741,85.40405216581276,0.9711996822033898,0.9099875930521092,0.9395977453241097,14669,1451,435
Varecia_variegata,Aotus_azarai,same-order,4,1,2,442,338,104,9,0,16729,86.03039655272812,0.9708240241818898,0.9170132207808329,0.9431517124708736,14774,1337,444
Varecia_variegata,Aotus_azarai,same-order,4,1,3,442,340,102,9,0,16729,86.15268153496768,0.9708642299363476,0.9183166780460554,0.943859649122807,14795,1316,444
Varecia_variegata,Aotus_azarai,same-order,4,1,4,442,342,100,9,0,16728,86.25087351502445,0.9708947885939037,0.9193097883433679,0.9443983931645731,14811,1300,444
Varecia_variegata,Aotus_azarai,same-order,4,1,5,442,342,100,9,0,16728,86.25087351502445,0.9708947885939037,0.9193097883433679,0.9443983931645731,14811,1300,444
Varecia_variegata,Aotus_azarai,same-order,5,1,1,552,140,412,24,13,16673,89.07288629737609,0.9697200533231766,0.9501181739022266,0.9598190443278565,15276,802,477
Varecia_variegata,Aotus_azarai,same-order,5,1,2,552,471,81,6,0,16663,89.59986000933272,0.9696376720111097,0.9556426527311186,0.962589296904374,15361,713,481
Varecia_variegata,Aotus_azarai,same-order,5,1,3,552,479,73,4,0,16647,89.90777492411861,0.9694738167170192,0.9584940883634101,0.9639526879028726,15403,667,485
Varecia_variegata,Aotus_azarai,same-order,5,1,4,552,479,73,4,0,16647,89.90777492411861,0.9694738167170192,0.9584940883634101,0.9639526879028726,15403,667,485
Varecia_variegata,Aotus_azarai,same-order,4,0,1,442,120,322,32,10,16750,85.64281559045956,0.9709800817834059,0.9135587961526528,0.9413946350353296,14722,1393,440
Varecia_variegata,Aotus_azarai,same-order,4,0,2,442,340,102,13,2,16696,88.13588951692792,0.9701731879409878,0.940024860161591,0.954861111111111,15125,965,465
Varecia_variegata,Aotus_azarai,same-order,4,0,3,442,378,64,10,0,16691,88.42657342657343,0.9700185386434828,0.9433047370384186,0.9564751489173942,15174,912,469
Varecia_variegata,Aotus_azarai,same-order,4,0,4,442,382,60,9,0,16687,88.54112024246663,0.9699891450098972,0.9444202673298104,0.9570339570339571,15191,894,470
Varecia_variegata,Aotus_azarai,same-order,4,0,5,442,388,54,9,0,16687,88.68100483767559,0.9700350653490596,0.9459123406900839,0.9578218445073969,15215,870,470
Varecia_variegata,Aotus_azarai,same-order,4,0,6,442,392,50,9,0,16686,88.84420353208603,0.9700267277586865,0.947712011937329,0.9587395433675073,15243,841,471
Varecia_variegata,Aotus_azarai,same-order,6,0,1,663,180,483,19,11,16638,89.75646790866087,0.9694083512047433,0.9563783447417549,0.9628492670091467,15369,701,485
Varecia_variegata,Aotus_azarai,same-order,6,0,2,663,568,95,4,1,16621,90.86872699655314,0.9690965732087228,0.9685534591194969,0.9688249400479616,15554,505,496
Varecia_variegata,Aotus_azarai,same-order,6,0,3,663,590,73,1,0,16612,91.08019639934534,0.969150391839781,0.9702970297029703,0.9697233718144195,15582,477,496
Varecia_variegata,Aotus_azarai,same-order,6,0,4,663,590,73,1,0,16612,91.08019639934534,0.969150391839781,0.9702970297029703,0.9697233718144195,15582,477,496
Varecia_variegata,Aotus_azarai,same-order,5,0,1,552,146,406,27,14,16666,89.07680643844404,0.9694700095207871,0.9502301853925594,0.9597536837475259,15274,800,481
Varecia_variegata,Aotus_azarai,same-order,5,0,2,552,453,99,5,0,16652,89.96616497491542,0.9692056309703369,0.9599751011515717,0.9645682834537324,15422,643,490
Varecia_variegata,Aotus_azarai,same-order,5,0,3,552,458,94,4,0,16641,90.18154223337808,0.9692577953447519,0.9616557734204793,0.9654418197725284,15449,616,490
Varecia_variegata,Aotus_azarai,same-order,5,0,4,552,460,92,2,0,16641,90.18154223337808,0.9692577953447519,0.9616557734204793,0.9654418197725284,15449,616,490
Varecia_variegata,Aotus_azarai,same-order,5,0,5,552,460,92,2,0,16641,90.18154223337808,0.9692577953447519,0.9616557734204793,0.9654418197725284,15449,616,490
Varecia_variegata,Aotus_azarai,same-order,4,2,1,442,137,305,31,16,16749,86.3157894736842,0.9708267922553637,0.9213483146067416,0.945440647195592,14842,1267,446
Varecia_variegata,Aotus_azarai,same-order,4,2,2,442,347,95,11,0,16723,87.26574321964847,0.9702970297029703,0.9315357852882704,0.9505214111382294,14994,1102,459
Varecia_variegata,Aotus_azarai,same-order,4,2,3,442,352,90,9,0,16717,87.71031029865517,0.9703722787582121,0.9360671015843429,0.9529110401315581,15066,1029,460
Varecia_variegata,Aotus_azarai,same-order,4,2,4,442,356,86,9,0,16712,87.9650655021834,0.9702652366578897,0.9388516032811335,0.954299971575656,15108,984,463
Varecia_variegata,Aotus_azarai,same-order,4,2,5,442,358,84,9,0,16712,88.02328966521107,0.9702843206469418,0.939473030077057,0.9546301266062578,15118,974,463
Varecia_variegata,Aotus_azarai,same-order,4,2,6,442,359,83,9,0,16712,88.06986899563319,0.9702995702097633,0.9399701715137957,0.9548941005650075,15126,966,463
Varecia_variegata,Aotus_azarai,same-order,5,2,1,552,147,405,21,11,16679,89.0482855143457,0.9702014105089268,0.949272659455427,0.9596229379418695,15270,816,469
Varecia_variegata,Aotus_azarai,same-order,5,2,2,552,467,85,4,0,16667,89.65054547575987,0.9700776466132188,0.955599776133325,0.9627842866988284,15367,714,474
Varecia_variegata,Aotus_azarai,same-order,5,2,3,552,475,77,4,0,16657,89.88967369096959,0.9701379701379701,0.9575897021329519,0.9638229955561118,15399,682,474
Varecia_variegata,Aotus_azarai,same-order,5,2,4,552,477,75,3,0,16654,90.006421107933,0.9699924509310518,0.9590123149645479,0.9644711327953962,15419,659,477
Varecia_variegata,Aotus_azarai,same-order,5,2,5,552,477,75,3,1,16635,90.66643303545354,0.9696420763320632,0.9660215321426349,0.967828418230563,15523,546,486
Varecia_variegata,Aotus_azarai,same-order,5,2,6,552,489,63,3,0,16635,90.66643303545354,0.9696420763320632,0.9660215321426349,0.967828418230563,15523,546,486
Varecia_variegata,Aotus_azarai,same-order,8,0,1,883,220,663,19,13,16622,91.54740346982885,0.9692621683468365,0.9759621372524598,0.9726006143916592,15672,386,497
Varecia_variegata,Aotus_azarai,same-order,8,0,2,883,804,79,3,0,16615,91.67932686689261,0.9691766013960096,0.977204783258595,0.9731741355248875,15690,366,499
Varecia_variegata,Aotus_azarai,same-order,8,0,3,883,808,75,2,0,16606,91.84448991522946,0.9692146338453945,0.9784504235176881,0.9738106307143964,15710,346,499
Varecia_variegata,Aotus_azarai,same-order,8,0,4,883,808,75,2,0,16606,91.84448991522946,0.9692146338453945,0.9784504235176881,0.9738106307143964,15710,346,499
Varecia_variegata,Aotus_azarai,same-order,6,1,1,663,196,467,21,10,16674,88.93942044195674,0.9696777064395143,0.9487498445080234,0.9590996258920431,15254,824,477
Varecia_variegata,Aotus_azarai,same-order,6,1,2,663,574,89,5,0,16656,89.7712685260824,0.9696224869225436,0.9571952964599016,0.9633688165309955,15385,688,482
Varecia_variegata,Aotus_azarai,same-order,6,1,3,663,586,77,4,0,16647,90.16871971510304,0.9697369247190306,0.960928264791887,0.9653125,15445,628,482
Varecia_variegata,Aotus_azarai,same-order,6,1,4,663,593,70,4,0,16643,90.38416627744044,0.969622948766128,0.9633478531425016,0.9664752153826944,15481,589,485
Varecia_variegata,Aotus_azarai,same-order,6,1,5,663,595,68,4,0,16643,90.39584306398879,0.969626753507014,0.9634723086496577,0.9665397340657969,15483,587,485
Varecia_variegata,Aotus_azarai,same-order,6,1,6,663,595,68,4,0,16643,90.39584306398879,0.969626753507014,0.9634723086496577,0.9665397340657969,15483,587,485
Varecia_variegata,Aotus_azarai,same-order,6,2,1,663,196,467,20,11,16689,88.48866351926327,0.9700958466453674,0.9437433952881208,0.9567381920156285,15182,905,468
Varecia_variegata,Aotus_azarai,same-order,6,2,2,663,546,117,3,0,16661,89.3972107136605,0.969865788807293,0.9527955718639218,0.9612549019607843,15320,759,476
Varecia_variegata,Aotus_azarai,same-order,6,2,3,663,561,102,2,0,16653,89.78174603174604,0.9695613813965213,0.9572548531607765,0.9633688165309956,15385,687,483
Varecia_variegata,Aotus_azarai,same-order,6,2,4,663,569,94,2,0,16647,90.0116754232341,0.9696264620802415,0.9593703334992534,0.9644711327953963,15419,653,483
Varecia_variegata,Aotus_azarai,same-order,6,2,5,663,574,89,2,0,16646,90.2393461762989,0.9696399447998997,0.9618567606247278,0.9657326711023646,15458,613,484
Varecia_variegata,Aotus_azarai,same-order,6,2,6,663,579,84,2,0,16646,90.31523642732049,0.9696646819178941,0.9626656710845622,0.9661525010928621,15471,600,484
Varecia_variegata,Aotus_azarai,same-order,7,0,1,773,184,589,18,11,16626,90.58356212395584,0.9691875,0.9654463952185282,0.9673133304223068,15507,555,493
Varecia_variegata,Aotus_azarai,same-order,7,0,2,773,679,94,1,0,16612,91.16787467851297,0.969179146212639,0.9712310853726882,0.9702040308534461,15597,462,496
Varecia_variegata,Aotus_azarai,same-order,7,0,3,773,687,86,1,0,16607,91.31832797427653,0.9691028663605906,0.9727844553777169,0.9709401709401709,15620,437,498
Varecia_variegata,Aotus_azarai,same-order,7,0,4,773,694,79,1,0,16606,91.48786904413915,0.9690983403517464,0.9746512207274539,0.9718668488386535,15649,407,499
Varecia_variegata,Aotus_azarai,same-order,7,0,5,773,699,74,1,0,16606,91.6164864074832,0.9691403834260978,0.9760214250124564,0.9725687333209211,15671,385,499
Varecia_variegata,Aotus_azarai,same-order,7,0,6,773,702,71,1,0,16603,91.77433498976907,0.9690123456790124,0.9778857534417242,0.9734288283260473,15698,355,502
Varecia_variegata,Aotus_azarai,same-order,7,1,1,773,207,566,20,12,16686,88.57342738879497,0.9701787994891443,0.9443684733963202,0.957099659821091,15193,895,467
Varecia_variegata,Aotus_azarai,same-order,7,1,2,773,627,146,3,0,16675,89.24530502741165,0.9701388448614722,0.9513802536682417,0.960667985058229,15302,782,471
Varecia_variegata,Aotus_azarai,same-order,7,1,3,773,637,136,3,0,16658,89.80330356621724,0.9700523296135174,0.9568407960199005,0.9634012710935788,15386,694,475
Varecia_variegata,Aotus_azarai,same-order,7,1,4,773,648,125,2,0,16654,90.09924109748978,0.9700817096165933,0.9598855650227004,0.9649567038669542,15434,645,476
Varecia_variegata,Aotus_azarai,same-order,7,1,5,773,660,113,2,0,16653,90.25685931115002,0.9700715271677751,0.9616245801716632,0.9658295852073964,15461,617,477
Varecia_variegata,Aotus_azarai,same-order,7,1,6,773,665,108,2,0,16653,90.33858727378868,0.9700977933801405,0.9624953352407016,0.9662816109896972,15475,603,477
Varecia_variegata,Aotus_azarai,same-order,7,2,1,773,214,559,19,10,16643,90.20958608208302,0.9695068390011293,0.9616030866886551,0.9655387883900396,15452,617,486
Varecia_variegata,Aotus_azarai,same-order,7,2,2,773,679,94,3,0,16628,90.88094403551817,0.969464697451237,0.9683784624961096,0.9689212755356253,15557,508,490
Varecia_variegata,Aotus_azarai,same-order,7,2,3,773,688,85,1,0,16611,91.27791418215831,0.9692718356198399,0.9722291407222914,0.9707482358792626,15614,446,495
Varecia_variegata,Aotus_azarai,same-order,7,2,4,773,694,79,1,0,16611,91.41821583070268,0.9693175478832208,0.9737235367372353,0.9715155468580128,15638,422,495
Varecia_variegata,Aotus_azarai,same-order,7,2,5,773,697,76,1,0,16610,91.51759616508828,0.9692898272552783,0.9748427672955975,0.9720583669667805,15655,404,496
Varecia_variegata,Aotus_azarai,same-order,7,2,6,773,700,73,1,0,16610,91.68128142172337,0.9693429754620186,0.9765863378790709,0.9729511756312426,15683,376,496
Varecia_variegata,Aotus_azarai,same-order,8,1,1,883,205,678,18,13,16559,92.68935621814774,0.9686562595653505,0.9862868540796609,0.9773920563345482,15823,220,512
Varecia_variegata,Aotus_azarai,same-order,8,1,2,883,848,35,3,0,16544,92.97268784433244,0.9683779989011659,0.9891500904159132,0.9786538342895922,15863,174,518
Varecia_variegata,Aotus_azarai,same-order,8,1,3,883,852,31,3,0,16535,93.1390371195684,0.9684165599658557,0.9903972064600611,0.9792835563228313,15883,154,518
Varecia_variegata,Aotus_azarai,same-order,8,1,4,883,853,30,2,0,16535,93.1390371195684,0.9684165599658557,0.9903972064600611,0.9792835563228313,15883,154,518
Varecia_variegata,Aotus_azarai,same-order,8,1,5,883,853,30,2,0,16535,93.1390371195684,0.9684165599658557,0.9903972064600611,0.9792835563228313,15883,154,518
Varecia_variegata,Aotus_azarai,same-order,8,2,1,883,226,657,15,12,16623,90.82198983466729,0.9692019950124688,0.9679347487703132,0.9685679573845052,15546,515,494
Varecia_variegata,Aotus_azarai,same-order,8,2,2,883,802,81,1,0,16612,91.20879120879121,0.9691925465838509,0.9716669780185566,0.9704281849559999,15604,455,496
Varecia_variegata,Aotus_azarai,same-order,8,2,3,883,806,77,1,0,16610,91.2847790507365,0.969097114489606,0.9725976209752756,0.9708442123585728,15617,440,498
Varecia_variegata,Aotus_azarai,same-order,8,2,4,883,808,75,1,0,16607,91.40602163110202,0.9691315936279675,0.9737186273899234,0.9714196955576265,15635,422,498
Varecia_variegata,Aotus_azarai,same-order,8,2,5,883,813,70,1,0,16607,91.50540777550424,0.9691640866873065,0.9747773556704241,0.9719626168224298,15652,405,498
Varecia_variegata,Aotus_azarai,same-order,8,2,6,883,814,69,1,0,16606,91.66910260157849,0.9691575499103776,0.9765819631290483,0.9728555917480999,15680,376,499
