reference,target,divergence,depth,replicate,n_reads,theta_len,n_ambiguous,runtime_s,error,identity_pct,recall,precision,f1,c_theta,w_theta,u_t
Homo_sapiens,Gorilla_gorilla,same-family,1,1,110,16575,5952,30.924399852752686,,61.10170975083153,0.9490619051935104,0.6626376408049613,0.7803987329979504,10471,5331,562
Homo_sapiens,Gorilla_gorilla,same-family,1,2,110,16565,5651,31.354822874069214,,62.41196670740935,0.9456742217126731,0.6809118618237237,0.7917451175840808,10723,5025,616
Homo_sapiens,Gorilla_gorilla,same-family,1,0,110,16560,6149,32.11192607879639,,60.0258049381268,0.9542233824352042,0.6448056448056448,0.76957780367683,10235,5638,491
Homo_sapiens,Gorilla_gorilla,same-family,2,1,219,16570,2977,79.60010814666748,,78.16893158388004,0.9637466599263378,0.8413188752994578,0.8983809619980476,13345,2517,502
Homo_sapiens,Gorilla_gorilla,same-family,2,2,219,16570,2817,81.2807068824768,,78.76600698486612,0.9568660726912742,0.8589564555033642,0.9052716082419052,13532,2222,610
Homo_sapiens,Gorilla_gorilla,same-family,2,0,219,16570,3515,83.55416011810303,,76.02049729226111,0.9558500512520135,0.8283103863968022,0.8875216696692614,13055,2706,603
Homo_sapiens,Gorilla_gorilla,same-family,3,0,328,16531,1262,202.78269267082214,,87.62234073726778,0.9656397339016987,0.9443532086912582,0.9548778540635477,14951,881,532
Homo_sapiens,Gorilla_gorilla,same-family,3,1,328,16540,1239,203.19836902618408,,87.64505919587387,0.9662703540966658,0.9439464714051257,0.9549779679417587,14954,888,522
Homo_sapiens,Gorilla_gorilla,same-family,3,2,328,0,0,300.2142493724823,timed out after 300s,nan,nan,nan,nan,0,0,0
Homo_sapiens,Gorilla_gorilla,same-family,4,0,437,0,0,300.1955609321594,timed out after 300s,nan,nan,nan,nan,0,0,0
Homo_sapiens,Gorilla_gorilla,same-family,4,1,437,0,0,300.1795754432678,timed out after 300s,nan,nan,nan,nan,0,0,0
Homo_sapiens,Gorilla_gorilla,same-family,4,2,437,0,0,300.22688031196594,timed out after 300s,nan,nan,nan,nan,0,0,0
Homo_sapiens,Gorilla_gorilla,same-family,5,0,546,0,0,300.1836965084076,timed out after 300s,nan,nan,nan,nan,0,0,0
Homo_sapiens,Gorilla_gorilla,same-family,5,1,546,0,0,300.2947380542755,timed out after 300s,nan,nan,nan,nan,0,0,0
Homo_sapiens,Gorilla_gorilla,same-family,5,2,546,0,0,300.18201899528503,timed out after 300s,nan,nan,nan,nan,0,0,0
Homo_sapiens,Gorilla_gorilla,same-family,6,0,655,0,0,300.2578909397125,timed out after 300s,nan,nan,nan,nan,0,0,0
Homo_sapiens,Gorilla_gorilla,same-family,6,1,655,0,0,300.20484137535095,timed out after 300s,nan,nan,nan,nan,0,0,0
Homo_sapiens,Gorilla_gorilla,same-family,6,2,655,0,0,300.1675012111664,timed out after 300s,nan,nan,nan,nan,0,0,0
Homo_sapiens,Gorilla_gorilla,same-family,7,0,764,0,0,300.17592215538025,timed out after 300s,nan,nan,nan,nan,0,0,0
Homo_sapiens,Gorilla_gorilla,same-family,7,1,764,0,0,300.2551312446594,timed out after 300s,nan,nan,nan,nan,0,0,0
Homo_sapiens,Gorilla_gorilla,same-family,7,2,764,0,0,300.18159580230713,timed out after 300s,nan,nan,nan,nan,0,0,0
Homo_sapiens,Gorilla_gorilla,same-family,8,0,873,0,0,300.1929452419281,timed out after 300s,nan,nan,nan,nan,0,0,0
Homo_sapiens,Saimiri_boliviensis,same-order,1,1,110,16584,11120,113.26398205757141,,0.0,0.0,0.0,0.0,0,0,16471
Homo_sapiens,Saimiri_boliviensis,same-order,1,2,110,16581,11490,118.99494218826294,,0.0,0.0,0.0,0.0,0,0,16471
Homo_sapiens,Saimiri_boliviensis,same-order,1,0,110,16595,11003,119.7101719379425,,0.0,0.0,0.0,0.0,0,0,16471
Homo_sapiens,Gorilla_gorilla,same-family,8,1,873,0,0,300.16618299484253,timed out after 300s,nan,nan,nan,nan,0,0,0
Homo_sapiens,Gorilla_gorilla,same-family,8,2,873,0,0,300.21339893341064,timed out after 300s,nan,nan,nan,nan,0,0,0
Homo_sapiens,Saimiri_boliviensis,same-order,2,0,220,16562,8198,157.13362646102905,,0.0,0.0,0.0,0.0,0,0,16471
Homo_sapiens,Saimiri_boliviensis,same-order,2,2,220,16608,8482,156.64113450050354,,0.0,0.0,0.0,0.0,0,0,16471
Homo_sapiens,Saimiri_boliviensis,same-order,2,1,220,16600,8126,161.1303584575653,,0.0,0.0,0.0,0.0,0,0,16471
Homo_sapiens,Saimiri_boliviensis,same-order,3,0,330,16616,7054,237.8447825908661,,0.0,0.0,0.0,0.0,0,0,16471
Homo_sapiens,Saimiri_boliviensis,same-order,3,1,330,16596,6499,241.8240201473236,,56.00732194364322,0.8757914823488594,0.6713877252476893,0.7600873230954531,10097,4942,1432
Homo_sapiens,Saimiri_boliviensis,same-order,3,2,330,16597,6972,242.23290467262268,,0.0,0.0,0.0,0.0,0,0,16471
Homo_sapiens,Saimiri_boliviensis,same-order,4,0,440,0,0,300.05656814575195,timed out after 300s,nan,nan,nan,nan,0,0,0
Homo_sapiens,Saimiri_boliviensis,same-order,4,1,440,0,0,300.04785442352295,timed out after 300s,nan,nan,nan,nan,0,0,0
Homo_sapiens,Saimiri_boliviensis,same-order,4,2,440,16599,5945,288.6658499240875,,59.00531679220204,0.8796961440013211,0.7096043692553616,0.7855483870967742,10654,4360,1457
Homo_sapiens,Saimiri_boliviensis,same-order,5,0,550,0,0,300.16224122047424,timed out after 300s,nan,nan,nan,nan,0,0,0
Homo_sapiens,Saimiri_boliviensis,same-order,5,1,550,0,0,300.1481578350067,timed out after 300s,nan,nan,nan,nan,0,0,0
Homo_sapiens,Saimiri_boliviensis,same-order,5,2,550,0,0,300.1706557273865,timed out after 300s,nan,nan,nan,nan,0,0,0
Homo_sapiens,Saimiri_boliviensis,same-order,6,0,659,0,0,300.13172006607056,timed out after 300s,nan,nan,nan,nan,0,0,0
Homo_sapiens,Saimiri_boliviensis,same-order,6,1,659,0,0,300.1303827762604,timed out after 300s,nan,nan,nan,nan,0,0,0
Homo_sapiens,Saimiri_boliviensis,same-order,6,2,659,0,0,300.14844155311584,timed out after 300s,nan,nan,nan,nan,0,0,0
Homo_sapiens,Saimiri_boliviensis,same-order,7,0,769,0,0,300.16133165359497,timed out after 300s,nan,nan,nan,nan,0,0,0
Homo_sapiens,Saimiri_boliviensis,same-order,7,1,769,0,0,300.19934153556824,timed out after 300s,nan,nan,nan,nan,0,0,0
Homo_sapiens,Saimiri_boliviensis,same-order,7,2,769,0,0,300.1496527194977,timed out after 300s,nan,nan,nan,nan,0,0,0
Homo_sapiens,Saimiri_sciureus,same-order,1,0,110,16567,11222,75.25049662590027,,0.0,0.0,0.0,0.0,0,0,16474
Homo_sapiens,Saimiri_sciureus,same-order,1,1,110,16600,10675,75.63560771942139,,0.0,0.0,0.0,0.0,0,0,16474
Homo_sapiens,Saimiri_sciureus,same-order,1,2,110,16576,10945,71.50562763214111,,0.0,0.0,0.0,0.0,0,0,16474
Homo_sapiens,Saimiri_sciureus,same-order,2,0,220,16602,7847,69.41598558425903,,0.0,0.0,0.0,0.0,0,0,16474
Homo_sapiens,Saimiri_sciureus,same-order,2,2,220,16563,7640,69.66955041885376,,0.0,0.0,0.0,0.0,0,0,16474
Homo_sapiens,Saimiri_sciureus,same-order,2,1,220,16585,7979,70.4983012676239,,0.0,0.0,0.0,0.0,0,0,16474
Homo_sapiens,Saimiri_sciureus,same-order,3,0,330,16582,6632,105.2409098148346,,55.11244045640855,0.8711258973909998,0.6632449006799094,0.7531032394792613,9950,5052,1472
Homo_sapiens,Saimiri_sciureus,same-order,3,1,330,16587,6697,108.56417083740234,,54.559496883102554,0.8652668416447944,0.6622472211062006,0.750265513579123,9890,5044,1540
Homo_sapiens,Saimiri_sciureus,same-order,3,2,330,16595,6424,109.90771269798279,,56.180954485196644,0.8708047945205479,0.6796525225526228,0.7634452993056859,10171,4794,1509
Homo_sapiens,Saimiri_sciureus,same-order,4,1,440,16599,6408,138.7621521949768,,56.018696728072584,0.8652849740932642,0.6842423428264374,0.7641873898203367,10187,4701,1586
Homo_sapiens,Saimiri_sciureus,same-order,4,0,440,16564,5787,141.4780240058899,,59.4987025893005,0.8743306831088755,0.7220770519262981,0.7909434516164544,10777,4148,1549
Homo_sapiens,Saimiri_sciureus,same-order,4,2,440,16587,6166,142.5264449119568,,57.58262407427877,0.873637430823411,0.6961314892764081,0.7748484735804857,10419,4548,1507
Homo_sapiens,Saimiri_sciureus,same-order,5,1,550,16589,6367,172.4589695930481,,56.26685748885342,0.866271186440678,0.6862244897959183,0.7658076116272099,10222,4674,1578
Homo_sapiens,Saimiri_sciureus,same-order,5,2,550,16589,5341,175.3766815662384,,62.40568131380382,0.8868564219821808,0.7479220692865217,0.8114854628093212,11248,3791,1435
Homo_sapiens,Saimiri_sciureus,same-order,5,0,550,16616,5813,184.79735660552979,,59.85373150867084,0.8828865642366787,0.7182368193604148,0.7920959049748872,10803,4238,1433
Homo_sapiens,Aotus_azarai,same-order,1,0,111,16586,11136,37.40908217430115,,0.0,0.0,0.0,0.0,0,0,16555
Homo_sapiens,Saimiri_sciureus,same-order,6,0,659,16614,5403,219.30347728729248,,61.95057223420136,0.8838144817794605,0.7469502033197787,0.809639076556234,11205,3796,1473
Homo_sapiens,Aotus_azarai,same-order,1,1,111,16595,10890,34.93301725387573,,0.0,0.0,0.0,0.0,0,0,16555
Homo_sapiens,Aotus_azarai,same-order,1,2,111,16587,10357,34.32753229141235,,0.0,0.0,0.0,0.0,0,0,16555
Homo_sapiens,Aotus_azarai,same-order,2,0,221,16626,7742,67.6983916759491,,0.0,0.0,0.0,0.0,0,0,16555
Homo_sapiens,Aotus_azarai,same-order,2,1,221,16582,7179,67.89826726913452,,0.0,0.0,0.0,0.0,0,0,16555
Homo_sapiens,Saimiri_boliviensis,same-order,8,0,879,16584,5217,276.50808906555176,,63.15701744638293,0.889367029183945,0.7549312612074118,0.8166534952223579,11367,3690,1414
Homo_sapiens,Saimiri_boliviensis,same-order,8,2,879,16577,5128,281.8090229034424,,63.48211810368728,0.8870380413728984,0.7626057416905349,0.8201289398280801,11449,3564,1458
Homo_sapiens,Saimiri_boliviensis,same-order,8,1,879,16595,5251,281.9023439884186,,62.840682472856194,0.8861807671275682,0.7555614759557746,0.8156749955060218,11344,3670,1457
Homo_sapiens,Saimiri_sciureus,same-order,6,2,659,16616,5734,216.63515639305115,,60.14372581536761,0.8806864173547029,0.7253333333333334,0.7954960883234627,10880,4120,1474
Homo_sapiens,Aotus_azarai,same-order,2,2,221,16603,7398,68.82020878791809,,0.048277110614929696,0.0009664753850800363,1.0,0.001931084424597188,16,0,16539
Homo_sapiens,Saimiri_sciureus,same-order,6,1,659,16579,5453,219.2519609928131,,61.496794163166044,0.8802911622754965,0.7436668671880222,0.8062318840579711,11126,3835,1513
Homo_sapiens,Saimiri_sciureus,same-order,7,0,769,16571,5232,249.14250922203064,,62.92802042288695,0.8867599906154688,0.7546253161187275,0.815374105634056,11339,3687,1448
Homo_sapiens,Aotus_azarai,same-order,3,0,332,16606,6083,99.7967746257782,,57.99393772389088,0.8724092190349859,0.7007858284496538,0.777236132653815,10523,4493,1539
Homo_sapiens,Aotus_azarai,same-order,3,1,332,16594,6509,102.47749471664429,,55.69507723080342,0.8771438571928596,0.6616064946208171,0.7542796944956545,10024,5127,1404
Homo_sapiens,Saimiri_sciureus,same-order,7,2,769,16599,5130,254.51096963882446,,63.371643275500055,0.8844077729796422,0.7658764607679466,0.8208853737966575,11469,3506,1499
Homo_sapiens,Aotus_azarai,same-order,3,2,332,16601,6242,99.0075433254242,,57.12788838030111,0.871163064502565,0.6895427011915064,0.7697852418815487,10359,4664,1532
Homo_sapiens,Saimiri_sciureus,same-order,7,1,769,16587,5261,260.5010802745819,,62.70773321515622,0.8854125928822839,0.7542141381837564,0.8145642944520399,11320,3689,1465
Homo_sapiens,Saimiri_sciureus,same-order,8,0,879,16580,5367,270.7940557003021,,62.121883656509695,0.8840968225183317,0.7473340442548654,0.8099830245241448,11213,3791,1470
Homo_sapiens,Aotus_azarai,same-order,4,0,442,16627,5429,126.58965110778809,,61.85504364158656,0.8836016414141414,0.7425066312997347,0.8069328336696453,11197,3883,1475
Homo_sapiens,Aotus_azarai,same-order,4,2,442,16585,5644,128.6259729862213,,60.48606862799622,0.886245110821382,0.7174615739824527,0.792971455652364,10876,4283,1396
Homo_sapiens,Aotus_azarai,same-order,4,1,442,16601,5664,134.74476218223572,,59.39738612128835,0.8656359579215811,0.7305131481606026,0.7923551081445819,10862,4007,1686
Homo_sapiens,Saimiri_sciureus,same-order,8,2,879,16544,4519,285.50422954559326,,66.64634484287535,0.8891600118308193,0.8030050083472454,0.8438892592722552,12025,2950,1499
Homo_sapiens,Saimiri_sciureus,same-order,8,1,879,0,0,300.0324809551239,timed out after 300s,nan,nan,nan,nan,0,0,0
Homo_sapiens,Aotus_azarai,same-order,5,0,552,16581,5506,160.63115334510803,,61.214901613973026,0.8799459717146035,0.7361738899228929,0.80166485703945,11075,3969,1511
Homo_sapiens,Aotus_azarai,same-order,5,2,552,16603,5336,149.3813807964325,,61.920202242251044,0.8761275272161742,0.7530410372944794,0.8099345841420458,11267,3695,1593
Homo_sapiens,Varecia_variegata,same-order,1,0,114,16605,11491,31.265851736068726,,0.0,0.0,0.0,0.0,0,0,16965
Homo_sapiens,Varecia_variegata,same-order,1,1,114,16584,11788,31.80297303199768,,0.0,0.0,0.0,0.0,0,0,16965
Homo_sapiens,Aotus_azarai,same-order,5,1,552,16588,5065,164.84297108650208,,63.75103734439834,0.8857033051498847,0.7647332094504911,0.8207849561934611,11523,3545,1487
Homo_sapiens,Varecia_variegata,same-order,1,2,114,16622,11349,33.20343565940857,,0.0,0.0,0.0,0.0,0,0,16965
Homo_sapiens,Aotus_azarai,same-order,6,0,663,16604,4810,187.78263425827026,,65.29077540106952,0.8968551534164817,0.7707634641941211,0.8290422973546471,11721,3486,1348
Homo_sapiens,Varecia_variegata,same-order,2,0,227,16630,8259,65.01170754432678,,0.0,0.0,0.0,0.0,0,0,16965
Homo_sapiens,Aotus_azarai,same-order,6,2,663,16618,5189,181.26730370521545,,63.14015800232031,0.8851456009913259,0.7582935244161358,0.8168238993710693,11429,3643,1483
Homo_sapiens,Aotus_azarai,same-order,6,1,663,16588,4448,184.88066387176514,,67.29117011252148,0.8931067461193262,0.8038670374784797,0.8461404425858163,12140,2962,1453
Homo_sapiens,Varecia_variegata,same-order,2,1,227,16624,9484,65.37950396537781,,0.0,0.0,0.0,0.0,0,0,16965
Homo_sapiens,Varecia_variegata,same-order,2,2,227,16639,8932,68.15459513664246,,0.0,0.0,0.0,0.0,0,0,16965
Homo_sapiens,Aotus_azarai,same-order,7,0,773,16590,4717,219.61667823791504,,65.62741846323937,0.8878253066108286,0.788575224178014,0.8352622506771731,11872,3183,1500
Homo_sapiens,Varecia_variegata,same-order,3,0,340,16630,8330,95.14737915992737,,0.0,0.0,0.0,0.0,0,0,16965
Homo_sapiens,Varecia_variegata,same-order,3,1,340,16665,8082,96.3460443019867,,0.0,0.0,0.0,0.0,0,0,16965
Homo_sapiens,Varecia_variegata,same-order,3,2,340,16630,7390,107.82913827896118,,0.0,0.0,0.0,0.0,0,0,16965
Homo_sapiens,Varecia_variegata,same-order,4,0,453,16669,6973,133.6873471736908,,0.0,0.0,0.0,0.0,0,0,16965
Homo_sapiens,Varecia_variegata,same-order,4,1,453,16633,7198,125.5854651927948,,0.0,0.0,0.0,0.0,0,0,16965
Homo_sapiens,Aotus_azarai,same-order,7,2,773,16580,4510,250.7672679424286,,66.9884493052843,0.8995204555672112,0.7890758511896937,0.840686274509804,12005,3209,1341
Homo_sapiens,Varecia_variegata,same-order,4,2,453,16633,6967,126.81158947944641,,0.0,0.0,0.0,0.0,0,0,16965
Homo_sapiens,Aotus_azarai,same-order,8,1,883,16599,4375,250.5075328350067,,67.88744975435462,0.9025458324055519,0.7977955648864978,0.8469441058680132,12160,3082,1313
Homo_sapiens,Aotus_azarai,same-order,7,1,773,16631,4855,274.46815490722656,,65.06419163007837,0.8957839161374245,0.7705522279997368,0.8284622461255398,11707,3486,1362
Homo_sapiens,Aotus_azarai,same-order,8,2,883,16576,4369,254.99679493904114,,67.23621435703983,0.8931466470154753,0.8023833167825224,0.8453356582388841,12120,2985,1450
Homo_sapiens,Aotus_azarai,same-order,8,0,883,16594,4462,288.40140676498413,,67.15203189015612,0.8920350077222917,0.803937164446212,0.8456979500766979,12129,2958,1468
Gorilla_gorilla,Homo_sapiens,same-family,1,0,111,16381,5464,29.49534034729004,,64.87906837862049,0.9675810473815462,0.6704103671706263,0.7920387854044397,10864,5341,364
Gorilla_gorilla,Homo_sapiens,same-family,1,1,111,16363,6356,28.92452573776245,,56.26878366884038,0.8863778472532381,0.6486892854808133,0.7491318133776235,9923,5374,1272
Homo_sapiens,Varecia_variegata,same-order,5,2,566,16620,6721,161.70972275733948,,53.72300010854228,0.8457069628363947,0.653011412362293,0.7369714115544966,9899,5260,1806
Homo_sapiens,Varecia_variegata,same-order,5,1,566,16642,6520,167.5209629535675,,54.85286945212161,0.84823598424537,0.6679424574369803,0.7473695868866984,10122,5032,1811
Gorilla_gorilla,Homo_sapiens,same-family,1,2,111,16367,6147,30.45217776298523,,57.67733197900796,0.8830237580993521,0.6717712783437397,0.7630459126539754,10221,4994,1354
Homo_sapiens,Varecia_variegata,same-order,5,0,566,16593,6404,193.6045310497284,,55.33289888128598,0.8483763530391341,0.6728077126254622,0.7504603373351992,10189,4955,1821
Homo_sapiens,Varecia_variegata,same-order,6,0,679,16630,6428,195.75681495666504,,55.20861518480437,0.8465687494813708,0.6749139984122784,0.7510582692236906,10202,4914,1849
Gorilla_gorilla,Homo_sapiens,same-family,2,0,221,16413,2269,60.111013412475586,,81.37682423396708,0.9468272222973887,0.8867769118671989,0.9158187469327661,13996,1787,786
Gorilla_gorilla,Homo_sapiens,same-family,2,1,221,16405,2503,59.07860207557678,,83.88245232923002,0.9881290872903042,0.8475185952932569,0.9124384640630128,13901,2501,167
Homo_sapiens,Varecia_variegata,same-order,6,1,679,16620,6451,192.20880556106567,,54.76575993091537,0.8417254251347989,0.6739058245334396,0.7485246385364415,10147,4910,1908
Homo_sapiens,Varecia_variegata,same-order,6,2,679,16628,6690,191.91626381874084,,53.88494279672504,0.8455713434867693,0.6559735973597359,0.7388023640486191,9938,5212,1815
Gorilla_gorilla,Homo_sapiens,same-family,2,2,221,16386,2891,73.0954794883728,,81.40685328185329,0.9861151710026308,0.8238598205018621,0.8977147989222631,13494,2885,190
Gorilla_gorilla,Homo_sapiens,same-family,3,0,332,16405,1030,88.72334623336792,,92.7942063971032,0.9893829225918538,0.9373323579614729,0.9626545625293473,15376,1028,165
Gorilla_gorilla,Homo_sapiens,same-family,3,1,332,16380,1213,86.9128348827362,,90.58816490157362,0.9784786402119822,0.9324956885932496,0.9549339304298464,15140,1096,333
Gorilla_gorilla,Homo_sapiens,same-family,3,2,332,16388,1003,88.39534258842468,,92.85455642727821,0.9883093525179856,0.9389149935924819,0.9629791894852135,15386,1001,182
Homo_sapiens,Varecia_variegata,same-order,7,0,792,16609,6221,239.18567752838135,,56.204616885228134,0.8489809282147827,0.685978835978836,0.7588250356659472,10372,4748,1845
Homo_sapiens,Varecia_variegata,same-order,7,1,792,16607,6347,243.21250009536743,,55.62181502764827,0.8480039672700224,0.6783022610075367,0.7537190082644628,10260,4866,1839
Homo_sapiens,Varecia_variegata,same-order,7,2,792,16587,6308,222.35021305084229,,55.26938380471018,0.8363710333604557,0.687374615487495,0.7545881662017325,10279,4675,2011
Gorilla_gorilla,Homo_sapiens,same-family,4,0,442,16407,436,118.3253984451294,,96.3789981894991,0.9898964854645758,0.973424356942582,0.9815913211838102,15970,436,163
Gorilla_gorilla,Homo_sapiens,same-family,4,1,442,16410,446,121.5138783454895,,96.35463817973324,0.9901389233440834,0.9728823887873248,0.9814348066637979,15965,445,159
Gorilla_gorilla,Homo_sapiens,same-family,4,2,442,16379,715,119.13682150840759,,94.53832226916113,0.9879540867810293,0.9564659909634876,0.9719550784885524,15665,713,191
Homo_sapiens,Varecia_variegata,same-order,8,1,905,0,0,267.5333662033081,"MIA exited -11; stdout tail:

stderr tail:
Starting assembly of /tmp/mia_f4hxt58u/reads.fasta
using /tmp/mia_f4hxt58u/reference.fasta
as reference at Thu Oct  1 17:16:53 2026

Starting to align sequences to the reference...

Repeat and score filtering
Repeat and score filtering
Generating new assembly consensus
Starting assembly iteration 2
Repeat and score filtering
Starting assembly iteration 3
Repeat and score filtering
Starting assembly iteration 4
Repeat and score filtering
Starting assembl",nan,nan,nan,nan,0,0,0
Gorilla_gorilla,Homo_sapiens,same-family,5,0,553,16412,183,148.1450343132019,,97.95401050153902,0.9904192347592604,0.9889105532537168,0.9896643190341169,16230,182,157
Gorilla_gorilla,Homo_sapiens,same-family,5,2,553,16381,331,138.43119144439697,,96.8736797634136,0.9884229324465792,0.979854709724681,0.9841201716738197,16051,330,188
Homo_sapiens,Varecia_variegata,same-order,8,0,905,16626,5980,278.74495553970337,,57.555279234470454,0.850523288327874,0.7053133695508149,0.7711419361848538,10646,4448,1871
Gorilla_gorilla,Saimiri_boliviensis,same-order,1,0,110,16375,9977,30.41003656387329,,0.0,0.0,0.0,0.0,0,0,16471
Gorilla_gorilla,Homo_sapiens,same-family,5,1,553,16413,191,147.4010591506958,,97.82228388731374,0.98998778998779,0.9884791222188357,0.9892328808906512,16216,189,164
Homo_sapiens,Varecia_variegata,same-order,8,2,905,16665,5722,277.7317168712616,,59.19294639476389,0.8572659616137877,0.7226441259988113,0.7842195786154509,10943,4200,1822
Gorilla_gorilla,Saimiri_boliviensis,same-order,1,1,110,16388,10974,34.334630250930786,,0.0,0.0,0.0,0.0,0,0,16471
Gorilla_gorilla,Saimiri_boliviensis,same-order,1,2,110,16386,10983,36.929168939590454,,0.0,0.0,0.0,0.0,0,0,16471
Gorilla_gorilla,Homo_sapiens,same-family,6,0,663,16405,274,181.43462824821472,,97.36254451083349,0.9899361806578302,0.9833587320938738,0.9866364942968104,16132,273,164
Gorilla_gorilla,Homo_sapiens,same-family,6,1,663,16406,162,174.50749826431274,,98.04454101032047,0.9900658215504632,0.9901865171278801,0.9901261656609984,16245,161,163
Gorilla_gorilla,Saimiri_boliviensis,same-order,2,0,220,16366,8461,62.615787982940674,,0.0,0.0,0.0,0.0,0,0,16471
Gorilla_gorilla,Saimiri_boliviensis,same-order,2,1,220,16402,7986,63.69407916069031,,0.0,0.0,0.0,0.0,0,0,16471
Gorilla_gorilla,Saimiri_boliviensis,same-order,2,2,220,16391,8087,69.72129154205322,,0.0,0.0,0.0,0.0,0,0,16471
Gorilla_gorilla,Homo_sapiens,same-family,6,2,663,16399,139,195.76358556747437,,98.14110688635404,0.9896537033655894,0.9915848527349228,0.9906183368869936,16261,138,170
Gorilla_gorilla,Saimiri_boliviensis,same-order,3,0,330,16371,6636,92.62839794158936,,54.43693693693694,0.8743782219408519,0.6410290412412147,0.7397375569073033,9668,5414,1389
Gorilla_gorilla,Homo_sapiens,same-family,7,0,774,16405,94,214.9923131465912,,98.448910616211,0.9900461277008983,0.9943309966473636,0.9921839360116785,16312,93,164
Gorilla_gorilla,Homo_sapiens,same-family,7,1,774,16394,194,210.25976181030273,,97.77308388654194,0.9892532209806436,0.9882876837674617,0.9887702166615807,16201,192,176
Gorilla_gorilla,Saimiri_boliviensis,same-order,3,1,330,16389,6808,100.2995285987854,,52.98346513299784,0.8497560975609756,0.6483724707315422,0.7355289421157685,9581,5196,1694
Gorilla_gorilla,Saimiri_boliviensis,same-order,3,2,330,16371,7052,94.21576476097107,,0.0,0.0,0.0,0.0,0,0,16471
Gorilla_gorilla,Homo_sapiens,same-family,7,2,774,16418,148,229.5387270450592,,98.20146055887501,0.9908050176592376,0.9910464124741137,0.990925700365408,16271,147,151
Gorilla_gorilla,Saimiri_boliviensis,same-order,4,1,440,16380,5724,120.5660183429718,,59.66711499663752,0.8791181570473123,0.7094689145065636,0.785234899328859,10647,4360,1464
Gorilla_gorilla,Homo_sapiens,same-family,8,1,884,16390,57,237.63988876342773,,98.58168869575714,0.9891600557136802,0.9965832824893227,0.9928577941221166,16334,56,179
Gorilla_gorilla,Saimiri_boliviensis,same-order,4,0,440,16371,5717,130.34522032737732,,59.62496501539323,0.8769965420714638,0.7112238766108032,0.7854588356745198,10652,4325,1494
Gorilla_gorilla,Homo_sapiens,same-family,8,0,884,16403,107,247.4757080078125,,98.35838010742954,0.9899167830893518,0.9935377674815582,0.9917239700602446,16297,106,166
Gorilla_gorilla,Saimiri_boliviensis,same-order,4,2,440,16407,5900,118.92658805847168,,58.90894819466248,0.8802781501340483,0.6985108363249568,0.7789309807991698,10507,4535,1429
Gorilla_gorilla,Homo_sapiens,same-family,8,2,884,16406,89,240.36052203178406,,98.48512281972359,0.9901098234330441,0.9946361087407046,0.9923678049077143,16318,88,163
Gorilla_gorilla,Saimiri_sciureus,same-order,1,0,110,16366,10621,29.49637269973755,,0.0,0.0,0.0,0.0,0,0,16474
Gorilla_gorilla,Saimiri_sciureus,same-order,1,2,110,16369,10499,28.736297130584717,,0.0,0.0,0.0,0.0,0,0,16474
Gorilla_gorilla,Saimiri_boliviensis,same-order,5,1,550,16386,5752,149.33412909507751,,59.515008960573475,0.8784822683309912,0.7084194387040864,0.7843383275518487,10627,4374,1470
Gorilla_gorilla,Saimiri_sciureus,same-order,1,1,110,16408,10331,35.21332764625549,,0.0,0.0,0.0,0.0,0,0,16474
Gorilla_gorilla,Saimiri_boliviensis,same-order,5,0,550,16388,5958,156.83855485916138,,57.681672381373744,0.8602771362586605,0.7058266224538133,0.7754358574030706,10430,4347,1694
Gorilla_gorilla,Saimiri_boliviensis,same-order,5,2,550,16337,5527,170.62470889091492,,60.55004761104576,0.8770079506733733,0.7228351721832164,0.7924929438070453,10810,4145,1516
Gorilla_gorilla,Saimiri_boliviensis,same-order,6,0,659,16364,4920,184.03742361068726,,64.12641488288692,0.8853473619062355,0.7634932283674695,0.8199176070213147,11444,3545,1482
Gorilla_gorilla,Saimiri_sciureus,same-order,2,0,220,16409,7437,70.33878707885742,,0.0,0.0,0.0,0.0,0,0,16474
Gorilla_gorilla,Saimiri_boliviensis,same-order,6,1,659,16351,4915,178.83063554763794,,64.09595336845645,0.8846600139243443,0.7634178905206943,0.8195793170172359,11436,3544,1491
Gorilla_gorilla,Saimiri_sciureus,same-order,2,1,220,16392,7860,61.654388427734375,,0.0,0.0,0.0,0.0,0,0,16474
Gorilla_gorilla,Saimiri_sciureus,same-order,2,2,220,16370,7523,59.03103804588318,,0.0,0.0,0.0,0.0,0,0,16474
Gorilla_gorilla,Saimiri_boliviensis,same-order,6,2,659,16382,4495,199.40314054489136,,66.66666666666667,0.8976306196840826,0.7815909541757587,0.8356014280159768,11820,3303,1348
Gorilla_gorilla,Saimiri_sciureus,same-order,3,0,330,16416,6560,89.92658543586731,,55.095309967018835,0.8699796981198694,0.6570228651423239,0.7486517280668439,9856,5145,1473
Gorilla_gorilla,Saimiri_boliviensis,same-order,7,0,769,16347,4982,212.26666808128357,,63.73373710183939,0.8844357976653696,0.7583744828506607,0.8165684724816784,11365,3621,1485
Gorilla_gorilla,Saimiri_boliviensis,same-order,7,1,769,16367,5021,212.06495451927185,,63.627187079407804,0.8856451487003356,0.7560975609756098,0.8157601466728979,11346,3660,1465
Gorilla_gorilla,Saimiri_sciureus,same-order,3,2,330,16385,6074,101.95230007171631,,57.65441135071224,0.8815426997245179,0.678235527884488,0.766639215392678,10240,4858,1376
Gorilla_gorilla,Saimiri_sciureus,same-order,3,1,330,16384,6795,108.33931064605713,,53.49511854951186,0.8615453728661275,0.6421348690818991,0.7358324060929285,9589,5344,1541
Gorilla_gorilla,Saimiri_boliviensis,same-order,7,2,769,16369,4717,220.04758882522583,,65.36519690339954,0.8888549851247235,0.7760756627147996,0.8286455925754721,11652,3362,1457
Gorilla_gorilla,Saimiri_sciureus,same-order,4,0,440,16371,6002,130.0290880203247,,57.35383594225344,0.8585741492092407,0.7022213192469186,0.7725664046492566,10369,4397,1708
Gorilla_gorilla,Saimiri_sciureus,same-order,4,2,440,16372,6112,116.3701491355896,,56.791763533709734,0.8582901120963694,0.6941813261163735,0.7675619061868783,10260,4520,1694
Gorilla_gorilla,Saimiri_sciureus,same-order,4,1,440,16363,6192,120.50250554084778,,56.65032861757825,0.8647338887944227,0.6833971645501579,0.7634452993056858,10171,4712,1591
Gorilla_gorilla,Saimiri_boliviensis,same-order,8,1,879,16372,5121,240.19092297554016,,63.0802870598789,0.8848604011010618,0.749716798827214,0.8117018974099993,11251,3756,1464
Gorilla_gorilla,Saimiri_boliviensis,same-order,8,2,879,16393,4611,244.81773948669434,,66.016697484171,0.890148080991236,0.7845774788572951,0.8340353236824408,11782,3235,1454
Gorilla_gorilla,Saimiri_boliviensis,same-order,8,0,879,16426,4436,270.9714398384094,,67.12305611899933,0.9001133358519078,0.7863885404977227,0.8394165727170236,11913,3236,1322
Gorilla_gorilla,Saimiri_sciureus,same-order,5,0,550,16358,5604,142.04994988441467,,60.402156818692426,0.8814754098360655,0.7155975512376896,0.789922138974585,10754,4274,1446
Gorilla_gorilla,Aotus_azarai,same-order,1,0,111,16387,11119,31.029279708862305,,0.0,0.0,0.0,0.0,0,0,16555
Gorilla_gorilla,Saimiri_sciureus,same-order,5,1,550,16407,5256,146.74092984199524,,62.18171620863713,0.8862509992006394,0.7366287954288752,0.8045426508472117,11087,3964,1423
Gorilla_gorilla,Saimiri_sciureus,same-order,5,2,550,16398,5284,149.6819953918457,,62.315671432576394,0.8855071309059039,0.7391101948526967,0.8057126286791357,11114,3923,1437
Gorilla_gorilla,Aotus_azarai,same-order,1,1,111,16364,10706,34.48245167732239,,0.0,0.0,0.0,0.0,0,0,16555
Gorilla_gorilla,Aotus_azarai,same-order,1,2,111,16387,10489,31.471198797225952,,0.0,0.0,0.0,0.0,0,0,16555
Gorilla_gorilla,Aotus_azarai,same-order,2,0,221,16477,8237,60.64074230194092,,0.0,0.0,0.0,0.0,0,0,16555
Gorilla_gorilla,Aotus_azarai,same-order,2,1,221,16401,7239,60.45596480369568,,0.0,0.0,0.0,0.0,0,0,16555
Gorilla_gorilla,Saimiri_sciureus,same-order,6,0,659,16404,4862,194.89667773246765,,64.60677301987126,0.8876413135430286,0.768800373010058,0.8239577384351799,11542,3471,1461
Gorilla_gorilla,Saimiri_sciureus,same-order,6,2,659,16393,5169,178.35394859313965,,62.77756026623413,0.8830841856805665,0.7488657592740859,0.8104556285652393,11224,3764,1486
Gorilla_gorilla,Aotus_azarai,same-order,2,2,221,16384,7593,63.848400592803955,,0.0,0.0,0.0,0.0,0,0,16555
Gorilla_gorilla,Saimiri_sciureus,same-order,6,1,659,16391,5044,185.19565773010254,,62.855390790500614,0.8793479956325067,0.7553426676492262,0.8126418970052974,11275,3652,1547
Gorilla_gorilla,Aotus_azarai,same-order,3,0,332,16390,6021,89.0915379524231,,57.8240017845193,0.8705398371253463,0.6906680876573636,0.7702421631258357,10369,4644,1542
Gorilla_gorilla,Saimiri_sciureus,same-order,7,1,769,16399,5287,203.06818389892578,,62.189388851578244,0.8832366266592481,0.7405531489503498,0.8056260421953164,11112,3893,1469
Gorilla_gorilla,Saimiri_sciureus,same-order,7,0,769,16400,5079,209.36991786956787,,63.47629796839729,0.8949713558243158,0.7422462716114557,0.8114854628093212,11248,3906,1320
Gorilla_gorilla,Aotus_azarai,same-order,3,1,332,16389,5801,93.04075527191162,,59.05387943142873,0.8817213321030115,0.6940244305051172,0.7766940072415578,10511,4634,1410
Gorilla_gorilla,Aotus_azarai,same-order,3,2,332,16390,6036,103.41482949256897,,57.83112210478975,0.8803594351732991,0.6786963119350795,0.7664853587661128,10287,4870,1398
Gorilla_gorilla,Aotus_azarai,same-order,4,0,442,16681,5603,129.77492380142212,,61.066387295985884,0.8838786911412609,0.7334437086092715,0.80166485703945,11075,4025,1455
Gorilla_gorilla,Saimiri_sciureus,same-order,7,2,769,16382,4451,262.1833028793335,,66.92802346570397,0.8981152070244494,0.7843072448439978,0.8373619393768305,11865,3263,1346
Gorilla_gorilla,Saimiri_sciureus,same-order,8,0,879,16380,4552,266.66867542266846,,66.19337390128466,0.8956999085086916,0.777704223487356,0.8325419885195947,11748,3358,1368
Gorilla_gorilla,Aotus_azarai,same-order,4,1,442,16402,5540,127.6263222694397,,60.43604977020513,0.8821893152253948,0.7133972874627853,0.788865315677811,10783,4332,1440
Gorilla_gorilla,Aotus_azarai,same-order,4,2,442,16396,4738,128.09733176231384,,65.12699483029894,0.8922247882986913,0.7647641042560211,0.823592112275715,11590,3565,1400
Gorilla_gorilla,Saimiri_sciureus,same-order,8,1,879,16404,4342,256.65473198890686,,67.54944497661576,0.8992573700397569,0.792280748132972,0.8423863396809781,11988,3143,1343
Gorilla_gorilla,Saimiri_sciureus,same-order,8,2,879,16352,4770,268.7762928009033,,64.90333426730176,0.885812619502868,0.7731126093051198,0.8256344453949244,11582,3399,1493
Gorilla_gorilla,Varecia_variegata,same-order,1,0,114,16403,11618,30.078065156936646,,0.0,0.0,0.0,0.0,0,0,16965
Gorilla_gorilla,Varecia_variegata,same-order,1,1,114,16356,11909,30.78049397468567,,0.0,0.0,0.0,0.0,0,0,16965
Gorilla_gorilla,Aotus_azarai,same-order,5,2,552,16388,4764,159.38692378997803,,64.59220255433564,0.8873412851096576,0.764097806639719,0.8211208431246885,11531,3560,1464
Gorilla_gorilla,Aotus_azarai,same-order,5,0,552,16369,4709,161.83059191703796,,65.52679177029165,0.8975689067822855,0.7610950630252101,0.8237174932499645,11593,3639,1323
Gorilla_gorilla,Aotus_azarai,same-order,5,1,552,16384,4098,168.476459980011,,68.87084954056034,0.9001620984379605,0.80375,0.8492284165160574,12217,2983,1355
Gorilla_gorilla,Varecia_variegata,same-order,1,2,114,16387,10746,36.47089338302612,,0.0,0.0,0.0,0.0,0,0,16965
Gorilla_gorilla,Aotus_azarai,same-order,6,0,663,16405,4411,191.73947095870972,,67.13294602064414,0.8998941478905187,0.7814326045564967,0.8364901430228064,11902,3329,1324
Gorilla_gorilla,Aotus_azarai,same-order,6,1,663,16430,3974,193.90551900863647,,69.70055161544524,0.9026168088053065,0.8136539851501413,0.8558297048863086,12383,2836,1336
Gorilla_gorilla,Aotus_azarai,same-order,6,2,663,16378,4332,203.21642899513245,,67.40906547285954,0.889791697444231,0.7997078935139083,0.8423481696444179,12046,3017,1492
Gorilla_gorilla,Varecia_variegata,same-order,2,2,227,16385,7678,78.36463713645935,,0.0,0.0,0.0,0.0,0,0,16965
Gorilla_gorilla,Varecia_variegata,same-order,2,1,227,16412,9834,82.14554738998413,,0.0,0.0,0.0,0.0,0,0,16965
Gorilla_gorilla,Varecia_variegata,same-order,2,0,227,16413,8573,85.66934823989868,,0.014983518130056937,0.00029477655936799903,0.625,0.0005892751915144371,5,3,16957
Gorilla_gorilla,Aotus_azarai,same-order,7,1,773,16369,4253,233.4216034412384,,67.72883650104338,0.8981377608256675,0.7904298031988416,0.8408486206413668,12009,3184,1362
Gorilla_gorilla,Aotus_azarai,same-order,7,0,773,16393,4184,243.75051045417786,,68.29063653652534,0.8915583467211917,0.8101526211015262,0.8489083576693089,12209,2861,1485
Gorilla_gorilla,Varecia_variegata,same-order,3,0,340,16414,7686,120.73449897766113,,0.03896415297925908,0.0007663738725461298,0.8666666666666667,0.0015313935681470138,13,2,16950
Gorilla_gorilla,Varecia_variegata,same-order,3,1,340,16582,8049,123.90057516098022,,0.0,0.0,0.0,0.0,0,0,16965
Gorilla_gorilla,Varecia_variegata,same-order,3,2,340,16387,6939,128.49442505836487,,0.0,0.0,0.0,0.0,0,0,16965
Gorilla_gorilla,Aotus_azarai,same-order,7,2,773,16421,4258,259.5239417552948,,68.12239377887975,0.9012226032503354,0.7937623112278398,0.8440860215053764,12089,3141,1325
Gorilla_gorilla,Varecia_variegata,same-order,4,0,453,0,0,162.5801784992218,"MIA exited -6; stdout tail:

stderr tail:
Starting assembly of /tmp/mia_zq8q4mak/reads.fasta
using /tmp/mia_zq8q4mak/reference.fasta
as reference at Thu Oct  1 17:33:43 2026

Starting to align sequences to the reference...

Repeat and score filtering
Repeat and score filtering
Generating new assembly consensus
Starting assembly iteration 2
Repeat and score filtering
Starting assembly iteration 3
Repeat and score filtering
Starting assembly iteration 4
Repeat and score filtering
Starting assembly",nan,nan,nan,nan,0,0,0
Gorilla_gorilla,Varecia_variegata,same-order,4,1,453,16420,6927,150.37998366355896,,0.0,0.0,0.0,0.0,0,0,16965
Gorilla_gorilla,Aotus_azarai,same-order,8,0,883,16363,3703,276.49755930900574,,70.97606099680439,0.8957124663930947,0.8394668788541874,0.8666780763306521,12660,2421,1474
Gorilla_gorilla,Aotus_azarai,same-order,8,1,883,0,0,300.13563323020935,timed out after 300s,nan,nan,nan,nan,0,0,0
Gorilla_gorilla,Varecia_variegata,same-order,4,2,453,16424,6448,148.46455454826355,,54.35446906035141,0.8396695608193543,0.6612892518090686,0.7398796702072347,9961,5102,1902
Gorilla_gorilla,Aotus_azarai,same-order,8,2,883,0,0,300.03149151802063,timed out after 300s,nan,nan,nan,nan,0,0,0
Saimiri_boliviensis,Homo_sapiens,same-order,1,0,111,0,0,38.60004496574402,"MIA exited -6; stdout tail:

stderr tail:
Starting assembly of /tmp/mia_pgi6pc36/reads.fasta
using /tmp/mia_pgi6pc36/reference.fasta
as reference at Thu Oct  1 17:36:57 2026

Starting to align sequences to the reference...

Repeat and score filtering
Repeat and score filtering
Generating new assembly consensus
Starting assembly iteration 2
Repeat and score filtering
Starting assembly iteration 3
Repeat and score filtering
Starting assembly iteration 4
Repeat and score filtering
Starting assembly",nan,nan,nan,nan,0,0,0
Gorilla_gorilla,Varecia_variegata,same-order,5,0,566,16408,6740,172.18805980682373,,52.859486057955166,0.837056277056277,0.6409865411390308,0.72601659595239,9668,5415,1882
Saimiri_boliviensis,Homo_sapiens,same-order,1,2,111,16503,10893,36.62771487236023,,0.0,0.0,0.0,0.0,0,0,16569
Saimiri_boliviensis,Homo_sapiens,same-order,1,1,111,16509,10292,45.65699744224548,,0.0,0.0,0.0,0.0,0,0,16569
Gorilla_gorilla,Varecia_variegata,same-order,5,2,566,16431,6378,188.63526463508606,,54.980842911877396,0.8452541231908448,0.6640883247388603,0.7437985931136616,10045,5081,1839
Gorilla_gorilla,Varecia_variegata,same-order,5,1,566,16397,6186,206.10966396331787,,56.021287101552645,0.8480192675026991,0.6746613809051867,0.7514718869590815,10211,4924,1830
Gorilla_gorilla,Varecia_variegata,same-order,6,0,679,16407,6165,218.89194679260254,,55.99080862238757,0.8454357703428336,0.6780177553994965,0.7525276664583257,10234,4860,1871
Saimiri_boliviensis,Homo_sapiens,same-order,2,0,221,16491,8102,81.00431275367737,,0.0,0.0,0.0,0.0,0,0,16569
Saimiri_boliviensis,Homo_sapiens,same-order,2,1,221,16497,8012,84.88425540924072,,0.0,0.0,0.0,0.0,0,0,16569
Gorilla_gorilla,Varecia_variegata,same-order,6,1,679,16380,6045,236.56145763397217,,56.22042104117935,0.8376560220457124,0.6907498997460233,0.7571428571428572,10335,4627,2003
Saimiri_boliviensis,Homo_sapiens,same-order,2,2,221,16483,9014,91.26555061340332,,0.0,0.0,0.0,0.0,0,0,16569
Gorilla_gorilla,Varecia_variegata,same-order,6,2,679,16424,6317,247.43210768699646,,55.299009684302675,0.8450668896321071,0.6688062466913711,0.7466755319148937,10107,5005,1853
Gorilla_gorilla,Varecia_variegata,same-order,7,0,792,0,0,300.05247807502747,timed out after 300s,nan,nan,nan,nan,0,0,0
Gorilla_gorilla,Varecia_variegata,same-order,7,1,792,0,0,300.0491187572479,timed out after 300s,nan,nan,nan,nan,0,0,0
Gorilla_gorilla,Varecia_variegata,same-order,7,2,792,0,0,300.1580185890198,timed out after 300s,nan,nan,nan,nan,0,0,0
Gorilla_gorilla,Varecia_variegata,same-order,8,0,905,0,0,300.15515184402466,timed out after 300s,nan,nan,nan,nan,0,0,0
Gorilla_gorilla,Varecia_variegata,same-order,8,1,905,0,0,300.144015789032,timed out after 300s,nan,nan,nan,nan,0,0,0
Saimiri_boliviensis,Homo_sapiens,same-order,3,1,332,18168,8172,179.89828419685364,,0.0,0.0,0.0,0.0,0,0,16569
Gorilla_gorilla,Varecia_variegata,same-order,8,2,905,0,0,300.1900019645691,timed out after 300s,nan,nan,nan,nan,0,0,0
Saimiri_boliviensis,Homo_sapiens,same-order,3,0,332,16544,6769,196.1522741317749,,54.02146255116716,0.8642477876106195,0.6495510475557034,0.7416745775583825,9766,5269,1534
Saimiri_boliviensis,Homo_sapiens,same-order,3,2,332,16499,6924,193.01501035690308,,0.0,0.0,0.0,0.0,0,0,16569
Saimiri_boliviensis,Gorilla_gorilla,same-order,1,0,110,16492,10628,56.109272480010986,,0.0,0.0,0.0,0.0,0,0,16364
Saimiri_boliviensis,Homo_sapiens,same-order,4,0,442,16553,5743,272.34168314933777,,58.91105297580118,0.8575848936845446,0.7316231217002843,0.7896120973044051,10809,3965,1795
Saimiri_boliviensis,Homo_sapiens,same-order,4,2,442,16495,6308,249.04570412635803,,56.415083891688354,0.8669162695711369,0.6789736754415195,0.7615203498150017,10188,4817,1564
Saimiri_boliviensis,Homo_sapiens,same-order,4,1,442,16526,5893,264.09164571762085,,58.09560313201555,0.8593180529683324,0.7153451995685005,0.7807498436292726,10610,4222,1737
Saimiri_boliviensis,Homo_sapiens,same-order,5,0,553,0,0,300.05376291275024,timed out after 300s,nan,nan,nan,nan,0,0,0
Saimiri_boliviensis,Homo_sapiens,same-order,5,1,553,0,0,300.0796184539795,timed out after 300s,nan,nan,nan,nan,0,0,0
Saimiri_boliviensis,Gorilla_gorilla,same-order,1,1,110,16504,10271,58.288408041000366,,0.0,0.0,0.0,0.0,0,0,16364
Saimiri_boliviensis,Homo_sapiens,same-order,5,2,553,0,0,300.07237434387207,timed out after 300s,nan,nan,nan,nan,0,0,0
Saimiri_boliviensis,Gorilla_gorilla,same-order,1,2,110,16474,10698,56.39935898780823,,0.0,0.0,0.0,0.0,0,0,16364
Saimiri_boliviensis,Homo_sapiens,same-order,6,0,663,0,0,300.1446714401245,timed out after 300s,nan,nan,nan,nan,0,0,0
Saimiri_boliviensis,Homo_sapiens,same-order,6,1,663,0,0,300.1543869972229,timed out after 300s,nan,nan,nan,nan,0,0,0
Saimiri_boliviensis,Homo_sapiens,same-order,6,2,663,0,0,300.14551758766174,timed out after 300s,nan,nan,nan,nan,0,0,0
Saimiri_boliviensis,Homo_sapiens,same-order,7,0,774,0,0,300.14123487472534,timed out after 300s,nan,nan,nan,nan,0,0,0
Saimiri_boliviensis,Homo_sapiens,same-order,7,1,774,0,0,300.15460443496704,timed out after 300s,nan,nan,nan,nan,0,0,0
Saimiri_boliviensis,Gorilla_gorilla,same-order,2,0,219,16464,8243,129.5646402835846,,0.0,0.0,0.0,0.0,0,0,16364
Saimiri_boliviensis,Homo_sapiens,same-order,7,2,774,0,0,300.15366864204407,timed out after 300s,nan,nan,nan,nan,0,0,0
Saimiri_boliviensis,Gorilla_gorilla,same-order,2,1,219,16486,8055,124.85125732421875,,0.0,0.0,0.0,0.0,0,0,16364
Saimiri_boliviensis,Homo_sapiens,same-order,8,0,884,0,0,300.15325951576233,timed out after 300s,nan,nan,nan,nan,0,0,0
Saimiri_boliviensis,Gorilla_gorilla,same-order,2,2,219,16533,8126,116.60357785224915,,0.0,0.0,0.0,0.0,0,0,16364
Saimiri_boliviensis,Homo_sapiens,same-order,8,1,884,0,0,300.14781165122986,timed out after 300s,nan,nan,nan,nan,0,0,0
Saimiri_boliviensis,Homo_sapiens,same-order,8,2,884,0,0,300.14879751205444,timed out after 300s,nan,nan,nan,nan,0,0,0
Saimiri_boliviensis,Gorilla_gorilla,same-order,3,0,328,16496,6232,171.1814467906952,,57.42419156316437,0.881635457825116,0.6849059121847058,0.7709178308547393,10264,4722,1378
Saimiri_boliviensis,Gorilla_gorilla,same-order,3,1,328,16500,6399,170.0428011417389,,56.493288590604024,0.879801411026914,0.6741190603310198,0.7633478178726619,10101,4883,1380
Saimiri_boliviensis,Gorilla_gorilla,same-order,3,2,328,16487,7096,177.0903627872467,,0.0,0.0,0.0,0.0,0,0,16364
Saimiri_boliviensis,Gorilla_gorilla,same-order,4,0,437,16472,6601,227.69060277938843,,55.278042224337796,0.876954513148543,0.6589892516189332,0.752506194015628,9871,5108,1385
Saimiri_boliviensis,Saimiri_sciureus,same-genus,1,0,110,16471,6647,54.146132707595825,,57.29282090161544,0.9356190476190476,0.6218508671983796,0.747129059244049,9824,5974,676
Saimiri_boliviensis,Gorilla_gorilla,same-order,4,1,437,16525,5894,240.91873478889465,,59.20509099028693,0.8842017507294706,0.7082470784641068,0.7865035224323321,10606,4369,1389
Saimiri_boliviensis,Gorilla_gorilla,same-order,4,2,437,16484,5658,232.64221572875977,,60.55384615384615,0.886123618501842,0.7229012221999599,0.7962336324849197,10824,4149,1391
Saimiri_boliviensis,Saimiri_sciureus,same-genus,1,1,110,16473,6280,54.000715255737305,,60.908276068120706,0.9749402199904352,0.6287318036022699,0.7644654441819476,10193,6019,262
Saimiri_boliviensis,Saimiri_sciureus,same-genus,1,2,110,16472,6263,56.013346672058105,,61.407518796992484,0.9852345107122177,0.6255131425770479,0.76520631113443,10209,6112,153
Saimiri_boliviensis,Gorilla_gorilla,same-order,5,0,546,16512,5971,291.39337682724,,58.898139352964186,0.8838671809491867,0.703718539288337,0.783571826797993,10541,4438,1385
Saimiri_boliviensis,Gorilla_gorilla,same-order,5,2,546,0,0,300.17240810394287,timed out after 300s,nan,nan,nan,nan,0,0,0
Saimiri_boliviensis,Gorilla_gorilla,same-order,5,1,546,16482,5468,284.06094908714294,,61.5569599015715,0.8872319845236176,0.7355162044771133,0.8042819042051808,11007,3958,1399
Saimiri_boliviensis,Gorilla_gorilla,same-order,6,0,655,0,0,300.15687799453735,timed out after 300s,nan,nan,nan,nan,0,0,0
Saimiri_boliviensis,Gorilla_gorilla,same-order,6,1,655,0,0,300.14556527137756,timed out after 300s,nan,nan,nan,nan,0,0,0
Saimiri_boliviensis,Gorilla_gorilla,same-order,6,2,655,0,0,300.1479272842407,timed out after 300s,nan,nan,nan,nan,0,0,0
Saimiri_boliviensis,Gorilla_gorilla,same-order,7,0,764,0,0,300.14686942100525,timed out after 300s,nan,nan,nan,nan,0,0,0
Saimiri_boliviensis,Gorilla_gorilla,same-order,7,1,764,0,0,300.14235043525696,timed out after 300s,nan,nan,nan,nan,0,0,0
Saimiri_boliviensis,Gorilla_gorilla,same-order,7,2,764,0,0,300.1468198299408,timed out after 300s,nan,nan,nan,nan,0,0,0
Saimiri_boliviensis,Gorilla_gorilla,same-order,8,0,873,0,0,300.1494312286377,timed out after 300s,nan,nan,nan,nan,0,0,0
Saimiri_boliviensis,Saimiri_sciureus,same-genus,2,0,220,16473,1886,110.30800700187683,,87.79416190189588,0.9903591554076991,0.8931545432280186,0.939248575383922,14587,1745,142
Saimiri_boliviensis,Saimiri_sciureus,same-genus,2,1,220,16472,2082,113.90560817718506,,86.91188017152867,0.9941278065630397,0.8780279455732504,0.9324779678589944,14390,1999,85
Saimiri_boliviensis,Saimiri_sciureus,same-genus,2,2,220,16473,2614,108.84951567649841,,83.36240601503759,0.9891513810577404,0.8490993750765837,0.9137902614314444,13859,2463,152
Saimiri_boliviensis,Gorilla_gorilla,same-order,8,1,873,0,0,300.145667552948,timed out after 300s,nan,nan,nan,nan,0,0,0
Saimiri_boliviensis,Gorilla_gorilla,same-order,8,2,873,0,0,300.1502540111542,timed out after 300s,nan,nan,nan,nan,0,0,0
Saimiri_boliviensis,Saimiri_sciureus,same-genus,3,0,330,16474,811,175.58252096176147,,94.90426563257392,0.9980883196329574,0.9525054731208952,0.9747642903818029,15663,781,30
Saimiri_boliviensis,Saimiri_sciureus,same-genus,3,2,330,16474,1084,177.32370781898499,,92.70525871935426,0.9918154282399948,0.9414571481005689,0.9659804167712779,15390,957,127
Saimiri_boliviensis,Saimiri_sciureus,same-genus,3,1,330,16474,942,180.04606866836548,,93.14542728635682,0.9872243055996949,0.9544644503164751,0.9705680184965318,15532,741,201
Saimiri_boliviensis,Saimiri_sciureus,same-genus,4,0,440,16474,334,226.00826573371887,,97.58162031438935,0.9959274342835986,0.9836665041443199,0.9897589992027964,16140,268,66
Saimiri_boliviensis,Saimiri_sciureus,same-genus,4,1,440,16474,498,236.46383333206177,,96.1251504211793,0.9909440516065005,0.9784419402253797,0.984653312788906,15976,352,146
Saimiri_boliviensis,Saimiri_sciureus,same-genus,4,2,440,16474,245,243.92758798599243,,98.39335515945193,0.9987691550249246,0.9863255135529354,0.9925083325688774,16229,225,20
Saimiri_boliviensis,Aotus_azarai,same-order,1,0,111,16512,7312,59.36846041679382,,0.0,0.0,0.0,0.0,0,0,16555
Saimiri_boliviensis,Saimiri_sciureus,same-genus,5,0,550,0,0,300.11469078063965,timed out after 300s,nan,nan,nan,nan,0,0,0
Saimiri_boliviensis,Saimiri_sciureus,same-genus,5,1,550,0,0,300.16848134994507,timed out after 300s,nan,nan,nan,nan,0,0,0
Saimiri_boliviensis,Saimiri_sciureus,same-genus,6,0,659,0,0,300.15191626548767,timed out after 300s,nan,nan,nan,nan,0,0,0
Saimiri_boliviensis,Saimiri_sciureus,same-genus,6,1,659,0,0,300.14923214912415,timed out after 300s,nan,nan,nan,nan,0,0,0
Saimiri_boliviensis,Saimiri_sciureus,same-genus,6,2,659,0,0,300.2391495704651,timed out after 300s,nan,nan,nan,nan,0,0,0
Saimiri_boliviensis,Aotus_azarai,same-order,1,1,111,16477,6973,74.0127022266388,,0.0,0.0,0.0,0.0,0,0,16555
Saimiri_boliviensis,Saimiri_sciureus,same-genus,7,0,769,0,0,300.14665365219116,timed out after 300s,nan,nan,nan,nan,0,0,0
Saimiri_boliviensis,Saimiri_sciureus,same-genus,5,2,550,16473,151,294.03036642074585,,98.96319650760928,0.9987761595887896,0.9919776346177221,0.995365288449811,16322,132,20
Saimiri_boliviensis,Aotus_azarai,same-order,1,2,111,16488,7098,84.85834956169128,,0.0,0.0,0.0,0.0,0,0,16555
Saimiri_boliviensis,Saimiri_sciureus,same-genus,7,1,769,0,0,300.1438844203949,timed out after 300s,nan,nan,nan,nan,0,0,0
Saimiri_boliviensis,Saimiri_sciureus,same-genus,7,2,769,0,0,300.14229583740234,timed out after 300s,nan,nan,nan,nan,0,0,0
Saimiri_boliviensis,Saimiri_sciureus,same-genus,8,0,879,0,0,300.14554500579834,timed out after 300s,nan,nan,nan,nan,0,0,0
Saimiri_boliviensis,Aotus_azarai,same-order,2,0,221,16479,2973,151.43200993537903,,79.22336931018302,0.9595737122557726,0.8448642562241961,0.8985729017664082,13506,2480,569
Saimiri_boliviensis,Aotus_azarai,same-order,2,1,221,16479,2955,150.38314270973206,,76.36922026957858,0.9240297274979355,0.8690699631091838,0.8957075676216523,13428,2023,1104
Saimiri_boliviensis,Aotus_azarai,same-order,2,2,221,16493,2533,144.84913110733032,,81.72131147540983,0.9596424888277759,0.874123246492986,0.9148887359486121,13958,2010,587
Saimiri_boliviensis,Saimiri_sciureus,same-genus,8,1,879,0,0,300.12663173675537,timed out after 300s,nan,nan,nan,nan,0,0,0
Saimiri_boliviensis,Saimiri_sciureus,same-genus,8,2,879,0,0,300.13443326950073,timed out after 300s,nan,nan,nan,nan,0,0,0
Saimiri_boliviensis,Aotus_azarai,same-order,3,0,332,16484,1632,167.08959341049194,,84.06633837097414,0.9262238852510134,0.9661722612542285,0.9457764192695897,14852,520,1183
Saimiri_boliviensis,Aotus_azarai,same-order,3,1,332,16479,1400,167.15959286689758,,88.56975036710719,0.965056,0.941907676931726,0.953341341594487,15079,930,546
Saimiri_boliviensis,Aotus_azarai,same-order,3,2,332,16493,1350,170.2523159980774,,88.91825229034531,0.9658713957642255,0.9451310861423221,0.9553886925795053,15141,879,535
Saimiri_boliviensis,Aotus_azarai,same-order,4,1,442,16481,764,174.3299217224121,,92.59455638034642,0.969586674892042,0.9785207321628688,0.9740332176499751,15717,345,493
Saimiri_boliviensis,Varecia_variegata,same-order,1,0,114,16487,11259,29.097344160079956,,0.0,0.0,0.0,0.0,0,0,16965
Saimiri_boliviensis,Aotus_azarai,same-order,4,0,442,16488,1049,197.59687876701355,,90.91390884465905,0.9689951672629135,0.9612726480293879,0.9651184597111959,15439,622,494
Saimiri_boliviensis,Aotus_azarai,same-order,4,2,442,16486,831,202.0479452610016,,92.15328467153284,0.968929875595717,0.9752071263938205,0.9720583669667805,15655,398,502
Saimiri_boliviensis,Aotus_azarai,same-order,5,2,552,16498,751,190.86419534683228,,92.86978060863412,0.9717371181734032,0.9782568180406287,0.9749860689740574,15747,350,458
Saimiri_boliviensis,Varecia_variegata,same-order,1,2,114,16492,11361,30.972798585891724,,0.0,0.0,0.0,0.0,0,0,16965
Saimiri_boliviensis,Varecia_variegata,same-order,1,1,114,16491,12310,37.16248106956482,,0.0,0.0,0.0,0.0,0,0,16965
Saimiri_boliviensis,Aotus_azarai,same-order,5,0,552,16487,647,219.5887472629547,,93.40724141997877,0.9711237814971492,0.9848296443670729,0.9779286926994906,15840,244,471
Saimiri_boliviensis,Aotus_azarai,same-order,5,1,552,16486,650,215.42902970314026,,93.51048125184529,0.9724286152901443,0.983236061095244,0.9778024759964189,15836,270,449
Saimiri_boliviensis,Varecia_variegata,same-order,2,0,227,0,0,69.68072605133057,"MIA exited -11; stdout tail:

stderr tail:
Starting assembly of /tmp/mia_d8lq5pog/reads.fasta
using /tmp/mia_d8lq5pog/reference.fasta
as reference at Thu Oct  1 18:00:30 2026

Starting to align sequences to the reference...

Repeat and score filtering
Repeat and score filtering
Generating new assembly consensus
Starting assembly iteration 2
Repeat and score filtering
Starting assembly iteration 3
Repeat and score filtering
Starting assembly iteration 4
Repeat and score filtering
Starting assembl",nan,nan,nan,nan,0,0,0
Saimiri_boliviensis,Aotus_azarai,same-order,6,1,663,16486,838,213.99513387680054,,92.29680311430931,0.9709605361131795,0.9727108845651768,0.9718349222122162,15648,439,468
Saimiri_boliviensis,Aotus_azarai,same-order,6,0,663,16511,594,218.20941925048828,,93.74557887290733,0.9723037417461482,0.9876412867966712,0.9799125023106784,15903,199,453
Saimiri_boliviensis,Varecia_variegata,same-order,2,2,227,16548,9030,65.19640564918518,,0.0,0.0,0.0,0.0,0,0,16965
Saimiri_boliviensis,Varecia_variegata,same-order,2,1,227,19611,11759,83.8025016784668,,0.0,0.0,0.0,0.0,0,0,16965
Saimiri_boliviensis,Aotus_azarai,same-order,6,2,663,16485,745,208.79722023010254,,92.91617473435656,0.9719049089225069,0.977639751552795,0.9747638953398359,15740,360,455
Saimiri_boliviensis,Varecia_variegata,same-order,3,2,340,0,0,91.83203864097595,"MIA exited -6; stdout tail:

stderr tail:
Starting assembly of /tmp/mia_jqhndi1k/reads.fasta
using /tmp/mia_jqhndi1k/reference.fasta
as reference at Thu Oct  1 18:01:14 2026

Starting to align sequences to the reference...

Repeat and score filtering
Repeat and score filtering
Generating new assembly consensus
Starting assembly iteration 2
Repeat and score filtering
Starting assembly iteration 3
Repeat and score filtering
Starting assembly iteration 4
Repeat and score filtering
Starting assembly",nan,nan,nan,nan,0,0,0
Saimiri_boliviensis,Aotus_azarai,same-order,7,0,773,16484,692,222.22889709472656,,93.17363856274706,0.9713969367041889,0.9814791796146675,0.9764120320276996,15792,298,465
Saimiri_boliviensis,Aotus_azarai,same-order,7,1,773,16488,591,209.17199444770813,,93.5778196373911,0.9695066170640971,0.9901588290252258,0.9797238999137188,15897,158,500
Saimiri_boliviensis,Varecia_variegata,same-order,3,1,340,16653,8763,102.90707612037659,,0.0,0.0,0.0,0.0,0,0,16965
Saimiri_boliviensis,Varecia_variegata,same-order,3,0,340,16527,8814,104.07134771347046,,0.038832631358843385,0.0007663738725461298,0.8666666666666667,0.0015313935681470138,13,2,16950
Saimiri_boliviensis,Aotus_azarai,same-order,7,2,773,16485,517,211.68544936180115,,94.3010689186795,0.9727095516569201,0.9913702117091948,0.9819512345109614,15968,139,448
Saimiri_boliviensis,Varecia_variegata,same-order,4,0,453,0,0,135.48465156555176,"MIA exited -11; stdout tail:

stderr tail:
Starting assembly of /tmp/mia_lmxdj7qa/reads.fasta
using /tmp/mia_lmxdj7qa/reference.fasta
as reference at Thu Oct  1 18:01:24 2026

Starting to align sequences to the reference...

Repeat and score filtering
Repeat and score filtering
Generating new assembly consensus
Starting assembly iteration 2
Repeat and score filtering
Starting assembly iteration 3
Repeat and score filtering
Starting assembly iteration 4
Repeat and score filtering
Starting assembl",nan,nan,nan,nan,0,0,0
Saimiri_boliviensis,Aotus_azarai,same-order,8,0,883,16489,867,241.93960285186768,,92.301329394387,0.9728484244613277,0.9691668217631366,0.9710041333872019,15622,497,436
Saimiri_boliviensis,Aotus_azarai,same-order,8,1,883,16490,492,236.17657136917114,,94.37234544596508,0.9719319562575942,0.9940968122786304,0.9828894418333181,15998,95,462
Saimiri_boliviensis,Varecia_variegata,same-order,4,1,453,16515,7343,118.7632884979248,,0.0,0.0,0.0,0.0,0,0,16965
Saimiri_boliviensis,Varecia_variegata,same-order,4,2,453,0,0,116.32218194007874,"MIA exited -6; stdout tail:

stderr tail:
Starting assembly of /tmp/mia_1s8b4v_w/reads.fasta
using /tmp/mia_1s8b4v_w/reference.fasta
as reference at Thu Oct  1 18:01:56 2026

Starting to align sequences to the reference...

Repeat and score filtering
Repeat and score filtering
Generating new assembly consensus
Starting assembly iteration 2
Repeat and score filtering
Starting assembly iteration 3
Repeat and score filtering
Starting assembly iteration 4
Repeat and score filtering
Starting assembly",nan,nan,nan,nan,0,0,0
Saimiri_boliviensis,Aotus_azarai,same-order,8,2,883,16494,530,256.1389286518097,,94.22736394758589,0.9727029003168414,0.9911218724778047,0.9818260094098834,15964,143,448
Saimiri_sciureus,Homo_sapiens,same-order,1,0,111,0,0,28.487271547317505,"MIA exited -6; stdout tail:

stderr tail:
Starting assembly of /tmp/mia_nmk3n11v/reads.fasta
using /tmp/mia_nmk3n11v/reference.fasta
as reference at Thu Oct  1 18:03:48 2026

Starting to align sequences to the reference...

Repeat and score filtering
Repeat and score filtering
Generating new assembly consensus
Starting assembly iteration 2
Repeat and score filtering
Starting assembly iteration 3
Repeat and score filtering
Starting assembly iteration 4
Repeat and score filtering
Starting assembly",nan,nan,nan,nan,0,0,0
Saimiri_sciureus,Homo_sapiens,same-order,1,1,111,16510,10323,24.73690700531006,,0.0,0.0,0.0,0.0,0,0,16569
Saimiri_sciureus,Homo_sapiens,same-order,1,2,111,16503,10893,24.21777629852295,,0.0,0.0,0.0,0.0,0,0,16569
Saimiri_boliviensis,Varecia_variegata,same-order,5,0,566,16523,6870,139.42791604995728,,0.0,0.0,0.0,0.0,0,0,16965
Saimiri_boliviensis,Varecia_variegata,same-order,5,2,566,0,0,139.77759909629822,"MIA exited -6; stdout tail:

stderr tail:
Starting assembly of /tmp/mia_q31k93sn/reads.fasta
using /tmp/mia_q31k93sn/reference.fasta
as reference at Thu Oct  1 18:02:28 2026

Starting to align sequences to the reference...

Repeat and score filtering
Repeat and score filtering
Generating new assembly consensus
Starting assembly iteration 2
Repeat and score filtering
Starting assembly iteration 3
Repeat and score filtering
Starting assembly iteration 4
*** buffer overflow detected ***: terminated",nan,nan,nan,nan,0,0,0
Saimiri_sciureus,Homo_sapiens,same-order,2,0,221,16493,8104,53.65564155578613,,0.0,0.0,0.0,0.0,0,0,16569
Saimiri_sciureus,Homo_sapiens,same-order,2,1,221,16497,8114,48.21633839607239,,0.0,0.0,0.0,0.0,0,0,16569
Saimiri_boliviensis,Varecia_variegata,same-order,5,1,566,16633,7280,171.7391676902771,,0.0,0.0,0.0,0.0,0,0,16965
Saimiri_sciureus,Homo_sapiens,same-order,2,2,221,16484,9015,56.426132678985596,,0.0,0.0,0.0,0.0,0,0,16569
Saimiri_boliviensis,Varecia_variegata,same-order,6,1,679,17759,7712,166.46163654327393,,0.0,0.0,0.0,0.0,0,0,16965
Saimiri_boliviensis,Varecia_variegata,same-order,6,0,679,16554,6837,174.7060422897339,,0.0,0.0,0.0,0.0,0,0,16965
Saimiri_sciureus,Homo_sapiens,same-order,3,1,332,16544,6624,74.87274408340454,,54.736084983954854,0.8660597041057515,0.6578229935501031,0.7477137026679767,9893,5146,1530
Saimiri_sciureus,Homo_sapiens,same-order,3,0,332,16544,6690,85.39686036109924,,54.45845779400376,0.8651902627647421,0.6548054539408048,0.7454380252896191,9845,5190,1534
Saimiri_boliviensis,Varecia_variegata,same-order,7,0,792,16738,6120,183.38305735588074,,56.83021722684535,0.8560846560846561,0.6920444824636441,0.7653736991485336,10517,4680,1768
Saimiri_sciureus,Homo_sapiens,same-order,3,2,332,16497,6586,77.86267113685608,,55.01223854027592,0.8698979591836735,0.6553346587143803,0.7475243782598835,9889,5201,1479
Saimiri_boliviensis,Varecia_variegata,same-order,6,2,679,16513,6977,191.08316659927368,,0.0,0.0,0.0,0.0,0,0,16965
Saimiri_boliviensis,Varecia_variegata,same-order,7,2,792,16588,6546,200.31238508224487,,53.99317775732308,0.8413059984813971,0.6610978520286396,0.740394253257601,9972,5112,1881
Saimiri_boliviensis,Varecia_variegata,same-order,7,1,792,16523,6634,222.87743139266968,,53.63143779760276,0.8486186888369274,0.6439508444502858,0.7322522791809895,9799,5418,1748
Saimiri_boliviensis,Varecia_variegata,same-order,8,0,905,16993,6109,228.75442910194397,,57.50546579213992,0.8596938775510204,0.7092403814534692,0.7772532343507874,10784,4421,1760
Saimiri_sciureus,Homo_sapiens,same-order,4,1,442,16512,5881,104.36210489273071,,58.129212559592304,0.8592952612393682,0.7152103559870551,0.7806601170107076,10608,4224,1737
Saimiri_sciureus,Homo_sapiens,same-order,4,2,442,16497,6298,100.19846177101135,,56.47527822379713,0.8670520231213873,0.6797734088637121,0.7620755351339236,10200,4805,1564
Saimiri_sciureus,Homo_sapiens,same-order,4,0,442,16546,5667,117.60763263702393,,59.306509649983646,0.8582925674609436,0.736343329046233,0.7926549349655699,10878,3895,1796
Saimiri_boliviensis,Varecia_variegata,same-order,8,1,905,17172,7002,219.70556116104126,,53.224360664381756,0.8491629511230756,0.665304508304772,0.7460733951735098,10094,5078,1793
Saimiri_sciureus,Gorilla_gorilla,same-order,1,0,110,16494,10630,26.56058669090271,,0.0,0.0,0.0,0.0,0,0,16364
Saimiri_sciureus,Gorilla_gorilla,same-order,1,1,110,16507,10274,23.250560998916626,,0.0,0.0,0.0,0.0,0,0,16364
Saimiri_boliviensis,Varecia_variegata,same-order,8,2,905,16599,6438,238.7393832206726,,54.73237597911227,0.849328944036465,0.6628458498023715,0.7445887445887446,10062,5118,1785
Saimiri_sciureus,Homo_sapiens,same-order,5,1,553,16500,5171,131.8329780101776,,62.97121220557938,0.8857299498746867,0.7484447385837194,0.8113207547169811,11309,3801,1459
Saimiri_sciureus,Gorilla_gorilla,same-order,1,2,110,16475,10795,27.940447568893433,,0.0,0.0,0.0,0.0,0,0,16364
Saimiri_sciureus,Homo_sapiens,same-order,5,2,553,16484,5690,145.48880076408386,,59.49074074074074,0.8667094909266099,0.7239922194647528,0.7889485801995394,10794,4115,1660
Saimiri_sciureus,Homo_sapiens,same-order,5,0,553,16501,6293,168.3691372871399,,56.50705784666482,0.8671423717295277,0.6803065644785071,0.7624453822310192,10208,4797,1564
Saimiri_sciureus,Homo_sapiens,same-order,6,0,663,16510,4835,158.84880948066711,,64.75947116987001,0.8865399239543726,0.77323074882271,0.826017642682538,11658,3419,1492
Saimiri_sciureus,Gorilla_gorilla,same-order,2,0,219,16466,8390,53.19594049453735,,0.0,0.0,0.0,0.0,0,0,16364
Saimiri_sciureus,Gorilla_gorilla,same-order,2,2,219,16531,8124,50.94532346725464,,0.0,0.0,0.0,0.0,0,0,16364
Saimiri_sciureus,Homo_sapiens,same-order,6,1,663,16521,5464,183.33900952339172,,61.49905334669785,0.8848649947920839,0.7298440391223896,0.7999130844167602,11044,4088,1437
Saimiri_sciureus,Gorilla_gorilla,same-order,2,1,219,16486,8161,71.91391086578369,,0.0,0.0,0.0,0.0,0,0,16364
Saimiri_sciureus,Homo_sapiens,same-order,6,2,663,16521,5292,179.94998836517334,,62.331240624479136,0.8835945498936757,0.7434232323901663,0.8074708507269325,11219,3872,1478
Saimiri_sciureus,Homo_sapiens,same-order,7,0,774,16535,5176,193.98845601081848,,62.89374445430346,0.8833930518772395,0.7524548832271762,0.8126836259405232,11341,3731,1497
Saimiri_sciureus,Gorilla_gorilla,same-order,3,1,328,16477,6293,91.05125260353088,,57.014891949389764,0.8802835162935431,0.6798851725749383,0.7672141027572699,10184,4795,1385
Saimiri_sciureus,Homo_sapiens,same-order,7,1,774,16497,5060,199.5168137550354,,63.498056635202666,0.8831570005405823,0.7595642933049946,0.816711301553294,11436,3620,1513
Saimiri_sciureus,Gorilla_gorilla,same-order,3,0,328,16494,6179,96.82823872566223,,57.709522211032784,0.8820008550662677,0.6884009610250934,0.7732673638442221,10315,4669,1380
Saimiri_sciureus,Gorilla_gorilla,same-order,3,2,328,16483,7096,90.16315197944641,,0.0,0.0,0.0,0.0,0,0,16364
Saimiri_sciureus,Homo_sapiens,same-order,7,2,774,16504,5011,216.72687697410583,,63.73516690695353,0.8825245700245701,0.7642795398630228,0.8191568969817911,11494,3545,1530
Saimiri_sciureus,Gorilla_gorilla,same-order,4,1,437,16505,5910,131.0146939754486,,59.06576521204671,0.8836412271169439,0.7060512957520705,0.7849266753294969,10571,4401,1392
Saimiri_sciureus,Gorilla_gorilla,same-order,4,0,437,16472,6601,145.53010392189026,,55.278042224337796,0.876954513148543,0.6589892516189332,0.752506194015628,9871,5108,1385
Saimiri_sciureus,Gorilla_gorilla,same-order,4,2,437,16484,5642,118.3269853591919,,60.64335664335665,0.8862725860518355,0.7239698123288586,0.7969416262314365,10840,4133,1391
Saimiri_sciureus,Homo_sapiens,same-order,8,2,884,16511,4711,231.3445062637329,,65.46798577145398,0.8883107088989441,0.780686638388123,0.8310286439960491,11779,3309,1481
Saimiri_sciureus,Homo_sapiens,same-order,8,1,884,16516,4760,252.88441634178162,,65.15395284327323,0.8861389873990795,0.7798140770252324,0.829583583512874,11744,3316,1509
Saimiri_sciureus,Homo_sapiens,same-order,8,0,884,16506,5387,273.9976098537445,,61.80745030346901,0.8842507767067633,0.734321249007674,0.8023419711590589,11100,4016,1453
Saimiri_sciureus,Gorilla_gorilla,same-order,5,0,546,16512,5977,157.47074437141418,,58.86461418114768,0.8838087248322147,0.7033179785032379,0.7833004944421726,10535,4444,1385
Saimiri_sciureus,Saimiri_boliviensis,same-genus,1,0,110,16472,5290,33.59781098365784,,66.654744873629,0.9735329966916246,0.6916558421475846,0.8087368459118359,11182,4985,304
Saimiri_sciureus,Saimiri_boliviensis,same-genus,1,1,110,16474,5736,36.60762000083923,,63.70053983508335,0.9655606510205916,0.6674540029835903,0.7892976588628762,10738,5350,383
Saimiri_sciureus,Gorilla_gorilla,same-order,5,1,546,16478,5413,155.87718057632446,,61.878391228953404,0.8877297167161544,0.7391914467089876,0.8066797928972508,11062,3903,1399
Saimiri_sciureus,Saimiri_boliviensis,same-genus,1,2,110,16472,5965,32.27650308609009,,62.34128396819746,0.9649187253191294,0.6530548822176643,0.7789309807991697,10507,5582,382
Saimiri_sciureus,Gorilla_gorilla,same-order,5,2,546,16516,5477,192.8171637058258,,61.81197155495828,0.8915361007914715,0.7349044670794221,0.8056782104149182,11039,3982,1343
Saimiri_sciureus,Gorilla_gorilla,same-order,6,1,655,16493,4864,179.24399161338806,,65.18472837360542,0.8963842417701026,0.7741011984021305,0.8307670322603695,11627,3393,1344
Saimiri_sciureus,Gorilla_gorilla,same-order,6,2,655,16526,5211,174.94802331924438,,63.34471754101114,0.8944580599256858,0.7528112316188702,0.8175446202760315,11314,3715,1335
Saimiri_sciureus,Gorilla_gorilla,same-order,6,0,655,16486,4860,200.59423756599426,,64.41762559640752,0.8962124170245998,0.7632856667775191,0.8244252873563218,11476,3559,1329
Saimiri_sciureus,Saimiri_boliviensis,same-genus,2,0,220,16472,2709,60.90338754653931,,82.8796820426352,0.9903576311434122,0.8424435330844097,0.910431964014024,13763,2574,134
Saimiri_sciureus,Saimiri_boliviensis,same-genus,2,1,220,16472,2308,59.999229192733765,,85.26366482061161,0.9902125279642058,0.8673075745514666,0.9246939774767423,14164,2167,140
Saimiri_sciureus,Saimiri_boliviensis,same-genus,2,2,220,16471,2811,60.12227654457092,,82.49290416087928,0.9935990689554844,0.833791124946591,0.9067073777836779,13660,2723,88
Saimiri_sciureus,Gorilla_gorilla,same-order,7,1,764,16485,5191,205.10311937332153,,62.34878196983925,0.8746222394420767,0.7654279126542791,0.8163900039781562,11287,3459,1618
Saimiri_sciureus,Saimiri_boliviensis,same-genus,3,1,330,16471,722,86.62498784065247,,95.49478535047295,0.9986683576410906,0.957386018237082,0.9775915580384854,15749,701,21
Saimiri_sciureus,Saimiri_boliviensis,same-genus,3,0,330,16472,891,93.86752676963806,,94.07680231856057,0.9942569076638377,0.9511629326658935,0.9722326219892675,15581,800,90
Saimiri_sciureus,Gorilla_gorilla,same-order,7,0,764,16483,4901,231.8121075630188,,64.81160069425005,0.893623591168751,0.7724542906712932,0.8286327845382965,11576,3410,1378
Saimiri_sciureus,Gorilla_gorilla,same-order,7,2,764,16487,5058,222.69278621673584,,63.877710708696625,0.890525167523765,0.7640216592018183,0.8224373043572123,11429,3530,1405
Saimiri_sciureus,Saimiri_boliviensis,same-genus,3,2,330,16472,1164,95.27462244033813,,92.39497827136648,0.9937678525058427,0.9348396946564885,0.9634035054595802,15308,1067,96
Saimiri_sciureus,Saimiri_boliviensis,same-genus,4,0,440,16471,361,107.80853867530823,,97.37669245647969,0.9954890934931718,0.9824368825466521,0.9889199226543077,16110,288,73
Saimiri_sciureus,Saimiri_boliviensis,same-genus,4,1,440,16471,382,106.04970335960388,,97.3380119789461,0.9964080014863442,0.9802595503564248,0.9882678132678133,16089,324,58
Saimiri_sciureus,Saimiri_boliviensis,same-genus,4,2,440,16471,226,105.66622376441956,,98.27586206896552,0.9963812561334642,0.989824518644894,0.9930920650446265,16245,167,59
Saimiri_sciureus,Gorilla_gorilla,same-order,8,0,873,16484,4340,264.26399087905884,,68.17110138093635,0.9012913759833754,0.8077690568045763,0.8519713764557317,12144,2890,1330
Saimiri_sciureus,Gorilla_gorilla,same-order,8,1,873,16521,5169,249.09130024909973,,63.60020169197154,0.8952681388012619,0.7549880287310455,0.8191658247943427,11352,3684,1328
Saimiri_sciureus,Aotus_azarai,same-order,1,0,111,16512,7414,24.86302924156189,,0.0,0.0,0.0,0.0,0,0,16555
Saimiri_sciureus,Saimiri_boliviensis,same-genus,5,0,550,16472,209,142.64252305030823,,98.39666021297192,0.9965684171824254,0.990740176667682,0.9936457505957109,16263,152,56
Saimiri_sciureus,Aotus_azarai,same-order,1,1,111,16479,6975,25.8864643573761,,0.0,0.0,0.0,0.0,0,0,16555
Saimiri_sciureus,Saimiri_boliviensis,same-genus,5,2,550,16471,53,145.9460642337799,,99.38256658595641,0.9970243517337706,0.999756424308854,0.9983885189577063,16418,4,49
Saimiri_sciureus,Saimiri_boliviensis,same-genus,5,1,550,16471,63,165.80709171295166,,99.44242424242424,0.998235687777575,0.9979321250456149,0.9980838833297849,16408,34,29
Saimiri_sciureus,Aotus_azarai,same-order,1,2,111,16489,7099,25.168126821517944,,0.0,0.0,0.0,0.0,0,0,16555
Saimiri_sciureus,Saimiri_boliviensis,same-genus,6,0,659,16471,117,169.65300130844116,,99.03112510597069,0.9973775690675124,0.9954954954954955,0.9964356435643565,16354,74,43
Saimiri_sciureus,Gorilla_gorilla,same-order,8,2,873,16512,4983,296.545622587204,,64.49952442231299,0.8944060827061836,0.768379657401853,0.8266169510970889,11528,3475,1361
Saimiri_sciureus,Saimiri_boliviensis,same-genus,6,1,659,16471,47,154.61572766304016,,99.43092384065868,0.9971464999089309,1.0,0.9985712114303086,16424,0,47
Saimiri_sciureus,Aotus_azarai,same-order,2,0,221,16479,2973,51.855377435684204,,79.22336931018302,0.9595737122557726,0.8448642562241961,0.8985729017664082,13506,2480,569
Saimiri_sciureus,Aotus_azarai,same-order,2,1,221,16480,2956,50.11901545524597,,76.36922026957858,0.9240933177344987,0.8690137199068082,0.8957075676216523,13428,2024,1103
Saimiri_sciureus,Saimiri_boliviensis,same-genus,6,2,659,16471,36,169.524920463562,,99.5879537053869,0.9980567194996053,0.9997566761968489,0.998905974594299,16435,4,32
Saimiri_sciureus,Saimiri_boliviensis,same-genus,7,1,769,16471,20,167.1311435699463,,99.7634930260764,0.9988463873709775,0.99993921711646,0.9993925034931049,16451,1,19
Saimiri_sciureus,Aotus_azarai,same-order,2,2,221,16489,2690,72.75463771820068,,80.77868852459017,0.9589241034195163,0.8642570784264595,0.9091328413284132,13797,2167,591
Saimiri_sciureus,Aotus_azarai,same-order,3,0,332,16485,1646,87.6046290397644,,83.97849462365592,0.9260484273589615,0.965452179570592,0.9453398738612474,14839,531,1185
Saimiri_sciureus,Saimiri_boliviensis,same-genus,7,2,769,16471,65,198.71170091629028,,99.21383647798743,0.9960536700868192,1.0,0.9980229339659944,16406,0,65
Saimiri_sciureus,Saimiri_boliviensis,same-genus,7,0,769,16471,55,212.1248230934143,,99.37046004842615,0.9970239902824173,0.999634636463281,0.9983276066530848,16416,6,49
Saimiri_sciureus,Aotus_azarai,same-order,3,1,332,16479,1400,87.4876434803009,,88.56975036710719,0.965056,0.941907676931726,0.953341341594487,15079,930,546
Saimiri_sciureus,Aotus_azarai,same-order,3,2,332,16493,1350,85.83307218551636,,88.91825229034531,0.9658713957642255,0.9451310861423221,0.9553886925795053,15141,879,535
Saimiri_sciureus,Saimiri_boliviensis,same-genus,8,0,879,16471,21,222.6955168247223,,99.7453310696095,0.9987250318742031,1.0,0.9993621092919414,16450,0,21
Saimiri_sciureus,Aotus_azarai,same-order,4,0,442,16486,1047,110.32332396507263,,90.91390884465905,0.9688735487919674,0.9613923656516595,0.9651184597111959,15439,620,496
Saimiri_sciureus,Aotus_azarai,same-order,4,2,442,16486,831,106.05581903457642,,92.15328467153284,0.968929875595717,0.9752071263938205,0.9720583669667805,15655,398,502
Saimiri_sciureus,Saimiri_boliviensis,same-genus,8,1,879,16471,12,202.94392919540405,,99.85439543772371,0.9992714467852589,1.0,0.9996355906468266,16459,0,12
Saimiri_sciureus,Saimiri_boliviensis,same-genus,8,2,879,16471,26,218.1073443889618,,99.68479117415288,0.9984214680347278,1.0,0.9992101105845181,16445,0,26
Saimiri_sciureus,Aotus_azarai,same-order,4,1,442,16479,936,138.10936760902405,,91.55278039585296,0.9690130307375772,0.9678664839955162,0.9684394180141447,15542,516,497
Saimiri_sciureus,Varecia_variegata,same-order,1,0,114,16494,11446,29.941683053970337,,0.0,0.0,0.0,0.0,0,0,16965
Saimiri_sciureus,Varecia_variegata,same-order,1,1,114,16493,12312,27.546316146850586,,0.0,0.0,0.0,0.0,0,0,16965
Saimiri_sciureus,Aotus_azarai,same-order,5,0,552,16482,792,134.37121748924255,,92.52270314895624,0.9705554868241989,0.9758069531687295,0.9731741355248876,15690,389,476
Saimiri_sciureus,Aotus_azarai,same-order,5,2,552,16496,936,132.3711278438568,,91.76692616183063,0.9712858926342073,0.9667598633115875,0.9690175930250663,15560,535,460
Saimiri_sciureus,Aotus_azarai,same-order,5,1,552,16484,648,149.0369713306427,,93.51048125184529,0.9723092036593602,0.9833581718827621,0.9778024759964189,15836,268,451
Saimiri_sciureus,Varecia_variegata,same-order,1,2,114,16493,11362,28.74922275543213,,0.0,0.0,0.0,0.0,0,0,16965
Saimiri_sciureus,Varecia_variegata,same-order,2,1,227,0,0,52.3168408870697,"MIA exited -11; stdout tail:

stderr tail:
Starting assembly of /tmp/mia_g_620zvh/reads.fasta
using /tmp/mia_g_620zvh/reference.fasta
as reference at Thu Oct  1 18:18:46 2026

Starting to align sequences to the reference...

Repeat and score filtering
Repeat and score filtering
Generating new assembly consensus
Starting assembly iteration 2
Repeat and score filtering
Starting assembly iteration 3
Repeat and score filtering
Starting assembly iteration 4
Repeat and score filtering
",nan,nan,nan,nan,0,0,0
Saimiri_sciureus,Varecia_variegata,same-order,2,0,227,16788,9337,52.917640686035156,,0.0,0.0,0.0,0.0,0,0,16965
Saimiri_sciureus,Aotus_azarai,same-order,6,1,663,16486,838,159.99444961547852,,92.29680311430931,0.9709605361131795,0.9727108845651768,0.9718349222122162,15648,439,468
Saimiri_sciureus,Varecia_variegata,same-order,2,2,227,16545,8929,65.12639880180359,,0.0,0.0,0.0,0.0,0,0,16965
Saimiri_sciureus,Aotus_azarai,same-order,6,2,663,16485,745,170.9153549671173,,92.91617473435656,0.9719049089225069,0.977639751552795,0.9747638953398359,15740,360,455
Saimiri_sciureus,Varecia_variegata,same-order,3,2,340,0,0,72.35631680488586,"MIA exited -6; stdout tail:

stderr tail:
Starting assembly of /tmp/mia_q03ik85x/reads.fasta
using /tmp/mia_q03ik85x/reference.fasta
as reference at Thu Oct  1 18:19:04 2026

Starting to align sequences to the reference...

Repeat and score filtering
Repeat and score filtering
Generating new assembly consensus
Starting assembly iteration 2
Repeat and score filtering
Starting assembly iteration 3
Repeat and score filtering
Starting assembly iteration 4
Repeat and score filtering
Starting assembly",nan,nan,nan,nan,0,0,0
Saimiri_sciureus,Aotus_azarai,same-order,6,0,663,16519,648,202.6559920310974,,93.4303558802734,0.9722256284488044,0.9847844988200224,0.978464766135999,15857,245,453
Saimiri_sciureus,Varecia_variegata,same-order,3,0,340,16551,8654,82.51345348358154,,0.038804811796662786,0.0007663738725461298,0.8666666666666667,0.0015313935681470138,13,2,16950
Saimiri_sciureus,Varecia_variegata,same-order,3,1,340,16557,8679,83.82287883758545,,0.0,0.0,0.0,0.0,0,0,16965
Saimiri_sciureus,Aotus_azarai,same-order,7,0,773,16484,692,196.75641345977783,,93.17363856274706,0.9713969367041889,0.9814791796146675,0.9764120320276996,15792,298,465
Saimiri_sciureus,Aotus_azarai,same-order,7,1,773,16488,607,201.47947669029236,,93.483635507417,0.9694768329161834,0.9891622547492993,0.9792206190652362,15881,174,500
Saimiri_sciureus,Aotus_azarai,same-order,7,2,773,16485,532,197.22695183753967,,94.21248449772634,0.9726845924029023,0.990438939591482,0.9814814814814815,15953,154,448
Saimiri_sciureus,Varecia_variegata,same-order,4,0,453,0,0,116.22400975227356,"MIA exited -11; stdout tail:

stderr tail:
Starting assembly of /tmp/mia_4ykzkzvc/reads.fasta
using /tmp/mia_4ykzkzvc/reference.fasta
as reference at Thu Oct  1 18:19:12 2026

Starting to align sequences to the reference...

Repeat and score filtering
Repeat and score filtering
Generating new assembly consensus
Starting assembly iteration 2
Repeat and score filtering
Starting assembly iteration 3
Repeat and score filtering
Starting assembly iteration 4
Repeat and score filtering
Starting assembl",nan,nan,nan,nan,0,0,0
Saimiri_sciureus,Aotus_azarai,same-order,8,1,883,16490,492,200.92002844810486,,94.37234544596508,0.9719319562575942,0.9940968122786304,0.9828894418333181,15998,95,462
Saimiri_sciureus,Aotus_azarai,same-order,8,0,883,16489,867,219.16657996177673,,92.301329394387,0.9728484244613277,0.9691668217631366,0.9710041333872019,15622,497,436
Saimiri_sciureus,Varecia_variegata,same-order,4,2,453,0,0,110.33557891845703,"MIA exited -6; stdout tail:

stderr tail:
Starting assembly of /tmp/mia_c62vir2t/reads.fasta
using /tmp/mia_c62vir2t/reference.fasta
as reference at Thu Oct  1 18:19:41 2026

Starting to align sequences to the reference...

Repeat and score filtering
Repeat and score filtering
Generating new assembly consensus
Starting assembly iteration 2
Repeat and score filtering
Starting assembly iteration 3
Repeat and score filtering
Starting assembly iteration 4
Repeat and score filtering
Starting assembly",nan,nan,nan,nan,0,0,0
Saimiri_sciureus,Varecia_variegata,same-order,4,1,453,16520,7230,107.4784574508667,,0.0,0.0,0.0,0.0,0,0,16965
Saimiri_sciureus,Aotus_azarai,same-order,8,2,883,16494,530,212.23987579345703,,94.22736394758589,0.9727029003168414,0.9911218724778047,0.9818260094098834,15964,143,448
Aotus_azarai,Homo_sapiens,same-order,1,0,111,16594,9337,28.822911262512207,,0.0,0.0,0.0,0.0,0,0,16569
Aotus_azarai,Homo_sapiens,same-order,1,1,111,16568,10042,23.7873272895813,,0.0,0.0,0.0,0.0,0,0,16569
Saimiri_sciureus,Varecia_variegata,same-order,5,0,566,16521,6868,132.0825493335724,,0.0,0.0,0.0,0.0,0,0,16965
Aotus_azarai,Homo_sapiens,same-order,1,2,111,16588,10102,27.470543146133423,,0.0,0.0,0.0,0.0,0,0,16569
Saimiri_sciureus,Varecia_variegata,same-order,5,2,566,0,0,143.7419731616974,"MIA exited -6; stdout tail:

stderr tail:
Starting assembly of /tmp/mia_jph1sqx8/reads.fasta
using /tmp/mia_jph1sqx8/reference.fasta
as reference at Thu Oct  1 18:20:09 2026

Starting to align sequences to the reference...

Repeat and score filtering
Repeat and score filtering
Generating new assembly consensus
Starting assembly iteration 2
Repeat and score filtering
Starting assembly iteration 3
Repeat and score filtering
Starting assembly iteration 4
*** buffer overflow detected ***: terminated",nan,nan,nan,nan,0,0,0
Aotus_azarai,Homo_sapiens,same-order,2,0,221,16555,7690,49.702462673187256,,0.0,0.0,0.0,0.0,0,0,16569
Saimiri_sciureus,Varecia_variegata,same-order,6,0,679,16556,6686,152.30285692214966,,52.74002157497303,0.8313212038768917,0.6526934116547627,0.7312567774744794,9778,5203,1984
Saimiri_sciureus,Varecia_variegata,same-order,5,1,566,16595,7240,168.57290887832642,,0.0,0.0,0.0,0.0,0,0,16965
Aotus_azarai,Homo_sapiens,same-order,2,1,221,16575,7730,49.305482625961304,,0.0,0.0,0.0,0.0,0,0,16569
Aotus_azarai,Homo_sapiens,same-order,2,2,221,16570,8509,59.8025484085083,,0.0,0.0,0.0,0.0,0,0,16569
Saimiri_sciureus,Varecia_variegata,same-order,6,1,679,16667,7038,178.2410066127777,,0.0,0.0,0.0,0.0,0,0,16965
Aotus_azarai,Homo_sapiens,same-order,3,1,332,16588,6306,74.83024334907532,,56.65819427561056,0.8716422985379123,0.680921707948735,0.76456772173135,10254,4805,1510
Aotus_azarai,Homo_sapiens,same-order,3,0,332,16572,6497,82.94884753227234,,55.77594326555488,0.8720547470547471,0.6670421415319374,0.7558942784201832,10067,5025,1477
Saimiri_sciureus,Varecia_variegata,same-order,6,2,679,16513,6977,196.9855670928955,,0.0,0.0,0.0,0.0,0,0,16965
Saimiri_sciureus,Varecia_variegata,same-order,7,0,792,16966,6311,200.53921580314636,,56.398483796914206,0.8568415929921324,0.695,0.7674815648952014,10564,4636,1765
Saimiri_sciureus,Varecia_variegata,same-order,7,1,792,16529,6593,185.81724548339844,,53.87098539147563,0.8492323615663274,0.6470394953013078,0.734474655924807,9846,5371,1748
Aotus_azarai,Homo_sapiens,same-order,3,2,332,16551,5746,87.3441231250763,,59.93450993450993,0.8804011087559106,0.715070851542842,0.789169833382052,10799,4303,1467
Saimiri_sciureus,Varecia_variegata,same-order,7,2,792,16583,6541,205.96219277381897,,54.00779896013865,0.8413059984813971,0.6610978520286396,0.740394253257601,9972,5112,1881
Aotus_azarai,Homo_sapiens,same-order,4,0,442,16565,4979,108.77070116996765,,64.09405255878285,0.8846888125238641,0.7693073909290126,0.8229736449527599,11585,3474,1510
Saimiri_sciureus,Varecia_variegata,same-order,8,0,905,16578,5624,229.82789254188538,,59.1783359668719,0.859528331750554,0.7150098749177091,0.7806368144900453,10861,4329,1775
Aotus_azarai,Homo_sapiens,same-order,4,2,442,16569,5595,105.354731798172,,60.531686062544814,0.8754087899816543,0.7313253814886387,0.7969067673540517,10975,4032,1562
Saimiri_sciureus,Varecia_variegata,same-order,8,1,905,18185,8395,234.08833193778992,,0.0,0.0,0.0,0.0,0,0,16965
Aotus_azarai,Homo_sapiens,same-order,4,1,442,16575,5478,132.8019199371338,,61.40778042167008,0.8812038434050663,0.7362170768924567,0.8022121014964215,11097,3976,1496
Aotus_azarai,Homo_sapiens,same-order,5,0,553,16557,5106,130.95407366752625,,63.42787502769776,0.8845113943607571,0.7595860421918535,0.8173025447018095,11450,3624,1495
Saimiri_sciureus,Varecia_variegata,same-order,8,2,905,16617,6456,233.37843418121338,,54.701597999782585,0.8496411988180667,0.6628029504741834,0.7446816382404085,10064,5120,1781
Aotus_azarai,Gorilla_gorilla,same-order,1,0,110,16582,9958,28.209867477416992,,0.0,0.0,0.0,0.0,0,0,16364
Aotus_azarai,Homo_sapiens,same-order,5,1,553,16557,5354,134.72831010818481,,62.013526998558596,0.883082024157259,0.7413838812301167,0.8060529634300126,11186,3902,1481
Aotus_azarai,Homo_sapiens,same-order,5,2,553,16561,5136,130.31663942337036,,63.09569827157767,0.8806844458147063,0.7606683975767259,0.8162886229683871,11426,3595,1548
Aotus_azarai,Gorilla_gorilla,same-order,1,1,110,16572,10026,30.517929077148438,,0.0,0.0,0.0,0.0,0,0,16364
Aotus_azarai,Gorilla_gorilla,same-order,1,2,110,16586,10193,33.29880881309509,,0.0,0.0,0.0,0.0,0,0,16364
Aotus_azarai,Gorilla_gorilla,same-order,2,1,219,16590,6978,51.238903522491455,,0.0,0.0,0.0,0.0,0,0,16364
Aotus_azarai,Gorilla_gorilla,same-order,2,0,219,16558,7962,53.20718860626221,,0.0,0.0,0.0,0.0,0,0,16364
Aotus_azarai,Gorilla_gorilla,same-order,2,2,219,16554,7510,49.812276124954224,,0.0,0.0,0.0,0.0,0,0,16364
Aotus_azarai,Homo_sapiens,same-order,6,0,663,16570,4558,168.83366703987122,,66.41381983278889,0.8894409016758119,0.7955299111287969,0.8398683657751015,11995,3083,1491
Aotus_azarai,Homo_sapiens,same-order,6,2,663,16562,4588,159.84757018089294,,66.45379831186139,0.8921941400134198,0.7913112477683,0.8387300252312867,11967,3156,1446
Aotus_azarai,Homo_sapiens,same-order,6,1,663,16582,5323,173.34156107902527,,62.41189855152894,0.8866987305842466,0.7431932328839546,0.8086284378932231,11246,3886,1437
Aotus_azarai,Gorilla_gorilla,same-order,3,0,328,16571,6041,77.63386869430542,,58.85311871227364,0.8885326132815796,0.6999933523898159,0.783074291663568,10530,4513,1321
Aotus_azarai,Gorilla_gorilla,same-order,3,2,328,16628,6869,78.94407939910889,,54.41143622961805,0.8838896952104499,0.6459824980111376,0.7464378734487513,9744,5340,1280
Aotus_azarai,Gorilla_gorilla,same-order,3,1,328,16588,6584,85.27372813224792,,54.86439828479145,0.8779966134925586,0.6570190063354452,0.7516020750686604,9852,5143,1369
Aotus_azarai,Homo_sapiens,same-order,7,2,774,16582,4441,196.60302591323853,,67.20540211435214,0.8910251706171571,0.8049588968443384,0.8458082268120233,12142,2942,1485
Aotus_azarai,Homo_sapiens,same-order,7,1,774,16541,4577,210.78848361968994,,66.25664893617021,0.8880802079465281,0.7939184703226663,0.838363655484278,11958,3104,1507
Aotus_azarai,Homo_sapiens,same-order,7,0,774,16554,4423,235.4060502052307,,67.26838480337703,0.8930757318781801,0.8010450426615517,0.8445606694560671,12111,3008,1450
Aotus_azarai,Homo_sapiens,same-order,8,0,884,16550,4392,210.0424506664276,,67.455424095984,0.89313819224829,0.8033871394548823,0.8458886218785916,12144,2972,1453
Aotus_azarai,Gorilla_gorilla,same-order,4,1,437,16573,5095,103.23793816566467,,63.02600736689363,0.8935749327425225,0.7519142419601837,0.8166467802003109,11293,3726,1345
Aotus_azarai,Gorilla_gorilla,same-order,4,0,437,16579,5568,133.31712460517883,,60.6096196868009,0.8928159499093755,0.7194449976764257,0.796808940847763,10837,4226,1301
Aotus_azarai,Gorilla_gorilla,same-order,4,2,437,16590,5018,126.37616991996765,,63.766415199776475,0.897373387857817,0.7577528388339199,0.8216741674167417,11411,3648,1305
Aotus_azarai,Homo_sapiens,same-order,8,1,884,16644,4445,239.1988081932068,,67.34457032329372,0.8935982987460586,0.80605900251356,0.8475743348982786,12186,2932,1451
Aotus_azarai,Gorilla_gorilla,same-order,5,0,546,16563,4849,133.8960657119751,,64.47177193963108,0.8968198429360081,0.7670412981312762,0.8268693096279304,11534,3503,1327
Aotus_azarai,Homo_sapiens,same-order,8,2,884,16573,4718,233.41320729255676,,65.70477247502775,0.891096560547904,0.7829652162412379,0.8335386673237354,11840,3282,1447
Aotus_azarai,Saimiri_boliviensis,same-order,1,0,110,16550,6456,32.06897306442261,,57.086302454473476,0.89916265811509,0.658061151313645,0.7599472990777338,10094,5245,1132
Aotus_azarai,Gorilla_gorilla,same-order,5,1,546,16559,5372,142.3503773212433,,62.661064425770306,0.8965213209361975,0.7420553307238108,0.8120076953791427,11185,3888,1291
Aotus_azarai,Gorilla_gorilla,same-order,5,2,546,16616,5259,146.0561923980713,,62.455416852429785,0.8940566414040686,0.7453445065176909,0.8129556417975409,11207,3829,1328
Aotus_azarai,Saimiri_boliviensis,same-order,1,1,110,16562,6214,28.99897575378418,,61.06095474125214,0.9641293207863598,0.6432923038667164,0.7716917111003392,10348,5738,385
Aotus_azarai,Saimiri_boliviensis,same-order,1,2,110,16551,6482,27.627809762954712,,59.01072496044072,0.9516113788866837,0.6309292562190614,0.7587792012057272,10069,5890,512
Aotus_azarai,Gorilla_gorilla,same-order,6,0,655,16578,4427,180.63326597213745,,66.98409141832848,0.9037182587666264,0.7924453280318091,0.8444318904032201,11958,3132,1274
Aotus_azarai,Saimiri_boliviensis,same-order,2,1,220,16550,3171,47.5048713684082,,78.84842055634135,0.9697035587446546,0.8334267738117486,0.8964154103852596,13379,2674,418
Aotus_azarai,Gorilla_gorilla,same-order,6,2,655,16574,4485,150.63991713523865,,66.64799148411676,0.9031964163692962,0.7883888925707468,0.8418966737438074,11896,3193,1275
Aotus_azarai,Saimiri_boliviensis,same-order,2,0,220,16547,3609,56.898515462875366,,75.53713218122373,0.9570234484799172,0.8142227816236627,0.8798667074705022,12938,2952,581
Aotus_azarai,Gorilla_gorilla,same-order,6,1,655,16599,4231,175.48499202728271,,68.1373917900028,0.90330223604324,0.810200557843007,0.8542220977454138,12200,2858,1306
Aotus_azarai,Saimiri_boliviensis,same-order,2,2,220,16560,3594,57.76793551445007,,76.28853847964227,0.9674675421578869,0.8086061739943873,0.8809321602065429,12966,3069,436
Aotus_azarai,Saimiri_boliviensis,same-order,3,1,330,16548,1622,72.68440771102905,,88.14941781429162,0.9757278377494275,0.9263354037267081,0.9503903138441931,14914,1186,371
Aotus_azarai,Saimiri_boliviensis,same-order,3,0,330,16558,2087,81.31214380264282,,84.84404315196998,0.9667312445721157,0.9059663181618982,0.9353629371081379,14471,1502,498
Aotus_azarai,Gorilla_gorilla,same-order,7,0,764,16545,4282,199.64367651939392,,67.72187359928283,0.90268857356236,0.8025363521678507,0.8496713648026433,12087,2974,1303
Aotus_azarai,Saimiri_boliviensis,same-order,3,2,330,16563,1866,81.77613377571106,,86.46311330744794,0.9712529738302934,0.9165003741581442,0.9430826488706365,14697,1339,435
Aotus_azarai,Gorilla_gorilla,same-order,7,1,764,16584,4288,205.90106105804443,,68.79127028539452,0.905294940717284,0.8152938055445019,0.8579404682974491,12293,2785,1286
Aotus_azarai,Gorilla_gorilla,same-order,7,2,764,16574,4718,201.86020684242249,,65.10512520216385,0.8958637096155322,0.7779036449656827,0.8327270133390398,11674,3333,1357
Aotus_azarai,Saimiri_boliviensis,same-order,4,0,440,16545,1134,106.8249306678772,,90.62095730918499,0.9709551411290323,0.9625858838226109,0.9667523994730569,15411,599,461
Aotus_azarai,Saimiri_boliviensis,same-order,4,1,440,16561,1100,107.82553172111511,,91.17230805519519,0.9749653171900619,0.9618638795570487,0.9683702868595766,15461,613,397
Aotus_azarai,Saimiri_boliviensis,same-order,4,2,440,16555,979,101.80455565452576,,91.98606271777004,0.9763068822865739,0.9678742310321258,0.972072268855119,15576,517,378
Aotus_azarai,Gorilla_gorilla,same-order,8,1,873,16585,4514,215.75848746299744,,66.57707598409766,0.9032209054998481,0.7879390324718356,0.84165073971827,11890,3200,1274
Aotus_azarai,Gorilla_gorilla,same-order,8,2,873,16581,3742,209.91898846626282,,70.90124908978883,0.908686288585786,0.8387225019878081,0.8723037695541312,12658,2434,1272
Aotus_azarai,Saimiri_boliviensis,same-order,5,0,550,16542,1002,119.9469382762909,,91.4802166745172,0.9723386945365793,0.9693056335392102,0.9708197950512372,15537,492,442
Aotus_azarai,Saimiri_sciureus,same-order,1,0,110,16565,7209,25.260648488998413,,0.0,0.0,0.0,0.0,0,0,16474
Aotus_azarai,Saimiri_sciureus,same-order,1,2,110,16551,7602,27.775040864944458,,0.0,0.0,0.0,0.0,0,0,16474
Aotus_azarai,Saimiri_sciureus,same-order,1,1,110,16549,6812,28.745291709899902,,0.0,0.0,0.0,0.0,0,0,16474
Aotus_azarai,Saimiri_boliviensis,same-order,5,1,550,16543,808,147.36445498466492,,92.94701399964558,0.976056075925811,0.9782405968293441,0.9771471154443272,15735,350,386
Aotus_azarai,Gorilla_gorilla,same-order,8,0,873,16594,3768,271.53359055519104,,70.64456515652125,0.9089926502377864,0.8353751407191576,0.8706304565374927,12615,2486,1263
Aotus_azarai,Saimiri_boliviensis,same-order,5,2,550,16552,824,149.99687886238098,,92.42522183698654,0.9712838880997962,0.9826315131825566,0.9769247492158141,15728,278,465
Aotus_azarai,Saimiri_sciureus,same-order,2,0,220,16553,2958,52.68771481513977,,80.04121283485428,0.969202252798175,0.8474629098616132,0.9042535501679471,13595,2447,432
Aotus_azarai,Saimiri_boliviensis,same-order,6,0,659,16542,791,170.22625017166138,,92.81673541543901,0.9735459546325483,0.9817989154148227,0.9776550183104711,15751,292,428
Aotus_azarai,Saimiri_boliviensis,same-order,6,2,659,16535,572,155.59677004814148,,94.42768411712511,0.9773464764587032,0.9914291037823738,0.9843374236911883,15963,138,370
Aotus_azarai,Saimiri_sciureus,same-order,2,1,220,16545,2800,51.44256520271301,,80.45068773778168,0.9621981099054953,0.8626208108447345,0.9096925775174559,13745,2189,540
Aotus_azarai,Saimiri_boliviensis,same-order,6,1,659,16542,824,175.1600570678711,,92.51868856318795,0.9723476647077018,0.9809036445332002,0.9766069154058841,15718,306,447
Aotus_azarai,Saimiri_sciureus,same-order,2,2,220,16557,3696,62.129563093185425,,74.82981323093036,0.9533022014676451,0.8117268366574097,0.8768365433782171,12861,2983,630
Aotus_azarai,Saimiri_sciureus,same-order,3,0,330,16537,1622,81.62158203125,,88.0200649159044,0.9733733603080337,0.9283580231544878,0.9503329191755073,14915,1151,408
Aotus_azarai,Saimiri_sciureus,same-order,3,1,330,16552,1655,85.8058340549469,,87.80070754716981,0.9733315903000196,0.9268641852359019,0.9495297305914235,14891,1175,408
Aotus_azarai,Saimiri_boliviensis,same-order,7,1,769,16538,562,194.85886788368225,,94.42080378250591,0.9766475119207727,0.9929765678413823,0.9847443523284125,15976,113,382
Aotus_azarai,Saimiri_sciureus,same-order,3,2,330,16542,1839,84.99079847335815,,86.40183346065699,0.9687047041770984,0.918994937183574,0.9431953042306828,14703,1296,475
Aotus_azarai,Saimiri_boliviensis,same-order,7,0,769,16547,784,210.11697220802307,,93.01351271611495,0.9752521190373075,0.9808350444900753,0.9780356145684681,15763,308,400
Aotus_azarai,Saimiri_boliviensis,same-order,7,2,769,16541,611,198.05961847305298,,93.95458566794456,0.974669603524229,0.9920906769633182,0.9833029844757878,15930,127,414
Aotus_azarai,Saimiri_boliviensis,same-order,8,0,879,16549,554,233.82512259483337,,94.53309692671395,0.9773310521813516,0.9934782608695653,0.9853385079775766,15995,105,371
Aotus_azarai,Saimiri_sciureus,same-order,4,0,440,16558,1234,143.54807496070862,,90.2314078784667,0.9730141596291828,0.9548258458470933,0.9638342034090195,15324,725,425
Aotus_azarai,Saimiri_sciureus,same-order,4,2,440,16549,1048,118.67917704582214,,91.3215106345372,0.9733735242401407,0.9657320872274143,0.969537749421405,15500,550,424
Aotus_azarai,Saimiri_sciureus,same-order,4,1,440,16541,1131,128.451806306839,,90.27004862046746,0.966750313676286,0.9665077772202709,0.9666290302346005,15410,534,530
Aotus_azarai,Saimiri_boliviensis,same-order,8,1,879,16546,536,240.77895307540894,,94.66650898770104,0.9776502198339033,0.9941012108040981,0.9858070872202209,16010,95,366
Aotus_azarai,Saimiri_boliviensis,same-order,8,2,879,16540,756,232.77157616615295,,93.26951486143119,0.9763097668089318,0.9811039283938339,0.9787009765927763,15784,304,383
Aotus_azarai,Saimiri_sciureus,same-order,5,0,550,16549,918,153.91893601417542,,92.43096209567737,0.9773650972300382,0.9701464746772592,0.9737424077246535,15631,481,362
Aotus_azarai,Saimiri_sciureus,same-order,5,1,550,16548,981,152.2938358783722,,91.55443157089925,0.9716015478716764,0.9717835070853361,0.9716925189600824,15567,452,455
Aotus_azarai,Varecia_variegata,same-order,1,0,114,16593,11270,34.559964418411255,,0.0,0.0,0.0,0.0,0,0,16965
Aotus_azarai,Varecia_variegata,same-order,1,2,114,16595,10641,37.106348276138306,,0.0,0.0,0.0,0.0,0,0,16965
Aotus_azarai,Varecia_variegata,same-order,1,1,114,16577,11478,38.402350425720215,,0.0,0.0,0.0,0.0,0,0,16965
Aotus_azarai,Saimiri_sciureus,same-order,5,2,550,16544,827,154.18488359451294,,92.85165711585041,0.9762111801242236,0.9767571934621838,0.9764841104656581,15717,374,383
Aotus_azarai,Varecia_variegata,same-order,2,0,227,16610,7872,68.42457699775696,,0.0,0.0,0.0,0.0,0,0,16965
Aotus_azarai,Varecia_variegata,same-order,2,2,227,16630,8201,58.28046464920044,,0.0,0.0,0.0,0.0,0,0,16965
Aotus_azarai,Varecia_variegata,same-order,2,1,227,16616,8104,63.42658853530884,,0.0,0.0,0.0,0.0,0,0,16965
Aotus_azarai,Saimiri_sciureus,same-order,6,0,659,16547,828,224.94811129570007,,92.89049110572661,0.9767586378324633,0.9762732919254659,0.9765159045725648,15718,382,374
Aotus_azarai,Saimiri_sciureus,same-order,6,1,659,16543,607,204.60778832435608,,94.12876550502067,0.976291122955339,0.9906135388823274,0.9834001851280469,15936,151,387
Aotus_azarai,Saimiri_sciureus,same-order,6,2,659,16547,796,207.68768215179443,,93.11302908489004,0.9771091811414392,0.978019248680534,0.9775640031031807,15751,354,369
Aotus_azarai,Varecia_variegata,same-order,3,0,340,16635,7254,95.29509735107422,,0.0,0.0,0.0,0.0,0,0,16965
Aotus_azarai,Varecia_variegata,same-order,3,1,340,16677,7384,93.61827516555786,,0.0,0.0,0.0,0.0,0,0,16965
Aotus_azarai,Varecia_variegata,same-order,3,2,340,16598,7357,93.86838960647583,,0.0,0.0,0.0,0.0,0,0,16965
Aotus_azarai,Saimiri_sciureus,same-order,7,0,769,16545,594,230.75842547416687,,94.35111794629125,0.9778690534575772,0.9899460063302923,0.983870470316114,15951,162,361
Aotus_azarai,Varecia_variegata,same-order,4,0,453,16636,6326,111.53132796287537,,55.808791684712,0.8488266776451214,0.6814065701632626,0.755958055290753,10309,4820,1836
Aotus_azarai,Saimiri_sciureus,same-order,7,1,769,16549,690,239.34924840927124,,93.59655335221908,0.9756982896517781,0.9863175570620063,0.9809791853524262,15859,220,395
Aotus_azarai,Saimiri_sciureus,same-order,7,2,769,16544,581,251.31904768943787,,94.2548417572036,0.9760317945582391,0.992600422832981,0.9842463853007368,15963,119,392
Aotus_azarai,Saimiri_sciureus,same-order,8,0,879,16543,611,254.2046971321106,,94.01628702938747,0.9753290480563208,0.9913508804679236,0.9832747022156392,15932,139,403
Aotus_azarai,Varecia_variegata,same-order,4,1,453,16613,6511,112.91310429573059,,54.57885353071479,0.8419736622770462,0.6703829053022762,0.7464440093102302,10102,4967,1896
Aotus_azarai,Varecia_variegata,same-order,4,2,453,16608,6265,110.38410377502441,,55.932295046506596,0.8459147787682997,0.6858298521318215,0.7575069576680825,10343,4738,1884
Aotus_azarai,Varecia_variegata,same-order,5,0,566,16595,6197,130.85915422439575,,56.28146143437077,0.8468805994461639,0.6892940006629101,0.7600043854840478,10398,4687,1880
Aotus_azarai,Saimiri_sciureus,same-order,8,1,879,16547,627,262.32192730903625,,93.99539469799846,0.9760882893930104,0.9898035314598359,0.9828980675433723,15920,164,390
Varecia_variegata,Homo_sapiens,same-order,1,0,111,17023,11132,31.693058013916016,,0.02382299514606474,0.00048291681757817216,0.7272727272727273,0.0009651927369246547,8,3,16558
Varecia_variegata,Homo_sapiens,same-order,1,1,111,16981,12291,28.950105667114258,,0.0,0.0,0.0,0.0,0,0,16569
Aotus_azarai,Saimiri_sciureus,same-order,8,2,879,16550,624,276.0509238243103,,93.85349755436384,0.9743652493117161,0.9919651199003425,0.9830864197530864,15926,129,419
Aotus_azarai,Varecia_variegata,same-order,5,2,566,16696,5966,141.98149180412292,,57.89246383070611,0.854365838113448,0.7084627072735681,0.7746036332117447,10724,4413,1828
Varecia_variegata,Homo_sapiens,same-order,1,2,111,17000,12194,31.7454514503479,,0.0,0.0,0.0,0.0,0,0,16569
Aotus_azarai,Varecia_variegata,same-order,5,1,566,16628,5935,162.55460691452026,,57.91583166332666,0.8535280970625798,0.7067415730337079,0.7732301684865138,10693,4437,1835
Aotus_azarai,Varecia_variegata,same-order,6,0,679,16625,5753,161.84656715393066,,58.818437567626056,0.8539784777315215,0.7197140209188402,0.7811186550274813,10872,4234,1859
Aotus_azarai,Varecia_variegata,same-order,6,1,679,16711,6110,168.76522016525269,,56.88329839273236,0.8483245149911817,0.7020500232203277,0.7682869277961303,10582,4491,1892
Varecia_variegata,Homo_sapiens,same-order,2,2,221,16950,9266,58.15267539024353,,0.0,0.0,0.0,0.0,0,0,16569
Varecia_variegata,Homo_sapiens,same-order,2,1,221,17004,9955,59.46889305114746,,0.10435923430138946,0.0021123785382340513,1.0,0.0042158516020236085,35,0,16534
Aotus_azarai,Varecia_variegata,same-order,6,2,679,16661,5706,177.00912427902222,,60.229960939649004,0.8783697047496791,0.7086542818305392,0.7844373589366963,10948,4501,1516
Varecia_variegata,Homo_sapiens,same-order,2,0,221,16964,9794,71.33599972724915,,0.0,0.0,0.0,0.0,0,0,16569
Aotus_azarai,Varecia_variegata,same-order,7,1,792,16619,5755,184.83151245117188,,58.902624159618306,0.8561746394514934,0.7175693527080581,0.7807682633224334,10864,4276,1825
Aotus_azarai,Varecia_variegata,same-order,7,0,792,16627,5153,203.92663669586182,,62.01428726052603,0.8609316303531179,0.7581712319703586,0.806290458767239,11459,3655,1851
Aotus_azarai,Varecia_variegata,same-order,7,2,792,16776,5629,193.28132271766663,,59.52368209793952,0.8535031847133758,0.7387088204038257,0.7919678142913091,11122,3934,1909
Varecia_variegata,Homo_sapiens,same-order,3,1,332,16969,7995,89.37738847732544,,0.0,0.0,0.0,0.0,0,0,16569
Varecia_variegata,Homo_sapiens,same-order,3,2,332,16991,8171,84.61796760559082,,0.0,0.0,0.0,0.0,0,0,16569
Varecia_variegata,Homo_sapiens,same-order,3,0,332,16986,7788,104.7085235118866,,0.0,0.0,0.0,0.0,0,0,16569
Aotus_azarai,Varecia_variegata,same-order,8,0,905,16653,5075,205.06733012199402,,62.600702892673695,0.8627421758569299,0.7655888381934801,0.8112672108748205,11578,3545,1842
Aotus_azarai,Varecia_variegata,same-order,8,1,905,16617,4805,213.31075263023376,,65.07604143707296,0.8852409864328011,0.765193728132694,0.8208514335360556,11810,3624,1531
Varecia_variegata,Homo_sapiens,same-order,4,1,442,16955,6793,113.04195618629456,,54.97481449385257,0.8706467661691543,0.67392603412788,0.7597589730154571,10150,4911,1508
Varecia_variegata,Homo_sapiens,same-order,4,0,442,16965,7106,135.63111972808838,,53.50643706882503,0.872144501505224,0.6512396694214876,0.7456754608425754,9850,5275,1444
Varecia_variegata,Homo_sapiens,same-order,4,2,442,16990,7675,126.80114078521729,,0.0,0.0,0.0,0.0,0,0,16569
Aotus_azarai,Varecia_variegata,same-order,8,2,905,16663,5068,251.14307570457458,,62.679218741546286,0.8642297650130548,0.764938923737207,0.8115586690017514,11585,3560,1820
Varecia_variegata,Gorilla_gorilla,same-order,1,0,110,16964,12222,29.931167125701904,,0.0,0.0,0.0,0.0,0,0,16364
Varecia_variegata,Homo_sapiens,same-order,5,0,553,16951,7285,134.1966302394867,,0.0,0.0,0.0,0.0,0,0,16569
Varecia_variegata,Homo_sapiens,same-order,5,1,553,17041,6892,134.01352953910828,,54.82368235740209,0.8769604020448835,0.6680969040860782,0.7584113900337204,10121,5028,1420
Varecia_variegata,Gorilla_gorilla,same-order,1,1,110,16991,10514,30.899400234222412,,0.0,0.0,0.0,0.0,0,0,16364
Varecia_variegata,Gorilla_gorilla,same-order,1,2,110,16967,12201,30.772685527801514,,0.0,0.0,0.0,0.0,0,0,16364
Varecia_variegata,Homo_sapiens,same-order,5,2,553,16971,7147,159.89508295059204,,52.90791599353796,0.8600315126050421,0.656312625250501,0.7444873834962492,9825,5145,1599
Varecia_variegata,Gorilla_gorilla,same-order,2,0,219,16956,9837,49.011943101882935,,0.0,0.0,0.0,0.0,0,0,16364
Varecia_variegata,Homo_sapiens,same-order,6,1,663,0,0,166.04018759727478,"MIA exited -11; stdout tail:

stderr tail:
Starting assembly of /tmp/mia_o1c_omrp/reads.fasta
using /tmp/mia_o1c_omrp/reference.fasta
as reference at Thu Oct  1 18:41:34 2026

Starting to align sequences to the reference...

Repeat and score filtering
Repeat and score filtering
Generating new assembly consensus
Starting assembly iteration 2
Repeat and score filtering
",nan,nan,nan,nan,0,0,0
Varecia_variegata,Gorilla_gorilla,same-order,2,1,219,16980,9616,49.55329465866089,,0.0,0.0,0.0,0.0,0,0,16364
Varecia_variegata,Homo_sapiens,same-order,6,0,663,17008,6616,181.38370776176453,,56.04484887877803,0.8767901025336836,0.684551769765134,0.7688363798484172,10347,4768,1454
Varecia_variegata,Gorilla_gorilla,same-order,2,2,219,16927,9837,50.09899926185608,,0.0,0.0,0.0,0.0,0,0,16364
Varecia_variegata,Homo_sapiens,same-order,6,2,663,16972,6362,189.29170298576355,,57.492936318191695,0.8807958045450762,0.6990156569994054,0.7794475138121547,10581,4556,1432
Varecia_variegata,Gorilla_gorilla,same-order,3,1,328,16952,8514,86.20592784881592,,0.0,0.0,0.0,0.0,0,0,16364
Varecia_variegata,Homo_sapiens,same-order,7,1,774,16964,6208,193.27692580223083,,58.369984253678666,0.8809309186265672,0.7111669753903149,0.7869980599582709,10750,4366,1453
Varecia_variegata,Homo_sapiens,same-order,7,0,774,17010,6606,203.59603762626648,,56.172103608973664,0.8777307366638442,0.6853553719008264,0.7697048449972155,10366,4759,1444
Varecia_variegata,Gorilla_gorilla,same-order,3,0,328,16974,8159,105.34946155548096,,0.0,0.0,0.0,0.0,0,0,16364
Varecia_variegata,Gorilla_gorilla,same-order,3,2,328,16973,8199,100.80080366134644,,0.0,0.0,0.0,0.0,0,0,16364
Varecia_variegata,Gorilla_gorilla,same-order,4,0,437,16940,7597,118.8781054019928,,0.0,0.0,0.0,0.0,0,0,16364
Varecia_variegata,Gorilla_gorilla,same-order,4,2,437,16972,7321,100.96754574775696,,52.45420448986248,0.871331828442438,0.6459602383024299,0.7419082032751595,9650,5289,1425
Varecia_variegata,Homo_sapiens,same-order,8,0,884,17029,6403,240.21532344818115,,57.27824109173616,0.8803895455302148,0.6989822891884747,0.779267663744198,10577,4555,1437
Varecia_variegata,Homo_sapiens,same-order,8,1,884,16953,6315,241.2326922416687,,57.63493355031191,0.8775914760056166,0.7042486909259628,0.7814223725821873,10625,4462,1482
Varecia_variegata,Homo_sapiens,same-order,7,2,774,16948,6443,251.97652316093445,,57.070624694177134,0.8789984927147881,0.6940624173499075,0.7756594990024386,10497,4627,1445
Varecia_variegata,Gorilla_gorilla,same-order,4,1,437,16966,7392,110.58112525939941,,52.02978099016358,0.8696521028249614,0.6413021635742514,0.7382219137944329,9574,5355,1435
Varecia_variegata,Homo_sapiens,same-order,8,2,884,16957,6786,220.1670024394989,,55.09206452664168,0.874622747262223,0.6710552431359577,0.7594339622641509,10143,4972,1454
Varecia_variegata,Saimiri_boliviensis,same-order,1,0,110,17001,11736,29.91804814338684,,0.0,0.0,0.0,0.0,0,0,16471
Varecia_variegata,Saimiri_boliviensis,same-order,1,2,110,16997,11932,28.89768624305725,,0.0,0.0,0.0,0.0,0,0,16471
Varecia_variegata,Saimiri_boliviensis,same-order,1,1,110,16970,13059,32.969247579574585,,0.0,0.0,0.0,0.0,0,0,16471
Varecia_variegata,Gorilla_gorilla,same-order,5,1,546,16968,7208,143.6802773475647,,53.456019279220065,0.8832579185520362,0.6474724691521826,0.7472056346654419,9760,5314,1290
Varecia_variegata,Gorilla_gorilla,same-order,5,2,546,17016,7019,143.47864627838135,,54.4790360394744,0.8829195016347089,0.6644058780504023,0.7582334193352558,9992,5047,1325
Varecia_variegata,Gorilla_gorilla,same-order,5,0,546,16977,7342,151.0047914981842,,52.673299803192656,0.8799086757990867,0.640241876536647,0.7411823531674294,9635,5414,1315
Varecia_variegata,Saimiri_boliviensis,same-order,2,0,220,16979,9766,60.24649477005005,,0.0,0.0,0.0,0.0,0,0,16471
Varecia_variegata,Saimiri_boliviensis,same-order,2,1,220,16978,10477,54.70694041252136,,0.0,0.0,0.0,0.0,0,0,16471
Varecia_variegata,Gorilla_gorilla,same-order,6,1,655,16970,6531,160.11452865600586,,57.113932362919996,0.8889362064560089,0.6930278884462151,0.7788515353904706,10437,4623,1304
Varecia_variegata,Saimiri_boliviensis,same-order,2,2,220,16992,10115,55.66055512428284,,0.0,0.0,0.0,0.0,0,0,16471
Varecia_variegata,Gorilla_gorilla,same-order,6,0,655,16969,6885,182.06774830818176,,55.29115034543261,0.8882233770809478,0.6680357734349123,0.7625529340592863,10084,5011,1269
Varecia_variegata,Gorilla_gorilla,same-order,6,2,655,16956,6799,190.78314065933228,,55.7586736934563,0.8896382587369712,0.6724708686440678,0.7659590513178237,10157,4947,1260
Varecia_variegata,Saimiri_boliviensis,same-order,3,2,330,16960,8588,90.32418775558472,,0.0,0.0,0.0,0.0,0,0,16471
Varecia_variegata,Saimiri_boliviensis,same-order,3,1,330,16968,8332,92.8538465499878,,0.0,0.0,0.0,0.0,0,0,16471
Varecia_variegata,Saimiri_boliviensis,same-order,3,0,330,16957,8725,102.89802479743958,,0.0,0.0,0.0,0.0,0,0,16471
Varecia_variegata,Gorilla_gorilla,same-order,7,1,764,16986,6595,215.05610632896423,,56.797550038280654,0.8887557761423927,0.6894583112055231,0.7765233644859814,10386,4678,1300
Varecia_variegata,Saimiri_boliviensis,same-order,4,0,440,16948,8163,125.69734525680542,,0.0,0.0,0.0,0.0,0,0,16471
Varecia_variegata,Gorilla_gorilla,same-order,7,2,764,16920,6647,223.13169717788696,,56.01417666303163,0.8785598221157958,0.6874330835117773,0.7713331080827421,10273,4671,1420
Varecia_variegata,Gorilla_gorilla,same-order,7,0,764,16973,6426,244.04599356651306,,57.623134532334774,0.8887109012730798,0.7006780111672427,0.783571826797993,10541,4503,1320
Varecia_variegata,Saimiri_boliviensis,same-order,4,1,440,16980,8200,124.3562400341034,,0.0,0.0,0.0,0.0,0,0,16471
Varecia_variegata,Gorilla_gorilla,same-order,8,2,873,16968,6286,211.11831712722778,,58.52067112621998,0.8936615590722599,0.7071021597985955,0.7895106705625624,10673,4421,1270
Varecia_variegata,Gorilla_gorilla,same-order,8,1,873,16977,6287,215.56807374954224,,58.581762384918896,0.8937379817740991,0.7082753594381501,0.7902713092333851,10690,4403,1271
Varecia_variegata,Saimiri_boliviensis,same-order,4,2,440,16987,8340,122.5420458316803,,0.0,0.0,0.0,0.0,0,0,16471
Varecia_variegata,Saimiri_boliviensis,same-order,5,1,550,16964,7195,132.9131247997284,,0.0,0.0,0.0,0.0,0,0,16471
Varecia_variegata,Gorilla_gorilla,same-order,8,0,873,16927,6141,251.8444788455963,,59.19420353496542,0.8930848861283643,0.7154514695150269,0.79445999705319,10784,4289,1291
Varecia_variegata,Saimiri_sciureus,same-order,1,1,110,17011,11685,28.398625373840332,,0.0,0.0,0.0,0.0,0,0,16474
Varecia_variegata,Saimiri_sciureus,same-order,1,0,110,16976,12019,30.00886297225952,,0.0,0.0,0.0,0.0,0,0,16474
Varecia_variegata,Saimiri_boliviensis,same-order,5,2,550,17000,7779,142.48162698745728,,0.0,0.0,0.0,0.0,0,0,16471
Varecia_variegata,Saimiri_boliviensis,same-order,5,0,550,16978,7767,150.79020404815674,,0.0,0.0,0.0,0.0,0,0,16471
Varecia_variegata,Saimiri_sciureus,same-order,1,2,110,16992,12894,34.777015924453735,,0.0,0.0,0.0,0.0,0,0,16474
Varecia_variegata,Saimiri_sciureus,same-order,2,1,220,16977,10031,53.98132348060608,,0.0,0.0,0.0,0.0,0,0,16474
Varecia_variegata,Saimiri_sciureus,same-order,2,2,220,16936,9815,50.07736802101135,,0.0,0.0,0.0,0.0,0,0,16474
Varecia_variegata,Saimiri_boliviensis,same-order,6,2,659,16988,6717,161.46004724502563,,54.78020788220009,0.8721020425751961,0.6751851604724094,0.7611132004512975,10119,4868,1484
Varecia_variegata,Saimiri_sciureus,same-order,2,0,220,17008,9820,64.92564749717712,,0.0,0.0,0.0,0.0,0,0,16474
Varecia_variegata,Saimiri_boliviensis,same-order,6,0,659,16979,7337,188.62610578536987,,0.0,0.0,0.0,0.0,0,0,16471
Varecia_variegata,Saimiri_sciureus,same-order,3,0,330,16964,8845,79.62884163856506,,0.0,0.0,0.0,0.0,0,0,16474
Varecia_variegata,Saimiri_boliviensis,same-order,6,1,659,22015,11301,198.2358055114746,,0.0,0.0,0.0,0.0,0,0,16471
Varecia_variegata,Saimiri_sciureus,same-order,3,1,330,16971,9022,89.58143424987793,,0.0,0.0,0.0,0.0,0,0,16474
Varecia_variegata,Saimiri_sciureus,same-order,3,2,330,16968,8627,88.47340226173401,,0.0,0.0,0.0,0.0,0,0,16474
Varecia_variegata,Saimiri_boliviensis,same-order,7,0,769,16988,7298,225.29575443267822,,0.0,0.0,0.0,0.0,0,0,16471
Varecia_variegata,Saimiri_boliviensis,same-order,7,1,769,17012,6883,212.58149361610413,,53.79949087363917,0.8725404075895994,0.661318242343542,0.7523860021208908,9933,5087,1451
Varecia_variegata,Saimiri_sciureus,same-order,4,0,440,16970,7934,114.41295647621155,,0.0,0.0,0.0,0.0,0,0,16474
Varecia_variegata,Saimiri_boliviensis,same-order,7,2,769,16976,6784,219.1634705066681,,54.35054008576236,0.8737347294938917,0.6664669861554846,0.7561546594170065,10013,5011,1447
Varecia_variegata,Saimiri_boliviensis,same-order,8,2,879,16988,6523,207.79565501213074,,59.68239460756312,0.9527630859018785,0.6549238387764057,0.7762546899959136,10448,5505,518
Varecia_variegata,Saimiri_boliviensis,same-order,8,0,879,16969,6488,231.30660152435303,,55.98348633820414,0.8774050740677678,0.6856496573747588,0.7697650969115284,10306,4725,1440
Varecia_variegata,Saimiri_sciureus,same-order,4,2,440,16978,7899,117.17689919471741,,0.0,0.0,0.0,0.0,0,0,16474
Varecia_variegata,Saimiri_sciureus,same-order,4,1,440,17005,8027,118.22018265724182,,0.0,0.0,0.0,0.0,0,0,16474
Varecia_variegata,Saimiri_sciureus,same-order,5,1,550,16950,7759,129.91285395622253,,0.0,0.0,0.0,0.0,0,0,16474
Varecia_variegata,Saimiri_sciureus,same-order,5,0,550,16938,6955,139.93228101730347,,54.233695652173914,0.8722139673105498,0.6647348787636558,0.7544701924167391,9979,5033,1462
Varecia_variegata,Aotus_azarai,same-order,1,0,111,16966,11654,28.728713750839233,,0.0,0.0,0.0,0.0,0,0,16555
Varecia_variegata,Saimiri_boliviensis,same-order,8,1,879,16953,6372,271.2812645435333,,56.406775980019546,0.8764130251391935,0.6923230707716913,0.773566641846612,10389,4617,1465
Varecia_variegata,Saimiri_sciureus,same-order,5,2,550,16951,6683,138.15990018844604,,54.82084690553746,0.8730007780755598,0.672975674775075,0.7600481710070751,10098,4907,1469
Varecia_variegata,Aotus_azarai,same-order,1,2,111,16983,11676,29.11478328704834,,0.0,0.0,0.0,0.0,0,0,16555
Varecia_variegata,Aotus_azarai,same-order,1,1,111,16997,12509,33.4435076713562,,0.0,0.0,0.0,0.0,0,0,16555
Varecia_variegata,Saimiri_sciureus,same-order,6,0,659,17021,7514,153.48115253448486,,0.0,0.0,0.0,0.0,0,0,16474
Varecia_variegata,Aotus_azarai,same-order,2,0,221,17011,9812,53.313297748565674,,0.0,0.0,0.0,0.0,0,0,16555
Varecia_variegata,Aotus_azarai,same-order,2,1,221,17022,8816,54.972691774368286,,0.0,0.0,0.0,0.0,0,0,16555
Varecia_variegata,Aotus_azarai,same-order,2,2,221,16949,8822,55.6350531578064,,0.0,0.0,0.0,0.0,0,0,16555
Varecia_variegata,Saimiri_sciureus,same-order,6,2,659,16952,7851,180.38468194007874,,0.0,0.0,0.0,0.0,0,0,16474
Varecia_variegata,Saimiri_sciureus,same-order,6,1,659,16993,7759,198.26898574829102,,0.0,0.0,0.0,0.0,0,0,16474
Varecia_variegata,Aotus_azarai,same-order,3,0,332,16954,7287,76.09719944000244,,0.047776881961241004,0.0009667089601836747,0.8,0.0019310844245971877,16,4,16535
Varecia_variegata,Saimiri_sciureus,same-order,7,0,769,16951,7183,208.12278175354004,,0.0,0.0,0.0,0.0,0,0,16474
Varecia_variegata,Aotus_azarai,same-order,3,2,332,16969,6931,88.83635830879211,,55.184167124793845,0.8915534239275247,0.6546237120125212,0.7549355093445644,10038,5296,1221
Varecia_variegata,Aotus_azarai,same-order,3,1,332,16972,7605,105.82909440994263,,0.0,0.0,0.0,0.0,0,0,16555
Varecia_variegata,Saimiri_sciureus,same-order,7,2,769,16976,6780,212.57524991035461,,58.19105807114715,0.9499440715883669,0.6394553554621322,0.7643727732983311,10191,5746,537
Varecia_variegata,Aotus_azarai,same-order,4,0,442,17025,6830,121.35209655761719,,55.13361462728551,0.8746245601990904,0.6752351927918379,0.7621041612143418,10192,4902,1461
Varecia_variegata,Aotus_azarai,same-order,4,1,442,16972,7123,112.75241470336914,,53.160252604307225,0.86364433532094,0.6566,0.7460233297985154,9849,5151,1555
Varecia_variegata,Saimiri_sciureus,same-order,7,1,769,16980,7190,237.54887461662292,,0.0,0.0,0.0,0.0,0,0,16474
Varecia_variegata,Aotus_azarai,same-order,4,2,442,16938,6650,111.95884490013123,,55.764540083473356,0.87193829985592,0.6838606753522999,0.7665313117013748,10288,4756,1511
Varecia_variegata,Saimiri_sciureus,same-order,8,0,879,16983,7081,243.61558771133423,,51.3968253968254,0.8351818416301264,0.6673078244143711,0.7418665037421721,9714,4843,1917
Varecia_variegata,Saimiri_sciureus,same-order,8,2,879,16941,6668,222.42965722084045,,54.39578177122566,0.8600595491280306,0.6817722031155169,0.7606078844417694,10110,4719,1645
Varecia_variegata,Saimiri_sciureus,same-order,8,1,879,16957,6641,246.9109241962433,,56.01954928047787,0.8761678274163411,0.6870005327650506,0.7701381112355355,10316,4700,1458
Varecia_variegata,Aotus_azarai,same-order,5,1,552,16955,6114,139.66682863235474,,59.83222032120978,0.9030403998334028,0.7043726853355857,0.7914294057526645,10841,4550,1164
Varecia_variegata,Aotus_azarai,same-order,5,0,552,17015,6496,147.01577830314636,,56.94940959809338,0.8790234930189783,0.6959226899655812,0.7768295836565814,10514,4594,1447
Varecia_variegata,Aotus_azarai,same-order,5,2,552,16996,6701,142.98050332069397,,55.36434525410056,0.8655624684714982,0.688352500668628,0.7668528864059591,10295,4661,1599
Varecia_variegata,Aotus_azarai,same-order,6,1,663,16966,5660,143.29740953445435,,61.35512242792768,0.8860749568762741,0.7483114819229241,0.8113871338311315,11301,3801,1453
Varecia_variegata,Aotus_azarai,same-order,6,0,663,0,0,162.90516543388367,"MIA exited -6; stdout tail:

stderr tail:
Starting assembly of /tmp/mia_1skm4mwi/reads.fasta
using /tmp/mia_1skm4mwi/reference.fasta
as reference at Thu Oct  1 18:55:43 2026

Starting to align sequences to the reference...

Repeat and score filtering
Repeat and score filtering
Generating new assembly consensus
Starting assembly iteration 2
Repeat and score filtering
Starting assembly iteration 3
Repeat and score filtering
Starting assembly iteration 4
Repeat and score filtering
Starting assembly",nan,nan,nan,nan,0,0,0
Varecia_variegata,Aotus_azarai,same-order,6,2,663,0,0,146.75567412376404,"MIA exited -6; stdout tail:

stderr tail:
Starting assembly of /tmp/mia_t6bw7wfv/reads.fasta
using /tmp/mia_t6bw7wfv/reference.fasta
as reference at Thu Oct  1 18:56:00 2026

Starting to align sequences to the reference...

Repeat and score filtering
Repeat and score filtering
Generating new assembly consensus
Starting assembly iteration 2
Repeat and score filtering
Starting assembly iteration 3
Repeat and score filtering
Starting assembly iteration 4
Repeat and score filtering
Starting assembly",nan,nan,nan,nan,0,0,0
Varecia_variegata,Aotus_azarai,same-order,7,0,773,16953,5484,155.00876140594482,,63.235375199867676,0.9064253536710661,0.7461453386246828,0.8185127033970881,11469,3902,1184
Varecia_variegata,Aotus_azarai,same-order,7,2,773,16976,5770,132.06496477127075,,60.665150037915716,0.8828629985811131,0.7432477271219059,0.807061790668348,11200,3869,1486
Varecia_variegata,Aotus_azarai,same-order,7,1,773,16962,5907,153.04692959785461,,59.83863980940004,0.880066894958987,0.734334507276231,0.8006230529595015,11051,3998,1506
Varecia_variegata,Aotus_azarai,same-order,8,0,883,17021,5216,140.66191840171814,,63.83312591309994,0.8898695029041261,0.781517058628685,0.8321811512415349,11797,3298,1460
Varecia_variegata,Aotus_azarai,same-order,8,1,883,0,0,139.14162755012512,"MIA exited -6; stdout tail:

stderr tail:
Starting assembly of /tmp/mia_q10wf3ms/reads.fasta
using /tmp/mia_q10wf3ms/reference.fasta
as reference at Thu Oct  1 18:56:50 2026

Starting to align sequences to the reference...

Repeat and score filtering
Repeat and score filtering
Generating new assembly consensus
Starting assembly iteration 2
Repeat and score filtering
Starting assembly iteration 3
Repeat and score filtering
Starting assembly iteration 4
Repeat and score filtering
Starting assembly",nan,nan,nan,nan,0,0,0
Varecia_variegata,Aotus_azarai,same-order,8,2,883,16981,5765,127.60135817527771,,60.56596640924556,0.8795388596972786,0.7467208202942939,0.8077061577241628,11215,3804,1536
