reference,target,divergence,depth,replicate,n_reads,theta_len,runtime_s,error,identity_pct,recall,precision,f1,c_theta,w_theta,u_t
Homo_sapiens,Gorilla_gorilla,same-family,1,1,110,16569,2.025895118713379,,88.27823359073359,0.9995218579234972,0.8946016995781623,0.944155886053489,14633,1724,7
Homo_sapiens,Gorilla_gorilla,same-family,2,1,219,16569,2.0547444820404053,,88.41698841698842,0.9995226079247085,0.896007825395855,0.9449387491940684,14656,1701,7
Homo_sapiens,Gorilla_gorilla,same-family,3,1,328,16569,2.015561819076538,,88.95994208494209,0.9995255202331729,0.9015100568563917,0.9479909996785599,14746,1611,7
Homo_sapiens,Gorilla_gorilla,same-family,2,2,219,16569,2.0508835315704346,,88.4773166023166,0.9995229332788115,0.8966191844470257,0.9452787624879149,14666,1691,7
Homo_sapiens,Gorilla_gorilla,same-family,2,0,219,16565,2.070730447769165,,88.61332367849384,0.9995235502314185,0.8977807666442502,0.9459241843537635,14685,1672,7
Homo_sapiens,Gorilla_gorilla,same-family,1,0,110,16569,2.079349994659424,,88.29029922779922,0.9995219232345308,0.8947239713883964,0.9442240072260396,14635,1722,7
Homo_sapiens,Gorilla_gorilla,same-family,1,2,110,16569,2.0734384059906006,,88.27220077220078,0.9995218252612883,0.8945405636730451,0.9441218221706026,14632,1725,7
Homo_sapiens,Gorilla_gorilla,same-family,3,0,328,16567,2.081500291824341,,88.95257632436346,0.9995254237288136,0.9013266491410405,0.9478895425466938,14743,1614,7
Homo_sapiens,Gorilla_gorilla,same-family,3,2,328,16566,1.8059897422790527,,88.94787644787645,0.9993222177036736,0.9015531368472545,0.9479233637649479,14744,1610,10
Homo_sapiens,Gorilla_gorilla,same-family,4,0,437,16569,2.1613850593566895,,90.105580693816,0.9995984204537849,0.913008925296491,0.9543435892520528,14935,1423,6
Homo_sapiens,Gorilla_gorilla,same-family,4,1,437,16569,2.244781970977783,,89.70197876447877,0.9995294433987632,0.909029773185792,0.9521339608747159,14869,1488,7
Homo_sapiens,Gorilla_gorilla,same-family,4,2,437,16566,2.7573366165161133,,89.93361496680748,0.9997316516838857,0.910880195599022,0.9532399411501311,14902,1458,4
Homo_sapiens,Gorilla_gorilla,same-family,5,0,546,16572,3.117715358734131,,91.40926640926641,0.9997360781208762,0.9261613691931541,0.9615433430638406,15152,1208,4
Homo_sapiens,Gorilla_gorilla,same-family,5,1,546,16561,3.0383825302124023,,91.27127852227454,0.9996694214876033,0.9242618741976893,0.9604878668530047,15120,1239,5
Homo_sapiens,Gorilla_gorilla,same-family,5,2,546,16560,3.1419830322265625,,91.54394012554322,0.9994728171334432,0.9273049645390071,0.9620373600583553,15167,1189,8
Homo_sapiens,Gorilla_gorilla,same-family,6,0,655,16568,4.511736869812012,,92.74032949127995,0.9998048272721358,0.939306888332009,0.9686121265599394,15368,993,3
Homo_sapiens,Gorilla_gorilla,same-family,6,1,655,16561,3.451866865158081,,92.47298847105692,0.999608508417069,0.9365448098789583,0.9670496149476077,15320,1038,6
Homo_sapiens,Gorilla_gorilla,same-family,6,2,655,16566,2.695734977722168,,92.66747133373566,0.9997395663780194,0.9385696821515892,0.9681894132854124,15355,1005,4
Homo_sapiens,Gorilla_gorilla,same-family,7,0,764,16565,3.5526833534240723,,93.54254677127338,0.999677523379555,0.947490677914298,0.9728847602309817,15500,859,5
Homo_sapiens,Gorilla_gorilla,same-family,7,1,764,16561,4.830166816711426,,93.72094427338043,0.9998711755233495,0.948722650042782,0.9736256154545739,15523,839,2
Homo_sapiens,Gorilla_gorilla,same-family,8,0,873,16562,5.328105688095093,,94.17411253320454,0.9998718030895456,0.9533675589781201,0.9760660764008385,15599,763,2
Homo_sapiens,Gorilla_gorilla,same-family,7,2,764,16560,6.808376312255859,,93.37116638493117,0.9997414350355527,0.9453545232273839,0.9717876217404965,15466,894,4
Homo_sapiens,Gorilla_gorilla,same-family,8,2,873,16560,5.943958044052124,,94.23413632795992,0.9998078278137211,0.9539759183423996,0.9763543100212687,15608,753,3
Homo_sapiens,Gorilla_gorilla,same-family,8,1,873,16562,6.120438575744629,,94.26467036947597,0.9998719262295082,0.9542843173206209,0.9765463756332478,15614,748,2
Homo_sapiens,Saimiri_boliviensis,same-order,1,0,110,16569,1.823662281036377,,74.12757862196064,0.9801902366166182,0.7687896911030273,0.8617138908085695,12469,3750,252
Homo_sapiens,Saimiri_boliviensis,same-order,1,2,110,16569,1.612638235092163,,74.12757862196064,0.9801902366166182,0.7687896911030273,0.8617138908085695,12469,3750,252
Homo_sapiens,Saimiri_boliviensis,same-order,1,1,110,16569,1.4150261878967285,,74.12757862196064,0.9801902366166182,0.7687896911030273,0.8617138908085695,12469,3750,252
Homo_sapiens,Saimiri_boliviensis,same-order,2,0,220,16569,1.625901460647583,,74.19297306937756,0.9802073515551367,0.7694679080091251,0.8621463852716659,12480,3739,252
Homo_sapiens,Saimiri_boliviensis,same-order,2,1,220,16568,1.600050926208496,,74.22845929713979,0.9804429783223374,0.769510541240291,0.8622642812737445,12483,3739,249
Homo_sapiens,Saimiri_boliviensis,same-order,2,2,220,16569,1.673572301864624,,74.18108316984721,0.9802042419481539,0.7693445958443801,0.8620677743618087,12478,3741,252
Homo_sapiens,Saimiri_boliviensis,same-order,3,0,330,16569,1.6523065567016602,,74.16765755053508,0.9802765990884803,0.7691122071516646,0.8619498376286878,12475,3745,251
Homo_sapiens,Saimiri_boliviensis,same-order,3,1,330,16571,1.556481122970581,,74.27620236609,0.9803829252981795,0.7702361136797978,0.8626963576730537,12494,3727,250
Homo_sapiens,Saimiri_boliviensis,same-order,3,2,330,16571,1.5466070175170898,,74.28809226562035,0.9803860034520634,0.7703594106405277,0.862774881762005,12496,3725,250
Homo_sapiens,Saimiri_boliviensis,same-order,4,0,440,16572,1.9537277221679688,,74.25242256702931,0.980453724782165,0.7699420540007398,0.8625392769586685,12490,3732,249
Homo_sapiens,Saimiri_boliviensis,same-order,4,2,440,16573,2.0970144271850586,,74.47529579642071,0.9807391168180395,0.7720184899845917,0.8639514432527503,12526,3699,246
Homo_sapiens,Saimiri_boliviensis,same-order,4,1,440,16571,2.0713374614715576,,74.28809226562035,0.9803860034520634,0.7703594106405277,0.862774881762005,12496,3725,250
Homo_sapiens,Saimiri_boliviensis,same-order,5,0,550,16572,1.9749462604522705,,74.64026638125817,0.9807797484178451,0.7736825885978428,0.865008269018743,12553,3672,246
Homo_sapiens,Saimiri_boliviensis,same-order,5,1,550,16573,2.1202571392059326,,74.58533975387908,0.9806159137095514,0.7733464833877828,0.8647344660026881,12546,3677,248
Homo_sapiens,Saimiri_boliviensis,same-order,5,2,550,16572,1.936863899230957,,74.70717640763422,0.9807211988760537,0.7744699211045365,0.8654773384763741,12565,3659,247
Homo_sapiens,Saimiri_boliviensis,same-order,6,0,659,16571,1.7787096500396729,,74.77697157130962,0.9810393258426966,0.7747719990140498,0.8657898361107286,12573,3655,243
Homo_sapiens,Saimiri_boliviensis,same-order,6,1,659,16571,2.1910488605499268,,74.849872168381,0.9806808444340578,0.7759970412377489,0.8664143152099105,12589,3634,248
Homo_sapiens,Saimiri_boliviensis,same-order,6,2,659,16572,2.1690006256103516,,74.69972648352955,0.9807947536888125,0.7742989214175655,0.8653991871598815,12563,3662,246
Homo_sapiens,Saimiri_boliviensis,same-order,7,0,769,16573,2.427333116531372,,74.78297062670948,0.9808922165028857,0.7751140145445581,0.8659460203800605,12577,3649,245
Homo_sapiens,Saimiri_boliviensis,same-order,7,1,769,16570,2.517453193664551,,75.03717361565455,0.9811027296057236,0.7774217402021197,0.867466565819782,12616,3612,243
Homo_sapiens,Saimiri_boliviensis,same-order,7,2,769,16577,1.928421974182129,,74.92271105826397,0.9810821331257299,0.7765590337687946,0.8669211983627421,12602,3626,243
Homo_sapiens,Saimiri_boliviensis,same-order,8,0,879,16574,2.083986282348633,,75.39550374687761,0.9814198343268561,0.7810362885835747,0.8698366954851104,12677,3554,240
Homo_sapiens,Saimiri_boliviensis,same-order,8,1,879,16573,2.1734061241149902,,75.2750847558437,0.9813895781637717,0.7797424681165671,0.8690218697428503,12656,3575,240
Homo_sapiens,Saimiri_boliviensis,same-order,8,2,879,16574,2.2129268646240234,,75.16056137012369,0.9812126387702819,0.7787910530531764,0.8683613878392306,12639,3590,242
Homo_sapiens,Saimiri_sciureus,same-order,1,0,110,16569,1.8414194583892822,,74.14581971596648,0.9795886324383734,0.7695818428518564,0.8619784470848301,12478,3736,260
Homo_sapiens,Saimiri_sciureus,same-order,1,1,110,16569,1.8811864852905273,,74.14581971596648,0.9795886324383734,0.7695818428518564,0.8619784470848301,12478,3736,260
Homo_sapiens,Saimiri_sciureus,same-order,1,2,110,16569,1.921241283416748,,74.14581971596648,0.9795886324383734,0.7695818428518564,0.8619784470848301,12478,3736,260
Homo_sapiens,Saimiri_sciureus,same-order,2,0,220,16570,1.8596489429473877,,74.3003149325569,0.9797069654469952,0.7711378353376503,0.8629995168748705,12504,3711,259
Homo_sapiens,Saimiri_sciureus,same-order,2,1,220,16569,1.7402210235595703,,74.14581971596648,0.9795886324383734,0.7695818428518564,0.8619784470848301,12478,3736,260
Homo_sapiens,Saimiri_sciureus,same-order,2,2,220,16569,1.635890245437622,,74.16958821082655,0.9795950400251138,0.769828543234242,0.8621356540958696,12482,3732,260
Homo_sapiens,Saimiri_sciureus,same-order,3,0,330,16568,2.7946877479553223,,74.29726035538123,0.9797037849698299,0.7710144927536232,0.862921038100497,12502,3713,259
Homo_sapiens,Saimiri_sciureus,same-order,3,1,330,16572,2.279552936553955,,74.43546470168766,0.9799718353935222,0.772351707978789,0.8638620689655173,12526,3692,256
Homo_sapiens,Saimiri_sciureus,same-order,3,2,330,16570,1.9174811840057373,,74.19929882940163,0.9796798995763377,0.7700894233734197,0.8623321017920652,12487,3728,259
Homo_sapiens,Saimiri_sciureus,same-order,4,0,440,16571,1.949199914932251,,74.46075227286232,0.9798264133239503,0.7727553034040454,0.8640579210480951,12531,3685,258
Homo_sapiens,Saimiri_sciureus,same-order,4,1,440,16569,1.69962477684021,,74.40727315942718,0.9796588953215459,0.7722955470580979,0.8637053386674024,12522,3692,260
Homo_sapiens,Saimiri_sciureus,same-order,4,2,440,16568,1.7723186016082764,,74.45177393474772,0.979745053570032,0.7726179463459759,0.8639404179022135,12528,3687,259
Homo_sapiens,Saimiri_sciureus,same-order,5,0,550,16572,1.793454885482788,,74.6612788210126,0.9800312012480499,0.7746947835738068,0.8653488532268062,12564,3654,256
Homo_sapiens,Saimiri_sciureus,same-order,5,1,550,16577,1.780717372894287,,74.65684235545784,0.9803370786516854,0.774503760325484,0.8653488532268063,12564,3658,252
Homo_sapiens,Saimiri_sciureus,same-order,6,0,659,16571,1.6746139526367188,,74.78901699750386,0.9801386400810032,0.7758801405758678,0.8661298093468237,12584,3635,255
Homo_sapiens,Saimiri_sciureus,same-order,5,2,550,16578,1.649817943572998,,74.67466872660289,0.9804181619597441,0.77464094187265,0.8654660652181398,12567,3656,251
Homo_sapiens,Saimiri_sciureus,same-order,6,1,659,16572,2.0346896648406982,,75.0341712723599,0.9802034003571152,0.7784696960355139,0.867766323024055,12626,3593,255
Homo_sapiens,Saimiri_sciureus,same-order,6,2,659,16572,2.0764026641845703,,74.61666468560561,0.9801701928331642,0.7740443896424167,0.8649970718936237,12555,3665,254
Homo_sapiens,Saimiri_sciureus,same-order,7,0,769,16575,2.162480354309082,,75.14114221192132,0.9804590570719603,0.7794353347306128,0.8684662408132426,12644,3578,252
Homo_sapiens,Saimiri_sciureus,same-order,7,1,769,16573,1.8239295482635498,,74.99702840841555,0.9803449347420758,0.7779421737254176,0.8674938988760182,12619,3602,253
Homo_sapiens,Saimiri_sciureus,same-order,7,2,769,16574,2.07039737701416,,75.0074294205052,0.9804987957423665,0.7779079085249337,0.8675328246373822,12620,3603,251
Homo_sapiens,Saimiri_sciureus,same-order,8,0,879,16574,2.017744779586792,,75.10699001426534,0.9805990997982307,0.7788461538461539,0.8681552731020269,12636,3588,250
Homo_sapiens,Saimiri_sciureus,same-order,8,2,879,16575,1.6677474975585938,,74.84994354311523,0.980384525570172,0.7764147454074714,0.8665588771543569,12595,3627,252
Homo_sapiens,Saimiri_sciureus,same-order,8,1,879,16577,1.73354172706604,,75.42796005706134,0.9809074746850119,0.7820299500831946,0.8702509943766287,12690,3537,247
Homo_sapiens,Aotus_azarai,same-order,1,0,111,16569,1.3082432746887207,,74.73959883340278,0.981859410430839,0.7692826073638425,0.8626683154712833,12557,3766,232
Homo_sapiens,Aotus_azarai,same-order,1,1,111,16569,2.398113250732422,,74.73959883340278,0.981859410430839,0.7692826073638425,0.8626683154712833,12557,3766,232
Homo_sapiens,Aotus_azarai,same-order,1,2,111,16569,2.394681453704834,,74.73959883340278,0.981859410430839,0.7692826073638425,0.8626683154712833,12557,3766,232
Homo_sapiens,Aotus_azarai,same-order,2,0,221,16569,2.5902888774871826,,74.77531099339325,0.9818679171551388,0.769650186852907,0.8629026718868055,12563,3760,232
Homo_sapiens,Aotus_azarai,same-order,4,1,442,16570,2.4840099811553955,,74.98363192667104,0.9819939200249435,0.7717471208037245,0.8642678283538572,12598,3726,231
Homo_sapiens,Aotus_azarai,same-order,3,1,332,16569,2.6502482891082764,,74.79316707338849,0.981872167526176,0.7698339765974392,0.8630198138800178,12566,3757,232
Homo_sapiens,Aotus_azarai,same-order,4,0,442,16570,2.695052146911621,,74.93006368668532,0.9819812792511701,0.7711957853467287,0.8639171012901454,12589,3735,231
Homo_sapiens,Aotus_azarai,same-order,3,2,332,16572,2.5472302436828613,,74.96428571428571,0.9822180627047262,0.7713603233907025,0.864111976397132,12594,3733,228
Homo_sapiens,Aotus_azarai,same-order,2,1,221,16569,2.5452332496643066,,74.73959883340278,0.981859410430839,0.7692826073638425,0.8626683154712833,12557,3766,232
Homo_sapiens,Aotus_azarai,same-order,4,2,442,16569,2.6558125019073486,,75.04761904761905,0.9820079445439676,0.7723597157559422,0.8646572711998081,12608,3716,231
Homo_sapiens,Aotus_azarai,same-order,2,2,221,16569,2.7078440189361572,,74.757454913398,0.981863664790494,0.7694663971083747,0.8627855057530484,12560,3763,232
Homo_sapiens,Aotus_azarai,same-order,5,0,552,16571,2.6709280014038086,,75.22171299327421,0.9821262045383898,0.7741500765696784,0.8658239989038469,12638,3687,230
Homo_sapiens,Aotus_azarai,same-order,3,0,332,16570,2.6431262493133545,,74.82887923337897,0.981957353745216,0.7701543739279588,0.8632540254746455,12572,3752,231
Homo_sapiens,Aotus_azarai,same-order,5,1,552,16573,2.4351301193237305,,75.11457651330278,0.9822540473225405,0.7729527776076438,0.8651242502142245,12620,3707,228
Homo_sapiens,Aotus_azarai,same-order,6,0,663,16571,2.7385952472686768,,75.19642857142857,0.9821956149898927,0.7737963983829474,0.8656297108400712,12633,3693,229
Homo_sapiens,Aotus_azarai,same-order,6,1,663,16574,2.583122491836548,,75.51190476190476,0.9824969021065675,0.7768999938759262,0.8676857836599295,12686,3643,226
Homo_sapiens,Aotus_azarai,same-order,5,2,552,16575,2.7032926082611084,,75.53571428571429,0.9825783972125436,0.777097366809553,0.8678406565224825,12690,3640,225
Homo_sapiens,Aotus_azarai,same-order,7,0,773,16574,3.1124935150146484,,75.5521161973927,0.9825810946814276,0.7772198407838334,0.8679180770677335,12692,3638,225
Homo_sapiens,Aotus_azarai,same-order,7,1,773,16570,3.2921345233917236,,75.58333333333333,0.9822091584158416,0.7778254211332313,0.8681502751854511,12698,3627,230
Homo_sapiens,Aotus_azarai,same-order,6,2,663,16572,3.1851584911346436,,75.47765013987262,0.982261812548412,0.7767364939360529,0.8674921329867288,12681,3645,229
Homo_sapiens,Aotus_azarai,same-order,8,0,883,16573,3.221395969390869,,75.5997380796476,0.9825158595079684,0.7777573641986649,0.8682276533925823,12700,3629,226
Homo_sapiens,Aotus_azarai,same-order,8,2,883,16578,3.319211483001709,,75.86740463012558,0.9826562861327373,0.7806491120636865,0.8700815616148517,12748,3582,225
Homo_sapiens,Aotus_azarai,same-order,7,2,773,16575,3.4412248134613037,,75.69642857142857,0.9826147426981919,0.7787507654623392,0.8688849412407762,12717,3613,225
Homo_sapiens,Aotus_azarai,same-order,8,1,883,16568,3.154475212097168,,75.94974395617483,0.9825899391418227,0.7811256047522812,0.8703514158990107,12755,3574,226
Homo_sapiens,Varecia_variegata,same-order,1,0,114,16569,3.1475229263305664,,70.82082659893788,0.9420300982800983,0.7568784700801974,0.8393651228022166,12269,3941,755
Homo_sapiens,Varecia_variegata,same-order,1,1,114,16569,2.5327625274658203,,70.82082659893788,0.9420300982800983,0.7568784700801974,0.8393651228022166,12269,3941,755
Homo_sapiens,Varecia_variegata,same-order,2,0,227,16569,2.3040106296539307,,70.82082659893788,0.9420300982800983,0.7568784700801974,0.8393651228022166,12269,3941,755
Homo_sapiens,Varecia_variegata,same-order,1,2,114,16569,2.401052951812744,,70.82082659893788,0.9420300982800983,0.7568784700801974,0.8393651228022166,12269,3941,755
Homo_sapiens,Varecia_variegata,same-order,2,1,227,16569,2.3863096237182617,,70.85546063264835,0.9420567920184191,0.757248611967921,0.8396032831737346,12275,3935,755
Homo_sapiens,Varecia_variegata,same-order,2,2,227,16569,2.4558115005493164,,70.82082659893788,0.9420300982800983,0.7568784700801974,0.8393651228022166,12269,3941,755
Homo_sapiens,Varecia_variegata,same-order,3,0,340,16569,2.4250144958496094,,70.89586700531055,0.9420879036588172,0.7576804441702653,0.8398810134372756,12282,3928,755
Homo_sapiens,Varecia_variegata,same-order,3,1,340,16568,2.576298713684082,,70.85377821393523,0.9420523447693606,0.7571869216533005,0.83956359656623,12274,3936,755
Homo_sapiens,Varecia_variegata,same-order,4,0,453,16569,2.849539041519165,,70.86700531055183,0.9420656844689994,0.7573719925971623,0.8396826482456741,12277,3933,755
Homo_sapiens,Varecia_variegata,same-order,4,2,453,16569,2.9484622478485107,,70.91895636111752,0.942105666743348,0.7579272054287477,0.8400396567638714,12286,3924,755
Homo_sapiens,Varecia_variegata,same-order,4,1,453,16569,2.89054274559021,,70.85546063264835,0.9420567920184191,0.757248611967921,0.8396032831737346,12275,3935,755
Homo_sapiens,Varecia_variegata,same-order,3,2,340,16569,2.6777477264404297,,70.8578686063965,0.9421969755123973,0.7570935109795214,0.83956359656623,12274,3938,753
Homo_sapiens,Varecia_variegata,same-order,5,0,566,16569,2.9901106357574463,,71.07313975639323,0.9422929741313333,0.7594843007834187,0.8410697817399323,12312,3899,754
Homo_sapiens,Varecia_variegata,same-order,5,1,566,16567,2.2945730686187744,,70.92714467151599,0.942105666743348,0.7579272054287477,0.8400396567638714,12286,3924,755
Homo_sapiens,Varecia_variegata,same-order,5,2,566,16568,2.8503854274749756,,71.01541303469376,0.9421766102473769,0.7589142504626774,0.8406737964260089,12302,3908,755
Homo_sapiens,Varecia_variegata,same-order,6,0,679,16575,3.0530784130096436,,71.28095595451134,0.9428833231521075,0.7614231978787692,0.842493091802272,12348,3869,748
Homo_sapiens,Varecia_variegata,same-order,6,2,679,16573,2.651979684829712,,71.29827397102119,0.9427524616441493,0.7617021276595745,0.8426115431846092,12351,3864,750
Homo_sapiens,Varecia_variegata,same-order,6,1,679,16569,2.7504172325134277,,71.24133949191686,0.942627960275019,0.761009004563957,0.8421375921375921,12339,3875,751
Homo_sapiens,Varecia_variegata,same-order,7,0,792,16574,2.2768163681030273,,71.342801062233,0.9429269037082253,0.7620398347413209,0.8428878354875012,12358,3859,748
Homo_sapiens,Varecia_variegata,same-order,7,1,792,16573,2.2746710777282715,,71.29495987529589,0.9428876842024891,0.7614848615650244,0.8425325782902368,12349,3868,748
Homo_sapiens,Varecia_variegata,same-order,7,2,792,16576,2.68743634223938,,71.43187066974596,0.9432753888380604,0.7627149990752728,0.8434400245423868,12372,3849,744
Homo_sapiens,Varecia_variegata,same-order,8,2,905,16572,2.651745319366455,,71.31062355658199,0.9428964043056722,0.7616081889375347,0.8426115431846091,12351,3866,748
Homo_sapiens,Varecia_variegata,same-order,8,0,905,16571,2.7029836177825928,,71.38980310641492,0.9429530201342282,0.7624098168588518,0.8431245524907088,12364,3853,748
Homo_sapiens,Varecia_variegata,same-order,8,1,905,16577,2.647214412689209,,71.62076332351752,0.9435569755058573,0.7645934783948715,0.8447001940821954,12404,3819,742
Gorilla_gorilla,Homo_sapiens,same-family,1,0,111,16364,2.4178805351257324,,88.27220077220078,0.9857181352735112,0.8945405636730451,0.9379186564533188,14632,1725,212
Gorilla_gorilla,Homo_sapiens,same-family,1,1,111,16364,2.0494298934936523,,88.27220077220078,0.9857181352735112,0.8945405636730451,0.9379186564533188,14632,1725,212
Gorilla_gorilla,Homo_sapiens,same-family,1,2,111,16364,2.2377145290374756,,88.27220077220078,0.9857181352735112,0.8945405636730451,0.9379186564533188,14632,1725,212
Gorilla_gorilla,Homo_sapiens,same-family,2,1,221,16364,2.3193225860595703,,88.36269305019304,0.9857325526616865,0.8954576022498013,0.9384290107637109,14647,1710,212
Gorilla_gorilla,Homo_sapiens,same-family,2,0,221,16364,2.401715040206909,,88.37475868725869,0.9857344727811049,0.8955798740600355,0.9384970209494523,14649,1708,212
Gorilla_gorilla,Homo_sapiens,same-family,2,2,221,16364,2.6096434593200684,,88.44715250965251,0.9857459826531298,0.8963135049214404,0.9389048991354467,14661,1696,212
Gorilla_gorilla,Homo_sapiens,same-family,3,0,332,16364,2.5879905223846436,,89.10472972972973,0.985849686290215,0.9029773185792016,0.9425954880500337,14770,1587,212
Gorilla_gorilla,Homo_sapiens,same-family,3,1,332,16364,2.2966573238372803,,89.06853281853282,0.9858440170940171,0.9026105031484991,0.9423930041808956,14764,1593,212
Gorilla_gorilla,Homo_sapiens,same-family,3,2,332,16364,3.0116801261901855,,88.91771235521236,0.9858203464651194,0.9010821055205722,0.9415484860099654,14739,1618,212
Gorilla_gorilla,Homo_sapiens,same-family,4,2,442,16364,3.223412275314331,,90.20873552123552,0.9860204418067919,0.9141651892156263,0.9487342173719941,14953,1404,212
Gorilla_gorilla,Homo_sapiens,same-family,4,0,442,16364,3.271260976791382,,90.05791505791505,0.985997357992074,0.9126367915876995,0.9478997999809506,14928,1429,212
Gorilla_gorilla,Homo_sapiens,same-family,4,1,442,16362,3.485090970993042,,89.91130151451155,0.9860375860243515,0.9109304315931043,0.9469971401334606,14901,1457,211
Gorilla_gorilla,Homo_sapiens,same-family,5,0,553,16364,3.666480541229248,,91.02316602316603,0.9861437908496732,0.9224185364064315,0.9532172979119942,15088,1269,212
Gorilla_gorilla,Homo_sapiens,same-family,5,1,553,16369,2.3320248126983643,,91.16795366795367,0.986487368627195,0.9236034714582569,0.9540102900792273,15112,1250,207
Gorilla_gorilla,Homo_sapiens,same-family,5,2,553,16361,3.1773316860198975,,91.12411754057806,0.9861564581428758,0.9232744390780705,0.9536800227337311,15102,1255,212
Gorilla_gorilla,Homo_sapiens,same-family,6,2,663,16369,4.25612998008728,,92.00048262548262,0.9866080093161674,0.9320376482092654,0.9585467802256513,15250,1112,207
Gorilla_gorilla,Homo_sapiens,same-family,6,0,663,16365,4.116130113601685,,92.17958001448226,0.9866304979655106,0.9336266960029336,0.9593970796043334,15276,1086,207
Gorilla_gorilla,Homo_sapiens,same-family,6,1,663,16367,3.8820550441741943,,92.25199131064446,0.9867682179048602,0.9342459056465412,0.9597890573500328,15288,1076,205
Gorilla_gorilla,Homo_sapiens,same-family,7,0,774,16372,4.974768400192261,,92.78002292056216,0.9867214061196998,0.9401051216232734,0.9628493630872274,15382,980,207
Gorilla_gorilla,Homo_sapiens,same-family,7,1,774,16360,4.630764007568359,,93.59724820469495,0.9865784619299027,0.9481599217508253,0.9669877489946695,15510,848,211
Gorilla_gorilla,Saimiri_boliviensis,same-order,1,0,110,16364,3.460617780685425,,74.11870503597122,0.9750768988090543,0.7652739090064995,0.8575293056807934,12363,3792,316
Gorilla_gorilla,Homo_sapiens,same-family,7,2,774,16366,5.392249822616577,,93.45884624668115,0.986873964572448,0.9465256982215975,0.9662788158592507,15488,875,206
Gorilla_gorilla,Homo_sapiens,same-family,8,0,884,16376,6.914827585220337,,94.45617421728902,0.9873258086890725,0.956622678396872,0.9717317777019271,15658,710,201
Gorilla_gorilla,Homo_sapiens,same-family,8,2,884,16372,6.73760724067688,,94.4806369887803,0.9870187157350809,0.9572205585772781,0.9718912881608339,15663,700,206
Gorilla_gorilla,Homo_sapiens,same-family,8,1,884,16377,6.884213447570801,,94.38378476201967,0.9873785182380411,0.955831144236056,0.971348750582027,15646,723,200
Gorilla_gorilla,Saimiri_boliviensis,same-order,1,1,110,16364,1.8468749523162842,,74.11870503597122,0.9750768988090543,0.7652739090064995,0.8575293056807934,12363,3792,316
Gorilla_gorilla,Saimiri_boliviensis,same-order,1,2,110,16364,2.501150608062744,,74.11870503597122,0.9750768988090543,0.7652739090064995,0.8575293056807934,12363,3792,316
Gorilla_gorilla,Saimiri_boliviensis,same-order,2,0,220,16366,2.525343418121338,,74.18175278743556,0.9751004648963832,0.766016713091922,0.8580045760244054,12375,3780,316
Gorilla_gorilla,Saimiri_boliviensis,same-order,2,1,220,16363,2.575115919113159,,74.2070867558007,0.9751043882454896,0.7661405137728258,0.858083749306711,12377,3778,316
Gorilla_gorilla,Saimiri_boliviensis,same-order,3,0,330,16369,2.6999971866607666,,74.17131211412816,0.9752522068095839,0.7658599987621464,0.8579649852660773,12374,3783,314
Gorilla_gorilla,Saimiri_boliviensis,same-order,3,1,330,16364,2.5098304748535156,,74.20863309352518,0.9751063494564362,0.7662024141132776,0.8581233318312593,12378,3777,316
Gorilla_gorilla,Saimiri_boliviensis,same-order,2,2,220,16364,2.7216055393218994,,74.1726618705036,0.975094577553594,0.7658310120705664,0.8578857955136427,12372,3783,316
Gorilla_gorilla,Saimiri_boliviensis,same-order,3,2,330,16366,2.4105091094970703,,74.28057553956835,0.9752833753148614,0.7668502816116853,0.8585981081736599,12390,3767,314
Gorilla_gorilla,Saimiri_boliviensis,same-order,4,0,440,16365,2.601001739501953,,74.29856115107914,0.9752124645892352,0.7670834364941818,0.8587167405764967,12393,3763,315
Gorilla_gorilla,Saimiri_boliviensis,same-order,4,2,440,16367,2.655890941619873,,74.33453237410072,0.9753775959723097,0.7673598217601189,0.8589539314166955,12399,3759,313
Gorilla_gorilla,Saimiri_boliviensis,same-order,4,1,440,16364,2.7752037048339844,,74.26704238863242,0.9752007557864903,0.7667120574399604,0.8584794511054128,12387,3769,315
Gorilla_gorilla,Saimiri_boliviensis,same-order,5,0,550,16366,2.771174907684326,,74.47688710354338,0.9754220651747153,0.7687832652556009,0.8598622503720624,12422,3736,313
Gorilla_gorilla,Saimiri_boliviensis,same-order,5,1,550,16368,2.155414342880249,,74.54142189185949,0.9753706173033179,0.7696354521260135,0.8603750086487235,12435,3722,314
Gorilla_gorilla,Saimiri_boliviensis,same-order,5,2,550,16371,2.693772792816162,,74.64932262318666,0.9756345973049201,0.7706064356435643,0.8610842207163601,12453,3707,311
Gorilla_gorilla,Saimiri_boliviensis,same-order,6,1,659,16363,2.71002197265625,,74.9475325298315,0.9754936392726138,0.773596583524169,0.862892647566448,12499,3658,314
Gorilla_gorilla,Saimiri_boliviensis,same-order,6,0,659,16364,2.8684394359588623,,74.84257871064467,0.9756860292393089,0.7722772277227723,0.8621463852716659,12480,3680,311
Gorilla_gorilla,Saimiri_boliviensis,same-order,7,1,769,16366,2.56547212600708,,74.96402014871671,0.9758020451174771,0.7735288657880082,0.8629711445533619,12501,3660,310
Gorilla_gorilla,Saimiri_boliviensis,same-order,7,0,769,16368,2.722426176071167,,74.94754511120436,0.9755754974639095,0.7737343730659735,0.8630103889828461,12502,3656,313
Gorilla_gorilla,Saimiri_boliviensis,same-order,7,2,769,16368,2.653913974761963,,74.96852329276335,0.9757315645727663,0.7737623762376238,0.8630888697152717,12504,3656,311
Gorilla_gorilla,Saimiri_boliviensis,same-order,6,2,659,16365,2.79498291015625,,74.51133229404006,0.9754317111459968,0.7690927094937492,0.860059519689944,12427,3731,313
Gorilla_gorilla,Saimiri_boliviensis,same-order,8,0,879,16367,2.7496938705444336,,75.42881132301787,0.976171996274449,0.7780871071516952,0.8659460203800605,12577,3587,307
Gorilla_gorilla,Saimiri_boliviensis,same-order,8,2,879,16366,2.639061689376831,,74.97601343247781,0.9758058222118161,0.7736526205061568,0.8630496307033891,12503,3658,310
Gorilla_gorilla,Saimiri_boliviensis,same-order,8,1,879,16366,2.7943525314331055,,75.28783881026625,0.9759036144578314,0.7768702431780211,0.8650864741955487,12555,3606,310
Gorilla_gorilla,Saimiri_sciureus,same-order,1,0,110,16364,2.338857412338257,,74.08317353787153,0.9744620477654292,0.7655108359133127,0.8574400943232652,12363,3787,324
Gorilla_gorilla,Saimiri_sciureus,same-order,1,1,110,16364,2.1013877391815186,,74.08317353787153,0.9744620477654292,0.7655108359133127,0.8574400943232652,12363,3787,324
Gorilla_gorilla,Saimiri_sciureus,same-order,1,2,110,16364,2.437668561935425,,74.08317353787153,0.9744620477654292,0.7655108359133127,0.8574400943232652,12363,3787,324
Gorilla_gorilla,Saimiri_sciureus,same-order,2,0,220,16364,2.12723708152771,,74.17905081495685,0.9744942139652051,0.766501547987616,0.8580736838457006,12379,3771,324
Gorilla_gorilla,Saimiri_sciureus,same-order,2,1,220,16364,2.1829450130462646,,74.08317353787153,0.9744620477654292,0.7655108359133127,0.8574400943232652,12363,3787,324
Gorilla_gorilla,Saimiri_sciureus,same-order,2,2,220,16364,2.1933798789978027,,74.10714285714286,0.9744700969190765,0.7657585139318885,0.8575985576089595,12367,3783,324
Gorilla_gorilla,Saimiri_sciureus,same-order,3,0,330,16363,2.4758293628692627,,74.2478724679372,0.9745909376966646,0.7670732462386229,0.8584693205834459,12389,3762,323
Gorilla_gorilla,Saimiri_sciureus,same-order,3,2,330,16364,2.8539962768554688,,74.13111217641419,0.9744781410003939,0.7660061919504644,0.8577569769457445,12371,3779,324
Gorilla_gorilla,Saimiri_sciureus,same-order,3,1,330,16367,2.8257975578308105,,74.3333133577036,0.9748506758880855,0.7678593537204408,0.8590622619294964,12404,3750,320
Gorilla_gorilla,Saimiri_sciureus,same-order,4,0,440,16364,2.8241164684295654,,74.31687440076702,0.9745403111739745,0.7679256965944272,0.8589832386757169,12402,3748,324
Gorilla_gorilla,Saimiri_sciureus,same-order,4,1,440,16366,3.016385793685913,,74.35590173756741,0.9745563059525679,0.7684210526315789,0.8592992660296358,12410,3740,324
Gorilla_gorilla,Saimiri_sciureus,same-order,4,2,440,16363,2.7438366413116455,,74.39769866954333,0.9746408102378896,0.7686211380100303,0.8594572140681253,12414,3737,323
Gorilla_gorilla,Saimiri_sciureus,same-order,5,0,550,16363,2.130056142807007,,74.51309402528915,0.9746041699325914,0.769907120743034,0.8602462986024628,12434,3716,324
Gorilla_gorilla,Saimiri_sciureus,same-order,5,1,550,16374,2.379706382751465,,74.51168364289994,0.9752195734002509,0.7696497091224161,0.8603251470079557,12436,3722,316
Gorilla_gorilla,Saimiri_sciureus,same-order,5,2,550,16371,2.3402793407440186,,74.50569203115639,0.9749882389838482,0.7697307335190343,0.860285724168944,12435,3720,319
Gorilla_gorilla,Saimiri_sciureus,same-order,6,1,659,16364,2.429212808609009,,74.6314275440489,0.9747945205479452,0.7709881129271917,0.8609949182424724,12453,3699,322
Gorilla_gorilla,Saimiri_sciureus,same-order,6,0,659,16372,2.5263004302978516,,75.00149799268979,0.975299984416394,0.7747106517299004,0.8635093649753373,12517,3640,317
Gorilla_gorilla,Saimiri_sciureus,same-order,6,2,659,16368,2.2497856616973877,,74.6928746928747,0.975044981616209,0.7715258433921387,0.861427880295805,12464,3691,319
Gorilla_gorilla,Saimiri_sciureus,same-order,7,0,769,16371,2.5915918350219727,,75.1258389261745,0.9753384160572585,0.775948505291824,0.8642928544345249,12537,3620,317
Gorilla_gorilla,Saimiri_sciureus,same-order,7,1,769,16368,2.5615274906158447,,74.91610738255034,0.9750428950241772,0.7739259626098799,0.8629210381004969,12502,3652,320
Gorilla_gorilla,Saimiri_sciureus,same-order,7,2,769,16367,2.398729085922241,,74.95054846250675,0.9753510140405616,0.7738581507612329,0.8629995168748705,12504,3654,316
Gorilla_gorilla,Saimiri_sciureus,same-order,8,0,879,16368,2.3800466060638428,,75.08990649724286,0.9753970725630645,0.7753434831043446,0.8639404179022137,12528,3630,316
Gorilla_gorilla,Saimiri_sciureus,same-order,8,2,879,16370,2.560002565383911,,75.02846527236771,0.9753057567967593,0.7748963297641889,0.8636269573015106,12520,3637,317
Gorilla_gorilla,Saimiri_sciureus,same-order,8,1,879,16371,2.608363628387451,,75.51093796823494,0.9756834198094944,0.779641089108911,0.8667148213118702,12599,3561,314
Gorilla_gorilla,Aotus_azarai,same-order,1,1,111,16364,2.4321539402008057,,74.4955223880597,0.9699937810945274,0.7717236687488404,0.859573588674956,12478,3691,386
Gorilla_gorilla,Aotus_azarai,same-order,1,0,111,16364,2.662060260772705,,74.4955223880597,0.9699937810945274,0.7717236687488404,0.859573588674956,12478,3691,386
Gorilla_gorilla,Aotus_azarai,same-order,1,2,111,16364,2.021294593811035,,74.4955223880597,0.9699937810945274,0.7717236687488404,0.859573588674956,12478,3691,386
Gorilla_gorilla,Aotus_azarai,same-order,2,0,221,16364,2.8631176948547363,,74.53134328358209,0.97000777000777,0.772094749211454,0.8598092220806502,12484,3685,386
Gorilla_gorilla,Aotus_azarai,same-order,2,1,221,16364,2.349807024002075,,74.4955223880597,0.9699937810945274,0.7717236687488404,0.859573588674956,12478,3691,386
Gorilla_gorilla,Aotus_azarai,same-order,2,2,221,16364,2.393933057785034,,74.51940298507462,0.9700031084861672,0.7719710557239161,0.8597306884320006,12482,3687,386
Gorilla_gorilla,Aotus_azarai,same-order,3,0,332,16365,2.612839937210083,,74.60298507462687,0.9701110162254484,0.7727891156462585,0.8602801968951154,12496,3674,385
Gorilla_gorilla,Aotus_azarai,same-order,3,1,332,16364,2.409726142883301,,74.4955223880597,0.9699937810945274,0.7717236687488404,0.859573588674956,12478,3691,386
Gorilla_gorilla,Aotus_azarai,same-order,3,2,332,16364,2.2105555534362793,,74.63132127291182,0.9701202949165697,0.7730364873222016,0.8604371020478403,12500,3670,385
Gorilla_gorilla,Aotus_azarai,same-order,4,0,442,16365,2.3311455249786377,,74.72835820895523,0.970159665168191,0.7740878169449598,0.8611034672537149,12517,3653,385
Gorilla_gorilla,Aotus_azarai,same-order,4,1,442,16363,2.5768237113952637,,74.8283479610723,0.9701215264339346,0.7751252396561321,0.8617299229922992,12533,3636,386
Gorilla_gorilla,Aotus_azarai,same-order,4,2,442,16364,2.55910325050354,,74.8283479610723,0.9701966248645301,0.7750773036487322,0.8617299229922992,12533,3637,385
Gorilla_gorilla,Aotus_azarai,same-order,5,0,552,16365,2.8841001987457275,,74.85373134328358,0.9702081560009286,0.7753865182436611,0.8619255491011585,12538,3632,385
Gorilla_gorilla,Aotus_azarai,same-order,5,1,552,16364,2.8258326053619385,,74.85820048958146,0.9702081560009286,0.7753865182436611,0.8619255491011585,12538,3632,385
Gorilla_gorilla,Aotus_azarai,same-order,5,2,552,16367,2.7055652141571045,,75.11196035110765,0.970676749749209,0.7776816074188563,0.8635271504084574,12579,3596,380
Gorilla_gorilla,Aotus_azarai,same-order,6,0,663,16363,2.5134682655334473,,75.05522717774195,0.9702091533533997,0.7774754159193519,0.8632149969099774,12571,3598,386
Gorilla_gorilla,Aotus_azarai,same-order,6,1,663,16367,2.557039260864258,,75.43293920936343,0.9708708016293905,0.7809099901088031,0.8655908452393187,12632,3544,379
Gorilla_gorilla,Aotus_azarai,same-order,6,2,663,16365,2.5466866493225098,,75.26419487730611,0.9704387990762124,0.7795436274812937,0.8645794039984911,12606,3565,384
Gorilla_gorilla,Aotus_azarai,same-order,7,0,773,16370,2.4978983402252197,,75.38810604251253,0.970932020916641,0.7804908203004265,0.8653575956958295,12626,3551,378
Gorilla_gorilla,Aotus_azarai,same-order,7,1,773,16364,2.6503512859344482,,75.1820895522388,0.9702596502041759,0.7788360442822685,0.8640730067243035,12593,3576,386
Gorilla_gorilla,Aotus_azarai,same-order,7,2,773,16368,2.532258987426758,,75.45085393526813,0.9709521247982786,0.7810471657291216,0.8657074340527577,12635,3542,378
Gorilla_gorilla,Aotus_azarai,same-order,8,0,883,16366,2.454078435897827,,75.55237071539472,0.970841006752609,0.7821947449768161,0.8663676515903722,12652,3523,380
Gorilla_gorilla,Aotus_azarai,same-order,8,1,883,16367,2.5778560638427734,,75.54639914009316,0.9709132770529547,0.7820845697329377,0.8663288365404369,12651,3525,379
Gorilla_gorilla,Aotus_azarai,same-order,8,2,883,16365,2.657388687133789,,75.70456173871507,0.9706783034757311,0.7840093989611675,0.8674146541698025,12679,3493,383
Gorilla_gorilla,Varecia_variegata,same-order,1,0,114,16364,2.0954792499542236,,70.74218069982011,0.9334609494640123,0.7573931411530815,0.8362601179860063,12191,3905,869
Gorilla_gorilla,Varecia_variegata,same-order,1,1,114,16364,2.2649741172790527,,70.74218069982011,0.9334609494640123,0.7573931411530815,0.8362601179860063,12191,3905,869
Gorilla_gorilla,Varecia_variegata,same-order,1,2,114,16364,2.1780495643615723,,70.74218069982011,0.9334609494640123,0.7573931411530815,0.8362601179860063,12191,3905,869
Gorilla_gorilla,Varecia_variegata,same-order,2,0,227,16364,1.835463523864746,,70.74218069982011,0.9334609494640123,0.7573931411530815,0.8362601179860063,12191,3905,869
Gorilla_gorilla,Varecia_variegata,same-order,2,1,227,16364,2.2479498386383057,,70.77699762084373,0.9334915046686055,0.7577659045725647,0.8364995542143887,12197,3899,869
Gorilla_gorilla,Varecia_variegata,same-order,2,2,227,16364,2.587205410003662,,70.74218069982011,0.9334609494640123,0.7573931411530815,0.8362601179860063,12191,3905,869
Gorilla_gorilla,Varecia_variegata,same-order,3,0,340,16364,2.4865810871124268,,70.75378634016131,0.9334711376512019,0.7575173956262425,0.8363399410110433,12193,3903,869
Gorilla_gorilla,Varecia_variegata,same-order,3,1,340,16364,2.10305118560791,,70.78860326118493,0.9335016835016835,0.7578901590457257,0.8365793443972022,12199,3897,869
Gorilla_gorilla,Varecia_variegata,same-order,4,0,453,16364,2.2366816997528076,,70.81181454186735,0.9335220318237454,0.7581386679920478,0.8367388919363687,12203,3893,869
Gorilla_gorilla,Varecia_variegata,same-order,3,2,340,16364,2.3050737380981445,,70.83744414137311,0.9336801040312094,0.7582308361287117,0.8368585238764527,12206,3892,867
Gorilla_gorilla,Varecia_variegata,same-order,4,1,453,16363,2.505190849304199,,70.79271123491179,0.9335016835016835,0.7578901590457257,0.8365793443972022,12199,3897,869
Gorilla_gorilla,Varecia_variegata,same-order,4,2,453,16364,2.347846746444702,,70.86984274357337,0.9335728481883504,0.7587599403578529,0.8371375694016039,12213,3883,869
Gorilla_gorilla,Varecia_variegata,same-order,5,1,566,16362,2.750885009765625,,70.84324763507631,0.9335423676965433,0.7583871769383698,0.8368983957219251,12207,3889,869
Gorilla_gorilla,Varecia_variegata,same-order,5,0,566,16365,2.3568007946014404,,71.00911042766785,0.9337657382678367,0.7602037646766479,0.838093281282104,12237,3860,868
Gorilla_gorilla,Varecia_variegata,same-order,5,2,566,16364,2.7114832401275635,,70.98009632681483,0.9336691855583543,0.7599403578528827,0.8378943042093365,12232,3864,869
Gorilla_gorilla,Varecia_variegata,same-order,6,0,679,16365,2.254850387573242,,71.15998375210353,0.9338968852334171,0.7618189724793439,0.8391268646503351,12263,3834,868
Gorilla_gorilla,Varecia_variegata,same-order,6,1,679,16365,2.4118876457214355,,71.2071967498549,0.9341403989645196,0.7620496894409938,0.8393651228022166,12269,3831,865
Gorilla_gorilla,Varecia_variegata,same-order,6,2,679,16367,2.622096538543701,,71.15998375210353,0.9340391499733415,0.7617243307037704,0.8391268646503353,12263,3836,866
Gorilla_gorilla,Varecia_variegata,same-order,7,0,792,16368,2.732989549636841,,71.30005803830528,0.9344337111128014,0.7629013227348941,0.8399999999999999,12285,3818,862
Gorilla_gorilla,Varecia_variegata,same-order,7,2,792,16372,2.7824387550354004,,71.34068485200233,0.9347528517110266,0.7631464580617123,0.8402775404176778,12292,3815,858
Gorilla_gorilla,Varecia_variegata,same-order,7,1,792,16370,2.7524824142456055,,71.34234809355232,0.9345446252090619,0.7633507203179334,0.8403171782076696,12293,3811,861
Gorilla_gorilla,Varecia_variegata,same-order,8,0,905,16368,3.057375907897949,,71.2420197330238,0.934383801476745,0.7622803204371856,0.8396032831737347,12275,3828,862
Gorilla_gorilla,Varecia_variegata,same-order,8,2,905,16368,3.0745041370391846,,71.23621590249564,0.9343788063337394,0.7622182202074148,0.83956359656623,12274,3829,862
Gorilla_gorilla,Varecia_variegata,same-order,8,1,905,16370,2.97291898727417,,71.45095763203715,0.9347050337863488,0.7644209872710338,0.8410301953818827,12311,3794,860
Saimiri_boliviensis,Homo_sapiens,same-order,1,1,111,16471,3.400111436843872,,74.441332459329,0.9757850335885018,0.7683129343748077,0.8597088882006813,12492,3767,310
Saimiri_boliviensis,Homo_sapiens,same-order,1,0,111,16471,3.426271915435791,,74.441332459329,0.9757850335885018,0.7683129343748077,0.8597088882006813,12492,3767,310
Saimiri_boliviensis,Homo_sapiens,same-order,1,2,111,16471,3.5853328704833984,,74.441332459329,0.9757850335885018,0.7683129343748077,0.8597088882006813,12492,3767,310
Saimiri_boliviensis,Homo_sapiens,same-order,2,0,221,16471,4.145272493362427,,74.441332459329,0.9757850335885018,0.7683129343748077,0.8597088882006813,12492,3767,310
Saimiri_boliviensis,Homo_sapiens,same-order,2,1,221,16470,4.435743808746338,,74.52324195470798,0.9758095981271947,0.7691124915431453,0.860218752149687,12505,3754,310
Saimiri_boliviensis,Homo_sapiens,same-order,2,2,221,16471,4.249446153640747,,74.45920982063048,0.9757907067551738,0.768497447567501,0.8598265895953757,12495,3764,310
Saimiri_boliviensis,Homo_sapiens,same-order,3,0,332,16471,4.264278888702393,,74.65132912146859,0.9760754364089775,0.7702004673471897,0.8610022685089709,12525,3737,307
Saimiri_boliviensis,Homo_sapiens,same-order,4,0,442,16471,3.452813148498535,,74.67373815624813,0.9758585779923682,0.7707116058798205,0.8612371134020618,12531,3728,310
Saimiri_boliviensis,Homo_sapiens,same-order,3,1,332,16471,3.493903636932373,,74.47112806149812,0.9757944873897088,0.7686204563626299,0.8599050436936627,12497,3762,310
Saimiri_boliviensis,Homo_sapiens,same-order,3,2,332,16471,3.371093511581421,,74.61859356376638,0.9759158222915043,0.7700492004920049,0.860845651426607,12521,3739,309
Saimiri_boliviensis,Homo_sapiens,same-order,4,1,442,16471,4.3288352489471436,,74.70497079508881,0.9760922046569582,0.7707539048087566,0.8613544995361303,12534,3728,307
Saimiri_boliviensis,Homo_sapiens,same-order,4,2,442,16467,3.404717206954956,,74.73922632175001,0.9758736088411549,0.7712036410603358,0.8615500893225231,12539,3720,310
Saimiri_boliviensis,Homo_sapiens,same-order,5,0,553,16469,3.6244845390319824,,74.94188472313286,0.9760888129803587,0.7731996802164689,0.8628783199505868,12573,3688,308
Saimiri_boliviensis,Homo_sapiens,same-order,5,1,553,16472,4.229093313217163,,75.02533230017285,0.9763419174681973,0.7739178553861289,0.8634243380436275,12587,3677,305
Saimiri_boliviensis,Homo_sapiens,same-order,5,2,553,16472,4.53792667388916,,74.94933841935868,0.9762440804285382,0.7732275717887229,0.8629563546527588,12575,3688,306
Saimiri_boliviensis,Homo_sapiens,same-order,6,0,663,16465,3.703691005706787,,75.24445504412115,0.9762512570588691,0.7760423072192842,0.8647093083010724,12620,3642,307
Saimiri_boliviensis,Homo_sapiens,same-order,6,1,663,16469,3.1991214752197266,,74.83609488616045,0.9759813447337738,0.7722017220172201,0.862214592274678,12556,3704,309
Saimiri_boliviensis,Homo_sapiens,same-order,6,2,663,16468,3.8172366619110107,,75.3547156313342,0.9763633554765951,0.7772243743466765,0.8654866650689856,12640,3623,306
Saimiri_boliviensis,Homo_sapiens,same-order,7,0,774,16464,3.6803464889526367,,75.30856836205355,0.97626961428461,0.7766572377321362,0.8650981197986232,12630,3632,307
Saimiri_boliviensis,Homo_sapiens,same-order,7,1,774,16467,3.559751033782959,,75.41139995230145,0.9764533312746082,0.7776684702410231,0.8657973097853989,12648,3616,305
Saimiri_boliviensis,Homo_sapiens,same-order,8,0,884,16466,3.952610731124878,,75.47552322461392,0.9764714957957263,0.7782833251352681,0.8661853765353954,12658,3606,305
Saimiri_boliviensis,Homo_sapiens,same-order,7,2,774,16468,3.9764585494995117,,75.41589648798521,0.9766041232337271,0.7775728513463667,0.8657973097853989,12648,3618,303
Saimiri_boliviensis,Homo_sapiens,same-order,8,2,884,16466,2.979654312133789,,75.52918728757975,0.9764878199198274,0.7788366945400885,0.8665344096319606,12667,3597,305
Saimiri_boliviensis,Gorilla_gorilla,same-order,1,0,110,16471,3.4911935329437256,,74.11870503597122,0.9833757556474706,0.7652739090064995,0.8607233612977339,12363,3792,209
Saimiri_boliviensis,Homo_sapiens,same-order,8,1,884,16468,4.007124185562134,,75.50533659292827,0.9766311892642295,0.7784950202877167,0.8663793103448275,12663,3603,303
Saimiri_boliviensis,Gorilla_gorilla,same-order,1,1,110,16471,3.3852529525756836,,74.11870503597122,0.9833757556474706,0.7652739090064995,0.8607233612977339,12363,3792,209
Saimiri_boliviensis,Gorilla_gorilla,same-order,2,0,219,16471,3.8986172676086426,,74.11870503597122,0.9833757556474706,0.7652739090064995,0.8607233612977339,12363,3792,209
Saimiri_boliviensis,Gorilla_gorilla,same-order,1,2,110,16471,3.774988889694214,,74.11870503597122,0.9833757556474706,0.7652739090064995,0.8607233612977339,12363,3792,209
Saimiri_boliviensis,Gorilla_gorilla,same-order,2,1,219,16471,4.093118667602539,,74.11870503597122,0.9833757556474706,0.7652739090064995,0.8607233612977339,12363,3792,209
Saimiri_boliviensis,Gorilla_gorilla,same-order,2,2,219,16471,3.537559747695923,,74.11870503597122,0.9833757556474706,0.7652739090064995,0.8607233612977339,12363,3792,209
Saimiri_boliviensis,Gorilla_gorilla,same-order,3,0,328,16471,3.711942434310913,,74.27458033573141,0.9834100650896967,0.7668833178582483,0.8617535561506625,12389,3766,209
Saimiri_boliviensis,Gorilla_gorilla,same-order,3,1,328,16469,3.3354969024658203,,74.28657074340528,0.9832566259323917,0.7671020862997585,0.8618327247435228,12391,3762,211
Saimiri_boliviensis,Gorilla_gorilla,same-order,4,0,437,16471,3.2097370624542236,,74.34652278177458,0.9834258524980174,0.7676261219436706,0.8622284025725707,12401,3754,209
Saimiri_boliviensis,Gorilla_gorilla,same-order,3,2,328,16470,3.056047201156616,,74.27303795191558,0.9834087481146304,0.7668214175177963,0.8617139677239845,12388,3767,209
Saimiri_boliviensis,Gorilla_gorilla,same-order,4,2,437,16471,3.258167266845703,,74.35989686394436,0.9836598714999604,0.7674835994553781,0.8622284025725708,12401,3757,206
Saimiri_boliviensis,Gorilla_gorilla,same-order,5,0,546,16469,3.913207530975342,,74.83658170914542,0.9837603468663776,0.7723109295704914,0.8653052733765559,12479,3679,206
Saimiri_boliviensis,Gorilla_gorilla,same-order,4,1,437,16472,3.676100969314575,,74.32699802146412,0.9835766423357665,0.7672835303583586,0.8620701644588157,12397,3760,207
Saimiri_boliviensis,Gorilla_gorilla,same-order,5,1,546,16470,3.477465867996216,,74.4933445257225,0.9835338822039266,0.7690022282743253,0.8631374183687648,12424,3732,208
Saimiri_boliviensis,Gorilla_gorilla,same-order,5,2,546,16470,3.7142136096954346,,74.33299358474729,0.983421908463552,0.7674404209223151,0.8621097281134831,12398,3757,209
Saimiri_boliviensis,Gorilla_gorilla,same-order,6,0,655,16471,3.780351161956787,,74.67769982610781,0.9837282780410742,0.77076370837975,0.8643209105420223,12454,3704,206
Saimiri_boliviensis,Gorilla_gorilla,same-order,6,1,655,16470,3.5791540145874023,,74.6552344405804,0.9835690022908603,0.7706734340183213,0.8642026722193302,12451,3705,208
Saimiri_boliviensis,Gorilla_gorilla,same-order,6,2,655,16470,2.768371343612671,,74.73463268365818,0.9838162153627537,0.7712110897951606,0.8646360924165685,12462,3697,205
Saimiri_boliviensis,Gorilla_gorilla,same-order,7,0,764,16471,3.342038869857788,,74.79913658712076,0.9836776533669768,0.7721111592498607,0.8651478900100558,12475,3682,207
Saimiri_boliviensis,Gorilla_gorilla,same-order,7,1,764,16466,3.8453962802886963,,74.94302506896965,0.9836272040302267,0.7734587769249814,0.865973665973666,12496,3660,208
Saimiri_boliviensis,Gorilla_gorilla,same-order,7,2,764,16467,3.583482503890991,,74.93103034664747,0.9837020707030942,0.7732871201336882,0.8658950724235914,12494,3663,207
Saimiri_boliviensis,Gorilla_gorilla,same-order,8,0,873,16470,3.2399423122406006,,75.02248875562219,0.9838773102634684,0.7741815706417476,0.8665235159659209,12510,3649,205
Saimiri_boliviensis,Gorilla_gorilla,same-order,8,2,873,16468,3.307574510574341,,75.31634182908546,0.9837850540498199,0.7773101442099399,0.868443799052657,12559,3598,207
Saimiri_boliviensis,Gorilla_gorilla,same-order,8,1,873,16470,3.5186538696289062,,75.14693534844669,0.9839798963405058,0.7753712871287128,0.8673080916453243,12530,3630,204
Saimiri_boliviensis,Saimiri_sciureus,same-genus,1,1,110,16471,2.9502170085906982,,99.87253414264036,0.9997569571029287,0.9990285367334548,0.9993926141885325,16454,16,4
Saimiri_boliviensis,Saimiri_sciureus,same-genus,1,0,110,16471,2.8940975666046143,,99.87253414264036,0.9997569571029287,0.9990285367334548,0.9993926141885325,16454,16,4
Saimiri_boliviensis,Saimiri_sciureus,same-genus,1,2,110,16471,3.1665520668029785,,99.87253414264036,0.9997569571029287,0.9990285367334548,0.9993926141885325,16454,16,4
Saimiri_boliviensis,Saimiri_sciureus,same-genus,2,1,220,16471,3.299602508544922,,99.8907435508346,0.999757001397242,0.999210686095932,0.999483769092952,16457,13,4
Saimiri_boliviensis,Saimiri_sciureus,same-genus,2,0,220,16471,3.443743944168091,,99.87253414264036,0.9997569571029287,0.9990285367334548,0.9993926141885325,16454,16,4
Saimiri_boliviensis,Saimiri_sciureus,same-genus,2,2,220,16471,2.730811834335327,,99.87860394537178,0.9997569718694939,0.9990892531876139,0.9994230010021562,16455,15,4
Saimiri_boliviensis,Saimiri_sciureus,same-genus,3,0,330,16472,3.183185577392578,,99.90288315629742,0.9998177621188191,0.9992714467852589,0.9995445298029332,16459,12,3
Saimiri_boliviensis,Saimiri_sciureus,same-genus,3,1,330,16471,4.11073899269104,,99.8907435508346,0.999757001397242,0.999210686095932,0.999483769092952,16457,13,4
Saimiri_boliviensis,Saimiri_sciureus,same-genus,4,0,440,16471,4.715602397918701,,99.90895295902884,0.999757045675413,0.9993928354584092,0.9995749073905387,16460,10,4
Saimiri_boliviensis,Saimiri_sciureus,same-genus,3,2,330,16471,4.278721332550049,,99.87860394537178,0.9997569718694939,0.9990892531876139,0.9994230010021562,16455,15,4
Saimiri_boliviensis,Saimiri_sciureus,same-genus,4,1,440,16471,4.723576545715332,,99.91502276176024,0.9997570604312177,0.9994535519125683,0.9996052831334447,16461,9,4
Saimiri_boliviensis,Saimiri_sciureus,same-genus,4,2,440,16472,4.441815137863159,,99.92109256449166,0.9998177953234133,0.9994535850889442,0.9996356570318193,16462,9,3
Saimiri_boliviensis,Saimiri_sciureus,same-genus,5,0,550,16472,6.230874538421631,,99.91502276176024,0.9998177842565598,0.9993928723210491,0.9996052831334447,16461,10,3
Saimiri_boliviensis,Saimiri_sciureus,same-genus,5,1,550,16473,5.74512791633606,,99.92109256449166,0.9998785228377065,0.9993929091792132,0.9996356570318192,16462,10,2
Saimiri_boliviensis,Saimiri_sciureus,same-genus,5,2,550,16473,5.650789022445679,,99.92716236722306,0.9998785302156089,0.9994536182612919,0.9996660290858305,16463,9,2
Saimiri_boliviensis,Saimiri_sciureus,same-genus,6,0,659,16472,6.331477642059326,,99.95751138088012,0.9998178616963147,0.9998178616963147,0.9998178616963147,16468,3,3
Saimiri_boliviensis,Saimiri_sciureus,same-genus,6,1,659,16473,6.631701707839966,,99.9453717754173,0.9998785523439397,0.9996357455075279,0.9997571341833636,16466,6,2
Saimiri_boliviensis,Saimiri_sciureus,same-genus,7,1,769,16472,7.979281425476074,,99.9514415781487,0.9998178506375228,0.9997571489284196,0.999787498861601,16467,4,3
Saimiri_boliviensis,Saimiri_sciureus,same-genus,6,2,659,16473,7.248215436935425,,99.92109256449166,0.9998785228377065,0.9993929091792132,0.9996356570318192,16462,10,2
Saimiri_boliviensis,Saimiri_sciureus,same-genus,7,0,769,16474,7.932225704193115,,99.97572078907436,0.9999392909179213,0.9998785892065805,0.9999089391409924,16471,2,1
Saimiri_boliviensis,Aotus_azarai,same-order,1,0,111,16471,4.275352716445923,,82.32250300842358,0.9892270985467428,0.8339631842009021,0.9049839600489468,13682,2724,149
Saimiri_boliviensis,Saimiri_sciureus,same-genus,7,2,769,16473,8.499064207077026,,99.92716236722306,0.9998785302156089,0.9994536182612919,0.9996660290858305,16463,9,2
Saimiri_boliviensis,Saimiri_sciureus,same-genus,8,0,879,16474,9.27907919883728,,99.97572078907436,0.9999392909179213,0.9998785892065805,0.9999089391409924,16471,2,1
Saimiri_boliviensis,Aotus_azarai,same-order,1,1,111,16471,3.561309576034546,,82.32250300842358,0.9892270985467428,0.8339631842009021,0.9049839600489468,13682,2724,149
Saimiri_boliviensis,Saimiri_sciureus,same-genus,8,1,879,16474,8.892247676849365,,99.98786039453718,0.9999392982882117,1.0,0.9999696482229034,16473,0,1
Saimiri_boliviensis,Saimiri_sciureus,same-genus,8,2,879,16472,9.03597903251648,,99.9453717754173,0.9998178395773878,0.9996964361605245,0.9997571341833636,16466,5,3
Saimiri_boliviensis,Aotus_azarai,same-order,1,2,111,16471,3.6904983520507812,,82.32250300842358,0.9892270985467428,0.8339631842009021,0.9049839600489468,13682,2724,149
Saimiri_boliviensis,Aotus_azarai,same-order,2,0,221,16472,4.285603284835815,,82.35860409145607,0.9893032668401271,0.8342780520509538,0.9052012035843005,13688,2719,148
Saimiri_boliviensis,Aotus_azarai,same-order,2,1,221,16471,4.241204023361206,,82.38868832731649,0.989235659586765,0.8346336706083141,0.905382174028035,13693,2713,149
Saimiri_boliviensis,Aotus_azarai,same-order,2,2,221,16471,3.7335548400878906,,82.50300842358604,0.9892504148329846,0.8357917834938438,0.9060693164172201,13712,2694,149
Saimiri_boliviensis,Aotus_azarai,same-order,3,0,332,16471,3.6147990226745605,,82.65944645006017,0.9892705407935479,0.8373765695477264,0.9070082197207276,13738,2668,149
Saimiri_boliviensis,Aotus_azarai,same-order,3,1,332,16471,3.446751356124878,,82.67043745111017,0.9893425505868798,0.8373864813798988,0.9070442992011619,13739,2668,148
Saimiri_boliviensis,Aotus_azarai,same-order,3,2,332,16471,3.3857836723327637,,82.49097472924188,0.989248863554369,0.8356698768743143,0.9059970262679663,13710,2696,149
Saimiri_boliviensis,Aotus_azarai,same-order,4,0,442,16472,3.677753448486328,,83.14079422382672,0.9894028354575397,0.8422014993600293,0.9098870707536298,13818,2589,148
Saimiri_boliviensis,Aotus_azarai,same-order,4,1,442,16471,2.9785425662994385,,83.07757116206295,0.9895348003727331,0.8413066000365653,0.9094202898550725,13805,2604,146
Saimiri_boliviensis,Aotus_azarai,same-order,4,2,442,16472,3.475665807723999,,83.10969372405079,0.9894691596819256,0.8417844953681131,0.9096716830770244,13812,2596,147
Saimiri_boliviensis,Aotus_azarai,same-order,5,0,552,16471,3.777932643890381,,83.62115650761177,0.9894624421502314,0.8470165173401597,0.912715092604755,13897,2510,148
Saimiri_boliviensis,Aotus_azarai,same-order,5,1,552,16470,3.235969305038452,,83.2982244959374,0.9896317483017518,0.8433881779402803,0.9106760980424411,13840,2570,145
Saimiri_boliviensis,Aotus_azarai,same-order,5,2,552,16468,3.2494800090789795,,83.64730665061691,0.9895336418654326,0.8470258410531448,0.9127507963090664,13898,2510,147
Saimiri_boliviensis,Aotus_azarai,same-order,6,0,663,16476,3.3683156967163086,,84.37236731255265,0.9899738755913295,0.8542618655943459,0.9171245421245421,14021,2392,142
Saimiri_boliviensis,Aotus_azarai,same-order,6,1,663,16467,4.077666759490967,,84.59732755507403,0.9896493451626531,0.8565943442223306,0.9183273440052271,14055,2353,147
Saimiri_boliviensis,Aotus_azarai,same-order,6,2,663,16472,3.833245038986206,,84.61214418968527,0.9897923266455474,0.8567946374162096,0.9185040013065492,14060,2350,145
Saimiri_boliviensis,Aotus_azarai,same-order,7,0,773,16472,3.676032304763794,,84.53204935299428,0.9899210600507471,0.8557762612722398,0.9179738562091504,14045,2367,143
Saimiri_boliviensis,Aotus_azarai,same-order,7,1,773,16473,4.6577606201171875,,85.08845829823083,0.9898494924746237,0.8616697135892748,0.9213226909920182,14140,2270,145
Saimiri_boliviensis,Aotus_azarai,same-order,8,0,883,16471,3.2551302909851074,,85.15709642470206,0.9899937023301378,0.8620521569583232,0.9216037520763444,14148,2264,143
Saimiri_boliviensis,Aotus_azarai,same-order,7,2,773,16469,4.128604888916016,,85.18117250511617,0.9898580121703854,0.8624009750152346,0.9217442277005243,14152,2258,145
Saimiri_boliviensis,Aotus_azarai,same-order,8,1,883,16475,3.799046754837036,,85.922359313873,0.9902885682574917,0.8696923545537618,0.9260808926080893,14276,2139,140
Saimiri_boliviensis,Varecia_variegata,same-order,1,0,114,16471,2.929105758666992,,70.88842495940617,0.9405247364776487,0.7549407114624506,0.8375757991024015,12224,3968,773
Saimiri_boliviensis,Aotus_azarai,same-order,8,2,883,16476,4.479611396789551,,85.53977614634734,0.9901093543219336,0.8660817644550052,0.9239519012024698,14215,2198,142
Saimiri_boliviensis,Varecia_variegata,same-order,1,1,114,16471,3.276355266571045,,70.88842495940617,0.9405247364776487,0.7549407114624506,0.8375757991024015,12224,3968,773
Saimiri_boliviensis,Varecia_variegata,same-order,1,2,114,16471,3.248495578765869,,70.88842495940617,0.9405247364776487,0.7549407114624506,0.8375757991024015,12224,3968,773
Saimiri_boliviensis,Varecia_variegata,same-order,2,0,227,16471,3.6212873458862305,,70.88842495940617,0.9405247364776487,0.7549407114624506,0.8375757991024015,12224,3968,773
Saimiri_boliviensis,Varecia_variegata,same-order,2,1,227,16471,3.519867181777954,,70.90002319647414,0.940533887222094,0.7550642292490118,0.8376554417457435,12226,3966,773
Saimiri_boliviensis,Varecia_variegata,same-order,2,2,227,16471,3.3511128425598145,,70.88842495940617,0.9405247364776487,0.7549407114624506,0.8375757991024015,12224,3968,773
Saimiri_boliviensis,Varecia_variegata,same-order,3,0,340,16471,3.5140750408172607,,70.97541173741591,0.9405932984936981,0.75586709486166,0.8381728530338309,12239,3953,773
Saimiri_boliviensis,Varecia_variegata,same-order,3,1,340,16471,3.4332683086395264,,70.91742055207608,0.9405476080602985,0.7552495059288538,0.837774885250394,12229,3963,773
Saimiri_boliviensis,Varecia_variegata,same-order,3,2,340,16471,3.7678275108337402,,70.90002319647414,0.940533887222094,0.7550642292490118,0.8376554417457435,12226,3966,773
Saimiri_boliviensis,Varecia_variegata,same-order,4,1,453,16471,3.7327139377593994,,70.94061702621201,0.9405658926649239,0.7554965415019763,0.8379341050756901,12233,3959,773
Saimiri_boliviensis,Varecia_variegata,same-order,4,0,453,16471,3.7558934688568115,,70.95801438181397,0.9405795987393343,0.7556818181818182,0.8380534913187905,12236,3956,773
Saimiri_boliviensis,Varecia_variegata,same-order,4,2,453,16471,3.5733611583709717,,71.0160055671538,0.9406252400337968,0.7562994071146245,0.8384512683578105,12246,3946,773
Saimiri_boliviensis,Varecia_variegata,same-order,5,0,566,16470,4.117072343826294,,71.18250884416865,0.9407526634475358,0.7580286561264822,0.83956359656623,12274,3918,773
Saimiri_boliviensis,Varecia_variegata,same-order,5,2,566,16471,3.552156686782837,,71.05080027835768,0.9406525911708253,0.7566699604743083,0.838689803881302,12252,3940,773
Saimiri_boliviensis,Varecia_variegata,same-order,5,1,566,16472,3.8684606552124023,,71.05080027835768,0.9407248157248157,0.7566232322608535,0.8386898038813021,12252,3941,772
Saimiri_boliviensis,Varecia_variegata,same-order,6,0,679,16474,4.158183813095093,,71.29269848634229,0.9411269330883478,0.7590145714991355,0.8403171782076697,12293,3903,769
Saimiri_boliviensis,Varecia_variegata,same-order,6,1,679,16472,4.265782117843628,,71.30429739604477,0.9409918873411909,0.7592318142521922,0.8403964456596036,12295,3899,771
Saimiri_boliviensis,Varecia_variegata,same-order,6,2,679,16477,4.377440929412842,,71.39874739039666,0.941356372811377,0.7600938387455242,0.8410697817399323,12312,3886,767
Saimiri_boliviensis,Varecia_variegata,same-order,7,0,792,16473,3.710969924926758,,71.3216957605985,0.9410774410774411,0.7593701759802408,0.840515326521546,12298,3897,770
Saimiri_boliviensis,Varecia_variegata,same-order,7,1,792,16474,4.071140766143799,,71.41448703821841,0.941221432393182,0.7603111879476414,0.841148946343796,12314,3882,769
Saimiri_boliviensis,Varecia_variegata,same-order,7,2,792,16475,4.05258584022522,,71.51722537988633,0.9414414414414415,0.7612668230645758,0.841821409066084,12331,3867,767
Saimiri_boliviensis,Varecia_variegata,same-order,8,1,905,16474,3.8851780891418457,,71.55202412713142,0.9413964135826021,0.7616842625177502,0.8420585625554571,12337,3860,768
Saimiri_boliviensis,Varecia_variegata,same-order,8,0,905,16475,4.152959823608398,,71.48242663264122,0.9414146043385273,0.7608964069638227,0.8415841584158416,12325,3873,767
Saimiri_sciureus,Homo_sapiens,same-order,1,0,111,16474,3.700932741165161,,74.46542378938591,0.9754232659748772,0.7691645133505599,0.8601011317120154,12502,3752,315
Saimiri_boliviensis,Varecia_variegata,same-order,8,2,905,16477,4.085357427597046,,71.44514033866852,0.9413922212883014,0.7605877268798618,0.8413863752774458,12320,3878,767
Saimiri_sciureus,Homo_sapiens,same-order,1,1,111,16474,2.987443447113037,,74.46542378938591,0.9754232659748772,0.7691645133505599,0.8601011317120154,12502,3752,315
Saimiri_sciureus,Homo_sapiens,same-order,1,2,111,16474,3.4687957763671875,,74.46542378938591,0.9754232659748772,0.7691645133505599,0.8601011317120154,12502,3752,315
Saimiri_sciureus,Homo_sapiens,same-order,2,0,221,16474,3.541921854019165,,74.46542378938591,0.9754232659748772,0.7691645133505599,0.8601011317120154,12502,3752,315
Saimiri_sciureus,Homo_sapiens,same-order,2,1,221,16473,3.7866616249084473,,74.54729568739576,0.975448168355417,0.7699643164759444,0.8606106450281942,12515,3739,315
Saimiri_sciureus,Homo_sapiens,same-order,2,2,221,16474,3.801673173904419,,74.48329263208053,0.9754290171606864,0.7693490833025717,0.860218752149687,12505,3749,315
Saimiri_sciureus,Homo_sapiens,same-order,3,1,332,16474,3.5108585357666016,,74.49520519387694,0.9754328497894245,0.7694721299372462,0.8602971522905489,12507,3747,315
Saimiri_sciureus,Homo_sapiens,same-order,3,0,332,16473,3.703450918197632,,74.67532467532467,0.9756382316313823,0.7710999015748031,0.8613936228697086,12535,3721,313
Saimiri_sciureus,Homo_sapiens,same-order,3,2,332,16474,3.4710981845855713,,74.64260185847034,0.9755546905410666,0.7709012611504152,0.8612371134020619,12531,3724,314
Saimiri_sciureus,Homo_sapiens,same-order,4,0,442,16475,3.2238643169403076,,74.74536899160164,0.9755888983907332,0.7720086127345432,0.8619410673810014,12549,3706,314
Saimiri_sciureus,Homo_sapiens,same-order,4,1,442,16473,3.42863392829895,,74.72298343857977,0.97565339141257,0.7715920275590551,0.8617065127782357,12543,3713,313
Saimiri_sciureus,Homo_sapiens,same-order,4,2,442,16470,3.298349380493164,,74.81084301459637,0.9755282784338098,0.7725482958041098,0.8622536565268145,12557,3697,315
Saimiri_sciureus,Homo_sapiens,same-order,5,0,553,16471,3.273378372192383,,74.87637771820077,0.9756249029653781,0.7731774838511227,0.8626831863266637,12568,3687,314
Saimiri_sciureus,Homo_sapiens,same-order,5,1,553,16473,3.103167772293091,,75.06106642835866,0.9758345596777941,0.7749892354062865,0.8638919363686232,12599,3658,312
Saimiri_sciureus,Homo_sapiens,same-order,5,2,553,16475,3.266845464706421,,74.95531990944835,0.975878383619018,0.7738959281584451,0.8632293917875887,12582,3676,311
Saimiri_sciureus,Homo_sapiens,same-order,6,1,663,16472,3.384188175201416,,74.8480876921244,0.9756173318838329,0.7729314057213165,0.86252703120173,12564,3691,314
Saimiri_sciureus,Homo_sapiens,same-order,6,0,663,16467,3.189527750015259,,75.30393325387367,0.9758282492856591,0.7773129921259843,0.865331278890601,12636,3620,313
Saimiri_sciureus,Homo_sapiens,same-order,6,2,663,16469,3.5252461433410645,,75.31879394589441,0.97583571373427,0.7775590551181102,0.8654866650689856,12640,3616,313
Saimiri_sciureus,Homo_sapiens,same-order,7,0,774,16466,3.156404495239258,,75.37397937898564,0.9758487654320988,0.7779896653543307,0.8657584884994523,12647,3609,313
Saimiri_sciureus,Homo_sapiens,same-order,7,1,774,16469,3.1855993270874023,,75.41716328963051,0.9760141909609749,0.7783860253413704,0.8660689843963865,12655,3603,311
Saimiri_sciureus,Homo_sapiens,same-order,7,2,774,16469,3.3567512035369873,,75.40973836343048,0.9760857826120497,0.7782151423826804,0.8659913763602766,12653,3606,310
Saimiri_sciureus,Homo_sapiens,same-order,8,0,884,16466,4.005686044692993,,75.56919775897008,0.9759833731044569,0.7799101925324475,0.8669994529540481,12679,3578,312
Saimiri_sciureus,Homo_sapiens,same-order,8,1,884,16469,3.5780029296875,,75.517015316765,0.9761189430706417,0.77932222153884,0.866689466484268,12671,3588,310
Saimiri_sciureus,Gorilla_gorilla,same-order,1,0,110,16474,3.6235244274139404,,74.08317353787153,0.982984813548541,0.7655108359133127,0.8607233612977337,12363,3787,214
Saimiri_sciureus,Gorilla_gorilla,same-order,1,1,110,16474,2.7929346561431885,,74.08317353787153,0.982984813548541,0.7655108359133127,0.8607233612977337,12363,3787,214
Saimiri_sciureus,Gorilla_gorilla,same-order,1,2,110,16474,2.8850648403167725,,74.08317353787153,0.982984813548541,0.7655108359133127,0.8607233612977337,12363,3787,214
Saimiri_sciureus,Homo_sapiens,same-order,8,2,884,16468,3.9403886795043945,,75.5944931163955,0.9760677183532128,0.780169762578423,0.8671931083991385,12684,3574,311
Saimiri_sciureus,Gorilla_gorilla,same-order,2,0,219,16474,2.6291937828063965,,74.08317353787153,0.982984813548541,0.7655108359133127,0.8607233612977337,12363,3787,214
Saimiri_sciureus,Gorilla_gorilla,same-order,2,1,219,16474,2.965337038040161,,74.08317353787153,0.982984813548541,0.7655108359133127,0.8607233612977337,12363,3787,214
Saimiri_sciureus,Gorilla_gorilla,same-order,2,2,219,16474,3.400085210800171,,74.08317353787153,0.982984813548541,0.7655108359133127,0.8607233612977337,12363,3787,214
Saimiri_sciureus,Gorilla_gorilla,same-order,3,0,328,16474,3.183100938796997,,74.24496644295301,0.9830212630910822,0.7671826625386997,0.8617931418237462,12390,3760,214
Saimiri_sciureus,Gorilla_gorilla,same-order,3,1,328,16472,3.2762398719787598,,74.25095877277086,0.9828666613785992,0.7673396086202626,0.8618327247435229,12391,3757,216
Saimiri_sciureus,Gorilla_gorilla,same-order,3,2,328,16473,3.342517614364624,,74.22544495715228,0.983015873015873,0.7669349845201239,0.8616347826086956,12386,3764,214
Saimiri_sciureus,Gorilla_gorilla,same-order,4,0,437,16474,3.775927782058716,,74.31088207094919,0.9830360681728102,0.7678637770897833,0.8622284025725708,12401,3749,214
Saimiri_sciureus,Gorilla_gorilla,same-order,4,1,437,16474,3.552375078201294,,74.2973572241865,0.9831099833478709,0.7676304872763297,0.8621097281134832,12398,3753,213
Saimiri_sciureus,Gorilla_gorilla,same-order,4,2,437,16473,4.542032480239868,,74.32424333233443,0.9831919448188378,0.7677686973749381,0.8622284025725707,12401,3751,212
Saimiri_sciureus,Gorilla_gorilla,same-order,5,0,546,16471,3.758002519607544,,74.8126835701013,0.9832978807216576,0.7727216443784052,0.865383948691281,12481,3671,212
Saimiri_sciureus,Gorilla_gorilla,same-order,5,2,546,16473,3.552471876144409,,74.2973572241865,0.9830320329844593,0.7676780185758514,0.8621097281134832,12398,3752,214
Saimiri_sciureus,Gorilla_gorilla,same-order,5,1,546,16472,3.655672073364258,,74.45163610212154,0.9830656010128986,0.7692260061919505,0.8630979261472191,12423,3727,214
Saimiri_sciureus,Gorilla_gorilla,same-order,6,0,655,16473,3.6519742012023926,,74.64189391669164,0.9832622769619453,0.771050024764735,0.8643209105420223,12454,3698,212
Saimiri_sciureus,Gorilla_gorilla,same-order,6,1,655,16473,3.8304219245910645,,74.62543449598466,0.9831819976312672,0.7709739335025695,0.8642420877290394,12452,3699,213
Saimiri_sciureus,Gorilla_gorilla,same-order,6,2,655,16472,3.6007542610168457,,74.69280105496614,0.9833491161616161,0.7714356466291091,0.8645967042497832,12461,3692,211
Saimiri_sciureus,Gorilla_gorilla,same-order,7,1,764,16468,3.4714720249176025,,74.91307996643089,0.9831641884981512,0.7738080495356037,0.8660129586639409,12497,3653,214
Saimiri_sciureus,Gorilla_gorilla,same-order,7,0,764,16473,3.655231475830078,,74.75128850533382,0.9832098376162699,0.7722741625905517,0.8650691819537399,12473,3678,213
Saimiri_sciureus,Gorilla_gorilla,same-order,7,2,764,16469,3.6389851570129395,,74.90708548135716,0.9832402234636871,0.7736982230202464,0.865973665973666,12496,3655,213
Saimiri_sciureus,Gorilla_gorilla,same-order,8,0,873,16470,3.688885450363159,,74.92057783372294,0.9832441787287602,0.7738839700328153,0.8660915358763814,12499,3652,213
Saimiri_sciureus,Gorilla_gorilla,same-order,8,1,873,16471,3.5474483966827393,,75.11089797386404,0.9834392904795541,0.7757072989537547,0.8673080916453243,12530,3623,211
Saimiri_sciureus,Gorilla_gorilla,same-order,8,2,873,16469,3.351522207260132,,75.29221363064197,0.9832485322896282,0.7777708978328174,0.8685220397579948,12561,3589,214
Saimiri_sciureus,Saimiri_boliviensis,same-genus,1,0,110,16474,3.104081869125366,,99.87253414264036,0.9999392281981161,0.9990285367334548,0.9994836750189826,16454,16,1
Saimiri_sciureus,Saimiri_boliviensis,same-genus,1,1,110,16474,2.8306291103363037,,99.87253414264036,0.9999392281981161,0.9990285367334548,0.9994836750189826,16454,16,1
Saimiri_sciureus,Saimiri_boliviensis,same-genus,1,2,110,16474,2.817633867263794,,99.87253414264036,0.9999392281981161,0.9990285367334548,0.9994836750189826,16454,16,1
Saimiri_sciureus,Saimiri_boliviensis,same-genus,2,0,220,16474,2.9252467155456543,,99.87253414264036,0.9999392281981161,0.9990285367334548,0.9994836750189826,16454,16,1
Saimiri_sciureus,Saimiri_boliviensis,same-genus,2,1,220,16474,2.924994945526123,,99.87860394537178,0.9999392318911036,0.9990892531876139,0.9995140618356314,16455,15,1
Saimiri_sciureus,Saimiri_boliviensis,same-genus,2,2,220,16474,2.880859136581421,,99.87253414264036,0.9999392281981161,0.9990285367334548,0.9994836750189826,16454,16,1
Saimiri_sciureus,Saimiri_boliviensis,same-genus,3,1,330,16474,3.1673951148986816,,99.87253414264036,0.9999392281981161,0.9990285367334548,0.9994836750189826,16454,16,1
Saimiri_sciureus,Saimiri_boliviensis,same-genus,3,0,330,16474,3.282717227935791,,99.8907435508346,0.9999392392757321,0.999210686095932,0.9995748299319727,16457,13,1
Saimiri_sciureus,Saimiri_boliviensis,same-genus,3,2,330,16474,4.029800653457642,,99.8907435508346,0.9999392392757321,0.999210686095932,0.9995748299319727,16457,13,1
Saimiri_sciureus,Saimiri_boliviensis,same-genus,4,1,440,16474,3.641309976577759,,99.8907435508346,0.9999392392757321,0.999210686095932,0.9995748299319727,16457,13,1
Saimiri_sciureus,Saimiri_boliviensis,same-genus,4,0,440,16474,4.745359659194946,,99.896813353566,0.9999392429673735,0.9992714025500911,0.9996052112120016,16458,12,1
Saimiri_sciureus,Saimiri_boliviensis,same-genus,4,2,440,16473,3.7655608654022217,,99.90894743231759,0.9999392466585663,0.9993321190042501,0.9996355906468267,16459,11,1
Saimiri_sciureus,Saimiri_boliviensis,same-genus,5,0,550,16473,4.718374967575073,,99.92108777467524,0.9999392540396064,0.9994535519125683,0.9996963439815378,16461,9,1
Saimiri_sciureus,Saimiri_boliviensis,same-genus,5,1,550,16474,5.095439434051514,,99.93323216995448,0.9999392651078044,0.9996357012750455,0.9997874601487778,16464,6,1
Saimiri_sciureus,Saimiri_boliviensis,same-genus,5,2,550,16472,4.599296808242798,,99.92715352394828,0.9999392540396064,0.9994535519125683,0.9996963439815378,16461,9,1
Saimiri_sciureus,Saimiri_boliviensis,same-genus,6,0,659,16471,7.304489850997925,,99.94536182612919,0.9999392614188533,0.9995749848208865,0.9997570899374507,16463,7,1
Saimiri_sciureus,Saimiri_boliviensis,same-genus,6,1,659,16472,7.487446069717407,,99.96357676197414,0.9999392761719699,0.9998178506375228,0.9998785597182586,16467,3,1
Saimiri_sciureus,Saimiri_boliviensis,same-genus,6,2,659,16472,7.516303777694702,,99.95750622230317,0.9999392724843627,0.9997571341833636,0.9998481950390138,16466,4,1
Saimiri_sciureus,Saimiri_boliviensis,same-genus,7,0,769,16474,8.110565662384033,,99.93323216995448,0.9999392651078044,0.9996357012750455,0.9997874601487778,16464,6,1
Saimiri_sciureus,Saimiri_boliviensis,same-genus,7,1,769,16471,8.310693502426147,,99.97571636716853,0.9999392798591292,0.9998785670916819,0.9999089225538117,16468,2,1
Saimiri_sciureus,Saimiri_boliviensis,same-genus,7,2,769,16473,7.0200889110565186,,99.94536845939055,0.9999392687963076,0.9996964177292046,0.9998178285159097,16465,5,1
Saimiri_sciureus,Aotus_azarai,same-order,1,1,111,16474,2.9990861415863037,,82.31755008723904,0.9893701641478053,0.8338615309605071,0.9049839600489465,13682,2726,147
Saimiri_sciureus,Saimiri_boliviensis,same-genus,8,0,879,16473,7.884418964385986,,99.95143863056938,0.9999392724843627,0.9997571341833636,0.9998481950390138,16466,4,1
Saimiri_sciureus,Saimiri_boliviensis,same-genus,8,1,879,16473,7.7518310546875,,99.96357897292704,0.9999392798591292,0.9998785670916819,0.9999089225538117,16468,2,1
Saimiri_sciureus,Aotus_azarai,same-order,1,0,111,16474,3.1727941036224365,,82.31755008723904,0.9893701641478053,0.8338615309605071,0.9049839600489465,13682,2726,147
Saimiri_sciureus,Saimiri_boliviensis,same-genus,8,2,879,16471,7.543987035751343,,99.97571636716853,0.9999392798591292,0.9998785670916819,0.9999089225538117,16468,2,1
Saimiri_sciureus,Aotus_azarai,same-order,1,2,111,16474,2.7898290157318115,,82.31755008723904,0.9893701641478053,0.8338615309605071,0.9049839600489465,13682,2726,147
Saimiri_sciureus,Aotus_azarai,same-order,2,0,221,16475,3.0659842491149902,,82.35364899825522,0.9894462917449761,0.8341763666280699,0.9052012035843003,13688,2721,146
Saimiri_sciureus,Aotus_azarai,same-order,2,2,221,16474,2.904543161392212,,82.49804464231995,0.9893931741106862,0.8356899073622623,0.90606931641722,13712,2696,147
Saimiri_sciureus,Aotus_azarai,same-order,2,1,221,16474,2.7394800186157227,,82.38373142410204,0.989378612716763,0.8345319356411507,0.9053821740280349,13693,2715,147
Saimiri_sciureus,Aotus_azarai,same-order,3,1,332,16473,2.9748260974884033,,82.65944645006017,0.989413035649982,0.8372745002437835,0.9070082197207275,13738,2670,147
Saimiri_sciureus,Aotus_azarai,same-order,3,0,332,16474,3.5137805938720703,,82.65447325672342,0.989413035649982,0.8372745002437835,0.9070082197207275,13738,2670,147
Saimiri_sciureus,Aotus_azarai,same-order,3,2,332,16474,3.5461742877960205,,82.49804464231995,0.9893931741106862,0.8356899073622623,0.90606931641722,13712,2696,147
Saimiri_sciureus,Aotus_azarai,same-order,4,0,442,16474,3.2453179359436035,,83.14180855544191,0.9894744379206645,0.8422111165285227,0.9099229604266807,13819,2589,147
Saimiri_sciureus,Aotus_azarai,same-order,4,2,442,16474,3.3646860122680664,,83.12274368231047,0.9895422963971062,0.841916021695411,0.9097793875535067,13815,2594,146
Saimiri_sciureus,Aotus_azarai,same-order,4,1,442,16472,3.588864326477051,,83.08460705259357,0.989536300437182,0.8414284843683345,0.9094921283182926,13807,2602,146
Saimiri_sciureus,Aotus_azarai,same-order,5,0,552,16473,3.483938455581665,,83.59205776173285,0.9895299145299146,0.8467211116528522,0.9125722543352601,13893,2515,147
Saimiri_sciureus,Aotus_azarai,same-order,6,0,663,16479,3.2519619464874268,,84.3793248691257,0.9901150886111699,0.8542796222966799,0.9171953692197005,14023,2392,140
Saimiri_sciureus,Aotus_azarai,same-order,5,1,552,16471,3.474881649017334,,83.2861871802588,0.9897010441996853,0.8432149168240815,0.910604415490409,13838,2573,144
Saimiri_sciureus,Aotus_azarai,same-order,5,2,552,16468,3.3110337257385254,,83.65934396629551,0.9895351320566669,0.8471477328132618,0.9128221966836316,13900,2508,147
Saimiri_sciureus,Aotus_azarai,same-order,6,2,663,16473,3.7944092750549316,,84.54687688049103,0.9897851356111307,0.8561852528945765,0.9181506289821925,14050,2360,145
Saimiri_sciureus,Aotus_azarai,same-order,6,1,663,16467,3.712286949157715,,84.62742265559167,0.9896529879636798,0.8568990736226231,0.9185040013065491,14060,2348,147
Saimiri_sciureus,Aotus_azarai,same-order,7,0,773,16472,3.846700429916382,,84.55010532651218,0.9899231907547037,0.8559590543504753,0.9180799268045617,14048,2364,143
Saimiri_sciureus,Aotus_azarai,same-order,7,1,773,16476,5.15954065322876,,85.07732113845599,0.9899873967231481,0.8615037777236169,0.9212875480549946,14139,2273,143
Saimiri_sciureus,Aotus_azarai,same-order,7,2,773,16470,4.267092227935791,,85.18719152521969,0.9899279569140379,0.8624093595758943,0.9217793408883679,14153,2258,144
Saimiri_sciureus,Aotus_azarai,same-order,8,0,883,16472,3.6004416942596436,,85.1691344649091,0.9900643716764623,0.8621214890635472,0.9216739944634424,14150,2263,142
Saimiri_sciureus,Varecia_variegata,same-order,1,0,114,16474,2.991217851638794,,70.68905616676318,0.9387880652107043,0.7550250479312264,0.8369382648339218,12208,3961,796
Saimiri_sciureus,Varecia_variegata,same-order,1,2,114,16474,2.8693056106567383,,70.68905616676318,0.9387880652107043,0.7550250479312264,0.8369382648339218,12208,3961,796
Saimiri_sciureus,Varecia_variegata,same-order,1,1,114,16474,2.9359593391418457,,70.68905616676318,0.9387880652107043,0.7550250479312264,0.8369382648339218,12208,3961,796
Saimiri_sciureus,Aotus_azarai,same-order,8,1,883,16477,4.387596845626831,,85.97135291285508,0.990363283416528,0.8701876218323586,0.9263942931258107,14285,2131,139
Saimiri_sciureus,Aotus_azarai,same-order,8,2,883,16477,4.7594215869903564,,85.5647150851435,0.990112797660493,0.8663864010235789,0.9241267262388303,14220,2193,142
Saimiri_sciureus,Varecia_variegata,same-order,2,0,227,16474,2.9133505821228027,,70.68905616676318,0.9387880652107043,0.7550250479312264,0.8369382648339218,12208,3961,796
Saimiri_sciureus,Varecia_variegata,same-order,2,1,227,16474,3.047680616378784,,70.70063694267516,0.9387974780870367,0.7551487414187643,0.8370179948586118,12210,3959,796
Saimiri_sciureus,Varecia_variegata,same-order,2,2,227,16474,3.2252228260040283,,70.68905616676318,0.9387880652107043,0.7550250479312264,0.8369382648339218,12208,3961,796
Saimiri_sciureus,Varecia_variegata,same-order,3,0,340,16474,3.5353643894195557,,70.77591198610307,0.9388585912896535,0.7559527490877606,0.8375359736878168,12223,3946,796
Saimiri_sciureus,Varecia_variegata,same-order,3,1,340,16474,3.6004066467285156,,70.71800810654314,0.9388115919747867,0.7553342816500711,0.8371375694016039,12213,3956,796
Saimiri_sciureus,Varecia_variegata,same-order,3,2,340,16474,3.3939359188079834,,70.70063694267516,0.9387974780870367,0.7551487414187643,0.8370179948586118,12210,3959,796
Saimiri_sciureus,Varecia_variegata,same-order,4,0,453,16474,3.5046732425689697,,70.76433121019109,0.9388491972036568,0.7558290556002226,0.8374563146714178,12221,3948,796
Saimiri_sciureus,Varecia_variegata,same-order,4,1,453,16473,3.4006125926971436,,70.73947536047253,0.938825699354442,0.7555198218813779,0.8372571193584867,12216,3953,796
Saimiri_sciureus,Varecia_variegata,same-order,4,2,453,16474,3.0957441329956055,,70.81644470179502,0.9388914478734838,0.7563856762941431,0.8378146942969686,12230,3939,796
Saimiri_sciureus,Varecia_variegata,same-order,5,1,566,16475,2.981236696243286,,70.85697741748697,0.9389963167587477,0.7567717996289425,0.8380932812821039,12237,3933,795
Saimiri_sciureus,Varecia_variegata,same-order,5,0,566,16473,3.185490369796753,,70.9826857374486,0.9390225218323885,0.7581173851196734,0.8389282414536495,12258,3911,796
Saimiri_sciureus,Varecia_variegata,same-order,5,2,566,16474,3.042775869369507,,70.85118702953098,0.9389195825659914,0.7567567567567568,0.8380534913187904,12236,3933,796
Saimiri_sciureus,Varecia_variegata,same-order,6,0,679,16477,3.317898988723755,,71.09850020267531,0.9394032134659526,0.759166512088048,0.8397223267106658,12278,3895,792
Saimiri_sciureus,Varecia_variegata,same-order,6,1,679,16474,3.3026633262634277,,71.11419967570072,0.939268777726786,0.7593840826170305,0.8398016755000854,12280,3891,794
Saimiri_sciureus,Varecia_variegata,same-order,6,2,679,16479,3.303523540496826,,71.20440069484656,0.9395629584352079,0.7602942994930135,0.8404757022759894,12297,3877,791
Saimiri_sciureus,Varecia_variegata,same-order,7,0,792,16475,3.920961618423462,,71.12578179291174,0.9393499043977055,0.7594607964382885,0.8398810134372755,12282,3890,793
Saimiri_sciureus,Varecia_variegata,same-order,7,1,792,16477,4.020999193191528,,71.22589611442469,0.9395050412465628,0.7605268039324801,0.840594566888775,12300,3873,792
Saimiri_sciureus,Varecia_variegata,same-order,7,2,792,16476,3.717325448989868,,71.32101696878439,0.9396459636807569,0.7614071967355014,0.8411885245901638,12315,3859,791
Saimiri_sciureus,Varecia_variegata,same-order,8,0,905,16476,4.178085088729858,,71.28626860485319,0.9396183206106871,0.7610362309880054,0.8409510145521624,12309,3865,791
Saimiri_sciureus,Varecia_variegata,same-order,8,1,905,16475,3.9703726768493652,,71.35576533271558,0.939601921757035,0.761825264329438,0.8414259373079287,12321,3852,792
Saimiri_sciureus,Varecia_variegata,same-order,8,2,905,16478,3.8463971614837646,,71.24905900747004,0.9395952653684613,0.7607270928650921,0.8407530151354676,12304,3870,791
Aotus_azarai,Homo_sapiens,same-order,1,0,111,16555,3.4038217067718506,,74.67007490191416,0.9791861552853134,0.7705189547294811,0.8624098867147271,12561,3741,267
Aotus_azarai,Homo_sapiens,same-order,1,1,111,16555,3.5748283863067627,,74.67007490191416,0.9791861552853134,0.7705189547294811,0.8624098867147271,12561,3741,267
Aotus_azarai,Homo_sapiens,same-order,1,2,111,16555,3.4840259552001953,,74.67007490191416,0.9791861552853134,0.7705189547294811,0.8624098867147271,12561,3741,267
Aotus_azarai,Homo_sapiens,same-order,2,0,221,16555,3.2989344596862793,,74.67007490191416,0.9791861552853134,0.7705189547294811,0.8624098867147271,12561,3741,267
Aotus_azarai,Homo_sapiens,same-order,2,1,221,16555,3.607020378112793,,74.72952086553323,0.9792023679700887,0.7711323763955343,0.8628002745367194,12571,3731,267
Aotus_azarai,Homo_sapiens,same-order,2,2,221,16555,3.5477898120880127,,74.68790869099988,0.9791910217442132,0.770702981229297,0.86252703120173,12564,3738,267
Aotus_azarai,Homo_sapiens,same-order,3,0,332,16558,3.602734327316284,,74.90636704119851,0.9795537588431936,0.7727216975346498,0.8639308855291575,12600,3706,263
Aotus_azarai,Homo_sapiens,same-order,3,1,332,16555,3.3234989643096924,,74.68196409463798,0.9791893998441153,0.7706416390626917,0.8624879857201702,12563,3739,267
Aotus_azarai,Homo_sapiens,same-order,3,2,332,16554,3.2768454551696777,,74.79191438763377,0.979293165187607,0.7716371220020855,0.86315139455899,12580,3723,266
Aotus_azarai,Homo_sapiens,same-order,4,0,442,16555,3.2726552486419678,,74.97919391273332,0.9792701863354037,0.7737087473929579,0.8644369817010485,12613,3689,267
Aotus_azarai,Homo_sapiens,same-order,4,2,442,16553,3.1187844276428223,,75.09512485136742,0.9792991161420376,0.7748129063918537,0.8651369863013699,12631,3671,267
Aotus_azarai,Homo_sapiens,same-order,4,1,442,16550,3.203076124191284,,75.06541389153188,0.9793622468771821,0.7742746733729988,0.8648259797204714,12623,3680,266
Aotus_azarai,Homo_sapiens,same-order,5,0,553,16552,3.289747953414917,,75.37903561448363,0.9793742757821553,0.777695988222304,0.8669607139193763,12678,3624,267
Aotus_azarai,Homo_sapiens,same-order,5,2,553,16555,3.0143845081329346,,75.22592152199762,0.9794859885431181,0.776067222767419,0.8659913763602766,12653,3651,265
Aotus_azarai,Homo_sapiens,same-order,6,0,663,16548,2.8881945610046387,,75.63934816224575,0.979513247073321,0.7801018217505981,0.8685082118346023,12718,3585,266
Aotus_azarai,Homo_sapiens,same-order,6,2,663,16551,2.987557888031006,,75.47270781305744,0.9793981481481482,0.7786161207213839,0.8675415214271067,12693,3609,267
Aotus_azarai,Homo_sapiens,same-order,5,1,553,16556,3.0625417232513428,,75.0163505559189,0.9795807453416149,0.7737642585551331,0.8645926128965942,12617,3689,263
Aotus_azarai,Homo_sapiens,same-order,6,1,663,16556,2.937872886657715,,75.00297300511357,0.9796520658589624,0.773532838658245,0.86447589349964,12614,3693,262
Aotus_azarai,Homo_sapiens,same-order,7,0,774,16547,3.5623245239257812,,75.6319514661274,0.9795100908950855,0.7799791449426486,0.8684309373399351,12716,3587,266
Aotus_azarai,Homo_sapiens,same-order,7,1,774,16557,3.7356979846954346,,75.6525358225816,0.9798244263052518,0.7802784080456245,0.8687399720069642,12724,3583,262
Aotus_azarai,Homo_sapiens,same-order,7,2,774,16549,3.7427895069122314,,75.82371832996313,0.97963731366221,0.7819553483807654,0.8697046183232144,12749,3555,265
Aotus_azarai,Homo_sapiens,same-order,8,0,884,16557,3.8177149295806885,,75.88298251872993,0.9799585348997927,0.782560706401766,0.8702055845351335,12762,3546,261
Aotus_azarai,Homo_sapiens,same-order,8,2,884,16552,3.3234424591064453,,75.89508742714405,0.9798817476771865,0.7825473722941069,0.8701670644391408,12761,3546,262
Aotus_azarai,Gorilla_gorilla,same-order,1,0,110,16555,3.031123161315918,,74.4955223880597,0.984612956679555,0.7717236687488404,0.8652659316274877,12478,3691,195
Aotus_azarai,Homo_sapiens,same-order,8,1,884,16552,3.31562876701355,,75.77019150707744,0.979849253960929,0.781259581774698,0.869357535228087,12740,3567,262
Aotus_azarai,Gorilla_gorilla,same-order,1,1,110,16555,3.126842975616455,,74.4955223880597,0.984612956679555,0.7717236687488404,0.8652659316274877,12478,3691,195
Aotus_azarai,Gorilla_gorilla,same-order,1,2,110,16555,3.215327262878418,,74.4955223880597,0.984612956679555,0.7717236687488404,0.8652659316274877,12478,3691,195
Aotus_azarai,Gorilla_gorilla,same-order,2,1,219,16555,3.4400458335876465,,74.4955223880597,0.984612956679555,0.7717236687488404,0.8652659316274877,12478,3691,195
Aotus_azarai,Gorilla_gorilla,same-order,2,0,219,16555,3.1541197299957275,,74.4955223880597,0.984612956679555,0.7717236687488404,0.8652659316274877,12478,3691,195
Aotus_azarai,Gorilla_gorilla,same-order,3,0,328,16555,3.74527907371521,,74.66268656716417,0.984646878198567,0.7734553775743707,0.8663664703844822,12506,3663,195
Aotus_azarai,Gorilla_gorilla,same-order,2,2,219,16555,3.4308853149414062,,74.4955223880597,0.984612956679555,0.7717236687488404,0.8652659316274877,12478,3691,195
Aotus_azarai,Gorilla_gorilla,same-order,3,1,328,16555,3.6676158905029297,,74.68656716417911,0.9846517119244392,0.7737027645494464,0.8665235159659208,12510,3659,195
Aotus_azarai,Gorilla_gorilla,same-order,3,2,328,16554,4.2496397495269775,,74.64326228431548,0.9846420414271088,0.7732079905992949,0.8662093812790134,12502,3667,195
Aotus_azarai,Gorilla_gorilla,same-order,4,0,437,16555,3.510082721710205,,74.68059701492537,0.9846505037783375,0.7736409178056776,0.8664842586499497,12509,3660,195
Aotus_azarai,Gorilla_gorilla,same-order,4,1,437,16555,3.569674491882324,,74.76267239835214,0.9847436300723498,0.7743970315398887,0.866994391746867,12522,3648,194
Aotus_azarai,Gorilla_gorilla,same-order,5,0,546,16556,3.693586587905884,,75.06268656716418,0.9848045742930994,0.7775510204081633,0.8689912568683692,12573,3597,194
Aotus_azarai,Gorilla_gorilla,same-order,4,2,437,16556,3.5483357906341553,,74.76562966501463,0.9849748269351793,0.7741915538242751,0.8669551670417172,12521,3652,191
Aotus_azarai,Gorilla_gorilla,same-order,5,1,546,16549,3.192378520965576,,74.98208313425705,0.9847058823529412,0.7764858680190488,0.868287285175836,12555,3614,195
Aotus_azarai,Gorilla_gorilla,same-order,5,2,546,16557,3.3496856689453125,,74.77611940298507,0.9848246579650889,0.7745346608125657,0.8671120495690401,12525,3646,193
Aotus_azarai,Gorilla_gorilla,same-order,6,0,655,16556,3.167609930038452,,74.95522388059702,0.984783120244725,0.7764378478664193,0.868287285175836,12555,3615,194
Aotus_azarai,Gorilla_gorilla,same-order,6,1,655,16552,3.195559024810791,,75.15824674549145,0.9848200312989045,0.7783549783549784,0.8694991364421415,12586,3584,194
Aotus_azarai,Gorilla_gorilla,same-order,6,2,655,16551,3.621487855911255,,75.20606857006331,0.9850571115631357,0.778519755147468,0.8696943533068554,12591,3582,191
Aotus_azarai,Gorilla_gorilla,same-order,7,1,764,16552,3.3804876804351807,,75.32250358337315,0.9850046860356139,0.7798664358149888,0.8705135284373273,12612,3560,192
Aotus_azarai,Gorilla_gorilla,same-order,7,0,764,16553,3.3103456497192383,,75.32095300650863,0.9848532167395377,0.78008658008658,0.8705914831941473,12614,3556,194
Aotus_azarai,Gorilla_gorilla,same-order,7,2,764,16548,3.6653170585632324,,75.41365509826176,0.9849430488375721,0.7807185702801311,0.8710200420849288,12625,3546,193
Aotus_azarai,Gorilla_gorilla,same-order,8,0,873,16544,3.5949292182922363,,75.73331740247326,0.9848508390304537,0.7840311707588595,0.8730415619296856,12677,3492,195
Aotus_azarai,Gorilla_gorilla,same-order,8,2,873,16550,3.584111213684082,,75.63903487816532,0.9849132903025118,0.7832405689548547,0.8725757001619071,12665,3505,194
Aotus_azarai,Gorilla_gorilla,same-order,8,1,873,16557,2.7489936351776123,,75.44037738102347,0.9851840299438552,0.7811302089773711,0.8713704393406442,12634,3540,190
Aotus_azarai,Saimiri_boliviensis,same-order,1,0,110,16555,2.8047077655792236,,82.32250300842358,0.9952716956426857,0.8339631842009021,0.90750505753988,13682,2724,65
Aotus_azarai,Saimiri_boliviensis,same-order,1,1,110,16555,3.0509800910949707,,82.32851985559567,0.9952720395693919,0.8340241375106668,0.9075412880546527,13683,2723,65
Aotus_azarai,Saimiri_boliviensis,same-order,1,2,110,16555,3.129169464111328,,82.32851985559567,0.9952720395693919,0.8340241375106668,0.9075412880546527,13683,2723,65
Aotus_azarai,Saimiri_boliviensis,same-order,2,0,220,16555,2.8187777996063232,,82.43682310469315,0.9952782217056516,0.8351212970864318,0.9081930266472226,13701,2705,65
Aotus_azarai,Saimiri_boliviensis,same-order,2,1,220,16555,2.3380796909332275,,82.39470517448856,0.9952758194636238,0.8346946239180788,0.9079396651748716,13694,2712,65
Aotus_azarai,Saimiri_boliviensis,same-order,2,2,220,16555,2.9777534008026123,,82.38267148014441,0.9952751326597369,0.8345727172985493,0.9078672545834301,13692,2714,65
Aotus_azarai,Saimiri_boliviensis,same-order,3,0,330,16556,2.8891327381134033,,82.60529482551144,0.995359965199739,0.8367769854330469,0.909205298013245,13729,2678,64
Aotus_azarai,Saimiri_boliviensis,same-order,3,1,330,16554,3.2587947845458984,,82.71255791563873,0.9952936065455072,0.8378641960258442,0.9098189760730714,13746,2660,65
Aotus_azarai,Saimiri_boliviensis,same-order,3,2,330,16555,4.407061815261841,,82.58724428399519,0.9952867812341382,0.8366451298305498,0.909096930158625,13726,2680,65
Aotus_azarai,Saimiri_boliviensis,same-order,4,1,440,16556,3.952343225479126,,83.20096269554753,0.9953930319608407,0.8428109953068812,0.9127693983299778,13828,2579,64
Aotus_azarai,Saimiri_boliviensis,same-order,4,2,440,16556,3.69081711769104,,82.88602719942232,0.9955189361087019,0.8394173928941434,0.910828236072078,13774,2635,62
Aotus_azarai,Saimiri_boliviensis,same-order,4,0,440,16555,4.435047388076782,,83.26614116372826,0.9953963458495181,0.8434204912537332,0.9131281137615891,13838,2569,64
Aotus_azarai,Saimiri_boliviensis,same-order,5,0,550,16549,3.739283561706543,,83.83911368015414,0.9957805907172996,0.8484036071167439,0.9162033229149532,13924,2488,59
Aotus_azarai,Saimiri_boliviensis,same-order,5,1,550,16554,4.728411674499512,,83.93211771077812,0.9955032119914347,0.8500121891760117,0.9170228154382273,13947,2461,63
Aotus_azarai,Saimiri_boliviensis,same-order,6,0,659,16553,4.754361629486084,,84.36352693349383,0.9955962781447546,0.8542263392040953,0.9195093151403831,14017,2392,62
Aotus_azarai,Saimiri_boliviensis,same-order,5,2,550,16547,4.670239686965942,,83.98555087296809,0.9955041746949261,0.8501950268161872,0.9171296144110975,13950,2458,63
Aotus_azarai,Saimiri_boliviensis,same-order,6,1,659,16554,4.768920660018921,,84.48576758741048,0.9955325485746702,0.8556192101413944,0.9202884300229432,14039,2369,63
Aotus_azarai,Saimiri_boliviensis,same-order,7,0,769,16551,4.031276226043701,,84.81401227880102,0.9955489614243324,0.8587883959044369,0.9221255153458543,14091,2317,63
Aotus_azarai,Saimiri_boliviensis,same-order,6,2,659,16551,3.8906242847442627,,84.370486278286,0.9953848338540188,0.8545044495916129,0.9195801902263038,14019,2387,65
Aotus_azarai,Saimiri_boliviensis,same-order,7,1,769,16558,4.849604368209839,,84.75147430497051,0.9957579185520362,0.8582048625921638,0.9218785796105383,14084,2327,60
Aotus_azarai,Saimiri_boliviensis,same-order,7,2,769,16555,3.852283477783203,,85.03671602263151,0.995841263128216,0.8608335364367536,0.9234288702245171,14128,2284,59
Aotus_azarai,Saimiri_boliviensis,same-order,8,1,879,16556,2.9039578437805176,,85.64636494944632,0.9958015534252327,0.8671622692096764,0.9270405836753306,14231,2180,60
Aotus_azarai,Saimiri_sciureus,same-order,1,0,110,16555,4.199681282043457,,82.31755008723904,0.9951993017166133,0.8338615309605071,0.9074147764955565,13682,2726,66
Aotus_azarai,Saimiri_boliviensis,same-order,8,0,879,16550,3.8587770462036133,,85.69106669877198,0.9956634258935441,0.8675117313669328,0.9271803556308214,14235,2174,62
Aotus_azarai,Saimiri_boliviensis,same-order,8,2,879,16550,4.228065729141235,,86.11077664057797,0.9958225997354313,0.8715495704100908,0.929550919607461,14303,2108,60
Aotus_azarai,Saimiri_sciureus,same-order,1,1,110,16555,2.9427237510681152,,82.34763251308586,0.9952010470442813,0.8341662603607997,0.9075959019926396,13687,2721,66
Aotus_azarai,Saimiri_sciureus,same-order,1,2,110,16555,2.974849224090576,,82.31755008723904,0.9951993017166133,0.8338615309605071,0.9074147764955565,13682,2726,66
Aotus_azarai,Saimiri_sciureus,same-order,2,0,220,16555,3.2399961948394775,,82.50300842358604,0.9952819917253394,0.8356389786092998,0.908500629430862,13712,2697,65
Aotus_azarai,Saimiri_sciureus,same-order,2,1,220,16555,3.3976821899414062,,82.4077973647795,0.9952045338952263,0.8347757191613847,0.9079579728878724,13697,2711,66
Aotus_azarai,Saimiri_sciureus,same-order,2,2,220,16555,3.270280599594116,,82.43787979062631,0.9952062754212667,0.8350804485616772,0.9081389183457051,13702,2706,66
Aotus_azarai,Saimiri_sciureus,same-order,3,1,330,16556,3.1188766956329346,,82.63642380121533,0.9952898550724638,0.837040648424645,0.9093316561289683,13735,2674,65
Aotus_azarai,Saimiri_sciureus,same-order,3,0,330,16548,3.1860432624816895,,82.69531720235946,0.9952191235059761,0.837335446123842,0.9094760533545163,13739,2669,66
Aotus_azarai,Saimiri_sciureus,same-order,3,2,330,16556,4.284665822982788,,82.71463810841706,0.9952942879895751,0.8378328965811445,0.9098008073588777,13748,2661,65
Aotus_azarai,Saimiri_sciureus,same-order,4,0,440,16555,3.580389976501465,,83.14079422382672,0.9953180148382914,0.8420988481930648,0.9123200845107619,13818,2591,65
Aotus_azarai,Saimiri_sciureus,same-order,4,1,440,16559,3.630272150039673,,83.10172652349155,0.9953883844934429,0.8418037781840342,0.912176439513999,13814,2596,64
Aotus_azarai,Saimiri_sciureus,same-order,4,2,440,16549,4.747155666351318,,83.12266762970988,0.9953153153153154,0.8416113108659882,0.9120327565711267,13810,2599,65
Aotus_azarai,Saimiri_sciureus,same-order,5,0,550,16559,3.9897384643554688,,83.82671480144404,0.9956406774815979,0.8488393346737342,0.9163980793264487,13932,2481,61
Aotus_azarai,Saimiri_sciureus,same-order,5,2,550,16556,4.075055837631226,,84.00024068836873,0.9955073807316551,0.850648954969228,0.9173950187290529,13960,2451,63
Aotus_azarai,Saimiri_sciureus,same-order,6,0,659,16549,3.689148187637329,,84.72188779195763,0.9955436089693711,0.8575955152032173,0.9214351185020296,14074,2337,63
Aotus_azarai,Saimiri_sciureus,same-order,5,1,550,16555,3.812419891357422,,83.53691557855467,0.99541119954112,0.8460085313833029,0.9146490101129888,13883,2527,64
Aotus_azarai,Saimiri_sciureus,same-order,6,2,659,16556,3.9470090866088867,,84.55798278871036,0.9956774376417233,0.8560896850057881,0.9206224406224407,14051,2362,61
Aotus_azarai,Saimiri_sciureus,same-order,6,1,659,16554,3.5059397220611572,,84.78483298224496,0.9956884365281312,0.8582830682995187,0.921893917083865,14087,2326,61
Aotus_azarai,Saimiri_sciureus,same-order,7,0,769,16557,3.7644553184509277,,85.07462686567165,0.9958436069038393,0.8611635699055742,0.9236197321136883,14136,2279,59
Aotus_azarai,Saimiri_sciureus,same-order,7,1,769,16555,4.5053606033325195,,84.95937405958472,0.9957674943566591,0.8599975630559279,0.9229159856162145,14116,2298,60
Aotus_azarai,Saimiri_sciureus,same-order,7,2,769,16556,3.930657148361206,,84.94313052897635,0.9956969525959368,0.8599890330835314,0.9228807741344929,14115,2298,61
Aotus_azarai,Saimiri_sciureus,same-order,8,1,879,16562,3.824998378753662,,85.86557554606173,0.9960214978711524,0.8692209295242737,0.9283112151964611,14270,2147,57
Aotus_azarai,Saimiri_sciureus,same-order,8,0,879,16554,4.862228631973267,,85.63173418407271,0.9958697934896745,0.8666463600365519,0.9267752442996743,14226,2189,59
Aotus_azarai,Saimiri_sciureus,same-order,8,2,879,16555,4.457897424697876,,85.64463705308776,0.9958706606942889,0.8668291197075845,0.92688010943556,14229,2186,59
Aotus_azarai,Varecia_variegata,same-order,1,0,114,16555,3.5305135250091553,,71.79590893331792,0.9430024286581664,0.7663130627852474,0.8455256890098674,12425,3789,751
Aotus_azarai,Varecia_variegata,same-order,1,1,114,16555,3.264467716217041,,71.80168727608921,0.9430067541929119,0.7663747378808438,0.8455649688680209,12426,3788,751
Aotus_azarai,Varecia_variegata,same-order,1,2,114,16555,3.1324052810668945,,71.79590893331792,0.9430024286581664,0.7663130627852474,0.8455256890098674,12425,3789,751
Aotus_azarai,Varecia_variegata,same-order,2,0,227,16555,3.021878480911255,,71.8132439616318,0.9430154032931178,0.7664980880720366,0.8456435205661212,12428,3786,751
Aotus_azarai,Varecia_variegata,same-order,2,1,227,16555,2.9206461906433105,,71.8074656188605,0.9430110790711792,0.7664364129764402,0.8456042460533478,12427,3787,751
Aotus_azarai,Varecia_variegata,same-order,2,2,227,16555,3.1327009201049805,,71.79590893331792,0.9430024286581664,0.7663130627852474,0.8455256890098674,12425,3789,751
Aotus_azarai,Varecia_variegata,same-order,3,0,340,16555,3.9154911041259766,,71.92303247428637,0.94309743900591,0.7676699148883681,0.846389228886169,12447,3767,751
Aotus_azarai,Varecia_variegata,same-order,3,1,340,16555,4.264299631118774,,71.87102738934473,0.9430586094472667,0.7671148390280005,0.8460361187633915,12438,3776,751
Aotus_azarai,Varecia_variegata,same-order,3,2,340,16555,4.073111534118652,,71.80168727608921,0.9430067541929119,0.7663747378808438,0.8455649688680209,12426,3788,751
Aotus_azarai,Varecia_variegata,same-order,4,1,453,16555,3.5516624450683594,,71.96925921645672,0.9431319097379979,0.7681633156531392,0.8467029231815091,12455,3759,751
Aotus_azarai,Varecia_variegata,same-order,4,0,453,16555,3.346780300140381,,71.92881081705767,0.9431017501325858,0.7677315899839645,0.8464284500050998,12448,3766,751
Aotus_azarai,Varecia_variegata,same-order,4,2,453,16555,3.2131636142730713,,71.91147578874379,0.9430888147923613,0.7675465646971753,0.8463107786467188,12445,3769,751
Aotus_azarai,Varecia_variegata,same-order,5,0,566,16555,3.1151633262634277,,72.31018143996302,0.943384847342631,0.7718021462933268,0.8490111604871265,12514,3700,751
Aotus_azarai,Varecia_variegata,same-order,5,2,566,16555,3.3631465435028076,,72.15994452790939,0.943273661152655,0.7701985938078204,0.847995110854582,12488,3726,751
Aotus_azarai,Varecia_variegata,same-order,5,1,566,16556,3.397430419921875,,72.04854088413754,0.9433305591283953,0.7688702516033548,0.8472123127102233,12468,3748,749
Aotus_azarai,Varecia_variegata,same-order,6,0,679,16561,3.6956405639648438,,72.41678224687934,0.9440259153231881,0.7724694858833683,0.8496745321399511,12531,3691,743
Aotus_azarai,Varecia_variegata,same-order,6,1,679,16554,3.1809239387512207,,72.52759956071904,0.943813463708161,0.7737082254285362,0.8503371395656153,12548,3670,747
Aotus_azarai,Varecia_variegata,same-order,6,2,679,16557,3.4249095916748047,,72.45145631067962,0.9437669376693767,0.7730299667036626,0.849908480780964,12537,3681,747
Aotus_azarai,Varecia_variegata,same-order,7,0,792,16559,4.039869785308838,,72.62744191422956,0.9441731159365843,0.7746270496856121,0.8510378923842742,12566,3656,743
Aotus_azarai,Varecia_variegata,same-order,7,1,792,16558,3.7268030643463135,,72.64739884393063,0.944252441773103,0.7747025827528817,0.8511157010801477,12568,3655,742
Aotus_azarai,Varecia_variegata,same-order,7,2,792,16561,4.077341556549072,,72.71413709397757,0.9443777210629035,0.7754561143984221,0.8516212008393692,12581,3643,741
Aotus_azarai,Varecia_variegata,same-order,8,0,905,16558,3.658914566040039,,72.56488814382334,0.9442605686775989,0.7737302761341223,0.8505318788535808,12553,3671,741
Aotus_azarai,Varecia_variegata,same-order,8,1,905,16559,4.26182746887207,,72.71833998034796,0.9443068377992945,0.7755039141958947,0.8516212008393692,12581,3642,742
Aotus_azarai,Varecia_variegata,same-order,8,2,905,16561,3.4310402870178223,,72.5770097670924,0.9442105263157895,0.774086173950564,0.8507265521796566,12558,3665,742
Varecia_variegata,Homo_sapiens,same-order,1,0,111,16965,3.0748095512390137,,71.15985646486862,0.9751744923857868,0.7563361220472441,0.8519262749445676,12295,3961,313
Varecia_variegata,Homo_sapiens,same-order,1,1,111,16965,3.0172853469848633,,71.15985646486862,0.9751744923857868,0.7563361220472441,0.8519262749445676,12295,3961,313
Varecia_variegata,Homo_sapiens,same-order,2,1,221,16965,3.197085380554199,,71.15985646486862,0.9751744923857868,0.7563361220472441,0.8519262749445676,12295,3961,313
Varecia_variegata,Homo_sapiens,same-order,1,2,111,16965,2.9761855602264404,,71.15985646486862,0.9751744923857868,0.7563361220472441,0.8519262749445676,12295,3961,313
Varecia_variegata,Homo_sapiens,same-order,2,0,221,16965,3.400548219680786,,71.15985646486862,0.9751744923857868,0.7563361220472441,0.8519262749445676,12295,3961,313
Varecia_variegata,Homo_sapiens,same-order,2,2,221,16965,2.8707165718078613,,71.21194582706332,0.9751922009986526,0.7568897637795275,0.8522841408928757,12304,3952,313
Varecia_variegata,Homo_sapiens,same-order,3,1,332,16964,3.3843750953674316,,71.19870347861318,0.9751863009354685,0.7567052165354331,0.8521648770349843,12301,3955,313
Varecia_variegata,Homo_sapiens,same-order,3,0,332,16961,3.8159031867980957,,71.27721167207041,0.9753604816986214,0.7572272112190921,0.852562326869806,12311,3947,311
Varecia_variegata,Homo_sapiens,same-order,3,2,332,16965,4.3644843101501465,,71.21194582706332,0.9751922009986526,0.7568897637795275,0.8522841408928757,12304,3952,313
Varecia_variegata,Homo_sapiens,same-order,4,2,442,16964,3.5787246227264404,,71.24500781385657,0.9752020282047219,0.7571973425196851,0.8524828589237482,12309,3947,313
Varecia_variegata,Homo_sapiens,same-order,5,0,553,16965,4.1792216300964355,,71.38970886149215,0.975328167009331,0.7586885649258781,0.8534754177767013,12334,3923,312
Varecia_variegata,Homo_sapiens,same-order,4,0,442,16965,3.7161099910736084,,71.28718601690011,0.9752177355502771,0.757689468503937,0.8528006646818528,12317,3939,313
Varecia_variegata,Homo_sapiens,same-order,4,1,442,16962,3.6336565017700195,,71.27641099855282,0.9752098843655949,0.757443405511811,0.8526417838099855,12313,3943,313
Varecia_variegata,Homo_sapiens,same-order,5,1,553,16965,3.4176406860351562,,71.35166425470332,0.9754669199113644,0.7581032043791132,0.8531579858106939,12326,3933,310
Varecia_variegata,Homo_sapiens,same-order,5,2,553,16967,3.592209577560425,,71.46660493112628,0.9754324986175843,0.7595030139008488,0.8540305010893245,12348,3910,311
Varecia_variegata,Homo_sapiens,same-order,6,0,663,16959,4.26899790763855,,71.50136066238203,0.9753573967301161,0.7596112443870333,0.8540701293312125,12349,3908,312
Varecia_variegata,Homo_sapiens,same-order,6,1,663,16959,3.7967989444732666,,71.39300602130616,0.9752451755773489,0.758550688976378,0.853356401384083,12331,3925,313
Varecia_variegata,Homo_sapiens,same-order,6,2,663,16954,3.4364421367645264,,71.66106799490328,0.9754040204966495,0.7610875315248816,0.8550203855987838,12373,3884,312
Varecia_variegata,Homo_sapiens,same-order,7,1,774,16958,3.744300365447998,,71.6544096357635,0.9754828537642886,0.7611022265961372,0.8550599454099438,12374,3884,311
Varecia_variegata,Homo_sapiens,same-order,7,0,774,16961,4.323673725128174,,71.74454287534016,0.9755924730336194,0.7621009902208008,0.855732044198895,12391,3868,310
Varecia_variegata,Homo_sapiens,same-order,7,2,774,16960,3.857220411300659,,71.70237405906195,0.9755770897344993,0.7616089550402854,0.8554158607350096,12383,3876,310
Varecia_variegata,Gorilla_gorilla,same-order,1,0,110,16965,3.1117560863494873,,70.74218069982011,0.9784894453808491,0.7573931411530815,0.8538609700577833,12191,3905,268
Varecia_variegata,Homo_sapiens,same-order,8,0,884,16960,3.776167154312134,,71.70237405906195,0.9755770897344993,0.7616089550402854,0.8554158607350096,12383,3876,310
Varecia_variegata,Homo_sapiens,same-order,8,2,884,16955,4.010547399520874,,71.7479439360593,0.9755098826679266,0.7619633411243696,0.8556134958731912,12388,3870,311
Varecia_variegata,Homo_sapiens,same-order,8,1,884,16963,3.9171156883239746,,71.70728883228159,0.9755828607435413,0.7617934682329787,0.855534450008634,12386,3873,310
Varecia_variegata,Gorilla_gorilla,same-order,1,2,110,16965,3.1099929809570312,,70.74218069982011,0.9784894453808491,0.7573931411530815,0.8538609700577833,12191,3905,268
Varecia_variegata,Gorilla_gorilla,same-order,2,1,219,16965,3.4490537643432617,,70.74218069982011,0.9784894453808491,0.7573931411530815,0.8538609700577833,12191,3905,268
Varecia_variegata,Gorilla_gorilla,same-order,1,1,110,16965,2.961235761642456,,70.74218069982011,0.9784894453808491,0.7573931411530815,0.8538609700577833,12191,3905,268
Varecia_variegata,Gorilla_gorilla,same-order,2,0,219,16965,3.0592806339263916,,70.74218069982011,0.9784894453808491,0.7573931411530815,0.8538609700577833,12191,3905,268
Varecia_variegata,Gorilla_gorilla,same-order,2,2,219,16965,3.117572784423828,,70.74218069982011,0.9784894453808491,0.7573931411530815,0.8538609700577833,12191,3905,268
Varecia_variegata,Gorilla_gorilla,same-order,3,0,328,16965,4.16968846321106,,70.89885684442639,0.9785359602755086,0.7590705765407555,0.8549436708417886,12218,3878,268
Varecia_variegata,Gorilla_gorilla,same-order,3,1,328,16965,3.878661632537842,,70.82342018220855,0.9785135893530025,0.7582629224652088,0.8544226259232035,12205,3891,268
Varecia_variegata,Gorilla_gorilla,same-order,3,2,328,16965,4.261791706085205,,70.78860326118493,0.9785032485762413,0.7578901590457257,0.8541819836851872,12199,3897,268
Varecia_variegata,Gorilla_gorilla,same-order,4,1,437,16963,2.6799802780151367,,70.86888385861049,0.9786790638025008,0.7584793142005218,0.854623083922447,12210,3888,266
Varecia_variegata,Gorilla_gorilla,same-order,4,2,437,16960,3.1112425327301025,,71.02635550911413,0.9787217022638189,0.7600323021493354,0.8556243225287598,12235,3863,266
Varecia_variegata,Gorilla_gorilla,same-order,4,0,437,16964,3.217130422592163,,70.80431754874652,0.9785066966075868,0.7580144135188867,0.8542622089970243,12201,3895,268
Varecia_variegata,Gorilla_gorilla,same-order,5,0,546,16961,2.8616106510162354,,70.96755470427767,0.9785514205682273,0.7596297216699801,0.8553041166800742,12227,3869,268
Varecia_variegata,Gorilla_gorilla,same-order,5,1,546,16964,3.4967098236083984,,70.93853386731674,0.9787779290462081,0.7591775886701038,0.8551038970125237,12222,3877,265
Varecia_variegata,Gorilla_gorilla,same-order,6,1,655,16966,3.170452117919922,,70.93779015784587,0.978702962369896,0.7593489874518574,0.8551839932838955,12224,3874,266
Varecia_variegata,Gorilla_gorilla,same-order,5,2,546,16967,3.1089377403259277,,70.88725120408519,0.9786893126101587,0.7588520313082371,0.8548635409377187,12216,3882,266
Varecia_variegata,Gorilla_gorilla,same-order,6,0,655,16968,3.289416551589966,,70.92206812510881,0.9787779290462081,0.7591775886701038,0.8551038970125237,12222,3877,265
Varecia_variegata,Gorilla_gorilla,same-order,6,2,655,16962,3.3975112438201904,,71.09356860924078,0.9787438069362314,0.7608398558827183,0.8561442751293165,12248,3850,266
Varecia_variegata,Gorilla_gorilla,same-order,7,0,764,16964,3.104954242706299,,71.11020834542394,0.9786741214057508,0.7611977387090763,0.8563441311108783,12253,3844,267
Varecia_variegata,Gorilla_gorilla,same-order,7,1,764,16962,3.3431971073150635,,71.21546319944277,0.9787794176306343,0.7621443657597217,0.8569832012014109,12269,3829,266
Varecia_variegata,Gorilla_gorilla,same-order,7,2,764,16962,3.8086516857147217,,71.21713390214174,0.9787030390045466,0.7622538361185314,0.8570231193685828,12270,3827,267
Varecia_variegata,Gorilla_gorilla,same-order,8,0,873,16963,3.515240430831909,,71.47086138843743,0.9789314676419144,0.7648301136716567,0.8587369669072775,12313,3786,265
Varecia_variegata,Gorilla_gorilla,same-order,8,2,873,16959,3.5966956615448,,71.33650719925686,0.9788878266411727,0.7632151065283558,0.8577013018742802,12287,3812,265
Varecia_variegata,Gorilla_gorilla,same-order,8,1,873,16955,3.527891159057617,,71.2369337979094,0.9788541334184487,0.7619727933412013,0.8569033565016938,12267,3832,265
Varecia_variegata,Saimiri_boliviensis,same-order,1,0,110,16965,3.7414655685424805,,70.88842495940617,0.9776853555146765,0.7549407114624506,0.8519951211012371,12224,3968,279
Varecia_variegata,Saimiri_boliviensis,same-order,1,2,110,16965,4.227938413619995,,70.89422407794015,0.9776871401151631,0.7550024703557312,0.8520351268469473,12225,3967,279
Varecia_variegata,Saimiri_boliviensis,same-order,1,1,110,16965,4.4699156284332275,,70.89422407794015,0.9776871401151631,0.7550024703557312,0.8520351268469473,12225,3967,279
Varecia_variegata,Saimiri_boliviensis,same-order,2,1,220,16965,3.6700918674468994,,70.90582231500812,0.9776907084599392,0.7551259881422925,0.8521151299742143,12227,3965,279
Varecia_variegata,Saimiri_boliviensis,same-order,3,1,330,16965,3.7063143253326416,,70.92321967061007,0.9776960588376369,0.7553112648221344,0.8522351137591025,12230,3962,279
Varecia_variegata,Saimiri_boliviensis,same-order,2,0,220,16965,3.664907217025757,,70.9116214335421,0.9776924922043656,0.7551877470355731,0.8521551273563539,12228,3964,279
Varecia_variegata,Saimiri_boliviensis,same-order,2,2,220,16965,3.8601837158203125,,70.946416144746,0.9777031886837689,0.755558300395257,0.852395053126633,12234,3958,279
Varecia_variegata,Saimiri_boliviensis,same-order,3,0,330,16965,3.7849202156066895,,70.90582231500812,0.9776907084599392,0.7551259881422925,0.8521151299742143,12227,3965,279
Varecia_variegata,Saimiri_boliviensis,same-order,3,2,330,16965,4.26051664352417,,70.98700997448388,0.9777156549520767,0.7559906126482213,0.8526748397882419,12241,3951,279
Varecia_variegata,Saimiri_boliviensis,same-order,4,0,440,16963,3.993961811065674,,71.01264354483239,0.9777209933721952,0.7561758893280632,0.8527947065993384,12244,3948,279
Varecia_variegata,Saimiri_boliviensis,same-order,4,1,440,16963,3.47110915184021,,71.09964041294513,0.9777476471526559,0.7571022727272727,0.853393665158371,12259,3933,279
Varecia_variegata,Saimiri_boliviensis,same-order,4,2,440,16962,3.5059170722961426,,71.04576300678615,0.9777298850574713,0.7564846837944664,0.8529944289693593,12249,3943,279
Varecia_variegata,Saimiri_boliviensis,same-order,5,1,550,16965,3.5286362171173096,,71.15931102476367,0.9778450749123366,0.7577348236892485,0.8538325040882364,12270,3923,278
Varecia_variegata,Saimiri_boliviensis,same-order,5,0,550,16959,3.68251895904541,,71.1277410372433,0.9777511961722488,0.757225790513834,0.8534734790477516,12261,3931,279
Varecia_variegata,Saimiri_boliviensis,same-order,5,2,550,16962,4.406806230545044,,71.1559654312395,0.9777636088307962,0.7576581027667985,0.8537527401788509,12268,3924,279
Varecia_variegata,Saimiri_boliviensis,same-order,6,0,659,16961,3.544119358062744,,71.18909512761022,0.9777724665391969,0.7579668972332015,0.8539521291399943,12273,3919,279
Varecia_variegata,Saimiri_boliviensis,same-order,6,1,659,16973,3.61208176612854,,71.30021448031998,0.9778979169979329,0.7595874760699067,0.8550276319905461,12300,3893,278
Varecia_variegata,Saimiri_boliviensis,same-order,6,2,659,16965,4.290710926055908,,71.2695006669373,0.9778785708601894,0.7589081701969987,0.8545897079276774,12289,3904,278
Varecia_variegata,Saimiri_boliviensis,same-order,7,0,769,16964,3.2206060886383057,,71.2695006669373,0.977800763844685,0.7589550395256917,0.8545897079276774,12289,3903,279
Varecia_variegata,Saimiri_boliviensis,same-order,7,1,769,16961,3.6408259868621826,,71.4907192575406,0.9778641701047287,0.7611783596837944,0.8560216696763439,12325,3867,279
Varecia_variegata,Saimiri_boliviensis,same-order,7,2,769,16963,3.6016123294830322,,71.29516849370687,0.9778838504375498,0.7590934354350646,0.8547091749817474,12292,3901,278
Varecia_variegata,Saimiri_boliviensis,same-order,8,0,879,16963,4.171987056732178,,71.5429234338747,0.9780350487669495,0.7616401136223293,0.8563791008505468,12334,3860,277
Varecia_variegata,Saimiri_boliviensis,same-order,8,1,879,16962,4.521981954574585,,71.49651972157773,0.9779435099968264,0.761193108133144,0.8560613952842311,12326,3867,278
Varecia_variegata,Saimiri_boliviensis,same-order,8,2,879,16963,3.5065064430236816,,71.38217040774897,0.9779102105681367,0.7600197616253936,0.8553061366321495,12307,3886,278
Varecia_variegata,Saimiri_sciureus,same-order,1,0,110,16965,3.286932945251465,,70.68905616676318,0.9756253496363781,0.7550250479312264,0.8512656021197964,12208,3961,305
Varecia_variegata,Saimiri_sciureus,same-order,1,1,110,16965,4.480099678039551,,70.68905616676318,0.9756253496363781,0.7550250479312264,0.8512656021197964,12208,3961,305
Varecia_variegata,Saimiri_sciureus,same-order,1,2,110,16965,4.018576383590698,,70.68905616676318,0.9756253496363781,0.7550250479312264,0.8512656021197964,12208,3961,305
Varecia_variegata,Saimiri_sciureus,same-order,2,2,220,16965,2.8987038135528564,,70.70642733063116,0.9756311920741451,0.7552105881625333,0.8513857416768347,12211,3958,305
Varecia_variegata,Saimiri_sciureus,same-order,2,1,220,16965,3.6570773124694824,,70.71221771858714,0.9756331389310537,0.7552724349063021,0.851425782611727,12212,3957,305
Varecia_variegata,Saimiri_sciureus,same-order,2,0,220,16965,3.0528337955474854,,70.78170237405907,0.9756564769734216,0.7560145958315295,0.8519060561711618,12224,3945,305
Varecia_variegata,Saimiri_sciureus,same-order,3,0,330,16964,3.472938060760498,,70.74526608373385,0.9756428685513496,0.7555816686251469,0.851625945418424,12217,3952,305
Varecia_variegata,Saimiri_sciureus,same-order,3,1,330,16964,3.84716534614563,,70.81475476286988,0.9756661879687251,0.7563238295503741,0.8521060516322336,12229,3940,305
Varecia_variegata,Saimiri_sciureus,same-order,3,2,330,16965,4.229734182357788,,70.72958888245512,0.9756389776357828,0.755457975137609,0.8515458886681307,12215,3954,305
Varecia_variegata,Saimiri_sciureus,same-order,4,0,440,16965,3.9105968475341797,,70.91898778157392,0.9757788224045892,0.7573902288188002,0.8528254587235821,12247,3923,304
Varecia_variegata,Saimiri_sciureus,same-order,5,0,550,16964,3.193302631378174,,70.9694232105629,0.9757942511346445,0.7578849721706865,0.8531449058442688,12255,3915,304
Varecia_variegata,Saimiri_sciureus,same-order,4,1,440,16965,3.700028896331787,,70.84539664157498,0.9756778309409888,0.7566949100129878,0.8523459542303807,12235,3934,305
Varecia_variegata,Saimiri_sciureus,same-order,4,2,440,16964,3.4631667137145996,,70.83212693265389,0.9756720108478902,0.756509369781681,0.8522260154671498,12232,3937,305
Varecia_variegata,Saimiri_sciureus,same-order,6,0,659,16963,3.2164416313171387,,71.0082816934036,0.9758058097890967,0.7582560296846012,0.8533843744562382,12261,3909,304
Varecia_variegata,Saimiri_sciureus,same-order,6,1,659,16965,2.9035491943359375,,71.1547370859393,0.9759332803812549,0.7598169562797601,0.8544209172142831,12287,3884,303
Varecia_variegata,Saimiri_sciureus,same-order,6,2,659,16963,3.1821234226226807,,71.07198702727747,0.9758269720101781,0.7589363017934446,0.8538231406108676,12272,3898,304
Varecia_variegata,Saimiri_sciureus,same-order,5,2,550,16963,3.585003137588501,,70.89245381363294,0.9757672379434037,0.7570191713048856,0.8525857565732194,12241,3929,304
Varecia_variegata,Saimiri_sciureus,same-order,5,1,550,16962,3.9789648056030273,,70.99333912539821,0.975875796178344,0.7579617834394905,0.8532247398280604,12257,3914,303
Varecia_variegata,Saimiri_sciureus,same-order,7,0,769,16963,3.6534388065338135,,71.28873443382565,0.976050753370341,0.7610685134800891,0.855256757695782,12308,3864,302
Varecia_variegata,Saimiri_sciureus,same-order,7,1,769,16961,3.5470759868621826,,71.20764552562989,0.9758691855850135,0.7602968460111317,0.8546996662958843,12294,3876,304
Varecia_variegata,Saimiri_sciureus,same-order,7,2,769,16973,4.0033650398254395,,71.11021069692059,0.9759294566253575,0.7596932780904088,0.8543412496957473,12285,3886,303
Varecia_variegata,Saimiri_sciureus,same-order,8,0,879,16972,3.2089977264404297,,71.23422484659025,0.9760450543348933,0.7608830076675736,0.8551374265957815,12305,3867,302
Varecia_variegata,Saimiri_sciureus,same-order,8,1,879,16964,3.277473211288452,,71.37727325379359,0.9760811024869317,0.7620578778135049,0.8558927703312731,12324,3848,302
Varecia_variegata,Aotus_azarai,same-order,1,0,111,16965,3.0261456966400146,,71.79590893331792,0.9732884223719255,0.7663130627852474,0.857487922705314,12425,3789,341
Varecia_variegata,Saimiri_sciureus,same-order,8,2,879,16969,3.603911876678467,,71.13413998726335,0.9758557699944405,0.7598639455782313,0.8544209172142833,12287,3883,304
Varecia_variegata,Aotus_azarai,same-order,2,2,221,16965,3.067619800567627,,71.79590893331792,0.9732884223719255,0.7663130627852474,0.857487922705314,12425,3789,341
Varecia_variegata,Aotus_azarai,same-order,1,2,111,16965,2.8972437381744385,,71.79590893331792,0.9732884223719255,0.7663130627852474,0.857487922705314,12425,3789,341
Varecia_variegata,Aotus_azarai,same-order,2,0,221,16965,3.1170427799224854,,71.79590893331792,0.9732884223719255,0.7663130627852474,0.857487922705314,12425,3789,341
Varecia_variegata,Aotus_azarai,same-order,2,1,221,16965,3.045955181121826,,71.80168727608921,0.9732905146079737,0.7663747378808438,0.8575273455022256,12426,3788,341
Varecia_variegata,Aotus_azarai,same-order,1,1,111,16965,2.949139356613159,,71.79590893331792,0.9732884223719255,0.7663130627852474,0.857487922705314,12425,3789,341
Varecia_variegata,Aotus_azarai,same-order,3,0,332,16965,2.713815689086914,,71.8132439616318,0.9732946980969536,0.7664980880720366,0.8576061829348239,12428,3786,341
Varecia_variegata,Aotus_azarai,same-order,3,1,332,16966,3.3242318630218506,,71.84791401825956,0.9733834351025521,0.7668208448967005,0.8578426299630896,12434,3781,340
Varecia_variegata,Aotus_azarai,same-order,4,0,442,16966,4.521487236022949,,71.97919676394106,0.9735052754982415,0.7681302417365565,0.858708765640619,12456,3760,339
Varecia_variegata,Aotus_azarai,same-order,3,2,332,16966,4.55461859703064,,71.9560820572089,0.9734969900711438,0.7678835717809571,0.858551384148654,12452,3764,339
Varecia_variegata,Aotus_azarai,same-order,4,1,442,16965,4.072474479675293,,72.01964750072233,0.9734437241271577,0.768609312365094,0.8589840788476117,12463,3752,340
Varecia_variegata,Aotus_azarai,same-order,4,2,442,16963,4.146664142608643,,72.02958853444291,0.9733697774306911,0.7687183915135068,0.8590233984630758,12464,3750,341
Varecia_variegata,Aotus_azarai,same-order,5,2,552,16961,3.7675905227661133,,72.20809248554913,0.9735796118774842,0.7703502713369511,0.8601232485282472,12492,3724,339
Varecia_variegata,Aotus_azarai,same-order,5,0,552,16965,4.09621000289917,,72.27390927477607,0.9735346773565813,0.771322849213691,0.8607115821347464,12507,3708,340
Varecia_variegata,Aotus_azarai,same-order,5,1,552,16959,3.723137378692627,,71.99838140933002,0.9734271199687378,0.7681159420289855,0.8586694243364357,12455,3760,340
Varecia_variegata,Aotus_azarai,same-order,6,1,663,16962,4.321215867996216,,72.44349384357477,0.9738130390861761,0.7727216672832655,0.8616907896998659,12532,3686,337
Varecia_variegata,Aotus_azarai,same-order,6,0,663,16964,3.4912126064300537,,72.27390927477607,0.973458904109589,0.771370420624152,0.8607115821347464,12507,3707,341
Varecia_variegata,Aotus_azarai,same-order,6,2,663,16964,3.869736671447754,,72.49450930528262,0.9737598012576664,0.7734476166985262,0.8621211079799298,12543,3674,338
Varecia_variegata,Aotus_azarai,same-order,7,0,773,16957,4.253329753875732,,72.47918593894542,0.9736699029126213,0.7730636408485446,0.8618473067271664,12536,3680,339
Varecia_variegata,Aotus_azarai,same-order,7,1,773,16965,3.808018684387207,,72.5423336993585,0.97377812257564,0.7740025898748227,0.862472944652489,12552,3665,338
Varecia_variegata,Aotus_azarai,same-order,7,2,773,16963,3.32962965965271,,72.45664739884393,0.9738191423244251,0.7729066469355038,0.8618081815056721,12535,3683,337
Varecia_variegata,Aotus_azarai,same-order,8,0,883,16964,3.5530924797058105,,72.56330211585154,0.9740803973304362,0.7738117255409654,0.862472944652489,12552,3669,334
Varecia_variegata,Aotus_azarai,same-order,8,1,883,16960,3.496363639831543,,72.6741832899682,0.9740390576565406,0.7749075215782983,0.8631369317401456,12569,3651,335
Varecia_variegata,Aotus_azarai,same-order,8,2,883,16962,2.892787456512451,,72.8986009943346,0.9740460373860652,0.7774831987175534,0.8647351277215841,12610,3609,336
