reference,target,divergence,depth,replicate,n_reads,n_placed,n_unplaced,n_chunks,n_contigs_before_merge,n_contigs_after_merge,theta_len,identity_pct,recall,precision,f1,c_theta,w_theta,u_t
Homo_sapiens,Gorilla_gorilla,same-family,1,1,110,26,84,37,37,2,15669,85.49493232991442,0.9457536085934878,0.9055669838004629,0.9252241305704246,14087,1469,808
Homo_sapiens,Gorilla_gorilla,same-family,1,0,110,27,83,37,37,1,16569,84.30280286149876,0.9673664378953034,0.9054096605579697,0.9353631957320842,14377,1502,485
Homo_sapiens,Gorilla_gorilla,same-family,1,2,110,28,82,37,37,1,16569,84.32625776943826,0.967375218619669,0.9056615655897726,0.9355017075947307,14381,1498,485
Homo_sapiens,Gorilla_gorilla,same-family,2,1,219,58,161,37,37,2,15669,85.85300722218851,0.9459676340778387,0.9093597325790692,0.9273025237627007,14146,1410,808
Homo_sapiens,Gorilla_gorilla,same-family,2,0,219,67,152,37,37,2,15669,86.28997997208229,0.9462265406628511,0.9139881717665209,0.9298280034006932,14218,1338,808
Homo_sapiens,Gorilla_gorilla,same-family,2,2,219,61,158,37,37,1,16569,85.00645009968336,0.9676278200507276,0.9129668115120599,0.9395029325038075,14497,1382,485
Homo_sapiens,Gorilla_gorilla,same-family,3,2,328,95,233,37,37,1,16569,85.48141198545795,0.9678018986921596,0.9180678884060709,0.942279102837567,14578,1301,485
Homo_sapiens,Gorilla_gorilla,same-family,3,0,328,105,223,37,37,1,16569,85.47554825847308,0.9677997609879166,0.9180049121481202,0.9422449177466792,14577,1302,485
Homo_sapiens,Gorilla_gorilla,same-family,3,1,328,108,220,37,37,1,16569,85.58109534420078,0.9678381962864722,0.9191384847912337,0.9428599114958494,14595,1284,485
Homo_sapiens,Gorilla_gorilla,same-family,4,1,437,122,315,37,37,1,16569,85.59282279817052,0.9678424612120409,0.9192644373071353,0.9429281999935403,14597,1282,485
Homo_sapiens,Gorilla_gorilla,same-family,4,2,437,119,318,37,37,1,16569,85.60455025214026,0.9678467250066295,0.9193903898230367,0.9429964796692827,14599,1280,485
Homo_sapiens,Gorilla_gorilla,same-family,4,0,437,122,315,37,37,1,16569,85.72768851882256,0.9678914266799074,0.9207128912400026,0.9437128840691971,14620,1259,485
Homo_sapiens,Gorilla_gorilla,same-family,5,0,546,156,390,37,37,1,16569,85.69836988389821,0.9678807947019867,0.9203980099502488,0.9435423996901126,14615,1264,485
Homo_sapiens,Gorilla_gorilla,same-family,5,1,546,140,406,37,37,2,15669,86.8058505795958,0.9465290185957249,0.9194523013628182,0.9327942087586004,14303,1253,808
Homo_sapiens,Saimiri_boliviensis,same-order,1,0,110,5,105,37,37,1,16569,71.33976295607715,0.9502399009441262,0.7757771038665656,0.8541913043478261,12279,3549,643
Homo_sapiens,Saimiri_boliviensis,same-order,1,1,110,5,105,37,37,1,16569,71.261763680725,0.950046468401487,0.7751168962466827,0.8537128540608253,12267,3559,645
Homo_sapiens,Gorilla_gorilla,same-family,5,2,546,141,405,37,37,1,16569,85.8625542394746,0.9679402432575357,0.9221613451728699,0.9444964040377979,14643,1236,485
Homo_sapiens,Saimiri_boliviensis,same-order,1,2,110,10,100,37,37,1,16569,71.50078438208122,0.9504170528266914,0.7774338239939352,0.8552663585502311,12306,3523,642
Homo_sapiens,Saimiri_boliviensis,same-order,2,0,220,9,211,37,37,1,16569,71.41695230349154,0.9502202983690191,0.7767106842737095,0.8547489917952997,12293,3534,644
Homo_sapiens,Gorilla_gorilla,same-family,7,0,764,220,544,37,37,2,15669,87.03647508648419,0.9466631460822497,0.9218950887117511,0.9341149649894154,14341,1215,808
Homo_sapiens,Gorilla_gorilla,same-family,6,1,655,165,490,37,37,1,16569,85.86841796645948,0.9679423623504527,0.9222243214308206,0.94453044375645,14644,1235,485
Homo_sapiens,Gorilla_gorilla,same-family,7,2,764,220,544,37,37,2,15669,87.03647508648419,0.9466631460822497,0.9218950887117511,0.9341149649894154,14341,1215,808
Homo_sapiens,Gorilla_gorilla,same-family,6,2,655,183,472,37,37,2,15669,87.00612975663046,0.9466455361859483,0.9215736693237336,0.9339413680781758,14336,1220,808
Homo_sapiens,Gorilla_gorilla,same-family,7,1,764,215,549,37,37,2,15669,87.01826788857196,0.9466525815396805,0.9217022370789406,0.9340108136277767,14338,1218,808
Homo_sapiens,Gorilla_gorilla,same-family,6,0,655,185,470,37,37,1,16569,85.92119150932332,0.9679614215880565,0.9227911077523774,0.9448367024534933,14653,1226,485
Homo_sapiens,Gorilla_gorilla,same-family,8,0,873,252,621,37,37,2,15669,87.04861321842569,0.9466701867863507,0.922023656466958,0.9341843879245775,14343,1213,808
Homo_sapiens,Gorilla_gorilla,same-family,8,1,873,253,620,37,37,2,15669,87.00006069065971,0.9466420128111999,0.9215093854461301,0.93390664191016,14335,1221,808
Homo_sapiens,Gorilla_gorilla,same-family,8,2,873,253,620,37,37,2,15669,86.96364629483523,0.9466208627865496,0.9211236821805091,0.9336982373831167,14329,1227,808
Homo_sapiens,Saimiri_boliviensis,same-order,4,0,440,15,425,37,37,1,16569,71.54891935858703,0.9503781447754283,0.7780515542077331,0.8556242617939276,12315,3513,643
Homo_sapiens,Saimiri_boliviensis,same-order,2,1,220,8,212,37,37,1,16569,71.5431094585173,0.9503743150420622,0.7779883750315896,0.855584505819003,12314,3514,643
Homo_sapiens,Saimiri_boliviensis,same-order,2,2,220,7,213,37,37,1,16569,71.08580723871492,0.95,0.773109243697479,0.852475006096074,12236,3591,644
Homo_sapiens,Saimiri_boliviensis,same-order,3,1,330,9,321,37,37,1,16569,71.39952361587173,0.9502087521261791,0.7765211347696973,0.854629533048225,12290,3537,644
Homo_sapiens,Saimiri_boliviensis,same-order,3,0,330,10,320,37,37,1,16569,71.3953758568607,0.9501352918438346,0.7765702009351699,0.854629533048225,12290,3536,645
Homo_sapiens,Saimiri_boliviensis,same-order,4,2,440,10,430,37,37,1,16569,71.35719265628632,0.9502514506769826,0.7759666413949962,0.8543108545195284,12282,3546,643
Homo_sapiens,Saimiri_boliviensis,same-order,4,1,440,19,421,37,37,1,16569,71.6111788972169,0.9504897046348423,0.7786341525048961,0.856021669676344,12325,3504,642
Homo_sapiens,Saimiri_boliviensis,same-order,3,2,330,10,320,37,37,1,16569,71.21361761459362,0.9500852580995195,0.7744992733935679,0.853353754046434,12258,3569,644
Homo_sapiens,Saimiri_boliviensis,same-order,6,2,659,19,640,37,37,1,16569,71.508250058099,0.9503513242220678,0.7776092999747283,0.8553459119496856,12308,3520,643
Homo_sapiens,Saimiri_boliviensis,same-order,5,0,550,14,536,37,37,1,16569,71.50409574159066,0.9502779493514515,0.7776584317937701,0.8553459119496855,12308,3519,644
Homo_sapiens,Saimiri_boliviensis,same-order,5,1,550,11,539,37,37,1,16569,71.47504792889096,0.9502587472001236,0.7773425159537499,0.8551470077152985,12303,3524,644
Homo_sapiens,Saimiri_boliviensis,same-order,6,1,659,24,635,37,37,1,16569,71.56219136699006,0.9503163092115414,0.7782902634738106,0.8557435131473826,12318,3509,644
Homo_sapiens,Saimiri_boliviensis,same-order,5,2,550,14,536,37,37,1,16569,71.56053915872647,0.9503858024691358,0.7781779125600202,0.8557037654578297,12317,3511,643
Homo_sapiens,Saimiri_boliviensis,same-order,6,0,659,19,640,37,37,1,16569,71.57796885893562,0.9503972845791869,0.7783674500884509,0.8558230002431316,12320,3508,643
Homo_sapiens,Saimiri_boliviensis,same-order,7,0,769,28,741,37,37,1,16569,71.5398024404416,0.9505133945804061,0.7777637397346809,0.855504985581767,12312,3518,641
Homo_sapiens,Saimiri_boliviensis,same-order,7,1,769,34,735,37,37,1,16569,71.666763492709,0.9503852080123266,0.7794275604978833,0.8564584996702189,12336,3491,644
Homo_sapiens,Saimiri_sciureus,same-order,1,1,110,3,107,37,37,1,16569,71.15898269655092,0.9494112178493957,0.7746033752607294,0.8531449058442688,12255,3566,653
Homo_sapiens,Saimiri_boliviensis,same-order,7,2,769,24,745,37,37,1,16569,71.60701835928423,0.9504164096236891,0.7786833459691685,0.8560216696763439,12325,3503,643
Homo_sapiens,Saimiri_sciureus,same-order,1,0,110,0,110,37,37,1,16569,70.9093020555104,0.9492421298095608,0.7718854686808672,0.851425782611727,12212,3609,653
Homo_sapiens,Saimiri_sciureus,same-order,1,2,110,2,108,37,37,1,16569,71.09511090465683,0.9493680700938203,0.7739080968333228,0.8527056201685355,12244,3577,653
Homo_sapiens,Saimiri_boliviensis,same-order,8,1,879,40,839,37,37,1,16569,71.69833246179769,0.9505469111076875,0.7795817802767073,0.856617264239353,12340,3489,642
Homo_sapiens,Saimiri_boliviensis,same-order,8,0,879,29,850,37,37,1,16569,71.6460403230492,0.9505126030987435,0.7790132036136206,0.8562599819456981,12331,3498,642
Homo_sapiens,Saimiri_sciureus,same-order,2,0,220,10,210,37,37,1,16569,71.40700307763777,0.9496486215151749,0.7772089495638984,0.8548190886656704,12297,3525,652
Homo_sapiens,Saimiri_boliviensis,same-order,8,2,879,21,858,37,37,1,16569,71.57796885893562,0.9503972845791869,0.7783674500884509,0.8558230002431316,12320,3508,643
Homo_sapiens,Saimiri_sciureus,same-order,2,1,220,6,214,37,37,1,16569,71.31990012194414,0.9495902273078707,0.7762609025407661,0.8542217276394491,12282,3540,652
Homo_sapiens,Saimiri_sciureus,same-order,2,2,220,8,212,37,37,1,16569,71.3663550316474,0.9496213877298717,0.7767665276197699,0.8545403977193713,12290,3532,652
Homo_sapiens,Saimiri_sciureus,same-order,3,0,330,12,318,37,37,1,16569,71.52729384436701,0.949799506477483,0.7784238134361373,0.8556146017852801,12317,3506,651
Homo_sapiens,Saimiri_sciureus,same-order,3,1,330,10,320,37,37,1,16569,71.48414818255719,0.9496297439062018,0.7781429745275267,0.8553760639221818,12311,3510,653
Homo_sapiens,Saimiri_sciureus,same-order,3,2,330,10,320,37,37,1,16569,71.49410603333139,0.9497068805924097,0.7781569965870307,0.8554158271381923,12312,3510,652
Homo_sapiens,Saimiri_sciureus,same-order,4,0,440,15,425,37,37,1,16569,71.43437862950059,0.9497374922791847,0.7774126271882702,0.8549782797567332,12301,3522,651
Homo_sapiens,Saimiri_sciureus,same-order,4,1,440,9,431,37,37,1,16569,71.3605481679345,0.9496174947840198,0.7767033244848944,0.8545005736536522,12289,3533,652
Homo_sapiens,Saimiri_sciureus,same-order,4,2,440,8,432,37,37,1,16569,71.40119621392486,0.9496447327772629,0.7771457464290229,0.8547792839763643,12296,3526,652
Homo_sapiens,Saimiri_sciureus,same-order,5,1,550,13,537,37,37,1,16569,71.56213704994192,0.9498227223678125,0.7788030082790874,0.855853040247248,12323,3500,651
Homo_sapiens,Saimiri_sciureus,same-order,5,0,550,15,535,37,37,1,16569,71.47668544219268,0.9496952395648484,0.7779673871824042,0.8552965292012645,12309,3513,652
Homo_sapiens,Saimiri_sciureus,same-order,5,2,550,14,536,37,37,1,16569,71.46341463414635,0.9497568881685575,0.7777286228907286,0.8551772063933287,12306,3517,651
Homo_sapiens,Saimiri_sciureus,same-order,6,0,659,14,645,37,37,1,16569,71.4302305324894,0.9496641704624411,0.7774617621034003,0.8549782797567334,12301,3521,652
Homo_sapiens,Saimiri_sciureus,same-order,6,2,659,13,646,37,37,1,16569,71.48829916961849,0.949703000848569,0.7780937934521552,0.8553760639221817,12311,3511,652
Homo_sapiens,Saimiri_sciureus,same-order,6,1,659,7,652,37,37,1,16569,71.2635001741958,0.9494816648615194,0.7757411035964857,0.8538630117925349,12273,3548,653
Homo_sapiens,Saimiri_sciureus,same-order,7,1,769,20,749,37,37,1,16569,71.58536585365853,0.9498381877022654,0.7790558048410542,0.8560119440297211,12327,3496,651
Homo_sapiens,Saimiri_sciureus,same-order,7,0,769,21,748,37,37,1,16569,71.49410603333139,0.9497068805924097,0.7781569965870307,0.8554158271381923,12312,3510,652
Homo_sapiens,Saimiri_sciureus,same-order,7,2,769,21,748,37,37,1,16569,71.54056094303466,0.9497378970089423,0.7786626216660346,0.8557338334375216,12320,3502,652
Homo_sapiens,Saimiri_sciureus,same-order,8,0,879,26,853,37,37,1,16569,71.56794425087108,0.9498265895953757,0.7788662074195791,0.855892770331273,12324,3499,651
Homo_sapiens,Saimiri_sciureus,same-order,8,1,879,20,859,37,37,1,16569,71.57955865272939,0.9498343222624643,0.7789926057005625,0.8559722222222222,12326,3497,651
Homo_sapiens,Aotus_azarai,same-order,1,0,111,5,106,37,37,1,16569,71.26410182238935,0.9450667485039128,0.7777006124123997,0.8532539050323832,12318,3521,716
Homo_sapiens,Saimiri_sciureus,same-order,8,2,879,12,867,37,37,1,16569,71.47834165602137,0.9496258582118337,0.7780797673977625,0.8553362979433018,12310,3511,653
Homo_sapiens,Aotus_azarai,same-order,1,1,111,3,108,37,37,1,16569,70.93097263206619,0.9449626146612194,0.7738779117479957,0.850905809675852,12259,3582,714
Homo_sapiens,Aotus_azarai,same-order,1,2,111,3,108,37,37,1,16569,71.26988718542088,0.9450709627924818,0.7777637477113454,0.8532936205582878,12319,3520,716
Homo_sapiens,Aotus_azarai,same-order,2,0,221,7,214,37,37,1,16569,71.41452126120915,0.9451761102603369,0.7793421301849864,0.8542856154192187,12344,3495,716
Homo_sapiens,Aotus_azarai,same-order,2,1,221,13,208,37,37,1,16569,71.73938201597038,0.9456181832049424,0.7826032066658251,0.8564224778088626,12398,3444,713
Homo_sapiens,Aotus_azarai,same-order,2,2,221,13,208,37,37,1,16569,71.72202291401459,0.9456057369545315,0.7824138366367883,0.8563039723661485,12395,3447,713
Homo_sapiens,Aotus_azarai,same-order,3,0,332,12,320,37,37,1,16569,71.6922186867226,0.9453768690875801,0.7823726245343772,0.8561854423601755,12392,3447,716
Homo_sapiens,Aotus_azarai,same-order,3,2,332,16,316,37,37,1,16569,71.89886600323999,0.9455942778876884,0.7845328282828283,0.857566765578635,12427,3413,715
Homo_sapiens,Aotus_azarai,same-order,3,1,332,7,325,37,37,1,16569,71.37980908301996,0.9451509115979776,0.7789633183913126,0.8540476932128889,12338,3501,716
Homo_sapiens,Aotus_azarai,same-order,4,1,442,16,426,37,37,1,16569,71.76000925711641,0.9454947400518372,0.7830176767676768,0.8566199323157677,12403,3437,715
Homo_sapiens,Aotus_azarai,same-order,4,0,442,14,428,37,37,1,16569,71.69472892437655,0.9455169782525753,0.7822107190202638,0.8561459268983623,12391,3450,714
Homo_sapiens,Aotus_azarai,same-order,4,2,442,21,421,37,37,1,16569,71.98240944335146,0.9457918345624572,0.7852543870723393,0.8580789791343335,12440,3402,713
Homo_sapiens,Aotus_azarai,same-order,5,0,552,21,531,37,37,1,16569,72.05184585117463,0.9458412457273072,0.7860118671884863,0.8585513841486537,12452,3390,713
Homo_sapiens,Aotus_azarai,same-order,5,1,552,20,532,37,37,1,16569,71.93774229011167,0.9456910321746406,0.7848620667887128,0.8578032289223126,12433,3408,714
Homo_sapiens,Aotus_azarai,same-order,5,2,552,27,525,37,37,1,16569,72.07337538336901,0.9459254196096302,0.786151612699615,0.8586694243364358,12455,3388,712
Homo_sapiens,Aotus_azarai,same-order,6,0,663,25,638,37,37,1,16569,71.86668209697952,0.9457092819614711,0.7839919202120944,0.857290767903365,12420,3422,713
Homo_sapiens,Aotus_azarai,same-order,6,1,663,30,633,37,37,1,16569,71.98565146956723,0.9456563046287148,0.785479797979798,0.8581577404559093,12442,3398,715
Homo_sapiens,Aotus_azarai,same-order,6,2,663,29,634,37,37,1,16569,72.05184585117463,0.9458412457273072,0.7860118671884863,0.8585513841486537,12452,3390,713
Homo_sapiens,Aotus_azarai,same-order,7,0,773,34,739,37,37,1,16569,72.03448674921884,0.9458289013827685,0.7858224971594495,0.858433319542132,12449,3393,713
Homo_sapiens,Varecia_variegata,same-order,1,0,114,3,111,37,37,1,16569,68.01712965571646,0.9110876292550382,0.7646164565781972,0.8314506130320981,12071,3716,1178
Homo_sapiens,Aotus_azarai,same-order,7,1,773,23,750,37,37,1,16569,71.86993751446424,0.9455735708304788,0.7842171717171718,0.8573696379887497,12422,3418,715
Homo_sapiens,Varecia_variegata,same-order,1,1,114,4,110,37,37,1,16569,67.90826101656711,0.9110220743876626,0.763301241449202,0.8306451612903226,12051,3737,1177
Homo_sapiens,Aotus_azarai,same-order,7,2,773,23,750,37,37,1,16569,71.95510038766417,0.945703422053232,0.7850514487721735,0.8579214238901728,12436,3405,714
Homo_sapiens,Aotus_azarai,same-order,8,0,883,35,848,37,37,1,16569,72.03031881039172,0.9457570462660487,0.7858721040338362,0.8584333195421322,12449,3392,714
Homo_sapiens,Aotus_azarai,same-order,8,1,883,31,852,37,37,1,16569,72.03610484290921,0.9457611668185961,0.7859352313616564,0.8584726771246336,12450,3391,714
Homo_sapiens,Aotus_azarai,same-order,8,2,883,29,854,37,37,1,16569,71.97083670871427,0.9457835906014752,0.7851281403863148,0.8580002069465043,12438,3404,713
Homo_sapiens,Varecia_variegata,same-order,1,2,114,4,110,37,37,1,16569,68.0245661482984,0.9110322970117718,0.7647915874825795,0.8315310971830016,12073,3713,1179
Homo_sapiens,Varecia_variegata,same-order,2,0,227,5,222,37,37,1,16569,68.01329727293216,0.9110188679245284,0.7646648929431141,0.8314506130320981,12071,3715,1179
Homo_sapiens,Varecia_variegata,same-order,3,1,340,7,333,37,37,1,16569,68.24842200180343,0.9115543846443357,0.7669411019632679,0.833018056749785,12110,3680,1175
Homo_sapiens,Varecia_variegata,same-order,2,1,227,6,221,37,37,1,16569,68.19385742462666,0.9114257738947051,0.7664196592564444,0.8326567123099153,12101,3688,1176
Homo_sapiens,Varecia_variegata,same-order,2,2,227,6,221,37,37,1,16569,68.12263991433241,0.9114697232486237,0.7654360078525743,0.8320941759603471,12087,3704,1174
Homo_sapiens,Varecia_variegata,same-order,3,0,340,6,334,37,37,1,16569,68.090381472925,0.9111747851002865,0.7654399189206309,0.8319735619126303,12084,3703,1178
Homo_sapiens,Varecia_variegata,same-order,4,1,453,10,443,37,37,1,16569,68.28044862762779,0.9116562570547069,0.7672091697802546,0.8332187070151306,12115,3676,1174
Homo_sapiens,Varecia_variegata,same-order,3,2,340,6,334,37,37,1,16569,68.15236377979377,0.9112483990054999,0.7661366947488439,0.8324156916724018,12095,3692,1178
Homo_sapiens,Varecia_variegata,same-order,4,0,453,22,431,37,37,1,16569,68.51893597835888,0.9118727968199205,0.7699810006333122,0.8349414552072246,12158,3632,1175
Homo_sapiens,Varecia_variegata,same-order,4,2,453,13,440,37,37,1,16569,68.23151487826871,0.9115344074687547,0.7667511082963901,0.8328976334617502,12107,3683,1175
Homo_sapiens,Varecia_variegata,same-order,5,0,566,18,548,37,37,1,16569,68.48542923172313,0.9120252214382225,0.7693281833723802,0.8346213292117466,12150,3643,1172
Homo_sapiens,Varecia_variegata,same-order,5,1,566,23,543,37,37,1,16569,68.45694319206493,0.9118000300255217,0.7692843571880937,0.8345012366034624,12147,3643,1175
Homo_sapiens,Varecia_variegata,same-order,5,2,566,18,548,37,37,1,16569,68.48334554472186,0.9118949343339587,0.7694889494015579,0.8346613545816732,12151,3640,1174
Homo_sapiens,Varecia_variegata,same-order,6,0,679,26,653,37,37,1,16569,68.45724592751255,0.9119921904332807,0.7690115874121446,0.8344211611130196,12145,3648,1172
Homo_sapiens,Varecia_variegata,same-order,6,2,679,33,646,37,37,1,16569,68.53615917930217,0.9120846148075913,0.7698980561008042,0.8349814585908529,12159,3634,1172
Homo_sapiens,Varecia_variegata,same-order,7,0,792,19,773,37,37,1,16569,68.6094357702497,0.9121702637889688,0.7707212055974165,0.8355012527027489,12172,3621,1172
Homo_sapiens,Varecia_variegata,same-order,6,1,679,22,657,37,37,1,16569,68.59075535512964,0.9122123097683484,0.7704191465113334,0.8353413654618473,12168,3626,1171
Homo_sapiens,Varecia_variegata,same-order,7,2,792,24,768,37,37,1,16569,68.5414788097385,0.9118992277123791,0.7702343255224826,0.8351014522607889,12162,3628,1175
Homo_sapiens,Varecia_variegata,same-order,8,0,905,19,886,37,37,1,16569,68.49461759567153,0.9119081563742778,0.7696156038249636,0.8347413970739749,12153,3638,1174
Homo_sapiens,Varecia_variegata,same-order,7,1,792,26,766,37,37,1,16569,68.46288258835466,0.9119987986184112,0.7690749066041918,0.8344612002335886,12146,3647,1172
Homo_sapiens,Varecia_variegata,same-order,8,1,905,28,877,37,37,1,16569,68.55870582267065,0.9121109861267341,0.7701513328689926,0.835141444658061,12163,3630,1172
Gorilla_gorilla,Homo_sapiens,same-family,1,0,111,39,72,37,37,1,16364,84.6663539345608,0.9543922268490977,0.9093141885509163,0.9313080495356036,14439,1440,690
Gorilla_gorilla,Homo_sapiens,same-family,1,2,111,25,86,37,37,1,16364,84.45525976310543,0.9542834426555357,0.9070470432646892,0.9300658659434328,14403,1476,690
Gorilla_gorilla,Homo_sapiens,same-family,1,1,111,30,81,37,37,1,16364,84.62530784566671,0.9543711149318873,0.908873354745261,0.9310667397825877,14432,1447,690
Homo_sapiens,Varecia_variegata,same-order,8,2,905,29,876,37,37,1,16569,68.55097785041988,0.9119742070930494,0.7702488759419923,0.835141444658061,12163,3628,1174
Gorilla_gorilla,Homo_sapiens,same-family,2,0,221,51,170,37,37,1,16364,84.78362847425824,0.9544524391048914,0.9105737137099313,0.9319969060203687,14459,1420,690
Gorilla_gorilla,Homo_sapiens,same-family,2,1,221,61,160,37,37,1,16364,85.05335991556232,0.9545903257650543,0.9134706215756659,0.9335779107935894,14505,1374,690
Gorilla_gorilla,Homo_sapiens,same-family,2,2,221,53,168,37,37,1,16364,85.04163246159258,0.9545843480550253,0.9133446690597644,0.9335092687950566,14503,1376,690
Gorilla_gorilla,Homo_sapiens,same-family,3,0,332,89,243,37,37,1,16364,85.44036589656386,0.9547867112246904,0.9176270546004156,0.9358381502890174,14571,1308,690
Gorilla_gorilla,Homo_sapiens,same-family,3,1,332,85,247,37,37,1,16364,85.37586489973027,0.9547540983606557,0.9169343157629574,0.93546210928716,14560,1319,690
Gorilla_gorilla,Homo_sapiens,same-family,3,2,332,98,234,37,37,1,16364,85.44036589656386,0.9547867112246904,0.9176270546004156,0.9358381502890174,14571,1308,690
Gorilla_gorilla,Homo_sapiens,same-family,4,0,442,122,320,37,37,1,16364,85.68664242992847,0.9549108018035679,0.9202720574343473,0.9372715027900712,14613,1266,690
Gorilla_gorilla,Homo_sapiens,same-family,4,1,442,140,302,37,37,1,16364,85.80391696962589,0.9549696534621158,0.9215315825933623,0.9379526953400424,14633,1246,690
Gorilla_gorilla,Homo_sapiens,same-family,4,2,442,121,321,37,37,1,16364,85.65146006801923,0.9548931162973132,0.9198941998866428,0.9370669745958431,14607,1272,690
Gorilla_gorilla,Homo_sapiens,same-family,5,0,553,146,407,37,37,1,16364,85.70423361088308,0.9549196393571149,0.9204609862081995,0.9373737373737373,14616,1263,690
Gorilla_gorilla,Homo_sapiens,same-family,5,1,553,160,393,37,37,1,16364,85.89773660138384,0.9550166242910229,0.9225392027205743,0.9384970209494523,14649,1230,690
Gorilla_gorilla,Homo_sapiens,same-family,5,2,553,151,402,37,37,1,16364,85.79805324264102,0.9549667145281295,0.9214686063354115,0.937918656453319,14632,1247,690
Gorilla_gorilla,Homo_sapiens,same-family,6,0,663,191,472,37,37,2,13664,69.96599038348775,0.7787495105077666,0.9053797708475605,0.8373039542472194,11932,1247,3390
Gorilla_gorilla,Homo_sapiens,same-family,6,1,663,196,467,37,37,1,16364,85.98569250615691,0.9550605705353654,0.9234838465898356,0.9390068197099223,14664,1215,690
Gorilla_gorilla,Homo_sapiens,same-family,6,2,663,192,471,37,37,1,16364,85.87428169344436,0.9550048907727421,0.9222872976887714,0.9383609918626258,14645,1234,690
Gorilla_gorilla,Homo_sapiens,same-family,7,0,774,240,534,37,37,1,16364,85.80391696962589,0.9549696534621158,0.9215315825933623,0.9379526953400424,14633,1246,690
Gorilla_gorilla,Homo_sapiens,same-family,7,1,774,213,561,37,37,1,16364,85.88014542042923,0.9550078247261345,0.9223502739467221,0.938395002402691,14646,1233,690
Gorilla_gorilla,Homo_sapiens,same-family,7,2,774,219,555,37,37,1,16364,85.95637387123256,0.9550459313310313,0.9231689653000819,0.9388369412066094,14659,1220,690
Gorilla_gorilla,Saimiri_boliviensis,same-order,1,0,110,6,104,37,37,1,16364,74.74359743297546,0.975804557199906,0.771067937136493,0.8614384958352054,12462,3700,309
Gorilla_gorilla,Saimiri_boliviensis,same-order,1,1,110,4,106,37,37,1,16364,74.44844124700239,0.9751845453117638,0.7686784277313525,0.8597043857523624,12418,3737,316
Gorilla_gorilla,Homo_sapiens,same-family,8,0,884,248,636,37,37,1,16364,85.87428169344436,0.9550048907727421,0.9222872976887714,0.9383609918626258,14645,1234,690
Gorilla_gorilla,Saimiri_boliviensis,same-order,1,2,110,8,102,37,37,1,16364,74.71360882864512,0.9757950806830644,0.7707585694839748,0.8612417035398231,12457,3705,309
Gorilla_gorilla,Homo_sapiens,same-family,8,1,884,239,645,37,37,1,16364,85.9681013252023,0.9550517881571233,0.9232949178159834,0.9389048991354466,14661,1218,690
Gorilla_gorilla,Homo_sapiens,same-family,8,2,884,241,643,37,37,1,16364,85.89187287439897,0.9550136914852002,0.9224762264626236,0.938463016945895,14648,1231,690
Gorilla_gorilla,Saimiri_boliviensis,same-order,2,0,220,2,218,37,37,1,16364,74.3133021470553,0.9755924730336194,0.7667223562898335,0.8586376550481601,12391,3770,310
Gorilla_gorilla,Saimiri_boliviensis,same-order,2,1,220,6,214,37,37,1,16364,74.7346963247197,0.9753521126760564,0.7715399851448378,0.861556538567874,12465,3691,315
Gorilla_gorilla,Saimiri_boliviensis,same-order,3,0,330,11,319,37,37,1,16364,74.73621103117506,0.9752777343138789,0.7716496440730424,0.8615958807063621,12466,3689,316
Gorilla_gorilla,Saimiri_boliviensis,same-order,2,2,220,9,211,37,37,1,16364,74.54131190790262,0.9753648203357916,0.769449774091725,0.860256720755631,12432,3725,314
Gorilla_gorilla,Saimiri_boliviensis,same-order,3,1,330,9,321,37,37,1,16364,74.5831833993043,0.9756786442805586,0.7695068374481777,0.8604144324904004,12436,3725,310
Gorilla_gorilla,Saimiri_boliviensis,same-order,3,2,330,8,322,37,37,1,16364,74.5891807604654,0.9756805522868126,0.769568714807252,0.8604538536045385,12437,3724,310
Gorilla_gorilla,Saimiri_boliviensis,same-order,4,0,440,16,424,37,37,1,16364,74.84106992923114,0.9757604191101727,0.7721675638883733,0.8621070811744387,12479,3682,310
Gorilla_gorilla,Saimiri_boliviensis,same-order,4,1,440,12,428,37,37,1,16364,74.72118959107807,0.9754226675015655,0.7713065544346104,0.8614384958352055,12462,3695,314
Gorilla_gorilla,Saimiri_boliviensis,same-order,4,2,440,11,429,37,37,1,16364,74.69272738173751,0.975338604869647,0.7711067095815796,0.8612810674409762,12458,3698,315
Gorilla_gorilla,Saimiri_boliviensis,same-order,5,0,550,21,529,37,37,1,16364,74.87105673503659,0.9757698921369392,0.7724769506837448,0.8623035745121741,12484,3677,310
Gorilla_gorilla,Saimiri_boliviensis,same-order,5,1,550,5,545,37,37,1,16364,74.66274956532166,0.975328947368421,0.7707972270363952,0.8610842207163601,12453,3703,315
Gorilla_gorilla,Saimiri_boliviensis,same-order,5,2,550,12,538,37,37,1,16364,74.85155640856475,0.9758386113065916,0.7721816606855587,0.8621463852716659,12480,3682,309
Gorilla_gorilla,Saimiri_boliviensis,same-order,6,2,659,11,648,37,37,1,16364,74.68673181845435,0.9753366739743188,0.7710448130725427,0.8612417035398229,12457,3699,315
Gorilla_gorilla,Saimiri_boliviensis,same-order,6,0,659,18,641,37,37,1,16364,74.84261646381678,0.9753867791842475,0.7726541223075019,0.8622642812737445,12483,3673,315
Gorilla_gorilla,Saimiri_boliviensis,same-order,6,1,659,22,637,37,37,1,16364,74.99100395825836,0.975807710316841,0.7737144978652312,0.8630888697152718,12504,3657,310
Gorilla_gorilla,Saimiri_boliviensis,same-order,7,0,769,23,746,37,37,1,16364,74.7795837581719,0.9758159192298662,0.7714391783195149,0.861674556826428,12468,3694,309
Gorilla_gorilla,Saimiri_boliviensis,same-order,7,1,769,29,740,37,37,1,16364,74.81263864740092,0.9753771593840381,0.7723446397623174,0.8620677743618087,12478,3678,315
Gorilla_gorilla,Saimiri_boliviensis,same-order,7,2,769,25,744,37,37,1,16364,74.88904881851985,0.9757755723997812,0.7726625827609678,0.8624214379446095,12487,3674,310
Gorilla_gorilla,Saimiri_boliviensis,same-order,8,0,879,22,857,37,37,1,16364,74.87554729202903,0.9758461658719613,0.7724291548075733,0.8623035745121741,12484,3678,309
Gorilla_gorilla,Saimiri_boliviensis,same-order,8,1,879,25,854,37,37,1,16364,74.9655131050201,0.9758744534665834,0.7733572577651281,0.8628926475664481,12499,3663,309
Gorilla_gorilla,Saimiri_boliviensis,same-order,8,2,879,21,858,37,37,1,16364,74.91303826316421,0.9757831419420357,0.772910092197265,0.8625785512050274,12491,3670,310
Gorilla_gorilla,Saimiri_sciureus,same-order,1,0,110,0,110,37,37,1,16364,74.08317353787153,0.9744620477654292,0.7655108359133127,0.8574400943232652,12363,3787,324
Gorilla_gorilla,Saimiri_sciureus,same-order,1,1,110,4,106,37,37,1,16364,74.52660594439118,0.9746101402711387,0.7700928792569659,0.8603645671197814,12437,3713,324
Gorilla_gorilla,Saimiri_sciureus,same-order,1,2,110,3,107,37,37,1,16364,74.39462958523136,0.974866478165253,0.7683545870991705,0.8593782455168595,12412,3742,320
Gorilla_gorilla,Saimiri_sciureus,same-order,2,0,220,13,207,37,37,1,16364,74.79918475002997,0.9751484839012191,0.7723446397623174,0.8619784470848301,12478,3678,318
Gorilla_gorilla,Saimiri_sciureus,same-order,2,1,220,5,215,37,37,1,16364,74.46655478302566,0.9748901443816698,0.7690974371672651,0.859851892864558,12424,3730,320
Gorilla_gorilla,Saimiri_sciureus,same-order,2,2,220,8,212,37,37,1,16364,74.63438024454567,0.9749451926088318,0.7708307539928191,0.8609555417271658,12452,3702,320
Gorilla_gorilla,Saimiri_sciureus,same-order,3,0,330,12,318,37,37,1,16364,74.81117372017744,0.9751523675574308,0.7724684327803912,0.8620570560198936,12480,3676,318
Gorilla_gorilla,Saimiri_sciureus,same-order,3,1,330,13,317,37,37,1,16364,74.87262482766889,0.9750975800156128,0.7731971525843392,0.8624892111168652,12491,3664,319
Gorilla_gorilla,Saimiri_sciureus,same-order,3,2,330,11,319,37,37,1,16364,74.87262482766889,0.9750975800156128,0.7731971525843392,0.8624892111168652,12491,3664,319
Gorilla_gorilla,Saimiri_sciureus,same-order,4,0,440,15,425,37,37,1,16364,74.78719577988251,0.9751445990307956,0.7722208467442436,0.8618998272884282,12476,3680,318
Gorilla_gorilla,Saimiri_sciureus,same-order,4,1,440,9,431,37,37,1,16364,74.54458293384468,0.9746161078031965,0.7702786377708978,0.8604828110949712,12440,3710,324
Gorilla_gorilla,Saimiri_sciureus,same-order,4,2,440,8,432,37,37,1,16364,74.61040517861424,0.974937343358396,0.7705831373034543,0.8607980084364844,12448,3706,320
Gorilla_gorilla,Saimiri_sciureus,same-order,5,0,550,19,531,37,37,1,16364,74.8307065380236,0.9747853239656519,0.7731409819825398,0.8623321017920652,12487,3664,323
Gorilla_gorilla,Saimiri_sciureus,same-order,5,1,550,17,533,37,37,1,16364,74.93106342165208,0.9751911374629427,0.773706362961129,0.8628425484917511,12500,3656,318
Gorilla_gorilla,Saimiri_sciureus,same-order,5,2,550,13,537,37,37,1,16364,74.70486007071374,0.9747439205567284,0.7718407528945576,0.8615065653075328,12466,3685,323
Gorilla_gorilla,Saimiri_sciureus,same-order,6,0,659,17,642,37,37,1,16364,74.6928746928747,0.974739970282318,0.771716921552845,0.8614278802958049,12464,3687,323
Gorilla_gorilla,Saimiri_sciureus,same-order,6,1,659,20,639,37,37,1,16364,74.80668944434454,0.9750761778263927,0.7725162488393686,0.8620570560198936,12480,3675,319
Gorilla_gorilla,Saimiri_sciureus,same-order,6,2,659,16,643,37,37,1,16364,74.8126835701013,0.975078125,0.7725781491798205,0.8620963564151269,12481,3674,319
Gorilla_gorilla,Saimiri_sciureus,same-order,7,1,769,25,744,37,37,1,16364,74.88910202613596,0.9751775817656702,0.7732730873978707,0.8625677495080609,12493,3663,318
Gorilla_gorilla,Saimiri_sciureus,same-order,7,0,769,21,748,37,37,1,16364,74.83217453847998,0.9750097618117922,0.7728735916800792,0.8622535308539659,12485,3669,320
Gorilla_gorilla,Saimiri_sciureus,same-order,7,2,769,26,743,37,37,1,16364,74.90858958220943,0.9751092384519351,0.7735685546270504,0.8627247937592766,12497,3658,319
Gorilla_gorilla,Aotus_azarai,same-order,1,0,111,2,109,37,37,1,16364,74.64477611940299,0.9700519823104973,0.7732698373430639,0.8605547525638378,12503,3666,386
Gorilla_gorilla,Saimiri_sciureus,same-order,8,0,879,28,851,37,37,1,16364,74.96103584702074,0.9752008110426578,0.7740158455063134,0.8630387521998688,12505,3651,318
Gorilla_gorilla,Saimiri_sciureus,same-order,8,2,879,19,860,37,37,1,16364,74.86063657615537,0.9750936914428482,0.7730733519034355,0.862410661878949,12489,3666,319
Gorilla_gorilla,Saimiri_sciureus,same-order,8,1,879,24,855,37,37,1,16364,74.96703033209447,0.9752027448533999,0.7740777420153503,0.8630779848171152,12506,3650,318
Gorilla_gorilla,Aotus_azarai,same-order,1,1,111,2,109,37,37,1,16364,74.76116551229998,0.9702440914374274,0.7742873044338631,0.8612601458247352,12521,3650,384
Gorilla_gorilla,Aotus_azarai,same-order,1,2,111,5,106,37,37,1,16364,75.14185032550917,0.9707561728395062,0.7777571711177053,0.8636051619989016,12581,3595,379
Gorilla_gorilla,Aotus_azarai,same-order,2,0,221,6,215,37,37,1,16364,75.03134515493463,0.9702748610253242,0.7771799628942486,0.8630588558478127,12567,3603,385
Gorilla_gorilla,Aotus_azarai,same-order,2,1,221,10,211,37,37,1,16364,75.20453866825918,0.9706335748419916,0.7785952763694819,0.8640730067243035,12593,3581,381
Gorilla_gorilla,Aotus_azarai,same-order,2,2,221,8,213,37,37,1,16364,75.16866678607678,0.9703275529865125,0.7786023500309215,0.8639560816606622,12590,3580,385
Gorilla_gorilla,Aotus_azarai,same-order,3,0,332,11,321,37,37,1,16364,75.21495103893002,0.9704183036746014,0.7789870756292128,0.864228869374314,12597,3574,384
Gorilla_gorilla,Aotus_azarai,same-order,3,1,332,11,321,37,37,1,16364,75.23889154323938,0.9707196794575436,0.7788562596599691,0.8642678283538572,12598,3577,380
Gorilla_gorilla,Aotus_azarai,same-order,3,2,332,9,323,37,37,1,16364,75.16269628037494,0.9703252659164483,0.7785405071119357,0.8639171012901455,12589,3581,385
Gorilla_gorilla,Aotus_azarai,same-order,4,0,442,13,429,37,37,1,16364,75.4330426472345,0.9709387253017606,0.7806762687766582,0.8654742324561404,12629,3548,378
Gorilla_gorilla,Aotus_azarai,same-order,4,1,442,15,427,37,37,1,16364,75.38516660695092,0.970628940489005,0.7805601929141162,0.8652798245313411,12624,3549,382
Gorilla_gorilla,Aotus_azarai,same-order,4,2,442,16,426,37,37,1,16364,75.31350770333214,0.9706018162228721,0.7798182155444259,0.8648129735660163,12612,3561,382
Gorilla_gorilla,Aotus_azarai,same-order,6,0,663,13,650,37,37,1,16364,75.29404740581528,0.9703755001538935,0.7799010513296227,0.8647740519783309,12611,3559,385
Gorilla_gorilla,Aotus_azarai,same-order,5,1,552,18,534,37,37,1,16364,75.6062597061283,0.9710033752684872,0.7824689373802312,0.8666004860849621,12658,3519,378
Gorilla_gorilla,Aotus_azarai,same-order,5,0,552,22,530,37,37,1,16364,75.50764452938365,0.9708208554096598,0.7816383307573416,0.8660182204260566,12643,3532,380
Gorilla_gorilla,Aotus_azarai,same-order,5,2,552,25,527,37,37,1,16364,75.56444869191256,0.970987796454064,0.782036224269024,0.8663288365404368,12651,3526,378
Gorilla_gorilla,Aotus_azarai,same-order,6,1,663,20,643,37,37,1,16364,75.50910719617796,0.9707485604606526,0.7817484852231977,0.8660570567485187,12644,3530,381
Gorilla_gorilla,Aotus_azarai,same-order,6,2,663,24,639,37,37,1,16364,75.50313526425799,0.9707463144963145,0.7816866575986151,0.8660182204260566,12643,3531,381
Gorilla_gorilla,Aotus_azarai,same-order,7,0,773,31,742,37,37,1,16364,75.58382607656931,0.9709222034678533,0.7823318496538081,0.8664840807942485,12655,3521,379
Gorilla_gorilla,Aotus_azarai,same-order,7,1,773,20,753,37,37,1,16364,75.50764452938365,0.9708208554096598,0.7816383307573416,0.8660182204260566,12643,3532,380
Gorilla_gorilla,Aotus_azarai,same-order,7,2,773,21,752,37,37,1,16364,75.52556139512662,0.9708275756179948,0.7818238021638331,0.8661347214136502,12646,3529,380
Gorilla_gorilla,Varecia_variegata,same-order,1,0,114,1,113,37,37,1,16364,70.92206812510881,0.9336185165380796,0.7593190854870775,0.8374961455442491,12222,3874,869
Gorilla_gorilla,Aotus_azarai,same-order,8,1,883,27,856,37,37,1,16364,75.54945054945055,0.9708365310821182,0.7820710973724884,0.8662900188323918,12650,3525,380
Gorilla_gorilla,Aotus_azarai,same-order,8,0,883,26,857,37,37,1,16364,75.55250268785092,0.9709833422890919,0.7819125919515362,0.8662511984659637,12649,3528,378
Gorilla_gorilla,Varecia_variegata,same-order,1,2,114,0,114,37,37,1,16364,70.74218069982011,0.9334609494640123,0.7573931411530815,0.8362601179860063,12191,3905,869
Gorilla_gorilla,Aotus_azarai,same-order,8,2,883,23,860,37,37,1,16364,75.44938787697821,0.9707260852862082,0.7811302089773711,0.8656685737777928,12634,3540,381
Gorilla_gorilla,Varecia_variegata,same-order,1,1,114,2,112,37,37,1,16364,71.0040626813697,0.9338931297709924,0.7599229765823964,0.8379739032158635,12234,3865,866
Gorilla_gorilla,Varecia_variegata,same-order,2,0,227,1,226,37,37,1,16364,70.92206812510881,0.9336185165380796,0.7593190854870775,0.8374961455442491,12222,3874,869
Gorilla_gorilla,Varecia_variegata,same-order,2,1,227,2,225,37,37,1,16364,71.0388856645386,0.9339233938654051,0.7602956705385427,0.8382126348228043,12240,3859,866
Gorilla_gorilla,Varecia_variegata,same-order,2,2,227,3,224,37,37,1,16364,71.07874426971509,0.9337551456014637,0.7609965208747514,0.8385705483672211,12249,3847,869
Gorilla_gorilla,Varecia_variegata,same-order,3,1,340,4,336,37,37,1,16364,71.09112013929193,0.9339687380861609,0.7608547114727623,0.8385705483672211,12249,3850,866
Gorilla_gorilla,Varecia_variegata,same-order,3,0,340,3,337,37,37,1,16364,70.96268786630303,0.9336539929760269,0.7597539761431411,0.8377748852503938,12229,3867,869
Gorilla_gorilla,Varecia_variegata,same-order,3,2,340,3,337,37,37,1,16364,70.92787094527941,0.9336235869233119,0.7593812127236581,0.837535973687817,12223,3873,869
Gorilla_gorilla,Varecia_variegata,same-order,4,0,453,10,443,37,37,1,16364,71.2188044109112,0.9340793179569156,0.7622212559786322,0.8394445204542345,12271,3828,866
Gorilla_gorilla,Varecia_variegata,same-order,4,1,453,5,448,37,37,1,16364,71.13174695298898,0.9340039628105472,0.7612895210882663,0.838848773142603,12256,3843,866
Gorilla_gorilla,Varecia_variegata,same-order,4,2,453,7,446,37,37,1,16364,71.14915844457342,0.9340190476190476,0.7614758680663395,0.8389679715302492,12259,3840,866
Gorilla_gorilla,Varecia_variegata,same-order,5,0,566,8,558,37,37,1,16364,71.23041207196749,0.9340893523099171,0.7623454872973476,0.8395239072439976,12273,3826,866
Gorilla_gorilla,Varecia_variegata,same-order,5,2,566,8,558,37,37,1,16364,71.20552556735736,0.9341353841468057,0.7619875776397516,0.8393254199021654,12268,3832,865
Gorilla_gorilla,Varecia_variegata,same-order,5,1,566,6,560,37,37,1,16364,71.13755078351713,0.9340089918463766,0.7613516367476241,0.8388885086578605,12257,3842,866
Gorilla_gorilla,Varecia_variegata,same-order,6,1,679,15,664,37,37,1,16364,71.2809797434558,0.9342005172676099,0.7627950310559006,0.8398413458250702,12281,3819,865
Gorilla_gorilla,Varecia_variegata,same-order,6,0,679,14,665,37,37,1,16364,71.2420197330238,0.9340993836085534,0.7624697186160632,0.8396032831737346,12275,3824,866
Gorilla_gorilla,Varecia_variegata,same-order,7,2,792,9,783,37,37,1,16364,71.23041207196749,0.9340893523099171,0.7623454872973476,0.8395239072439976,12273,3826,866
Gorilla_gorilla,Varecia_variegata,same-order,7,0,792,9,783,37,37,1,16364,71.27103888566454,0.9341244485014453,0.7627802969128518,0.8398016755000856,12280,3819,866
Gorilla_gorilla,Varecia_variegata,same-order,7,1,792,11,781,37,37,1,16364,71.20139291932675,0.9340642606974265,0.762034909000559,0.8393254199021652,12268,3831,866
Gorilla_gorilla,Varecia_variegata,same-order,6,2,679,10,669,37,37,1,16364,71.23041207196749,0.9340893523099171,0.7623454872973476,0.8395239072439976,12273,3826,866
Gorilla_gorilla,Varecia_variegata,same-order,8,0,905,9,896,37,37,1,16364,71.18398142774231,0.9340491965577641,0.7618485620224859,0.8392062949024974,12265,3834,866
Gorilla_gorilla,Varecia_variegata,same-order,8,1,905,16,889,37,37,1,16364,71.2071967498549,0.9340692805481537,0.7620970246599168,0.8393651228022165,12269,3830,866
Gorilla_gorilla,Varecia_variegata,same-order,8,2,905,13,892,37,37,1,16364,71.22293806953392,0.9341504263093788,0.7621739130434783,0.8394445204542346,12271,3829,865
Saimiri_boliviensis,Homo_sapiens,same-order,1,0,111,3,108,37,37,1,16471,71.11653305449053,0.9427801309202927,0.7735372172374574,0.8498143070355072,12242,3584,743
Saimiri_boliviensis,Homo_sapiens,same-order,2,0,221,8,213,37,37,1,16471,71.55472925865675,0.9432488320441142,0.7781147333838767,0.8527609485892332,12316,3512,741
Saimiri_boliviensis,Homo_sapiens,same-order,1,1,111,6,105,37,37,1,16471,71.36466624063208,0.9430370029172425,0.7761420357616731,0.8514885800436696,12284,3543,742
Saimiri_boliviensis,Homo_sapiens,same-order,1,2,111,5,106,37,37,1,16471,71.22690833042873,0.9428637342356198,0.7747377732844686,0.8505723204994796,12261,3565,743
Saimiri_boliviensis,Homo_sapiens,same-order,3,1,332,12,320,37,37,1,16471,71.41695230349154,0.9430763329497507,0.7767106842737095,0.8518467188691012,12293,3534,742
Saimiri_boliviensis,Homo_sapiens,same-order,2,1,221,3,218,37,37,1,16471,71.11653305449053,0.9427801309202927,0.7735372172374574,0.8498143070355072,12242,3584,743
Saimiri_boliviensis,Homo_sapiens,same-order,2,2,221,7,214,37,37,1,16471,71.27171323999303,0.9429669485011529,0.7751311050736084,0.8508513368242189,12268,3559,742
Saimiri_boliviensis,Homo_sapiens,same-order,3,0,332,6,326,37,37,1,16471,71.37462235649546,0.9431137724550899,0.7761561789234268,0.8515283842794761,12285,3543,741
Saimiri_boliviensis,Homo_sapiens,same-order,4,2,442,16,426,37,37,1,16471,71.56634905879619,0.9432575235469791,0.7782410917361637,0.8528403780247169,12318,3510,741
Saimiri_boliviensis,Homo_sapiens,same-order,3,2,332,11,321,37,37,1,16471,71.47504792889096,0.9431199693369107,0.7773425159537499,0.8522443890274315,12303,3524,742
Saimiri_boliviensis,Homo_sapiens,same-order,4,1,442,8,434,37,37,1,16471,71.40367185684406,0.9431355997237357,0.7764720748041446,0.8517273640805295,12290,3538,741
Saimiri_boliviensis,Homo_sapiens,same-order,4,0,442,12,430,37,37,1,16471,71.42691145712294,0.9431530494821634,0.7767247915087188,0.8518864982850015,12294,3534,741
Saimiri_boliviensis,Homo_sapiens,same-order,5,0,553,18,535,37,37,1,16471,71.61533991865194,0.94343233312921,0.7785849652558433,0.8531182944555963,12325,3505,739
Saimiri_boliviensis,Homo_sapiens,same-order,5,1,553,18,535,37,37,1,16471,71.49663025795957,0.9432053345596689,0.7774829416224412,0.8523636363636364,12306,3522,741
Saimiri_boliviensis,Homo_sapiens,same-order,5,2,553,17,536,37,37,1,16471,71.57215895886591,0.9432618683001531,0.7783042709123073,0.8528800886181113,12319,3509,741
Saimiri_boliviensis,Homo_sapiens,same-order,6,0,663,21,642,37,37,1,16471,71.64187775970254,0.9433139534883721,0.7790624210260298,0.8533564013840831,12331,3497,741
Saimiri_boliviensis,Homo_sapiens,same-order,6,1,663,29,634,37,37,1,16471,71.63606785963282,0.9433096167087446,0.7789992418498862,0.8533167237620678,12330,3498,741
Saimiri_boliviensis,Homo_sapiens,same-order,6,2,663,14,649,37,37,1,16471,71.43853125726237,0.9431617703459385,0.7768511498610058,0.8519660488480859,12296,3532,741
Saimiri_boliviensis,Homo_sapiens,same-order,7,0,774,32,742,37,37,1,16471,71.62860961013305,0.943373125191307,0.7788236780592583,0.8532373602796138,12328,3501,740
Saimiri_boliviensis,Homo_sapiens,same-order,7,2,774,17,757,37,37,1,16471,71.59209761766415,0.9434150076569678,0.7783322804801011,0.8529595015576323,12321,3509,739
Saimiri_boliviensis,Gorilla_gorilla,same-order,1,0,110,4,106,37,37,1,16471,74.43324937027708,0.983906770255272,0.7679599034713198,0.8626238053866203,12411,3750,203
Saimiri_boliviensis,Gorilla_gorilla,same-order,1,1,110,1,109,37,37,1,16471,74.2326139088729,0.9834008418711778,0.7664500154750851,0.8614763793223406,12382,3773,209
Saimiri_boliviensis,Homo_sapiens,same-order,7,1,774,24,750,37,37,1,16471,71.58958865907506,0.9432748985684758,0.7784938084407379,0.85299920390433,12322,3506,741
Saimiri_boliviensis,Homo_sapiens,same-order,8,0,884,33,851,37,37,1,16471,71.69087739686229,0.9434885677143076,0.7794061907770057,0.8536340678728336,12338,3492,739
Saimiri_boliviensis,Homo_sapiens,same-order,8,1,884,24,860,37,37,1,16471,71.51821509499739,0.9432906736148364,0.7776233495482975,0.8524828589237482,12309,3520,740
Saimiri_boliviensis,Homo_sapiens,same-order,8,2,884,14,870,37,37,1,16471,71.59209761766415,0.9434150076569678,0.7783322804801011,0.8529595015576323,12321,3509,739
Saimiri_boliviensis,Gorilla_gorilla,same-order,1,2,110,3,107,37,37,1,16471,74.47841726618705,0.9834547181760608,0.7689879294336119,0.8630979261472193,12423,3732,209
Saimiri_boliviensis,Gorilla_gorilla,same-order,2,0,219,3,216,37,37,1,16471,74.42292703399484,0.983519530940496,0.7683213666749196,0.8627028529728603,12413,3743,208
Saimiri_boliviensis,Gorilla_gorilla,same-order,2,1,219,3,216,37,37,1,16471,74.51721242653232,0.9839246119733924,0.7688261864983602,0.8631769078467469,12425,3736,203
Saimiri_boliviensis,Gorilla_gorilla,same-order,2,2,219,5,214,37,37,1,16471,74.61031175059952,0.9834834834834835,0.7703497369235531,0.8639661216980805,12445,3710,209
Saimiri_boliviensis,Gorilla_gorilla,same-order,3,0,328,14,314,37,37,2,14100,65.80656912148625,0.8205147615442846,0.7746015865075395,0.7968974010219461,10839,3154,2371
Saimiri_boliviensis,Gorilla_gorilla,same-order,3,1,328,7,321,37,37,1,16471,74.62525482671784,0.9836402434205327,0.7703162715850714,0.8640055536272128,12446,3711,207
Saimiri_boliviensis,Gorilla_gorilla,same-order,3,2,328,16,312,37,37,1,16471,74.76758831643976,0.9840543100726239,0.7713154312585077,0.8647936177592784,12466,3696,202
Saimiri_boliviensis,Gorilla_gorilla,same-order,4,0,437,12,425,37,37,1,16471,74.77364034298735,0.9837488166614073,0.7717539299418245,0.8649510993965457,12470,3688,206
Saimiri_boliviensis,Gorilla_gorilla,same-order,4,2,437,14,423,37,37,1,16471,74.79757692077011,0.9840606012783082,0.7716247989110259,0.8649904629790186,12471,3691,202
Saimiri_boliviensis,Gorilla_gorilla,same-order,4,1,437,12,425,37,37,1,16471,74.66114909439847,0.9839551059121088,0.7703112431161439,0.8641238329920522,12449,3712,203
Saimiri_boliviensis,Gorilla_gorilla,same-order,5,0,546,17,529,37,37,1,16471,74.71367751993763,0.9837359861045318,0.7711350414655279,0.8645573133499861,12460,3698,206
Saimiri_boliviensis,Gorilla_gorilla,same-order,5,1,546,8,538,37,37,1,16471,74.59517812162649,0.9839411438968436,0.7696305921663263,0.8636900215262829,12438,3723,203
Saimiri_boliviensis,Gorilla_gorilla,same-order,5,2,546,8,538,37,37,1,16471,74.7167096348702,0.9835832675611681,0.7713542956177272,0.8646360924165684,12462,3694,208
Saimiri_boliviensis,Gorilla_gorilla,same-order,6,0,655,18,637,37,37,1,16471,74.80664308411775,0.9836026803310998,0.7722827432532805,0.8652265871502376,12477,3679,208
Saimiri_boliviensis,Gorilla_gorilla,same-order,6,1,655,13,642,37,37,2,14100,65.78835529111772,0.8204739910653441,0.7743871935967984,0.7967647058823529,10836,3157,2371
Saimiri_boliviensis,Gorilla_gorilla,same-order,6,2,655,19,636,37,37,1,16471,74.83507256807005,0.9839917987540415,0.7721056865292989,0.8652659316274878,12478,3683,203
Saimiri_boliviensis,Gorilla_gorilla,same-order,7,0,764,18,746,37,37,2,14100,65.94207298560933,0.8209237281729533,0.7759914255091104,0.7978254481339995,10860,3135,2369
Saimiri_boliviensis,Gorilla_gorilla,same-order,8,0,873,32,841,37,37,2,14100,66.01882781658063,0.8213071401586702,0.7764840345738981,0.7982668722919879,10870,3129,2365
Saimiri_boliviensis,Gorilla_gorilla,same-order,7,1,764,18,746,37,37,1,16471,74.91153361722546,0.9840844626536401,0.7728003959905952,0.865737852637416,12490,3672,202
Saimiri_boliviensis,Gorilla_gorilla,same-order,7,2,764,14,750,37,37,1,16471,74.88305145735876,0.9840018914020018,0.7726007054018934,0.8655805892547661,12486,3675,203
Saimiri_boliviensis,Gorilla_gorilla,same-order,8,1,873,26,847,37,37,1,16471,74.97151082588616,0.9840969925995906,0.7734191312956318,0.866130820399113,12500,3662,202
Saimiri_boliviensis,Saimiri_sciureus,same-genus,1,0,110,110,0,37,37,1,16471,99.92109256449166,0.9997570751852302,0.9995142683667274,0.9996356570318193,16462,8,4
Saimiri_boliviensis,Gorilla_gorilla,same-order,8,2,873,23,850,37,37,2,14100,65.94194096927001,0.8210828796128251,0.7756822403200457,0.7977371243846889,10858,3140,2366
Saimiri_boliviensis,Saimiri_sciureus,same-genus,1,1,110,110,0,37,37,1,16471,99.93323216995448,0.9997571046878795,0.9996357012750455,0.9996963992956462,16464,6,4
Saimiri_boliviensis,Saimiri_sciureus,same-genus,1,2,110,110,0,37,37,1,16471,99.92109256449166,0.9997570751852302,0.9995142683667274,0.9996356570318193,16462,8,4
Saimiri_boliviensis,Saimiri_sciureus,same-genus,2,0,220,220,0,37,37,1,16471,99.95751138088012,0.9997571636716853,0.9998785670916819,0.9998178616963147,16468,2,4
Saimiri_boliviensis,Saimiri_sciureus,same-genus,2,1,220,220,0,37,37,1,16471,99.9453717754173,0.9997571341833636,0.9997571341833636,0.9997571341833636,16466,4,4
Saimiri_boliviensis,Saimiri_sciureus,same-genus,2,2,220,220,0,37,37,1,16471,99.96357897292704,0.9998178616963147,0.9998178616963147,0.9998178616963147,16468,3,3
Saimiri_boliviensis,Saimiri_sciureus,same-genus,3,0,330,330,0,37,37,1,16471,99.97571931528469,0.9998178838098707,0.9999392872321049,0.9998785818358427,16470,1,3
Saimiri_boliviensis,Saimiri_sciureus,same-genus,3,1,330,330,0,37,37,1,16471,99.96965098634294,0.999757193152847,1.0,0.9998785818358427,16470,0,4
Saimiri_boliviensis,Saimiri_sciureus,same-genus,3,2,330,330,0,37,37,1,16471,99.96358118361154,0.9997571784131609,0.9999392835458409,0.9998482226876726,16469,1,4
Saimiri_boliviensis,Saimiri_sciureus,same-genus,4,0,440,440,0,37,37,1,16471,99.98178948646351,0.9998178948646352,1.0,0.9999089391409925,16471,0,3
Saimiri_boliviensis,Saimiri_sciureus,same-genus,4,1,440,440,0,37,37,1,16471,99.98178948646351,0.9998178948646352,1.0,0.9999089391409925,16471,0,3
Saimiri_boliviensis,Saimiri_sciureus,same-genus,4,2,440,440,0,37,37,1,16471,99.98178948646351,0.9998178948646352,1.0,0.9999089391409925,16471,0,3
Saimiri_boliviensis,Saimiri_sciureus,same-genus,5,0,550,550,0,37,37,1,16471,99.98178948646351,0.9998178948646352,1.0,0.9999089391409925,16471,0,3
Saimiri_boliviensis,Saimiri_sciureus,same-genus,5,1,550,550,0,37,37,1,16471,99.98178948646351,0.9998178948646352,1.0,0.9999089391409925,16471,0,3
Saimiri_boliviensis,Saimiri_sciureus,same-genus,5,2,550,550,0,37,37,1,16471,99.98178948646351,0.9998178948646352,1.0,0.9999089391409925,16471,0,3
Saimiri_boliviensis,Saimiri_sciureus,same-genus,6,0,659,659,0,37,37,1,16471,99.98178948646351,0.9998178948646352,1.0,0.9999089391409925,16471,0,3
Saimiri_boliviensis,Saimiri_sciureus,same-genus,6,1,659,659,0,37,37,1,16471,99.98178948646351,0.9998178948646352,1.0,0.9999089391409925,16471,0,3
Saimiri_boliviensis,Saimiri_sciureus,same-genus,6,2,659,659,0,37,37,1,16471,99.98178948646351,0.9998178948646352,1.0,0.9999089391409925,16471,0,3
Saimiri_boliviensis,Saimiri_sciureus,same-genus,7,0,769,769,0,37,37,1,16471,99.97571931528469,0.9998178838098707,0.9999392872321049,0.9998785818358427,16470,1,3
Saimiri_boliviensis,Saimiri_sciureus,same-genus,7,1,769,769,0,37,37,1,16471,99.98178948646351,0.9998178948646352,1.0,0.9999089391409925,16471,0,3
Saimiri_boliviensis,Saimiri_sciureus,same-genus,7,2,769,769,0,37,37,1,16471,99.98178948646351,0.9998178948646352,1.0,0.9999089391409925,16471,0,3
Saimiri_boliviensis,Aotus_azarai,same-order,1,0,111,20,91,37,37,1,16471,83.77061018173066,0.9895507534830822,0.8484275962944905,0.9135713348208425,13921,2487,147
Saimiri_boliviensis,Aotus_azarai,same-order,1,1,111,14,97,37,37,1,16471,83.30825257328598,0.9898440852524675,0.8432340218119783,0.9106760980424412,13840,2573,142
Saimiri_boliviensis,Aotus_azarai,same-order,1,2,111,8,103,37,37,1,16471,83.15282791817089,0.9893335242322285,0.8423747409484335,0.9099588477366255,13820,2586,149
Saimiri_boliviensis,Saimiri_sciureus,same-genus,8,0,879,879,0,37,37,1,16471,99.98178948646351,0.9998178948646352,1.0,0.9999089391409925,16471,0,3
Saimiri_boliviensis,Aotus_azarai,same-order,2,0,221,27,194,37,37,1,16471,83.98338750451427,0.989855278093076,0.8501706068730197,0.9147108955028189,13953,2459,143
Saimiri_boliviensis,Aotus_azarai,same-order,2,1,221,35,186,37,37,1,16471,84.24599831508003,0.9896091044037605,0.8532423208191127,0.9163802978235969,14000,2408,147
Saimiri_boliviensis,Saimiri_sciureus,same-genus,8,1,879,879,0,37,37,1,16471,99.98178948646351,0.9998178948646352,1.0,0.9999089391409925,16471,0,3
Saimiri_boliviensis,Aotus_azarai,same-order,2,2,221,33,188,37,37,1,16471,84.40979955456571,0.9899752912107307,0.8543837202217754,0.9171953692197005,14023,2390,142
Saimiri_boliviensis,Aotus_azarai,same-order,3,0,332,57,275,37,37,2,16350,84.82654600301659,0.984249212460623,0.8609920391916718,0.9185040013065491,14060,2270,225
Saimiri_boliviensis,Saimiri_sciureus,same-genus,8,2,879,879,0,37,37,1,16471,99.98178948646351,0.9998178948646352,1.0,0.9999089391409925,16471,0,3
Saimiri_boliviensis,Aotus_azarai,same-order,3,1,332,44,288,37,37,1,16471,84.51678902394994,0.9896420518602029,0.8559848854217454,0.9179738562091503,14045,2363,147
Saimiri_boliviensis,Aotus_azarai,same-order,3,2,332,56,276,37,37,1,16471,84.6575177561093,0.9899352477477478,0.8569948817938094,0.918680600914435,14065,2347,143
Saimiri_boliviensis,Aotus_azarai,same-order,4,0,442,71,371,37,37,1,16471,85.05989285499308,0.9900511455195123,0.8609638701029672,0.9210063221012839,14131,2282,142
Saimiri_boliviensis,Aotus_azarai,same-order,4,1,442,65,377,37,37,2,16350,84.59914339144598,0.9840712932425795,0.8588926996570309,0.9172307792929788,14024,2304,227
Saimiri_boliviensis,Aotus_azarai,same-order,4,2,442,84,358,37,37,1,16471,84.87182573113492,0.989684934390569,0.8595806923451975,0.9200561009817672,14104,2304,147
Saimiri_boliviensis,Aotus_azarai,same-order,5,0,552,82,470,37,37,1,16471,85.01775717811353,0.9900462638441049,0.860537378906964,0.9207601290785228,14124,2289,142
Saimiri_boliviensis,Aotus_azarai,same-order,5,1,552,75,477,37,37,1,16471,85.13415954758753,0.98944203607887,0.8626554498902707,0.9217091122256238,14151,2253,151
Saimiri_boliviensis,Aotus_azarai,same-order,5,2,552,99,453,37,37,1,16471,85.30066815144767,0.9900789492070146,0.8634009626515567,0.9224109874373494,14171,2242,142
Saimiri_boliviensis,Aotus_azarai,same-order,6,0,663,84,579,37,37,2,16350,84.61724075526331,0.9840746457134839,0.8590764331210191,0.9173369956183376,14027,2301,227
Saimiri_boliviensis,Aotus_azarai,same-order,6,1,663,101,562,37,37,1,16471,85.1209823040809,0.9899894994749737,0.8616865708018523,0.9213929699970681,14142,2270,143
Saimiri_boliviensis,Aotus_azarai,same-order,6,2,663,100,563,37,37,1,16471,85.24047432733401,0.990072012864434,0.8627916895144093,0.9220601640838652,14161,2252,142
Saimiri_boliviensis,Aotus_azarai,same-order,7,0,773,122,651,37,37,1,16471,85.4993077710227,0.9901017705283702,0.8654115640041431,0.9235670860561136,14204,2209,142
Saimiri_boliviensis,Varecia_variegata,same-order,1,0,114,2,112,37,37,1,16471,71.084686774942,0.9409551597051597,0.7566683131637442,0.8388090349075976,12255,3941,769
Saimiri_boliviensis,Aotus_azarai,same-order,7,1,773,134,639,37,37,2,16350,85.26874585268746,0.9841944018938866,0.8656908378245958,0.9211469534050178,14135,2193,227
Saimiri_boliviensis,Aotus_azarai,same-order,7,2,773,112,661,37,37,2,16350,85.20663650075414,0.9843183718985224,0.8648499693815064,0.9207249494751939,14123,2207,225
Saimiri_boliviensis,Aotus_azarai,same-order,8,0,883,138,745,37,37,2,16350,85.23858357965857,0.9841888974019642,0.8653846153846154,0.9209711585465211,14130,2198,227
Saimiri_boliviensis,Aotus_azarai,same-order,8,1,883,141,742,37,37,2,16350,85.30494058032214,0.9842010022271714,0.8660583047525723,0.9213578316393015,14141,2187,227
Saimiri_boliviensis,Aotus_azarai,same-order,8,2,883,133,750,37,37,1,16471,85.24649370974538,0.9900727069351231,0.8628526168281241,0.9220952566982453,14162,2251,142
Saimiri_boliviensis,Varecia_variegata,same-order,1,1,114,1,113,37,37,1,16471,71.02424312724742,0.9407697626181147,0.7562060022230456,0.8384512683578104,12246,3948,771
Saimiri_boliviensis,Varecia_variegata,same-order,1,2,114,1,113,37,37,1,16471,70.9596984633227,0.9405118745676735,0.7557902538447285,0.838093281282104,12237,3954,774
Saimiri_boliviensis,Varecia_variegata,same-order,2,1,227,4,223,37,37,1,16471,71.14603874260527,0.9408651633686148,0.7575027788069656,0.8392857142857143,12267,3927,771
Saimiri_boliviensis,Varecia_variegata,same-order,2,0,227,2,225,37,37,1,16471,71.2354988399072,0.9410727969348659,0.7582736478142751,0.8398413458250701,12281,3915,769
Saimiri_boliviensis,Varecia_variegata,same-order,2,2,227,4,223,37,37,1,16471,71.25210230238358,0.9408791545412774,0.7587229049589329,0.8400396567638714,12286,3907,772
Saimiri_boliviensis,Varecia_variegata,same-order,3,0,340,4,336,37,37,1,16471,71.27610208816705,0.9411043884506395,0.7587058532971104,0.8401189621577274,12288,3908,769
Saimiri_boliviensis,Varecia_variegata,same-order,3,1,340,3,337,37,37,1,16471,71.10788863109049,0.9409732883021185,0.7569152877253643,0.838967971530249,12259,3937,769
Saimiri_boliviensis,Varecia_variegata,same-order,3,2,340,4,336,37,37,1,16471,71.19489559164734,0.941041171509622,0.7578414423314399,0.83956359656623,12274,3922,769
Saimiri_boliviensis,Varecia_variegata,same-order,4,0,453,6,447,37,37,1,16471,71.2645011600928,0.9410953657602451,0.7585823660163004,0.8400396567638714,12286,3910,769
Saimiri_boliviensis,Varecia_variegata,same-order,4,1,453,6,447,37,37,1,16471,71.35730858468678,0.9411674699716931,0.759570264262781,0.8406737964260089,12302,3894,769
Saimiri_boliviensis,Varecia_variegata,same-order,4,2,453,4,449,37,37,1,16471,71.24709976798144,0.9410818265399938,0.7583971350950852,0.8399206783369803,12283,3913,769
Saimiri_boliviensis,Varecia_variegata,same-order,5,0,566,6,560,37,37,1,16471,71.31670533642692,0.9411359461114513,0.7591380587799457,0.8403964456596036,12295,3901,769
Saimiri_boliviensis,Varecia_variegata,same-order,5,1,566,9,557,37,37,1,16471,71.29350348027842,0.9411179173047474,0.7588910842183255,0.8402378999179656,12291,3905,769
Saimiri_boliviensis,Varecia_variegata,same-order,5,2,566,12,554,37,37,1,16471,71.2877030162413,0.9411134083773642,0.7588293405779205,0.840198256708255,12290,3906,769
Saimiri_boliviensis,Varecia_variegata,same-order,6,0,679,6,673,37,37,1,16471,71.25290023201856,0.9410863403049108,0.7584588787354902,0.8399603405244623,12284,3912,769
Saimiri_boliviensis,Varecia_variegata,same-order,6,1,679,6,673,37,37,1,16471,71.27610208816705,0.9411043884506395,0.7587058532971104,0.8401189621577274,12288,3908,769
Saimiri_boliviensis,Varecia_variegata,same-order,7,0,792,4,788,37,37,1,16471,71.2645011600928,0.9410953657602451,0.7585823660163004,0.8400396567638714,12286,3910,769
Saimiri_boliviensis,Varecia_variegata,same-order,6,2,679,11,668,37,37,1,16471,71.33990719257541,0.9411539638812366,0.7593850333415658,0.8405549480590486,12299,3897,769
Saimiri_boliviensis,Varecia_variegata,same-order,7,1,792,12,780,37,37,1,16471,71.32250580046404,0.9411404515882128,0.7591998024203507,0.8404360753221011,12296,3900,769
Saimiri_boliviensis,Varecia_variegata,same-order,7,2,792,19,773,37,37,1,16471,71.36890951276102,0.9411764705882353,0.759693751543591,0.8407530151354675,12304,3892,769
Saimiri_sciureus,Homo_sapiens,same-order,1,0,111,2,109,37,37,1,16474,71.09511090465683,0.9424261083743842,0.7739080968333228,0.8498941450039913,12244,3577,748
Saimiri_boliviensis,Varecia_variegata,same-order,8,0,905,10,895,37,37,1,16471,71.33990719257541,0.9411539638812366,0.7593850333415658,0.8405549480590486,12299,3897,769
Saimiri_sciureus,Homo_sapiens,same-order,1,1,111,5,106,37,37,1,16474,71.33732071308286,0.9426795580110497,0.7764505119453925,0.851528384279476,12285,3537,747
Saimiri_boliviensis,Varecia_variegata,same-order,8,1,905,18,887,37,37,1,16471,71.34570765661253,0.941158466600352,0.7594467769819708,0.8405945668887751,12300,3896,769
Saimiri_boliviensis,Varecia_variegata,same-order,8,2,905,13,892,37,37,1,16471,71.35730858468678,0.9411674699716931,0.759570264262781,0.8406737964260089,12302,3894,769
Saimiri_sciureus,Homo_sapiens,same-order,1,2,111,4,107,37,37,1,16474,71.21124143537335,0.942514601905933,0.7751722394286076,0.8506919155134741,12264,3557,748
Saimiri_sciureus,Homo_sapiens,same-order,2,1,221,2,219,37,37,1,16474,71.09511090465683,0.9424261083743842,0.7739080968333228,0.8498941450039913,12244,3577,748
Saimiri_sciureus,Homo_sapiens,same-order,2,0,221,5,216,37,37,1,16474,71.49991289704431,0.942802450229709,0.7782201997219063,0.8526417838099855,12313,3509,747
Saimiri_sciureus,Homo_sapiens,same-order,2,2,221,4,217,37,37,1,16474,71.26183148481505,0.9426223212228282,0.7756288711920111,0.8510107139142195,12272,3550,747
Saimiri_sciureus,Homo_sapiens,same-order,3,0,332,5,327,37,37,1,16474,71.34893444050869,0.9426883535369035,0.7765769182151435,0.8516079844746326,12287,3535,747
Saimiri_sciureus,Homo_sapiens,same-order,3,2,332,8,324,37,37,1,16474,71.37963070491232,0.9426424353960586,0.7770052461917705,0.8518467188691013,12293,3528,748
Saimiri_sciureus,Homo_sapiens,same-order,3,1,332,10,322,37,37,1,16474,71.38543723144815,0.9426468333077749,0.7770684533215346,0.8518864982850015,12294,3527,748
Saimiri_sciureus,Homo_sapiens,same-order,4,0,442,12,430,37,37,1,16474,71.44599303135888,0.9428308682657675,0.7775390254692536,0.8522443890274314,12303,3520,746
Saimiri_sciureus,Homo_sapiens,same-order,4,2,442,11,431,37,37,1,16474,71.48249230590558,0.9427893084169411,0.7780305903172797,0.8525225942726549,12310,3512,747
Saimiri_sciureus,Homo_sapiens,same-order,4,1,442,7,435,37,37,1,16474,71.37216189536032,0.9427059364933272,0.7768297307546455,0.8517671517671518,12291,3531,747
Saimiri_sciureus,Homo_sapiens,same-order,5,0,553,16,537,37,37,1,16474,71.51567944250871,0.9428833933083225,0.7782974151551539,0.8527212297465725,12315,3508,746
Saimiri_sciureus,Homo_sapiens,same-order,5,2,553,11,542,37,37,1,16474,71.48829916961849,0.9427936896921427,0.7780937934521552,0.852562326869806,12311,3511,747
Saimiri_sciureus,Homo_sapiens,same-order,5,1,553,13,540,37,37,1,16474,71.4244236687765,0.9427454587261439,0.7773985589685248,0.8521251169074093,12300,3522,747
Saimiri_sciureus,Homo_sapiens,same-order,6,0,663,15,648,37,37,1,16474,71.54636780674758,0.9428374655647382,0.7787258248009101,0.8529595015576324,12321,3501,747
Saimiri_sciureus,Homo_sapiens,same-order,6,1,663,25,638,37,37,1,16474,71.5695952615992,0.9428549571603427,0.7789786373404121,0.8531182944555963,12325,3497,747
Saimiri_sciureus,Homo_sapiens,same-order,6,2,663,11,652,37,37,1,16474,71.38377562278613,0.9427147239263803,0.7769561370243964,0.8518467188691012,12293,3529,747
Saimiri_sciureus,Homo_sapiens,same-order,7,0,774,25,749,37,37,1,16474,71.58120898902503,0.94286369894447,0.7791050436101631,0.8531976744186047,12327,3495,747
Saimiri_sciureus,Homo_sapiens,same-order,7,1,774,21,753,37,37,1,16474,71.5637883978863,0.9428505852650907,0.7789154342055365,0.8530786003530267,12324,3498,747
Saimiri_sciureus,Homo_sapiens,same-order,7,2,774,13,761,37,37,1,16474,71.49825783972125,0.9428702710981773,0.7781078177336789,0.8526020567154877,12312,3511,746
Saimiri_sciureus,Gorilla_gorilla,same-order,1,1,110,1,109,37,37,1,16474,74.19702780441035,0.9830104795173071,0.766687306501548,0.8614763793223406,12382,3768,214
Saimiri_sciureus,Gorilla_gorilla,same-order,1,0,110,4,106,37,37,1,16474,74.40062335171422,0.983363701180385,0.7684164912715117,0.8627028529728602,12413,3741,210
Saimiri_sciureus,Homo_sapiens,same-order,8,1,884,19,865,37,37,1,16474,71.4924506387921,0.9428658956881366,0.7780446185931872,0.8525623268698062,12311,3512,746
Saimiri_sciureus,Homo_sapiens,same-order,8,0,884,19,865,37,37,1,16474,71.59117305458768,0.9429401866299526,0.7791190039815459,0.8532373602796139,12328,3495,746
Saimiri_sciureus,Homo_sapiens,same-order,8,2,884,7,877,37,37,1,16474,71.4924506387921,0.9428658956881366,0.7780446185931872,0.8525623268698062,12311,3512,746
Saimiri_sciureus,Gorilla_gorilla,same-order,1,2,110,3,107,37,37,1,16474,74.44271332694152,0.9830656010128986,0.7692260061919505,0.8630979261472191,12423,3727,214
Saimiri_sciureus,Gorilla_gorilla,same-order,3,0,328,14,314,37,37,2,14100,65.79650315687226,0.8204390613171839,0.7745854774156661,0.7968531725608411,10838,3154,2372
Saimiri_sciureus,Gorilla_gorilla,same-order,2,0,219,3,216,37,37,1,16474,74.38279002876318,0.9830521897521185,0.7686068111455109,0.8627028529728603,12413,3737,214
Saimiri_sciureus,Gorilla_gorilla,same-order,2,2,219,5,214,37,37,1,16474,74.57454458293384,0.9830950312030966,0.7705882352941177,0.8639661216980806,12445,3705,214
Saimiri_sciureus,Gorilla_gorilla,same-order,2,1,219,3,216,37,37,1,16474,74.48453608247422,0.9833821318350875,0.7692831496842887,0.8632558785731652,12427,3727,210
Saimiri_sciureus,Gorilla_gorilla,same-order,3,1,328,7,321,37,37,1,16474,74.58500629232337,0.9831740263843906,0.7706024394774318,0.8640055536272129,12446,3705,213
Saimiri_sciureus,Gorilla_gorilla,same-order,3,2,328,16,312,37,37,1,16474,74.7407540610202,0.9835147499605617,0.771835345094398,0.8649117330836195,12469,3686,209
Saimiri_sciureus,Gorilla_gorilla,same-order,4,0,437,12,425,37,37,1,16474,74.74529545726956,0.9832860296436455,0.7721644378405151,0.865029823831322,12472,3680,212
Saimiri_sciureus,Gorilla_gorilla,same-order,4,1,437,12,425,37,37,1,16474,74.62087154588504,0.9834887027966503,0.7705973382853606,0.8641238329920522,12449,3706,209
Saimiri_sciureus,Gorilla_gorilla,same-order,4,2,437,14,423,37,37,1,16474,74.770724689804,0.9835212489158717,0.7721448467966574,0.8651085373465566,12474,3681,209
Saimiri_sciureus,Gorilla_gorilla,same-order,5,0,546,17,529,37,37,1,16474,74.67937192856287,0.98327152213367,0.7714834076275384,0.8645967042497832,12461,3691,212
Saimiri_sciureus,Gorilla_gorilla,same-order,5,1,546,8,538,37,37,1,16474,74.56844881323424,0.9834005216978895,0.7701498080970658,0.8638083666030203,12441,3713,210
Saimiri_sciureus,Gorilla_gorilla,same-order,5,2,546,8,538,37,37,1,16474,74.68688200395518,0.9831965919848533,0.7716550058819888,0.8646754778506262,12463,3688,213
Saimiri_sciureus,Gorilla_gorilla,same-order,6,0,655,18,637,37,37,1,16474,74.76629913710451,0.9831376566070443,0.7725696594427245,0.8652265871502375,12477,3673,214
Saimiri_sciureus,Gorilla_gorilla,same-order,6,1,655,13,642,37,37,2,14100,65.77829043224867,0.8203982736427652,0.77437106918239,0.7967204676642524,10835,3157,2372
Saimiri_sciureus,Gorilla_gorilla,same-order,7,0,764,18,746,37,37,2,14100,65.92192338048692,0.8207725451659234,0.7759594082755663,0.7977371243846889,10858,3135,2371
Saimiri_sciureus,Gorilla_gorilla,same-order,6,2,655,19,636,37,37,1,16474,74.79470119283103,0.9835264443918972,0.7723924481584649,0.8652659316274877,12478,3677,209
Saimiri_sciureus,Gorilla_gorilla,same-order,7,2,764,14,750,37,37,1,16474,74.84864832464186,0.9835381222432262,0.7729495512225317,0.8656199091885897,12487,3668,209
Saimiri_sciureus,Gorilla_gorilla,same-order,7,1,764,18,746,37,37,1,16474,74.87711305598849,0.9836207575399638,0.773149294379797,0.865777161670421,12491,3665,208
Saimiri_sciureus,Gorilla_gorilla,same-order,8,0,873,32,841,37,37,2,14100,66.0047367462197,0.82116953762466,0.776523540758734,0.7982227444644365,10869,3128,2367
Saimiri_sciureus,Gorilla_gorilla,same-order,8,1,873,26,847,37,37,1,16474,74.93106342165208,0.9836323575700346,0.773706362961129,0.866130820399113,12500,3656,208
Saimiri_sciureus,Gorilla_gorilla,same-order,8,2,873,23,850,37,37,2,14100,65.92992895743518,0.8208966507900507,0.7758485173276171,0.7977371243846889,10858,3137,2369
Saimiri_sciureus,Saimiri_boliviensis,same-genus,1,0,110,110,0,37,37,1,16474,99.96357897292704,1.0,0.9998178616963147,0.9999089225538116,16468,3,0
Saimiri_sciureus,Saimiri_boliviensis,same-genus,1,2,110,110,0,37,37,1,16474,99.93323216995448,0.9999392651078044,0.9996357012750455,0.9997874601487778,16464,6,1
Saimiri_sciureus,Saimiri_boliviensis,same-genus,1,1,110,110,0,37,37,1,16474,99.92716236722306,0.9999392614188533,0.9995749848208865,0.9997570899374507,16463,7,1
Saimiri_sciureus,Saimiri_boliviensis,same-genus,2,0,220,220,0,37,37,1,16474,99.9575088017482,1.0,0.9997571489284196,0.9998785597182586,16467,4,0
Saimiri_sciureus,Saimiri_boliviensis,same-genus,2,1,220,220,0,37,37,1,16474,99.96965098634294,0.9999392872321049,1.0,0.9999696426945144,16470,0,1
Saimiri_sciureus,Saimiri_boliviensis,same-genus,3,0,330,330,0,37,37,1,16474,99.95143863056938,1.0,0.9996964361605245,0.9998481950390139,16466,5,0
Saimiri_sciureus,Saimiri_boliviensis,same-genus,2,2,220,220,0,37,37,1,16474,99.9575088017482,1.0,0.9997571489284196,0.9998785597182586,16467,4,0
Saimiri_sciureus,Saimiri_boliviensis,same-genus,3,1,330,330,0,37,37,1,16474,99.98178948646351,1.0,1.0,1.0,16471,0,0
Saimiri_sciureus,Saimiri_boliviensis,same-genus,3,2,330,330,0,37,37,1,16474,99.96357897292704,1.0,0.9998178616963147,0.9999089225538116,16468,3,0
Saimiri_sciureus,Saimiri_boliviensis,same-genus,4,0,440,440,0,37,37,1,16474,99.98178948646351,1.0,1.0,1.0,16471,0,0
Saimiri_sciureus,Saimiri_boliviensis,same-genus,4,2,440,440,0,37,37,1,16474,99.96965098634294,0.9999392872321049,1.0,0.9999696426945144,16470,0,1
Saimiri_sciureus,Saimiri_boliviensis,same-genus,4,1,440,440,0,37,37,1,16474,99.96965098634294,0.9999392872321049,1.0,0.9999696426945144,16470,0,1
Saimiri_sciureus,Saimiri_boliviensis,same-genus,5,0,550,550,0,37,37,1,16474,99.96965098634294,0.9999392872321049,1.0,0.9999696426945144,16470,0,1
Saimiri_sciureus,Saimiri_boliviensis,same-genus,5,1,550,550,0,37,37,1,16474,99.98178948646351,1.0,1.0,1.0,16471,0,0
Saimiri_sciureus,Saimiri_boliviensis,same-genus,6,0,659,659,0,37,37,1,16474,99.98178948646351,1.0,1.0,1.0,16471,0,0
Saimiri_sciureus,Saimiri_boliviensis,same-genus,5,2,550,550,0,37,37,1,16474,99.98178948646351,1.0,1.0,1.0,16471,0,0
Saimiri_sciureus,Saimiri_boliviensis,same-genus,6,1,659,659,0,37,37,1,16474,99.98178948646351,1.0,1.0,1.0,16471,0,0
Saimiri_sciureus,Saimiri_boliviensis,same-genus,6,2,659,659,0,37,37,1,16474,99.98178948646351,1.0,1.0,1.0,16471,0,0
Saimiri_sciureus,Aotus_azarai,same-order,1,1,111,15,96,37,37,2,16350,83.19763584826006,0.9835305860544703,0.8450747365841705,0.9090609555189457,13795,2529,231
Saimiri_sciureus,Saimiri_boliviensis,same-genus,7,1,769,769,0,37,37,1,16474,99.98178948646351,1.0,1.0,1.0,16471,0,0
Saimiri_sciureus,Aotus_azarai,same-order,1,0,111,23,88,37,37,1,16474,84.07846440820747,0.9897294234310808,0.8514929920780012,0.9154219077568134,13973,2437,145
Saimiri_sciureus,Saimiri_boliviensis,same-genus,7,0,769,769,0,37,37,1,16474,99.98178948646351,1.0,1.0,1.0,16471,0,0
Saimiri_sciureus,Saimiri_boliviensis,same-genus,7,2,769,769,0,37,37,1,16474,99.96965098634294,0.9999392872321049,1.0,0.9999696426945144,16470,0,1
Saimiri_sciureus,Aotus_azarai,same-order,1,2,111,9,102,37,37,1,16474,83.25010528849046,0.9894879862700229,0.8433081423695759,0.9105685706764939,13837,2571,147
Saimiri_sciureus,Saimiri_boliviensis,same-genus,8,0,879,879,0,37,37,1,16474,99.98178948646351,1.0,1.0,1.0,16471,0,0
Saimiri_sciureus,Saimiri_boliviensis,same-genus,8,1,879,879,0,37,37,1,16474,99.98178948646351,1.0,1.0,1.0,16471,0,0
Saimiri_sciureus,Saimiri_boliviensis,same-genus,8,2,879,879,0,37,37,1,16474,99.98178948646351,1.0,1.0,1.0,16471,0,0
Saimiri_sciureus,Aotus_azarai,same-order,2,1,221,36,185,37,37,1,16474,84.26499789397677,0.9897519259311612,0.853382084095064,0.9165221375044995,14004,2406,145
Saimiri_sciureus,Aotus_azarai,same-order,2,0,221,30,191,37,37,1,16474,84.17092988263617,0.9900184057765822,0.8520165712196905,0.9158480681074002,13985,2429,141
Saimiri_sciureus,Aotus_azarai,same-order,2,2,221,35,186,37,37,1,16474,84.54315637414228,0.9901311151839842,0.8556807797745964,0.9180092153851181,14046,2369,140
Saimiri_sciureus,Aotus_azarai,same-order,4,0,442,76,366,37,37,2,11850,62.65016601267733,0.6876035248128272,0.8765202702702702,0.7706531021423532,10378,1462,4715
Saimiri_sciureus,Aotus_azarai,same-order,3,2,332,59,273,37,37,2,11850,62.34228795653486,0.6865443425076453,0.8722128378378379,0.7683208094635816,10327,1513,4715
Saimiri_sciureus,Aotus_azarai,same-order,3,1,332,50,282,37,37,2,11850,62.25777241171144,0.686252328985893,0.8710304054054054,0.7676790233735299,10313,1527,4715
Saimiri_sciureus,Aotus_azarai,same-order,3,0,332,60,272,37,37,2,16350,84.97074965321754,0.9838687150837989,0.8630850281793678,0.9195274768307011,14089,2235,231
Saimiri_sciureus,Aotus_azarai,same-order,4,1,442,74,368,37,37,3,11850,62.54753999396318,0.6872512602812417,0.8750844594594595,0.7698766532917224,10361,1479,4715
Saimiri_sciureus,Aotus_azarai,same-order,5,0,552,83,469,37,37,1,16474,85.13302034428796,0.990198823858863,0.8616509290283277,0.921463239844946,14144,2271,140
Saimiri_sciureus,Aotus_azarai,same-order,4,2,442,86,356,37,37,1,16474,85.01714904627234,0.9898416701695391,0.8609993906154784,0.9209359926997784,14129,2281,145
Saimiri_sciureus,Aotus_azarai,same-order,5,1,552,81,471,37,37,1,16474,85.27943211213379,0.9895986038394415,0.8640741192246739,0.922586313494517,14176,2230,149
Saimiri_sciureus,Aotus_azarai,same-order,5,2,552,104,448,37,37,3,11850,62.87956534862662,0.6883880774568766,0.8797297297297297,0.7723851544251232,10416,1424,4715
Saimiri_sciureus,Aotus_azarai,same-order,6,0,663,87,576,37,37,2,16350,84.84227034199891,0.9839804127317244,0.8615705010412839,0.9187159139152871,14066,2260,229
Saimiri_sciureus,Aotus_azarai,same-order,6,1,663,109,554,37,37,1,16474,85.35660547697863,0.9901556936396007,0.8640185207749482,0.9227966294693692,14182,2232,141
Saimiri_sciureus,Aotus_azarai,same-order,7,0,773,128,645,37,37,2,11850,62.988228191971025,0.6887583338834247,0.88125,0.7732038978843233,10434,1406,4715
Saimiri_sciureus,Aotus_azarai,same-order,6,2,663,110,553,37,37,1,16474,85.48814253039605,0.9902391410444119,0.8652452025586354,0.9235320892125626,14203,2212,140
Saimiri_sciureus,Aotus_azarai,same-order,8,0,883,145,738,37,37,2,16350,85.43941130345618,0.984090593302765,0.8676344481195639,0.9222005208333334,14165,2161,229
Saimiri_sciureus,Aotus_azarai,same-order,7,2,773,116,657,37,37,3,11850,62.97615454271053,0.6887172377368456,0.8810810810810811,0.7731129803238596,10432,1408,4715
Saimiri_sciureus,Varecia_variegata,same-order,1,0,114,2,112,37,37,1,16474,70.88497625390941,0.9392218555751669,0.7567550856365548,0.8381728530338309,12239,3934,792
Saimiri_sciureus,Aotus_azarai,same-order,7,1,773,139,634,37,37,3,11850,62.9580440688198,0.6886555731642895,0.8808277027027027,0.7729765787133116,10429,1411,4715
Saimiri_sciureus,Varecia_variegata,same-order,1,1,114,1,113,37,37,1,16474,70.82464674542507,0.9390356265356266,0.7562921278832478,0.8378146942969688,12230,3941,794
Saimiri_sciureus,Aotus_azarai,same-order,8,1,883,149,734,37,37,3,11850,63.030485964382734,0.6889020849828451,0.8818412162162163,0.7735220032597422,10441,1399,4715
Saimiri_sciureus,Varecia_variegata,same-order,2,2,227,4,223,37,37,1,16474,71.05217441658463,0.939150401836969,0.7588126159554731,0.8394048229861467,12270,3900,795
Saimiri_sciureus,Varecia_variegata,same-order,1,2,114,1,113,37,37,1,16474,70.76023391812865,0.9387770778921494,0.7558758040573973,0.8374563146714177,12221,3947,797
Saimiri_sciureus,Aotus_azarai,same-order,8,2,883,140,743,37,37,1,16474,85.55435175153485,0.9902466211508987,0.8659153213524216,0.9239169293769702,14214,2201,140
Saimiri_sciureus,Varecia_variegata,same-order,2,0,227,2,225,37,37,1,16474,71.03556121857987,0.9393428812131424,0.7583627032708836,0.8392062949024973,12265,3908,792
Saimiri_sciureus,Varecia_variegata,same-order,2,1,227,4,223,37,37,1,16474,70.94625897614084,0.9391337677270986,0.7575907488714365,0.8386500547645126,12251,3920,794
Saimiri_sciureus,Varecia_variegata,same-order,3,0,340,4,336,37,37,1,16474,71.07610332445269,0.9393753827311696,0.7587955234032029,0.8394842152067585,12272,3901,792
Saimiri_sciureus,Varecia_variegata,same-order,3,1,340,3,337,37,37,1,16474,70.90814317155103,0.9392405063291139,0.7570024114264515,0.8383319638455218,12243,3930,792
Saimiri_sciureus,Varecia_variegata,same-order,3,2,340,4,336,37,37,1,16474,70.99501911270706,0.9393103448275862,0.7579298831385642,0.8389282414536495,12258,3915,792
Saimiri_sciureus,Varecia_variegata,same-order,4,0,453,6,447,37,37,1,16474,71.06451986563188,0.9393661001378043,0.7586718605082545,0.8394048229861467,12270,3903,792
Saimiri_sciureus,Varecia_variegata,same-order,4,1,453,6,447,37,37,1,16474,71.15718753619831,0.9394402813885915,0.7596611636678414,0.8400396567638714,12286,3887,792
Saimiri_sciureus,Varecia_variegata,same-order,4,2,453,4,449,37,37,1,16474,71.04714467740067,0.9393521709166093,0.758486366165832,0.8392857142857143,12267,3906,792
Saimiri_sciureus,Varecia_variegata,same-order,5,0,566,6,560,37,37,1,16474,71.1224371597359,0.9394124847001224,0.7592901749829963,0.8398016755000856,12280,3893,792
Saimiri_sciureus,Varecia_variegata,same-order,5,2,566,12,554,37,37,1,16474,71.09347851268389,0.9393893012933343,0.7589810177456254,0.8396032831737344,12275,3898,792
Saimiri_sciureus,Varecia_variegata,same-order,5,1,566,9,557,37,37,1,16474,71.09347851268389,0.9393893012933343,0.7589810177456254,0.8396032831737344,12275,3898,792
Saimiri_sciureus,Varecia_variegata,same-order,7,0,792,4,788,37,37,1,16474,71.07031159504228,0.939370741789788,0.7587336919557287,0.8394445204542346,12271,3902,792
Saimiri_sciureus,Varecia_variegata,same-order,6,0,679,6,673,37,37,1,16474,71.05872813622148,0.9393614577750555,0.7586100290607803,0.8393651228022166,12269,3904,792
Saimiri_sciureus,Varecia_variegata,same-order,6,1,679,6,673,37,37,1,16474,71.07610332445269,0.9393753827311696,0.7587955234032029,0.8394842152067585,12272,3901,792
Saimiri_sciureus,Varecia_variegata,same-order,6,2,679,11,668,37,37,1,16474,71.13981234796711,0.9394263862332696,0.7594756693254189,0.8399206783369804,12283,3890,792
Saimiri_sciureus,Varecia_variegata,same-order,7,1,792,12,780,37,37,1,16474,71.1224371597359,0.9394124847001224,0.7592901749829963,0.8398016755000856,12280,3893,792
Saimiri_sciureus,Varecia_variegata,same-order,7,2,792,19,773,37,37,1,16474,71.16877099501912,0.9394495412844037,0.7597848265627898,0.8401189621577273,12288,3885,792
Saimiri_sciureus,Varecia_variegata,same-order,8,0,905,10,895,37,37,1,16474,71.13981234796711,0.9394263862332696,0.7594756693254189,0.8399206783369804,12283,3890,792
Aotus_azarai,Homo_sapiens,same-order,1,0,111,6,105,37,37,1,16555,71.4260919872722,0.9441725298256347,0.7794684007828777,0.8539512363825004,12346,3493,730
Aotus_azarai,Homo_sapiens,same-order,1,1,111,7,104,37,37,1,16555,71.34343901874566,0.9441807044410413,0.7784722222222222,0.8533564013840831,12331,3509,729
Saimiri_sciureus,Varecia_variegata,same-order,8,1,905,18,887,37,37,1,16474,71.1456040773775,0.9394310186601407,0.7595375007728931,0.8399603405244623,12284,3889,792
Aotus_azarai,Homo_sapiens,same-order,1,2,111,6,105,37,37,1,16555,71.24920442052884,0.944180340438583,0.7773499147781074,0.8526815081535852,12314,3527,728
Saimiri_sciureus,Varecia_variegata,same-order,8,2,905,13,892,37,37,1,16474,71.15718753619831,0.9394402813885915,0.7596611636678414,0.8400396567638714,12286,3887,792
Aotus_azarai,Homo_sapiens,same-order,2,2,221,6,215,37,37,1,16555,71.43766271333526,0.9441810674415048,0.779594671380769,0.8540305010893245,12348,3491,730
Aotus_azarai,Homo_sapiens,same-order,3,0,332,16,316,37,37,1,16555,71.74101718451658,0.9445417841090882,0.7827157376428255,0.8560480530240265,12399,3442,728
Aotus_azarai,Homo_sapiens,same-order,2,1,221,12,209,37,37,1,16555,71.60379541772738,0.9443723769553606,0.7813131313131313,0.8551390568319227,12376,3464,729
Aotus_azarai,Homo_sapiens,same-order,3,1,332,13,319,37,37,1,16555,71.68479518629947,0.9444317402241025,0.7821969696969697,0.8556925308194344,12390,3450,729
Aotus_azarai,Homo_sapiens,same-order,2,0,221,11,210,37,37,1,16555,71.90302609500665,0.9446598251615356,0.7844833028217916,0.8571527107187198,12427,3414,728
Aotus_azarai,Homo_sapiens,same-order,3,2,332,15,317,37,37,1,16555,71.67900948854432,0.9444275041927123,0.7821338383838384,0.8556530147109608,12389,3451,729
Aotus_azarai,Homo_sapiens,same-order,4,0,442,21,421,37,37,1,16555,71.93936588752604,0.9446174884144952,0.7849747474747475,0.8574285418749785,12434,3406,729
Aotus_azarai,Homo_sapiens,same-order,4,1,442,25,417,37,37,1,16555,71.97662307603287,0.944782014279204,0.7851912637293271,0.8576254826254827,12439,3403,727
Aotus_azarai,Homo_sapiens,same-order,4,2,442,15,427,37,37,1,16555,71.82365193242305,0.9445332115955262,0.7837121212121212,0.8566400993685954,12414,3426,729
Aotus_azarai,Homo_sapiens,same-order,5,0,553,22,531,37,37,1,16555,71.81460479111215,0.9446643324706957,0.7834238101249842,0.8565217391304347,12411,3431,727
Aotus_azarai,Homo_sapiens,same-order,5,2,553,19,534,37,37,1,16555,71.75422355936126,0.9444825222755312,0.7829545454545455,0.8561665113389251,12402,3438,729
Aotus_azarai,Homo_sapiens,same-order,5,1,553,21,532,37,37,1,16555,71.81371131038473,0.9444571254660276,0.7836984658122356,0.8566006486784902,12413,3426,730
Aotus_azarai,Homo_sapiens,same-order,6,1,663,34,629,37,37,1,16555,72.03448674921884,0.9448239222829387,0.7858224971594495,0.8580191605210559,12449,3393,727
Aotus_azarai,Homo_sapiens,same-order,6,0,663,40,623,37,37,1,16555,72.10553723311925,0.9448066717210007,0.786692759295499,0.8585305363232407,12462,3379,728
Aotus_azarai,Gorilla_gorilla,same-order,1,0,110,7,103,37,37,1,16555,75.15375888218786,0.984974174362185,0.7782587187731882,0.8694991364421416,12586,3586,192
Aotus_azarai,Homo_sapiens,same-order,6,2,663,27,636,37,37,1,16555,71.91875940284689,0.9447400425661295,0.7845600302992046,0.8572315332091869,12429,3413,727
Aotus_azarai,Homo_sapiens,same-order,7,0,774,43,731,37,37,1,16555,72.20807776877676,0.9449492654853854,0.7877161974498169,0.8591985678876342,12479,3363,727
Aotus_azarai,Homo_sapiens,same-order,7,2,774,35,739,37,37,1,16555,72.05507984262903,0.9447015095198361,0.7862373737373738,0.8582158977362782,12454,3386,729
Aotus_azarai,Homo_sapiens,same-order,8,1,884,39,845,37,37,1,16555,72.00555491262585,0.9448029762356692,0.7855068804443883,0.8578223554958121,12444,3398,727
Aotus_azarai,Homo_sapiens,same-order,7,1,774,39,735,37,37,1,16555,72.14860251142873,0.944974988631196,0.78697216436281,0.858766401487757,12468,3375,726
Aotus_azarai,Homo_sapiens,same-order,8,2,884,30,854,37,37,1,16555,72.05022857473526,0.9449039993928815,0.7858991352647857,0.8580978635423847,12451,3392,726
Aotus_azarai,Homo_sapiens,same-order,8,0,884,36,848,37,37,1,16555,72.09975120060174,0.944802486920919,0.7866296319676788,0.8584912159834653,12461,3380,728
Aotus_azarai,Gorilla_gorilla,same-order,1,1,110,1,109,37,37,1,16555,74.6089552238806,0.9846359911755437,0.7728987568804503,0.866012958663941,12497,3672,195
Aotus_azarai,Gorilla_gorilla,same-order,1,2,110,3,107,37,37,1,16555,74.81194029850747,0.9846770391324847,0.7750015461685942,0.8673472919190172,12531,3638,195
Aotus_azarai,Gorilla_gorilla,same-order,2,0,219,6,213,37,37,1,16555,74.92685257060967,0.9849293563579278,0.7759089784813258,0.8680132816823465,12548,3624,192
Aotus_azarai,Gorilla_gorilla,same-order,2,2,219,6,213,37,37,1,16555,75.02537464923279,0.9847962382445141,0.7771181199752628,0.8687175941928794,12566,3604,194
Aotus_azarai,Gorilla_gorilla,same-order,2,1,219,6,213,37,37,1,16555,75.09255941717426,0.9850383832053893,0.7775304519878811,0.8690694218874182,12575,3598,191
Aotus_azarai,Gorilla_gorilla,same-order,3,0,328,10,318,37,37,1,16555,75.32545085393527,0.9850839515814135,0.7799418784393742,0.8705914831941473,12614,3559,191
Aotus_azarai,Gorilla_gorilla,same-order,3,1,328,10,318,37,37,1,16555,75.19703845235252,0.9849065457104872,0.7788015583451858,0.8698114510670627,12594,3577,193
Aotus_azarai,Gorilla_gorilla,same-order,3,2,328,16,312,37,37,1,16555,75.38966855777844,0.9851724676135477,0.7805119327315444,0.8709810956257762,12624,3550,190
Aotus_azarai,Gorilla_gorilla,same-order,4,0,437,18,419,37,37,1,16555,75.47327560465811,0.9851886498285002,0.7813775194757018,0.8715261016481622,12638,3536,190
Aotus_azarai,Gorilla_gorilla,same-order,4,2,437,21,416,37,37,1,16555,75.47485366145024,0.9854168291351478,0.7811089818878655,0.871448275862069,12636,3541,187
Aotus_azarai,Gorilla_gorilla,same-order,4,1,437,18,419,37,37,1,16555,75.48229110673117,0.985342273506939,0.7812809099901088,0.8715261016481622,12638,3538,188
Aotus_azarai,Gorilla_gorilla,same-order,5,1,546,17,529,37,37,1,16555,75.43147208121827,0.9851805631386007,0.7809447261036231,0.8712536644249008,12631,3543,190
Aotus_azarai,Gorilla_gorilla,same-order,5,2,546,18,528,37,37,1,16555,75.5226376776968,0.9854259215961344,0.7816035111578167,0.8717595146166575,12644,3533,187
Aotus_azarai,Gorilla_gorilla,same-order,5,0,546,16,530,37,37,1,16555,75.1179315698334,0.9849671155652991,0.7778877071481574,0.869264787175235,12580,3592,192
Aotus_azarai,Gorilla_gorilla,same-order,6,0,655,25,630,37,37,1,16555,75.53445598949003,0.9851246105919003,0.7821059791009708,0.8719539516768345,12649,3524,191
Aotus_azarai,Gorilla_gorilla,same-order,6,1,655,16,639,37,37,1,16555,75.39857884994328,0.9850222326234496,0.7807939648775661,0.8710979269428444,12627,3545,192
Aotus_azarai,Gorilla_gorilla,same-order,6,2,655,27,628,37,37,1,16555,75.56139512661252,0.9852815201308309,0.7821947449768161,0.8720705817480011,12652,3523,189
Aotus_azarai,Gorilla_gorilla,same-order,7,0,764,23,741,37,37,1,16555,75.4897276636407,0.9852677527476811,0.7814528593508501,0.8716039167011447,12640,3535,189
Aotus_azarai,Gorilla_gorilla,same-order,7,1,764,24,740,37,37,1,16555,75.50020904258496,0.9853457011458414,0.7814663699307616,0.8716428202034131,12641,3535,188
Aotus_azarai,Gorilla_gorilla,same-order,7,2,764,17,747,37,37,1,16555,75.32700232933166,0.9853125,0.7796735905044511,0.8705135284373275,12612,3564,188
Aotus_azarai,Saimiri_boliviensis,same-order,1,2,110,27,83,37,37,2,9805,48.23182119404783,0.5409459459459459,0.8273225173090833,0.6541651346161703,8006,1671,6794
Aotus_azarai,Gorilla_gorilla,same-order,8,0,873,38,835,37,37,1,16555,75.61820571018994,0.9854440725461198,0.782592569697719,0.8723814773980154,12660,3517,187
Aotus_azarai,Saimiri_boliviensis,same-order,1,1,110,14,96,37,37,1,16555,83.52990732940185,0.9954819277108434,0.8459897610921502,0.9146678966789668,13881,2527,63
Aotus_azarai,Saimiri_boliviensis,same-order,1,0,110,14,96,37,37,1,16555,83.43561973525873,0.9953344817685903,0.8452395465073753,0.9141670512228888,13867,2539,65
Aotus_azarai,Gorilla_gorilla,same-order,8,1,873,29,844,37,37,1,16555,75.53750597228859,0.9852769338630522,0.7819474497681608,0.8719150696263616,12648,3527,189
Aotus_azarai,Saimiri_boliviensis,same-order,2,0,220,37,183,37,37,1,16555,84.32045263031179,0.995806084731305,0.8535827443334145,0.9192257217847768,14009,2403,59
Aotus_azarai,Saimiri_boliviensis,same-order,2,1,220,30,190,37,37,1,16555,84.18993740972556,0.9956583629893239,0.8524680073126143,0.918516086671044,13989,2421,61
Aotus_azarai,Gorilla_gorilla,same-order,8,2,873,23,850,37,37,1,16555,75.52556139512662,0.9852746396571874,0.7818238021638331,0.8718372974836264,12646,3529,189
Aotus_azarai,Saimiri_boliviensis,same-order,2,2,220,44,176,37,37,2,9805,48.62307924073516,0.5430378894945824,0.833488276004545,0.6576202118989406,8069,1612,6790
Aotus_azarai,Saimiri_boliviensis,same-order,3,0,330,47,283,37,37,1,16555,84.45795461385661,0.9958833132230819,0.8548711387314933,0.9200052455576684,14031,2382,58
Aotus_azarai,Saimiri_boliviensis,same-order,3,1,330,50,280,37,37,1,16555,84.72280743995665,0.9958961296256987,0.8575519405349418,0.9215609245073003,14075,2338,58
Aotus_azarai,Saimiri_boliviensis,same-order,3,2,330,59,271,37,37,2,9805,48.842955285042784,0.5441788639720693,0.8371204296632927,0.6595865885416666,8105,1577,6789
Aotus_azarai,Saimiri_boliviensis,same-order,4,1,440,65,375,37,37,2,9805,48.66216704833072,0.5432588805166846,0.8340218963024169,0.6579483418886988,8075,1607,6789
Aotus_azarai,Saimiri_boliviensis,same-order,4,0,440,64,376,37,37,1,16555,85.05567258501354,0.9957722660653889,0.8611297300591066,0.9235695846812405,14132,2279,60
Aotus_azarai,Saimiri_boliviensis,same-order,4,2,440,65,375,37,37,2,9805,48.761973612868246,0.5436593229446535,0.8364162447039372,0.6589863627111746,8094,1583,6794
Aotus_azarai,Saimiri_boliviensis,same-order,5,0,550,97,453,37,37,2,9805,48.78871881402917,0.5439032583137386,0.83619086965503,0.6590955346603167,8096,1586,6789
Aotus_azarai,Saimiri_boliviensis,same-order,5,1,550,94,456,37,37,2,9805,48.951428227070025,0.5447290772532188,0.8389795496798182,0.6605676181182402,8123,1559,6789
Aotus_azarai,Saimiri_boliviensis,same-order,6,0,659,93,566,37,37,2,9805,48.90027116601386,0.5444481717544448,0.8382398512550356,0.6601317823151387,8115,1566,6790
Aotus_azarai,Saimiri_boliviensis,same-order,5,2,550,93,457,37,37,1,16555,85.12008667910672,0.9959152052961476,0.8615731432401146,0.9238860577551288,14141,2272,58
Aotus_azarai,Saimiri_boliviensis,same-order,6,1,659,103,556,37,37,2,9805,48.88165430759028,0.5445265278710544,0.8368252657653008,0.6597501932544041,8108,1581,6782
Aotus_azarai,Saimiri_boliviensis,same-order,6,2,659,110,549,37,37,2,9805,48.92437481169027,0.544570393721913,0.8386530317116,0.6603497356649044,8119,1562,6790
Aotus_azarai,Saimiri_boliviensis,same-order,7,0,769,109,660,37,37,2,9805,48.99963842352658,0.5449731903485254,0.8398058252427184,0.6610031704739452,8131,1551,6789
Aotus_azarai,Saimiri_boliviensis,same-order,7,1,769,136,633,37,37,2,9805,49.01771724719778,0.5450646652817798,0.840115678578806,0.6611664295874822,8134,1548,6789
Aotus_azarai,Saimiri_boliviensis,same-order,7,2,769,125,644,37,37,2,9805,48.981559599855366,0.5448816786217068,0.8394959719066308,0.6608398715394934,8128,1554,6789
Aotus_azarai,Saimiri_boliviensis,same-order,8,0,879,147,732,37,37,2,9805,48.951428227070025,0.5447290772532188,0.8389795496798182,0.6605676181182402,8123,1559,6789
Aotus_azarai,Saimiri_boliviensis,same-order,8,1,879,153,726,37,37,2,9805,48.870141608918345,0.5442953020134228,0.8377233756843301,0.6598592408771001,8110,1571,6790
Aotus_azarai,Saimiri_sciureus,same-order,1,0,110,19,91,37,37,1,16555,83.36341756919374,0.9953304597701149,0.844353708330794,0.9136470045171289,13855,2554,65
Aotus_azarai,Saimiri_sciureus,same-order,1,1,110,17,93,37,37,1,16555,83.6512425537036,0.9954174423600172,0.8471663619744059,0.915327890439821,13902,2508,64
Aotus_azarai,Saimiri_sciureus,same-order,1,2,110,15,95,37,37,1,16555,83.29622720982009,0.9953980010066873,0.8435709932967702,0.9132170069597916,13843,2567,64
Aotus_azarai,Saimiri_sciureus,same-order,2,1,220,37,183,37,37,2,9805,48.58743449189808,0.5427264163638811,0.8334366604670387,0.6573757131214344,8066,1612,6796
Aotus_azarai,Saimiri_boliviensis,same-order,8,2,879,131,748,37,37,2,9805,49.08663411105082,0.5455641919056553,0.8403343998348642,0.6616015926542884,8142,1547,6782
Aotus_azarai,Saimiri_sciureus,same-order,3,0,330,55,275,37,37,2,9805,48.867196914919255,0.5442587745788873,0.8375503459671589,0.6597787178652782,8110,1573,6791
Aotus_azarai,Saimiri_sciureus,same-order,3,1,330,71,259,37,37,2,9805,48.879248011569054,0.5443199355834396,0.837756893524734,0.6598877409908077,8112,1571,6791
Aotus_azarai,Saimiri_sciureus,same-order,2,0,220,48,172,37,37,1,16555,84.55475330926595,0.9953959484346224,0.8564202571759401,0.9206931568775183,14053,2356,65
Aotus_azarai,Saimiri_sciureus,same-order,2,2,220,43,177,37,37,1,16555,84.6042732470659,0.9957498051994049,0.8564030705495309,0.9208345615931349,14057,2357,60
Aotus_azarai,Saimiri_sciureus,same-order,3,2,330,50,280,37,37,1,16555,84.67513699042573,0.9963157148930141,0.856290342223846,0.9210112653916689,14062,2360,52
Aotus_azarai,Saimiri_sciureus,same-order,4,0,440,75,365,37,37,1,16555,85.01956063797773,0.9957704779359933,0.8606067990739612,0.9232679738562092,14126,2288,60
Aotus_azarai,Saimiri_sciureus,same-order,4,1,440,79,361,37,37,2,9805,48.960154319127135,0.5448812558701194,0.8381836945304437,0.6604325906651487,8122,1568,6784
Aotus_azarai,Saimiri_sciureus,same-order,4,2,440,82,358,37,37,2,9805,48.791950352473336,0.5438549361987911,0.836397438545755,0.6591242064138043,8098,1584,6792
Aotus_azarai,Saimiri_sciureus,same-order,5,1,550,90,460,37,37,2,9805,48.873222463244154,0.5442893571332708,0.8376536197459465,0.6598332316453123,8111,1572,6791
Aotus_azarai,Saimiri_sciureus,same-order,5,2,550,92,458,37,37,2,9805,48.88527355989395,0.54435050993022,0.8378601673035216,0.659942245902306,8113,1570,6791
Aotus_azarai,Saimiri_sciureus,same-order,6,0,659,99,560,37,37,2,9805,49.12629549288985,0.5455701284796574,0.8419911184550243,0.6621188126852641,8153,1530,6791
Aotus_azarai,Saimiri_sciureus,same-order,5,0,550,110,440,37,37,1,16555,85.1387968928765,0.9963357057289831,0.860979174278407,0.9237252147780354,14139,2283,52
Aotus_azarai,Saimiri_sciureus,same-order,7,0,769,138,631,37,37,2,9805,49.201277955271564,0.5460992907801419,0.842311661506708,0.6626075661633383,8162,1528,6784
Aotus_azarai,Saimiri_sciureus,same-order,7,2,769,138,631,37,37,2,9805,49.014882207627885,0.5449855965699739,0.8402189630241685,0.6611402332479988,8135,1547,6792
Aotus_azarai,Saimiri_sciureus,same-order,7,1,769,134,635,37,37,2,9805,49.056603773584904,0.54536925345128,0.8398348813209494,0.661303429221518,8138,1552,6784
Aotus_azarai,Saimiri_sciureus,same-order,6,1,659,125,534,37,37,1,16555,85.46396098030951,0.9963495963495963,0.8642674461088783,0.9256203736915902,14193,2229,52
Aotus_azarai,Saimiri_sciureus,same-order,6,2,659,95,564,37,37,1,16555,85.15775529865125,0.9962665539588617,0.8612751963948603,0.9238658261750009,14143,2278,53
Aotus_azarai,Saimiri_sciureus,same-order,8,0,879,150,729,37,37,2,9805,49.05057568268129,0.5453387842637893,0.8397316821465428,0.6612490349843566,8137,1553,6784
Aotus_azarai,Saimiri_sciureus,same-order,8,1,879,150,729,37,37,1,16555,85.45793942313482,0.9963493400730132,0.8642065521860919,0.9255853388117135,14192,2230,52
Aotus_azarai,Varecia_variegata,same-order,1,0,114,3,111,37,37,1,16555,71.93134535367545,0.9432403758714762,0.7675752343364578,0.8463892288861689,12447,3769,749
Aotus_azarai,Saimiri_sciureus,same-order,8,2,879,109,770,37,37,2,9805,49.0238611713666,0.5450525892677698,0.8402354642156357,0.6611946363266965,8136,1547,6791
Aotus_azarai,Varecia_variegata,same-order,1,1,114,7,107,37,37,1,16555,72.0584835876098,0.9433348464215464,0.7689319190922546,0.8472514778827207,12469,3747,749
Aotus_azarai,Varecia_variegata,same-order,1,2,114,1,113,37,37,1,16555,71.86524904657344,0.9430542917804065,0.7670531639324041,0.8459968709611592,12437,3777,751
Aotus_azarai,Varecia_variegata,same-order,2,0,227,5,222,37,37,1,16555,72.03698353077145,0.9432506053268765,0.7687943262411348,0.847133974380755,12466,3749,750
Aotus_azarai,Varecia_variegata,same-order,2,1,227,5,222,37,37,1,16555,72.01803051317614,0.9433048217394595,0.7685002466699556,0.8469772657763279,12462,3754,749
Aotus_azarai,Varecia_variegata,same-order,2,2,227,6,221,37,37,1,16555,72.08415212114207,0.9434904304410319,0.7690220742385004,0.8473689574345212,12472,3746,747
Aotus_azarai,Varecia_variegata,same-order,3,1,340,7,333,37,37,1,16555,72.1287786833131,0.9435916824196597,0.7694062519267526,0.8476429832903138,12479,3740,746
Aotus_azarai,Varecia_variegata,same-order,3,0,340,8,332,37,37,1,16555,72.1271676300578,0.943658776374499,0.7692971639950679,0.8476038447169107,12478,3742,745
Aotus_azarai,Varecia_variegata,same-order,3,2,340,7,333,37,37,1,16555,72.21226660500606,0.9437896645512239,0.7701128167190678,0.8481515429269783,12492,3729,744
Aotus_azarai,Varecia_variegata,same-order,4,1,453,7,446,37,37,1,16555,72.10149115709167,0.9435032521554985,0.7692070538907387,0.8474864130434783,12475,3743,747
Aotus_azarai,Varecia_variegata,same-order,4,0,453,8,445,37,37,1,16555,72.11883019304126,0.9435160680529301,0.7693920335429769,0.8476038447169106,12478,3740,747
Aotus_azarai,Varecia_variegata,same-order,4,2,453,11,442,37,37,1,16555,72.15767874689324,0.9436130007558579,0.7697145323386152,0.8478386362864613,12484,3735,746
Aotus_azarai,Varecia_variegata,same-order,5,0,566,10,556,37,37,1,16555,72.04531006183899,0.9433933706674739,0.7686995128568785,0.8471339743807549,12466,3751,748
Aotus_azarai,Varecia_variegata,same-order,5,1,566,8,558,37,37,1,16555,72.17341040462428,0.9436928425666994,0.769790382244143,0.8479168788835691,12486,3734,745
Aotus_azarai,Varecia_variegata,same-order,5,2,566,8,558,37,37,1,16555,72.02380952380952,0.9433091129276415,0.7685619141588554,0.8470164469212995,12463,3753,749
Aotus_azarai,Varecia_variegata,same-order,6,0,679,13,666,37,37,1,16555,72.20070524307764,0.9437811697143721,0.769989519758338,0.8480733322016636,12490,3731,744
Aotus_azarai,Varecia_variegata,same-order,6,1,679,14,665,37,37,1,16555,72.18079879775736,0.9436300438265075,0.7699611566681053,0.8479951108545819,12488,3731,746
Aotus_azarai,Varecia_variegata,same-order,6,2,679,15,664,37,37,1,16555,72.18914388114919,0.9437726723095526,0.7698662227976081,0.8479951108545818,12488,3733,744
Aotus_azarai,Varecia_variegata,same-order,7,0,792,17,775,37,37,1,16555,72.13200023117379,0.9434575553707764,0.7696244681507061,0.847721252462134,12481,3736,748
Aotus_azarai,Varecia_variegata,same-order,7,1,792,17,775,37,37,1,16555,72.1130505143914,0.9435117967332124,0.7693303736588976,0.8475647034848176,12477,3741,747
Aotus_azarai,Varecia_variegata,same-order,7,2,792,14,778,37,37,1,16555,72.15928794359034,0.9435459492140266,0.7698236527315329,0.8478777589134127,12485,3733,747
Aotus_azarai,Varecia_variegata,same-order,8,0,905,21,884,37,37,1,16555,72.20648592404186,0.9437854174537212,0.7700511682387029,0.8481124388919067,12491,3730,744
Aotus_azarai,Varecia_variegata,same-order,8,1,905,19,886,37,37,1,16555,72.21226660500606,0.9437896645512239,0.7701128167190678,0.8481515429269783,12492,3729,744
Varecia_variegata,Homo_sapiens,same-order,1,1,111,5,106,38,38,1,16965,67.92314627000225,0.9390091914628447,0.7636513366273914,0.8423001676914477,12055,3731,783
Varecia_variegata,Homo_sapiens,same-order,1,0,111,4,107,38,38,1,16965,67.86700479008171,0.9391718006706699,0.7627462157198049,0.8418146232350063,12043,3746,780
Aotus_azarai,Varecia_variegata,same-order,8,2,905,9,896,37,37,1,16555,72.25690831309979,0.9438906509590697,0.7704968561213167,0.8484251968503935,12499,3723,743
Varecia_variegata,Homo_sapiens,same-order,1,2,111,3,108,38,38,1,16965,67.94004958305162,0.9390234405420138,0.7638413784365894,0.842421490201558,12058,3728,783
Varecia_variegata,Homo_sapiens,same-order,2,0,221,7,214,38,38,1,16965,68.18822203437588,0.9394409937888198,0.766356324023054,0.8441173392863371,12100,3689,780
Varecia_variegata,Homo_sapiens,same-order,2,1,221,4,217,38,38,1,16965,67.95312411966871,0.9389645776566757,0.7640798226164079,0.8425427872860635,12061,3724,784
Varecia_variegata,Homo_sapiens,same-order,2,2,221,8,213,38,38,1,16965,68.19206492335438,0.9395139374175013,0.766307789740342,0.8441173392863371,12100,3690,779
Varecia_variegata,Homo_sapiens,same-order,3,0,332,6,326,38,38,1,16965,68.28223624887286,0.9395889879798371,0.7673210892970235,0.8447620707686944,12116,3674,779
Varecia_variegata,Homo_sapiens,same-order,3,1,332,8,324,38,38,1,16965,68.07347720741534,0.9392054730622716,0.7652498891493,0.8433507853403142,12081,3706,782
Varecia_variegata,Homo_sapiens,same-order,3,2,332,12,320,38,38,1,16965,68.49075743913436,0.9397618311166099,0.7696643445218493,0.8462502611238771,12153,3637,779
Varecia_variegata,Homo_sapiens,same-order,4,0,442,17,425,38,38,1,16965,68.48542923172313,0.939965960080458,0.7693281833723802,0.8461297398934503,12150,3643,776
Varecia_variegata,Homo_sapiens,same-order,4,1,442,8,434,38,38,1,16965,68.48542923172313,0.939965960080458,0.7693281833723802,0.8461297398934503,12150,3643,776
Varecia_variegata,Homo_sapiens,same-order,4,2,442,15,427,38,38,1,16965,68.45130748422002,0.9397292069632495,0.7692210259658011,0.8459690057461257,12146,3644,779
Varecia_variegata,Homo_sapiens,same-order,5,0,553,16,537,38,38,1,16965,68.4231289449955,0.9397058823529412,0.7689043698543382,0.8457680250783699,12141,3649,779
Varecia_variegata,Homo_sapiens,same-order,5,1,553,19,534,38,38,1,16965,68.410077213549,0.9397646330133168,0.7686656956494206,0.8456474030724214,12138,3653,778
Varecia_variegata,Homo_sapiens,same-order,5,2,553,18,535,38,38,1,16965,68.24842200180343,0.9395608658546047,0.7669411019632679,0.8445203807664144,12110,3680,779
Varecia_variegata,Homo_sapiens,same-order,6,0,663,24,639,38,38,1,16965,68.51330027051398,0.9397804576376005,0.7699176694110196,0.8464109169393581,12157,3633,779
Varecia_variegata,Homo_sapiens,same-order,6,1,663,19,644,38,38,1,16965,68.59816244856547,0.9400587053916267,0.7705945672133223,0.8469327394829326,12170,3623,776
Varecia_variegata,Homo_sapiens,same-order,6,2,663,22,641,38,38,1,16965,68.57384441939121,0.9401081916537867,0.7702292009623908,0.846732094382961,12165,3629,775
Varecia_variegata,Homo_sapiens,same-order,7,0,774,22,752,38,38,1,16965,68.47801578354002,0.9400294049369341,0.7691528428517158,0.8460493784169656,12148,3646,775
Varecia_variegata,Homo_sapiens,same-order,7,1,774,20,754,38,38,1,16965,68.55306916182853,0.940021641675684,0.7700880136769455,0.8466116738018168,12162,3631,776
Varecia_variegata,Homo_sapiens,same-order,7,2,774,16,758,38,38,1,16965,68.34422903516682,0.9396404772973811,0.7680177327422419,0.8452049066071927,12127,3663,779
Varecia_variegata,Homo_sapiens,same-order,8,0,884,31,853,38,38,1,16965,68.53970579947021,0.9398717056959579,0.7701222215185866,0.8465715280194918,12161,3630,778
Varecia_variegata,Gorilla_gorilla,same-order,1,0,110,1,109,38,38,1,16965,70.82922300237915,0.9785153118486452,0.7583250497017893,0.8544627231361568,12206,3890,268
Varecia_variegata,Homo_sapiens,same-order,8,1,884,21,863,38,38,1,16965,68.32196606730173,0.9398309684422734,0.767491926803014,0.844963401882189,12121,3672,776
Varecia_variegata,Gorilla_gorilla,same-order,1,1,110,4,106,38,38,1,16965,71.12594312246082,0.9788338658146964,0.7612274054289087,0.856424053950173,12255,3844,265
Varecia_variegata,Homo_sapiens,same-order,8,2,884,27,857,38,38,1,16965,68.49670255340736,0.9399752475247525,0.7694548217564744,0.8462100901779187,12152,3641,776
Varecia_variegata,Gorilla_gorilla,same-order,1,2,110,0,110,38,38,1,16965,70.74218069982011,0.9784894453808491,0.7573931411530815,0.8538609700577833,12191,3905,268
Varecia_variegata,Gorilla_gorilla,same-order,2,0,219,3,216,38,38,1,16965,71.15496227510157,0.9788423153692615,0.7615379837256973,0.8566238121855786,12260,3839,265
Varecia_variegata,Gorilla_gorilla,same-order,2,1,219,3,216,38,38,1,16965,70.91046248476759,0.978539397821909,0.7591948310139165,0.8550237895326057,12220,3876,268
Varecia_variegata,Gorilla_gorilla,same-order,2,2,219,2,217,38,38,1,16965,71.08531630876378,0.9788220250939024,0.7607925958134045,0.8561442751293165,12248,3851,265
Varecia_variegata,Gorilla_gorilla,same-order,3,0,328,9,319,38,38,1,16965,71.21300058038305,0.9788591942560829,0.7621591403192745,0.8570231193685828,12270,3829,265
Varecia_variegata,Gorilla_gorilla,same-order,3,1,328,2,326,38,38,1,16965,70.96923969820081,0.9787881213479549,0.7595502826262501,0.8553441522104086,12228,3871,265
Varecia_variegata,Gorilla_gorilla,same-order,3,2,328,8,320,38,38,1,16965,71.2420197330238,0.9788676236044657,0.7624697186160632,0.8572226683892593,12275,3824,265
Varecia_variegata,Gorilla_gorilla,same-order,4,0,437,7,430,38,38,1,16965,71.15496227510157,0.9788423153692615,0.7615379837256973,0.8566238121855786,12260,3839,265
Varecia_variegata,Gorilla_gorilla,same-order,4,1,437,7,430,38,38,1,16965,71.15496227510157,0.9788423153692615,0.7615379837256973,0.8566238121855786,12260,3839,265
Varecia_variegata,Gorilla_gorilla,same-order,5,0,546,5,541,38,38,1,16965,71.18230889778862,0.9789272030651341,0.7617391304347826,0.856783568534302,12264,3836,264
Varecia_variegata,Gorilla_gorilla,same-order,4,2,437,5,432,38,38,1,16965,70.97429350664423,0.9785582846627731,0.7598782306163022,0.8554642420003498,12231,3865,268
Varecia_variegata,Gorilla_gorilla,same-order,5,1,546,11,535,38,38,1,16965,71.21300058038305,0.9788591942560829,0.7621591403192745,0.8570231193685828,12270,3829,265
Varecia_variegata,Gorilla_gorilla,same-order,5,2,546,9,537,38,38,1,16965,71.21300058038305,0.9788591942560829,0.7621591403192745,0.8570231193685828,12270,3829,265
Varecia_variegata,Gorilla_gorilla,same-order,6,0,655,5,650,38,38,1,16965,71.20139291932675,0.9788558206335275,0.762034909000559,0.8569432802458787,12268,3831,265
Varecia_variegata,Gorilla_gorilla,same-order,6,1,655,12,643,38,38,1,16965,71.2536273940801,0.9788709934619678,0.7625939499347786,0.8573024684892288,12277,3822,265
Varecia_variegata,Gorilla_gorilla,same-order,6,2,655,9,646,38,38,1,16965,71.21300058038305,0.9788591942560829,0.7621591403192745,0.8570231193685828,12270,3829,265
Varecia_variegata,Gorilla_gorilla,same-order,7,0,764,17,747,38,38,1,16965,71.21300058038305,0.9788591942560829,0.7621591403192745,0.8570231193685828,12270,3829,265
Varecia_variegata,Gorilla_gorilla,same-order,7,1,764,10,754,38,38,1,16965,71.25943122460824,0.9788726779877223,0.7626560655941362,0.8573423643600308,12278,3821,265
Varecia_variegata,Gorilla_gorilla,same-order,7,2,764,7,757,38,38,1,16965,71.22460824143936,0.9788625668022652,0.76228337163799,0.8571029473390139,12272,3827,265
Varecia_variegata,Gorilla_gorilla,same-order,8,0,873,7,866,38,38,1,16965,71.20139291932675,0.9788558206335275,0.762034909000559,0.8569432802458787,12268,3831,265
Varecia_variegata,Saimiri_boliviensis,same-order,1,0,110,0,110,38,38,1,16965,70.88842495940617,0.9776853555146765,0.7549407114624506,0.8519951211012371,12224,3968,279
Varecia_variegata,Saimiri_boliviensis,same-order,1,1,110,2,108,38,38,1,16965,71.09048723897912,0.9780544250259356,0.7567300568041492,0.8532739234866153,12256,3940,275
Varecia_variegata,Gorilla_gorilla,same-order,8,1,873,13,860,38,38,1,16965,71.26937140867143,0.9789524037311648,0.7626708074534162,0.8573822574451,12279,3821,264
Varecia_variegata,Saimiri_boliviensis,same-order,1,2,110,2,108,38,38,1,16965,71.17169373549883,0.9780789159027501,0.7575944677698198,0.8538325040882362,12270,3926,275
Varecia_variegata,Saimiri_boliviensis,same-order,2,0,220,3,217,38,38,1,16965,71.27030162412993,0.978108581436077,0.7586441096567054,0.8545100493775645,12287,3909,275
Varecia_variegata,Gorilla_gorilla,same-order,8,2,873,16,857,38,38,1,16965,71.26523505513639,0.978874362244898,0.762718181253494,0.8573822574451001,12279,3820,265
Varecia_variegata,Saimiri_boliviensis,same-order,2,1,220,2,218,38,38,1,16965,71.02836262397773,0.9779587925251557,0.7561593084285273,0.8528746038931643,12246,3949,276
Varecia_variegata,Saimiri_boliviensis,same-order,3,0,330,3,327,38,38,1,16965,71.20983644588794,0.9779370768618081,0.758182042731876,0.8541514487460433,12278,3916,277
Varecia_variegata,Saimiri_boliviensis,same-order,2,2,220,3,217,38,38,1,16965,71.22389791183295,0.9780946311932451,0.7581501605334651,0.8541913043478261,12279,3917,275
Varecia_variegata,Saimiri_boliviensis,same-order,3,1,330,3,327,38,38,1,16965,71.2122969837587,0.9780911408540471,0.7580266732526549,0.854111590371504,12277,3919,275
Varecia_variegata,Saimiri_boliviensis,same-order,3,2,330,4,326,38,38,1,16965,71.03920204128973,0.9777316625429004,0.7565464426877471,0.8530343650987082,12250,3942,279
Varecia_variegata,Saimiri_boliviensis,same-order,4,0,440,2,438,38,38,1,16965,70.95801438181397,0.9777067518977227,0.7556818181818182,0.8524750060960741,12236,3956,279
Varecia_variegata,Saimiri_boliviensis,same-order,4,1,440,2,438,38,38,1,16965,71.1576383250203,0.9779212498007332,0.7576262813387674,0.8537926235212246,12269,3925,277
Varecia_variegata,Saimiri_boliviensis,same-order,4,2,440,2,438,38,38,1,16965,71.1368909512761,0.978068426509291,0.7572240059273895,0.8535931790499391,12264,3932,275
Varecia_variegata,Saimiri_boliviensis,same-order,5,0,550,6,544,38,38,1,16965,71.23136709007598,0.978020227761408,0.7583204692806422,0.8542710072342794,12281,3914,276
Varecia_variegata,Saimiri_boliviensis,same-order,5,1,550,13,537,38,38,1,16965,71.28190255220417,0.9781120662209487,0.7587675969375154,0.8545897079276772,12289,3907,275
Varecia_variegata,Saimiri_boliviensis,same-order,5,2,550,11,539,38,38,1,16965,71.2877030162413,0.9781138081973737,0.7588293405779205,0.8546295330482251,12290,3906,275
Varecia_variegata,Saimiri_boliviensis,same-order,6,0,659,8,651,38,38,1,16965,71.28190255220417,0.9781120662209487,0.7587675969375154,0.8545897079276772,12289,3907,275
Varecia_variegata,Saimiri_boliviensis,same-order,6,1,659,8,651,38,38,1,16965,71.29350348027842,0.9781155498965463,0.7588910842183255,0.8546693553994855,12291,3905,275
Varecia_variegata,Saimiri_boliviensis,same-order,6,2,659,13,646,38,38,1,16965,71.35150812064965,0.978132951653944,0.759508520622376,0.8550674266648131,12301,3895,275
Varecia_variegata,Saimiri_sciureus,same-order,1,0,110,2,108,38,38,1,16965,70.99501911270706,0.9760331236563421,0.7579298831385642,0.8532646526520953,12258,3915,301
Varecia_variegata,Saimiri_boliviensis,same-order,7,0,769,10,759,38,38,1,16965,71.29350348027842,0.9781155498965463,0.7588910842183255,0.8546693553994855,12291,3905,275
Varecia_variegata,Saimiri_boliviensis,same-order,7,2,769,9,760,38,38,1,16965,71.24709976798144,0.9781016085363912,0.7583971350950852,0.8543506990331778,12283,3913,275
Varecia_variegata,Saimiri_boliviensis,same-order,7,1,769,15,754,38,38,1,16965,71.3631090487239,0.9781364286850056,0.759632007903186,0.8551470077152985,12303,3893,275
Varecia_variegata,Saimiri_boliviensis,same-order,8,0,879,18,861,38,38,1,16965,71.36890951276102,0.978138166785913,0.759693751543591,0.8551867940920939,12304,3892,275
Varecia_variegata,Saimiri_boliviensis,same-order,8,1,879,9,870,38,38,1,16965,71.35730858468678,0.9781346903077045,0.759570264262781,0.8551072185729677,12302,3894,275
Varecia_variegata,Saimiri_boliviensis,same-order,8,2,879,9,870,38,38,1,16965,71.30510440835266,0.9781190324633992,0.7590145714991355,0.8547489917952996,12293,3903,275
Varecia_variegata,Saimiri_sciureus,same-order,1,1,110,1,109,38,38,1,16965,70.83622886263609,0.9758276824890307,0.7564158060725991,0.8522260154671497,12232,3939,303
Varecia_variegata,Saimiri_sciureus,same-order,1,2,110,1,109,38,38,1,16965,70.84612266172468,0.9759074591144794,0.7564308681672026,0.852265997840248,12233,3939,302
Varecia_variegata,Saimiri_sciureus,same-order,2,0,220,6,214,38,38,1,16965,71.05293640681107,0.9760521919007081,0.7585481976133062,0.8536636281400042,12268,3905,301
Varecia_variegata,Saimiri_sciureus,same-order,2,1,220,2,218,38,38,1,16965,70.90740633505125,0.9757749621483783,0.7572665429808287,0.8527455691354157,12245,3925,304
Varecia_variegata,Saimiri_sciureus,same-order,2,2,220,2,218,38,38,1,16965,71.01818603034866,0.9760407545968319,0.758177208928461,0.853424276169265,12262,3911,301
Varecia_variegata,Saimiri_sciureus,same-order,3,1,330,5,325,38,38,1,16965,71.07610332445269,0.97605981070548,0.7587955234032029,0.8538231406108675,12272,3901,301
Varecia_variegata,Saimiri_sciureus,same-order,3,0,330,5,325,38,38,1,16965,71.02397775975906,0.9760426615727475,0.7582390403759351,0.853464175105265,12263,3910,301
Varecia_variegata,Saimiri_sciureus,same-order,3,2,330,10,320,38,38,1,16965,71.1125267851972,0.9759955488434942,0.7592752906257729,0.85410218064202,12279,3893,302
Varecia_variegata,Saimiri_sciureus,same-order,4,0,440,11,429,38,38,1,16965,71.16877099501912,0.9760902375089364,0.7597848265627898,0.8544607468187191,12288,3885,301
Varecia_variegata,Saimiri_sciureus,same-order,4,1,440,2,438,38,38,1,16965,70.87434858135495,0.9756875249103228,0.7570041437318326,0.8525457964755869,12240,3929,305
Varecia_variegata,Saimiri_sciureus,same-order,4,2,440,2,438,38,38,1,16965,70.99501911270706,0.9760331236563421,0.7579298831385642,0.8532646526520953,12258,3915,301
Varecia_variegata,Saimiri_sciureus,same-order,5,2,550,6,544,38,38,1,16965,71.03556121857987,0.9760464746140379,0.7583627032708836,0.8535439646473434,12265,3908,301
Varecia_variegata,Saimiri_sciureus,same-order,5,1,550,4,546,38,38,1,16965,71.01818603034866,0.9760407545968319,0.758177208928461,0.853424276169265,12262,3911,301
Varecia_variegata,Saimiri_sciureus,same-order,5,0,550,13,537,38,38,1,16965,71.09927024209429,0.9760674246640694,0.7590428491930996,0.8539826086956521,12276,3897,301
Varecia_variegata,Saimiri_sciureus,same-order,6,0,659,7,652,38,38,1,16965,71.07031159504228,0.9760579064587973,0.7587336919557287,0.8537832666550705,12271,3902,301
Varecia_variegata,Saimiri_sciureus,same-order,6,1,659,13,646,38,38,1,16965,71.1513958067879,0.9760845383759733,0.7595993322203672,0.8543412496957473,12285,3888,301
Varecia_variegata,Saimiri_sciureus,same-order,6,2,659,13,646,38,38,1,16965,71.16297926560871,0.9760883380997776,0.7597229951153156,0.8544209172142831,12287,3886,301
Varecia_variegata,Saimiri_sciureus,same-order,7,0,769,15,754,38,38,1,16965,71.15718753619831,0.9760864383888138,0.7596611636678414,0.8543810848400556,12286,3887,301
Varecia_variegata,Saimiri_sciureus,same-order,7,1,769,8,761,38,38,1,16965,71.04638369332329,0.9758212041676608,0.7587507730364873,0.8537035104199283,12269,3901,304
Varecia_variegata,Aotus_azarai,same-order,1,2,111,2,109,38,38,1,16965,71.8982952903785,0.9734000938820216,0.7673142152328092,0.8581577404559093,12442,3773,340
Varecia_variegata,Aotus_azarai,same-order,1,1,111,6,105,38,38,1,16965,72.04114655570966,0.9735259664193674,0.768746916625555,0.859102029564798,12466,3750,339
Varecia_variegata,Aotus_azarai,same-order,1,0,111,0,111,38,38,1,16965,71.79590893331792,0.9732884223719255,0.7663130627852474,0.857487922705314,12425,3789,341
Varecia_variegata,Saimiri_sciureus,same-order,7,2,769,14,755,38,38,1,16965,71.1282288891463,0.9760769353044031,0.7593520064304705,0.8541818814119283,12281,3892,301
Varecia_variegata,Saimiri_sciureus,same-order,8,0,879,8,871,38,38,1,16965,71.16877099501912,0.9760902375089364,0.7597848265627898,0.8544607468187191,12288,3885,301
Varecia_variegata,Aotus_azarai,same-order,2,0,221,4,217,38,38,1,16965,71.97341808725801,0.9734271199687378,0.7681159420289855,0.8586694243364357,12455,3760,340
Varecia_variegata,Aotus_azarai,same-order,2,1,221,5,216,38,38,1,16965,71.88836241765861,0.9733218588640276,0.7672998643147897,0.8581183611532625,12441,3773,341
Varecia_variegata,Saimiri_sciureus,same-order,8,1,879,12,867,38,38,1,16965,71.09927024209429,0.9760674246640694,0.7590428491930996,0.8539826086956521,12276,3897,301
Varecia_variegata,Saimiri_sciureus,same-order,8,2,879,10,869,38,38,1,16965,71.13981234796711,0.9760807374443738,0.7594756693254189,0.8542615710957331,12283,3890,301
Varecia_variegata,Aotus_azarai,same-order,2,2,221,6,215,38,38,1,16965,72.0584835876098,0.9735321673953778,0.7689319190922546,0.8592199558985667,12469,3747,339
Varecia_variegata,Aotus_azarai,same-order,3,1,332,8,324,38,38,1,16965,72.05270457697642,0.9735301007261654,0.7688702516033548,0.8591806498294456,12468,3748,339
Varecia_variegata,Aotus_azarai,same-order,3,0,332,4,328,38,38,1,16965,71.9849754406241,0.9734312729545987,0.7682392846130126,0.8587481042327313,12457,3758,340
Varecia_variegata,Aotus_azarai,same-order,3,2,332,5,327,38,38,1,16965,71.99329596023811,0.9735834310277452,0.768144539680582,0.8587481042327313,12457,3760,338
Varecia_variegata,Aotus_azarai,same-order,4,0,442,10,432,38,38,1,16965,72.0883185943009,0.9737663960024985,0.7689746593501449,0.8593378578564784,12472,3747,336
Varecia_variegata,Aotus_azarai,same-order,4,1,442,5,437,38,38,1,16965,72.01225150254277,0.973515625,0.7684385791810557,0.8589054314860767,12461,3755,339
Varecia_variegata,Aotus_azarai,same-order,4,2,442,12,430,38,38,1,16965,72.04531006183899,0.9736019993751952,0.7686995128568785,0.8591020295647979,12466,3751,338
Varecia_variegata,Aotus_azarai,same-order,5,2,552,17,535,38,38,1,16965,72.0510894064613,0.9736040609137055,0.7687611765431337,0.859141341051616,12467,3750,338
Varecia_variegata,Aotus_azarai,same-order,5,0,552,11,541,38,38,1,16965,72.03953071721666,0.973599937514645,0.7686378491706234,0.8590627153687114,12465,3752,338
Varecia_variegata,Aotus_azarai,same-order,5,1,552,10,542,38,38,1,16965,72.02958853444291,0.9735218308209014,0.7686235816477553,0.8590233984630758,12464,3752,339
Varecia_variegata,Aotus_azarai,same-order,6,0,663,10,653,38,38,1,16965,72.09732416343986,0.9736205416373995,0.769254486033175,0.8594557354460902,12475,3742,338
Varecia_variegata,Aotus_azarai,same-order,6,1,663,17,646,38,38,1,16965,72.11143864516502,0.97377458632532,0.769221283679635,0.8594950225620888,12476,3743,336
Varecia_variegata,Aotus_azarai,same-order,6,2,663,12,651,38,38,1,16965,72.06103340654259,0.9736821554080437,0.7687754347021828,0.8591806498294456,12468,3750,337
Varecia_variegata,Aotus_azarai,same-order,7,0,773,19,754,38,38,1,16965,72.09987861973296,0.9737704918032787,0.7690979715148899,0.8594164456233422,12474,3745,336
Varecia_variegata,Aotus_azarai,same-order,7,1,773,13,760,38,38,1,16965,72.09409860701693,0.9737684440627684,0.7690363154325174,0.8593771530935649,12473,3746,336
Varecia_variegata,Aotus_azarai,same-order,7,2,773,16,757,38,38,1,16965,72.06842744032826,0.9736102435977514,0.7689461676018993,0.8592592592592592,12470,3747,338
Varecia_variegata,Aotus_azarai,same-order,8,0,883,19,864,38,38,1,16965,72.09409860701693,0.9737684440627684,0.7690363154325174,0.8593771530935649,12473,3746,336
Varecia_variegata,Aotus_azarai,same-order,8,1,883,11,872,38,38,1,16965,72.18336320018498,0.9739489899383823,0.769804574317243,0.8599270022725708,12487,3734,334
Varecia_variegata,Aotus_azarai,same-order,8,2,883,17,866,38,38,1,16965,72.14033870874516,0.973784817039869,0.7695295640914976,0.8596914175506267,12481,3738,336
