replicate,reference_state,read_index,read_length,primary_score,secondary_score,primary_fraction_of_max,secondary_fraction_of_max,primary_passes,secondary_passes,secondary_ge_90pct_primary
0,initial,0,150,106.0,24.0,0.35333333333333333,0.08,False,False,False
0,initial,1,150,109.0,29.0,0.36333333333333334,0.09666666666666666,False,False,False
0,initial,2,150,47.0,24.0,0.15666666666666668,0.08,False,False,False
0,initial,3,150,141.0,23.0,0.47,0.07666666666666666,False,False,False
0,initial,4,150,82.0,30.0,0.2733333333333333,0.1,False,False,False
0,initial,5,150,198.0,25.0,0.66,0.08333333333333333,True,False,False
0,initial,6,150,133.0,24.0,0.44333333333333336,0.08,False,False,False
0,initial,7,150,75.0,27.0,0.25,0.09,False,False,False
0,initial,8,150,101.0,29.0,0.33666666666666667,0.09666666666666666,False,False,False
0,initial,9,150,27.0,27.0,0.09,0.09,False,False,True
0,initial,10,150,133.0,26.0,0.44333333333333336,0.08666666666666667,False,False,False
0,initial,11,150,113.0,25.0,0.37666666666666665,0.08333333333333333,False,False,False
0,initial,12,150,132.0,25.0,0.44,0.08333333333333333,False,False,False
0,initial,13,150,57.0,25.0,0.19,0.08333333333333333,False,False,False
0,initial,14,150,101.0,26.0,0.33666666666666667,0.08666666666666667,False,False,False
0,initial,15,150,112.0,29.0,0.37333333333333335,0.09666666666666666,False,False,False
0,initial,16,150,100.0,23.0,0.3333333333333333,0.07666666666666666,False,False,False
0,initial,17,150,134.0,25.0,0.44666666666666666,0.08333333333333333,False,False,False
0,initial,18,150,170.0,21.0,0.5666666666666667,0.07,True,False,False
0,initial,19,150,62.0,27.0,0.20666666666666667,0.09,False,False,False
0,initial,20,150,79.0,23.0,0.2633333333333333,0.07666666666666666,False,False,False
0,initial,21,150,143.0,27.0,0.4766666666666667,0.09,False,False,False
0,initial,22,150,73.0,29.0,0.24333333333333335,0.09666666666666666,False,False,False
0,initial,23,150,113.0,26.0,0.37666666666666665,0.08666666666666667,False,False,False
0,initial,24,150,172.0,27.0,0.5733333333333334,0.09,True,False,False
0,initial,25,150,17.0,17.0,0.056666666666666664,0.056666666666666664,False,False,True
0,initial,26,150,100.0,26.0,0.3333333333333333,0.08666666666666667,False,False,False
0,initial,27,150,71.0,25.0,0.23666666666666666,0.08333333333333333,False,False,False
0,initial,28,150,93.0,30.0,0.31,0.1,False,False,False
0,initial,29,150,28.0,22.0,0.09333333333333334,0.07333333333333333,False,False,False
0,initial,30,150,29.0,29.0,0.09666666666666666,0.09666666666666666,False,False,True
0,initial,31,150,120.0,25.0,0.4,0.08333333333333333,False,False,False
0,initial,32,150,86.0,22.0,0.2866666666666667,0.07333333333333333,False,False,False
0,initial,33,150,133.0,29.0,0.44333333333333336,0.09666666666666666,False,False,False
0,initial,34,150,150.0,26.0,0.5,0.08666666666666667,True,False,False
0,initial,35,150,147.0,29.0,0.49,0.09666666666666666,False,False,False
0,initial,36,150,124.0,29.0,0.41333333333333333,0.09666666666666666,False,False,False
0,initial,37,150,58.0,31.0,0.19333333333333333,0.10333333333333333,False,False,False
0,initial,38,150,198.0,22.0,0.66,0.07333333333333333,True,False,False
0,initial,39,150,113.0,26.0,0.37666666666666665,0.08666666666666667,False,False,False
0,initial,40,150,121.0,23.0,0.4033333333333333,0.07666666666666666,False,False,False
0,initial,41,150,83.0,27.0,0.27666666666666667,0.09,False,False,False
0,initial,42,150,38.0,28.0,0.12666666666666668,0.09333333333333334,False,False,False
0,initial,43,150,161.0,25.0,0.5366666666666666,0.08333333333333333,True,False,False
0,initial,44,150,17.0,17.0,0.056666666666666664,0.056666666666666664,False,False,True
0,initial,45,150,125.0,26.0,0.4166666666666667,0.08666666666666667,False,False,False
0,initial,46,150,78.0,30.0,0.26,0.1,False,False,False
0,initial,47,150,80.0,29.0,0.26666666666666666,0.09666666666666666,False,False,False
0,initial,48,150,59.0,23.0,0.19666666666666666,0.07666666666666666,False,False,False
0,initial,49,150,47.0,28.0,0.15666666666666668,0.09333333333333334,False,False,False
0,initial,50,150,41.0,24.0,0.13666666666666666,0.08,False,False,False
0,initial,51,150,120.0,25.0,0.4,0.08333333333333333,False,False,False
0,initial,52,150,125.0,29.0,0.4166666666666667,0.09666666666666666,False,False,False
0,initial,53,150,145.0,29.0,0.48333333333333334,0.09666666666666666,False,False,False
0,initial,54,150,94.0,23.0,0.31333333333333335,0.07666666666666666,False,False,False
0,initial,55,150,106.0,21.0,0.35333333333333333,0.07,False,False,False
0,initial,56,150,32.0,25.0,0.10666666666666667,0.08333333333333333,False,False,False
0,initial,57,150,124.0,25.0,0.41333333333333333,0.08333333333333333,False,False,False
0,initial,58,150,108.0,27.0,0.36,0.09,False,False,False
0,initial,59,150,41.0,28.0,0.13666666666666666,0.09333333333333334,False,False,False
0,initial,60,150,47.0,24.0,0.15666666666666668,0.08,False,False,False
0,initial,61,150,147.0,29.0,0.49,0.09666666666666666,False,False,False
0,initial,62,150,73.0,26.0,0.24333333333333335,0.08666666666666667,False,False,False
0,initial,63,150,130.0,27.0,0.43333333333333335,0.09,False,False,False
0,initial,64,150,73.0,24.0,0.24333333333333335,0.08,False,False,False
0,initial,65,150,196.0,25.0,0.6533333333333333,0.08333333333333333,True,False,False
0,initial,66,150,124.0,21.0,0.41333333333333333,0.07,False,False,False
0,initial,67,150,129.0,25.0,0.43,0.08333333333333333,False,False,False
0,initial,68,150,135.0,29.0,0.45,0.09666666666666666,False,False,False
0,initial,69,150,129.0,30.0,0.43,0.1,False,False,False
0,initial,70,150,87.0,29.0,0.29,0.09666666666666666,False,False,False
0,initial,71,150,143.0,27.0,0.4766666666666667,0.09,False,False,False
0,initial,72,150,101.0,23.0,0.33666666666666667,0.07666666666666666,False,False,False
0,initial,73,150,116.0,29.0,0.38666666666666666,0.09666666666666666,False,False,False
0,initial,74,150,85.0,23.0,0.2833333333333333,0.07666666666666666,False,False,False
0,initial,75,150,106.0,24.0,0.35333333333333333,0.08,False,False,False
0,initial,76,150,83.0,35.0,0.27666666666666667,0.11666666666666667,False,False,False
0,initial,77,150,149.0,25.0,0.49666666666666665,0.08333333333333333,False,False,False
0,initial,78,150,103.0,27.0,0.3433333333333333,0.09,False,False,False
0,initial,79,150,199.0,22.0,0.6633333333333333,0.07333333333333333,True,False,False
0,initial,80,150,161.0,26.0,0.5366666666666666,0.08666666666666667,True,False,False
0,initial,81,150,143.0,28.0,0.4766666666666667,0.09333333333333334,False,False,False
0,initial,82,150,116.0,42.0,0.38666666666666666,0.14,False,False,False
0,initial,83,150,133.0,26.0,0.44333333333333336,0.08666666666666667,False,False,False
0,initial,84,150,133.0,26.0,0.44333333333333336,0.08666666666666667,False,False,False
0,initial,85,150,120.0,27.0,0.4,0.09,False,False,False
0,initial,86,150,94.0,22.0,0.31333333333333335,0.07333333333333333,False,False,False
0,initial,87,150,71.0,24.0,0.23666666666666666,0.08,False,False,False
0,initial,88,150,90.0,30.0,0.3,0.1,False,False,False
0,initial,89,150,127.0,26.0,0.42333333333333334,0.08666666666666667,False,False,False
0,initial,90,150,98.0,24.0,0.32666666666666666,0.08,False,False,False
0,initial,91,150,109.0,36.0,0.36333333333333334,0.12,False,False,False
0,initial,92,150,109.0,25.0,0.36333333333333334,0.08333333333333333,False,False,False
0,initial,93,150,73.0,30.0,0.24333333333333335,0.1,False,False,False
0,initial,94,150,41.0,24.0,0.13666666666666666,0.08,False,False,False
0,initial,95,150,79.0,23.0,0.2633333333333333,0.07666666666666666,False,False,False
0,initial,96,150,158.0,25.0,0.5266666666666666,0.08333333333333333,True,False,False
0,initial,97,150,120.0,31.0,0.4,0.10333333333333333,False,False,False
0,initial,98,150,145.0,23.0,0.48333333333333334,0.07666666666666666,False,False,False
0,initial,99,150,130.0,28.0,0.43333333333333335,0.09333333333333334,False,False,False
0,initial,100,150,112.0,25.0,0.37333333333333335,0.08333333333333333,False,False,False
0,initial,101,150,51.0,31.0,0.17,0.10333333333333333,False,False,False
0,initial,102,150,138.0,30.0,0.46,0.1,False,False,False
0,initial,103,150,25.0,24.0,0.08333333333333333,0.08,False,False,True
0,initial,104,150,29.0,29.0,0.09666666666666666,0.09666666666666666,False,False,True
0,initial,105,150,150.0,25.0,0.5,0.08333333333333333,True,False,False
0,initial,106,150,95.0,29.0,0.31666666666666665,0.09666666666666666,False,False,False
0,initial,107,150,136.0,25.0,0.4533333333333333,0.08333333333333333,False,False,False
0,initial,108,150,50.0,41.0,0.16666666666666666,0.13666666666666666,False,False,False
0,initial,109,150,36.0,31.0,0.12,0.10333333333333333,False,False,False
0,initial,110,150,25.0,24.0,0.08333333333333333,0.08,False,False,True
0,initial,111,150,152.0,24.0,0.5066666666666667,0.08,True,False,False
0,initial,112,150,156.0,24.0,0.52,0.08,True,False,False
0,initial,113,150,23.0,23.0,0.07666666666666666,0.07666666666666666,False,False,True
0,initial,114,150,138.0,27.0,0.46,0.09,False,False,False
0,initial,115,150,139.0,24.0,0.4633333333333333,0.08,False,False,False
0,initial,116,150,118.0,27.0,0.3933333333333333,0.09,False,False,False
0,initial,117,150,233.0,24.0,0.7766666666666666,0.08,True,False,False
0,initial,118,150,117.0,27.0,0.39,0.09,False,False,False
0,initial,119,150,129.0,29.0,0.43,0.09666666666666666,False,False,False
0,initial,120,150,170.0,25.0,0.5666666666666667,0.08333333333333333,True,False,False
0,initial,121,150,29.0,29.0,0.09666666666666666,0.09666666666666666,False,False,True
0,initial,122,150,70.0,30.0,0.23333333333333334,0.1,False,False,False
0,initial,123,150,79.0,31.0,0.2633333333333333,0.10333333333333333,False,False,False
0,initial,124,150,132.0,25.0,0.44,0.08333333333333333,False,False,False
0,initial,125,150,54.0,31.0,0.18,0.10333333333333333,False,False,False
0,initial,126,150,154.0,26.0,0.5133333333333333,0.08666666666666667,True,False,False
0,initial,127,150,27.0,24.0,0.09,0.08,False,False,False
0,initial,128,150,154.0,33.0,0.5133333333333333,0.11,True,False,False
0,initial,129,150,106.0,30.0,0.35333333333333333,0.1,False,False,False
0,initial,130,150,175.0,27.0,0.5833333333333334,0.09,True,False,False
0,initial,131,150,101.0,25.0,0.33666666666666667,0.08333333333333333,False,False,False
0,initial,132,150,54.0,30.0,0.18,0.1,False,False,False
0,initial,133,150,151.0,30.0,0.5033333333333333,0.1,True,False,False
0,initial,134,150,134.0,23.0,0.44666666666666666,0.07666666666666666,False,False,False
0,initial,135,150,158.0,25.0,0.5266666666666666,0.08333333333333333,True,False,False
0,initial,136,150,89.0,24.0,0.2966666666666667,0.08,False,False,False
0,initial,137,150,131.0,25.0,0.43666666666666665,0.08333333333333333,False,False,False
0,initial,138,150,103.0,29.0,0.3433333333333333,0.09666666666666666,False,False,False
0,initial,139,150,32.0,25.0,0.10666666666666667,0.08333333333333333,False,False,False
0,initial,140,150,108.0,26.0,0.36,0.08666666666666667,False,False,False
0,initial,141,150,147.0,31.0,0.49,0.10333333333333333,False,False,False
0,initial,142,150,25.0,24.0,0.08333333333333333,0.08,False,False,True
0,initial,143,150,206.0,26.0,0.6866666666666666,0.08666666666666667,True,False,False
0,initial,144,150,131.0,29.0,0.43666666666666665,0.09666666666666666,False,False,False
0,initial,145,150,59.0,26.0,0.19666666666666666,0.08666666666666667,False,False,False
0,initial,146,150,56.0,30.0,0.18666666666666668,0.1,False,False,False
0,initial,147,150,81.0,26.0,0.27,0.08666666666666667,False,False,False
0,initial,148,150,159.0,28.0,0.53,0.09333333333333334,True,False,False
0,initial,149,150,135.0,23.0,0.45,0.07666666666666666,False,False,False
0,initial,150,150,44.0,24.0,0.14666666666666667,0.08,False,False,False
0,initial,151,150,110.0,27.0,0.36666666666666664,0.09,False,False,False
0,initial,152,150,108.0,23.0,0.36,0.07666666666666666,False,False,False
0,initial,153,150,133.0,31.0,0.44333333333333336,0.10333333333333333,False,False,False
0,initial,154,150,141.0,27.0,0.47,0.09,False,False,False
0,initial,155,150,132.0,24.0,0.44,0.08,False,False,False
0,initial,156,150,118.0,28.0,0.3933333333333333,0.09333333333333334,False,False,False
0,initial,157,150,95.0,30.0,0.31666666666666665,0.1,False,False,False
0,initial,158,150,134.0,30.0,0.44666666666666666,0.1,False,False,False
0,initial,159,150,75.0,25.0,0.25,0.08333333333333333,False,False,False
0,initial,160,150,41.0,28.0,0.13666666666666666,0.09333333333333334,False,False,False
0,initial,161,150,190.0,27.0,0.6333333333333333,0.09,True,False,False
0,initial,162,150,150.0,25.0,0.5,0.08333333333333333,True,False,False
0,initial,163,150,160.0,25.0,0.5333333333333333,0.08333333333333333,True,False,False
0,initial,164,150,146.0,23.0,0.4866666666666667,0.07666666666666666,False,False,False
0,initial,165,150,70.0,22.0,0.23333333333333334,0.07333333333333333,False,False,False
0,initial,166,150,95.0,23.0,0.31666666666666665,0.07666666666666666,False,False,False
0,initial,167,150,84.0,25.0,0.28,0.08333333333333333,False,False,False
0,initial,168,150,92.0,25.0,0.30666666666666664,0.08333333333333333,False,False,False
0,initial,169,150,75.0,31.0,0.25,0.10333333333333333,False,False,False
0,initial,170,150,123.0,25.0,0.41,0.08333333333333333,False,False,False
0,initial,171,150,55.0,28.0,0.18333333333333332,0.09333333333333334,False,False,False
0,initial,172,150,98.0,31.0,0.32666666666666666,0.10333333333333333,False,False,False
0,initial,173,150,31.0,30.0,0.10333333333333333,0.1,False,False,True
0,initial,174,150,96.0,31.0,0.32,0.10333333333333333,False,False,False
0,initial,175,150,111.0,23.0,0.37,0.07666666666666666,False,False,False
0,initial,176,150,90.0,30.0,0.3,0.1,False,False,False
0,initial,177,150,80.0,30.0,0.26666666666666666,0.1,False,False,False
0,initial,178,150,200.0,22.0,0.6666666666666666,0.07333333333333333,True,False,False
0,initial,179,150,100.0,30.0,0.3333333333333333,0.1,False,False,False
0,initial,180,150,204.0,25.0,0.68,0.08333333333333333,True,False,False
0,initial,181,150,94.0,24.0,0.31333333333333335,0.08,False,False,False
0,initial,182,150,124.0,30.0,0.41333333333333333,0.1,False,False,False
0,initial,183,150,146.0,25.0,0.4866666666666667,0.08333333333333333,False,False,False
0,initial,184,150,60.0,28.0,0.2,0.09333333333333334,False,False,False
0,initial,185,150,112.0,42.0,0.37333333333333335,0.14,False,False,False
0,initial,186,150,99.0,29.0,0.33,0.09666666666666666,False,False,False
0,initial,187,150,105.0,25.0,0.35,0.08333333333333333,False,False,False
0,initial,188,150,190.0,22.0,0.6333333333333333,0.07333333333333333,True,False,False
0,initial,189,150,103.0,31.0,0.3433333333333333,0.10333333333333333,False,False,False
0,initial,190,150,57.0,28.0,0.19,0.09333333333333334,False,False,False
0,initial,191,150,76.0,30.0,0.25333333333333335,0.1,False,False,False
0,initial,192,150,104.0,27.0,0.3466666666666667,0.09,False,False,False
0,initial,193,150,130.0,25.0,0.43333333333333335,0.08333333333333333,False,False,False
0,initial,194,150,142.0,29.0,0.47333333333333333,0.09666666666666666,False,False,False
0,initial,195,150,138.0,34.0,0.46,0.11333333333333333,False,False,False
0,initial,196,150,51.0,41.0,0.17,0.13666666666666666,False,False,False
0,initial,197,150,124.0,28.0,0.41333333333333333,0.09333333333333334,False,False,False
0,initial,198,150,116.0,27.0,0.38666666666666666,0.09,False,False,False
0,initial,199,150,64.0,30.0,0.21333333333333335,0.1,False,False,False
0,initial,200,150,143.0,25.0,0.4766666666666667,0.08333333333333333,False,False,False
0,initial,201,150,166.0,25.0,0.5533333333333333,0.08333333333333333,True,False,False
0,initial,202,150,153.0,26.0,0.51,0.08666666666666667,True,False,False
0,initial,203,150,143.0,23.0,0.4766666666666667,0.07666666666666666,False,False,False
0,initial,204,150,145.0,27.0,0.48333333333333334,0.09,False,False,False
0,initial,205,150,132.0,29.0,0.44,0.09666666666666666,False,False,False
0,initial,206,150,112.0,29.0,0.37333333333333335,0.09666666666666666,False,False,False
0,initial,207,150,40.0,28.0,0.13333333333333333,0.09333333333333334,False,False,False
0,initial,208,150,84.0,33.0,0.28,0.11,False,False,False
0,initial,209,150,132.0,30.0,0.44,0.1,False,False,False
0,initial,210,150,144.0,33.0,0.48,0.11,False,False,False
0,initial,211,150,113.0,25.0,0.37666666666666665,0.08333333333333333,False,False,False
0,initial,212,150,116.0,27.0,0.38666666666666666,0.09,False,False,False
0,initial,213,150,153.0,25.0,0.51,0.08333333333333333,True,False,False
0,initial,214,150,174.0,26.0,0.58,0.08666666666666667,True,False,False
0,initial,215,150,127.0,25.0,0.42333333333333334,0.08333333333333333,False,False,False
0,initial,216,150,125.0,24.0,0.4166666666666667,0.08,False,False,False
0,initial,217,150,156.0,26.0,0.52,0.08666666666666667,True,False,False
0,initial,218,150,130.0,28.0,0.43333333333333335,0.09333333333333334,False,False,False
0,initial,219,150,143.0,33.0,0.4766666666666667,0.11,False,False,False
0,initial,220,150,113.0,25.0,0.37666666666666665,0.08333333333333333,False,False,False
0,initial,221,150,79.0,25.0,0.2633333333333333,0.08333333333333333,False,False,False
0,initial,222,150,80.0,26.0,0.26666666666666666,0.08666666666666667,False,False,False
0,initial,223,150,132.0,25.0,0.44,0.08333333333333333,False,False,False
0,initial,224,150,150.0,29.0,0.5,0.09666666666666666,True,False,False
0,initial,225,150,98.0,25.0,0.32666666666666666,0.08333333333333333,False,False,False
0,initial,226,150,154.0,26.0,0.5133333333333333,0.08666666666666667,True,False,False
0,initial,227,150,47.0,33.0,0.15666666666666668,0.11,False,False,False
0,initial,228,150,158.0,26.0,0.5266666666666666,0.08666666666666667,True,False,False
0,initial,229,150,138.0,25.0,0.46,0.08333333333333333,False,False,False
0,initial,230,150,105.0,34.0,0.35,0.11333333333333333,False,False,False
0,initial,231,150,28.0,18.0,0.09333333333333334,0.06,False,False,False
0,initial,232,150,77.0,24.0,0.25666666666666665,0.08,False,False,False
0,initial,233,150,83.0,26.0,0.27666666666666667,0.08666666666666667,False,False,False
0,initial,234,150,145.0,25.0,0.48333333333333334,0.08333333333333333,False,False,False
0,initial,235,150,129.0,25.0,0.43,0.08333333333333333,False,False,False
0,initial,236,150,175.0,24.0,0.5833333333333334,0.08,True,False,False
0,initial,237,150,130.0,27.0,0.43333333333333335,0.09,False,False,False
0,initial,238,150,153.0,29.0,0.51,0.09666666666666666,True,False,False
0,initial,239,150,135.0,26.0,0.45,0.08666666666666667,False,False,False
0,initial,240,150,25.0,24.0,0.08333333333333333,0.08,False,False,True
0,initial,241,150,90.0,27.0,0.3,0.09,False,False,False
0,initial,242,150,156.0,30.0,0.52,0.1,True,False,False
0,initial,243,150,141.0,27.0,0.47,0.09,False,False,False
0,initial,244,150,170.0,24.0,0.5666666666666667,0.08,True,False,False
0,initial,245,150,118.0,23.0,0.3933333333333333,0.07666666666666666,False,False,False
0,initial,246,150,53.0,27.0,0.17666666666666667,0.09,False,False,False
0,initial,247,150,30.0,27.0,0.1,0.09,False,False,True
0,initial,248,150,103.0,25.0,0.3433333333333333,0.08333333333333333,False,False,False
0,initial,249,150,131.0,25.0,0.43666666666666665,0.08333333333333333,False,False,False
0,initial,250,150,112.0,22.0,0.37333333333333335,0.07333333333333333,False,False,False
0,initial,251,150,83.0,35.0,0.27666666666666667,0.11666666666666667,False,False,False
0,initial,252,150,100.0,26.0,0.3333333333333333,0.08666666666666667,False,False,False
0,initial,253,150,153.0,25.0,0.51,0.08333333333333333,True,False,False
0,initial,254,150,125.0,29.0,0.4166666666666667,0.09666666666666666,False,False,False
0,initial,255,150,76.0,29.0,0.25333333333333335,0.09666666666666666,False,False,False
0,initial,256,150,155.0,24.0,0.5166666666666667,0.08,True,False,False
0,initial,257,150,82.0,41.0,0.2733333333333333,0.13666666666666666,False,False,False
0,initial,258,150,53.0,23.0,0.17666666666666667,0.07666666666666666,False,False,False
0,initial,259,150,104.0,23.0,0.3466666666666667,0.07666666666666666,False,False,False
0,initial,260,150,163.0,24.0,0.5433333333333333,0.08,True,False,False
0,initial,261,150,129.0,29.0,0.43,0.09666666666666666,False,False,False
0,initial,262,150,133.0,29.0,0.44333333333333336,0.09666666666666666,False,False,False
0,initial,263,150,138.0,28.0,0.46,0.09333333333333334,False,False,False
0,initial,264,150,36.0,28.0,0.12,0.09333333333333334,False,False,False
0,initial,265,150,81.0,27.0,0.27,0.09,False,False,False
0,initial,266,150,133.0,26.0,0.44333333333333336,0.08666666666666667,False,False,False
0,initial,267,150,97.0,34.0,0.3233333333333333,0.11333333333333333,False,False,False
0,initial,268,150,28.0,27.0,0.09333333333333334,0.09,False,False,True
0,initial,269,150,157.0,27.0,0.5233333333333333,0.09,True,False,False
0,initial,270,150,64.0,30.0,0.21333333333333335,0.1,False,False,False
0,initial,271,150,84.0,25.0,0.28,0.08333333333333333,False,False,False
0,initial,272,150,94.0,25.0,0.31333333333333335,0.08333333333333333,False,False,False
0,initial,273,150,111.0,23.0,0.37,0.07666666666666666,False,False,False
0,initial,274,150,142.0,24.0,0.47333333333333333,0.08,False,False,False
0,initial,275,150,80.0,29.0,0.26666666666666666,0.09666666666666666,False,False,False
0,initial,276,150,95.0,30.0,0.31666666666666665,0.1,False,False,False
0,initial,277,150,60.0,25.0,0.2,0.08333333333333333,False,False,False
0,initial,278,150,135.0,23.0,0.45,0.07666666666666666,False,False,False
0,initial,279,150,102.0,31.0,0.34,0.10333333333333333,False,False,False
0,initial,280,150,91.0,23.0,0.30333333333333334,0.07666666666666666,False,False,False
0,initial,281,150,147.0,33.0,0.49,0.11,False,False,False
0,initial,282,150,112.0,26.0,0.37333333333333335,0.08666666666666667,False,False,False
0,initial,283,150,116.0,29.0,0.38666666666666666,0.09666666666666666,False,False,False
0,initial,284,150,150.0,29.0,0.5,0.09666666666666666,True,False,False
0,initial,285,150,40.0,28.0,0.13333333333333333,0.09333333333333334,False,False,False
0,initial,286,150,69.0,24.0,0.23,0.08,False,False,False
0,initial,287,150,85.0,29.0,0.2833333333333333,0.09666666666666666,False,False,False
0,initial,288,150,161.0,25.0,0.5366666666666666,0.08333333333333333,True,False,False
0,initial,289,150,129.0,27.0,0.43,0.09,False,False,False
0,initial,290,150,125.0,42.0,0.4166666666666667,0.14,False,False,False
0,initial,291,150,83.0,26.0,0.27666666666666667,0.08666666666666667,False,False,False
0,initial,292,150,127.0,27.0,0.42333333333333334,0.09,False,False,False
0,initial,293,150,88.0,25.0,0.29333333333333333,0.08333333333333333,False,False,False
0,initial,294,150,79.0,25.0,0.2633333333333333,0.08333333333333333,False,False,False
0,initial,295,150,162.0,23.0,0.54,0.07666666666666666,True,False,False
0,initial,296,150,79.0,25.0,0.2633333333333333,0.08333333333333333,False,False,False
0,initial,297,150,180.0,25.0,0.6,0.08333333333333333,True,False,False
0,initial,298,150,208.0,25.0,0.6933333333333334,0.08333333333333333,True,False,False
0,initial,299,150,76.0,24.0,0.25333333333333335,0.08,False,False,False
0,initial,300,150,86.0,25.0,0.2866666666666667,0.08333333333333333,False,False,False
0,initial,301,150,25.0,24.0,0.08333333333333333,0.08,False,False,True
0,initial,302,150,113.0,25.0,0.37666666666666665,0.08333333333333333,False,False,False
0,initial,303,150,102.0,31.0,0.34,0.10333333333333333,False,False,False
0,initial,304,150,59.0,25.0,0.19666666666666666,0.08333333333333333,False,False,False
0,initial,305,150,33.0,31.0,0.11,0.10333333333333333,False,False,True
0,initial,306,150,115.0,42.0,0.38333333333333336,0.14,False,False,False
0,initial,307,150,112.0,29.0,0.37333333333333335,0.09666666666666666,False,False,False
0,initial,308,150,157.0,25.0,0.5233333333333333,0.08333333333333333,True,False,False
0,initial,309,150,168.0,27.0,0.56,0.09,True,False,False
0,initial,310,150,111.0,27.0,0.37,0.09,False,False,False
0,initial,311,150,27.0,23.0,0.09,0.07666666666666666,False,False,False
0,initial,312,150,76.0,27.0,0.25333333333333335,0.09,False,False,False
0,initial,313,150,131.0,23.0,0.43666666666666665,0.07666666666666666,False,False,False
0,initial,314,150,111.0,26.0,0.37,0.08666666666666667,False,False,False
0,initial,315,150,125.0,29.0,0.4166666666666667,0.09666666666666666,False,False,False
0,initial,316,150,113.0,29.0,0.37666666666666665,0.09666666666666666,False,False,False
0,initial,317,150,160.0,26.0,0.5333333333333333,0.08666666666666667,True,False,False
0,initial,318,150,158.0,27.0,0.5266666666666666,0.09,True,False,False
0,initial,319,150,143.0,34.0,0.4766666666666667,0.11333333333333333,False,False,False
0,initial,320,150,41.0,23.0,0.13666666666666666,0.07666666666666666,False,False,False
0,initial,321,150,42.0,23.0,0.14,0.07666666666666666,False,False,False
0,initial,322,150,26.0,23.0,0.08666666666666667,0.07666666666666666,False,False,False
0,initial,323,150,88.0,31.0,0.29333333333333333,0.10333333333333333,False,False,False
0,initial,324,150,143.0,26.0,0.4766666666666667,0.08666666666666667,False,False,False
0,initial,325,150,40.0,24.0,0.13333333333333333,0.08,False,False,False
0,initial,326,150,28.0,18.0,0.09333333333333334,0.06,False,False,False
0,initial,327,150,143.0,24.0,0.4766666666666667,0.08,False,False,False
0,initial,328,150,132.0,31.0,0.44,0.10333333333333333,False,False,False
0,initial,329,150,57.0,25.0,0.19,0.08333333333333333,False,False,False
0,initial,330,150,87.0,24.0,0.29,0.08,False,False,False
0,initial,331,150,99.0,28.0,0.33,0.09333333333333334,False,False,False
0,initial,332,150,135.0,24.0,0.45,0.08,False,False,False
0,initial,333,150,95.0,26.0,0.31666666666666665,0.08666666666666667,False,False,False
0,initial,334,150,95.0,34.0,0.31666666666666665,0.11333333333333333,False,False,False
0,initial,335,150,129.0,27.0,0.43,0.09,False,False,False
0,initial,336,150,134.0,25.0,0.44666666666666666,0.08333333333333333,False,False,False
0,initial,337,150,28.0,26.0,0.09333333333333334,0.08666666666666667,False,False,True
0,initial,338,150,85.0,23.0,0.2833333333333333,0.07666666666666666,False,False,False
0,initial,339,150,104.0,25.0,0.3466666666666667,0.08333333333333333,False,False,False
0,initial,340,150,46.0,27.0,0.15333333333333332,0.09,False,False,False
0,initial,341,150,106.0,25.0,0.35333333333333333,0.08333333333333333,False,False,False
0,initial,342,150,47.0,28.0,0.15666666666666668,0.09333333333333334,False,False,False
0,initial,343,150,153.0,27.0,0.51,0.09,True,False,False
0,initial,344,150,59.0,26.0,0.19666666666666666,0.08666666666666667,False,False,False
0,initial,345,150,47.0,33.0,0.15666666666666668,0.11,False,False,False
0,initial,346,150,27.0,22.0,0.09,0.07333333333333333,False,False,False
0,initial,347,150,120.0,24.0,0.4,0.08,False,False,False
0,initial,348,150,38.0,29.0,0.12666666666666668,0.09666666666666666,False,False,False
0,initial,349,150,104.0,27.0,0.3466666666666667,0.09,False,False,False
0,initial,350,150,121.0,26.0,0.4033333333333333,0.08666666666666667,False,False,False
0,initial,351,150,122.0,26.0,0.4066666666666667,0.08666666666666667,False,False,False
0,initial,352,150,65.0,24.0,0.21666666666666667,0.08,False,False,False
0,initial,353,150,28.0,22.0,0.09333333333333334,0.07333333333333333,False,False,False
0,initial,354,150,161.0,25.0,0.5366666666666666,0.08333333333333333,True,False,False
0,initial,355,150,173.0,24.0,0.5766666666666667,0.08,True,False,False
0,initial,356,150,136.0,26.0,0.4533333333333333,0.08666666666666667,False,False,False
0,initial,357,150,150.0,24.0,0.5,0.08,True,False,False
0,initial,358,150,198.0,26.0,0.66,0.08666666666666667,True,False,False
0,initial,359,150,123.0,27.0,0.41,0.09,False,False,False
0,initial,360,150,178.0,24.0,0.5933333333333334,0.08,True,False,False
0,initial,361,150,92.0,30.0,0.30666666666666664,0.1,False,False,False
0,initial,362,150,232.0,24.0,0.7733333333333333,0.08,True,False,False
0,initial,363,150,88.0,23.0,0.29333333333333333,0.07666666666666666,False,False,False
0,initial,364,150,133.0,29.0,0.44333333333333336,0.09666666666666666,False,False,False
0,initial,365,150,107.0,23.0,0.3566666666666667,0.07666666666666666,False,False,False
0,initial,366,150,130.0,31.0,0.43333333333333335,0.10333333333333333,False,False,False
0,initial,367,150,76.0,29.0,0.25333333333333335,0.09666666666666666,False,False,False
0,initial,368,150,28.0,18.0,0.09333333333333334,0.06,False,False,False
0,initial,369,150,44.0,24.0,0.14666666666666667,0.08,False,False,False
0,initial,370,150,92.0,27.0,0.30666666666666664,0.09,False,False,False
0,initial,371,150,135.0,23.0,0.45,0.07666666666666666,False,False,False
0,initial,372,150,53.0,23.0,0.17666666666666667,0.07666666666666666,False,False,False
0,initial,373,150,57.0,26.0,0.19,0.08666666666666667,False,False,False
0,initial,374,150,136.0,23.0,0.4533333333333333,0.07666666666666666,False,False,False
0,initial,375,150,151.0,34.0,0.5033333333333333,0.11333333333333333,True,False,False
0,initial,376,150,148.0,28.0,0.49333333333333335,0.09333333333333334,False,False,False
0,initial,377,150,135.0,27.0,0.45,0.09,False,False,False
0,initial,378,150,36.0,28.0,0.12,0.09333333333333334,False,False,False
0,initial,379,150,36.0,29.0,0.12,0.09666666666666666,False,False,False
0,initial,380,150,83.0,25.0,0.27666666666666667,0.08333333333333333,False,False,False
0,initial,381,150,133.0,29.0,0.44333333333333336,0.09666666666666666,False,False,False
0,initial,382,150,136.0,25.0,0.4533333333333333,0.08333333333333333,False,False,False
0,initial,383,150,120.0,24.0,0.4,0.08,False,False,False
0,initial,384,150,25.0,24.0,0.08333333333333333,0.08,False,False,True
0,initial,385,150,41.0,24.0,0.13666666666666666,0.08,False,False,False
0,initial,386,150,85.0,22.0,0.2833333333333333,0.07333333333333333,False,False,False
0,initial,387,150,41.0,28.0,0.13666666666666666,0.09333333333333334,False,False,False
0,initial,388,150,125.0,23.0,0.4166666666666667,0.07666666666666666,False,False,False
0,initial,389,150,152.0,25.0,0.5066666666666667,0.08333333333333333,True,False,False
0,initial,390,150,139.0,24.0,0.4633333333333333,0.08,False,False,False
0,initial,391,150,101.0,25.0,0.33666666666666667,0.08333333333333333,False,False,False
0,initial,392,150,116.0,25.0,0.38666666666666666,0.08333333333333333,False,False,False
0,initial,393,150,120.0,28.0,0.4,0.09333333333333334,False,False,False
0,initial,394,150,155.0,27.0,0.5166666666666667,0.09,True,False,False
0,initial,395,150,99.0,26.0,0.33,0.08666666666666667,False,False,False
0,initial,396,150,186.0,24.0,0.62,0.08,True,False,False
0,initial,397,150,168.0,25.0,0.56,0.08333333333333333,True,False,False
0,initial,398,150,158.0,25.0,0.5266666666666666,0.08333333333333333,True,False,False
0,initial,399,150,131.0,23.0,0.43666666666666665,0.07666666666666666,False,False,False
0,initial,400,150,102.0,31.0,0.34,0.10333333333333333,False,False,False
0,initial,401,150,184.0,26.0,0.6133333333333333,0.08666666666666667,True,False,False
0,initial,402,150,57.0,28.0,0.19,0.09333333333333334,False,False,False
0,initial,403,150,165.0,25.0,0.55,0.08333333333333333,True,False,False
0,initial,404,150,119.0,25.0,0.39666666666666667,0.08333333333333333,False,False,False
0,initial,405,150,143.0,25.0,0.4766666666666667,0.08333333333333333,False,False,False
0,initial,406,150,51.0,33.0,0.17,0.11,False,False,False
0,initial,407,150,67.0,29.0,0.22333333333333333,0.09666666666666666,False,False,False
0,initial,408,150,106.0,26.0,0.35333333333333333,0.08666666666666667,False,False,False
0,initial,409,150,62.0,27.0,0.20666666666666667,0.09,False,False,False
0,initial,410,150,107.0,25.0,0.3566666666666667,0.08333333333333333,False,False,False
0,initial,411,150,27.0,26.0,0.09,0.08666666666666667,False,False,True
0,initial,412,150,156.0,25.0,0.52,0.08333333333333333,True,False,False
0,initial,413,150,86.0,27.0,0.2866666666666667,0.09,False,False,False
0,initial,414,150,233.0,24.0,0.7766666666666666,0.08,True,False,False
0,initial,415,150,100.0,31.0,0.3333333333333333,0.10333333333333333,False,False,False
0,initial,416,150,103.0,23.0,0.3433333333333333,0.07666666666666666,False,False,False
0,initial,417,150,136.0,29.0,0.4533333333333333,0.09666666666666666,False,False,False
0,initial,418,150,55.0,28.0,0.18333333333333332,0.09333333333333334,False,False,False
0,initial,419,150,29.0,29.0,0.09666666666666666,0.09666666666666666,False,False,True
0,initial,420,150,96.0,22.0,0.32,0.07333333333333333,False,False,False
0,initial,421,150,70.0,30.0,0.23333333333333334,0.1,False,False,False
0,initial,422,150,99.0,26.0,0.33,0.08666666666666667,False,False,False
0,initial,423,150,28.0,26.0,0.09333333333333334,0.08666666666666667,False,False,True
0,initial,424,150,96.0,26.0,0.32,0.08666666666666667,False,False,False
0,initial,425,150,167.0,27.0,0.5566666666666666,0.09,True,False,False
0,initial,426,150,147.0,25.0,0.49,0.08333333333333333,False,False,False
0,initial,427,150,136.0,32.0,0.4533333333333333,0.10666666666666667,False,False,False
0,initial,428,150,112.0,25.0,0.37333333333333335,0.08333333333333333,False,False,False
0,initial,429,150,132.0,23.0,0.44,0.07666666666666666,False,False,False
0,initial,430,150,139.0,24.0,0.4633333333333333,0.08,False,False,False
0,initial,431,150,101.0,29.0,0.33666666666666667,0.09666666666666666,False,False,False
0,initial,432,150,110.0,26.0,0.36666666666666664,0.08666666666666667,False,False,False
0,initial,433,150,135.0,30.0,0.45,0.1,False,False,False
0,initial,434,150,95.0,24.0,0.31666666666666665,0.08,False,False,False
0,initial,435,150,55.0,25.0,0.18333333333333332,0.08333333333333333,False,False,False
0,initial,436,150,110.0,27.0,0.36666666666666664,0.09,False,False,False
0,initial,437,150,81.0,23.0,0.27,0.07666666666666666,False,False,False
0,initial,438,150,148.0,26.0,0.49333333333333335,0.08666666666666667,False,False,False
0,initial,439,150,233.0,24.0,0.7766666666666666,0.08,True,False,False
0,initial,440,150,82.0,41.0,0.2733333333333333,0.13666666666666666,False,False,False
0,initial,441,150,53.0,27.0,0.17666666666666667,0.09,False,False,False
0,initial,442,150,130.0,24.0,0.43333333333333335,0.08,False,False,False
0,initial,443,150,46.0,28.0,0.15333333333333332,0.09333333333333334,False,False,False
0,initial,444,150,188.0,22.0,0.6266666666666667,0.07333333333333333,True,False,False
0,initial,445,150,93.0,26.0,0.31,0.08666666666666667,False,False,False
0,initial,446,150,103.0,25.0,0.3433333333333333,0.08333333333333333,False,False,False
0,initial,447,150,71.0,25.0,0.23666666666666666,0.08333333333333333,False,False,False
0,initial,448,150,79.0,25.0,0.2633333333333333,0.08333333333333333,False,False,False
0,initial,449,150,90.0,29.0,0.3,0.09666666666666666,False,False,False
0,initial,450,150,165.0,32.0,0.55,0.10666666666666667,True,False,False
0,initial,451,150,103.0,28.0,0.3433333333333333,0.09333333333333334,False,False,False
0,initial,452,150,78.0,24.0,0.26,0.08,False,False,False
0,initial,453,150,147.0,31.0,0.49,0.10333333333333333,False,False,False
0,initial,454,150,95.0,23.0,0.31666666666666665,0.07666666666666666,False,False,False
0,initial,455,150,160.0,24.0,0.5333333333333333,0.08,True,False,False
0,initial,456,150,108.0,25.0,0.36,0.08333333333333333,False,False,False
0,initial,457,150,111.0,27.0,0.37,0.09,False,False,False
0,initial,458,150,152.0,24.0,0.5066666666666667,0.08,True,False,False
0,initial,459,150,179.0,25.0,0.5966666666666667,0.08333333333333333,True,False,False
0,initial,460,150,123.0,27.0,0.41,0.09,False,False,False
0,initial,461,150,103.0,31.0,0.3433333333333333,0.10333333333333333,False,False,False
0,initial,462,150,41.0,24.0,0.13666666666666666,0.08,False,False,False
0,initial,463,150,56.0,28.0,0.18666666666666668,0.09333333333333334,False,False,False
0,initial,464,150,31.0,30.0,0.10333333333333333,0.1,False,False,True
0,initial,465,150,81.0,29.0,0.27,0.09666666666666666,False,False,False
0,initial,466,150,148.0,26.0,0.49333333333333335,0.08666666666666667,False,False,False
0,initial,467,150,150.0,24.0,0.5,0.08,True,False,False
0,initial,468,150,109.0,29.0,0.36333333333333334,0.09666666666666666,False,False,False
0,initial,469,150,175.0,22.0,0.5833333333333334,0.07333333333333333,True,False,False
0,initial,470,150,28.0,18.0,0.09333333333333334,0.06,False,False,False
0,initial,471,150,154.0,25.0,0.5133333333333333,0.08333333333333333,True,False,False
0,initial,472,150,92.0,22.0,0.30666666666666664,0.07333333333333333,False,False,False
0,initial,473,150,52.0,28.0,0.17333333333333334,0.09333333333333334,False,False,False
0,initial,474,150,126.0,23.0,0.42,0.07666666666666666,False,False,False
0,initial,475,150,92.0,27.0,0.30666666666666664,0.09,False,False,False
0,initial,476,150,84.0,27.0,0.28,0.09,False,False,False
0,initial,477,150,76.0,24.0,0.25333333333333335,0.08,False,False,False
0,initial,478,150,129.0,23.0,0.43,0.07666666666666666,False,False,False
0,initial,479,150,112.0,27.0,0.37333333333333335,0.09,False,False,False
0,initial,480,150,147.0,27.0,0.49,0.09,False,False,False
0,initial,481,150,113.0,23.0,0.37666666666666665,0.07666666666666666,False,False,False
0,initial,482,150,101.0,23.0,0.33666666666666667,0.07666666666666666,False,False,False
0,initial,483,150,95.0,27.0,0.31666666666666665,0.09,False,False,False
0,initial,484,150,98.0,28.0,0.32666666666666666,0.09333333333333334,False,False,False
0,initial,485,150,75.0,25.0,0.25,0.08333333333333333,False,False,False
0,initial,486,150,158.0,25.0,0.5266666666666666,0.08333333333333333,True,False,False
0,initial,487,150,102.0,31.0,0.34,0.10333333333333333,False,False,False
0,initial,488,150,155.0,30.0,0.5166666666666667,0.1,True,False,False
0,initial,489,150,120.0,27.0,0.4,0.09,False,False,False
0,initial,490,150,129.0,24.0,0.43,0.08,False,False,False
0,initial,491,150,70.0,29.0,0.23333333333333334,0.09666666666666666,False,False,False
0,initial,492,150,120.0,25.0,0.4,0.08333333333333333,False,False,False
0,initial,493,150,151.0,34.0,0.5033333333333333,0.11333333333333333,True,False,False
0,initial,494,150,50.0,27.0,0.16666666666666666,0.09,False,False,False
0,initial,495,150,83.0,35.0,0.27666666666666667,0.11666666666666667,False,False,False
0,initial,496,150,101.0,25.0,0.33666666666666667,0.08333333333333333,False,False,False
0,initial,497,150,182.0,26.0,0.6066666666666667,0.08666666666666667,True,False,False
0,initial,498,150,184.0,26.0,0.6133333333333333,0.08666666666666667,True,False,False
0,initial,499,150,147.0,27.0,0.49,0.09,False,False,False
0,initial,500,150,163.0,27.0,0.5433333333333333,0.09,True,False,False
0,initial,501,150,205.0,25.0,0.6833333333333333,0.08333333333333333,True,False,False
0,initial,502,150,102.0,30.0,0.34,0.1,False,False,False
0,initial,503,150,169.0,28.0,0.5633333333333334,0.09333333333333334,True,False,False
0,initial,504,150,57.0,28.0,0.19,0.09333333333333334,False,False,False
0,initial,505,150,82.0,28.0,0.2733333333333333,0.09333333333333334,False,False,False
0,initial,506,150,122.0,29.0,0.4066666666666667,0.09666666666666666,False,False,False
0,initial,507,150,99.0,25.0,0.33,0.08333333333333333,False,False,False
0,initial,508,150,139.0,26.0,0.4633333333333333,0.08666666666666667,False,False,False
0,initial,509,150,129.0,26.0,0.43,0.08666666666666667,False,False,False
0,initial,510,150,133.0,26.0,0.44333333333333336,0.08666666666666667,False,False,False
0,initial,511,150,93.0,26.0,0.31,0.08666666666666667,False,False,False
0,initial,512,150,138.0,25.0,0.46,0.08333333333333333,False,False,False
0,initial,513,150,87.0,26.0,0.29,0.08666666666666667,False,False,False
0,initial,514,150,60.0,26.0,0.2,0.08666666666666667,False,False,False
0,initial,515,150,73.0,25.0,0.24333333333333335,0.08333333333333333,False,False,False
0,initial,516,150,146.0,24.0,0.4866666666666667,0.08,False,False,False
0,initial,517,150,44.0,27.0,0.14666666666666667,0.09,False,False,False
0,initial,518,150,103.0,24.0,0.3433333333333333,0.08,False,False,False
0,initial,519,150,94.0,30.0,0.31333333333333335,0.1,False,False,False
0,initial,520,150,165.0,22.0,0.55,0.07333333333333333,True,False,False
0,initial,521,150,130.0,26.0,0.43333333333333335,0.08666666666666667,False,False,False
0,initial,522,150,128.0,25.0,0.4266666666666667,0.08333333333333333,False,False,False
0,initial,523,150,163.0,32.0,0.5433333333333333,0.10666666666666667,True,False,False
0,initial,524,150,124.0,25.0,0.41333333333333333,0.08333333333333333,False,False,False
0,initial,525,150,144.0,25.0,0.48,0.08333333333333333,False,False,False
0,initial,526,150,137.0,27.0,0.45666666666666667,0.09,False,False,False
0,initial,527,150,50.0,28.0,0.16666666666666666,0.09333333333333334,False,False,False
0,initial,528,150,95.0,26.0,0.31666666666666665,0.08666666666666667,False,False,False
0,initial,529,150,147.0,25.0,0.49,0.08333333333333333,False,False,False
0,initial,530,150,65.0,24.0,0.21666666666666667,0.08,False,False,False
0,initial,531,150,113.0,26.0,0.37666666666666665,0.08666666666666667,False,False,False
0,initial,532,150,64.0,27.0,0.21333333333333335,0.09,False,False,False
0,initial,533,150,31.0,27.0,0.10333333333333333,0.09,False,False,False
0,initial,534,150,181.0,27.0,0.6033333333333334,0.09,True,False,False
0,initial,535,150,103.0,24.0,0.3433333333333333,0.08,False,False,False
0,initial,536,150,93.0,30.0,0.31,0.1,False,False,False
0,initial,537,150,29.0,29.0,0.09666666666666666,0.09666666666666666,False,False,True
0,initial,538,150,124.0,27.0,0.41333333333333333,0.09,False,False,False
0,initial,539,150,163.0,29.0,0.5433333333333333,0.09666666666666666,True,False,False
0,initial,540,150,41.0,28.0,0.13666666666666666,0.09333333333333334,False,False,False
0,initial,541,150,81.0,24.0,0.27,0.08,False,False,False
0,initial,542,150,164.0,27.0,0.5466666666666666,0.09,True,False,False
0,initial,543,150,122.0,42.0,0.4066666666666667,0.14,False,False,False
0,initial,544,150,21.0,20.0,0.07,0.06666666666666667,False,False,True
0,initial,545,150,163.0,25.0,0.5433333333333333,0.08333333333333333,True,False,False
0,initial,546,150,72.0,25.0,0.24,0.08333333333333333,False,False,False
0,initial,547,150,136.0,27.0,0.4533333333333333,0.09,False,False,False
0,initial,548,150,182.0,25.0,0.6066666666666667,0.08333333333333333,True,False,False
0,initial,549,150,95.0,23.0,0.31666666666666665,0.07666666666666666,False,False,False
0,initial,550,150,141.0,23.0,0.47,0.07666666666666666,False,False,False
0,initial,551,150,47.0,33.0,0.15666666666666668,0.11,False,False,False
0,initial,552,150,193.0,25.0,0.6433333333333333,0.08333333333333333,True,False,False
0,initial,553,150,61.0,33.0,0.20333333333333334,0.11,False,False,False
0,initial,554,150,97.0,30.0,0.3233333333333333,0.1,False,False,False
0,initial,555,150,98.0,27.0,0.32666666666666666,0.09,False,False,False
0,initial,556,150,92.0,25.0,0.30666666666666664,0.08333333333333333,False,False,False
0,initial,557,150,148.0,27.0,0.49333333333333335,0.09,False,False,False
0,initial,558,150,116.0,24.0,0.38666666666666666,0.08,False,False,False
0,initial,559,150,40.0,33.0,0.13333333333333333,0.11,False,False,False
0,initial,560,150,146.0,24.0,0.4866666666666667,0.08,False,False,False
0,initial,561,150,118.0,29.0,0.3933333333333333,0.09666666666666666,False,False,False
0,initial,562,150,73.0,30.0,0.24333333333333335,0.1,False,False,False
0,initial,563,150,57.0,25.0,0.19,0.08333333333333333,False,False,False
0,initial,564,150,116.0,29.0,0.38666666666666666,0.09666666666666666,False,False,False
0,initial,565,150,149.0,27.0,0.49666666666666665,0.09,False,False,False
0,initial,566,150,169.0,24.0,0.5633333333333334,0.08,True,False,False
0,initial,567,150,42.0,24.0,0.14,0.08,False,False,False
0,initial,568,150,100.0,27.0,0.3333333333333333,0.09,False,False,False
0,initial,569,150,142.0,26.0,0.47333333333333333,0.08666666666666667,False,False,False
0,initial,570,150,62.0,25.0,0.20666666666666667,0.08333333333333333,False,False,False
0,initial,571,150,124.0,30.0,0.41333333333333333,0.1,False,False,False
0,initial,572,150,117.0,27.0,0.39,0.09,False,False,False
0,initial,573,150,78.0,29.0,0.26,0.09666666666666666,False,False,False
0,initial,574,150,88.0,30.0,0.29333333333333333,0.1,False,False,False
0,initial,575,150,148.0,22.0,0.49333333333333335,0.07333333333333333,False,False,False
0,initial,576,150,63.0,31.0,0.21,0.10333333333333333,False,False,False
0,initial,577,150,100.0,30.0,0.3333333333333333,0.1,False,False,False
0,initial,578,150,63.0,29.0,0.21,0.09666666666666666,False,False,False
0,initial,579,150,18.0,17.0,0.06,0.056666666666666664,False,False,True
0,initial,580,150,76.0,26.0,0.25333333333333335,0.08666666666666667,False,False,False
0,initial,581,150,71.0,24.0,0.23666666666666666,0.08,False,False,False
0,initial,582,150,145.0,27.0,0.48333333333333334,0.09,False,False,False
0,initial,583,150,118.0,29.0,0.3933333333333333,0.09666666666666666,False,False,False
0,initial,584,150,41.0,24.0,0.13666666666666666,0.08,False,False,False
0,initial,585,150,154.0,33.0,0.5133333333333333,0.11,True,False,False
0,initial,586,150,135.0,30.0,0.45,0.1,False,False,False
0,initial,587,150,64.0,30.0,0.21333333333333335,0.1,False,False,False
0,initial,588,150,149.0,26.0,0.49666666666666665,0.08666666666666667,False,False,False
0,initial,589,150,127.0,26.0,0.42333333333333334,0.08666666666666667,False,False,False
0,initial,590,150,95.0,25.0,0.31666666666666665,0.08333333333333333,False,False,False
0,initial,591,150,136.0,24.0,0.4533333333333333,0.08,False,False,False
0,initial,592,150,119.0,34.0,0.39666666666666667,0.11333333333333333,False,False,False
0,initial,593,150,71.0,25.0,0.23666666666666666,0.08333333333333333,False,False,False
0,initial,594,150,166.0,24.0,0.5533333333333333,0.08,True,False,False
0,initial,595,150,29.0,29.0,0.09666666666666666,0.09666666666666666,False,False,True
0,initial,596,150,41.0,28.0,0.13666666666666666,0.09333333333333334,False,False,False
0,initial,597,150,124.0,25.0,0.41333333333333333,0.08333333333333333,False,False,False
0,initial,598,150,99.0,26.0,0.33,0.08666666666666667,False,False,False
0,initial,599,150,102.0,29.0,0.34,0.09666666666666666,False,False,False
0,initial,600,150,151.0,23.0,0.5033333333333333,0.07666666666666666,True,False,False
0,initial,601,150,55.0,31.0,0.18333333333333332,0.10333333333333333,False,False,False
0,initial,602,150,108.0,21.0,0.36,0.07,False,False,False
0,initial,603,150,122.0,24.0,0.4066666666666667,0.08,False,False,False
0,initial,604,150,207.0,24.0,0.69,0.08,True,False,False
0,initial,605,150,135.0,25.0,0.45,0.08333333333333333,False,False,False
0,initial,606,150,101.0,41.0,0.33666666666666667,0.13666666666666666,False,False,False
0,initial,607,150,28.0,26.0,0.09333333333333334,0.08666666666666667,False,False,True
0,initial,608,150,94.0,25.0,0.31333333333333335,0.08333333333333333,False,False,False
0,initial,609,150,89.0,27.0,0.2966666666666667,0.09,False,False,False
0,initial,610,150,133.0,26.0,0.44333333333333336,0.08666666666666667,False,False,False
0,initial,611,150,134.0,24.0,0.44666666666666666,0.08,False,False,False
0,initial,612,150,95.0,30.0,0.31666666666666665,0.1,False,False,False
0,initial,613,150,113.0,26.0,0.37666666666666665,0.08666666666666667,False,False,False
0,initial,614,150,145.0,26.0,0.48333333333333334,0.08666666666666667,False,False,False
0,initial,615,150,103.0,24.0,0.3433333333333333,0.08,False,False,False
0,initial,616,150,28.0,27.0,0.09333333333333334,0.09,False,False,True
0,initial,617,150,137.0,25.0,0.45666666666666667,0.08333333333333333,False,False,False
0,initial,618,150,77.0,30.0,0.25666666666666665,0.1,False,False,False
0,initial,619,150,82.0,30.0,0.2733333333333333,0.1,False,False,False
0,initial,620,150,52.0,28.0,0.17333333333333334,0.09333333333333334,False,False,False
0,initial,621,150,41.0,24.0,0.13666666666666666,0.08,False,False,False
0,initial,622,150,156.0,34.0,0.52,0.11333333333333333,True,False,False
0,initial,623,150,142.0,31.0,0.47333333333333333,0.10333333333333333,False,False,False
0,initial,624,150,140.0,32.0,0.4666666666666667,0.10666666666666667,False,False,False
0,initial,625,150,138.0,25.0,0.46,0.08333333333333333,False,False,False
0,initial,626,150,155.0,29.0,0.5166666666666667,0.09666666666666666,True,False,False
0,initial,627,150,141.0,31.0,0.47,0.10333333333333333,False,False,False
0,initial,628,150,141.0,27.0,0.47,0.09,False,False,False
0,initial,629,150,27.0,27.0,0.09,0.09,False,False,True
0,initial,630,150,27.0,22.0,0.09,0.07333333333333333,False,False,False
0,initial,631,150,65.0,31.0,0.21666666666666667,0.10333333333333333,False,False,False
0,initial,632,150,86.0,36.0,0.2866666666666667,0.12,False,False,False
0,initial,633,150,148.0,27.0,0.49333333333333335,0.09,False,False,False
0,initial,634,150,152.0,24.0,0.5066666666666667,0.08,True,False,False
0,initial,635,150,103.0,30.0,0.3433333333333333,0.1,False,False,False
0,initial,636,150,149.0,26.0,0.49666666666666665,0.08666666666666667,False,False,False
0,initial,637,150,83.0,25.0,0.27666666666666667,0.08333333333333333,False,False,False
0,initial,638,150,164.0,24.0,0.5466666666666666,0.08,True,False,False
0,initial,639,150,112.0,29.0,0.37333333333333335,0.09666666666666666,False,False,False
0,initial,640,150,184.0,26.0,0.6133333333333333,0.08666666666666667,True,False,False
0,initial,641,150,28.0,28.0,0.09333333333333334,0.09333333333333334,False,False,True
0,initial,642,150,135.0,24.0,0.45,0.08,False,False,False
0,initial,643,150,98.0,28.0,0.32666666666666666,0.09333333333333334,False,False,False
0,initial,644,150,134.0,24.0,0.44666666666666666,0.08,False,False,False
0,initial,645,150,27.0,24.0,0.09,0.08,False,False,False
0,initial,646,150,120.0,25.0,0.4,0.08333333333333333,False,False,False
0,initial,647,150,59.0,26.0,0.19666666666666666,0.08666666666666667,False,False,False
0,initial,648,150,93.0,29.0,0.31,0.09666666666666666,False,False,False
0,initial,649,150,108.0,26.0,0.36,0.08666666666666667,False,False,False
0,initial,650,150,148.0,25.0,0.49333333333333335,0.08333333333333333,False,False,False
0,initial,651,150,131.0,24.0,0.43666666666666665,0.08,False,False,False
0,initial,652,150,119.0,23.0,0.39666666666666667,0.07666666666666666,False,False,False
0,initial,653,150,41.0,23.0,0.13666666666666666,0.07666666666666666,False,False,False
0,initial,654,150,114.0,24.0,0.38,0.08,False,False,False
0,initial,655,150,120.0,24.0,0.4,0.08,False,False,False
0,initial,656,150,145.0,24.0,0.48333333333333334,0.08,False,False,False
0,initial,657,150,27.0,27.0,0.09,0.09,False,False,True
0,initial,658,150,78.0,29.0,0.26,0.09666666666666666,False,False,False
0,initial,659,150,78.0,29.0,0.26,0.09666666666666666,False,False,False
0,initial,660,150,106.0,34.0,0.35333333333333333,0.11333333333333333,False,False,False
0,initial,661,150,145.0,22.0,0.48333333333333334,0.07333333333333333,False,False,False
0,initial,662,150,125.0,24.0,0.4166666666666667,0.08,False,False,False
0,initial,663,150,25.0,24.0,0.08333333333333333,0.08,False,False,True
0,initial,664,150,66.0,24.0,0.22,0.08,False,False,False
0,initial,665,150,95.0,25.0,0.31666666666666665,0.08333333333333333,False,False,False
0,initial,666,150,71.0,25.0,0.23666666666666666,0.08333333333333333,False,False,False
0,initial,667,150,94.0,25.0,0.31333333333333335,0.08333333333333333,False,False,False
0,initial,668,150,27.0,26.0,0.09,0.08666666666666667,False,False,True
0,initial,669,150,36.0,28.0,0.12,0.09333333333333334,False,False,False
0,initial,670,150,51.0,31.0,0.17,0.10333333333333333,False,False,False
0,initial,671,150,84.0,26.0,0.28,0.08666666666666667,False,False,False
0,initial,672,150,25.0,24.0,0.08333333333333333,0.08,False,False,True
0,initial,673,150,96.0,27.0,0.32,0.09,False,False,False
0,initial,674,150,83.0,25.0,0.27666666666666667,0.08333333333333333,False,False,False
0,initial,675,150,54.0,30.0,0.18,0.1,False,False,False
0,initial,676,150,38.0,28.0,0.12666666666666668,0.09333333333333334,False,False,False
0,initial,677,150,198.0,24.0,0.66,0.08,True,False,False
0,initial,678,150,136.0,26.0,0.4533333333333333,0.08666666666666667,False,False,False
0,initial,679,150,152.0,23.0,0.5066666666666667,0.07666666666666666,True,False,False
0,initial,680,150,64.0,26.0,0.21333333333333335,0.08666666666666667,False,False,False
0,initial,681,150,106.0,27.0,0.35333333333333333,0.09,False,False,False
0,initial,682,150,131.0,31.0,0.43666666666666665,0.10333333333333333,False,False,False
0,initial,683,150,67.0,24.0,0.22333333333333333,0.08,False,False,False
0,initial,684,150,57.0,26.0,0.19,0.08666666666666667,False,False,False
0,initial,685,150,117.0,24.0,0.39,0.08,False,False,False
0,initial,686,150,133.0,31.0,0.44333333333333336,0.10333333333333333,False,False,False
0,initial,687,150,118.0,24.0,0.3933333333333333,0.08,False,False,False
0,initial,688,150,135.0,24.0,0.45,0.08,False,False,False
0,initial,689,150,28.0,26.0,0.09333333333333334,0.08666666666666667,False,False,True
0,initial,690,150,66.0,25.0,0.22,0.08333333333333333,False,False,False
0,initial,691,150,143.0,25.0,0.4766666666666667,0.08333333333333333,False,False,False
0,initial,692,150,41.0,26.0,0.13666666666666666,0.08666666666666667,False,False,False
0,initial,693,150,159.0,22.0,0.53,0.07333333333333333,True,False,False
0,initial,694,150,87.0,25.0,0.29,0.08333333333333333,False,False,False
0,initial,695,150,57.0,28.0,0.19,0.09333333333333334,False,False,False
0,initial,696,150,148.0,26.0,0.49333333333333335,0.08666666666666667,False,False,False
0,initial,697,150,104.0,26.0,0.3466666666666667,0.08666666666666667,False,False,False
0,initial,698,150,128.0,23.0,0.4266666666666667,0.07666666666666666,False,False,False
0,initial,699,150,101.0,25.0,0.33666666666666667,0.08333333333333333,False,False,False
0,initial,700,150,51.0,31.0,0.17,0.10333333333333333,False,False,False
0,initial,701,150,127.0,28.0,0.42333333333333334,0.09333333333333334,False,False,False
0,initial,702,150,97.0,23.0,0.3233333333333333,0.07666666666666666,False,False,False
0,initial,703,150,100.0,22.0,0.3333333333333333,0.07333333333333333,False,False,False
0,initial,704,150,75.0,24.0,0.25,0.08,False,False,False
0,initial,705,150,84.0,26.0,0.28,0.08666666666666667,False,False,False
0,initial,706,150,43.0,23.0,0.14333333333333334,0.07666666666666666,False,False,False
0,initial,707,150,113.0,23.0,0.37666666666666665,0.07666666666666666,False,False,False
0,initial,708,150,184.0,26.0,0.6133333333333333,0.08666666666666667,True,False,False
0,initial,709,150,208.0,25.0,0.6933333333333334,0.08333333333333333,True,False,False
0,initial,710,150,123.0,24.0,0.41,0.08,False,False,False
0,initial,711,150,196.0,28.0,0.6533333333333333,0.09333333333333334,True,False,False
0,initial,712,150,121.0,24.0,0.4033333333333333,0.08,False,False,False
0,initial,713,150,167.0,27.0,0.5566666666666666,0.09,True,False,False
0,initial,714,150,29.0,29.0,0.09666666666666666,0.09666666666666666,False,False,True
0,initial,715,150,142.0,24.0,0.47333333333333333,0.08,False,False,False
0,initial,716,150,87.0,29.0,0.29,0.09666666666666666,False,False,False
0,initial,717,150,89.0,32.0,0.2966666666666667,0.10666666666666667,False,False,False
0,initial,718,150,60.0,31.0,0.2,0.10333333333333333,False,False,False
0,initial,719,150,121.0,27.0,0.4033333333333333,0.09,False,False,False
0,initial,720,150,165.0,22.0,0.55,0.07333333333333333,True,False,False
0,initial,721,150,198.0,22.0,0.66,0.07333333333333333,True,False,False
0,initial,722,150,95.0,27.0,0.31666666666666665,0.09,False,False,False
0,initial,723,150,78.0,29.0,0.26,0.09666666666666666,False,False,False
0,initial,724,150,188.0,23.0,0.6266666666666667,0.07666666666666666,True,False,False
0,initial,725,150,123.0,25.0,0.41,0.08333333333333333,False,False,False
0,initial,726,150,128.0,25.0,0.4266666666666667,0.08333333333333333,False,False,False
0,initial,727,150,79.0,24.0,0.2633333333333333,0.08,False,False,False
0,initial,728,150,105.0,30.0,0.35,0.1,False,False,False
0,initial,729,150,140.0,24.0,0.4666666666666667,0.08,False,False,False
0,initial,730,150,106.0,31.0,0.35333333333333333,0.10333333333333333,False,False,False
0,initial,731,150,52.0,28.0,0.17333333333333334,0.09333333333333334,False,False,False
0,initial,732,150,116.0,31.0,0.38666666666666666,0.10333333333333333,False,False,False
0,initial,733,150,111.0,26.0,0.37,0.08666666666666667,False,False,False
0,initial,734,150,97.0,26.0,0.3233333333333333,0.08666666666666667,False,False,False
0,initial,735,150,100.0,26.0,0.3333333333333333,0.08666666666666667,False,False,False
0,initial,736,150,122.0,25.0,0.4066666666666667,0.08333333333333333,False,False,False
0,initial,737,150,117.0,34.0,0.39,0.11333333333333333,False,False,False
0,initial,738,150,109.0,25.0,0.36333333333333334,0.08333333333333333,False,False,False
0,initial,739,150,55.0,24.0,0.18333333333333332,0.08,False,False,False
0,initial,740,150,155.0,33.0,0.5166666666666667,0.11,True,False,False
0,initial,741,150,107.0,25.0,0.3566666666666667,0.08333333333333333,False,False,False
0,initial,742,150,172.0,27.0,0.5733333333333334,0.09,True,False,False
0,initial,743,150,105.0,26.0,0.35,0.08666666666666667,False,False,False
0,initial,744,150,26.0,25.0,0.08666666666666667,0.08333333333333333,False,False,True
0,initial,745,150,151.0,27.0,0.5033333333333333,0.09,True,False,False
0,initial,746,150,95.0,25.0,0.31666666666666665,0.08333333333333333,False,False,False
0,initial,747,150,146.0,26.0,0.4866666666666667,0.08666666666666667,False,False,False
0,initial,748,150,132.0,26.0,0.44,0.08666666666666667,False,False,False
0,initial,749,150,168.0,27.0,0.56,0.09,True,False,False
0,initial,750,150,155.0,24.0,0.5166666666666667,0.08,True,False,False
0,initial,751,150,35.0,33.0,0.11666666666666667,0.11,False,False,True
0,initial,752,150,99.0,25.0,0.33,0.08333333333333333,False,False,False
0,initial,753,150,138.0,32.0,0.46,0.10666666666666667,False,False,False
0,initial,754,150,143.0,29.0,0.4766666666666667,0.09666666666666666,False,False,False
0,initial,755,150,186.0,27.0,0.62,0.09,True,False,False
0,initial,756,150,165.0,23.0,0.55,0.07666666666666666,True,False,False
0,initial,757,150,140.0,24.0,0.4666666666666667,0.08,False,False,False
0,initial,758,150,41.0,24.0,0.13666666666666666,0.08,False,False,False
0,initial,759,150,93.0,29.0,0.31,0.09666666666666666,False,False,False
0,initial,760,150,28.0,26.0,0.09333333333333334,0.08666666666666667,False,False,True
0,initial,761,150,79.0,30.0,0.2633333333333333,0.1,False,False,False
0,initial,762,150,129.0,25.0,0.43,0.08333333333333333,False,False,False
0,initial,763,150,138.0,25.0,0.46,0.08333333333333333,False,False,False
0,initial,764,150,57.0,28.0,0.19,0.09333333333333334,False,False,False
0,initial,765,150,144.0,33.0,0.48,0.11,False,False,False
0,initial,766,150,168.0,25.0,0.56,0.08333333333333333,True,False,False
0,initial,767,150,171.0,27.0,0.57,0.09,True,False,False
0,initial,768,150,110.0,27.0,0.36666666666666664,0.09,False,False,False
0,initial,769,150,145.0,30.0,0.48333333333333334,0.1,False,False,False
0,initial,770,150,130.0,25.0,0.43333333333333335,0.08333333333333333,False,False,False
0,initial,771,150,125.0,27.0,0.4166666666666667,0.09,False,False,False
0,initial,772,150,126.0,25.0,0.42,0.08333333333333333,False,False,False
0,initial,773,150,29.0,29.0,0.09666666666666666,0.09666666666666666,False,False,True
0,initial,774,150,148.0,33.0,0.49333333333333335,0.11,False,False,False
0,initial,775,150,95.0,30.0,0.31666666666666665,0.1,False,False,False
0,initial,776,150,185.0,24.0,0.6166666666666667,0.08,True,False,False
0,initial,777,150,100.0,26.0,0.3333333333333333,0.08666666666666667,False,False,False
0,initial,778,150,132.0,31.0,0.44,0.10333333333333333,False,False,False
0,initial,779,150,70.0,25.0,0.23333333333333334,0.08333333333333333,False,False,False
0,initial,780,150,165.0,27.0,0.55,0.09,True,False,False
0,initial,781,150,54.0,24.0,0.18,0.08,False,False,False
0,initial,782,150,155.0,24.0,0.5166666666666667,0.08,True,False,False
0,initial,783,150,119.0,27.0,0.39666666666666667,0.09,False,False,False
0,initial,784,150,142.0,26.0,0.47333333333333333,0.08666666666666667,False,False,False
0,initial,785,150,30.0,28.0,0.1,0.09333333333333334,False,False,True
0,initial,786,150,166.0,25.0,0.5533333333333333,0.08333333333333333,True,False,False
0,initial,787,150,93.0,41.0,0.31,0.13666666666666666,False,False,False
0,initial,788,150,110.0,34.0,0.36666666666666664,0.11333333333333333,False,False,False
0,initial,789,150,138.0,23.0,0.46,0.07666666666666666,False,False,False
0,initial,790,150,194.0,22.0,0.6466666666666666,0.07333333333333333,True,False,False
0,initial,791,150,70.0,30.0,0.23333333333333334,0.1,False,False,False
0,initial,792,150,133.0,26.0,0.44333333333333336,0.08666666666666667,False,False,False
0,initial,793,150,135.0,24.0,0.45,0.08,False,False,False
0,initial,794,150,130.0,23.0,0.43333333333333335,0.07666666666666666,False,False,False
0,initial,795,150,93.0,27.0,0.31,0.09,False,False,False
0,initial,796,150,82.0,29.0,0.2733333333333333,0.09666666666666666,False,False,False
0,initial,797,150,110.0,34.0,0.36666666666666664,0.11333333333333333,False,False,False
0,initial,798,150,103.0,26.0,0.3433333333333333,0.08666666666666667,False,False,False
0,initial,799,150,53.0,27.0,0.17666666666666667,0.09,False,False,False
0,initial,800,150,148.0,22.0,0.49333333333333335,0.07333333333333333,False,False,False
0,initial,801,150,116.0,24.0,0.38666666666666666,0.08,False,False,False
0,initial,802,150,97.0,27.0,0.3233333333333333,0.09,False,False,False
0,initial,803,150,60.0,24.0,0.2,0.08,False,False,False
0,initial,804,150,71.0,25.0,0.23666666666666666,0.08333333333333333,False,False,False
0,initial,805,150,157.0,25.0,0.5233333333333333,0.08333333333333333,True,False,False
0,initial,806,150,111.0,25.0,0.37,0.08333333333333333,False,False,False
0,initial,807,150,41.0,29.0,0.13666666666666666,0.09666666666666666,False,False,False
0,initial,808,150,175.0,22.0,0.5833333333333334,0.07333333333333333,True,False,False
0,initial,809,150,65.0,24.0,0.21666666666666667,0.08,False,False,False
0,initial,810,150,91.0,29.0,0.30333333333333334,0.09666666666666666,False,False,False
0,initial,811,150,135.0,27.0,0.45,0.09,False,False,False
0,initial,812,150,97.0,30.0,0.3233333333333333,0.1,False,False,False
0,initial,813,150,141.0,25.0,0.47,0.08333333333333333,False,False,False
0,initial,814,150,107.0,25.0,0.3566666666666667,0.08333333333333333,False,False,False
0,initial,815,150,115.0,29.0,0.38333333333333336,0.09666666666666666,False,False,False
0,initial,816,150,105.0,29.0,0.35,0.09666666666666666,False,False,False
0,initial,817,150,54.0,25.0,0.18,0.08333333333333333,False,False,False
0,initial,818,150,69.0,28.0,0.23,0.09333333333333334,False,False,False
0,initial,819,150,109.0,25.0,0.36333333333333334,0.08333333333333333,False,False,False
0,initial,820,150,84.0,27.0,0.28,0.09,False,False,False
0,initial,821,150,113.0,25.0,0.37666666666666665,0.08333333333333333,False,False,False
0,initial,822,150,67.0,23.0,0.22333333333333333,0.07666666666666666,False,False,False
0,initial,823,150,92.0,30.0,0.30666666666666664,0.1,False,False,False
0,initial,824,150,155.0,25.0,0.5166666666666667,0.08333333333333333,True,False,False
0,initial,825,150,118.0,24.0,0.3933333333333333,0.08,False,False,False
0,initial,826,150,99.0,29.0,0.33,0.09666666666666666,False,False,False
0,initial,827,150,140.0,27.0,0.4666666666666667,0.09,False,False,False
0,initial,828,150,100.0,26.0,0.3333333333333333,0.08666666666666667,False,False,False
0,initial,829,150,86.0,29.0,0.2866666666666667,0.09666666666666666,False,False,False
0,initial,830,150,114.0,25.0,0.38,0.08333333333333333,False,False,False
0,initial,831,150,148.0,27.0,0.49333333333333335,0.09,False,False,False
0,initial,832,150,150.0,27.0,0.5,0.09,True,False,False
0,initial,833,150,143.0,26.0,0.4766666666666667,0.08666666666666667,False,False,False
0,initial,834,150,47.0,29.0,0.15666666666666668,0.09666666666666666,False,False,False
0,initial,835,150,141.0,26.0,0.47,0.08666666666666667,False,False,False
0,initial,836,150,202.0,24.0,0.6733333333333333,0.08,True,False,False
0,initial,837,150,119.0,23.0,0.39666666666666667,0.07666666666666666,False,False,False
0,initial,838,150,106.0,26.0,0.35333333333333333,0.08666666666666667,False,False,False
0,initial,839,150,95.0,23.0,0.31666666666666665,0.07666666666666666,False,False,False
0,initial,840,150,92.0,31.0,0.30666666666666664,0.10333333333333333,False,False,False
0,initial,841,150,140.0,32.0,0.4666666666666667,0.10666666666666667,False,False,False
0,initial,842,150,25.0,24.0,0.08333333333333333,0.08,False,False,True
0,initial,843,150,133.0,24.0,0.44333333333333336,0.08,False,False,False
0,initial,844,150,29.0,28.0,0.09666666666666666,0.09333333333333334,False,False,True
0,initial,845,150,132.0,24.0,0.44,0.08,False,False,False
0,initial,846,150,84.0,34.0,0.28,0.11333333333333333,False,False,False
0,initial,847,150,145.0,23.0,0.48333333333333334,0.07666666666666666,False,False,False
0,initial,848,150,146.0,24.0,0.4866666666666667,0.08,False,False,False
0,initial,849,150,158.0,25.0,0.5266666666666666,0.08333333333333333,True,False,False
0,initial,850,150,121.0,26.0,0.4033333333333333,0.08666666666666667,False,False,False
0,initial,851,150,154.0,29.0,0.5133333333333333,0.09666666666666666,True,False,False
0,initial,852,150,143.0,25.0,0.4766666666666667,0.08333333333333333,False,False,False
0,initial,853,150,83.0,25.0,0.27666666666666667,0.08333333333333333,False,False,False
0,initial,854,150,102.0,26.0,0.34,0.08666666666666667,False,False,False
0,initial,855,150,166.0,27.0,0.5533333333333333,0.09,True,False,False
0,initial,856,150,120.0,31.0,0.4,0.10333333333333333,False,False,False
0,initial,857,150,80.0,29.0,0.26666666666666666,0.09666666666666666,False,False,False
0,initial,858,150,27.0,26.0,0.09,0.08666666666666667,False,False,True
0,initial,859,150,147.0,24.0,0.49,0.08,False,False,False
0,initial,860,150,82.0,25.0,0.2733333333333333,0.08333333333333333,False,False,False
0,initial,861,150,140.0,26.0,0.4666666666666667,0.08666666666666667,False,False,False
0,initial,862,150,24.0,23.0,0.08,0.07666666666666666,False,False,True
0,initial,863,150,139.0,34.0,0.4633333333333333,0.11333333333333333,False,False,False
0,initial,864,150,96.0,31.0,0.32,0.10333333333333333,False,False,False
0,initial,865,150,46.0,28.0,0.15333333333333332,0.09333333333333334,False,False,False
0,initial,866,150,134.0,23.0,0.44666666666666666,0.07666666666666666,False,False,False
0,initial,867,150,107.0,25.0,0.3566666666666667,0.08333333333333333,False,False,False
0,initial,868,150,72.0,25.0,0.24,0.08333333333333333,False,False,False
0,initial,869,150,115.0,23.0,0.38333333333333336,0.07666666666666666,False,False,False
0,initial,870,150,111.0,25.0,0.37,0.08333333333333333,False,False,False
0,initial,871,150,67.0,23.0,0.22333333333333333,0.07666666666666666,False,False,False
0,initial,872,150,193.0,25.0,0.6433333333333333,0.08333333333333333,True,False,False
0,initial,873,150,137.0,30.0,0.45666666666666667,0.1,False,False,False
0,initial,874,150,153.0,25.0,0.51,0.08333333333333333,True,False,False
0,initial,875,150,84.0,26.0,0.28,0.08666666666666667,False,False,False
0,initial,876,150,197.0,24.0,0.6566666666666666,0.08,True,False,False
0,initial,877,150,145.0,26.0,0.48333333333333334,0.08666666666666667,False,False,False
0,initial,878,150,118.0,24.0,0.3933333333333333,0.08,False,False,False
0,initial,879,150,116.0,25.0,0.38666666666666666,0.08333333333333333,False,False,False
0,initial,880,150,116.0,22.0,0.38666666666666666,0.07333333333333333,False,False,False
0,initial,881,150,38.0,29.0,0.12666666666666668,0.09666666666666666,False,False,False
0,initial,882,150,39.0,24.0,0.13,0.08,False,False,False
0,initial,883,150,162.0,25.0,0.54,0.08333333333333333,True,False,False
0,initial,884,150,56.0,24.0,0.18666666666666668,0.08,False,False,False
0,initial,885,150,137.0,25.0,0.45666666666666667,0.08333333333333333,False,False,False
0,initial,886,150,104.0,26.0,0.3466666666666667,0.08666666666666667,False,False,False
0,initial,887,150,92.0,30.0,0.30666666666666664,0.1,False,False,False
0,initial,888,150,105.0,34.0,0.35,0.11333333333333333,False,False,False
0,initial,889,150,160.0,25.0,0.5333333333333333,0.08333333333333333,True,False,False
0,initial,890,150,127.0,25.0,0.42333333333333334,0.08333333333333333,False,False,False
0,initial,891,150,103.0,36.0,0.3433333333333333,0.12,False,False,False
0,initial,892,150,182.0,27.0,0.6066666666666667,0.09,True,False,False
0,initial,893,150,179.0,25.0,0.5966666666666667,0.08333333333333333,True,False,False
0,initial,894,150,129.0,27.0,0.43,0.09,False,False,False
0,initial,895,150,98.0,24.0,0.32666666666666666,0.08,False,False,False
0,initial,896,150,113.0,24.0,0.37666666666666665,0.08,False,False,False
0,initial,897,150,155.0,33.0,0.5166666666666667,0.11,True,False,False
0,initial,898,150,99.0,26.0,0.33,0.08666666666666667,False,False,False
0,initial,899,150,156.0,25.0,0.52,0.08333333333333333,True,False,False
0,initial,900,150,139.0,27.0,0.4633333333333333,0.09,False,False,False
0,initial,901,150,55.0,25.0,0.18333333333333332,0.08333333333333333,False,False,False
0,initial,902,150,152.0,24.0,0.5066666666666667,0.08,True,False,False
0,initial,903,150,141.0,26.0,0.47,0.08666666666666667,False,False,False
0,initial,904,150,89.0,26.0,0.2966666666666667,0.08666666666666667,False,False,False
0,final,0,150,300.0,24.0,1.0,0.08,True,False,False
0,final,1,150,300.0,29.0,1.0,0.09666666666666666,True,False,False
0,final,2,150,300.0,28.0,1.0,0.09333333333333334,True,False,False
0,final,3,150,300.0,29.0,1.0,0.09666666666666666,True,False,False
0,final,4,150,82.0,30.0,0.2733333333333333,0.1,False,False,False
0,final,5,150,300.0,26.0,1.0,0.08666666666666667,True,False,False
0,final,6,150,300.0,24.0,1.0,0.08,True,False,False
0,final,7,150,300.0,28.0,1.0,0.09333333333333334,True,False,False
0,final,8,150,300.0,25.0,1.0,0.08333333333333333,True,False,False
0,final,9,150,27.0,22.0,0.09,0.07333333333333333,False,False,False
0,final,10,150,133.0,33.0,0.44333333333333336,0.11,False,False,False
0,final,11,150,300.0,25.0,1.0,0.08333333333333333,True,False,False
0,final,12,150,300.0,24.0,1.0,0.08,True,False,False
0,final,13,150,300.0,27.0,1.0,0.09,True,False,False
0,final,14,150,300.0,24.0,1.0,0.08,True,False,False
0,final,15,150,300.0,29.0,1.0,0.09666666666666666,True,False,False
0,final,16,150,300.0,24.0,1.0,0.08,True,False,False
0,final,17,150,300.0,25.0,1.0,0.08333333333333333,True,False,False
0,final,18,150,300.0,26.0,1.0,0.08666666666666667,True,False,False
0,final,19,150,300.0,30.0,1.0,0.1,True,False,False
0,final,20,150,174.0,25.0,0.58,0.08333333333333333,True,False,False
0,final,21,150,300.0,27.0,1.0,0.09,True,False,False
0,final,22,150,300.0,25.0,1.0,0.08333333333333333,True,False,False
0,final,23,150,300.0,26.0,1.0,0.08666666666666667,True,False,False
0,final,24,150,300.0,23.0,1.0,0.07666666666666666,True,False,False
0,final,25,150,19.0,17.0,0.06333333333333334,0.056666666666666664,False,False,False
0,final,26,150,300.0,24.0,1.0,0.08,True,False,False
0,final,27,150,300.0,30.0,1.0,0.1,True,False,False
0,final,28,150,93.0,29.0,0.31,0.09666666666666666,False,False,False
0,final,29,150,28.0,20.0,0.09333333333333334,0.06666666666666667,False,False,False
0,final,30,150,30.0,29.0,0.1,0.09666666666666666,False,False,True
0,final,31,150,300.0,26.0,1.0,0.08666666666666667,True,False,False
0,final,32,150,86.0,27.0,0.2866666666666667,0.09,False,False,False
0,final,33,150,300.0,25.0,1.0,0.08333333333333333,True,False,False
0,final,34,150,300.0,23.0,1.0,0.07666666666666666,True,False,False
0,final,35,150,300.0,29.0,1.0,0.09666666666666666,True,False,False
0,final,36,150,300.0,26.0,1.0,0.08666666666666667,True,False,False
0,final,37,150,58.0,37.0,0.19333333333333333,0.12333333333333334,False,False,False
0,final,38,150,300.0,30.0,1.0,0.1,True,False,False
0,final,39,150,300.0,28.0,1.0,0.09333333333333334,True,False,False
0,final,40,150,300.0,26.0,1.0,0.08666666666666667,True,False,False
0,final,41,150,83.0,25.0,0.27666666666666667,0.08333333333333333,False,False,False
0,final,42,150,38.0,34.0,0.12666666666666668,0.11333333333333333,False,False,False
0,final,43,150,300.0,26.0,1.0,0.08666666666666667,True,False,False
0,final,44,150,19.0,17.0,0.06333333333333334,0.056666666666666664,False,False,False
0,final,45,150,300.0,26.0,1.0,0.08666666666666667,True,False,False
0,final,46,150,78.0,30.0,0.26,0.1,False,False,False
0,final,47,150,80.0,28.0,0.26666666666666666,0.09333333333333334,False,False,False
0,final,48,150,134.0,23.0,0.44666666666666666,0.07666666666666666,False,False,False
0,final,49,150,77.0,28.0,0.25666666666666665,0.09333333333333334,False,False,False
0,final,50,150,41.0,27.0,0.13666666666666666,0.09,False,False,False
0,final,51,150,300.0,24.0,1.0,0.08,True,False,False
0,final,52,150,300.0,29.0,1.0,0.09666666666666666,True,False,False
0,final,53,150,300.0,29.0,1.0,0.09666666666666666,True,False,False
0,final,54,150,300.0,26.0,1.0,0.08666666666666667,True,False,False
0,final,55,150,300.0,22.0,1.0,0.07333333333333333,True,False,False
0,final,56,150,32.0,27.0,0.10666666666666667,0.09,False,False,False
0,final,57,150,124.0,30.0,0.41333333333333333,0.1,False,False,False
0,final,58,150,300.0,24.0,1.0,0.08,True,False,False
0,final,59,150,41.0,34.0,0.13666666666666666,0.11333333333333333,False,False,False
0,final,60,150,300.0,28.0,1.0,0.09333333333333334,True,False,False
0,final,61,150,300.0,25.0,1.0,0.08333333333333333,True,False,False
0,final,62,150,73.0,27.0,0.24333333333333335,0.09,False,False,False
0,final,63,150,300.0,27.0,1.0,0.09,True,False,False
0,final,64,150,73.0,28.0,0.24333333333333335,0.09333333333333334,False,False,False
0,final,65,150,300.0,26.0,1.0,0.08666666666666667,True,False,False
0,final,66,150,300.0,22.0,1.0,0.07333333333333333,True,False,False
0,final,67,150,300.0,25.0,1.0,0.08333333333333333,True,False,False
0,final,68,150,300.0,29.0,1.0,0.09666666666666666,True,False,False
0,final,69,150,134.0,30.0,0.44666666666666666,0.1,False,False,False
0,final,70,150,300.0,25.0,1.0,0.08333333333333333,True,False,False
0,final,71,150,300.0,29.0,1.0,0.09666666666666666,True,False,False
0,final,72,150,300.0,24.0,1.0,0.08,True,False,False
0,final,73,150,300.0,29.0,1.0,0.09666666666666666,True,False,False
0,final,74,150,270.0,26.0,0.9,0.08666666666666667,True,False,False
0,final,75,150,106.0,23.0,0.35333333333333333,0.07666666666666666,False,False,False
0,final,76,150,140.0,35.0,0.4666666666666667,0.11666666666666667,False,False,False
0,final,77,150,300.0,26.0,1.0,0.08666666666666667,True,False,False
0,final,78,150,300.0,27.0,1.0,0.09,True,False,False
0,final,79,150,300.0,30.0,1.0,0.1,True,False,False
0,final,80,150,300.0,24.0,1.0,0.08,True,False,False
0,final,81,150,300.0,28.0,1.0,0.09333333333333334,True,False,False
0,final,82,150,300.0,42.0,1.0,0.14,True,False,False
0,final,83,150,216.0,28.0,0.72,0.09333333333333334,True,False,False
0,final,84,150,300.0,24.0,1.0,0.08,True,False,False
0,final,85,150,300.0,27.0,1.0,0.09,True,False,False
0,final,86,150,300.0,24.0,1.0,0.08,True,False,False
0,final,87,150,300.0,25.0,1.0,0.08333333333333333,True,False,False
0,final,88,150,300.0,30.0,1.0,0.1,True,False,False
0,final,89,150,300.0,23.0,1.0,0.07666666666666666,True,False,False
0,final,90,150,98.0,23.0,0.32666666666666666,0.07666666666666666,False,False,False
0,final,91,150,300.0,36.0,1.0,0.12,True,False,False
0,final,92,150,109.0,27.0,0.36333333333333334,0.09,False,False,False
0,final,93,150,95.0,27.0,0.31666666666666665,0.09,False,False,False
0,final,94,150,41.0,27.0,0.13666666666666666,0.09,False,False,False
0,final,95,150,79.0,27.0,0.2633333333333333,0.09,False,False,False
0,final,96,150,300.0,28.0,1.0,0.09333333333333334,True,False,False
0,final,97,150,300.0,29.0,1.0,0.09666666666666666,True,False,False
0,final,98,150,300.0,26.0,1.0,0.08666666666666667,True,False,False
0,final,99,150,300.0,28.0,1.0,0.09333333333333334,True,False,False
0,final,100,150,112.0,27.0,0.37333333333333335,0.09,False,False,False
0,final,101,150,51.0,37.0,0.17,0.12333333333333334,False,False,False
0,final,102,150,164.0,28.0,0.5466666666666666,0.09333333333333334,True,False,False
0,final,103,150,22.0,22.0,0.07333333333333333,0.07333333333333333,False,False,True
0,final,104,150,30.0,29.0,0.1,0.09666666666666666,False,False,True
0,final,105,150,300.0,26.0,1.0,0.08666666666666667,True,False,False
0,final,106,150,170.0,29.0,0.5666666666666667,0.09666666666666666,True,False,False
0,final,107,150,300.0,25.0,1.0,0.08333333333333333,True,False,False
0,final,108,150,50.0,34.0,0.16666666666666666,0.11333333333333333,False,False,False
0,final,109,150,37.0,36.0,0.12333333333333334,0.12,False,False,True
0,final,110,150,24.0,22.0,0.08,0.07333333333333333,False,False,True
0,final,111,150,300.0,26.0,1.0,0.08666666666666667,True,False,False
0,final,112,150,300.0,23.0,1.0,0.07666666666666666,True,False,False
0,final,113,150,23.0,23.0,0.07666666666666666,0.07666666666666666,False,False,True
0,final,114,150,300.0,29.0,1.0,0.09666666666666666,True,False,False
0,final,115,150,300.0,25.0,1.0,0.08333333333333333,True,False,False
0,final,116,150,300.0,27.0,1.0,0.09,True,False,False
0,final,117,150,300.0,24.0,1.0,0.08,True,False,False
0,final,118,150,300.0,24.0,1.0,0.08,True,False,False
0,final,119,150,300.0,29.0,1.0,0.09666666666666666,True,False,False
0,final,120,150,300.0,26.0,1.0,0.08666666666666667,True,False,False
0,final,121,150,30.0,29.0,0.1,0.09666666666666666,False,False,True
0,final,122,150,70.0,29.0,0.23333333333333334,0.09666666666666666,False,False,False
0,final,123,150,300.0,23.0,1.0,0.07666666666666666,True,False,False
0,final,124,150,300.0,25.0,1.0,0.08333333333333333,True,False,False
0,final,125,150,54.0,37.0,0.18,0.12333333333333334,False,False,False
0,final,126,150,300.0,26.0,1.0,0.08666666666666667,True,False,False
0,final,127,150,27.0,26.0,0.09,0.08666666666666667,False,False,True
0,final,128,150,300.0,26.0,1.0,0.08666666666666667,True,False,False
0,final,129,150,161.0,30.0,0.5366666666666666,0.1,True,False,False
0,final,130,150,300.0,28.0,1.0,0.09333333333333334,True,False,False
0,final,131,150,300.0,23.0,1.0,0.07666666666666666,True,False,False
0,final,132,150,54.0,29.0,0.18,0.09666666666666666,False,False,False
0,final,133,150,300.0,26.0,1.0,0.08666666666666667,True,False,False
0,final,134,150,300.0,21.0,1.0,0.07,True,False,False
0,final,135,150,300.0,29.0,1.0,0.09666666666666666,True,False,False
0,final,136,150,89.0,23.0,0.2966666666666667,0.07666666666666666,False,False,False
0,final,137,150,131.0,30.0,0.43666666666666665,0.1,False,False,False
0,final,138,150,300.0,29.0,1.0,0.09666666666666666,True,False,False
0,final,139,150,32.0,27.0,0.10666666666666667,0.09,False,False,False
0,final,140,150,300.0,26.0,1.0,0.08666666666666667,True,False,False
0,final,141,150,240.0,29.0,0.8,0.09666666666666666,True,False,False
0,final,142,150,22.0,22.0,0.07333333333333333,0.07333333333333333,False,False,True
0,final,143,150,300.0,24.0,1.0,0.08,True,False,False
0,final,144,150,300.0,29.0,1.0,0.09666666666666666,True,False,False
0,final,145,150,59.0,22.0,0.19666666666666666,0.07333333333333333,False,False,False
0,final,146,150,56.0,33.0,0.18666666666666668,0.11,False,False,False
0,final,147,150,300.0,26.0,1.0,0.08666666666666667,True,False,False
0,final,148,150,300.0,27.0,1.0,0.09,True,False,False
0,final,149,150,300.0,25.0,1.0,0.08333333333333333,True,False,False
0,final,150,150,44.0,27.0,0.14666666666666667,0.09,False,False,False
0,final,151,150,300.0,27.0,1.0,0.09,True,False,False
0,final,152,150,300.0,26.0,1.0,0.08666666666666667,True,False,False
0,final,153,150,224.0,29.0,0.7466666666666667,0.09666666666666666,True,False,False
0,final,154,150,300.0,26.0,1.0,0.08666666666666667,True,False,False
0,final,155,150,300.0,26.0,1.0,0.08666666666666667,True,False,False
0,final,156,150,300.0,23.0,1.0,0.07666666666666666,True,False,False
0,final,157,150,300.0,30.0,1.0,0.1,True,False,False
0,final,158,150,166.0,30.0,0.5533333333333333,0.1,True,False,False
0,final,159,150,300.0,27.0,1.0,0.09,True,False,False
0,final,160,150,41.0,34.0,0.13666666666666666,0.11333333333333333,False,False,False
0,final,161,150,300.0,23.0,1.0,0.07666666666666666,True,False,False
0,final,162,150,300.0,26.0,1.0,0.08666666666666667,True,False,False
0,final,163,150,300.0,26.0,1.0,0.08666666666666667,True,False,False
0,final,164,150,300.0,24.0,1.0,0.08,True,False,False
0,final,165,150,300.0,24.0,1.0,0.08,True,False,False
0,final,166,150,300.0,23.0,1.0,0.07666666666666666,True,False,False
0,final,167,150,300.0,30.0,1.0,0.1,True,False,False
0,final,168,150,300.0,30.0,1.0,0.1,True,False,False
0,final,169,150,75.0,30.0,0.25,0.1,False,False,False
0,final,170,150,300.0,26.0,1.0,0.08666666666666667,True,False,False
0,final,171,150,55.0,24.0,0.18333333333333332,0.08,False,False,False
0,final,172,150,300.0,29.0,1.0,0.09666666666666666,True,False,False
0,final,173,150,37.0,34.0,0.12333333333333334,0.11333333333333333,False,False,True
0,final,174,150,96.0,30.0,0.32,0.1,False,False,False
0,final,175,150,300.0,26.0,1.0,0.08666666666666667,True,False,False
0,final,176,150,300.0,29.0,1.0,0.09666666666666666,True,False,False
0,final,177,150,80.0,33.0,0.26666666666666666,0.11,False,False,False
0,final,178,150,300.0,30.0,1.0,0.1,True,False,False
0,final,179,150,300.0,30.0,1.0,0.1,True,False,False
0,final,180,150,300.0,26.0,1.0,0.08666666666666667,True,False,False
0,final,181,150,94.0,23.0,0.31333333333333335,0.07666666666666666,False,False,False
0,final,182,150,124.0,30.0,0.41333333333333333,0.1,False,False,False
0,final,183,150,300.0,26.0,1.0,0.08666666666666667,True,False,False
0,final,184,150,99.0,28.0,0.33,0.09333333333333334,False,False,False
0,final,185,150,300.0,42.0,1.0,0.14,True,False,False
0,final,186,150,300.0,29.0,1.0,0.09666666666666666,True,False,False
0,final,187,150,300.0,25.0,1.0,0.08333333333333333,True,False,False
0,final,188,150,300.0,30.0,1.0,0.1,True,False,False
0,final,189,150,103.0,30.0,0.3433333333333333,0.1,False,False,False
0,final,190,150,57.0,26.0,0.19,0.08666666666666667,False,False,False
0,final,191,150,300.0,30.0,1.0,0.1,True,False,False
0,final,192,150,300.0,27.0,1.0,0.09,True,False,False
0,final,193,150,130.0,27.0,0.43333333333333335,0.09,False,False,False
0,final,194,150,300.0,29.0,1.0,0.09666666666666666,True,False,False
0,final,195,150,300.0,34.0,1.0,0.11333333333333333,True,False,False
0,final,196,150,51.0,34.0,0.17,0.11333333333333333,False,False,False
0,final,197,150,300.0,28.0,1.0,0.09333333333333334,True,False,False
0,final,198,150,116.0,25.0,0.38666666666666666,0.08333333333333333,False,False,False
0,final,199,150,64.0,33.0,0.21333333333333335,0.11,False,False,False
0,final,200,150,300.0,25.0,1.0,0.08333333333333333,True,False,False
0,final,201,150,300.0,28.0,1.0,0.09333333333333334,True,False,False
0,final,202,150,300.0,28.0,1.0,0.09333333333333334,True,False,False
0,final,203,150,300.0,26.0,1.0,0.08666666666666667,True,False,False
0,final,204,150,300.0,28.0,1.0,0.09333333333333334,True,False,False
0,final,205,150,300.0,25.0,1.0,0.08333333333333333,True,False,False
0,final,206,150,300.0,29.0,1.0,0.09666666666666666,True,False,False
0,final,207,150,40.0,24.0,0.13333333333333333,0.08,False,False,False
0,final,208,150,300.0,33.0,1.0,0.11,True,False,False
0,final,209,150,300.0,29.0,1.0,0.09666666666666666,True,False,False
0,final,210,150,300.0,24.0,1.0,0.08,True,False,False
0,final,211,150,300.0,25.0,1.0,0.08333333333333333,True,False,False
0,final,212,150,300.0,27.0,1.0,0.09,True,False,False
0,final,213,150,300.0,25.0,1.0,0.08333333333333333,True,False,False
0,final,214,150,300.0,25.0,1.0,0.08333333333333333,True,False,False
0,final,215,150,300.0,25.0,1.0,0.08333333333333333,True,False,False
0,final,216,150,300.0,25.0,1.0,0.08333333333333333,True,False,False
0,final,217,150,300.0,26.0,1.0,0.08666666666666667,True,False,False
0,final,218,150,300.0,28.0,1.0,0.09333333333333334,True,False,False
0,final,219,150,300.0,24.0,1.0,0.08,True,False,False
0,final,220,150,300.0,25.0,1.0,0.08333333333333333,True,False,False
0,final,221,150,79.0,27.0,0.2633333333333333,0.09,False,False,False
0,final,222,150,300.0,26.0,1.0,0.08666666666666667,True,False,False
0,final,223,150,132.0,30.0,0.44,0.1,False,False,False
0,final,224,150,300.0,29.0,1.0,0.09666666666666666,True,False,False
0,final,225,150,98.0,30.0,0.32666666666666666,0.1,False,False,False
0,final,226,150,262.0,26.0,0.8733333333333333,0.08666666666666667,True,False,False
0,final,227,150,109.0,39.0,0.36333333333333334,0.13,False,False,False
0,final,228,150,298.0,26.0,0.9933333333333333,0.08666666666666667,True,False,False
0,final,229,150,138.0,25.0,0.46,0.08333333333333333,False,False,False
0,final,230,150,300.0,34.0,1.0,0.11333333333333333,True,False,False
0,final,231,150,28.0,17.0,0.09333333333333334,0.056666666666666664,False,False,False
0,final,232,150,77.0,28.0,0.25666666666666665,0.09333333333333334,False,False,False
0,final,233,150,83.0,24.0,0.27666666666666667,0.08,False,False,False
0,final,234,150,300.0,29.0,1.0,0.09666666666666666,True,False,False
0,final,235,150,300.0,26.0,1.0,0.08666666666666667,True,False,False
0,final,236,150,300.0,26.0,1.0,0.08666666666666667,True,False,False
0,final,237,150,300.0,27.0,1.0,0.09,True,False,False
0,final,238,150,300.0,25.0,1.0,0.08333333333333333,True,False,False
0,final,239,150,300.0,24.0,1.0,0.08,True,False,False
0,final,240,150,22.0,22.0,0.07333333333333333,0.07333333333333333,False,False,True
0,final,241,150,90.0,24.0,0.3,0.08,False,False,False
0,final,242,150,300.0,29.0,1.0,0.09666666666666666,True,False,False
0,final,243,150,300.0,26.0,1.0,0.08666666666666667,True,False,False
0,final,244,150,300.0,28.0,1.0,0.09333333333333334,True,False,False
0,final,245,150,300.0,26.0,1.0,0.08666666666666667,True,False,False
0,final,246,150,53.0,27.0,0.17666666666666667,0.09,False,False,False
0,final,247,150,34.0,29.0,0.11333333333333333,0.09666666666666666,False,False,False
0,final,248,150,103.0,27.0,0.3433333333333333,0.09,False,False,False
0,final,249,150,131.0,30.0,0.43666666666666665,0.1,False,False,False
0,final,250,150,112.0,27.0,0.37333333333333335,0.09,False,False,False
0,final,251,150,138.0,35.0,0.46,0.11666666666666667,False,False,False
0,final,252,150,300.0,26.0,1.0,0.08666666666666667,True,False,False
0,final,253,150,300.0,24.0,1.0,0.08,True,False,False
0,final,254,150,300.0,29.0,1.0,0.09666666666666666,True,False,False
0,final,255,150,300.0,25.0,1.0,0.08333333333333333,True,False,False
0,final,256,150,300.0,23.0,1.0,0.07666666666666666,True,False,False
0,final,257,150,82.0,35.0,0.2733333333333333,0.11666666666666667,False,False,False
0,final,258,150,120.0,23.0,0.4,0.07666666666666666,False,False,False
0,final,259,150,300.0,26.0,1.0,0.08666666666666667,True,False,False
0,final,260,150,300.0,25.0,1.0,0.08333333333333333,True,False,False
0,final,261,150,300.0,24.0,1.0,0.08,True,False,False
0,final,262,150,300.0,29.0,1.0,0.09666666666666666,True,False,False
0,final,263,150,300.0,28.0,1.0,0.09333333333333334,True,False,False
0,final,264,150,36.0,34.0,0.12,0.11333333333333333,False,False,True
0,final,265,150,81.0,25.0,0.27,0.08333333333333333,False,False,False
0,final,266,150,300.0,26.0,1.0,0.08666666666666667,True,False,False
0,final,267,150,300.0,34.0,1.0,0.11333333333333333,True,False,False
0,final,268,150,28.0,27.0,0.09333333333333334,0.09,False,False,True
0,final,269,150,300.0,28.0,1.0,0.09333333333333334,True,False,False
0,final,270,150,64.0,33.0,0.21333333333333335,0.11,False,False,False
0,final,271,150,159.0,29.0,0.53,0.09666666666666666,True,False,False
0,final,272,150,300.0,26.0,1.0,0.08666666666666667,True,False,False
0,final,273,150,300.0,26.0,1.0,0.08666666666666667,True,False,False
0,final,274,150,300.0,25.0,1.0,0.08333333333333333,True,False,False
0,final,275,150,80.0,30.0,0.26666666666666666,0.1,False,False,False
0,final,276,150,164.0,29.0,0.5466666666666666,0.09666666666666666,True,False,False
0,final,277,150,300.0,27.0,1.0,0.09,True,False,False
0,final,278,150,300.0,26.0,1.0,0.08666666666666667,True,False,False
0,final,279,150,102.0,30.0,0.34,0.1,False,False,False
0,final,280,150,300.0,26.0,1.0,0.08666666666666667,True,False,False
0,final,281,150,300.0,33.0,1.0,0.11,True,False,False
0,final,282,150,300.0,26.0,1.0,0.08666666666666667,True,False,False
0,final,283,150,300.0,29.0,1.0,0.09666666666666666,True,False,False
0,final,284,150,300.0,29.0,1.0,0.09666666666666666,True,False,False
0,final,285,150,65.0,28.0,0.21666666666666667,0.09333333333333334,False,False,False
0,final,286,150,300.0,24.0,1.0,0.08,True,False,False
0,final,287,150,260.0,26.0,0.8666666666666667,0.08666666666666667,True,False,False
0,final,288,150,300.0,26.0,1.0,0.08666666666666667,True,False,False
0,final,289,150,300.0,25.0,1.0,0.08333333333333333,True,False,False
0,final,290,150,300.0,42.0,1.0,0.14,True,False,False
0,final,291,150,83.0,24.0,0.27666666666666667,0.08,False,False,False
0,final,292,150,280.0,32.0,0.9333333333333333,0.10666666666666667,True,False,False
0,final,293,150,300.0,28.0,1.0,0.09333333333333334,True,False,False
0,final,294,150,300.0,23.0,1.0,0.07666666666666666,True,False,False
0,final,295,150,300.0,23.0,1.0,0.07666666666666666,True,False,False
0,final,296,150,79.0,27.0,0.2633333333333333,0.09,False,False,False
0,final,297,150,300.0,26.0,1.0,0.08666666666666667,True,False,False
0,final,298,150,300.0,26.0,1.0,0.08666666666666667,True,False,False
0,final,299,150,300.0,25.0,1.0,0.08333333333333333,True,False,False
0,final,300,150,300.0,25.0,1.0,0.08333333333333333,True,False,False
0,final,301,150,24.0,22.0,0.08,0.07333333333333333,False,False,True
0,final,302,150,300.0,26.0,1.0,0.08666666666666667,True,False,False
0,final,303,150,102.0,30.0,0.34,0.1,False,False,False
0,final,304,150,300.0,25.0,1.0,0.08333333333333333,True,False,False
0,final,305,150,33.0,31.0,0.11,0.10333333333333333,False,False,True
0,final,306,150,300.0,42.0,1.0,0.14,True,False,False
0,final,307,150,300.0,29.0,1.0,0.09666666666666666,True,False,False
0,final,308,150,300.0,29.0,1.0,0.09666666666666666,True,False,False
0,final,309,150,300.0,27.0,1.0,0.09,True,False,False
0,final,310,150,234.0,32.0,0.78,0.10666666666666667,True,False,False
0,final,311,150,27.0,26.0,0.09,0.08666666666666667,False,False,True
0,final,312,150,76.0,27.0,0.25333333333333335,0.09,False,False,False
0,final,313,150,300.0,26.0,1.0,0.08666666666666667,True,False,False
0,final,314,150,300.0,24.0,1.0,0.08,True,False,False
0,final,315,150,300.0,29.0,1.0,0.09666666666666666,True,False,False
0,final,316,150,300.0,29.0,1.0,0.09666666666666666,True,False,False
0,final,317,150,300.0,25.0,1.0,0.08333333333333333,True,False,False
0,final,318,150,300.0,28.0,1.0,0.09333333333333334,True,False,False
0,final,319,150,300.0,34.0,1.0,0.11333333333333333,True,False,False
0,final,320,150,41.0,27.0,0.13666666666666666,0.09,False,False,False
0,final,321,150,42.0,34.0,0.14,0.11333333333333333,False,False,False
0,final,322,150,26.0,24.0,0.08666666666666667,0.08,False,False,True
0,final,323,150,124.0,29.0,0.41333333333333333,0.09666666666666666,False,False,False
0,final,324,150,300.0,24.0,1.0,0.08,True,False,False
0,final,325,150,40.0,27.0,0.13333333333333333,0.09,False,False,False
0,final,326,150,28.0,17.0,0.09333333333333334,0.056666666666666664,False,False,False
0,final,327,150,300.0,31.0,1.0,0.10333333333333333,True,False,False
0,final,328,150,206.0,29.0,0.6866666666666666,0.09666666666666666,True,False,False
0,final,329,150,300.0,27.0,1.0,0.09,True,False,False
0,final,330,150,300.0,25.0,1.0,0.08333333333333333,True,False,False
0,final,331,150,300.0,28.0,1.0,0.09333333333333334,True,False,False
0,final,332,150,300.0,26.0,1.0,0.08666666666666667,True,False,False
0,final,333,150,300.0,26.0,1.0,0.08666666666666667,True,False,False
0,final,334,150,300.0,34.0,1.0,0.11333333333333333,True,False,False
0,final,335,150,300.0,26.0,1.0,0.08666666666666667,True,False,False
0,final,336,150,134.0,27.0,0.44666666666666666,0.09,False,False,False
0,final,337,150,28.0,27.0,0.09333333333333334,0.09,False,False,True
0,final,338,150,268.0,24.0,0.8933333333333333,0.08,True,False,False
0,final,339,150,300.0,26.0,1.0,0.08666666666666667,True,False,False
0,final,340,150,300.0,30.0,1.0,0.1,True,False,False
0,final,341,150,300.0,25.0,1.0,0.08333333333333333,True,False,False
0,final,342,150,79.0,28.0,0.2633333333333333,0.09333333333333334,False,False,False
0,final,343,150,300.0,29.0,1.0,0.09666666666666666,True,False,False
0,final,344,150,59.0,28.0,0.19666666666666666,0.09333333333333334,False,False,False
0,final,345,150,77.0,39.0,0.25666666666666665,0.13,False,False,False
0,final,346,150,27.0,26.0,0.09,0.08666666666666667,False,False,True
0,final,347,150,300.0,26.0,1.0,0.08666666666666667,True,False,False
0,final,348,150,122.0,26.0,0.4066666666666667,0.08666666666666667,False,False,False
0,final,349,150,202.0,26.0,0.6733333333333333,0.08666666666666667,True,False,False
0,final,350,150,148.0,28.0,0.49333333333333335,0.09333333333333334,False,False,False
0,final,351,150,300.0,26.0,1.0,0.08666666666666667,True,False,False
0,final,352,150,300.0,25.0,1.0,0.08333333333333333,True,False,False
0,final,353,150,28.0,20.0,0.09333333333333334,0.06666666666666667,False,False,False
0,final,354,150,300.0,24.0,1.0,0.08,True,False,False
0,final,355,150,300.0,31.0,1.0,0.10333333333333333,True,False,False
0,final,356,150,300.0,24.0,1.0,0.08,True,False,False
0,final,357,150,300.0,26.0,1.0,0.08666666666666667,True,False,False
0,final,358,150,300.0,24.0,1.0,0.08,True,False,False
0,final,359,150,300.0,27.0,1.0,0.09,True,False,False
0,final,360,150,300.0,24.0,1.0,0.08,True,False,False
0,final,361,150,300.0,30.0,1.0,0.1,True,False,False
0,final,362,150,300.0,24.0,1.0,0.08,True,False,False
0,final,363,150,174.0,25.0,0.58,0.08333333333333333,True,False,False
0,final,364,150,300.0,29.0,1.0,0.09666666666666666,True,False,False
0,final,365,150,300.0,23.0,1.0,0.07666666666666666,True,False,False
0,final,366,150,300.0,25.0,1.0,0.08333333333333333,True,False,False
0,final,367,150,300.0,29.0,1.0,0.09666666666666666,True,False,False
0,final,368,150,28.0,18.0,0.09333333333333334,0.06,False,False,False
0,final,369,150,44.0,27.0,0.14666666666666667,0.09,False,False,False
0,final,370,150,92.0,27.0,0.30666666666666664,0.09,False,False,False
0,final,371,150,300.0,26.0,1.0,0.08666666666666667,True,False,False
0,final,372,150,112.0,23.0,0.37333333333333335,0.07666666666666666,False,False,False
0,final,373,150,57.0,22.0,0.19,0.07333333333333333,False,False,False
0,final,374,150,300.0,21.0,1.0,0.07,True,False,False
0,final,375,150,300.0,34.0,1.0,0.11333333333333333,True,False,False
0,final,376,150,300.0,28.0,1.0,0.09333333333333334,True,False,False
0,final,377,150,300.0,27.0,1.0,0.09,True,False,False
0,final,378,150,36.0,32.0,0.12,0.10666666666666667,False,False,False
0,final,379,150,116.0,26.0,0.38666666666666666,0.08666666666666667,False,False,False
0,final,380,150,300.0,25.0,1.0,0.08333333333333333,True,False,False
0,final,381,150,300.0,29.0,1.0,0.09666666666666666,True,False,False
0,final,382,150,300.0,25.0,1.0,0.08333333333333333,True,False,False
0,final,383,150,300.0,26.0,1.0,0.08666666666666667,True,False,False
0,final,384,150,22.0,22.0,0.07333333333333333,0.07333333333333333,False,False,True
0,final,385,150,41.0,27.0,0.13666666666666666,0.09,False,False,False
0,final,386,150,300.0,24.0,1.0,0.08,True,False,False
0,final,387,150,41.0,28.0,0.13666666666666666,0.09333333333333334,False,False,False
0,final,388,150,300.0,22.0,1.0,0.07333333333333333,True,False,False
0,final,389,150,300.0,26.0,1.0,0.08666666666666667,True,False,False
0,final,390,150,300.0,24.0,1.0,0.08,True,False,False
0,final,391,150,300.0,26.0,1.0,0.08666666666666667,True,False,False
0,final,392,150,116.0,30.0,0.38666666666666666,0.1,False,False,False
0,final,393,150,212.0,28.0,0.7066666666666667,0.09333333333333334,True,False,False
0,final,394,150,300.0,29.0,1.0,0.09666666666666666,True,False,False
0,final,395,150,99.0,35.0,0.33,0.11666666666666667,False,False,False
0,final,396,150,300.0,28.0,1.0,0.09333333333333334,True,False,False
0,final,397,150,300.0,29.0,1.0,0.09666666666666666,True,False,False
0,final,398,150,300.0,26.0,1.0,0.08666666666666667,True,False,False
0,final,399,150,131.0,27.0,0.43666666666666665,0.09,False,False,False
0,final,400,150,102.0,30.0,0.34,0.1,False,False,False
0,final,401,150,300.0,25.0,1.0,0.08333333333333333,True,False,False
0,final,402,150,57.0,26.0,0.19,0.08666666666666667,False,False,False
0,final,403,150,300.0,29.0,1.0,0.09666666666666666,True,False,False
0,final,404,150,300.0,25.0,1.0,0.08333333333333333,True,False,False
0,final,405,150,300.0,29.0,1.0,0.09666666666666666,True,False,False
0,final,406,150,121.0,39.0,0.4033333333333333,0.13,False,False,False
0,final,407,150,300.0,25.0,1.0,0.08333333333333333,True,False,False
0,final,408,150,300.0,32.0,1.0,0.10666666666666667,True,False,False
0,final,409,150,300.0,30.0,1.0,0.1,True,False,False
0,final,410,150,300.0,27.0,1.0,0.09,True,False,False
0,final,411,150,26.0,24.0,0.08666666666666667,0.08,False,False,True
0,final,412,150,300.0,26.0,1.0,0.08666666666666667,True,False,False
0,final,413,150,86.0,24.0,0.2866666666666667,0.08,False,False,False
0,final,414,150,300.0,24.0,1.0,0.08,True,False,False
0,final,415,150,300.0,29.0,1.0,0.09666666666666666,True,False,False
0,final,416,150,300.0,24.0,1.0,0.08,True,False,False
0,final,417,150,300.0,29.0,1.0,0.09666666666666666,True,False,False
0,final,418,150,300.0,32.0,1.0,0.10666666666666667,True,False,False
0,final,419,150,30.0,29.0,0.1,0.09666666666666666,False,False,True
0,final,420,150,300.0,24.0,1.0,0.08,True,False,False
0,final,421,150,70.0,25.0,0.23333333333333334,0.08333333333333333,False,False,False
0,final,422,150,99.0,35.0,0.33,0.11666666666666667,False,False,False
0,final,423,150,28.0,27.0,0.09333333333333334,0.09,False,False,True
0,final,424,150,118.0,29.0,0.3933333333333333,0.09666666666666666,False,False,False
0,final,425,150,300.0,28.0,1.0,0.09333333333333334,True,False,False
0,final,426,150,300.0,26.0,1.0,0.08666666666666667,True,False,False
0,final,427,150,300.0,30.0,1.0,0.1,True,False,False
0,final,428,150,300.0,25.0,1.0,0.08333333333333333,True,False,False
0,final,429,150,300.0,21.0,1.0,0.07,True,False,False
0,final,430,150,300.0,24.0,1.0,0.08,True,False,False
0,final,431,150,300.0,26.0,1.0,0.08666666666666667,True,False,False
0,final,432,150,300.0,26.0,1.0,0.08666666666666667,True,False,False
0,final,433,150,135.0,30.0,0.45,0.1,False,False,False
0,final,434,150,95.0,27.0,0.31666666666666665,0.09,False,False,False
0,final,435,150,173.0,30.0,0.5766666666666667,0.1,True,False,False
0,final,436,150,300.0,27.0,1.0,0.09,True,False,False
0,final,437,150,236.0,30.0,0.7866666666666666,0.1,True,False,False
0,final,438,150,300.0,28.0,1.0,0.09333333333333334,True,False,False
0,final,439,150,300.0,24.0,1.0,0.08,True,False,False
0,final,440,150,82.0,35.0,0.2733333333333333,0.11666666666666667,False,False,False
0,final,441,150,53.0,27.0,0.17666666666666667,0.09,False,False,False
0,final,442,150,300.0,26.0,1.0,0.08666666666666667,True,False,False
0,final,443,150,46.0,29.0,0.15333333333333332,0.09666666666666666,False,False,False
0,final,444,150,300.0,30.0,1.0,0.1,True,False,False
0,final,445,150,300.0,26.0,1.0,0.08666666666666667,True,False,False
0,final,446,150,300.0,25.0,1.0,0.08333333333333333,True,False,False
0,final,447,150,300.0,32.0,1.0,0.10666666666666667,True,False,False
0,final,448,150,173.0,30.0,0.5766666666666667,0.1,True,False,False
0,final,449,150,300.0,29.0,1.0,0.09666666666666666,True,False,False
0,final,450,150,300.0,31.0,1.0,0.10333333333333333,True,False,False
0,final,451,150,300.0,28.0,1.0,0.09333333333333334,True,False,False
0,final,452,150,300.0,26.0,1.0,0.08666666666666667,True,False,False
0,final,453,150,298.0,31.0,0.9933333333333333,0.10333333333333333,True,False,False
0,final,454,150,300.0,23.0,1.0,0.07666666666666666,True,False,False
0,final,455,150,300.0,25.0,1.0,0.08333333333333333,True,False,False
0,final,456,150,300.0,25.0,1.0,0.08333333333333333,True,False,False
0,final,457,150,234.0,32.0,0.78,0.10666666666666667,True,False,False
0,final,458,150,300.0,25.0,1.0,0.08333333333333333,True,False,False
0,final,459,150,300.0,26.0,1.0,0.08666666666666667,True,False,False
0,final,460,150,228.0,28.0,0.76,0.09333333333333334,True,False,False
0,final,461,150,103.0,30.0,0.3433333333333333,0.1,False,False,False
0,final,462,150,41.0,27.0,0.13666666666666666,0.09,False,False,False
0,final,463,150,56.0,26.0,0.18666666666666668,0.08666666666666667,False,False,False
0,final,464,150,34.0,31.0,0.11333333333333333,0.10333333333333333,False,False,True
0,final,465,150,300.0,25.0,1.0,0.08333333333333333,True,False,False
0,final,466,150,264.0,29.0,0.88,0.09666666666666666,True,False,False
0,final,467,150,300.0,25.0,1.0,0.08333333333333333,True,False,False
0,final,468,150,300.0,29.0,1.0,0.09666666666666666,True,False,False
0,final,469,150,300.0,30.0,1.0,0.1,True,False,False
0,final,470,150,28.0,18.0,0.09333333333333334,0.06,False,False,False
0,final,471,150,300.0,25.0,1.0,0.08333333333333333,True,False,False
0,final,472,150,300.0,22.0,1.0,0.07333333333333333,True,False,False
0,final,473,150,52.0,24.0,0.17333333333333334,0.08,False,False,False
0,final,474,150,300.0,22.0,1.0,0.07333333333333333,True,False,False
0,final,475,150,92.0,24.0,0.30666666666666664,0.08,False,False,False
0,final,476,150,84.0,24.0,0.28,0.08,False,False,False
0,final,477,150,300.0,26.0,1.0,0.08666666666666667,True,False,False
0,final,478,150,300.0,25.0,1.0,0.08333333333333333,True,False,False
0,final,479,150,300.0,27.0,1.0,0.09,True,False,False
0,final,480,150,300.0,28.0,1.0,0.09333333333333334,True,False,False
0,final,481,150,300.0,25.0,1.0,0.08333333333333333,True,False,False
0,final,482,150,300.0,24.0,1.0,0.08,True,False,False
0,final,483,150,95.0,24.0,0.31666666666666665,0.08,False,False,False
0,final,484,150,148.0,32.0,0.49333333333333335,0.10666666666666667,False,False,False
0,final,485,150,173.0,30.0,0.5766666666666667,0.1,True,False,False
0,final,486,150,300.0,26.0,1.0,0.08666666666666667,True,False,False
0,final,487,150,102.0,30.0,0.34,0.1,False,False,False
0,final,488,150,300.0,29.0,1.0,0.09666666666666666,True,False,False
0,final,489,150,300.0,29.0,1.0,0.09666666666666666,True,False,False
0,final,490,150,300.0,26.0,1.0,0.08666666666666667,True,False,False
0,final,491,150,300.0,25.0,1.0,0.08333333333333333,True,False,False
0,final,492,150,300.0,25.0,1.0,0.08333333333333333,True,False,False
0,final,493,150,300.0,34.0,1.0,0.11333333333333333,True,False,False
0,final,494,150,300.0,30.0,1.0,0.1,True,False,False
0,final,495,150,142.0,35.0,0.47333333333333333,0.11666666666666667,False,False,False
0,final,496,150,300.0,26.0,1.0,0.08666666666666667,True,False,False
0,final,497,150,300.0,25.0,1.0,0.08333333333333333,True,False,False
0,final,498,150,300.0,25.0,1.0,0.08333333333333333,True,False,False
0,final,499,150,300.0,28.0,1.0,0.09333333333333334,True,False,False
0,final,500,150,300.0,23.0,1.0,0.07666666666666666,True,False,False
0,final,501,150,300.0,26.0,1.0,0.08666666666666667,True,False,False
0,final,502,150,300.0,30.0,1.0,0.1,True,False,False
0,final,503,150,300.0,28.0,1.0,0.09333333333333334,True,False,False
0,final,504,150,57.0,22.0,0.19,0.07333333333333333,False,False,False
0,final,505,150,300.0,32.0,1.0,0.10666666666666667,True,False,False
0,final,506,150,300.0,25.0,1.0,0.08333333333333333,True,False,False
0,final,507,150,300.0,25.0,1.0,0.08333333333333333,True,False,False
0,final,508,150,300.0,26.0,1.0,0.08666666666666667,True,False,False
0,final,509,150,156.0,28.0,0.52,0.09333333333333334,True,False,False
0,final,510,150,133.0,33.0,0.44333333333333336,0.11,False,False,False
0,final,511,150,204.0,24.0,0.68,0.08,True,False,False
0,final,512,150,138.0,25.0,0.46,0.08333333333333333,False,False,False
0,final,513,150,87.0,28.0,0.29,0.09333333333333334,False,False,False
0,final,514,150,82.0,29.0,0.2733333333333333,0.09666666666666666,False,False,False
0,final,515,150,300.0,27.0,1.0,0.09,True,False,False
0,final,516,150,288.0,24.0,0.96,0.08,True,False,False
0,final,517,150,300.0,30.0,1.0,0.1,True,False,False
0,final,518,150,300.0,25.0,1.0,0.08333333333333333,True,False,False
0,final,519,150,94.0,29.0,0.31333333333333335,0.09666666666666666,False,False,False
0,final,520,150,300.0,30.0,1.0,0.1,True,False,False
0,final,521,150,270.0,24.0,0.9,0.08,True,False,False
0,final,522,150,300.0,22.0,1.0,0.07333333333333333,True,False,False
0,final,523,150,300.0,31.0,1.0,0.10333333333333333,True,False,False
0,final,524,150,300.0,25.0,1.0,0.08333333333333333,True,False,False
0,final,525,150,300.0,26.0,1.0,0.08666666666666667,True,False,False
0,final,526,150,300.0,26.0,1.0,0.08666666666666667,True,False,False
0,final,527,150,160.0,27.0,0.5333333333333333,0.09,True,False,False
0,final,528,150,300.0,26.0,1.0,0.08666666666666667,True,False,False
0,final,529,150,300.0,26.0,1.0,0.08666666666666667,True,False,False
0,final,530,150,300.0,25.0,1.0,0.08333333333333333,True,False,False
0,final,531,150,300.0,32.0,1.0,0.10666666666666667,True,False,False
0,final,532,150,64.0,27.0,0.21333333333333335,0.09,False,False,False
0,final,533,150,34.0,31.0,0.11333333333333333,0.10333333333333333,False,False,True
0,final,534,150,300.0,24.0,1.0,0.08,True,False,False
0,final,535,150,300.0,24.0,1.0,0.08,True,False,False
0,final,536,150,300.0,29.0,1.0,0.09666666666666666,True,False,False
0,final,537,150,30.0,29.0,0.1,0.09666666666666666,False,False,True
0,final,538,150,300.0,27.0,1.0,0.09,True,False,False
0,final,539,150,300.0,29.0,1.0,0.09666666666666666,True,False,False
0,final,540,150,41.0,34.0,0.13666666666666666,0.11333333333333333,False,False,False
0,final,541,150,276.0,30.0,0.92,0.1,True,False,False
0,final,542,150,300.0,24.0,1.0,0.08,True,False,False
0,final,543,150,300.0,42.0,1.0,0.14,True,False,False
0,final,544,150,21.0,20.0,0.07,0.06666666666666667,False,False,True
0,final,545,150,300.0,26.0,1.0,0.08666666666666667,True,False,False
0,final,546,150,300.0,30.0,1.0,0.1,True,False,False
0,final,547,150,300.0,27.0,1.0,0.09,True,False,False
0,final,548,150,300.0,26.0,1.0,0.08666666666666667,True,False,False
0,final,549,150,300.0,23.0,1.0,0.07666666666666666,True,False,False
0,final,550,150,300.0,29.0,1.0,0.09666666666666666,True,False,False
0,final,551,150,85.0,39.0,0.2833333333333333,0.13,False,False,False
0,final,552,150,300.0,26.0,1.0,0.08666666666666667,True,False,False
0,final,553,150,137.0,39.0,0.45666666666666667,0.13,False,False,False
0,final,554,150,97.0,38.0,0.3233333333333333,0.12666666666666668,False,False,False
0,final,555,150,98.0,27.0,0.32666666666666666,0.09,False,False,False
0,final,556,150,300.0,25.0,1.0,0.08333333333333333,True,False,False
0,final,557,150,300.0,27.0,1.0,0.09,True,False,False
0,final,558,150,300.0,24.0,1.0,0.08,True,False,False
0,final,559,150,40.0,39.0,0.13333333333333333,0.13,False,False,True
0,final,560,150,294.0,24.0,0.98,0.08,True,False,False
0,final,561,150,300.0,29.0,1.0,0.09666666666666666,True,False,False
0,final,562,150,73.0,33.0,0.24333333333333335,0.11,False,False,False
0,final,563,150,300.0,25.0,1.0,0.08333333333333333,True,False,False
0,final,564,150,286.0,29.0,0.9533333333333334,0.09666666666666666,True,False,False
0,final,565,150,300.0,27.0,1.0,0.09,True,False,False
0,final,566,150,300.0,25.0,1.0,0.08333333333333333,True,False,False
0,final,567,150,300.0,28.0,1.0,0.09333333333333334,True,False,False
0,final,568,150,100.0,27.0,0.3333333333333333,0.09,False,False,False
0,final,569,150,294.0,24.0,0.98,0.08,True,False,False
0,final,570,150,247.0,33.0,0.8233333333333334,0.11,True,False,False
0,final,571,150,300.0,29.0,1.0,0.09666666666666666,True,False,False
0,final,572,150,300.0,24.0,1.0,0.08,True,False,False
0,final,573,150,78.0,29.0,0.26,0.09666666666666666,False,False,False
0,final,574,150,300.0,30.0,1.0,0.1,True,False,False
0,final,575,150,300.0,25.0,1.0,0.08333333333333333,True,False,False
0,final,576,150,63.0,37.0,0.21,0.12333333333333334,False,False,False
0,final,577,150,100.0,25.0,0.3333333333333333,0.08333333333333333,False,False,False
0,final,578,150,218.0,26.0,0.7266666666666667,0.08666666666666667,True,False,False
0,final,579,150,19.0,18.0,0.06333333333333334,0.06,False,False,True
0,final,580,150,300.0,26.0,1.0,0.08666666666666667,True,False,False
0,final,581,150,300.0,25.0,1.0,0.08333333333333333,True,False,False
0,final,582,150,300.0,28.0,1.0,0.09333333333333334,True,False,False
0,final,583,150,300.0,25.0,1.0,0.08333333333333333,True,False,False
0,final,584,150,41.0,27.0,0.13666666666666666,0.09,False,False,False
0,final,585,150,300.0,26.0,1.0,0.08666666666666667,True,False,False
0,final,586,150,135.0,30.0,0.45,0.1,False,False,False
0,final,587,150,64.0,33.0,0.21333333333333335,0.11,False,False,False
0,final,588,150,300.0,28.0,1.0,0.09333333333333334,True,False,False
0,final,589,150,300.0,24.0,1.0,0.08,True,False,False
0,final,590,150,300.0,27.0,1.0,0.09,True,False,False
0,final,591,150,300.0,24.0,1.0,0.08,True,False,False
0,final,592,150,300.0,34.0,1.0,0.11333333333333333,True,False,False
0,final,593,150,300.0,30.0,1.0,0.1,True,False,False
0,final,594,150,300.0,26.0,1.0,0.08666666666666667,True,False,False
0,final,595,150,30.0,29.0,0.1,0.09666666666666666,False,False,True
0,final,596,150,41.0,34.0,0.13666666666666666,0.11333333333333333,False,False,False
0,final,597,150,300.0,26.0,1.0,0.08666666666666667,True,False,False
0,final,598,150,300.0,30.0,1.0,0.1,True,False,False
0,final,599,150,300.0,25.0,1.0,0.08333333333333333,True,False,False
0,final,600,150,300.0,26.0,1.0,0.08666666666666667,True,False,False
0,final,601,150,55.0,37.0,0.18333333333333332,0.12333333333333334,False,False,False
0,final,602,150,300.0,22.0,1.0,0.07333333333333333,True,False,False
0,final,603,150,300.0,26.0,1.0,0.08666666666666667,True,False,False
0,final,604,150,300.0,25.0,1.0,0.08333333333333333,True,False,False
0,final,605,150,135.0,30.0,0.45,0.1,False,False,False
0,final,606,150,101.0,35.0,0.33666666666666667,0.11666666666666667,False,False,False
0,final,607,150,28.0,27.0,0.09333333333333334,0.09,False,False,True
0,final,608,150,300.0,26.0,1.0,0.08666666666666667,True,False,False
0,final,609,150,89.0,27.0,0.2966666666666667,0.09,False,False,False
0,final,610,150,300.0,28.0,1.0,0.09333333333333334,True,False,False
0,final,611,150,300.0,25.0,1.0,0.08333333333333333,True,False,False
0,final,612,150,300.0,30.0,1.0,0.1,True,False,False
0,final,613,150,218.0,25.0,0.7266666666666667,0.08333333333333333,True,False,False
0,final,614,150,300.0,32.0,1.0,0.10666666666666667,True,False,False
0,final,615,150,300.0,24.0,1.0,0.08,True,False,False
0,final,616,150,28.0,27.0,0.09333333333333334,0.09,False,False,True
0,final,617,150,300.0,25.0,1.0,0.08333333333333333,True,False,False
0,final,618,150,77.0,30.0,0.25666666666666665,0.1,False,False,False
0,final,619,150,300.0,30.0,1.0,0.1,True,False,False
0,final,620,150,182.0,27.0,0.6066666666666667,0.09,True,False,False
0,final,621,150,41.0,27.0,0.13666666666666666,0.09,False,False,False
0,final,622,150,300.0,34.0,1.0,0.11333333333333333,True,False,False
0,final,623,150,237.0,31.0,0.79,0.10333333333333333,True,False,False
0,final,624,150,300.0,30.0,1.0,0.1,True,False,False
0,final,625,150,300.0,26.0,1.0,0.08666666666666667,True,False,False
0,final,626,150,300.0,25.0,1.0,0.08333333333333333,True,False,False
0,final,627,150,300.0,25.0,1.0,0.08333333333333333,True,False,False
0,final,628,150,300.0,26.0,1.0,0.08666666666666667,True,False,False
0,final,629,150,27.0,24.0,0.09,0.08,False,False,False
0,final,630,150,27.0,26.0,0.09,0.08666666666666667,False,False,True
0,final,631,150,85.0,27.0,0.2833333333333333,0.09,False,False,False
0,final,632,150,300.0,36.0,1.0,0.12,True,False,False
0,final,633,150,300.0,27.0,1.0,0.09,True,False,False
0,final,634,150,300.0,31.0,1.0,0.10333333333333333,True,False,False
0,final,635,150,103.0,29.0,0.3433333333333333,0.09666666666666666,False,False,False
0,final,636,150,300.0,23.0,1.0,0.07666666666666666,True,False,False
0,final,637,150,300.0,25.0,1.0,0.08333333333333333,True,False,False
0,final,638,150,300.0,24.0,1.0,0.08,True,False,False
0,final,639,150,282.0,29.0,0.94,0.09666666666666666,True,False,False
0,final,640,150,300.0,25.0,1.0,0.08333333333333333,True,False,False
0,final,641,150,32.0,30.0,0.10666666666666667,0.1,False,False,True
0,final,642,150,300.0,23.0,1.0,0.07666666666666666,True,False,False
0,final,643,150,144.0,32.0,0.48,0.10666666666666667,False,False,False
0,final,644,150,300.0,26.0,1.0,0.08666666666666667,True,False,False
0,final,645,150,27.0,26.0,0.09,0.08666666666666667,False,False,True
0,final,646,150,300.0,25.0,1.0,0.08333333333333333,True,False,False
0,final,647,150,81.0,29.0,0.27,0.09666666666666666,False,False,False
0,final,648,150,300.0,25.0,1.0,0.08333333333333333,True,False,False
0,final,649,150,300.0,26.0,1.0,0.08666666666666667,True,False,False
0,final,650,150,300.0,26.0,1.0,0.08666666666666667,True,False,False
0,final,651,150,300.0,26.0,1.0,0.08666666666666667,True,False,False
0,final,652,150,300.0,26.0,1.0,0.08666666666666667,True,False,False
0,final,653,150,41.0,27.0,0.13666666666666666,0.09,False,False,False
0,final,654,150,300.0,24.0,1.0,0.08,True,False,False
0,final,655,150,300.0,26.0,1.0,0.08666666666666667,True,False,False
0,final,656,150,300.0,24.0,1.0,0.08,True,False,False
0,final,657,150,27.0,24.0,0.09,0.08,False,False,False
0,final,658,150,83.0,29.0,0.27666666666666667,0.09666666666666666,False,False,False
0,final,659,150,85.0,29.0,0.2833333333333333,0.09666666666666666,False,False,False
0,final,660,150,300.0,34.0,1.0,0.11333333333333333,True,False,False
0,final,661,150,300.0,25.0,1.0,0.08333333333333333,True,False,False
0,final,662,150,300.0,23.0,1.0,0.07666666666666666,True,False,False
0,final,663,150,22.0,22.0,0.07333333333333333,0.07333333333333333,False,False,True
0,final,664,150,300.0,25.0,1.0,0.08333333333333333,True,False,False
0,final,665,150,95.0,27.0,0.31666666666666665,0.09,False,False,False
0,final,666,150,173.0,30.0,0.5766666666666667,0.1,True,False,False
0,final,667,150,300.0,23.0,1.0,0.07666666666666666,True,False,False
0,final,668,150,24.0,23.0,0.08,0.07666666666666666,False,False,True
0,final,669,150,36.0,33.0,0.12,0.11,False,False,True
0,final,670,150,51.0,30.0,0.17,0.1,False,False,False
0,final,671,150,300.0,26.0,1.0,0.08666666666666667,True,False,False
0,final,672,150,27.0,26.0,0.09,0.08666666666666667,False,False,True
0,final,673,150,96.0,24.0,0.32,0.08,False,False,False
0,final,674,150,300.0,28.0,1.0,0.09333333333333334,True,False,False
0,final,675,150,54.0,33.0,0.18,0.11,False,False,False
0,final,676,150,66.0,27.0,0.22,0.09,False,False,False
0,final,677,150,300.0,24.0,1.0,0.08,True,False,False
0,final,678,150,300.0,26.0,1.0,0.08666666666666667,True,False,False
0,final,679,150,300.0,28.0,1.0,0.09333333333333334,True,False,False
0,final,680,150,86.0,29.0,0.2866666666666667,0.09666666666666666,False,False,False
0,final,681,150,300.0,27.0,1.0,0.09,True,False,False
0,final,682,150,300.0,25.0,1.0,0.08333333333333333,True,False,False
0,final,683,150,300.0,24.0,1.0,0.08,True,False,False
0,final,684,150,57.0,28.0,0.19,0.09333333333333334,False,False,False
0,final,685,150,300.0,24.0,1.0,0.08,True,False,False
0,final,686,150,223.0,31.0,0.7433333333333333,0.10333333333333333,True,False,False
0,final,687,150,300.0,26.0,1.0,0.08666666666666667,True,False,False
0,final,688,150,300.0,26.0,1.0,0.08666666666666667,True,False,False
0,final,689,150,28.0,27.0,0.09333333333333334,0.09,False,False,True
0,final,690,150,300.0,27.0,1.0,0.09,True,False,False
0,final,691,150,300.0,25.0,1.0,0.08333333333333333,True,False,False
0,final,692,150,41.0,27.0,0.13666666666666666,0.09,False,False,False
0,final,693,150,300.0,25.0,1.0,0.08333333333333333,True,False,False
0,final,694,150,99.0,30.0,0.33,0.1,False,False,False
0,final,695,150,57.0,24.0,0.19,0.08,False,False,False
0,final,696,150,250.0,29.0,0.8333333333333334,0.09666666666666666,True,False,False
0,final,697,150,300.0,26.0,1.0,0.08666666666666667,True,False,False
0,final,698,150,300.0,25.0,1.0,0.08333333333333333,True,False,False
0,final,699,150,300.0,26.0,1.0,0.08666666666666667,True,False,False
0,final,700,150,51.0,37.0,0.17,0.12333333333333334,False,False,False
0,final,701,150,300.0,28.0,1.0,0.09333333333333334,True,False,False
0,final,702,150,300.0,24.0,1.0,0.08,True,False,False
0,final,703,150,300.0,24.0,1.0,0.08,True,False,False
0,final,704,150,300.0,24.0,1.0,0.08,True,False,False
0,final,705,150,300.0,30.0,1.0,0.1,True,False,False
0,final,706,150,43.0,23.0,0.14333333333333334,0.07666666666666666,False,False,False
0,final,707,150,300.0,26.0,1.0,0.08666666666666667,True,False,False
0,final,708,150,300.0,25.0,1.0,0.08333333333333333,True,False,False
0,final,709,150,300.0,26.0,1.0,0.08666666666666667,True,False,False
0,final,710,150,300.0,31.0,1.0,0.10333333333333333,True,False,False
0,final,711,150,300.0,28.0,1.0,0.09333333333333334,True,False,False
0,final,712,150,300.0,26.0,1.0,0.08666666666666667,True,False,False
0,final,713,150,300.0,23.0,1.0,0.07666666666666666,True,False,False
0,final,714,150,30.0,29.0,0.1,0.09666666666666666,False,False,True
0,final,715,150,300.0,26.0,1.0,0.08666666666666667,True,False,False
0,final,716,150,300.0,25.0,1.0,0.08333333333333333,True,False,False
0,final,717,150,300.0,32.0,1.0,0.10666666666666667,True,False,False
0,final,718,150,72.0,27.0,0.24,0.09,False,False,False
0,final,719,150,300.0,27.0,1.0,0.09,True,False,False
0,final,720,150,300.0,30.0,1.0,0.1,True,False,False
0,final,721,150,300.0,30.0,1.0,0.1,True,False,False
0,final,722,150,95.0,31.0,0.31666666666666665,0.10333333333333333,False,False,False
0,final,723,150,300.0,25.0,1.0,0.08333333333333333,True,False,False
0,final,724,150,300.0,28.0,1.0,0.09333333333333334,True,False,False
0,final,725,150,300.0,26.0,1.0,0.08666666666666667,True,False,False
0,final,726,150,212.0,25.0,0.7066666666666667,0.08333333333333333,True,False,False
0,final,727,150,79.0,23.0,0.2633333333333333,0.07666666666666666,False,False,False
0,final,728,150,300.0,30.0,1.0,0.1,True,False,False
0,final,729,150,300.0,26.0,1.0,0.08666666666666667,True,False,False
0,final,730,150,300.0,23.0,1.0,0.07666666666666666,True,False,False
0,final,731,150,300.0,32.0,1.0,0.10666666666666667,True,False,False
0,final,732,150,189.0,31.0,0.63,0.10333333333333333,True,False,False
0,final,733,150,300.0,24.0,1.0,0.08,True,False,False
0,final,734,150,300.0,30.0,1.0,0.1,True,False,False
0,final,735,150,300.0,26.0,1.0,0.08666666666666667,True,False,False
0,final,736,150,300.0,27.0,1.0,0.09,True,False,False
0,final,737,150,300.0,34.0,1.0,0.11333333333333333,True,False,False
0,final,738,150,300.0,26.0,1.0,0.08666666666666667,True,False,False
0,final,739,150,55.0,23.0,0.18333333333333332,0.07666666666666666,False,False,False
0,final,740,150,300.0,26.0,1.0,0.08666666666666667,True,False,False
0,final,741,150,107.0,33.0,0.3566666666666667,0.11,False,False,False
0,final,742,150,300.0,23.0,1.0,0.07666666666666666,True,False,False
0,final,743,150,300.0,24.0,1.0,0.08,True,False,False
0,final,744,150,27.0,26.0,0.09,0.08666666666666667,False,False,True
0,final,745,150,300.0,27.0,1.0,0.09,True,False,False
0,final,746,150,95.0,27.0,0.31666666666666665,0.09,False,False,False
0,final,747,150,300.0,24.0,1.0,0.08,True,False,False
0,final,748,150,274.0,24.0,0.9133333333333333,0.08,True,False,False
0,final,749,150,300.0,27.0,1.0,0.09,True,False,False
0,final,750,150,300.0,28.0,1.0,0.09333333333333334,True,False,False
0,final,751,150,33.0,32.0,0.11,0.10666666666666667,False,False,True
0,final,752,150,300.0,25.0,1.0,0.08333333333333333,True,False,False
0,final,753,150,300.0,30.0,1.0,0.1,True,False,False
0,final,754,150,300.0,29.0,1.0,0.09666666666666666,True,False,False
0,final,755,150,300.0,23.0,1.0,0.07666666666666666,True,False,False
0,final,756,150,300.0,29.0,1.0,0.09666666666666666,True,False,False
0,final,757,150,300.0,24.0,1.0,0.08,True,False,False
0,final,758,150,41.0,27.0,0.13666666666666666,0.09,False,False,False
0,final,759,150,212.0,30.0,0.7066666666666667,0.1,True,False,False
0,final,760,150,28.0,27.0,0.09333333333333334,0.09,False,False,True
0,final,761,150,79.0,30.0,0.2633333333333333,0.1,False,False,False
0,final,762,150,300.0,25.0,1.0,0.08333333333333333,True,False,False
0,final,763,150,300.0,25.0,1.0,0.08333333333333333,True,False,False
0,final,764,150,57.0,24.0,0.19,0.08,False,False,False
0,final,765,150,300.0,24.0,1.0,0.08,True,False,False
0,final,766,150,300.0,26.0,1.0,0.08666666666666667,True,False,False
0,final,767,150,300.0,23.0,1.0,0.07666666666666666,True,False,False
0,final,768,150,300.0,24.0,1.0,0.08,True,False,False
0,final,769,150,300.0,30.0,1.0,0.1,True,False,False
0,final,770,150,300.0,25.0,1.0,0.08333333333333333,True,False,False
0,final,771,150,125.0,25.0,0.4166666666666667,0.08333333333333333,False,False,False
0,final,772,150,300.0,26.0,1.0,0.08666666666666667,True,False,False
0,final,773,150,30.0,29.0,0.1,0.09666666666666666,False,False,True
0,final,774,150,300.0,24.0,1.0,0.08,True,False,False
0,final,775,150,300.0,30.0,1.0,0.1,True,False,False
0,final,776,150,300.0,25.0,1.0,0.08333333333333333,True,False,False
0,final,777,150,100.0,35.0,0.3333333333333333,0.11666666666666667,False,False,False
0,final,778,150,190.0,29.0,0.6333333333333333,0.09666666666666666,True,False,False
0,final,779,150,300.0,30.0,1.0,0.1,True,False,False
0,final,780,150,300.0,23.0,1.0,0.07666666666666666,True,False,False
0,final,781,150,54.0,27.0,0.18,0.09,False,False,False
0,final,782,150,300.0,24.0,1.0,0.08,True,False,False
0,final,783,150,300.0,27.0,1.0,0.09,True,False,False
0,final,784,150,300.0,29.0,1.0,0.09666666666666666,True,False,False
0,final,785,150,28.0,27.0,0.09333333333333334,0.09,False,False,True
0,final,786,150,300.0,26.0,1.0,0.08666666666666667,True,False,False
0,final,787,150,93.0,35.0,0.31,0.11666666666666667,False,False,False
0,final,788,150,300.0,34.0,1.0,0.11333333333333333,True,False,False
0,final,789,150,300.0,28.0,1.0,0.09333333333333334,True,False,False
0,final,790,150,300.0,30.0,1.0,0.1,True,False,False
0,final,791,150,70.0,25.0,0.23333333333333334,0.08333333333333333,False,False,False
0,final,792,150,300.0,28.0,1.0,0.09333333333333334,True,False,False
0,final,793,150,300.0,26.0,1.0,0.08666666666666667,True,False,False
0,final,794,150,300.0,29.0,1.0,0.09666666666666666,True,False,False
0,final,795,150,93.0,24.0,0.31,0.08,False,False,False
0,final,796,150,300.0,29.0,1.0,0.09666666666666666,True,False,False
0,final,797,150,300.0,34.0,1.0,0.11333333333333333,True,False,False
0,final,798,150,300.0,32.0,1.0,0.10666666666666667,True,False,False
0,final,799,150,53.0,27.0,0.17666666666666667,0.09,False,False,False
0,final,800,150,300.0,25.0,1.0,0.08333333333333333,True,False,False
0,final,801,150,300.0,24.0,1.0,0.08,True,False,False
0,final,802,150,300.0,30.0,1.0,0.1,True,False,False
0,final,803,150,300.0,28.0,1.0,0.09333333333333334,True,False,False
0,final,804,150,173.0,30.0,0.5766666666666667,0.1,True,False,False
0,final,805,150,300.0,29.0,1.0,0.09666666666666666,True,False,False
0,final,806,150,111.0,27.0,0.37,0.09,False,False,False
0,final,807,150,172.0,26.0,0.5733333333333334,0.08666666666666667,True,False,False
0,final,808,150,300.0,30.0,1.0,0.1,True,False,False
0,final,809,150,300.0,25.0,1.0,0.08333333333333333,True,False,False
0,final,810,150,192.0,29.0,0.64,0.09666666666666666,True,False,False
0,final,811,150,300.0,27.0,1.0,0.09,True,False,False
0,final,812,150,97.0,38.0,0.3233333333333333,0.12666666666666668,False,False,False
0,final,813,150,141.0,30.0,0.47,0.1,False,False,False
0,final,814,150,300.0,25.0,1.0,0.08333333333333333,True,False,False
0,final,815,150,300.0,29.0,1.0,0.09666666666666666,True,False,False
0,final,816,150,300.0,25.0,1.0,0.08333333333333333,True,False,False
0,final,817,150,290.0,25.0,0.9666666666666667,0.08333333333333333,True,False,False
0,final,818,150,131.0,28.0,0.43666666666666665,0.09333333333333334,False,False,False
0,final,819,150,300.0,24.0,1.0,0.08,True,False,False
0,final,820,150,84.0,24.0,0.28,0.08,False,False,False
0,final,821,150,300.0,27.0,1.0,0.09,True,False,False
0,final,822,150,208.0,23.0,0.6933333333333334,0.07666666666666666,True,False,False
0,final,823,150,300.0,30.0,1.0,0.1,True,False,False
0,final,824,150,300.0,25.0,1.0,0.08333333333333333,True,False,False
0,final,825,150,300.0,24.0,1.0,0.08,True,False,False
0,final,826,150,300.0,25.0,1.0,0.08333333333333333,True,False,False
0,final,827,150,300.0,27.0,1.0,0.09,True,False,False
0,final,828,150,300.0,26.0,1.0,0.08666666666666667,True,False,False
0,final,829,150,300.0,29.0,1.0,0.09666666666666666,True,False,False
0,final,830,150,300.0,25.0,1.0,0.08333333333333333,True,False,False
0,final,831,150,300.0,27.0,1.0,0.09,True,False,False
0,final,832,150,300.0,29.0,1.0,0.09666666666666666,True,False,False
0,final,833,150,300.0,26.0,1.0,0.08666666666666667,True,False,False
0,final,834,150,47.0,29.0,0.15666666666666668,0.09666666666666666,False,False,False
0,final,835,150,141.0,33.0,0.47,0.11,False,False,False
0,final,836,150,300.0,25.0,1.0,0.08333333333333333,True,False,False
0,final,837,150,300.0,26.0,1.0,0.08666666666666667,True,False,False
0,final,838,150,240.0,23.0,0.8,0.07666666666666666,True,False,False
0,final,839,150,300.0,23.0,1.0,0.07666666666666666,True,False,False
0,final,840,150,300.0,28.0,1.0,0.09333333333333334,True,False,False
0,final,841,150,300.0,30.0,1.0,0.1,True,False,False
0,final,842,150,24.0,22.0,0.08,0.07333333333333333,False,False,True
0,final,843,150,300.0,24.0,1.0,0.08,True,False,False
0,final,844,150,72.0,26.0,0.24,0.08666666666666667,False,False,False
0,final,845,150,300.0,24.0,1.0,0.08,True,False,False
0,final,846,150,300.0,34.0,1.0,0.11333333333333333,True,False,False
0,final,847,150,300.0,26.0,1.0,0.08666666666666667,True,False,False
0,final,848,150,290.0,24.0,0.9666666666666667,0.08,True,False,False
0,final,849,150,300.0,26.0,1.0,0.08666666666666667,True,False,False
0,final,850,150,300.0,32.0,1.0,0.10666666666666667,True,False,False
0,final,851,150,300.0,26.0,1.0,0.08666666666666667,True,False,False
0,final,852,150,300.0,29.0,1.0,0.09666666666666666,True,False,False
0,final,853,150,300.0,25.0,1.0,0.08333333333333333,True,False,False
0,final,854,150,300.0,24.0,1.0,0.08,True,False,False
0,final,855,150,300.0,28.0,1.0,0.09333333333333334,True,False,False
0,final,856,150,300.0,25.0,1.0,0.08333333333333333,True,False,False
0,final,857,150,80.0,28.0,0.26666666666666666,0.09333333333333334,False,False,False
0,final,858,150,26.0,24.0,0.08666666666666667,0.08,False,False,True
0,final,859,150,300.0,31.0,1.0,0.10333333333333333,True,False,False
0,final,860,150,82.0,32.0,0.2733333333333333,0.10666666666666667,False,False,False
0,final,861,150,300.0,26.0,1.0,0.08666666666666667,True,False,False
0,final,862,150,24.0,22.0,0.08,0.07333333333333333,False,False,True
0,final,863,150,300.0,34.0,1.0,0.11333333333333333,True,False,False
0,final,864,150,96.0,30.0,0.32,0.1,False,False,False
0,final,865,150,46.0,29.0,0.15333333333333332,0.09666666666666666,False,False,False
0,final,866,150,300.0,25.0,1.0,0.08333333333333333,True,False,False
0,final,867,150,300.0,23.0,1.0,0.07666666666666666,True,False,False
0,final,868,150,300.0,25.0,1.0,0.08333333333333333,True,False,False
0,final,869,150,300.0,26.0,1.0,0.08666666666666667,True,False,False
0,final,870,150,300.0,25.0,1.0,0.08333333333333333,True,False,False
0,final,871,150,232.0,23.0,0.7733333333333333,0.07666666666666666,True,False,False
0,final,872,150,300.0,26.0,1.0,0.08666666666666667,True,False,False
0,final,873,150,161.0,26.0,0.5366666666666666,0.08666666666666667,True,False,False
0,final,874,150,300.0,29.0,1.0,0.09666666666666666,True,False,False
0,final,875,150,84.0,28.0,0.28,0.09333333333333334,False,False,False
0,final,876,150,300.0,25.0,1.0,0.08333333333333333,True,False,False
0,final,877,150,300.0,26.0,1.0,0.08666666666666667,True,False,False
0,final,878,150,300.0,24.0,1.0,0.08,True,False,False
0,final,879,150,116.0,27.0,0.38666666666666666,0.09,False,False,False
0,final,880,150,116.0,27.0,0.38666666666666666,0.09,False,False,False
0,final,881,150,128.0,26.0,0.4266666666666667,0.08666666666666667,False,False,False
0,final,882,150,300.0,28.0,1.0,0.09333333333333334,True,False,False
0,final,883,150,300.0,26.0,1.0,0.08666666666666667,True,False,False
0,final,884,150,56.0,27.0,0.18666666666666668,0.09,False,False,False
0,final,885,150,224.0,25.0,0.7466666666666667,0.08333333333333333,True,False,False
0,final,886,150,300.0,32.0,1.0,0.10666666666666667,True,False,False
0,final,887,150,300.0,29.0,1.0,0.09666666666666666,True,False,False
0,final,888,150,300.0,34.0,1.0,0.11333333333333333,True,False,False
0,final,889,150,300.0,26.0,1.0,0.08666666666666667,True,False,False
0,final,890,150,300.0,26.0,1.0,0.08666666666666667,True,False,False
0,final,891,150,300.0,36.0,1.0,0.12,True,False,False
0,final,892,150,300.0,31.0,1.0,0.10333333333333333,True,False,False
0,final,893,150,300.0,26.0,1.0,0.08666666666666667,True,False,False
0,final,894,150,300.0,26.0,1.0,0.08666666666666667,True,False,False
0,final,895,150,98.0,23.0,0.32666666666666666,0.07666666666666666,False,False,False
0,final,896,150,300.0,26.0,1.0,0.08666666666666667,True,False,False
0,final,897,150,300.0,24.0,1.0,0.08,True,False,False
0,final,898,150,300.0,30.0,1.0,0.1,True,False,False
0,final,899,150,300.0,24.0,1.0,0.08,True,False,False
0,final,900,150,300.0,26.0,1.0,0.08666666666666667,True,False,False
0,final,901,150,296.0,25.0,0.9866666666666667,0.08333333333333333,True,False,False
0,final,902,150,300.0,25.0,1.0,0.08333333333333333,True,False,False
0,final,903,150,300.0,24.0,1.0,0.08,True,False,False
0,final,904,150,296.0,30.0,0.9866666666666667,0.1,True,False,False
1,initial,0,150,72.0,25.0,0.24,0.08333333333333333,False,False,False
1,initial,1,150,118.0,22.0,0.3933333333333333,0.07333333333333333,False,False,False
1,initial,2,150,132.0,29.0,0.44,0.09666666666666666,False,False,False
1,initial,3,150,150.0,26.0,0.5,0.08666666666666667,True,False,False
1,initial,4,150,73.0,25.0,0.24333333333333335,0.08333333333333333,False,False,False
1,initial,5,150,108.0,30.0,0.36,0.1,False,False,False
1,initial,6,150,55.0,28.0,0.18333333333333332,0.09333333333333334,False,False,False
1,initial,7,150,130.0,28.0,0.43333333333333335,0.09333333333333334,False,False,False
1,initial,8,150,148.0,33.0,0.49333333333333335,0.11,False,False,False
1,initial,9,150,130.0,29.0,0.43333333333333335,0.09666666666666666,False,False,False
1,initial,10,150,124.0,27.0,0.41333333333333333,0.09,False,False,False
1,initial,11,150,100.0,26.0,0.3333333333333333,0.08666666666666667,False,False,False
1,initial,12,150,129.0,24.0,0.43,0.08,False,False,False
1,initial,13,150,125.0,26.0,0.4166666666666667,0.08666666666666667,False,False,False
1,initial,14,150,41.0,24.0,0.13666666666666666,0.08,False,False,False
1,initial,15,150,52.0,26.0,0.17333333333333334,0.08666666666666667,False,False,False
1,initial,16,150,114.0,25.0,0.38,0.08333333333333333,False,False,False
1,initial,17,150,101.0,33.0,0.33666666666666667,0.11,False,False,False
1,initial,18,150,55.0,26.0,0.18333333333333332,0.08666666666666667,False,False,False
1,initial,19,150,139.0,24.0,0.4633333333333333,0.08,False,False,False
1,initial,20,150,211.0,23.0,0.7033333333333334,0.07666666666666666,True,False,False
1,initial,21,150,140.0,24.0,0.4666666666666667,0.08,False,False,False
1,initial,22,150,99.0,29.0,0.33,0.09666666666666666,False,False,False
1,initial,23,150,119.0,25.0,0.39666666666666667,0.08333333333333333,False,False,False
1,initial,24,150,117.0,27.0,0.39,0.09,False,False,False
1,initial,25,150,27.0,23.0,0.09,0.07666666666666666,False,False,False
1,initial,26,150,25.0,24.0,0.08333333333333333,0.08,False,False,True
1,initial,27,150,146.0,25.0,0.4866666666666667,0.08333333333333333,False,False,False
1,initial,28,150,124.0,27.0,0.41333333333333333,0.09,False,False,False
1,initial,29,150,204.0,24.0,0.68,0.08,True,False,False
1,initial,30,150,96.0,23.0,0.32,0.07666666666666666,False,False,False
1,initial,31,150,109.0,24.0,0.36333333333333334,0.08,False,False,False
1,initial,32,150,143.0,27.0,0.4766666666666667,0.09,False,False,False
1,initial,33,150,155.0,23.0,0.5166666666666667,0.07666666666666666,True,False,False
1,initial,34,150,176.0,25.0,0.5866666666666667,0.08333333333333333,True,False,False
1,initial,35,150,129.0,26.0,0.43,0.08666666666666667,False,False,False
1,initial,36,150,88.0,30.0,0.29333333333333333,0.1,False,False,False
1,initial,37,150,163.0,25.0,0.5433333333333333,0.08333333333333333,True,False,False
1,initial,38,150,179.0,25.0,0.5966666666666667,0.08333333333333333,True,False,False
1,initial,39,150,83.0,30.0,0.27666666666666667,0.1,False,False,False
1,initial,40,150,127.0,26.0,0.42333333333333334,0.08666666666666667,False,False,False
1,initial,41,150,143.0,26.0,0.4766666666666667,0.08666666666666667,False,False,False
1,initial,42,150,144.0,27.0,0.48,0.09,False,False,False
1,initial,43,150,110.0,24.0,0.36666666666666664,0.08,False,False,False
1,initial,44,150,84.0,26.0,0.28,0.08666666666666667,False,False,False
1,initial,45,150,128.0,27.0,0.4266666666666667,0.09,False,False,False
1,initial,46,150,167.0,24.0,0.5566666666666666,0.08,True,False,False
1,initial,47,150,153.0,21.0,0.51,0.07,True,False,False
1,initial,48,150,126.0,27.0,0.42,0.09,False,False,False
1,initial,49,150,68.0,30.0,0.22666666666666666,0.1,False,False,False
1,initial,50,150,91.0,28.0,0.30333333333333334,0.09333333333333334,False,False,False
1,initial,51,150,41.0,23.0,0.13666666666666666,0.07666666666666666,False,False,False
1,initial,52,150,125.0,31.0,0.4166666666666667,0.10333333333333333,False,False,False
1,initial,53,150,161.0,25.0,0.5366666666666666,0.08333333333333333,True,False,False
1,initial,54,150,163.0,29.0,0.5433333333333333,0.09666666666666666,True,False,False
1,initial,55,150,79.0,26.0,0.2633333333333333,0.08666666666666667,False,False,False
1,initial,56,150,130.0,29.0,0.43333333333333335,0.09666666666666666,False,False,False
1,initial,57,150,88.0,31.0,0.29333333333333333,0.10333333333333333,False,False,False
1,initial,58,150,140.0,26.0,0.4666666666666667,0.08666666666666667,False,False,False
1,initial,59,150,131.0,23.0,0.43666666666666665,0.07666666666666666,False,False,False
1,initial,60,150,119.0,24.0,0.39666666666666667,0.08,False,False,False
1,initial,61,150,132.0,25.0,0.44,0.08333333333333333,False,False,False
1,initial,62,150,160.0,25.0,0.5333333333333333,0.08333333333333333,True,False,False
1,initial,63,150,94.0,23.0,0.31333333333333335,0.07666666666666666,False,False,False
1,initial,64,150,17.0,17.0,0.056666666666666664,0.056666666666666664,False,False,True
1,initial,65,150,150.0,25.0,0.5,0.08333333333333333,True,False,False
1,initial,66,150,111.0,23.0,0.37,0.07666666666666666,False,False,False
1,initial,67,150,98.0,30.0,0.32666666666666666,0.1,False,False,False
1,initial,68,150,138.0,32.0,0.46,0.10666666666666667,False,False,False
1,initial,69,150,108.0,30.0,0.36,0.1,False,False,False
1,initial,70,150,140.0,32.0,0.4666666666666667,0.10666666666666667,False,False,False
1,initial,71,150,141.0,27.0,0.47,0.09,False,False,False
1,initial,72,150,97.0,23.0,0.3233333333333333,0.07666666666666666,False,False,False
1,initial,73,150,91.0,24.0,0.30333333333333334,0.08,False,False,False
1,initial,74,150,113.0,23.0,0.37666666666666665,0.07666666666666666,False,False,False
1,initial,75,150,93.0,41.0,0.31,0.13666666666666666,False,False,False
1,initial,76,150,79.0,30.0,0.2633333333333333,0.1,False,False,False
1,initial,77,150,138.0,23.0,0.46,0.07666666666666666,False,False,False
1,initial,78,150,96.0,29.0,0.32,0.09666666666666666,False,False,False
1,initial,79,150,89.0,27.0,0.2966666666666667,0.09,False,False,False
1,initial,80,150,170.0,21.0,0.5666666666666667,0.07,True,False,False
1,initial,81,150,126.0,25.0,0.42,0.08333333333333333,False,False,False
1,initial,82,150,125.0,28.0,0.4166666666666667,0.09333333333333334,False,False,False
1,initial,83,150,153.0,28.0,0.51,0.09333333333333334,True,False,False
1,initial,84,150,30.0,28.0,0.1,0.09333333333333334,False,False,True
1,initial,85,150,142.0,24.0,0.47333333333333333,0.08,False,False,False
1,initial,86,150,39.0,33.0,0.13,0.11,False,False,False
1,initial,87,150,131.0,24.0,0.43666666666666665,0.08,False,False,False
1,initial,88,150,105.0,25.0,0.35,0.08333333333333333,False,False,False
1,initial,89,150,109.0,28.0,0.36333333333333334,0.09333333333333334,False,False,False
1,initial,90,150,122.0,23.0,0.4066666666666667,0.07666666666666666,False,False,False
1,initial,91,150,37.0,28.0,0.12333333333333334,0.09333333333333334,False,False,False
1,initial,92,150,161.0,24.0,0.5366666666666666,0.08,True,False,False
1,initial,93,150,120.0,27.0,0.4,0.09,False,False,False
1,initial,94,150,145.0,25.0,0.48333333333333334,0.08333333333333333,False,False,False
1,initial,95,150,55.0,31.0,0.18333333333333332,0.10333333333333333,False,False,False
1,initial,96,150,69.0,24.0,0.23,0.08,False,False,False
1,initial,97,150,91.0,27.0,0.30333333333333334,0.09,False,False,False
1,initial,98,150,76.0,25.0,0.25333333333333335,0.08333333333333333,False,False,False
1,initial,99,150,151.0,25.0,0.5033333333333333,0.08333333333333333,True,False,False
1,initial,100,150,42.0,33.0,0.14,0.11,False,False,False
1,initial,101,150,115.0,24.0,0.38333333333333336,0.08,False,False,False
1,initial,102,150,63.0,24.0,0.21,0.08,False,False,False
1,initial,103,150,156.0,25.0,0.52,0.08333333333333333,True,False,False
1,initial,104,150,124.0,28.0,0.41333333333333333,0.09333333333333334,False,False,False
1,initial,105,150,150.0,32.0,0.5,0.10666666666666667,True,False,False
1,initial,106,150,113.0,26.0,0.37666666666666665,0.08666666666666667,False,False,False
1,initial,107,150,104.0,23.0,0.3466666666666667,0.07666666666666666,False,False,False
1,initial,108,150,53.0,28.0,0.17666666666666667,0.09333333333333334,False,False,False
1,initial,109,150,27.0,27.0,0.09,0.09,False,False,True
1,initial,110,150,106.0,25.0,0.35333333333333333,0.08333333333333333,False,False,False
1,initial,111,150,44.0,27.0,0.14666666666666667,0.09,False,False,False
1,initial,112,150,160.0,25.0,0.5333333333333333,0.08333333333333333,True,False,False
1,initial,113,150,144.0,26.0,0.48,0.08666666666666667,False,False,False
1,initial,114,150,120.0,25.0,0.4,0.08333333333333333,False,False,False
1,initial,115,150,65.0,23.0,0.21666666666666667,0.07666666666666666,False,False,False
1,initial,116,150,200.0,23.0,0.6666666666666666,0.07666666666666666,True,False,False
1,initial,117,150,25.0,24.0,0.08333333333333333,0.08,False,False,True
1,initial,118,150,152.0,25.0,0.5066666666666667,0.08333333333333333,True,False,False
1,initial,119,150,219.0,24.0,0.73,0.08,True,False,False
1,initial,120,150,111.0,29.0,0.37,0.09666666666666666,False,False,False
1,initial,121,150,144.0,26.0,0.48,0.08666666666666667,False,False,False
1,initial,122,150,180.0,25.0,0.6,0.08333333333333333,True,False,False
1,initial,123,150,85.0,34.0,0.2833333333333333,0.11333333333333333,False,False,False
1,initial,124,150,122.0,25.0,0.4066666666666667,0.08333333333333333,False,False,False
1,initial,125,150,147.0,26.0,0.49,0.08666666666666667,False,False,False
1,initial,126,150,21.0,20.0,0.07,0.06666666666666667,False,False,True
1,initial,127,150,135.0,30.0,0.45,0.1,False,False,False
1,initial,128,150,55.0,26.0,0.18333333333333332,0.08666666666666667,False,False,False
1,initial,129,150,53.0,28.0,0.17666666666666667,0.09333333333333334,False,False,False
1,initial,130,150,154.0,26.0,0.5133333333333333,0.08666666666666667,True,False,False
1,initial,131,150,81.0,25.0,0.27,0.08333333333333333,False,False,False
1,initial,132,150,144.0,29.0,0.48,0.09666666666666666,False,False,False
1,initial,133,150,198.0,25.0,0.66,0.08333333333333333,True,False,False
1,initial,134,150,128.0,26.0,0.4266666666666667,0.08666666666666667,False,False,False
1,initial,135,150,111.0,28.0,0.37,0.09333333333333334,False,False,False
1,initial,136,150,61.0,28.0,0.20333333333333334,0.09333333333333334,False,False,False
1,initial,137,150,160.0,30.0,0.5333333333333333,0.1,True,False,False
1,initial,138,150,77.0,26.0,0.25666666666666665,0.08666666666666667,False,False,False
1,initial,139,150,99.0,22.0,0.33,0.07333333333333333,False,False,False
1,initial,140,150,147.0,28.0,0.49,0.09333333333333334,False,False,False
1,initial,141,150,227.0,24.0,0.7566666666666667,0.08,True,False,False
1,initial,142,150,116.0,34.0,0.38666666666666666,0.11333333333333333,False,False,False
1,initial,143,150,30.0,28.0,0.1,0.09333333333333334,False,False,True
1,initial,144,150,148.0,27.0,0.49333333333333335,0.09,False,False,False
1,initial,145,150,158.0,25.0,0.5266666666666666,0.08333333333333333,True,False,False
1,initial,146,150,25.0,24.0,0.08333333333333333,0.08,False,False,True
1,initial,147,150,125.0,25.0,0.4166666666666667,0.08333333333333333,False,False,False
1,initial,148,150,82.0,25.0,0.2733333333333333,0.08333333333333333,False,False,False
1,initial,149,150,54.0,29.0,0.18,0.09666666666666666,False,False,False
1,initial,150,150,143.0,27.0,0.4766666666666667,0.09,False,False,False
1,initial,151,150,83.0,26.0,0.27666666666666667,0.08666666666666667,False,False,False
1,initial,152,150,27.0,24.0,0.09,0.08,False,False,False
1,initial,153,150,158.0,24.0,0.5266666666666666,0.08,True,False,False
1,initial,154,150,155.0,26.0,0.5166666666666667,0.08666666666666667,True,False,False
1,initial,155,150,122.0,26.0,0.4066666666666667,0.08666666666666667,False,False,False
1,initial,156,150,103.0,26.0,0.3433333333333333,0.08666666666666667,False,False,False
1,initial,157,150,132.0,26.0,0.44,0.08666666666666667,False,False,False
1,initial,158,150,200.0,22.0,0.6666666666666666,0.07333333333333333,True,False,False
1,initial,159,150,190.0,24.0,0.6333333333333333,0.08,True,False,False
1,initial,160,150,28.0,18.0,0.09333333333333334,0.06,False,False,False
1,initial,161,150,54.0,24.0,0.18,0.08,False,False,False
1,initial,162,150,92.0,22.0,0.30666666666666664,0.07333333333333333,False,False,False
1,initial,163,150,89.0,25.0,0.2966666666666667,0.08333333333333333,False,False,False
1,initial,164,150,111.0,25.0,0.37,0.08333333333333333,False,False,False
1,initial,165,150,88.0,25.0,0.29333333333333333,0.08333333333333333,False,False,False
1,initial,166,150,127.0,29.0,0.42333333333333334,0.09666666666666666,False,False,False
1,initial,167,150,101.0,35.0,0.33666666666666667,0.11666666666666667,False,False,False
1,initial,168,150,139.0,24.0,0.4633333333333333,0.08,False,False,False
1,initial,169,150,132.0,25.0,0.44,0.08333333333333333,False,False,False
1,initial,170,150,129.0,27.0,0.43,0.09,False,False,False
1,initial,171,150,167.0,27.0,0.5566666666666666,0.09,True,False,False
1,initial,172,150,143.0,34.0,0.4766666666666667,0.11333333333333333,False,False,False
1,initial,173,150,77.0,24.0,0.25666666666666665,0.08,False,False,False
1,initial,174,150,206.0,26.0,0.6866666666666666,0.08666666666666667,True,False,False
1,initial,175,150,34.0,29.0,0.11333333333333333,0.09666666666666666,False,False,False
1,initial,176,150,104.0,30.0,0.3466666666666667,0.1,False,False,False
1,initial,177,150,95.0,29.0,0.31666666666666665,0.09666666666666666,False,False,False
1,initial,178,150,167.0,27.0,0.5566666666666666,0.09,True,False,False
1,initial,179,150,221.0,24.0,0.7366666666666667,0.08,True,False,False
1,initial,180,150,28.0,18.0,0.09333333333333334,0.06,False,False,False
1,initial,181,150,120.0,25.0,0.4,0.08333333333333333,False,False,False
1,initial,182,150,62.0,31.0,0.20666666666666667,0.10333333333333333,False,False,False
1,initial,183,150,52.0,28.0,0.17333333333333334,0.09333333333333334,False,False,False
1,initial,184,150,158.0,25.0,0.5266666666666666,0.08333333333333333,True,False,False
1,initial,185,150,68.0,29.0,0.22666666666666666,0.09666666666666666,False,False,False
1,initial,186,150,169.0,24.0,0.5633333333333334,0.08,True,False,False
1,initial,187,150,138.0,26.0,0.46,0.08666666666666667,False,False,False
1,initial,188,150,132.0,25.0,0.44,0.08333333333333333,False,False,False
1,initial,189,150,78.0,24.0,0.26,0.08,False,False,False
1,initial,190,150,107.0,25.0,0.3566666666666667,0.08333333333333333,False,False,False
1,initial,191,150,133.0,24.0,0.44333333333333336,0.08,False,False,False
1,initial,192,150,111.0,25.0,0.37,0.08333333333333333,False,False,False
1,initial,193,150,185.0,29.0,0.6166666666666667,0.09666666666666666,True,False,False
1,initial,194,150,81.0,23.0,0.27,0.07666666666666666,False,False,False
1,initial,195,150,62.0,25.0,0.20666666666666667,0.08333333333333333,False,False,False
1,initial,196,150,184.0,27.0,0.6133333333333333,0.09,True,False,False
1,initial,197,150,122.0,26.0,0.4066666666666667,0.08666666666666667,False,False,False
1,initial,198,150,58.0,25.0,0.19333333333333333,0.08333333333333333,False,False,False
1,initial,199,150,45.0,23.0,0.15,0.07666666666666666,False,False,False
1,initial,200,150,113.0,23.0,0.37666666666666665,0.07666666666666666,False,False,False
1,initial,201,150,251.0,22.0,0.8366666666666667,0.07333333333333333,True,False,False
1,initial,202,150,154.0,25.0,0.5133333333333333,0.08333333333333333,True,False,False
1,initial,203,150,120.0,28.0,0.4,0.09333333333333334,False,False,False
1,initial,204,150,152.0,24.0,0.5066666666666667,0.08,True,False,False
1,initial,205,150,68.0,29.0,0.22666666666666666,0.09666666666666666,False,False,False
1,initial,206,150,25.0,24.0,0.08333333333333333,0.08,False,False,True
1,initial,207,150,27.0,27.0,0.09,0.09,False,False,True
1,initial,208,150,98.0,23.0,0.32666666666666666,0.07666666666666666,False,False,False
1,initial,209,150,155.0,24.0,0.5166666666666667,0.08,True,False,False
1,initial,210,150,135.0,31.0,0.45,0.10333333333333333,False,False,False
1,initial,211,150,96.0,27.0,0.32,0.09,False,False,False
1,initial,212,150,38.0,23.0,0.12666666666666668,0.07666666666666666,False,False,False
1,initial,213,150,146.0,25.0,0.4866666666666667,0.08333333333333333,False,False,False
1,initial,214,150,26.0,25.0,0.08666666666666667,0.08333333333333333,False,False,True
1,initial,215,150,154.0,27.0,0.5133333333333333,0.09,True,False,False
1,initial,216,150,26.0,23.0,0.08666666666666667,0.07666666666666666,False,False,False
1,initial,217,150,148.0,30.0,0.49333333333333335,0.1,False,False,False
1,initial,218,150,32.0,28.0,0.10666666666666667,0.09333333333333334,False,False,False
1,initial,219,150,108.0,25.0,0.36,0.08333333333333333,False,False,False
1,initial,220,150,120.0,27.0,0.4,0.09,False,False,False
1,initial,221,150,90.0,25.0,0.3,0.08333333333333333,False,False,False
1,initial,222,150,138.0,23.0,0.46,0.07666666666666666,False,False,False
1,initial,223,150,36.0,29.0,0.12,0.09666666666666666,False,False,False
1,initial,224,150,120.0,25.0,0.4,0.08333333333333333,False,False,False
1,initial,225,150,171.0,31.0,0.57,0.10333333333333333,True,False,False
1,initial,226,150,128.0,26.0,0.4266666666666667,0.08666666666666667,False,False,False
1,initial,227,150,24.0,23.0,0.08,0.07666666666666666,False,False,True
1,initial,228,150,97.0,27.0,0.3233333333333333,0.09,False,False,False
1,initial,229,150,161.0,25.0,0.5366666666666666,0.08333333333333333,True,False,False
1,initial,230,150,46.0,28.0,0.15333333333333332,0.09333333333333334,False,False,False
1,initial,231,150,72.0,25.0,0.24,0.08333333333333333,False,False,False
1,initial,232,150,133.0,29.0,0.44333333333333336,0.09666666666666666,False,False,False
1,initial,233,150,140.0,24.0,0.4666666666666667,0.08,False,False,False
1,initial,234,150,88.0,27.0,0.29333333333333333,0.09,False,False,False
1,initial,235,150,113.0,27.0,0.37666666666666665,0.09,False,False,False
1,initial,236,150,178.0,27.0,0.5933333333333334,0.09,True,False,False
1,initial,237,150,129.0,27.0,0.43,0.09,False,False,False
1,initial,238,150,160.0,24.0,0.5333333333333333,0.08,True,False,False
1,initial,239,150,132.0,25.0,0.44,0.08333333333333333,False,False,False
1,initial,240,150,116.0,23.0,0.38666666666666666,0.07666666666666666,False,False,False
1,initial,241,150,171.0,25.0,0.57,0.08333333333333333,True,False,False
1,initial,242,150,68.0,31.0,0.22666666666666666,0.10333333333333333,False,False,False
1,initial,243,150,148.0,24.0,0.49333333333333335,0.08,False,False,False
1,initial,244,150,96.0,27.0,0.32,0.09,False,False,False
1,initial,245,150,149.0,28.0,0.49666666666666665,0.09333333333333334,False,False,False
1,initial,246,150,26.0,23.0,0.08666666666666667,0.07666666666666666,False,False,False
1,initial,247,150,113.0,25.0,0.37666666666666665,0.08333333333333333,False,False,False
1,initial,248,150,155.0,25.0,0.5166666666666667,0.08333333333333333,True,False,False
1,initial,249,150,114.0,42.0,0.38,0.14,False,False,False
1,initial,250,150,88.0,24.0,0.29333333333333333,0.08,False,False,False
1,initial,251,150,95.0,25.0,0.31666666666666665,0.08333333333333333,False,False,False
1,initial,252,150,172.0,26.0,0.5733333333333334,0.08666666666666667,True,False,False
1,initial,253,150,94.0,25.0,0.31333333333333335,0.08333333333333333,False,False,False
1,initial,254,150,203.0,25.0,0.6766666666666666,0.08333333333333333,True,False,False
1,initial,255,150,89.0,30.0,0.2966666666666667,0.1,False,False,False
1,initial,256,150,147.0,25.0,0.49,0.08333333333333333,False,False,False
1,initial,257,150,134.0,26.0,0.44666666666666666,0.08666666666666667,False,False,False
1,initial,258,150,235.0,21.0,0.7833333333333333,0.07,True,False,False
1,initial,259,150,115.0,26.0,0.38333333333333336,0.08666666666666667,False,False,False
1,initial,260,150,31.0,27.0,0.10333333333333333,0.09,False,False,False
1,initial,261,150,95.0,30.0,0.31666666666666665,0.1,False,False,False
1,initial,262,150,141.0,34.0,0.47,0.11333333333333333,False,False,False
1,initial,263,150,204.0,24.0,0.68,0.08,True,False,False
1,initial,264,150,17.0,17.0,0.056666666666666664,0.056666666666666664,False,False,True
1,initial,265,150,135.0,32.0,0.45,0.10666666666666667,False,False,False
1,initial,266,150,138.0,24.0,0.46,0.08,False,False,False
1,initial,267,150,53.0,28.0,0.17666666666666667,0.09333333333333334,False,False,False
1,initial,268,150,177.0,25.0,0.59,0.08333333333333333,True,False,False
1,initial,269,150,112.0,29.0,0.37333333333333335,0.09666666666666666,False,False,False
1,initial,270,150,67.0,28.0,0.22333333333333333,0.09333333333333334,False,False,False
1,initial,271,150,68.0,24.0,0.22666666666666666,0.08,False,False,False
1,initial,272,150,148.0,29.0,0.49333333333333335,0.09666666666666666,False,False,False
1,initial,273,150,160.0,25.0,0.5333333333333333,0.08333333333333333,True,False,False
1,initial,274,150,149.0,26.0,0.49666666666666665,0.08666666666666667,False,False,False
1,initial,275,150,83.0,25.0,0.27666666666666667,0.08333333333333333,False,False,False
1,initial,276,150,51.0,31.0,0.17,0.10333333333333333,False,False,False
1,initial,277,150,115.0,29.0,0.38333333333333336,0.09666666666666666,False,False,False
1,initial,278,150,111.0,21.0,0.37,0.07,False,False,False
1,initial,279,150,26.0,26.0,0.08666666666666667,0.08666666666666667,False,False,True
1,initial,280,150,38.0,31.0,0.12666666666666668,0.10333333333333333,False,False,False
1,initial,281,150,76.0,25.0,0.25333333333333335,0.08333333333333333,False,False,False
1,initial,282,150,134.0,26.0,0.44666666666666666,0.08666666666666667,False,False,False
1,initial,283,150,35.0,33.0,0.11666666666666667,0.11,False,False,True
1,initial,284,150,106.0,29.0,0.35333333333333333,0.09666666666666666,False,False,False
1,initial,285,150,202.0,25.0,0.6733333333333333,0.08333333333333333,True,False,False
1,initial,286,150,156.0,33.0,0.52,0.11,True,False,False
1,initial,287,150,41.0,33.0,0.13666666666666666,0.11,False,False,False
1,initial,288,150,27.0,23.0,0.09,0.07666666666666666,False,False,False
1,initial,289,150,139.0,26.0,0.4633333333333333,0.08666666666666667,False,False,False
1,initial,290,150,78.0,30.0,0.26,0.1,False,False,False
1,initial,291,150,69.0,28.0,0.23,0.09333333333333334,False,False,False
1,initial,292,150,146.0,31.0,0.4866666666666667,0.10333333333333333,False,False,False
1,initial,293,150,123.0,24.0,0.41,0.08,False,False,False
1,initial,294,150,35.0,24.0,0.11666666666666667,0.08,False,False,False
1,initial,295,150,154.0,24.0,0.5133333333333333,0.08,True,False,False
1,initial,296,150,128.0,25.0,0.4266666666666667,0.08333333333333333,False,False,False
1,initial,297,150,90.0,30.0,0.3,0.1,False,False,False
1,initial,298,150,79.0,25.0,0.2633333333333333,0.08333333333333333,False,False,False
1,initial,299,150,95.0,25.0,0.31666666666666665,0.08333333333333333,False,False,False
1,initial,300,150,87.0,25.0,0.29,0.08333333333333333,False,False,False
1,initial,301,150,159.0,22.0,0.53,0.07333333333333333,True,False,False
1,initial,302,150,78.0,31.0,0.26,0.10333333333333333,False,False,False
1,initial,303,150,119.0,23.0,0.39666666666666667,0.07666666666666666,False,False,False
1,initial,304,150,74.0,28.0,0.24666666666666667,0.09333333333333334,False,False,False
1,initial,305,150,23.0,22.0,0.07666666666666666,0.07333333333333333,False,False,True
1,initial,306,150,102.0,29.0,0.34,0.09666666666666666,False,False,False
1,initial,307,150,79.0,32.0,0.2633333333333333,0.10666666666666667,False,False,False
1,initial,308,150,161.0,25.0,0.5366666666666666,0.08333333333333333,True,False,False
1,initial,309,150,111.0,27.0,0.37,0.09,False,False,False
1,initial,310,150,99.0,30.0,0.33,0.1,False,False,False
1,initial,311,150,145.0,24.0,0.48333333333333334,0.08,False,False,False
1,initial,312,150,129.0,27.0,0.43,0.09,False,False,False
1,initial,313,150,108.0,27.0,0.36,0.09,False,False,False
1,initial,314,150,36.0,26.0,0.12,0.08666666666666667,False,False,False
1,initial,315,150,130.0,29.0,0.43333333333333335,0.09666666666666666,False,False,False
1,initial,316,150,25.0,24.0,0.08333333333333333,0.08,False,False,True
1,initial,317,150,100.0,23.0,0.3333333333333333,0.07666666666666666,False,False,False
1,initial,318,150,105.0,26.0,0.35,0.08666666666666667,False,False,False
1,initial,319,150,153.0,24.0,0.51,0.08,True,False,False
1,initial,320,150,135.0,30.0,0.45,0.1,False,False,False
1,initial,321,150,162.0,26.0,0.54,0.08666666666666667,True,False,False
1,initial,322,150,86.0,30.0,0.2866666666666667,0.1,False,False,False
1,initial,323,150,75.0,22.0,0.25,0.07333333333333333,False,False,False
1,initial,324,150,202.0,24.0,0.6733333333333333,0.08,True,False,False
1,initial,325,150,128.0,27.0,0.4266666666666667,0.09,False,False,False
1,initial,326,150,133.0,24.0,0.44333333333333336,0.08,False,False,False
1,initial,327,150,79.0,24.0,0.2633333333333333,0.08,False,False,False
1,initial,328,150,52.0,28.0,0.17333333333333334,0.09333333333333334,False,False,False
1,initial,329,150,141.0,26.0,0.47,0.08666666666666667,False,False,False
1,initial,330,150,69.0,25.0,0.23,0.08333333333333333,False,False,False
1,initial,331,150,53.0,26.0,0.17666666666666667,0.08666666666666667,False,False,False
1,initial,332,150,169.0,24.0,0.5633333333333334,0.08,True,False,False
1,initial,333,150,148.0,26.0,0.49333333333333335,0.08666666666666667,False,False,False
1,initial,334,150,98.0,25.0,0.32666666666666666,0.08333333333333333,False,False,False
1,initial,335,150,102.0,26.0,0.34,0.08666666666666667,False,False,False
1,initial,336,150,150.0,26.0,0.5,0.08666666666666667,True,False,False
1,initial,337,150,173.0,25.0,0.5766666666666667,0.08333333333333333,True,False,False
1,initial,338,150,133.0,23.0,0.44333333333333336,0.07666666666666666,False,False,False
1,initial,339,150,126.0,24.0,0.42,0.08,False,False,False
1,initial,340,150,58.0,28.0,0.19333333333333333,0.09333333333333334,False,False,False
1,initial,341,150,79.0,25.0,0.2633333333333333,0.08333333333333333,False,False,False
1,initial,342,150,115.0,42.0,0.38333333333333336,0.14,False,False,False
1,initial,343,150,132.0,23.0,0.44,0.07666666666666666,False,False,False
1,initial,344,150,190.0,22.0,0.6333333333333333,0.07333333333333333,True,False,False
1,initial,345,150,145.0,26.0,0.48333333333333334,0.08666666666666667,False,False,False
1,initial,346,150,77.0,22.0,0.25666666666666665,0.07333333333333333,False,False,False
1,initial,347,150,94.0,31.0,0.31333333333333335,0.10333333333333333,False,False,False
1,initial,348,150,163.0,28.0,0.5433333333333333,0.09333333333333334,True,False,False
1,initial,349,150,54.0,24.0,0.18,0.08,False,False,False
1,initial,350,150,108.0,24.0,0.36,0.08,False,False,False
1,initial,351,150,241.0,22.0,0.8033333333333333,0.07333333333333333,True,False,False
1,initial,352,150,164.0,27.0,0.5466666666666666,0.09,True,False,False
1,initial,353,150,156.0,25.0,0.52,0.08333333333333333,True,False,False
1,initial,354,150,29.0,28.0,0.09666666666666666,0.09333333333333334,False,False,True
1,initial,355,150,133.0,29.0,0.44333333333333336,0.09666666666666666,False,False,False
1,initial,356,150,158.0,24.0,0.5266666666666666,0.08,True,False,False
1,initial,357,150,27.0,24.0,0.09,0.08,False,False,False
1,initial,358,150,158.0,25.0,0.5266666666666666,0.08333333333333333,True,False,False
1,initial,359,150,152.0,24.0,0.5066666666666667,0.08,True,False,False
1,initial,360,150,133.0,36.0,0.44333333333333336,0.12,False,False,False
1,initial,361,150,91.0,22.0,0.30333333333333334,0.07333333333333333,False,False,False
1,initial,362,150,132.0,29.0,0.44,0.09666666666666666,False,False,False
1,initial,363,150,153.0,31.0,0.51,0.10333333333333333,True,False,False
1,initial,364,150,115.0,29.0,0.38333333333333336,0.09666666666666666,False,False,False
1,initial,365,150,184.0,27.0,0.6133333333333333,0.09,True,False,False
1,initial,366,150,70.0,27.0,0.23333333333333334,0.09,False,False,False
1,initial,367,150,128.0,25.0,0.4266666666666667,0.08333333333333333,False,False,False
1,initial,368,150,68.0,29.0,0.22666666666666666,0.09666666666666666,False,False,False
1,initial,369,150,70.0,27.0,0.23333333333333334,0.09,False,False,False
1,initial,370,150,132.0,25.0,0.44,0.08333333333333333,False,False,False
1,initial,371,150,180.0,25.0,0.6,0.08333333333333333,True,False,False
1,initial,372,150,85.0,25.0,0.2833333333333333,0.08333333333333333,False,False,False
1,initial,373,150,139.0,25.0,0.4633333333333333,0.08333333333333333,False,False,False
1,initial,374,150,126.0,29.0,0.42,0.09666666666666666,False,False,False
1,initial,375,150,160.0,25.0,0.5333333333333333,0.08333333333333333,True,False,False
1,initial,376,150,79.0,26.0,0.2633333333333333,0.08666666666666667,False,False,False
1,initial,377,150,106.0,27.0,0.35333333333333333,0.09,False,False,False
1,initial,378,150,92.0,23.0,0.30666666666666664,0.07666666666666666,False,False,False
1,initial,379,150,165.0,27.0,0.55,0.09,True,False,False
1,initial,380,150,148.0,26.0,0.49333333333333335,0.08666666666666667,False,False,False
1,initial,381,150,125.0,27.0,0.4166666666666667,0.09,False,False,False
1,initial,382,150,165.0,25.0,0.55,0.08333333333333333,True,False,False
1,initial,383,150,59.0,25.0,0.19666666666666666,0.08333333333333333,False,False,False
1,initial,384,150,114.0,25.0,0.38,0.08333333333333333,False,False,False
1,initial,385,150,133.0,26.0,0.44333333333333336,0.08666666666666667,False,False,False
1,initial,386,150,97.0,23.0,0.3233333333333333,0.07666666666666666,False,False,False
1,initial,387,150,128.0,23.0,0.4266666666666667,0.07666666666666666,False,False,False
1,initial,388,150,146.0,27.0,0.4866666666666667,0.09,False,False,False
1,initial,389,150,100.0,32.0,0.3333333333333333,0.10666666666666667,False,False,False
1,initial,390,150,123.0,27.0,0.41,0.09,False,False,False
1,initial,391,150,179.0,26.0,0.5966666666666667,0.08666666666666667,True,False,False
1,initial,392,150,134.0,26.0,0.44666666666666666,0.08666666666666667,False,False,False
1,initial,393,150,122.0,27.0,0.4066666666666667,0.09,False,False,False
1,initial,394,150,131.0,29.0,0.43666666666666665,0.09666666666666666,False,False,False
1,initial,395,150,126.0,27.0,0.42,0.09,False,False,False
1,initial,396,150,118.0,29.0,0.3933333333333333,0.09666666666666666,False,False,False
1,initial,397,150,157.0,26.0,0.5233333333333333,0.08666666666666667,True,False,False
1,initial,398,150,25.0,24.0,0.08333333333333333,0.08,False,False,True
1,initial,399,150,92.0,30.0,0.30666666666666664,0.1,False,False,False
1,initial,400,150,63.0,25.0,0.21,0.08333333333333333,False,False,False
1,initial,401,150,46.0,29.0,0.15333333333333332,0.09666666666666666,False,False,False
1,initial,402,150,160.0,25.0,0.5333333333333333,0.08333333333333333,True,False,False
1,initial,403,150,147.0,24.0,0.49,0.08,False,False,False
1,initial,404,150,78.0,29.0,0.26,0.09666666666666666,False,False,False
1,initial,405,150,104.0,30.0,0.3466666666666667,0.1,False,False,False
1,initial,406,150,207.0,25.0,0.69,0.08333333333333333,True,False,False
1,initial,407,150,92.0,30.0,0.30666666666666664,0.1,False,False,False
1,initial,408,150,79.0,26.0,0.2633333333333333,0.08666666666666667,False,False,False
1,initial,409,150,160.0,24.0,0.5333333333333333,0.08,True,False,False
1,initial,410,150,136.0,30.0,0.4533333333333333,0.1,False,False,False
1,initial,411,150,58.0,31.0,0.19333333333333333,0.10333333333333333,False,False,False
1,initial,412,150,92.0,31.0,0.30666666666666664,0.10333333333333333,False,False,False
1,initial,413,150,63.0,23.0,0.21,0.07666666666666666,False,False,False
1,initial,414,150,100.0,28.0,0.3333333333333333,0.09333333333333334,False,False,False
1,initial,415,150,208.0,25.0,0.6933333333333334,0.08333333333333333,True,False,False
1,initial,416,150,88.0,24.0,0.29333333333333333,0.08,False,False,False
1,initial,417,150,100.0,28.0,0.3333333333333333,0.09333333333333334,False,False,False
1,initial,418,150,191.0,24.0,0.6366666666666667,0.08,True,False,False
1,initial,419,150,133.0,25.0,0.44333333333333336,0.08333333333333333,False,False,False
1,initial,420,150,113.0,26.0,0.37666666666666665,0.08666666666666667,False,False,False
1,initial,421,150,185.0,27.0,0.6166666666666667,0.09,True,False,False
1,initial,422,150,163.0,28.0,0.5433333333333333,0.09333333333333334,True,False,False
1,initial,423,150,186.0,24.0,0.62,0.08,True,False,False
1,initial,424,150,212.0,24.0,0.7066666666666667,0.08,True,False,False
1,initial,425,150,93.0,41.0,0.31,0.13666666666666666,False,False,False
1,initial,426,150,158.0,24.0,0.5266666666666666,0.08,True,False,False
1,initial,427,150,83.0,26.0,0.27666666666666667,0.08666666666666667,False,False,False
1,initial,428,150,161.0,27.0,0.5366666666666666,0.09,True,False,False
1,initial,429,150,88.0,29.0,0.29333333333333333,0.09666666666666666,False,False,False
1,initial,430,150,122.0,23.0,0.4066666666666667,0.07666666666666666,False,False,False
1,initial,431,150,69.0,29.0,0.23,0.09666666666666666,False,False,False
1,initial,432,150,125.0,27.0,0.4166666666666667,0.09,False,False,False
1,initial,433,150,189.0,26.0,0.63,0.08666666666666667,True,False,False
1,initial,434,150,111.0,27.0,0.37,0.09,False,False,False
1,initial,435,150,159.0,27.0,0.53,0.09,True,False,False
1,initial,436,150,133.0,25.0,0.44333333333333336,0.08333333333333333,False,False,False
1,initial,437,150,57.0,26.0,0.19,0.08666666666666667,False,False,False
1,initial,438,150,95.0,26.0,0.31666666666666665,0.08666666666666667,False,False,False
1,initial,439,150,45.0,33.0,0.15,0.11,False,False,False
1,initial,440,150,122.0,23.0,0.4066666666666667,0.07666666666666666,False,False,False
1,initial,441,150,29.0,29.0,0.09666666666666666,0.09666666666666666,False,False,True
1,initial,442,150,185.0,24.0,0.6166666666666667,0.08,True,False,False
1,initial,443,150,107.0,26.0,0.3566666666666667,0.08666666666666667,False,False,False
1,initial,444,150,89.0,27.0,0.2966666666666667,0.09,False,False,False
1,initial,445,150,77.0,30.0,0.25666666666666665,0.1,False,False,False
1,initial,446,150,25.0,24.0,0.08333333333333333,0.08,False,False,True
1,initial,447,150,66.0,24.0,0.22,0.08,False,False,False
1,initial,448,150,147.0,26.0,0.49,0.08666666666666667,False,False,False
1,initial,449,150,158.0,33.0,0.5266666666666666,0.11,True,False,False
1,initial,450,150,219.0,24.0,0.73,0.08,True,False,False
1,initial,451,150,79.0,30.0,0.2633333333333333,0.1,False,False,False
1,initial,452,150,65.0,24.0,0.21666666666666667,0.08,False,False,False
1,initial,453,150,139.0,34.0,0.4633333333333333,0.11333333333333333,False,False,False
1,initial,454,150,97.0,25.0,0.3233333333333333,0.08333333333333333,False,False,False
1,initial,455,150,206.0,24.0,0.6866666666666666,0.08,True,False,False
1,initial,456,150,40.0,28.0,0.13333333333333333,0.09333333333333334,False,False,False
1,initial,457,150,120.0,24.0,0.4,0.08,False,False,False
1,initial,458,150,121.0,26.0,0.4033333333333333,0.08666666666666667,False,False,False
1,initial,459,150,17.0,17.0,0.056666666666666664,0.056666666666666664,False,False,True
1,initial,460,150,128.0,30.0,0.4266666666666667,0.1,False,False,False
1,initial,461,150,102.0,31.0,0.34,0.10333333333333333,False,False,False
1,initial,462,150,125.0,26.0,0.4166666666666667,0.08666666666666667,False,False,False
1,initial,463,150,176.0,28.0,0.5866666666666667,0.09333333333333334,True,False,False
1,initial,464,150,135.0,27.0,0.45,0.09,False,False,False
1,initial,465,150,168.0,29.0,0.56,0.09666666666666666,True,False,False
1,initial,466,150,122.0,31.0,0.4066666666666667,0.10333333333333333,False,False,False
1,initial,467,150,208.0,25.0,0.6933333333333334,0.08333333333333333,True,False,False
1,initial,468,150,121.0,23.0,0.4033333333333333,0.07666666666666666,False,False,False
1,initial,469,150,180.0,25.0,0.6,0.08333333333333333,True,False,False
1,initial,470,150,160.0,30.0,0.5333333333333333,0.1,True,False,False
1,initial,471,150,154.0,26.0,0.5133333333333333,0.08666666666666667,True,False,False
1,initial,472,150,131.0,23.0,0.43666666666666665,0.07666666666666666,False,False,False
1,initial,473,150,149.0,25.0,0.49666666666666665,0.08333333333333333,False,False,False
1,initial,474,150,102.0,29.0,0.34,0.09666666666666666,False,False,False
1,initial,475,150,179.0,25.0,0.5966666666666667,0.08333333333333333,True,False,False
1,initial,476,150,105.0,26.0,0.35,0.08666666666666667,False,False,False
1,initial,477,150,36.0,28.0,0.12,0.09333333333333334,False,False,False
1,initial,478,150,144.0,23.0,0.48,0.07666666666666666,False,False,False
1,initial,479,150,135.0,24.0,0.45,0.08,False,False,False
1,initial,480,150,29.0,28.0,0.09666666666666666,0.09333333333333334,False,False,True
1,initial,481,150,79.0,29.0,0.2633333333333333,0.09666666666666666,False,False,False
1,initial,482,150,145.0,34.0,0.48333333333333334,0.11333333333333333,False,False,False
1,initial,483,150,84.0,27.0,0.28,0.09,False,False,False
1,initial,484,150,42.0,41.0,0.14,0.13666666666666666,False,False,True
1,initial,485,150,29.0,29.0,0.09666666666666666,0.09666666666666666,False,False,True
1,initial,486,150,29.0,29.0,0.09666666666666666,0.09666666666666666,False,False,True
1,initial,487,150,152.0,23.0,0.5066666666666667,0.07666666666666666,True,False,False
1,initial,488,150,147.0,31.0,0.49,0.10333333333333333,False,False,False
1,initial,489,150,23.0,22.0,0.07666666666666666,0.07333333333333333,False,False,True
1,initial,490,150,110.0,26.0,0.36666666666666664,0.08666666666666667,False,False,False
1,initial,491,150,85.0,23.0,0.2833333333333333,0.07666666666666666,False,False,False
1,initial,492,150,139.0,29.0,0.4633333333333333,0.09666666666666666,False,False,False
1,initial,493,150,141.0,26.0,0.47,0.08666666666666667,False,False,False
1,initial,494,150,105.0,42.0,0.35,0.14,False,False,False
1,initial,495,150,113.0,42.0,0.37666666666666665,0.14,False,False,False
1,initial,496,150,116.0,24.0,0.38666666666666666,0.08,False,False,False
1,initial,497,150,135.0,29.0,0.45,0.09666666666666666,False,False,False
1,initial,498,150,81.0,23.0,0.27,0.07666666666666666,False,False,False
1,initial,499,150,148.0,26.0,0.49333333333333335,0.08666666666666667,False,False,False
1,initial,500,150,77.0,30.0,0.25666666666666665,0.1,False,False,False
1,initial,501,150,129.0,27.0,0.43,0.09,False,False,False
1,initial,502,150,79.0,26.0,0.2633333333333333,0.08666666666666667,False,False,False
1,initial,503,150,83.0,29.0,0.27666666666666667,0.09666666666666666,False,False,False
1,initial,504,150,91.0,31.0,0.30333333333333334,0.10333333333333333,False,False,False
1,initial,505,150,106.0,25.0,0.35333333333333333,0.08333333333333333,False,False,False
1,initial,506,150,159.0,30.0,0.53,0.1,True,False,False
1,initial,507,150,68.0,30.0,0.22666666666666666,0.1,False,False,False
1,initial,508,150,101.0,25.0,0.33666666666666667,0.08333333333333333,False,False,False
1,initial,509,150,146.0,31.0,0.4866666666666667,0.10333333333333333,False,False,False
1,initial,510,150,167.0,24.0,0.5566666666666666,0.08,True,False,False
1,initial,511,150,55.0,24.0,0.18333333333333332,0.08,False,False,False
1,initial,512,150,89.0,41.0,0.2966666666666667,0.13666666666666666,False,False,False
1,initial,513,150,64.0,30.0,0.21333333333333335,0.1,False,False,False
1,initial,514,150,27.0,24.0,0.09,0.08,False,False,False
1,initial,515,150,133.0,31.0,0.44333333333333336,0.10333333333333333,False,False,False
1,initial,516,150,91.0,24.0,0.30333333333333334,0.08,False,False,False
1,initial,517,150,146.0,28.0,0.4866666666666667,0.09333333333333334,False,False,False
1,initial,518,150,78.0,29.0,0.26,0.09666666666666666,False,False,False
1,initial,519,150,153.0,22.0,0.51,0.07333333333333333,True,False,False
1,initial,520,150,141.0,34.0,0.47,0.11333333333333333,False,False,False
1,initial,521,150,80.0,29.0,0.26666666666666666,0.09666666666666666,False,False,False
1,initial,522,150,196.0,26.0,0.6533333333333333,0.08666666666666667,True,False,False
1,initial,523,150,102.0,31.0,0.34,0.10333333333333333,False,False,False
1,initial,524,150,123.0,23.0,0.41,0.07666666666666666,False,False,False
1,initial,525,150,202.0,24.0,0.6733333333333333,0.08,True,False,False
1,initial,526,150,123.0,27.0,0.41,0.09,False,False,False
1,initial,527,150,153.0,33.0,0.51,0.11,True,False,False
1,initial,528,150,29.0,29.0,0.09666666666666666,0.09666666666666666,False,False,True
1,initial,529,150,101.0,23.0,0.33666666666666667,0.07666666666666666,False,False,False
1,initial,530,150,65.0,24.0,0.21666666666666667,0.08,False,False,False
1,initial,531,150,82.0,25.0,0.2733333333333333,0.08333333333333333,False,False,False
1,initial,532,150,33.0,28.0,0.11,0.09333333333333334,False,False,False
1,initial,533,150,120.0,29.0,0.4,0.09666666666666666,False,False,False
1,initial,534,150,133.0,32.0,0.44333333333333336,0.10666666666666667,False,False,False
1,initial,535,150,23.0,23.0,0.07666666666666666,0.07666666666666666,False,False,True
1,initial,536,150,92.0,28.0,0.30666666666666664,0.09333333333333334,False,False,False
1,initial,537,150,255.0,21.0,0.85,0.07,True,False,False
1,initial,538,150,93.0,29.0,0.31,0.09666666666666666,False,False,False
1,initial,539,150,201.0,26.0,0.67,0.08666666666666667,True,False,False
1,initial,540,150,144.0,31.0,0.48,0.10333333333333333,False,False,False
1,initial,541,150,201.0,26.0,0.67,0.08666666666666667,True,False,False
1,initial,542,150,107.0,26.0,0.3566666666666667,0.08666666666666667,False,False,False
1,initial,543,150,117.0,25.0,0.39,0.08333333333333333,False,False,False
1,initial,544,150,60.0,30.0,0.2,0.1,False,False,False
1,initial,545,150,145.0,25.0,0.48333333333333334,0.08333333333333333,False,False,False
1,initial,546,150,137.0,25.0,0.45666666666666667,0.08333333333333333,False,False,False
1,initial,547,150,123.0,25.0,0.41,0.08333333333333333,False,False,False
1,initial,548,150,90.0,25.0,0.3,0.08333333333333333,False,False,False
1,initial,549,150,110.0,27.0,0.36666666666666664,0.09,False,False,False
1,initial,550,150,94.0,31.0,0.31333333333333335,0.10333333333333333,False,False,False
1,initial,551,150,129.0,27.0,0.43,0.09,False,False,False
1,initial,552,150,212.0,25.0,0.7066666666666667,0.08333333333333333,True,False,False
1,initial,553,150,174.0,28.0,0.58,0.09333333333333334,True,False,False
1,initial,554,150,90.0,30.0,0.3,0.1,False,False,False
1,initial,555,150,92.0,25.0,0.30666666666666664,0.08333333333333333,False,False,False
1,initial,556,150,147.0,27.0,0.49,0.09,False,False,False
1,initial,557,150,87.0,27.0,0.29,0.09,False,False,False
1,initial,558,150,87.0,22.0,0.29,0.07333333333333333,False,False,False
1,initial,559,150,69.0,25.0,0.23,0.08333333333333333,False,False,False
1,initial,560,150,136.0,25.0,0.4533333333333333,0.08333333333333333,False,False,False
1,initial,561,150,120.0,25.0,0.4,0.08333333333333333,False,False,False
1,initial,562,150,133.0,29.0,0.44333333333333336,0.09666666666666666,False,False,False
1,initial,563,150,104.0,26.0,0.3466666666666667,0.08666666666666667,False,False,False
1,initial,564,150,134.0,24.0,0.44666666666666666,0.08,False,False,False
1,initial,565,150,150.0,23.0,0.5,0.07666666666666666,True,False,False
1,initial,566,150,113.0,27.0,0.37666666666666665,0.09,False,False,False
1,initial,567,150,38.0,28.0,0.12666666666666668,0.09333333333333334,False,False,False
1,initial,568,150,204.0,25.0,0.68,0.08333333333333333,True,False,False
1,initial,569,150,94.0,29.0,0.31333333333333335,0.09666666666666666,False,False,False
1,initial,570,150,167.0,27.0,0.5566666666666666,0.09,True,False,False
1,initial,571,150,79.0,25.0,0.2633333333333333,0.08333333333333333,False,False,False
1,initial,572,150,158.0,33.0,0.5266666666666666,0.11,True,False,False
1,initial,573,150,143.0,25.0,0.4766666666666667,0.08333333333333333,False,False,False
1,initial,574,150,65.0,23.0,0.21666666666666667,0.07666666666666666,False,False,False
1,initial,575,150,108.0,25.0,0.36,0.08333333333333333,False,False,False
1,initial,576,150,151.0,26.0,0.5033333333333333,0.08666666666666667,True,False,False
1,initial,577,150,131.0,29.0,0.43666666666666665,0.09666666666666666,False,False,False
1,initial,578,150,155.0,24.0,0.5166666666666667,0.08,True,False,False
1,initial,579,150,92.0,36.0,0.30666666666666664,0.12,False,False,False
1,initial,580,150,59.0,25.0,0.19666666666666666,0.08333333333333333,False,False,False
1,initial,581,150,102.0,25.0,0.34,0.08333333333333333,False,False,False
1,initial,582,150,123.0,24.0,0.41,0.08,False,False,False
1,initial,583,150,76.0,31.0,0.25333333333333335,0.10333333333333333,False,False,False
1,initial,584,150,27.0,22.0,0.09,0.07333333333333333,False,False,False
1,initial,585,150,80.0,29.0,0.26666666666666666,0.09666666666666666,False,False,False
1,initial,586,150,145.0,27.0,0.48333333333333334,0.09,False,False,False
1,initial,587,150,113.0,24.0,0.37666666666666665,0.08,False,False,False
1,initial,588,150,120.0,27.0,0.4,0.09,False,False,False
1,initial,589,150,188.0,24.0,0.6266666666666667,0.08,True,False,False
1,initial,590,150,27.0,24.0,0.09,0.08,False,False,False
1,initial,591,150,173.0,21.0,0.5766666666666667,0.07,True,False,False
1,initial,592,150,126.0,26.0,0.42,0.08666666666666667,False,False,False
1,initial,593,150,153.0,29.0,0.51,0.09666666666666666,True,False,False
1,initial,594,150,191.0,27.0,0.6366666666666667,0.09,True,False,False
1,initial,595,150,110.0,25.0,0.36666666666666664,0.08333333333333333,False,False,False
1,initial,596,150,97.0,29.0,0.3233333333333333,0.09666666666666666,False,False,False
1,initial,597,150,55.0,24.0,0.18333333333333332,0.08,False,False,False
1,initial,598,150,51.0,31.0,0.17,0.10333333333333333,False,False,False
1,initial,599,150,116.0,24.0,0.38666666666666666,0.08,False,False,False
1,initial,600,150,204.0,24.0,0.68,0.08,True,False,False
1,initial,601,150,102.0,30.0,0.34,0.1,False,False,False
1,initial,602,150,27.0,22.0,0.09,0.07333333333333333,False,False,False
1,initial,603,150,126.0,25.0,0.42,0.08333333333333333,False,False,False
1,initial,604,150,126.0,25.0,0.42,0.08333333333333333,False,False,False
1,initial,605,150,151.0,34.0,0.5033333333333333,0.11333333333333333,True,False,False
1,initial,606,150,50.0,28.0,0.16666666666666666,0.09333333333333334,False,False,False
1,initial,607,150,89.0,23.0,0.2966666666666667,0.07666666666666666,False,False,False
1,initial,608,150,151.0,26.0,0.5033333333333333,0.08666666666666667,True,False,False
1,initial,609,150,52.0,24.0,0.17333333333333334,0.08,False,False,False
1,initial,610,150,52.0,24.0,0.17333333333333334,0.08,False,False,False
1,initial,611,150,97.0,23.0,0.3233333333333333,0.07666666666666666,False,False,False
1,initial,612,150,29.0,29.0,0.09666666666666666,0.09666666666666666,False,False,True
1,initial,613,150,82.0,31.0,0.2733333333333333,0.10333333333333333,False,False,False
1,initial,614,150,200.0,25.0,0.6666666666666666,0.08333333333333333,True,False,False
1,initial,615,150,51.0,28.0,0.17,0.09333333333333334,False,False,False
1,initial,616,150,145.0,31.0,0.48333333333333334,0.10333333333333333,False,False,False
1,initial,617,150,103.0,29.0,0.3433333333333333,0.09666666666666666,False,False,False
1,initial,618,150,90.0,25.0,0.3,0.08333333333333333,False,False,False
1,initial,619,150,35.0,33.0,0.11666666666666667,0.11,False,False,True
1,initial,620,150,209.0,25.0,0.6966666666666667,0.08333333333333333,True,False,False
1,initial,621,150,88.0,23.0,0.29333333333333333,0.07666666666666666,False,False,False
1,initial,622,150,176.0,25.0,0.5866666666666667,0.08333333333333333,True,False,False
1,initial,623,150,97.0,23.0,0.3233333333333333,0.07666666666666666,False,False,False
1,initial,624,150,102.0,24.0,0.34,0.08,False,False,False
1,initial,625,150,125.0,22.0,0.4166666666666667,0.07333333333333333,False,False,False
1,initial,626,150,43.0,29.0,0.14333333333333334,0.09666666666666666,False,False,False
1,initial,627,150,89.0,28.0,0.2966666666666667,0.09333333333333334,False,False,False
1,initial,628,150,129.0,34.0,0.43,0.11333333333333333,False,False,False
1,initial,629,150,150.0,31.0,0.5,0.10333333333333333,True,False,False
1,initial,630,150,120.0,42.0,0.4,0.14,False,False,False
1,initial,631,150,129.0,24.0,0.43,0.08,False,False,False
1,initial,632,150,93.0,29.0,0.31,0.09666666666666666,False,False,False
1,initial,633,150,113.0,27.0,0.37666666666666665,0.09,False,False,False
1,initial,634,150,136.0,26.0,0.4533333333333333,0.08666666666666667,False,False,False
1,initial,635,150,133.0,26.0,0.44333333333333336,0.08666666666666667,False,False,False
1,initial,636,150,140.0,26.0,0.4666666666666667,0.08666666666666667,False,False,False
1,initial,637,150,159.0,30.0,0.53,0.1,True,False,False
1,initial,638,150,102.0,29.0,0.34,0.09666666666666666,False,False,False
1,initial,639,150,94.0,31.0,0.31333333333333335,0.10333333333333333,False,False,False
1,initial,640,150,137.0,26.0,0.45666666666666667,0.08666666666666667,False,False,False
1,initial,641,150,128.0,25.0,0.4266666666666667,0.08333333333333333,False,False,False
1,initial,642,150,57.0,25.0,0.19,0.08333333333333333,False,False,False
1,initial,643,150,77.0,31.0,0.25666666666666665,0.10333333333333333,False,False,False
1,initial,644,150,113.0,25.0,0.37666666666666665,0.08333333333333333,False,False,False
1,initial,645,150,87.0,29.0,0.29,0.09666666666666666,False,False,False
1,initial,646,150,71.0,31.0,0.23666666666666666,0.10333333333333333,False,False,False
1,initial,647,150,128.0,30.0,0.4266666666666667,0.1,False,False,False
1,initial,648,150,68.0,24.0,0.22666666666666666,0.08,False,False,False
1,initial,649,150,36.0,28.0,0.12,0.09333333333333334,False,False,False
1,initial,650,150,111.0,25.0,0.37,0.08333333333333333,False,False,False
1,initial,651,150,146.0,26.0,0.4866666666666667,0.08666666666666667,False,False,False
1,initial,652,150,154.0,27.0,0.5133333333333333,0.09,True,False,False
1,initial,653,150,135.0,24.0,0.45,0.08,False,False,False
1,initial,654,150,116.0,27.0,0.38666666666666666,0.09,False,False,False
1,initial,655,150,45.0,26.0,0.15,0.08666666666666667,False,False,False
1,initial,656,150,147.0,30.0,0.49,0.1,False,False,False
1,initial,657,150,142.0,27.0,0.47333333333333333,0.09,False,False,False
1,initial,658,150,169.0,24.0,0.5633333333333334,0.08,True,False,False
1,initial,659,150,105.0,26.0,0.35,0.08666666666666667,False,False,False
1,initial,660,150,117.0,30.0,0.39,0.1,False,False,False
1,initial,661,150,158.0,26.0,0.5266666666666666,0.08666666666666667,True,False,False
1,initial,662,150,96.0,23.0,0.32,0.07666666666666666,False,False,False
1,initial,663,150,80.0,29.0,0.26666666666666666,0.09666666666666666,False,False,False
1,initial,664,150,51.0,28.0,0.17,0.09333333333333334,False,False,False
1,initial,665,150,80.0,29.0,0.26666666666666666,0.09666666666666666,False,False,False
1,initial,666,150,129.0,25.0,0.43,0.08333333333333333,False,False,False
1,initial,667,150,105.0,26.0,0.35,0.08666666666666667,False,False,False
1,initial,668,150,161.0,23.0,0.5366666666666666,0.07666666666666666,True,False,False
1,initial,669,150,99.0,25.0,0.33,0.08333333333333333,False,False,False
1,initial,670,150,36.0,28.0,0.12,0.09333333333333334,False,False,False
1,initial,671,150,77.0,24.0,0.25666666666666665,0.08,False,False,False
1,initial,672,150,132.0,31.0,0.44,0.10333333333333333,False,False,False
1,initial,673,150,160.0,27.0,0.5333333333333333,0.09,True,False,False
1,initial,674,150,61.0,28.0,0.20333333333333334,0.09333333333333334,False,False,False
1,initial,675,150,72.0,26.0,0.24,0.08666666666666667,False,False,False
1,initial,676,150,106.0,29.0,0.35333333333333333,0.09666666666666666,False,False,False
1,initial,677,150,71.0,32.0,0.23666666666666666,0.10666666666666667,False,False,False
1,initial,678,150,124.0,29.0,0.41333333333333333,0.09666666666666666,False,False,False
1,initial,679,150,87.0,27.0,0.29,0.09,False,False,False
1,initial,680,150,121.0,31.0,0.4033333333333333,0.10333333333333333,False,False,False
1,initial,681,150,73.0,26.0,0.24333333333333335,0.08666666666666667,False,False,False
1,initial,682,150,25.0,24.0,0.08333333333333333,0.08,False,False,True
1,initial,683,150,109.0,30.0,0.36333333333333334,0.1,False,False,False
1,initial,684,150,132.0,24.0,0.44,0.08,False,False,False
1,initial,685,150,74.0,41.0,0.24666666666666667,0.13666666666666666,False,False,False
1,initial,686,150,111.0,22.0,0.37,0.07333333333333333,False,False,False
1,initial,687,150,86.0,24.0,0.2866666666666667,0.08,False,False,False
1,initial,688,150,115.0,27.0,0.38333333333333336,0.09,False,False,False
1,initial,689,150,66.0,25.0,0.22,0.08333333333333333,False,False,False
1,initial,690,150,121.0,28.0,0.4033333333333333,0.09333333333333334,False,False,False
1,initial,691,150,136.0,34.0,0.4533333333333333,0.11333333333333333,False,False,False
1,initial,692,150,41.0,28.0,0.13666666666666666,0.09333333333333334,False,False,False
1,initial,693,150,46.0,28.0,0.15333333333333332,0.09333333333333334,False,False,False
1,initial,694,150,92.0,25.0,0.30666666666666664,0.08333333333333333,False,False,False
1,initial,695,150,137.0,25.0,0.45666666666666667,0.08333333333333333,False,False,False
1,initial,696,150,148.0,24.0,0.49333333333333335,0.08,False,False,False
1,initial,697,150,108.0,31.0,0.36,0.10333333333333333,False,False,False
1,initial,698,150,148.0,25.0,0.49333333333333335,0.08333333333333333,False,False,False
1,initial,699,150,140.0,34.0,0.4666666666666667,0.11333333333333333,False,False,False
1,initial,700,150,103.0,24.0,0.3433333333333333,0.08,False,False,False
1,initial,701,150,71.0,30.0,0.23666666666666666,0.1,False,False,False
1,initial,702,150,118.0,25.0,0.3933333333333333,0.08333333333333333,False,False,False
1,initial,703,150,117.0,27.0,0.39,0.09,False,False,False
1,initial,704,150,110.0,26.0,0.36666666666666664,0.08666666666666667,False,False,False
1,initial,705,150,83.0,35.0,0.27666666666666667,0.11666666666666667,False,False,False
1,initial,706,150,150.0,25.0,0.5,0.08333333333333333,True,False,False
1,initial,707,150,73.0,26.0,0.24333333333333335,0.08666666666666667,False,False,False
1,initial,708,150,138.0,25.0,0.46,0.08333333333333333,False,False,False
1,initial,709,150,99.0,25.0,0.33,0.08333333333333333,False,False,False
1,initial,710,150,174.0,24.0,0.58,0.08,True,False,False
1,initial,711,150,168.0,24.0,0.56,0.08,True,False,False
1,initial,712,150,104.0,30.0,0.3466666666666667,0.1,False,False,False
1,initial,713,150,83.0,29.0,0.27666666666666667,0.09666666666666666,False,False,False
1,initial,714,150,195.0,24.0,0.65,0.08,True,False,False
1,initial,715,150,111.0,29.0,0.37,0.09666666666666666,False,False,False
1,initial,716,150,190.0,22.0,0.6333333333333333,0.07333333333333333,True,False,False
1,initial,717,150,152.0,25.0,0.5066666666666667,0.08333333333333333,True,False,False
1,initial,718,150,25.0,24.0,0.08333333333333333,0.08,False,False,True
1,initial,719,150,47.0,33.0,0.15666666666666668,0.11,False,False,False
1,initial,720,150,40.0,28.0,0.13333333333333333,0.09333333333333334,False,False,False
1,initial,721,150,75.0,30.0,0.25,0.1,False,False,False
1,initial,722,150,192.0,24.0,0.64,0.08,True,False,False
1,initial,723,150,75.0,24.0,0.25,0.08,False,False,False
1,initial,724,150,27.0,24.0,0.09,0.08,False,False,False
1,initial,725,150,28.0,18.0,0.09333333333333334,0.06,False,False,False
1,initial,726,150,95.0,30.0,0.31666666666666665,0.1,False,False,False
1,initial,727,150,68.0,29.0,0.22666666666666666,0.09666666666666666,False,False,False
1,initial,728,150,44.0,28.0,0.14666666666666667,0.09333333333333334,False,False,False
1,initial,729,150,129.0,28.0,0.43,0.09333333333333334,False,False,False
1,initial,730,150,28.0,18.0,0.09333333333333334,0.06,False,False,False
1,initial,731,150,53.0,28.0,0.17666666666666667,0.09333333333333334,False,False,False
1,initial,732,150,110.0,29.0,0.36666666666666664,0.09666666666666666,False,False,False
1,initial,733,150,195.0,28.0,0.65,0.09333333333333334,True,False,False
1,initial,734,150,91.0,29.0,0.30333333333333334,0.09666666666666666,False,False,False
1,initial,735,150,46.0,28.0,0.15333333333333332,0.09333333333333334,False,False,False
1,initial,736,150,130.0,25.0,0.43333333333333335,0.08333333333333333,False,False,False
1,initial,737,150,163.0,28.0,0.5433333333333333,0.09333333333333334,True,False,False
1,initial,738,150,165.0,32.0,0.55,0.10666666666666667,True,False,False
1,initial,739,150,83.0,29.0,0.27666666666666667,0.09666666666666666,False,False,False
1,initial,740,150,135.0,24.0,0.45,0.08,False,False,False
1,initial,741,150,95.0,26.0,0.31666666666666665,0.08666666666666667,False,False,False
1,initial,742,150,97.0,26.0,0.3233333333333333,0.08666666666666667,False,False,False
1,initial,743,150,112.0,26.0,0.37333333333333335,0.08666666666666667,False,False,False
1,initial,744,150,116.0,27.0,0.38666666666666666,0.09,False,False,False
1,initial,745,150,161.0,25.0,0.5366666666666666,0.08333333333333333,True,False,False
1,initial,746,150,150.0,27.0,0.5,0.09,True,False,False
1,initial,747,150,131.0,25.0,0.43666666666666665,0.08333333333333333,False,False,False
1,initial,748,150,132.0,27.0,0.44,0.09,False,False,False
1,initial,749,150,41.0,24.0,0.13666666666666666,0.08,False,False,False
1,initial,750,150,25.0,24.0,0.08333333333333333,0.08,False,False,True
1,initial,751,150,150.0,25.0,0.5,0.08333333333333333,True,False,False
1,initial,752,150,29.0,27.0,0.09666666666666666,0.09,False,False,True
1,initial,753,150,102.0,24.0,0.34,0.08,False,False,False
1,initial,754,150,138.0,27.0,0.46,0.09,False,False,False
1,initial,755,150,96.0,26.0,0.32,0.08666666666666667,False,False,False
1,initial,756,150,171.0,22.0,0.57,0.07333333333333333,True,False,False
1,initial,757,150,81.0,29.0,0.27,0.09666666666666666,False,False,False
1,initial,758,150,23.0,22.0,0.07666666666666666,0.07333333333333333,False,False,True
1,initial,759,150,181.0,25.0,0.6033333333333334,0.08333333333333333,True,False,False
1,initial,760,150,158.0,33.0,0.5266666666666666,0.11,True,False,False
1,initial,761,150,28.0,24.0,0.09333333333333334,0.08,False,False,False
1,initial,762,150,55.0,25.0,0.18333333333333332,0.08333333333333333,False,False,False
1,initial,763,150,135.0,34.0,0.45,0.11333333333333333,False,False,False
1,initial,764,150,157.0,29.0,0.5233333333333333,0.09666666666666666,True,False,False
1,initial,765,150,153.0,21.0,0.51,0.07,True,False,False
1,initial,766,150,107.0,27.0,0.3566666666666667,0.09,False,False,False
1,initial,767,150,138.0,25.0,0.46,0.08333333333333333,False,False,False
1,initial,768,150,77.0,24.0,0.25666666666666665,0.08,False,False,False
1,initial,769,150,125.0,26.0,0.4166666666666667,0.08666666666666667,False,False,False
1,initial,770,150,133.0,31.0,0.44333333333333336,0.10333333333333333,False,False,False
1,initial,771,150,105.0,31.0,0.35,0.10333333333333333,False,False,False
1,initial,772,150,157.0,25.0,0.5233333333333333,0.08333333333333333,True,False,False
1,initial,773,150,126.0,23.0,0.42,0.07666666666666666,False,False,False
1,initial,774,150,121.0,25.0,0.4033333333333333,0.08333333333333333,False,False,False
1,initial,775,150,154.0,33.0,0.5133333333333333,0.11,True,False,False
1,initial,776,150,74.0,24.0,0.24666666666666667,0.08,False,False,False
1,initial,777,150,148.0,25.0,0.49333333333333335,0.08333333333333333,False,False,False
1,initial,778,150,119.0,22.0,0.39666666666666667,0.07333333333333333,False,False,False
1,initial,779,150,158.0,25.0,0.5266666666666666,0.08333333333333333,True,False,False
1,initial,780,150,125.0,26.0,0.4166666666666667,0.08666666666666667,False,False,False
1,initial,781,150,139.0,23.0,0.4633333333333333,0.07666666666666666,False,False,False
1,initial,782,150,108.0,30.0,0.36,0.1,False,False,False
1,initial,783,150,78.0,29.0,0.26,0.09666666666666666,False,False,False
1,initial,784,150,82.0,30.0,0.2733333333333333,0.1,False,False,False
1,initial,785,150,88.0,30.0,0.29333333333333333,0.1,False,False,False
1,initial,786,150,148.0,27.0,0.49333333333333335,0.09,False,False,False
1,initial,787,150,134.0,23.0,0.44666666666666666,0.07666666666666666,False,False,False
1,initial,788,150,141.0,27.0,0.47,0.09,False,False,False
1,initial,789,150,147.0,26.0,0.49,0.08666666666666667,False,False,False
1,initial,790,150,41.0,24.0,0.13666666666666666,0.08,False,False,False
1,initial,791,150,179.0,25.0,0.5966666666666667,0.08333333333333333,True,False,False
1,initial,792,150,27.0,27.0,0.09,0.09,False,False,True
1,initial,793,150,141.0,27.0,0.47,0.09,False,False,False
1,initial,794,150,175.0,24.0,0.5833333333333334,0.08,True,False,False
1,initial,795,150,71.0,26.0,0.23666666666666666,0.08666666666666667,False,False,False
1,initial,796,150,108.0,29.0,0.36,0.09666666666666666,False,False,False
1,initial,797,150,36.0,31.0,0.12,0.10333333333333333,False,False,False
1,initial,798,150,155.0,26.0,0.5166666666666667,0.08666666666666667,True,False,False
1,initial,799,150,132.0,25.0,0.44,0.08333333333333333,False,False,False
1,initial,800,150,128.0,26.0,0.4266666666666667,0.08666666666666667,False,False,False
1,initial,801,150,83.0,29.0,0.27666666666666667,0.09666666666666666,False,False,False
1,initial,802,150,105.0,28.0,0.35,0.09333333333333334,False,False,False
1,initial,803,150,129.0,27.0,0.43,0.09,False,False,False
1,initial,804,150,97.0,25.0,0.3233333333333333,0.08333333333333333,False,False,False
1,initial,805,150,80.0,29.0,0.26666666666666666,0.09666666666666666,False,False,False
1,initial,806,150,27.0,27.0,0.09,0.09,False,False,True
1,initial,807,150,122.0,23.0,0.4066666666666667,0.07666666666666666,False,False,False
1,initial,808,150,114.0,24.0,0.38,0.08,False,False,False
1,initial,809,150,151.0,25.0,0.5033333333333333,0.08333333333333333,True,False,False
1,initial,810,150,93.0,23.0,0.31,0.07666666666666666,False,False,False
1,initial,811,150,141.0,25.0,0.47,0.08333333333333333,False,False,False
1,initial,812,150,79.0,28.0,0.2633333333333333,0.09333333333333334,False,False,False
1,initial,813,150,135.0,29.0,0.45,0.09666666666666666,False,False,False
1,initial,814,150,130.0,25.0,0.43333333333333335,0.08333333333333333,False,False,False
1,initial,815,150,124.0,28.0,0.41333333333333333,0.09333333333333334,False,False,False
1,initial,816,150,83.0,36.0,0.27666666666666667,0.12,False,False,False
1,initial,817,150,131.0,28.0,0.43666666666666665,0.09333333333333334,False,False,False
1,initial,818,150,171.0,21.0,0.57,0.07,True,False,False
1,initial,819,150,151.0,26.0,0.5033333333333333,0.08666666666666667,True,False,False
1,initial,820,150,91.0,30.0,0.30333333333333334,0.1,False,False,False
1,initial,821,150,91.0,29.0,0.30333333333333334,0.09666666666666666,False,False,False
1,initial,822,150,66.0,24.0,0.22,0.08,False,False,False
1,initial,823,150,113.0,24.0,0.37666666666666665,0.08,False,False,False
1,initial,824,150,162.0,27.0,0.54,0.09,True,False,False
1,initial,825,150,126.0,29.0,0.42,0.09666666666666666,False,False,False
1,initial,826,150,94.0,22.0,0.31333333333333335,0.07333333333333333,False,False,False
1,initial,827,150,102.0,27.0,0.34,0.09,False,False,False
1,initial,828,150,38.0,28.0,0.12666666666666668,0.09333333333333334,False,False,False
1,initial,829,150,113.0,23.0,0.37666666666666665,0.07666666666666666,False,False,False
1,initial,830,150,260.0,21.0,0.8666666666666667,0.07,True,False,False
1,initial,831,150,55.0,24.0,0.18333333333333332,0.08,False,False,False
1,initial,832,150,25.0,24.0,0.08333333333333333,0.08,False,False,True
1,initial,833,150,124.0,25.0,0.41333333333333333,0.08333333333333333,False,False,False
1,initial,834,150,108.0,27.0,0.36,0.09,False,False,False
1,initial,835,150,133.0,26.0,0.44333333333333336,0.08666666666666667,False,False,False
1,initial,836,150,159.0,25.0,0.53,0.08333333333333333,True,False,False
1,initial,837,150,102.0,30.0,0.34,0.1,False,False,False
1,initial,838,150,148.0,22.0,0.49333333333333335,0.07333333333333333,False,False,False
1,initial,839,150,87.0,30.0,0.29,0.1,False,False,False
1,initial,840,150,110.0,31.0,0.36666666666666664,0.10333333333333333,False,False,False
1,initial,841,150,102.0,31.0,0.34,0.10333333333333333,False,False,False
1,initial,842,150,94.0,25.0,0.31333333333333335,0.08333333333333333,False,False,False
1,initial,843,150,85.0,23.0,0.2833333333333333,0.07666666666666666,False,False,False
1,initial,844,150,41.0,29.0,0.13666666666666666,0.09666666666666666,False,False,False
1,initial,845,150,41.0,29.0,0.13666666666666666,0.09666666666666666,False,False,False
1,initial,846,150,133.0,25.0,0.44333333333333336,0.08333333333333333,False,False,False
1,initial,847,150,63.0,29.0,0.21,0.09666666666666666,False,False,False
1,initial,848,150,134.0,26.0,0.44666666666666666,0.08666666666666667,False,False,False
1,initial,849,150,69.0,29.0,0.23,0.09666666666666666,False,False,False
1,initial,850,150,189.0,26.0,0.63,0.08666666666666667,True,False,False
1,initial,851,150,78.0,29.0,0.26,0.09666666666666666,False,False,False
1,initial,852,150,89.0,26.0,0.2966666666666667,0.08666666666666667,False,False,False
1,initial,853,150,119.0,27.0,0.39666666666666667,0.09,False,False,False
1,initial,854,150,153.0,28.0,0.51,0.09333333333333334,True,False,False
1,initial,855,150,128.0,23.0,0.4266666666666667,0.07666666666666666,False,False,False
1,initial,856,150,135.0,25.0,0.45,0.08333333333333333,False,False,False
1,initial,857,150,210.0,24.0,0.7,0.08,True,False,False
1,initial,858,150,138.0,23.0,0.46,0.07666666666666666,False,False,False
1,initial,859,150,150.0,31.0,0.5,0.10333333333333333,True,False,False
1,initial,860,150,60.0,31.0,0.2,0.10333333333333333,False,False,False
1,initial,861,150,128.0,26.0,0.4266666666666667,0.08666666666666667,False,False,False
1,initial,862,150,132.0,29.0,0.44,0.09666666666666666,False,False,False
1,initial,863,150,89.0,29.0,0.2966666666666667,0.09666666666666666,False,False,False
1,initial,864,150,21.0,20.0,0.07,0.06666666666666667,False,False,True
1,initial,865,150,25.0,24.0,0.08333333333333333,0.08,False,False,True
1,initial,866,150,93.0,30.0,0.31,0.1,False,False,False
1,initial,867,150,61.0,33.0,0.20333333333333334,0.11,False,False,False
1,initial,868,150,115.0,42.0,0.38333333333333336,0.14,False,False,False
1,initial,869,150,93.0,27.0,0.31,0.09,False,False,False
1,initial,870,150,167.0,24.0,0.5566666666666666,0.08,True,False,False
1,initial,871,150,99.0,24.0,0.33,0.08,False,False,False
1,initial,872,150,46.0,31.0,0.15333333333333332,0.10333333333333333,False,False,False
1,initial,873,150,183.0,24.0,0.61,0.08,True,False,False
1,initial,874,150,129.0,25.0,0.43,0.08333333333333333,False,False,False
1,initial,875,150,120.0,31.0,0.4,0.10333333333333333,False,False,False
1,initial,876,150,41.0,24.0,0.13666666666666666,0.08,False,False,False
1,initial,877,150,164.0,24.0,0.5466666666666666,0.08,True,False,False
1,initial,878,150,179.0,26.0,0.5966666666666667,0.08666666666666667,True,False,False
1,initial,879,150,120.0,25.0,0.4,0.08333333333333333,False,False,False
1,initial,880,150,41.0,28.0,0.13666666666666666,0.09333333333333334,False,False,False
1,initial,881,150,28.0,26.0,0.09333333333333334,0.08666666666666667,False,False,True
1,initial,882,150,23.0,22.0,0.07666666666666666,0.07333333333333333,False,False,True
1,initial,883,150,138.0,36.0,0.46,0.12,False,False,False
1,initial,884,150,91.0,27.0,0.30333333333333334,0.09,False,False,False
1,initial,885,150,155.0,27.0,0.5166666666666667,0.09,True,False,False
1,initial,886,150,166.0,25.0,0.5533333333333333,0.08333333333333333,True,False,False
1,initial,887,150,106.0,25.0,0.35333333333333333,0.08333333333333333,False,False,False
1,initial,888,150,120.0,25.0,0.4,0.08333333333333333,False,False,False
1,initial,889,150,146.0,25.0,0.4866666666666667,0.08333333333333333,False,False,False
1,initial,890,150,104.0,26.0,0.3466666666666667,0.08666666666666667,False,False,False
1,initial,891,150,137.0,25.0,0.45666666666666667,0.08333333333333333,False,False,False
1,initial,892,150,132.0,26.0,0.44,0.08666666666666667,False,False,False
1,initial,893,150,146.0,24.0,0.4866666666666667,0.08,False,False,False
1,initial,894,150,133.0,36.0,0.44333333333333336,0.12,False,False,False
1,initial,895,150,58.0,28.0,0.19333333333333333,0.09333333333333334,False,False,False
1,initial,896,150,126.0,27.0,0.42,0.09,False,False,False
1,initial,897,150,90.0,36.0,0.3,0.12,False,False,False
1,initial,898,150,62.0,27.0,0.20666666666666667,0.09,False,False,False
1,initial,899,150,88.0,30.0,0.29333333333333333,0.1,False,False,False
1,initial,900,150,106.0,27.0,0.35333333333333333,0.09,False,False,False
1,initial,901,150,70.0,31.0,0.23333333333333334,0.10333333333333333,False,False,False
1,initial,902,150,104.0,23.0,0.3466666666666667,0.07666666666666666,False,False,False
1,initial,903,150,81.0,24.0,0.27,0.08,False,False,False
1,initial,904,150,52.0,30.0,0.17333333333333334,0.1,False,False,False
1,final,0,150,300.0,25.0,1.0,0.08333333333333333,True,False,False
1,final,1,150,118.0,27.0,0.3933333333333333,0.09,False,False,False
1,final,2,150,300.0,25.0,1.0,0.08333333333333333,True,False,False
1,final,3,150,300.0,24.0,1.0,0.08,True,False,False
1,final,4,150,300.0,27.0,1.0,0.09,True,False,False
1,final,5,150,300.0,30.0,1.0,0.1,True,False,False
1,final,6,150,290.0,27.0,0.9666666666666667,0.09,True,False,False
1,final,7,150,300.0,28.0,1.0,0.09333333333333334,True,False,False
1,final,8,150,300.0,26.0,1.0,0.08666666666666667,True,False,False
1,final,9,150,300.0,29.0,1.0,0.09666666666666666,True,False,False
1,final,10,150,300.0,24.0,1.0,0.08,True,False,False
1,final,11,150,300.0,24.0,1.0,0.08,True,False,False
1,final,12,150,300.0,24.0,1.0,0.08,True,False,False
1,final,13,150,300.0,24.0,1.0,0.08,True,False,False
1,final,14,150,41.0,26.0,0.13666666666666666,0.08666666666666667,False,False,False
1,final,15,150,136.0,28.0,0.4533333333333333,0.09333333333333334,False,False,False
1,final,16,150,300.0,30.0,1.0,0.1,True,False,False
1,final,17,150,101.0,35.0,0.33666666666666667,0.11666666666666667,False,False,False
1,final,18,150,77.0,29.0,0.25666666666666665,0.09666666666666666,False,False,False
1,final,19,150,300.0,26.0,1.0,0.08666666666666667,True,False,False
1,final,20,150,300.0,26.0,1.0,0.08666666666666667,True,False,False
1,final,21,150,300.0,24.0,1.0,0.08,True,False,False
1,final,22,150,300.0,25.0,1.0,0.08333333333333333,True,False,False
1,final,23,150,300.0,26.0,1.0,0.08666666666666667,True,False,False
1,final,24,150,300.0,27.0,1.0,0.09,True,False,False
1,final,25,150,27.0,26.0,0.09,0.08666666666666667,False,False,True
1,final,26,150,27.0,25.0,0.09,0.08333333333333333,False,False,True
1,final,27,150,300.0,26.0,1.0,0.08666666666666667,True,False,False
1,final,28,150,300.0,27.0,1.0,0.09,True,False,False
1,final,29,150,300.0,25.0,1.0,0.08333333333333333,True,False,False
1,final,30,150,258.0,26.0,0.86,0.08666666666666667,True,False,False
1,final,31,150,300.0,24.0,1.0,0.08,True,False,False
1,final,32,150,300.0,29.0,1.0,0.09666666666666666,True,False,False
1,final,33,150,300.0,28.0,1.0,0.09333333333333334,True,False,False
1,final,34,150,300.0,26.0,1.0,0.08666666666666667,True,False,False
1,final,35,150,300.0,26.0,1.0,0.08666666666666667,True,False,False
1,final,36,150,88.0,38.0,0.29333333333333333,0.12666666666666668,False,False,False
1,final,37,150,300.0,31.0,1.0,0.10333333333333333,True,False,False
1,final,38,150,300.0,26.0,1.0,0.08666666666666667,True,False,False
1,final,39,150,83.0,27.0,0.27666666666666667,0.09,False,False,False
1,final,40,150,300.0,24.0,1.0,0.08,True,False,False
1,final,41,150,300.0,29.0,1.0,0.09666666666666666,True,False,False
1,final,42,150,300.0,26.0,1.0,0.08666666666666667,True,False,False
1,final,43,150,300.0,24.0,1.0,0.08,True,False,False
1,final,44,150,300.0,30.0,1.0,0.1,True,False,False
1,final,45,150,300.0,29.0,1.0,0.09666666666666666,True,False,False
1,final,46,150,300.0,26.0,1.0,0.08666666666666667,True,False,False
1,final,47,150,300.0,23.0,1.0,0.07666666666666666,True,False,False
1,final,48,150,300.0,24.0,1.0,0.08,True,False,False
1,final,49,150,68.0,33.0,0.22666666666666666,0.11,False,False,False
1,final,50,150,300.0,32.0,1.0,0.10666666666666667,True,False,False
1,final,51,150,41.0,27.0,0.13666666666666666,0.09,False,False,False
1,final,52,150,300.0,26.0,1.0,0.08666666666666667,True,False,False
1,final,53,150,300.0,26.0,1.0,0.08666666666666667,True,False,False
1,final,54,150,300.0,25.0,1.0,0.08333333333333333,True,False,False
1,final,55,150,124.0,30.0,0.41333333333333333,0.1,False,False,False
1,final,56,150,300.0,25.0,1.0,0.08333333333333333,True,False,False
1,final,57,150,300.0,28.0,1.0,0.09333333333333334,True,False,False
1,final,58,150,300.0,24.0,1.0,0.08,True,False,False
1,final,59,150,131.0,27.0,0.43666666666666665,0.09,False,False,False
1,final,60,150,300.0,24.0,1.0,0.08,True,False,False
1,final,61,150,300.0,30.0,1.0,0.1,True,False,False
1,final,62,150,300.0,32.0,1.0,0.10666666666666667,True,False,False
1,final,63,150,260.0,26.0,0.8666666666666667,0.08666666666666667,True,False,False
1,final,64,150,20.0,19.0,0.06666666666666667,0.06333333333333334,False,False,True
1,final,65,150,300.0,32.0,1.0,0.10666666666666667,True,False,False
1,final,66,150,300.0,23.0,1.0,0.07666666666666666,True,False,False
1,final,67,150,98.0,25.0,0.32666666666666666,0.08333333333333333,False,False,False
1,final,68,150,300.0,32.0,1.0,0.10666666666666667,True,False,False
1,final,69,150,300.0,30.0,1.0,0.1,True,False,False
1,final,70,150,300.0,32.0,1.0,0.10666666666666667,True,False,False
1,final,71,150,300.0,26.0,1.0,0.08666666666666667,True,False,False
1,final,72,150,300.0,24.0,1.0,0.08,True,False,False
1,final,73,150,275.0,26.0,0.9166666666666666,0.08666666666666667,True,False,False
1,final,74,150,300.0,22.0,1.0,0.07333333333333333,True,False,False
1,final,75,150,93.0,41.0,0.31,0.13666666666666666,False,False,False
1,final,76,150,79.0,26.0,0.2633333333333333,0.08666666666666667,False,False,False
1,final,77,150,300.0,28.0,1.0,0.09333333333333334,True,False,False
1,final,78,150,300.0,25.0,1.0,0.08333333333333333,True,False,False
1,final,79,150,89.0,24.0,0.2966666666666667,0.08,False,False,False
1,final,80,150,300.0,26.0,1.0,0.08666666666666667,True,False,False
1,final,81,150,300.0,26.0,1.0,0.08666666666666667,True,False,False
1,final,82,150,300.0,32.0,1.0,0.10666666666666667,True,False,False
1,final,83,150,300.0,27.0,1.0,0.09,True,False,False
1,final,84,150,34.0,29.0,0.11333333333333333,0.09666666666666666,False,False,False
1,final,85,150,300.0,26.0,1.0,0.08666666666666667,True,False,False
1,final,86,150,39.0,39.0,0.13,0.13,False,False,True
1,final,87,150,300.0,24.0,1.0,0.08,True,False,False
1,final,88,150,300.0,26.0,1.0,0.08666666666666667,True,False,False
1,final,89,150,300.0,32.0,1.0,0.10666666666666667,True,False,False
1,final,90,150,300.0,25.0,1.0,0.08333333333333333,True,False,False
1,final,91,150,37.0,29.0,0.12333333333333334,0.09666666666666666,False,False,False
1,final,92,150,300.0,23.0,1.0,0.07666666666666666,True,False,False
1,final,93,150,300.0,28.0,1.0,0.09333333333333334,True,False,False
1,final,94,150,300.0,26.0,1.0,0.08666666666666667,True,False,False
1,final,95,150,55.0,37.0,0.18333333333333332,0.12333333333333334,False,False,False
1,final,96,150,69.0,21.0,0.23,0.07,False,False,False
1,final,97,150,91.0,27.0,0.30333333333333334,0.09,False,False,False
1,final,98,150,300.0,27.0,1.0,0.09,True,False,False
1,final,99,150,300.0,29.0,1.0,0.09666666666666666,True,False,False
1,final,100,150,42.0,39.0,0.14,0.13,False,False,True
1,final,101,150,300.0,24.0,1.0,0.08,True,False,False
1,final,102,150,63.0,25.0,0.21,0.08333333333333333,False,False,False
1,final,103,150,300.0,24.0,1.0,0.08,True,False,False
1,final,104,150,300.0,28.0,1.0,0.09333333333333334,True,False,False
1,final,105,150,300.0,32.0,1.0,0.10666666666666667,True,False,False
1,final,106,150,300.0,32.0,1.0,0.10666666666666667,True,False,False
1,final,107,150,300.0,25.0,1.0,0.08333333333333333,True,False,False
1,final,108,150,53.0,29.0,0.17666666666666667,0.09666666666666666,False,False,False
1,final,109,150,27.0,24.0,0.09,0.08,False,False,False
1,final,110,150,106.0,27.0,0.35333333333333333,0.09,False,False,False
1,final,111,150,300.0,30.0,1.0,0.1,True,False,False
1,final,112,150,300.0,32.0,1.0,0.10666666666666667,True,False,False
1,final,113,150,300.0,24.0,1.0,0.08,True,False,False
1,final,114,150,300.0,24.0,1.0,0.08,True,False,False
1,final,115,150,65.0,23.0,0.21666666666666667,0.07666666666666666,False,False,False
1,final,116,150,300.0,26.0,1.0,0.08666666666666667,True,False,False
1,final,117,150,24.0,23.0,0.08,0.07666666666666666,False,False,True
1,final,118,150,300.0,32.0,1.0,0.10666666666666667,True,False,False
1,final,119,150,300.0,30.0,1.0,0.1,True,False,False
1,final,120,150,300.0,29.0,1.0,0.09666666666666666,True,False,False
1,final,121,150,300.0,26.0,1.0,0.08666666666666667,True,False,False
1,final,122,150,300.0,26.0,1.0,0.08666666666666667,True,False,False
1,final,123,150,148.0,34.0,0.49333333333333335,0.11333333333333333,False,False,False
1,final,124,150,300.0,25.0,1.0,0.08333333333333333,True,False,False
1,final,125,150,300.0,32.0,1.0,0.10666666666666667,True,False,False
1,final,126,150,20.0,20.0,0.06666666666666667,0.06666666666666667,False,False,True
1,final,127,150,300.0,30.0,1.0,0.1,True,False,False
1,final,128,150,77.0,29.0,0.25666666666666665,0.09666666666666666,False,False,False
1,final,129,150,53.0,29.0,0.17666666666666667,0.09666666666666666,False,False,False
1,final,130,150,300.0,31.0,1.0,0.10333333333333333,True,False,False
1,final,131,150,300.0,30.0,1.0,0.1,True,False,False
1,final,132,150,300.0,29.0,1.0,0.09666666666666666,True,False,False
1,final,133,150,300.0,26.0,1.0,0.08666666666666667,True,False,False
1,final,134,150,300.0,28.0,1.0,0.09333333333333334,True,False,False
1,final,135,150,300.0,32.0,1.0,0.10666666666666667,True,False,False
1,final,136,150,61.0,27.0,0.20333333333333334,0.09,False,False,False
1,final,137,150,300.0,27.0,1.0,0.09,True,False,False
1,final,138,150,77.0,24.0,0.25666666666666665,0.08,False,False,False
1,final,139,150,300.0,24.0,1.0,0.08,True,False,False
1,final,140,150,300.0,27.0,1.0,0.09,True,False,False
1,final,141,150,300.0,24.0,1.0,0.08,True,False,False
1,final,142,150,300.0,25.0,1.0,0.08333333333333333,True,False,False
1,final,143,150,30.0,24.0,0.1,0.08,False,False,False
1,final,144,150,300.0,28.0,1.0,0.09333333333333334,True,False,False
1,final,145,150,300.0,26.0,1.0,0.08666666666666667,True,False,False
1,final,146,150,24.0,23.0,0.08,0.07666666666666666,False,False,True
1,final,147,150,300.0,26.0,1.0,0.08666666666666667,True,False,False
1,final,148,150,300.0,25.0,1.0,0.08333333333333333,True,False,False
1,final,149,150,204.0,28.0,0.68,0.09333333333333334,True,False,False
1,final,150,150,300.0,29.0,1.0,0.09666666666666666,True,False,False
1,final,151,150,83.0,24.0,0.27666666666666667,0.08,False,False,False
1,final,152,150,27.0,26.0,0.09,0.08666666666666667,False,False,True
1,final,153,150,300.0,30.0,1.0,0.1,True,False,False
1,final,154,150,300.0,26.0,1.0,0.08666666666666667,True,False,False
1,final,155,150,300.0,26.0,1.0,0.08666666666666667,True,False,False
1,final,156,150,300.0,32.0,1.0,0.10666666666666667,True,False,False
1,final,157,150,300.0,26.0,1.0,0.08666666666666667,True,False,False
1,final,158,150,300.0,30.0,1.0,0.1,True,False,False
1,final,159,150,300.0,28.0,1.0,0.09333333333333334,True,False,False
1,final,160,150,17.0,17.0,0.056666666666666664,0.056666666666666664,False,False,True
1,final,161,150,54.0,27.0,0.18,0.09,False,False,False
1,final,162,150,300.0,22.0,1.0,0.07333333333333333,True,False,False
1,final,163,150,300.0,27.0,1.0,0.09,True,False,False
1,final,164,150,300.0,25.0,1.0,0.08333333333333333,True,False,False
1,final,165,150,300.0,28.0,1.0,0.09333333333333334,True,False,False
1,final,166,150,300.0,29.0,1.0,0.09666666666666666,True,False,False
1,final,167,150,101.0,35.0,0.33666666666666667,0.11666666666666667,False,False,False
1,final,168,150,300.0,25.0,1.0,0.08333333333333333,True,False,False
1,final,169,150,300.0,24.0,1.0,0.08,True,False,False
1,final,170,150,300.0,27.0,1.0,0.09,True,False,False
1,final,171,150,300.0,22.0,1.0,0.07333333333333333,True,False,False
1,final,172,150,300.0,34.0,1.0,0.11333333333333333,True,False,False
1,final,173,150,77.0,28.0,0.25666666666666665,0.09333333333333334,False,False,False
1,final,174,150,300.0,24.0,1.0,0.08,True,False,False
1,final,175,150,114.0,28.0,0.38,0.09333333333333334,False,False,False
1,final,176,150,104.0,26.0,0.3466666666666667,0.08666666666666667,False,False,False
1,final,177,150,300.0,25.0,1.0,0.08333333333333333,True,False,False
1,final,178,150,300.0,27.0,1.0,0.09,True,False,False
1,final,179,150,300.0,24.0,1.0,0.08,True,False,False
1,final,180,150,17.0,17.0,0.056666666666666664,0.056666666666666664,False,False,True
1,final,181,150,300.0,26.0,1.0,0.08666666666666667,True,False,False
1,final,182,150,82.0,29.0,0.2733333333333333,0.09666666666666666,False,False,False
1,final,183,150,295.0,27.0,0.9833333333333333,0.09,True,False,False
1,final,184,150,300.0,25.0,1.0,0.08333333333333333,True,False,False
1,final,185,150,300.0,26.0,1.0,0.08666666666666667,True,False,False
1,final,186,150,300.0,24.0,1.0,0.08,True,False,False
1,final,187,150,300.0,26.0,1.0,0.08666666666666667,True,False,False
1,final,188,150,300.0,30.0,1.0,0.1,True,False,False
1,final,189,150,78.0,25.0,0.26,0.08333333333333333,False,False,False
1,final,190,150,300.0,26.0,1.0,0.08666666666666667,True,False,False
1,final,191,150,300.0,28.0,1.0,0.09333333333333334,True,False,False
1,final,192,150,300.0,24.0,1.0,0.08,True,False,False
1,final,193,150,300.0,25.0,1.0,0.08333333333333333,True,False,False
1,final,194,150,295.0,30.0,0.9833333333333333,0.1,True,False,False
1,final,195,150,154.0,30.0,0.5133333333333333,0.1,True,False,False
1,final,196,150,300.0,31.0,1.0,0.10333333333333333,True,False,False
1,final,197,150,300.0,26.0,1.0,0.08666666666666667,True,False,False
1,final,198,150,300.0,25.0,1.0,0.08333333333333333,True,False,False
1,final,199,150,45.0,23.0,0.15,0.07666666666666666,False,False,False
1,final,200,150,300.0,25.0,1.0,0.08333333333333333,True,False,False
1,final,201,150,300.0,23.0,1.0,0.07666666666666666,True,False,False
1,final,202,150,300.0,26.0,1.0,0.08666666666666667,True,False,False
1,final,203,150,300.0,28.0,1.0,0.09333333333333334,True,False,False
1,final,204,150,300.0,31.0,1.0,0.10333333333333333,True,False,False
1,final,205,150,122.0,29.0,0.4066666666666667,0.09666666666666666,False,False,False
1,final,206,150,22.0,22.0,0.07333333333333333,0.07333333333333333,False,False,True
1,final,207,150,27.0,24.0,0.09,0.08,False,False,False
1,final,208,150,98.0,33.0,0.32666666666666666,0.11,False,False,False
1,final,209,150,300.0,25.0,1.0,0.08333333333333333,True,False,False
1,final,210,150,300.0,26.0,1.0,0.08666666666666667,True,False,False
1,final,211,150,300.0,24.0,1.0,0.08,True,False,False
1,final,212,150,38.0,24.0,0.12666666666666668,0.08,False,False,False
1,final,213,150,300.0,29.0,1.0,0.09666666666666666,True,False,False
1,final,214,150,24.0,24.0,0.08,0.08,False,False,True
1,final,215,150,300.0,28.0,1.0,0.09333333333333334,True,False,False
1,final,216,150,24.0,24.0,0.08,0.08,False,False,True
1,final,217,150,300.0,30.0,1.0,0.1,True,False,False
1,final,218,150,34.0,32.0,0.11333333333333333,0.10666666666666667,False,False,True
1,final,219,150,108.0,25.0,0.36,0.08333333333333333,False,False,False
1,final,220,150,300.0,28.0,1.0,0.09333333333333334,True,False,False
1,final,221,150,300.0,29.0,1.0,0.09666666666666666,True,False,False
1,final,222,150,300.0,21.0,1.0,0.07,True,False,False
1,final,223,150,36.0,29.0,0.12,0.09666666666666666,False,False,False
1,final,224,150,300.0,26.0,1.0,0.08666666666666667,True,False,False
1,final,225,150,300.0,31.0,1.0,0.10333333333333333,True,False,False
1,final,226,150,300.0,26.0,1.0,0.08666666666666667,True,False,False
1,final,227,150,24.0,23.0,0.08,0.07666666666666666,False,False,True
1,final,228,150,97.0,24.0,0.3233333333333333,0.08,False,False,False
1,final,229,150,300.0,26.0,1.0,0.08666666666666667,True,False,False
1,final,230,150,46.0,29.0,0.15333333333333332,0.09666666666666666,False,False,False
1,final,231,150,300.0,30.0,1.0,0.1,True,False,False
1,final,232,150,300.0,29.0,1.0,0.09666666666666666,True,False,False
1,final,233,150,300.0,24.0,1.0,0.08,True,False,False
1,final,234,150,88.0,27.0,0.29333333333333333,0.09,False,False,False
1,final,235,150,300.0,32.0,1.0,0.10666666666666667,True,False,False
1,final,236,150,300.0,31.0,1.0,0.10333333333333333,True,False,False
1,final,237,150,300.0,28.0,1.0,0.09333333333333334,True,False,False
1,final,238,150,300.0,26.0,1.0,0.08666666666666667,True,False,False
1,final,239,150,300.0,24.0,1.0,0.08,True,False,False
1,final,240,150,300.0,26.0,1.0,0.08666666666666667,True,False,False
1,final,241,150,300.0,25.0,1.0,0.08333333333333333,True,False,False
1,final,242,150,300.0,26.0,1.0,0.08666666666666667,True,False,False
1,final,243,150,300.0,26.0,1.0,0.08666666666666667,True,False,False
1,final,244,150,300.0,27.0,1.0,0.09,True,False,False
1,final,245,150,300.0,27.0,1.0,0.09,True,False,False
1,final,246,150,24.0,24.0,0.08,0.08,False,False,True
1,final,247,150,113.0,27.0,0.37666666666666665,0.09,False,False,False
1,final,248,150,300.0,25.0,1.0,0.08333333333333333,True,False,False
1,final,249,150,300.0,42.0,1.0,0.14,True,False,False
1,final,250,150,300.0,25.0,1.0,0.08333333333333333,True,False,False
1,final,251,150,300.0,27.0,1.0,0.09,True,False,False
1,final,252,150,300.0,25.0,1.0,0.08333333333333333,True,False,False
1,final,253,150,300.0,23.0,1.0,0.07666666666666666,True,False,False
1,final,254,150,300.0,26.0,1.0,0.08666666666666667,True,False,False
1,final,255,150,300.0,30.0,1.0,0.1,True,False,False
1,final,256,150,300.0,30.0,1.0,0.1,True,False,False
1,final,257,150,300.0,24.0,1.0,0.08,True,False,False
1,final,258,150,300.0,24.0,1.0,0.08,True,False,False
1,final,259,150,300.0,26.0,1.0,0.08666666666666667,True,False,False
1,final,260,150,34.0,31.0,0.11333333333333333,0.10333333333333333,False,False,True
1,final,261,150,300.0,30.0,1.0,0.1,True,False,False
1,final,262,150,300.0,26.0,1.0,0.08666666666666667,True,False,False
1,final,263,150,300.0,25.0,1.0,0.08333333333333333,True,False,False
1,final,264,150,20.0,19.0,0.06666666666666667,0.06333333333333334,False,False,True
1,final,265,150,300.0,32.0,1.0,0.10666666666666667,True,False,False
1,final,266,150,300.0,26.0,1.0,0.08666666666666667,True,False,False
1,final,267,150,173.0,30.0,0.5766666666666667,0.1,True,False,False
1,final,268,150,300.0,26.0,1.0,0.08666666666666667,True,False,False
1,final,269,150,300.0,29.0,1.0,0.09666666666666666,True,False,False
1,final,270,150,208.0,28.0,0.6933333333333334,0.09333333333333334,True,False,False
1,final,271,150,68.0,27.0,0.22666666666666666,0.09,False,False,False
1,final,272,150,300.0,29.0,1.0,0.09666666666666666,True,False,False
1,final,273,150,300.0,24.0,1.0,0.08,True,False,False
1,final,274,150,300.0,32.0,1.0,0.10666666666666667,True,False,False
1,final,275,150,300.0,28.0,1.0,0.09333333333333334,True,False,False
1,final,276,150,51.0,37.0,0.17,0.12333333333333334,False,False,False
1,final,277,150,300.0,29.0,1.0,0.09666666666666666,True,False,False
1,final,278,150,300.0,22.0,1.0,0.07333333333333333,True,False,False
1,final,279,150,36.0,27.0,0.12,0.09,False,False,False
1,final,280,150,38.0,29.0,0.12666666666666668,0.09666666666666666,False,False,False
1,final,281,150,133.0,30.0,0.44333333333333336,0.1,False,False,False
1,final,282,150,300.0,24.0,1.0,0.08,True,False,False
1,final,283,150,35.0,33.0,0.11666666666666667,0.11,False,False,True
1,final,284,150,270.0,29.0,0.9,0.09666666666666666,True,False,False
1,final,285,150,300.0,26.0,1.0,0.08666666666666667,True,False,False
1,final,286,150,300.0,26.0,1.0,0.08666666666666667,True,False,False
1,final,287,150,41.0,39.0,0.13666666666666666,0.13,False,False,True
1,final,288,150,27.0,26.0,0.09,0.08666666666666667,False,False,True
1,final,289,150,288.0,26.0,0.96,0.08666666666666667,True,False,False
1,final,290,150,78.0,33.0,0.26,0.11,False,False,False
1,final,291,150,226.0,28.0,0.7533333333333333,0.09333333333333334,True,False,False
1,final,292,150,300.0,30.0,1.0,0.1,True,False,False
1,final,293,150,300.0,25.0,1.0,0.08333333333333333,True,False,False
1,final,294,150,35.0,26.0,0.11666666666666667,0.08666666666666667,False,False,False
1,final,295,150,300.0,26.0,1.0,0.08666666666666667,True,False,False
1,final,296,150,282.0,27.0,0.94,0.09,True,False,False
1,final,297,150,300.0,30.0,1.0,0.1,True,False,False
1,final,298,150,79.0,27.0,0.2633333333333333,0.09,False,False,False
1,final,299,150,296.0,28.0,0.9866666666666667,0.09333333333333334,True,False,False
1,final,300,150,300.0,29.0,1.0,0.09666666666666666,True,False,False
1,final,301,150,300.0,30.0,1.0,0.1,True,False,False
1,final,302,150,300.0,28.0,1.0,0.09333333333333334,True,False,False
1,final,303,150,300.0,26.0,1.0,0.08666666666666667,True,False,False
1,final,304,150,246.0,28.0,0.82,0.09333333333333334,True,False,False
1,final,305,150,25.0,24.0,0.08333333333333333,0.08,False,False,True
1,final,306,150,102.0,38.0,0.34,0.12666666666666668,False,False,False
1,final,307,150,300.0,27.0,1.0,0.09,True,False,False
1,final,308,150,300.0,25.0,1.0,0.08333333333333333,True,False,False
1,final,309,150,300.0,32.0,1.0,0.10666666666666667,True,False,False
1,final,310,150,99.0,38.0,0.33,0.12666666666666668,False,False,False
1,final,311,150,300.0,24.0,1.0,0.08,True,False,False
1,final,312,150,300.0,24.0,1.0,0.08,True,False,False
1,final,313,150,300.0,27.0,1.0,0.09,True,False,False
1,final,314,150,36.0,34.0,0.12,0.11333333333333333,False,False,True
1,final,315,150,300.0,29.0,1.0,0.09666666666666666,True,False,False
1,final,316,150,27.0,26.0,0.09,0.08666666666666667,False,False,True
1,final,317,150,300.0,25.0,1.0,0.08333333333333333,True,False,False
1,final,318,150,300.0,24.0,1.0,0.08,True,False,False
1,final,319,150,300.0,25.0,1.0,0.08333333333333333,True,False,False
1,final,320,150,300.0,30.0,1.0,0.1,True,False,False
1,final,321,150,300.0,25.0,1.0,0.08333333333333333,True,False,False
1,final,322,150,86.0,38.0,0.2866666666666667,0.12666666666666668,False,False,False
1,final,323,150,300.0,24.0,1.0,0.08,True,False,False
1,final,324,150,300.0,25.0,1.0,0.08333333333333333,True,False,False
1,final,325,150,300.0,26.0,1.0,0.08666666666666667,True,False,False
1,final,326,150,300.0,28.0,1.0,0.09333333333333334,True,False,False
1,final,327,150,79.0,23.0,0.2633333333333333,0.07666666666666666,False,False,False
1,final,328,150,180.0,30.0,0.6,0.1,True,False,False
1,final,329,150,300.0,28.0,1.0,0.09333333333333334,True,False,False
1,final,330,150,300.0,30.0,1.0,0.1,True,False,False
1,final,331,150,282.0,25.0,0.94,0.08333333333333333,True,False,False
1,final,332,150,300.0,28.0,1.0,0.09333333333333334,True,False,False
1,final,333,150,300.0,28.0,1.0,0.09333333333333334,True,False,False
1,final,334,150,98.0,38.0,0.32666666666666666,0.12666666666666668,False,False,False
1,final,335,150,300.0,24.0,1.0,0.08,True,False,False
1,final,336,150,300.0,31.0,1.0,0.10333333333333333,True,False,False
1,final,337,150,300.0,26.0,1.0,0.08666666666666667,True,False,False
1,final,338,150,300.0,26.0,1.0,0.08666666666666667,True,False,False
1,final,339,150,300.0,25.0,1.0,0.08333333333333333,True,False,False
1,final,340,150,295.0,27.0,0.9833333333333333,0.09,True,False,False
1,final,341,150,79.0,27.0,0.2633333333333333,0.09,False,False,False
1,final,342,150,300.0,42.0,1.0,0.14,True,False,False
1,final,343,150,300.0,26.0,1.0,0.08666666666666667,True,False,False
1,final,344,150,300.0,30.0,1.0,0.1,True,False,False
1,final,345,150,300.0,24.0,1.0,0.08,True,False,False
1,final,346,150,300.0,24.0,1.0,0.08,True,False,False
1,final,347,150,94.0,30.0,0.31333333333333335,0.1,False,False,False
1,final,348,150,300.0,27.0,1.0,0.09,True,False,False
1,final,349,150,54.0,24.0,0.18,0.08,False,False,False
1,final,350,150,300.0,28.0,1.0,0.09333333333333334,True,False,False
1,final,351,150,300.0,23.0,1.0,0.07666666666666666,True,False,False
1,final,352,150,300.0,27.0,1.0,0.09,True,False,False
1,final,353,150,300.0,26.0,1.0,0.08666666666666667,True,False,False
1,final,354,150,110.0,28.0,0.36666666666666664,0.09333333333333334,False,False,False
1,final,355,150,300.0,29.0,1.0,0.09666666666666666,True,False,False
1,final,356,150,300.0,26.0,1.0,0.08666666666666667,True,False,False
1,final,357,150,27.0,26.0,0.09,0.08666666666666667,False,False,True
1,final,358,150,300.0,26.0,1.0,0.08666666666666667,True,False,False
1,final,359,150,300.0,24.0,1.0,0.08,True,False,False
1,final,360,150,300.0,36.0,1.0,0.12,True,False,False
1,final,361,150,91.0,27.0,0.30333333333333334,0.09,False,False,False
1,final,362,150,300.0,25.0,1.0,0.08333333333333333,True,False,False
1,final,363,150,300.0,25.0,1.0,0.08333333333333333,True,False,False
1,final,364,150,300.0,29.0,1.0,0.09666666666666666,True,False,False
1,final,365,150,300.0,22.0,1.0,0.07333333333333333,True,False,False
1,final,366,150,300.0,27.0,1.0,0.09,True,False,False
1,final,367,150,300.0,25.0,1.0,0.08333333333333333,True,False,False
1,final,368,150,300.0,25.0,1.0,0.08333333333333333,True,False,False
1,final,369,150,70.0,27.0,0.23333333333333334,0.09,False,False,False
1,final,370,150,300.0,24.0,1.0,0.08,True,False,False
1,final,371,150,300.0,26.0,1.0,0.08666666666666667,True,False,False
1,final,372,150,85.0,38.0,0.2833333333333333,0.12666666666666668,False,False,False
1,final,373,150,300.0,27.0,1.0,0.09,True,False,False
1,final,374,150,300.0,29.0,1.0,0.09666666666666666,True,False,False
1,final,375,150,300.0,32.0,1.0,0.10666666666666667,True,False,False
1,final,376,150,79.0,26.0,0.2633333333333333,0.08666666666666667,False,False,False
1,final,377,150,300.0,24.0,1.0,0.08,True,False,False
1,final,378,150,268.0,26.0,0.8933333333333333,0.08666666666666667,True,False,False
1,final,379,150,300.0,27.0,1.0,0.09,True,False,False
1,final,380,150,300.0,28.0,1.0,0.09333333333333334,True,False,False
1,final,381,150,300.0,24.0,1.0,0.08,True,False,False
1,final,382,150,300.0,29.0,1.0,0.09666666666666666,True,False,False
1,final,383,150,300.0,27.0,1.0,0.09,True,False,False
1,final,384,150,300.0,30.0,1.0,0.1,True,False,False
1,final,385,150,214.0,28.0,0.7133333333333334,0.09333333333333334,True,False,False
1,final,386,150,300.0,23.0,1.0,0.07666666666666666,True,False,False
1,final,387,150,300.0,26.0,1.0,0.08666666666666667,True,False,False
1,final,388,150,300.0,28.0,1.0,0.09333333333333334,True,False,False
1,final,389,150,300.0,28.0,1.0,0.09333333333333334,True,False,False
1,final,390,150,300.0,27.0,1.0,0.09,True,False,False
1,final,391,150,300.0,25.0,1.0,0.08333333333333333,True,False,False
1,final,392,150,300.0,28.0,1.0,0.09333333333333334,True,False,False
1,final,393,150,300.0,26.0,1.0,0.08666666666666667,True,False,False
1,final,394,150,300.0,29.0,1.0,0.09666666666666666,True,False,False
1,final,395,150,300.0,25.0,1.0,0.08333333333333333,True,False,False
1,final,396,150,300.0,29.0,1.0,0.09666666666666666,True,False,False
1,final,397,150,300.0,28.0,1.0,0.09333333333333334,True,False,False
1,final,398,150,22.0,22.0,0.07333333333333333,0.07333333333333333,False,False,True
1,final,399,150,300.0,30.0,1.0,0.1,True,False,False
1,final,400,150,300.0,27.0,1.0,0.09,True,False,False
1,final,401,150,46.0,29.0,0.15333333333333332,0.09666666666666666,False,False,False
1,final,402,150,300.0,26.0,1.0,0.08666666666666667,True,False,False
1,final,403,150,300.0,31.0,1.0,0.10333333333333333,True,False,False
1,final,404,150,300.0,25.0,1.0,0.08333333333333333,True,False,False
1,final,405,150,104.0,29.0,0.3466666666666667,0.09666666666666666,False,False,False
1,final,406,150,300.0,26.0,1.0,0.08666666666666667,True,False,False
1,final,407,150,300.0,30.0,1.0,0.1,True,False,False
1,final,408,150,124.0,30.0,0.41333333333333333,0.1,False,False,False
1,final,409,150,300.0,23.0,1.0,0.07666666666666666,True,False,False
1,final,410,150,300.0,30.0,1.0,0.1,True,False,False
1,final,411,150,58.0,27.0,0.19333333333333333,0.09,False,False,False
1,final,412,150,132.0,29.0,0.44,0.09666666666666666,False,False,False
1,final,413,150,63.0,23.0,0.21,0.07666666666666666,False,False,False
1,final,414,150,300.0,32.0,1.0,0.10666666666666667,True,False,False
1,final,415,150,300.0,26.0,1.0,0.08666666666666667,True,False,False
1,final,416,150,300.0,25.0,1.0,0.08333333333333333,True,False,False
1,final,417,150,296.0,32.0,0.9866666666666667,0.10666666666666667,True,False,False
1,final,418,150,300.0,25.0,1.0,0.08333333333333333,True,False,False
1,final,419,150,300.0,22.0,1.0,0.07333333333333333,True,False,False
1,final,420,150,300.0,24.0,1.0,0.08,True,False,False
1,final,421,150,300.0,31.0,1.0,0.10333333333333333,True,False,False
1,final,422,150,300.0,26.0,1.0,0.08666666666666667,True,False,False
1,final,423,150,300.0,28.0,1.0,0.09333333333333334,True,False,False
1,final,424,150,300.0,24.0,1.0,0.08,True,False,False
1,final,425,150,93.0,41.0,0.31,0.13666666666666666,False,False,False
1,final,426,150,300.0,25.0,1.0,0.08333333333333333,True,False,False
1,final,427,150,83.0,24.0,0.27666666666666667,0.08,False,False,False
1,final,428,150,300.0,27.0,1.0,0.09,True,False,False
1,final,429,150,300.0,29.0,1.0,0.09666666666666666,True,False,False
1,final,430,150,300.0,25.0,1.0,0.08333333333333333,True,False,False
1,final,431,150,118.0,29.0,0.3933333333333333,0.09666666666666666,False,False,False
1,final,432,150,300.0,25.0,1.0,0.08333333333333333,True,False,False
1,final,433,150,300.0,25.0,1.0,0.08333333333333333,True,False,False
1,final,434,150,300.0,24.0,1.0,0.08,True,False,False
1,final,435,150,300.0,26.0,1.0,0.08666666666666667,True,False,False
1,final,436,150,300.0,25.0,1.0,0.08333333333333333,True,False,False
1,final,437,150,162.0,28.0,0.54,0.09333333333333334,True,False,False
1,final,438,150,300.0,26.0,1.0,0.08666666666666667,True,False,False
1,final,439,150,75.0,39.0,0.25,0.13,False,False,False
1,final,440,150,300.0,26.0,1.0,0.08666666666666667,True,False,False
1,final,441,150,30.0,29.0,0.1,0.09666666666666666,False,False,True
1,final,442,150,300.0,25.0,1.0,0.08333333333333333,True,False,False
1,final,443,150,300.0,24.0,1.0,0.08,True,False,False
1,final,444,150,89.0,27.0,0.2966666666666667,0.09,False,False,False
1,final,445,150,77.0,33.0,0.25666666666666665,0.11,False,False,False
1,final,446,150,23.0,22.0,0.07666666666666666,0.07333333333333333,False,False,True
1,final,447,150,66.0,28.0,0.22,0.09333333333333334,False,False,False
1,final,448,150,300.0,24.0,1.0,0.08,True,False,False
1,final,449,150,300.0,26.0,1.0,0.08666666666666667,True,False,False
1,final,450,150,300.0,30.0,1.0,0.1,True,False,False
1,final,451,150,79.0,27.0,0.2633333333333333,0.09,False,False,False
1,final,452,150,65.0,25.0,0.21666666666666667,0.08333333333333333,False,False,False
1,final,453,150,300.0,26.0,1.0,0.08666666666666667,True,False,False
1,final,454,150,300.0,26.0,1.0,0.08666666666666667,True,False,False
1,final,455,150,300.0,25.0,1.0,0.08333333333333333,True,False,False
1,final,456,150,40.0,24.0,0.13333333333333333,0.08,False,False,False
1,final,457,150,300.0,31.0,1.0,0.10333333333333333,True,False,False
1,final,458,150,300.0,26.0,1.0,0.08666666666666667,True,False,False
1,final,459,150,20.0,19.0,0.06666666666666667,0.06333333333333334,False,False,True
1,final,460,150,300.0,30.0,1.0,0.1,True,False,False
1,final,461,150,142.0,29.0,0.47333333333333333,0.09666666666666666,False,False,False
1,final,462,150,300.0,26.0,1.0,0.08666666666666667,True,False,False
1,final,463,150,300.0,26.0,1.0,0.08666666666666667,True,False,False
1,final,464,150,300.0,27.0,1.0,0.09,True,False,False
1,final,465,150,300.0,29.0,1.0,0.09666666666666666,True,False,False
1,final,466,150,300.0,29.0,1.0,0.09666666666666666,True,False,False
1,final,467,150,300.0,26.0,1.0,0.08666666666666667,True,False,False
1,final,468,150,300.0,25.0,1.0,0.08333333333333333,True,False,False
1,final,469,150,300.0,26.0,1.0,0.08666666666666667,True,False,False
1,final,470,150,300.0,25.0,1.0,0.08333333333333333,True,False,False
1,final,471,150,270.0,26.0,0.9,0.08666666666666667,True,False,False
1,final,472,150,300.0,21.0,1.0,0.07,True,False,False
1,final,473,150,300.0,26.0,1.0,0.08666666666666667,True,False,False
1,final,474,150,102.0,38.0,0.34,0.12666666666666668,False,False,False
1,final,475,150,300.0,26.0,1.0,0.08666666666666667,True,False,False
1,final,476,150,300.0,32.0,1.0,0.10666666666666667,True,False,False
1,final,477,150,36.0,34.0,0.12,0.11333333333333333,False,False,True
1,final,478,150,300.0,28.0,1.0,0.09333333333333334,True,False,False
1,final,479,150,300.0,24.0,1.0,0.08,True,False,False
1,final,480,150,92.0,28.0,0.30666666666666664,0.09333333333333334,False,False,False
1,final,481,150,300.0,25.0,1.0,0.08333333333333333,True,False,False
1,final,482,150,288.0,34.0,0.96,0.11333333333333333,True,False,False
1,final,483,150,84.0,24.0,0.28,0.08,False,False,False
1,final,484,150,42.0,41.0,0.14,0.13666666666666666,False,False,True
1,final,485,150,30.0,29.0,0.1,0.09666666666666666,False,False,True
1,final,486,150,30.0,29.0,0.1,0.09666666666666666,False,False,True
1,final,487,150,300.0,22.0,1.0,0.07333333333333333,True,False,False
1,final,488,150,300.0,30.0,1.0,0.1,True,False,False
1,final,489,150,23.0,22.0,0.07666666666666666,0.07333333333333333,False,False,True
1,final,490,150,300.0,32.0,1.0,0.10666666666666667,True,False,False
1,final,491,150,238.0,26.0,0.7933333333333333,0.08666666666666667,True,False,False
1,final,492,150,300.0,25.0,1.0,0.08333333333333333,True,False,False
1,final,493,150,300.0,24.0,1.0,0.08,True,False,False
1,final,494,150,300.0,42.0,1.0,0.14,True,False,False
1,final,495,150,300.0,42.0,1.0,0.14,True,False,False
1,final,496,150,300.0,26.0,1.0,0.08666666666666667,True,False,False
1,final,497,150,300.0,29.0,1.0,0.09666666666666666,True,False,False
1,final,498,150,295.0,30.0,0.9833333333333333,0.1,True,False,False
1,final,499,150,264.0,29.0,0.88,0.09666666666666666,True,False,False
1,final,500,150,77.0,27.0,0.25666666666666665,0.09,False,False,False
1,final,501,150,300.0,28.0,1.0,0.09333333333333334,True,False,False
1,final,502,150,300.0,26.0,1.0,0.08666666666666667,True,False,False
1,final,503,150,250.0,28.0,0.8333333333333334,0.09333333333333334,True,False,False
1,final,504,150,300.0,23.0,1.0,0.07666666666666666,True,False,False
1,final,505,150,300.0,25.0,1.0,0.08333333333333333,True,False,False
1,final,506,150,300.0,25.0,1.0,0.08333333333333333,True,False,False
1,final,507,150,68.0,33.0,0.22666666666666666,0.11,False,False,False
1,final,508,150,300.0,26.0,1.0,0.08666666666666667,True,False,False
1,final,509,150,258.0,30.0,0.86,0.1,True,False,False
1,final,510,150,300.0,31.0,1.0,0.10333333333333333,True,False,False
1,final,511,150,55.0,23.0,0.18333333333333332,0.07666666666666666,False,False,False
1,final,512,150,89.0,41.0,0.2966666666666667,0.13666666666666666,False,False,False
1,final,513,150,64.0,33.0,0.21333333333333335,0.11,False,False,False
1,final,514,150,27.0,26.0,0.09,0.08666666666666667,False,False,True
1,final,515,150,244.0,30.0,0.8133333333333334,0.1,True,False,False
1,final,516,150,300.0,25.0,1.0,0.08333333333333333,True,False,False
1,final,517,150,300.0,28.0,1.0,0.09333333333333334,True,False,False
1,final,518,150,221.0,29.0,0.7366666666666667,0.09666666666666666,True,False,False
1,final,519,150,300.0,30.0,1.0,0.1,True,False,False
1,final,520,150,300.0,34.0,1.0,0.11333333333333333,True,False,False
1,final,521,150,80.0,30.0,0.26666666666666666,0.1,False,False,False
1,final,522,150,300.0,24.0,1.0,0.08,True,False,False
1,final,523,150,102.0,30.0,0.34,0.1,False,False,False
1,final,524,150,300.0,26.0,1.0,0.08666666666666667,True,False,False
1,final,525,150,300.0,25.0,1.0,0.08333333333333333,True,False,False
1,final,526,150,300.0,27.0,1.0,0.09,True,False,False
1,final,527,150,300.0,26.0,1.0,0.08666666666666667,True,False,False
1,final,528,150,30.0,29.0,0.1,0.09666666666666666,False,False,True
1,final,529,150,300.0,25.0,1.0,0.08333333333333333,True,False,False
1,final,530,150,65.0,25.0,0.21666666666666667,0.08333333333333333,False,False,False
1,final,531,150,300.0,25.0,1.0,0.08333333333333333,True,False,False
1,final,532,150,33.0,24.0,0.11,0.08,False,False,False
1,final,533,150,300.0,25.0,1.0,0.08333333333333333,True,False,False
1,final,534,150,300.0,32.0,1.0,0.10666666666666667,True,False,False
1,final,535,150,24.0,23.0,0.08,0.07666666666666666,False,False,True
1,final,536,150,264.0,28.0,0.88,0.09333333333333334,True,False,False
1,final,537,150,300.0,24.0,1.0,0.08,True,False,False
1,final,538,150,212.0,30.0,0.7066666666666667,0.1,True,False,False
1,final,539,150,300.0,24.0,1.0,0.08,True,False,False
1,final,540,150,256.0,30.0,0.8533333333333334,0.1,True,False,False
1,final,541,150,300.0,24.0,1.0,0.08,True,False,False
1,final,542,150,300.0,25.0,1.0,0.08333333333333333,True,False,False
1,final,543,150,300.0,25.0,1.0,0.08333333333333333,True,False,False
1,final,544,150,60.0,29.0,0.2,0.09666666666666666,False,False,False
1,final,545,150,300.0,30.0,1.0,0.1,True,False,False
1,final,546,150,300.0,29.0,1.0,0.09666666666666666,True,False,False
1,final,547,150,300.0,30.0,1.0,0.1,True,False,False
1,final,548,150,300.0,23.0,1.0,0.07666666666666666,True,False,False
1,final,549,150,300.0,27.0,1.0,0.09,True,False,False
1,final,550,150,94.0,30.0,0.31333333333333335,0.1,False,False,False
1,final,551,150,300.0,24.0,1.0,0.08,True,False,False
1,final,552,150,300.0,26.0,1.0,0.08666666666666667,True,False,False
1,final,553,150,300.0,26.0,1.0,0.08666666666666667,True,False,False
1,final,554,150,300.0,30.0,1.0,0.1,True,False,False
1,final,555,150,300.0,25.0,1.0,0.08333333333333333,True,False,False
1,final,556,150,300.0,28.0,1.0,0.09333333333333334,True,False,False
1,final,557,150,87.0,24.0,0.29,0.08,False,False,False
1,final,558,150,87.0,27.0,0.29,0.09,False,False,False
1,final,559,150,300.0,32.0,1.0,0.10666666666666667,True,False,False
1,final,560,150,300.0,22.0,1.0,0.07333333333333333,True,False,False
1,final,561,150,300.0,25.0,1.0,0.08333333333333333,True,False,False
1,final,562,150,300.0,24.0,1.0,0.08,True,False,False
1,final,563,150,300.0,26.0,1.0,0.08666666666666667,True,False,False
1,final,564,150,300.0,24.0,1.0,0.08,True,False,False
1,final,565,150,300.0,28.0,1.0,0.09333333333333334,True,False,False
1,final,566,150,300.0,26.0,1.0,0.08666666666666667,True,False,False
1,final,567,150,158.0,28.0,0.5266666666666666,0.09333333333333334,True,False,False
1,final,568,150,300.0,26.0,1.0,0.08666666666666667,True,False,False
1,final,569,150,300.0,25.0,1.0,0.08333333333333333,True,False,False
1,final,570,150,300.0,26.0,1.0,0.08666666666666667,True,False,False
1,final,571,150,133.0,30.0,0.44333333333333336,0.1,False,False,False
1,final,572,150,300.0,26.0,1.0,0.08666666666666667,True,False,False
1,final,573,150,300.0,25.0,1.0,0.08333333333333333,True,False,False
1,final,574,150,65.0,23.0,0.21666666666666667,0.07666666666666666,False,False,False
1,final,575,150,300.0,25.0,1.0,0.08333333333333333,True,False,False
1,final,576,150,300.0,31.0,1.0,0.10333333333333333,True,False,False
1,final,577,150,300.0,29.0,1.0,0.09666666666666666,True,False,False
1,final,578,150,300.0,23.0,1.0,0.07666666666666666,True,False,False
1,final,579,150,300.0,36.0,1.0,0.12,True,False,False
1,final,580,150,300.0,25.0,1.0,0.08333333333333333,True,False,False
1,final,581,150,102.0,38.0,0.34,0.12666666666666668,False,False,False
1,final,582,150,300.0,23.0,1.0,0.07666666666666666,True,False,False
1,final,583,150,300.0,28.0,1.0,0.09333333333333334,True,False,False
1,final,584,150,27.0,26.0,0.09,0.08666666666666667,False,False,True
1,final,585,150,80.0,30.0,0.26666666666666666,0.1,False,False,False
1,final,586,150,300.0,29.0,1.0,0.09666666666666666,True,False,False
1,final,587,150,300.0,24.0,1.0,0.08,True,False,False
1,final,588,150,300.0,27.0,1.0,0.09,True,False,False
1,final,589,150,300.0,28.0,1.0,0.09333333333333334,True,False,False
1,final,590,150,27.0,26.0,0.09,0.08666666666666667,False,False,True
1,final,591,150,300.0,26.0,1.0,0.08666666666666667,True,False,False
1,final,592,150,300.0,27.0,1.0,0.09,True,False,False
1,final,593,150,300.0,29.0,1.0,0.09666666666666666,True,False,False
1,final,594,150,300.0,24.0,1.0,0.08,True,False,False
1,final,595,150,300.0,25.0,1.0,0.08333333333333333,True,False,False
1,final,596,150,300.0,25.0,1.0,0.08333333333333333,True,False,False
1,final,597,150,55.0,23.0,0.18333333333333332,0.07666666666666666,False,False,False
1,final,598,150,51.0,34.0,0.17,0.11333333333333333,False,False,False
1,final,599,150,300.0,24.0,1.0,0.08,True,False,False
1,final,600,150,300.0,25.0,1.0,0.08333333333333333,True,False,False
1,final,601,150,300.0,30.0,1.0,0.1,True,False,False
1,final,602,150,27.0,26.0,0.09,0.08666666666666667,False,False,True
1,final,603,150,300.0,27.0,1.0,0.09,True,False,False
1,final,604,150,300.0,22.0,1.0,0.07333333333333333,True,False,False
1,final,605,150,296.0,34.0,0.9866666666666667,0.11333333333333333,True,False,False
1,final,606,150,295.0,27.0,0.9833333333333333,0.09,True,False,False
1,final,607,150,300.0,25.0,1.0,0.08333333333333333,True,False,False
1,final,608,150,300.0,24.0,1.0,0.08,True,False,False
1,final,609,150,52.0,27.0,0.17333333333333334,0.09,False,False,False
1,final,610,150,52.0,27.0,0.17333333333333334,0.09,False,False,False
1,final,611,150,300.0,24.0,1.0,0.08,True,False,False
1,final,612,150,30.0,29.0,0.1,0.09666666666666666,False,False,True
1,final,613,150,300.0,24.0,1.0,0.08,True,False,False
1,final,614,150,300.0,26.0,1.0,0.08666666666666667,True,False,False
1,final,615,150,300.0,32.0,1.0,0.10666666666666667,True,False,False
1,final,616,150,282.0,30.0,0.94,0.1,True,False,False
1,final,617,150,300.0,29.0,1.0,0.09666666666666666,True,False,False
1,final,618,150,90.0,38.0,0.3,0.12666666666666668,False,False,False
1,final,619,150,35.0,33.0,0.11666666666666667,0.11,False,False,True
1,final,620,150,300.0,26.0,1.0,0.08666666666666667,True,False,False
1,final,621,150,300.0,25.0,1.0,0.08333333333333333,True,False,False
1,final,622,150,300.0,26.0,1.0,0.08666666666666667,True,False,False
1,final,623,150,97.0,24.0,0.3233333333333333,0.08,False,False,False
1,final,624,150,300.0,25.0,1.0,0.08333333333333333,True,False,False
1,final,625,150,125.0,27.0,0.4166666666666667,0.09,False,False,False
1,final,626,150,192.0,28.0,0.64,0.09333333333333334,True,False,False
1,final,627,150,300.0,32.0,1.0,0.10666666666666667,True,False,False
1,final,628,150,300.0,26.0,1.0,0.08666666666666667,True,False,False
1,final,629,150,300.0,26.0,1.0,0.08666666666666667,True,False,False
1,final,630,150,300.0,42.0,1.0,0.14,True,False,False
1,final,631,150,300.0,26.0,1.0,0.08666666666666667,True,False,False
1,final,632,150,272.0,26.0,0.9066666666666666,0.08666666666666667,True,False,False
1,final,633,150,300.0,26.0,1.0,0.08666666666666667,True,False,False
1,final,634,150,300.0,24.0,1.0,0.08,True,False,False
1,final,635,150,133.0,33.0,0.44333333333333336,0.11,False,False,False
1,final,636,150,300.0,26.0,1.0,0.08666666666666667,True,False,False
1,final,637,150,300.0,30.0,1.0,0.1,True,False,False
1,final,638,150,300.0,29.0,1.0,0.09666666666666666,True,False,False
1,final,639,150,94.0,30.0,0.31333333333333335,0.1,False,False,False
1,final,640,150,300.0,32.0,1.0,0.10666666666666667,True,False,False
1,final,641,150,300.0,26.0,1.0,0.08666666666666667,True,False,False
1,final,642,150,300.0,25.0,1.0,0.08333333333333333,True,False,False
1,final,643,150,300.0,23.0,1.0,0.07666666666666666,True,False,False
1,final,644,150,300.0,25.0,1.0,0.08333333333333333,True,False,False
1,final,645,150,300.0,25.0,1.0,0.08333333333333333,True,False,False
1,final,646,150,71.0,27.0,0.23666666666666666,0.09,False,False,False
1,final,647,150,300.0,30.0,1.0,0.1,True,False,False
1,final,648,150,68.0,28.0,0.22666666666666666,0.09333333333333334,False,False,False
1,final,649,150,36.0,32.0,0.12,0.10666666666666667,False,False,False
1,final,650,150,300.0,25.0,1.0,0.08333333333333333,True,False,False
1,final,651,150,300.0,28.0,1.0,0.09333333333333334,True,False,False
1,final,652,150,300.0,27.0,1.0,0.09,True,False,False
1,final,653,150,300.0,26.0,1.0,0.08666666666666667,True,False,False
1,final,654,150,116.0,24.0,0.38666666666666666,0.08,False,False,False
1,final,655,150,102.0,28.0,0.34,0.09333333333333334,False,False,False
1,final,656,150,300.0,30.0,1.0,0.1,True,False,False
1,final,657,150,300.0,29.0,1.0,0.09666666666666666,True,False,False
1,final,658,150,300.0,26.0,1.0,0.08666666666666667,True,False,False
1,final,659,150,300.0,32.0,1.0,0.10666666666666667,True,False,False
1,final,660,150,153.0,26.0,0.51,0.08666666666666667,True,False,False
1,final,661,150,296.0,26.0,0.9866666666666667,0.08666666666666667,True,False,False
1,final,662,150,96.0,24.0,0.32,0.08,False,False,False
1,final,663,150,80.0,28.0,0.26666666666666666,0.09333333333333334,False,False,False
1,final,664,150,267.0,27.0,0.89,0.09,True,False,False
1,final,665,150,80.0,28.0,0.26666666666666666,0.09333333333333334,False,False,False
1,final,666,150,300.0,26.0,1.0,0.08666666666666667,True,False,False
1,final,667,150,300.0,24.0,1.0,0.08,True,False,False
1,final,668,150,300.0,26.0,1.0,0.08666666666666667,True,False,False
1,final,669,150,300.0,25.0,1.0,0.08333333333333333,True,False,False
1,final,670,150,36.0,32.0,0.12,0.10666666666666667,False,False,False
1,final,671,150,77.0,28.0,0.25666666666666665,0.09333333333333334,False,False,False
1,final,672,150,194.0,29.0,0.6466666666666666,0.09666666666666666,True,False,False
1,final,673,150,300.0,24.0,1.0,0.08,True,False,False
1,final,674,150,61.0,27.0,0.20333333333333334,0.09,False,False,False
1,final,675,150,72.0,29.0,0.24,0.09666666666666666,False,False,False
1,final,676,150,266.0,29.0,0.8866666666666667,0.09666666666666666,True,False,False
1,final,677,150,197.0,37.0,0.6566666666666666,0.12333333333333334,True,False,False
1,final,678,150,300.0,29.0,1.0,0.09666666666666666,True,False,False
1,final,679,150,87.0,24.0,0.29,0.08,False,False,False
1,final,680,150,300.0,26.0,1.0,0.08666666666666667,True,False,False
1,final,681,150,300.0,27.0,1.0,0.09,True,False,False
1,final,682,150,27.0,25.0,0.09,0.08333333333333333,False,False,True
1,final,683,150,300.0,28.0,1.0,0.09333333333333334,True,False,False
1,final,684,150,300.0,25.0,1.0,0.08333333333333333,True,False,False
1,final,685,150,74.0,41.0,0.24666666666666667,0.13666666666666666,False,False,False
1,final,686,150,111.0,27.0,0.37,0.09,False,False,False
1,final,687,150,86.0,33.0,0.2866666666666667,0.11,False,False,False
1,final,688,150,300.0,27.0,1.0,0.09,True,False,False
1,final,689,150,158.0,30.0,0.5266666666666666,0.1,True,False,False
1,final,690,150,300.0,28.0,1.0,0.09333333333333334,True,False,False
1,final,691,150,300.0,34.0,1.0,0.11333333333333333,True,False,False
1,final,692,150,231.0,27.0,0.77,0.09,True,False,False
1,final,693,150,46.0,29.0,0.15333333333333332,0.09666666666666666,False,False,False
1,final,694,150,300.0,23.0,1.0,0.07666666666666666,True,False,False
1,final,695,150,300.0,27.0,1.0,0.09,True,False,False
1,final,696,150,300.0,24.0,1.0,0.08,True,False,False
1,final,697,150,148.0,29.0,0.49333333333333335,0.09666666666666666,False,False,False
1,final,698,150,300.0,26.0,1.0,0.08666666666666667,True,False,False
1,final,699,150,300.0,34.0,1.0,0.11333333333333333,True,False,False
1,final,700,150,300.0,25.0,1.0,0.08333333333333333,True,False,False
1,final,701,150,71.0,27.0,0.23666666666666666,0.09,False,False,False
1,final,702,150,300.0,26.0,1.0,0.08666666666666667,True,False,False
1,final,703,150,300.0,24.0,1.0,0.08,True,False,False
1,final,704,150,300.0,24.0,1.0,0.08,True,False,False
1,final,705,150,138.0,35.0,0.46,0.11666666666666667,False,False,False
1,final,706,150,300.0,29.0,1.0,0.09666666666666666,True,False,False
1,final,707,150,145.0,30.0,0.48333333333333334,0.1,False,False,False
1,final,708,150,300.0,27.0,1.0,0.09,True,False,False
1,final,709,150,218.0,27.0,0.7266666666666667,0.09,True,False,False
1,final,710,150,300.0,31.0,1.0,0.10333333333333333,True,False,False
1,final,711,150,300.0,28.0,1.0,0.09333333333333334,True,False,False
1,final,712,150,104.0,26.0,0.3466666666666667,0.08666666666666667,False,False,False
1,final,713,150,300.0,25.0,1.0,0.08333333333333333,True,False,False
1,final,714,150,300.0,24.0,1.0,0.08,True,False,False
1,final,715,150,300.0,25.0,1.0,0.08333333333333333,True,False,False
1,final,716,150,300.0,30.0,1.0,0.1,True,False,False
1,final,717,150,300.0,26.0,1.0,0.08666666666666667,True,False,False
1,final,718,150,27.0,25.0,0.09,0.08333333333333333,False,False,True
1,final,719,150,79.0,39.0,0.2633333333333333,0.13,False,False,False
1,final,720,150,40.0,24.0,0.13333333333333333,0.08,False,False,False
1,final,721,150,75.0,33.0,0.25,0.11,False,False,False
1,final,722,150,300.0,24.0,1.0,0.08,True,False,False
1,final,723,150,75.0,23.0,0.25,0.07666666666666666,False,False,False
1,final,724,150,27.0,26.0,0.09,0.08666666666666667,False,False,True
1,final,725,150,17.0,17.0,0.056666666666666664,0.056666666666666664,False,False,True
1,final,726,150,164.0,29.0,0.5466666666666666,0.09666666666666666,True,False,False
1,final,727,150,300.0,25.0,1.0,0.08333333333333333,True,False,False
1,final,728,150,44.0,29.0,0.14666666666666667,0.09666666666666666,False,False,False
1,final,729,150,300.0,28.0,1.0,0.09333333333333334,True,False,False
1,final,730,150,17.0,17.0,0.056666666666666664,0.056666666666666664,False,False,True
1,final,731,150,53.0,29.0,0.17666666666666667,0.09666666666666666,False,False,False
1,final,732,150,300.0,29.0,1.0,0.09666666666666666,True,False,False
1,final,733,150,300.0,26.0,1.0,0.08666666666666667,True,False,False
1,final,734,150,300.0,25.0,1.0,0.08333333333333333,True,False,False
1,final,735,150,46.0,29.0,0.15333333333333332,0.09666666666666666,False,False,False
1,final,736,150,300.0,30.0,1.0,0.1,True,False,False
1,final,737,150,300.0,27.0,1.0,0.09,True,False,False
1,final,738,150,300.0,32.0,1.0,0.10666666666666667,True,False,False
1,final,739,150,300.0,30.0,1.0,0.1,True,False,False
1,final,740,150,300.0,24.0,1.0,0.08,True,False,False
1,final,741,150,300.0,26.0,1.0,0.08666666666666667,True,False,False
1,final,742,150,300.0,24.0,1.0,0.08,True,False,False
1,final,743,150,300.0,24.0,1.0,0.08,True,False,False
1,final,744,150,116.0,24.0,0.38666666666666666,0.08,False,False,False
1,final,745,150,300.0,26.0,1.0,0.08666666666666667,True,False,False
1,final,746,150,300.0,29.0,1.0,0.09666666666666666,True,False,False
1,final,747,150,300.0,25.0,1.0,0.08333333333333333,True,False,False
1,final,748,150,300.0,26.0,1.0,0.08666666666666667,True,False,False
1,final,749,150,41.0,27.0,0.13666666666666666,0.09,False,False,False
1,final,750,150,24.0,23.0,0.08,0.07666666666666666,False,False,True
1,final,751,150,300.0,29.0,1.0,0.09666666666666666,True,False,False
1,final,752,150,30.0,29.0,0.1,0.09666666666666666,False,False,True
1,final,753,150,300.0,26.0,1.0,0.08666666666666667,True,False,False
1,final,754,150,300.0,24.0,1.0,0.08,True,False,False
1,final,755,150,300.0,26.0,1.0,0.08666666666666667,True,False,False
1,final,756,150,300.0,30.0,1.0,0.1,True,False,False
1,final,757,150,300.0,25.0,1.0,0.08333333333333333,True,False,False
1,final,758,150,23.0,22.0,0.07666666666666666,0.07333333333333333,False,False,True
1,final,759,150,300.0,26.0,1.0,0.08666666666666667,True,False,False
1,final,760,150,300.0,26.0,1.0,0.08666666666666667,True,False,False
1,final,761,150,24.0,23.0,0.08,0.07666666666666666,False,False,True
1,final,762,150,300.0,25.0,1.0,0.08333333333333333,True,False,False
1,final,763,150,300.0,26.0,1.0,0.08666666666666667,True,False,False
1,final,764,150,300.0,29.0,1.0,0.09666666666666666,True,False,False
1,final,765,150,300.0,22.0,1.0,0.07333333333333333,True,False,False
1,final,766,150,300.0,27.0,1.0,0.09,True,False,False
1,final,767,150,300.0,27.0,1.0,0.09,True,False,False
1,final,768,150,77.0,28.0,0.25666666666666665,0.09333333333333334,False,False,False
1,final,769,150,125.0,25.0,0.4166666666666667,0.08333333333333333,False,False,False
1,final,770,150,300.0,26.0,1.0,0.08666666666666667,True,False,False
1,final,771,150,105.0,30.0,0.35,0.1,False,False,False
1,final,772,150,300.0,26.0,1.0,0.08666666666666667,True,False,False
1,final,773,150,300.0,26.0,1.0,0.08666666666666667,True,False,False
1,final,774,150,300.0,27.0,1.0,0.09,True,False,False
1,final,775,150,300.0,26.0,1.0,0.08666666666666667,True,False,False
1,final,776,150,74.0,21.0,0.24666666666666667,0.07,False,False,False
1,final,777,150,300.0,26.0,1.0,0.08666666666666667,True,False,False
1,final,778,150,300.0,25.0,1.0,0.08333333333333333,True,False,False
1,final,779,150,300.0,32.0,1.0,0.10666666666666667,True,False,False
1,final,780,150,125.0,25.0,0.4166666666666667,0.08333333333333333,False,False,False
1,final,781,150,300.0,29.0,1.0,0.09666666666666666,True,False,False
1,final,782,150,300.0,30.0,1.0,0.1,True,False,False
1,final,783,150,165.0,29.0,0.55,0.09666666666666666,True,False,False
1,final,784,150,300.0,30.0,1.0,0.1,True,False,False
1,final,785,150,131.0,27.0,0.43666666666666665,0.09,False,False,False
1,final,786,150,300.0,26.0,1.0,0.08666666666666667,True,False,False
1,final,787,150,300.0,25.0,1.0,0.08333333333333333,True,False,False
1,final,788,150,300.0,26.0,1.0,0.08666666666666667,True,False,False
1,final,789,150,300.0,28.0,1.0,0.09333333333333334,True,False,False
1,final,790,150,41.0,27.0,0.13666666666666666,0.09,False,False,False
1,final,791,150,300.0,26.0,1.0,0.08666666666666667,True,False,False
1,final,792,150,27.0,24.0,0.09,0.08,False,False,False
1,final,793,150,300.0,29.0,1.0,0.09666666666666666,True,False,False
1,final,794,150,300.0,26.0,1.0,0.08666666666666667,True,False,False
1,final,795,150,145.0,30.0,0.48333333333333334,0.1,False,False,False
1,final,796,150,300.0,29.0,1.0,0.09666666666666666,True,False,False
1,final,797,150,37.0,36.0,0.12333333333333334,0.12,False,False,True
1,final,798,150,300.0,24.0,1.0,0.08,True,False,False
1,final,799,150,300.0,25.0,1.0,0.08333333333333333,True,False,False
1,final,800,150,300.0,26.0,1.0,0.08666666666666667,True,False,False
1,final,801,150,248.0,28.0,0.8266666666666667,0.09333333333333334,True,False,False
1,final,802,150,300.0,32.0,1.0,0.10666666666666667,True,False,False
1,final,803,150,300.0,32.0,1.0,0.10666666666666667,True,False,False
1,final,804,150,97.0,27.0,0.3233333333333333,0.09,False,False,False
1,final,805,150,80.0,28.0,0.26666666666666666,0.09333333333333334,False,False,False
1,final,806,150,27.0,24.0,0.09,0.08,False,False,False
1,final,807,150,300.0,26.0,1.0,0.08666666666666667,True,False,False
1,final,808,150,300.0,26.0,1.0,0.08666666666666667,True,False,False
1,final,809,150,300.0,29.0,1.0,0.09666666666666666,True,False,False
1,final,810,150,300.0,23.0,1.0,0.07666666666666666,True,False,False
1,final,811,150,300.0,26.0,1.0,0.08666666666666667,True,False,False
1,final,812,150,158.0,30.0,0.5266666666666666,0.1,True,False,False
1,final,813,150,300.0,29.0,1.0,0.09666666666666666,True,False,False
1,final,814,150,300.0,29.0,1.0,0.09666666666666666,True,False,False
1,final,815,150,300.0,28.0,1.0,0.09333333333333334,True,False,False
1,final,816,150,300.0,36.0,1.0,0.12,True,False,False
1,final,817,150,300.0,32.0,1.0,0.10666666666666667,True,False,False
1,final,818,150,300.0,26.0,1.0,0.08666666666666667,True,False,False
1,final,819,150,254.0,26.0,0.8466666666666667,0.08666666666666667,True,False,False
1,final,820,150,300.0,30.0,1.0,0.1,True,False,False
1,final,821,150,300.0,29.0,1.0,0.09666666666666666,True,False,False
1,final,822,150,66.0,25.0,0.22,0.08333333333333333,False,False,False
1,final,823,150,300.0,28.0,1.0,0.09333333333333334,True,False,False
1,final,824,150,300.0,28.0,1.0,0.09333333333333334,True,False,False
1,final,825,150,300.0,29.0,1.0,0.09666666666666666,True,False,False
1,final,826,150,300.0,24.0,1.0,0.08,True,False,False
1,final,827,150,102.0,24.0,0.34,0.08,False,False,False
1,final,828,150,156.0,28.0,0.52,0.09333333333333334,True,False,False
1,final,829,150,300.0,26.0,1.0,0.08666666666666667,True,False,False
1,final,830,150,300.0,24.0,1.0,0.08,True,False,False
1,final,831,150,55.0,27.0,0.18333333333333332,0.09,False,False,False
1,final,832,150,22.0,22.0,0.07333333333333333,0.07333333333333333,False,False,True
1,final,833,150,278.0,27.0,0.9266666666666666,0.09,True,False,False
1,final,834,150,300.0,27.0,1.0,0.09,True,False,False
1,final,835,150,208.0,28.0,0.6933333333333334,0.09333333333333334,True,False,False
1,final,836,150,300.0,26.0,1.0,0.08666666666666667,True,False,False
1,final,837,150,300.0,30.0,1.0,0.1,True,False,False
1,final,838,150,300.0,25.0,1.0,0.08333333333333333,True,False,False
1,final,839,150,300.0,30.0,1.0,0.1,True,False,False
1,final,840,150,150.0,29.0,0.5,0.09666666666666666,True,False,False
1,final,841,150,102.0,30.0,0.34,0.1,False,False,False
1,final,842,150,94.0,38.0,0.31333333333333335,0.12666666666666668,False,False,False
1,final,843,150,85.0,24.0,0.2833333333333333,0.08,False,False,False
1,final,844,150,180.0,28.0,0.6,0.09333333333333334,True,False,False
1,final,845,150,178.0,28.0,0.5933333333333334,0.09333333333333334,True,False,False
1,final,846,150,300.0,29.0,1.0,0.09666666666666666,True,False,False
1,final,847,150,63.0,27.0,0.21,0.09,False,False,False
1,final,848,150,300.0,24.0,1.0,0.08,True,False,False
1,final,849,150,228.0,28.0,0.76,0.09333333333333334,True,False,False
1,final,850,150,300.0,25.0,1.0,0.08333333333333333,True,False,False
1,final,851,150,189.0,29.0,0.63,0.09666666666666666,True,False,False
1,final,852,150,296.0,30.0,0.9866666666666667,0.1,True,False,False
1,final,853,150,300.0,27.0,1.0,0.09,True,False,False
1,final,854,150,300.0,27.0,1.0,0.09,True,False,False
1,final,855,150,300.0,25.0,1.0,0.08333333333333333,True,False,False
1,final,856,150,300.0,30.0,1.0,0.1,True,False,False
1,final,857,150,300.0,30.0,1.0,0.1,True,False,False
1,final,858,150,300.0,29.0,1.0,0.09666666666666666,True,False,False
1,final,859,150,300.0,26.0,1.0,0.08666666666666667,True,False,False
1,final,860,150,60.0,27.0,0.2,0.09,False,False,False
1,final,861,150,300.0,28.0,1.0,0.09333333333333334,True,False,False
1,final,862,150,300.0,29.0,1.0,0.09666666666666666,True,False,False
1,final,863,150,300.0,25.0,1.0,0.08333333333333333,True,False,False
1,final,864,150,21.0,20.0,0.07,0.06666666666666667,False,False,True
1,final,865,150,22.0,22.0,0.07333333333333333,0.07333333333333333,False,False,True
1,final,866,150,93.0,29.0,0.31,0.09666666666666666,False,False,False
1,final,867,150,133.0,39.0,0.44333333333333336,0.13,False,False,False
1,final,868,150,300.0,42.0,1.0,0.14,True,False,False
1,final,869,150,300.0,24.0,1.0,0.08,True,False,False
1,final,870,150,300.0,26.0,1.0,0.08666666666666667,True,False,False
1,final,871,150,300.0,25.0,1.0,0.08333333333333333,True,False,False
1,final,872,150,46.0,37.0,0.15333333333333332,0.12333333333333334,False,False,False
1,final,873,150,300.0,28.0,1.0,0.09333333333333334,True,False,False
1,final,874,150,300.0,25.0,1.0,0.08333333333333333,True,False,False
1,final,875,150,300.0,29.0,1.0,0.09666666666666666,True,False,False
1,final,876,150,41.0,27.0,0.13666666666666666,0.09,False,False,False
1,final,877,150,300.0,24.0,1.0,0.08,True,False,False
1,final,878,150,300.0,25.0,1.0,0.08333333333333333,True,False,False
1,final,879,150,300.0,27.0,1.0,0.09,True,False,False
1,final,880,150,41.0,25.0,0.13666666666666666,0.08333333333333333,False,False,False
1,final,881,150,26.0,24.0,0.08666666666666667,0.08,False,False,True
1,final,882,150,23.0,22.0,0.07666666666666666,0.07333333333333333,False,False,True
1,final,883,150,300.0,36.0,1.0,0.12,True,False,False
1,final,884,150,91.0,24.0,0.30333333333333334,0.08,False,False,False
1,final,885,150,300.0,29.0,1.0,0.09666666666666666,True,False,False
1,final,886,150,300.0,29.0,1.0,0.09666666666666666,True,False,False
1,final,887,150,300.0,25.0,1.0,0.08333333333333333,True,False,False
1,final,888,150,300.0,25.0,1.0,0.08333333333333333,True,False,False
1,final,889,150,300.0,32.0,1.0,0.10666666666666667,True,False,False
1,final,890,150,220.0,26.0,0.7333333333333333,0.08666666666666667,True,False,False
1,final,891,150,300.0,29.0,1.0,0.09666666666666666,True,False,False
1,final,892,150,132.0,30.0,0.44,0.1,False,False,False
1,final,893,150,288.0,24.0,0.96,0.08,True,False,False
1,final,894,150,300.0,36.0,1.0,0.12,True,False,False
1,final,895,150,58.0,27.0,0.19333333333333333,0.09,False,False,False
1,final,896,150,300.0,25.0,1.0,0.08333333333333333,True,False,False
1,final,897,150,300.0,36.0,1.0,0.12,True,False,False
1,final,898,150,62.0,27.0,0.20666666666666667,0.09,False,False,False
1,final,899,150,88.0,38.0,0.29333333333333333,0.12666666666666668,False,False,False
1,final,900,150,300.0,24.0,1.0,0.08,True,False,False
1,final,901,150,90.0,29.0,0.3,0.09666666666666666,False,False,False
1,final,902,150,300.0,26.0,1.0,0.08666666666666667,True,False,False
1,final,903,150,81.0,27.0,0.27,0.09,False,False,False
1,final,904,150,52.0,34.0,0.17333333333333334,0.11333333333333333,False,False,False
2,initial,0,150,65.0,26.0,0.21666666666666667,0.08666666666666667,False,False,False
2,initial,1,150,72.0,31.0,0.24,0.10333333333333333,False,False,False
2,initial,2,150,91.0,29.0,0.30333333333333334,0.09666666666666666,False,False,False
2,initial,3,150,41.0,28.0,0.13666666666666666,0.09333333333333334,False,False,False
2,initial,4,150,157.0,24.0,0.5233333333333333,0.08,True,False,False
2,initial,5,150,102.0,26.0,0.34,0.08666666666666667,False,False,False
2,initial,6,150,88.0,31.0,0.29333333333333333,0.10333333333333333,False,False,False
2,initial,7,150,142.0,24.0,0.47333333333333333,0.08,False,False,False
2,initial,8,150,64.0,25.0,0.21333333333333335,0.08333333333333333,False,False,False
2,initial,9,150,109.0,25.0,0.36333333333333334,0.08333333333333333,False,False,False
2,initial,10,150,123.0,27.0,0.41,0.09,False,False,False
2,initial,11,150,104.0,29.0,0.3466666666666667,0.09666666666666666,False,False,False
2,initial,12,150,125.0,23.0,0.4166666666666667,0.07666666666666666,False,False,False
2,initial,13,150,25.0,24.0,0.08333333333333333,0.08,False,False,True
2,initial,14,150,163.0,25.0,0.5433333333333333,0.08333333333333333,True,False,False
2,initial,15,150,89.0,24.0,0.2966666666666667,0.08,False,False,False
2,initial,16,150,22.0,17.0,0.07333333333333333,0.056666666666666664,False,False,False
2,initial,17,150,124.0,31.0,0.41333333333333333,0.10333333333333333,False,False,False
2,initial,18,150,25.0,24.0,0.08333333333333333,0.08,False,False,True
2,initial,19,150,135.0,23.0,0.45,0.07666666666666666,False,False,False
2,initial,20,150,140.0,24.0,0.4666666666666667,0.08,False,False,False
2,initial,21,150,173.0,24.0,0.5766666666666667,0.08,True,False,False
2,initial,22,150,116.0,27.0,0.38666666666666666,0.09,False,False,False
2,initial,23,150,138.0,25.0,0.46,0.08333333333333333,False,False,False
2,initial,24,150,46.0,28.0,0.15333333333333332,0.09333333333333334,False,False,False
2,initial,25,150,97.0,26.0,0.3233333333333333,0.08666666666666667,False,False,False
2,initial,26,150,159.0,29.0,0.53,0.09666666666666666,True,False,False
2,initial,27,150,54.0,27.0,0.18,0.09,False,False,False
2,initial,28,150,93.0,30.0,0.31,0.1,False,False,False
2,initial,29,150,124.0,25.0,0.41333333333333333,0.08333333333333333,False,False,False
2,initial,30,150,146.0,23.0,0.4866666666666667,0.07666666666666666,False,False,False
2,initial,31,150,127.0,30.0,0.42333333333333334,0.1,False,False,False
2,initial,32,150,124.0,28.0,0.41333333333333333,0.09333333333333334,False,False,False
2,initial,33,150,58.0,28.0,0.19333333333333333,0.09333333333333334,False,False,False
2,initial,34,150,55.0,24.0,0.18333333333333332,0.08,False,False,False
2,initial,35,150,141.0,29.0,0.47,0.09666666666666666,False,False,False
2,initial,36,150,140.0,25.0,0.4666666666666667,0.08333333333333333,False,False,False
2,initial,37,150,80.0,30.0,0.26666666666666666,0.1,False,False,False
2,initial,38,150,123.0,36.0,0.41,0.12,False,False,False
2,initial,39,150,119.0,28.0,0.39666666666666667,0.09333333333333334,False,False,False
2,initial,40,150,83.0,27.0,0.27666666666666667,0.09,False,False,False
2,initial,41,150,41.0,37.0,0.13666666666666666,0.12333333333333334,False,False,True
2,initial,42,150,125.0,26.0,0.4166666666666667,0.08666666666666667,False,False,False
2,initial,43,150,189.0,25.0,0.63,0.08333333333333333,True,False,False
2,initial,44,150,176.0,24.0,0.5866666666666667,0.08,True,False,False
2,initial,45,150,23.0,22.0,0.07666666666666666,0.07333333333333333,False,False,True
2,initial,46,150,133.0,26.0,0.44333333333333336,0.08666666666666667,False,False,False
2,initial,47,150,156.0,24.0,0.52,0.08,True,False,False
2,initial,48,150,148.0,27.0,0.49333333333333335,0.09,False,False,False
2,initial,49,150,97.0,23.0,0.3233333333333333,0.07666666666666666,False,False,False
2,initial,50,150,135.0,24.0,0.45,0.08,False,False,False
2,initial,51,150,108.0,23.0,0.36,0.07666666666666666,False,False,False
2,initial,52,150,27.0,23.0,0.09,0.07666666666666666,False,False,False
2,initial,53,150,103.0,26.0,0.3433333333333333,0.08666666666666667,False,False,False
2,initial,54,150,188.0,25.0,0.6266666666666667,0.08333333333333333,True,False,False
2,initial,55,150,97.0,26.0,0.3233333333333333,0.08666666666666667,False,False,False
2,initial,56,150,211.0,23.0,0.7033333333333334,0.07666666666666666,True,False,False
2,initial,57,150,160.0,23.0,0.5333333333333333,0.07666666666666666,True,False,False
2,initial,58,150,74.0,24.0,0.24666666666666667,0.08,False,False,False
2,initial,59,150,143.0,26.0,0.4766666666666667,0.08666666666666667,False,False,False
2,initial,60,150,77.0,24.0,0.25666666666666665,0.08,False,False,False
2,initial,61,150,102.0,30.0,0.34,0.1,False,False,False
2,initial,62,150,146.0,31.0,0.4866666666666667,0.10333333333333333,False,False,False
2,initial,63,150,99.0,26.0,0.33,0.08666666666666667,False,False,False
2,initial,64,150,93.0,30.0,0.31,0.1,False,False,False
2,initial,65,150,29.0,29.0,0.09666666666666666,0.09666666666666666,False,False,True
2,initial,66,150,55.0,26.0,0.18333333333333332,0.08666666666666667,False,False,False
2,initial,67,150,168.0,25.0,0.56,0.08333333333333333,True,False,False
2,initial,68,150,95.0,34.0,0.31666666666666665,0.11333333333333333,False,False,False
2,initial,69,150,138.0,27.0,0.46,0.09,False,False,False
2,initial,70,150,160.0,30.0,0.5333333333333333,0.1,True,False,False
2,initial,71,150,150.0,24.0,0.5,0.08,True,False,False
2,initial,72,150,184.0,25.0,0.6133333333333333,0.08333333333333333,True,False,False
2,initial,73,150,27.0,26.0,0.09,0.08666666666666667,False,False,True
2,initial,74,150,155.0,25.0,0.5166666666666667,0.08333333333333333,True,False,False
2,initial,75,150,136.0,25.0,0.4533333333333333,0.08333333333333333,False,False,False
2,initial,76,150,81.0,24.0,0.27,0.08,False,False,False
2,initial,77,150,64.0,24.0,0.21333333333333335,0.08,False,False,False
2,initial,78,150,128.0,25.0,0.4266666666666667,0.08333333333333333,False,False,False
2,initial,79,150,180.0,27.0,0.6,0.09,True,False,False
2,initial,80,150,143.0,34.0,0.4766666666666667,0.11333333333333333,False,False,False
2,initial,81,150,158.0,26.0,0.5266666666666666,0.08666666666666667,True,False,False
2,initial,82,150,154.0,21.0,0.5133333333333333,0.07,True,False,False
2,initial,83,150,41.0,24.0,0.13666666666666666,0.08,False,False,False
2,initial,84,150,155.0,25.0,0.5166666666666667,0.08333333333333333,True,False,False
2,initial,85,150,95.0,30.0,0.31666666666666665,0.1,False,False,False
2,initial,86,150,108.0,27.0,0.36,0.09,False,False,False
2,initial,87,150,142.0,23.0,0.47333333333333333,0.07666666666666666,False,False,False
2,initial,88,150,113.0,21.0,0.37666666666666665,0.07,False,False,False
2,initial,89,150,138.0,25.0,0.46,0.08333333333333333,False,False,False
2,initial,90,150,29.0,29.0,0.09666666666666666,0.09666666666666666,False,False,True
2,initial,91,150,135.0,25.0,0.45,0.08333333333333333,False,False,False
2,initial,92,150,85.0,31.0,0.2833333333333333,0.10333333333333333,False,False,False
2,initial,93,150,23.0,23.0,0.07666666666666666,0.07666666666666666,False,False,True
2,initial,94,150,104.0,29.0,0.3466666666666667,0.09666666666666666,False,False,False
2,initial,95,150,62.0,27.0,0.20666666666666667,0.09,False,False,False
2,initial,96,150,190.0,24.0,0.6333333333333333,0.08,True,False,False
2,initial,97,150,171.0,27.0,0.57,0.09,True,False,False
2,initial,98,150,151.0,29.0,0.5033333333333333,0.09666666666666666,True,False,False
2,initial,99,150,112.0,29.0,0.37333333333333335,0.09666666666666666,False,False,False
2,initial,100,150,94.0,25.0,0.31333333333333335,0.08333333333333333,False,False,False
2,initial,101,150,145.0,27.0,0.48333333333333334,0.09,False,False,False
2,initial,102,150,33.0,28.0,0.11,0.09333333333333334,False,False,False
2,initial,103,150,156.0,25.0,0.52,0.08333333333333333,True,False,False
2,initial,104,150,96.0,26.0,0.32,0.08666666666666667,False,False,False
2,initial,105,150,126.0,25.0,0.42,0.08333333333333333,False,False,False
2,initial,106,150,94.0,34.0,0.31333333333333335,0.11333333333333333,False,False,False
2,initial,107,150,136.0,25.0,0.4533333333333333,0.08333333333333333,False,False,False
2,initial,108,150,132.0,25.0,0.44,0.08333333333333333,False,False,False
2,initial,109,150,153.0,24.0,0.51,0.08,True,False,False
2,initial,110,150,208.0,23.0,0.6933333333333334,0.07666666666666666,True,False,False
2,initial,111,150,145.0,23.0,0.48333333333333334,0.07666666666666666,False,False,False
2,initial,112,150,133.0,25.0,0.44333333333333336,0.08333333333333333,False,False,False
2,initial,113,150,140.0,26.0,0.4666666666666667,0.08666666666666667,False,False,False
2,initial,114,150,132.0,27.0,0.44,0.09,False,False,False
2,initial,115,150,123.0,24.0,0.41,0.08,False,False,False
2,initial,116,150,62.0,31.0,0.20666666666666667,0.10333333333333333,False,False,False
2,initial,117,150,154.0,29.0,0.5133333333333333,0.09666666666666666,True,False,False
2,initial,118,150,139.0,27.0,0.4633333333333333,0.09,False,False,False
2,initial,119,150,41.0,29.0,0.13666666666666666,0.09666666666666666,False,False,False
2,initial,120,150,184.0,27.0,0.6133333333333333,0.09,True,False,False
2,initial,121,150,139.0,25.0,0.4633333333333333,0.08333333333333333,False,False,False
2,initial,122,150,160.0,25.0,0.5333333333333333,0.08333333333333333,True,False,False
2,initial,123,150,70.0,29.0,0.23333333333333334,0.09666666666666666,False,False,False
2,initial,124,150,182.0,26.0,0.6066666666666667,0.08666666666666667,True,False,False
2,initial,125,150,116.0,24.0,0.38666666666666666,0.08,False,False,False
2,initial,126,150,161.0,25.0,0.5366666666666666,0.08333333333333333,True,False,False
2,initial,127,150,138.0,26.0,0.46,0.08666666666666667,False,False,False
2,initial,128,150,114.0,24.0,0.38,0.08,False,False,False
2,initial,129,150,25.0,24.0,0.08333333333333333,0.08,False,False,True
2,initial,130,150,175.0,25.0,0.5833333333333334,0.08333333333333333,True,False,False
2,initial,131,150,124.0,27.0,0.41333333333333333,0.09,False,False,False
2,initial,132,150,46.0,28.0,0.15333333333333332,0.09333333333333334,False,False,False
2,initial,133,150,92.0,29.0,0.30666666666666664,0.09666666666666666,False,False,False
2,initial,134,150,154.0,25.0,0.5133333333333333,0.08333333333333333,True,False,False
2,initial,135,150,144.0,34.0,0.48,0.11333333333333333,False,False,False
2,initial,136,150,50.0,23.0,0.16666666666666666,0.07666666666666666,False,False,False
2,initial,137,150,28.0,24.0,0.09333333333333334,0.08,False,False,False
2,initial,138,150,122.0,25.0,0.4066666666666667,0.08333333333333333,False,False,False
2,initial,139,150,115.0,26.0,0.38333333333333336,0.08666666666666667,False,False,False
2,initial,140,150,131.0,27.0,0.43666666666666665,0.09,False,False,False
2,initial,141,150,163.0,25.0,0.5433333333333333,0.08333333333333333,True,False,False
2,initial,142,150,126.0,26.0,0.42,0.08666666666666667,False,False,False
2,initial,143,150,72.0,24.0,0.24,0.08,False,False,False
2,initial,144,150,25.0,24.0,0.08333333333333333,0.08,False,False,True
2,initial,145,150,108.0,25.0,0.36,0.08333333333333333,False,False,False
2,initial,146,150,222.0,24.0,0.74,0.08,True,False,False
2,initial,147,150,99.0,26.0,0.33,0.08666666666666667,False,False,False
2,initial,148,150,95.0,30.0,0.31666666666666665,0.1,False,False,False
2,initial,149,150,29.0,28.0,0.09666666666666666,0.09333333333333334,False,False,True
2,initial,150,150,41.0,28.0,0.13666666666666666,0.09333333333333334,False,False,False
2,initial,151,150,57.0,25.0,0.19,0.08333333333333333,False,False,False
2,initial,152,150,117.0,30.0,0.39,0.1,False,False,False
2,initial,153,150,144.0,23.0,0.48,0.07666666666666666,False,False,False
2,initial,154,150,79.0,27.0,0.2633333333333333,0.09,False,False,False
2,initial,155,150,140.0,23.0,0.4666666666666667,0.07666666666666666,False,False,False
2,initial,156,150,30.0,28.0,0.1,0.09333333333333334,False,False,True
2,initial,157,150,168.0,29.0,0.56,0.09666666666666666,True,False,False
2,initial,158,150,113.0,25.0,0.37666666666666665,0.08333333333333333,False,False,False
2,initial,159,150,36.0,29.0,0.12,0.09666666666666666,False,False,False
2,initial,160,150,125.0,27.0,0.4166666666666667,0.09,False,False,False
2,initial,161,150,101.0,29.0,0.33666666666666667,0.09666666666666666,False,False,False
2,initial,162,150,102.0,34.0,0.34,0.11333333333333333,False,False,False
2,initial,163,150,110.0,27.0,0.36666666666666664,0.09,False,False,False
2,initial,164,150,149.0,26.0,0.49666666666666665,0.08666666666666667,False,False,False
2,initial,165,150,121.0,23.0,0.4033333333333333,0.07666666666666666,False,False,False
2,initial,166,150,154.0,25.0,0.5133333333333333,0.08333333333333333,True,False,False
2,initial,167,150,46.0,28.0,0.15333333333333332,0.09333333333333334,False,False,False
2,initial,168,150,126.0,23.0,0.42,0.07666666666666666,False,False,False
2,initial,169,150,140.0,32.0,0.4666666666666667,0.10666666666666667,False,False,False
2,initial,170,150,128.0,26.0,0.4266666666666667,0.08666666666666667,False,False,False
2,initial,171,150,85.0,23.0,0.2833333333333333,0.07666666666666666,False,False,False
2,initial,172,150,136.0,32.0,0.4533333333333333,0.10666666666666667,False,False,False
2,initial,173,150,147.0,31.0,0.49,0.10333333333333333,False,False,False
2,initial,174,150,109.0,26.0,0.36333333333333334,0.08666666666666667,False,False,False
2,initial,175,150,136.0,29.0,0.4533333333333333,0.09666666666666666,False,False,False
2,initial,176,150,79.0,30.0,0.2633333333333333,0.1,False,False,False
2,initial,177,150,136.0,34.0,0.4533333333333333,0.11333333333333333,False,False,False
2,initial,178,150,29.0,28.0,0.09666666666666666,0.09333333333333334,False,False,True
2,initial,179,150,45.0,23.0,0.15,0.07666666666666666,False,False,False
2,initial,180,150,158.0,24.0,0.5266666666666666,0.08,True,False,False
2,initial,181,150,85.0,23.0,0.2833333333333333,0.07666666666666666,False,False,False
2,initial,182,150,133.0,24.0,0.44333333333333336,0.08,False,False,False
2,initial,183,150,163.0,27.0,0.5433333333333333,0.09,True,False,False
2,initial,184,150,126.0,23.0,0.42,0.07666666666666666,False,False,False
2,initial,185,150,111.0,27.0,0.37,0.09,False,False,False
2,initial,186,150,202.0,24.0,0.6733333333333333,0.08,True,False,False
2,initial,187,150,113.0,22.0,0.37666666666666665,0.07333333333333333,False,False,False
2,initial,188,150,65.0,28.0,0.21666666666666667,0.09333333333333334,False,False,False
2,initial,189,150,145.0,27.0,0.48333333333333334,0.09,False,False,False
2,initial,190,150,161.0,24.0,0.5366666666666666,0.08,True,False,False
2,initial,191,150,97.0,30.0,0.3233333333333333,0.1,False,False,False
2,initial,192,150,123.0,28.0,0.41,0.09333333333333334,False,False,False
2,initial,193,150,154.0,33.0,0.5133333333333333,0.11,True,False,False
2,initial,194,150,141.0,21.0,0.47,0.07,False,False,False
2,initial,195,150,81.0,22.0,0.27,0.07333333333333333,False,False,False
2,initial,196,150,41.0,24.0,0.13666666666666666,0.08,False,False,False
2,initial,197,150,142.0,27.0,0.47333333333333333,0.09,False,False,False
2,initial,198,150,148.0,33.0,0.49333333333333335,0.11,False,False,False
2,initial,199,150,146.0,31.0,0.4866666666666667,0.10333333333333333,False,False,False
2,initial,200,150,114.0,42.0,0.38,0.14,False,False,False
2,initial,201,150,137.0,23.0,0.45666666666666667,0.07666666666666666,False,False,False
2,initial,202,150,137.0,27.0,0.45666666666666667,0.09,False,False,False
2,initial,203,150,127.0,30.0,0.42333333333333334,0.1,False,False,False
2,initial,204,150,53.0,27.0,0.17666666666666667,0.09,False,False,False
2,initial,205,150,83.0,29.0,0.27666666666666667,0.09666666666666666,False,False,False
2,initial,206,150,68.0,29.0,0.22666666666666666,0.09666666666666666,False,False,False
2,initial,207,150,62.0,31.0,0.20666666666666667,0.10333333333333333,False,False,False
2,initial,208,150,111.0,29.0,0.37,0.09666666666666666,False,False,False
2,initial,209,150,91.0,24.0,0.30333333333333334,0.08,False,False,False
2,initial,210,150,135.0,24.0,0.45,0.08,False,False,False
2,initial,211,150,115.0,24.0,0.38333333333333336,0.08,False,False,False
2,initial,212,150,143.0,28.0,0.4766666666666667,0.09333333333333334,False,False,False
2,initial,213,150,97.0,26.0,0.3233333333333333,0.08666666666666667,False,False,False
2,initial,214,150,52.0,30.0,0.17333333333333334,0.1,False,False,False
2,initial,215,150,25.0,24.0,0.08333333333333333,0.08,False,False,True
2,initial,216,150,122.0,25.0,0.4066666666666667,0.08333333333333333,False,False,False
2,initial,217,150,79.0,30.0,0.2633333333333333,0.1,False,False,False
2,initial,218,150,153.0,27.0,0.51,0.09,True,False,False
2,initial,219,150,21.0,20.0,0.07,0.06666666666666667,False,False,True
2,initial,220,150,118.0,26.0,0.3933333333333333,0.08666666666666667,False,False,False
2,initial,221,150,26.0,26.0,0.08666666666666667,0.08666666666666667,False,False,True
2,initial,222,150,146.0,29.0,0.4866666666666667,0.09666666666666666,False,False,False
2,initial,223,150,157.0,24.0,0.5233333333333333,0.08,True,False,False
2,initial,224,150,112.0,22.0,0.37333333333333335,0.07333333333333333,False,False,False
2,initial,225,150,116.0,42.0,0.38666666666666666,0.14,False,False,False
2,initial,226,150,134.0,23.0,0.44666666666666666,0.07666666666666666,False,False,False
2,initial,227,150,140.0,34.0,0.4666666666666667,0.11333333333333333,False,False,False
2,initial,228,150,126.0,26.0,0.42,0.08666666666666667,False,False,False
2,initial,229,150,101.0,28.0,0.33666666666666667,0.09333333333333334,False,False,False
2,initial,230,150,80.0,30.0,0.26666666666666666,0.1,False,False,False
2,initial,231,150,27.0,27.0,0.09,0.09,False,False,True
2,initial,232,150,110.0,31.0,0.36666666666666664,0.10333333333333333,False,False,False
2,initial,233,150,156.0,25.0,0.52,0.08333333333333333,True,False,False
2,initial,234,150,141.0,29.0,0.47,0.09666666666666666,False,False,False
2,initial,235,150,148.0,27.0,0.49333333333333335,0.09,False,False,False
2,initial,236,150,145.0,24.0,0.48333333333333334,0.08,False,False,False
2,initial,237,150,68.0,24.0,0.22666666666666666,0.08,False,False,False
2,initial,238,150,36.0,28.0,0.12,0.09333333333333334,False,False,False
2,initial,239,150,102.0,24.0,0.34,0.08,False,False,False
2,initial,240,150,165.0,24.0,0.55,0.08,True,False,False
2,initial,241,150,217.0,26.0,0.7233333333333334,0.08666666666666667,True,False,False
2,initial,242,150,41.0,24.0,0.13666666666666666,0.08,False,False,False
2,initial,243,150,135.0,25.0,0.45,0.08333333333333333,False,False,False
2,initial,244,150,155.0,24.0,0.5166666666666667,0.08,True,False,False
2,initial,245,150,51.0,28.0,0.17,0.09333333333333334,False,False,False
2,initial,246,150,119.0,25.0,0.39666666666666667,0.08333333333333333,False,False,False
2,initial,247,150,155.0,27.0,0.5166666666666667,0.09,True,False,False
2,initial,248,150,172.0,27.0,0.5733333333333334,0.09,True,False,False
2,initial,249,150,179.0,27.0,0.5966666666666667,0.09,True,False,False
2,initial,250,150,97.0,24.0,0.3233333333333333,0.08,False,False,False
2,initial,251,150,187.0,25.0,0.6233333333333333,0.08333333333333333,True,False,False
2,initial,252,150,150.0,26.0,0.5,0.08666666666666667,True,False,False
2,initial,253,150,74.0,24.0,0.24666666666666667,0.08,False,False,False
2,initial,254,150,188.0,24.0,0.6266666666666667,0.08,True,False,False
2,initial,255,150,95.0,24.0,0.31666666666666665,0.08,False,False,False
2,initial,256,150,17.0,17.0,0.056666666666666664,0.056666666666666664,False,False,True
2,initial,257,150,108.0,25.0,0.36,0.08333333333333333,False,False,False
2,initial,258,150,57.0,23.0,0.19,0.07666666666666666,False,False,False
2,initial,259,150,53.0,27.0,0.17666666666666667,0.09,False,False,False
2,initial,260,150,183.0,29.0,0.61,0.09666666666666666,True,False,False
2,initial,261,150,161.0,25.0,0.5366666666666666,0.08333333333333333,True,False,False
2,initial,262,150,27.0,27.0,0.09,0.09,False,False,True
2,initial,263,150,110.0,24.0,0.36666666666666664,0.08,False,False,False
2,initial,264,150,161.0,24.0,0.5366666666666666,0.08,True,False,False
2,initial,265,150,153.0,23.0,0.51,0.07666666666666666,True,False,False
2,initial,266,150,135.0,31.0,0.45,0.10333333333333333,False,False,False
2,initial,267,150,102.0,23.0,0.34,0.07666666666666666,False,False,False
2,initial,268,150,251.0,21.0,0.8366666666666667,0.07,True,False,False
2,initial,269,150,126.0,27.0,0.42,0.09,False,False,False
2,initial,270,150,129.0,26.0,0.43,0.08666666666666667,False,False,False
2,initial,271,150,105.0,28.0,0.35,0.09333333333333334,False,False,False
2,initial,272,150,141.0,27.0,0.47,0.09,False,False,False
2,initial,273,150,30.0,29.0,0.1,0.09666666666666666,False,False,True
2,initial,274,150,51.0,31.0,0.17,0.10333333333333333,False,False,False
2,initial,275,150,110.0,24.0,0.36666666666666664,0.08,False,False,False
2,initial,276,150,67.0,24.0,0.22333333333333333,0.08,False,False,False
2,initial,277,150,156.0,25.0,0.52,0.08333333333333333,True,False,False
2,initial,278,150,129.0,24.0,0.43,0.08,False,False,False
2,initial,279,150,131.0,27.0,0.43666666666666665,0.09,False,False,False
2,initial,280,150,140.0,24.0,0.4666666666666667,0.08,False,False,False
2,initial,281,150,76.0,25.0,0.25333333333333335,0.08333333333333333,False,False,False
2,initial,282,150,114.0,31.0,0.38,0.10333333333333333,False,False,False
2,initial,283,150,150.0,23.0,0.5,0.07666666666666666,True,False,False
2,initial,284,150,103.0,29.0,0.3433333333333333,0.09666666666666666,False,False,False
2,initial,285,150,91.0,30.0,0.30333333333333334,0.1,False,False,False
2,initial,286,150,38.0,31.0,0.12666666666666668,0.10333333333333333,False,False,False
2,initial,287,150,113.0,24.0,0.37666666666666665,0.08,False,False,False
2,initial,288,150,129.0,29.0,0.43,0.09666666666666666,False,False,False
2,initial,289,150,107.0,36.0,0.3566666666666667,0.12,False,False,False
2,initial,290,150,202.0,24.0,0.6733333333333333,0.08,True,False,False
2,initial,291,150,116.0,27.0,0.38666666666666666,0.09,False,False,False
2,initial,292,150,53.0,27.0,0.17666666666666667,0.09,False,False,False
2,initial,293,150,102.0,25.0,0.34,0.08333333333333333,False,False,False
2,initial,294,150,158.0,26.0,0.5266666666666666,0.08666666666666667,True,False,False
2,initial,295,150,116.0,24.0,0.38666666666666666,0.08,False,False,False
2,initial,296,150,99.0,29.0,0.33,0.09666666666666666,False,False,False
2,initial,297,150,53.0,27.0,0.17666666666666667,0.09,False,False,False
2,initial,298,150,100.0,30.0,0.3333333333333333,0.1,False,False,False
2,initial,299,150,152.0,27.0,0.5066666666666667,0.09,True,False,False
2,initial,300,150,138.0,36.0,0.46,0.12,False,False,False
2,initial,301,150,28.0,28.0,0.09333333333333334,0.09333333333333334,False,False,True
2,initial,302,150,133.0,26.0,0.44333333333333336,0.08666666666666667,False,False,False
2,initial,303,150,130.0,24.0,0.43333333333333335,0.08,False,False,False
2,initial,304,150,81.0,23.0,0.27,0.07666666666666666,False,False,False
2,initial,305,150,142.0,25.0,0.47333333333333333,0.08333333333333333,False,False,False
2,initial,306,150,83.0,27.0,0.27666666666666667,0.09,False,False,False
2,initial,307,150,139.0,26.0,0.4633333333333333,0.08666666666666667,False,False,False
2,initial,308,150,80.0,29.0,0.26666666666666666,0.09666666666666666,False,False,False
2,initial,309,150,78.0,29.0,0.26,0.09666666666666666,False,False,False
2,initial,310,150,166.0,32.0,0.5533333333333333,0.10666666666666667,True,False,False
2,initial,311,150,156.0,23.0,0.52,0.07666666666666666,True,False,False
2,initial,312,150,143.0,29.0,0.4766666666666667,0.09666666666666666,False,False,False
2,initial,313,150,41.0,28.0,0.13666666666666666,0.09333333333333334,False,False,False
2,initial,314,150,127.0,30.0,0.42333333333333334,0.1,False,False,False
2,initial,315,150,160.0,25.0,0.5333333333333333,0.08333333333333333,True,False,False
2,initial,316,150,17.0,17.0,0.056666666666666664,0.056666666666666664,False,False,True
2,initial,317,150,186.0,22.0,0.62,0.07333333333333333,True,False,False
2,initial,318,150,172.0,27.0,0.5733333333333334,0.09,True,False,False
2,initial,319,150,113.0,23.0,0.37666666666666665,0.07666666666666666,False,False,False
2,initial,320,150,82.0,26.0,0.2733333333333333,0.08666666666666667,False,False,False
2,initial,321,150,95.0,25.0,0.31666666666666665,0.08333333333333333,False,False,False
2,initial,322,150,103.0,28.0,0.3433333333333333,0.09333333333333334,False,False,False
2,initial,323,150,91.0,27.0,0.30333333333333334,0.09,False,False,False
2,initial,324,150,25.0,24.0,0.08333333333333333,0.08,False,False,True
2,initial,325,150,152.0,30.0,0.5066666666666667,0.1,True,False,False
2,initial,326,150,144.0,23.0,0.48,0.07666666666666666,False,False,False
2,initial,327,150,131.0,29.0,0.43666666666666665,0.09666666666666666,False,False,False
2,initial,328,150,65.0,27.0,0.21666666666666667,0.09,False,False,False
2,initial,329,150,140.0,25.0,0.4666666666666667,0.08333333333333333,False,False,False
2,initial,330,150,89.0,23.0,0.2966666666666667,0.07666666666666666,False,False,False
2,initial,331,150,90.0,36.0,0.3,0.12,False,False,False
2,initial,332,150,57.0,31.0,0.19,0.10333333333333333,False,False,False
2,initial,333,150,113.0,26.0,0.37666666666666665,0.08666666666666667,False,False,False
2,initial,334,150,101.0,25.0,0.33666666666666667,0.08333333333333333,False,False,False
2,initial,335,150,67.0,23.0,0.22333333333333333,0.07666666666666666,False,False,False
2,initial,336,150,175.0,22.0,0.5833333333333334,0.07333333333333333,True,False,False
2,initial,337,150,73.0,25.0,0.24333333333333335,0.08333333333333333,False,False,False
2,initial,338,150,96.0,31.0,0.32,0.10333333333333333,False,False,False
2,initial,339,150,163.0,25.0,0.5433333333333333,0.08333333333333333,True,False,False
2,initial,340,150,190.0,28.0,0.6333333333333333,0.09333333333333334,True,False,False
2,initial,341,150,139.0,25.0,0.4633333333333333,0.08333333333333333,False,False,False
2,initial,342,150,28.0,18.0,0.09333333333333334,0.06,False,False,False
2,initial,343,150,77.0,27.0,0.25666666666666665,0.09,False,False,False
2,initial,344,150,101.0,25.0,0.33666666666666667,0.08333333333333333,False,False,False
2,initial,345,150,103.0,25.0,0.3433333333333333,0.08333333333333333,False,False,False
2,initial,346,150,131.0,23.0,0.43666666666666665,0.07666666666666666,False,False,False
2,initial,347,150,112.0,25.0,0.37333333333333335,0.08333333333333333,False,False,False
2,initial,348,150,38.0,28.0,0.12666666666666668,0.09333333333333334,False,False,False
2,initial,349,150,84.0,29.0,0.28,0.09666666666666666,False,False,False
2,initial,350,150,161.0,25.0,0.5366666666666666,0.08333333333333333,True,False,False
2,initial,351,150,76.0,25.0,0.25333333333333335,0.08333333333333333,False,False,False
2,initial,352,150,70.0,30.0,0.23333333333333334,0.1,False,False,False
2,initial,353,150,106.0,25.0,0.35333333333333333,0.08333333333333333,False,False,False
2,initial,354,150,153.0,30.0,0.51,0.1,True,False,False
2,initial,355,150,107.0,27.0,0.3566666666666667,0.09,False,False,False
2,initial,356,150,41.0,24.0,0.13666666666666666,0.08,False,False,False
2,initial,357,150,105.0,26.0,0.35,0.08666666666666667,False,False,False
2,initial,358,150,98.0,24.0,0.32666666666666666,0.08,False,False,False
2,initial,359,150,116.0,25.0,0.38666666666666666,0.08333333333333333,False,False,False
2,initial,360,150,138.0,27.0,0.46,0.09,False,False,False
2,initial,361,150,50.0,27.0,0.16666666666666666,0.09,False,False,False
2,initial,362,150,147.0,25.0,0.49,0.08333333333333333,False,False,False
2,initial,363,150,131.0,29.0,0.43666666666666665,0.09666666666666666,False,False,False
2,initial,364,150,87.0,27.0,0.29,0.09,False,False,False
2,initial,365,150,51.0,23.0,0.17,0.07666666666666666,False,False,False
2,initial,366,150,149.0,28.0,0.49666666666666665,0.09333333333333334,False,False,False
2,initial,367,150,117.0,34.0,0.39,0.11333333333333333,False,False,False
2,initial,368,150,99.0,29.0,0.33,0.09666666666666666,False,False,False
2,initial,369,150,93.0,24.0,0.31,0.08,False,False,False
2,initial,370,150,94.0,27.0,0.31333333333333335,0.09,False,False,False
2,initial,371,150,33.0,28.0,0.11,0.09333333333333334,False,False,False
2,initial,372,150,28.0,26.0,0.09333333333333334,0.08666666666666667,False,False,True
2,initial,373,150,118.0,26.0,0.3933333333333333,0.08666666666666667,False,False,False
2,initial,374,150,53.0,27.0,0.17666666666666667,0.09,False,False,False
2,initial,375,150,149.0,23.0,0.49666666666666665,0.07666666666666666,False,False,False
2,initial,376,150,130.0,25.0,0.43333333333333335,0.08333333333333333,False,False,False
2,initial,377,150,60.0,25.0,0.2,0.08333333333333333,False,False,False
2,initial,378,150,26.0,26.0,0.08666666666666667,0.08666666666666667,False,False,True
2,initial,379,150,146.0,29.0,0.4866666666666667,0.09666666666666666,False,False,False
2,initial,380,150,152.0,25.0,0.5066666666666667,0.08333333333333333,True,False,False
2,initial,381,150,96.0,30.0,0.32,0.1,False,False,False
2,initial,382,150,126.0,24.0,0.42,0.08,False,False,False
2,initial,383,150,97.0,22.0,0.3233333333333333,0.07333333333333333,False,False,False
2,initial,384,150,72.0,29.0,0.24,0.09666666666666666,False,False,False
2,initial,385,150,253.0,21.0,0.8433333333333334,0.07,True,False,False
2,initial,386,150,113.0,26.0,0.37666666666666665,0.08666666666666667,False,False,False
2,initial,387,150,96.0,31.0,0.32,0.10333333333333333,False,False,False
2,initial,388,150,64.0,32.0,0.21333333333333335,0.10666666666666667,False,False,False
2,initial,389,150,176.0,24.0,0.5866666666666667,0.08,True,False,False
2,initial,390,150,29.0,29.0,0.09666666666666666,0.09666666666666666,False,False,True
2,initial,391,150,115.0,25.0,0.38333333333333336,0.08333333333333333,False,False,False
2,initial,392,150,148.0,26.0,0.49333333333333335,0.08666666666666667,False,False,False
2,initial,393,150,150.0,33.0,0.5,0.11,True,False,False
2,initial,394,150,133.0,24.0,0.44333333333333336,0.08,False,False,False
2,initial,395,150,104.0,27.0,0.3466666666666667,0.09,False,False,False
2,initial,396,150,102.0,30.0,0.34,0.1,False,False,False
2,initial,397,150,82.0,25.0,0.2733333333333333,0.08333333333333333,False,False,False
2,initial,398,150,146.0,24.0,0.4866666666666667,0.08,False,False,False
2,initial,399,150,114.0,23.0,0.38,0.07666666666666666,False,False,False
2,initial,400,150,118.0,23.0,0.3933333333333333,0.07666666666666666,False,False,False
2,initial,401,150,77.0,24.0,0.25666666666666665,0.08,False,False,False
2,initial,402,150,59.0,25.0,0.19666666666666666,0.08333333333333333,False,False,False
2,initial,403,150,201.0,28.0,0.67,0.09333333333333334,True,False,False
2,initial,404,150,108.0,26.0,0.36,0.08666666666666667,False,False,False
2,initial,405,150,112.0,25.0,0.37333333333333335,0.08333333333333333,False,False,False
2,initial,406,150,138.0,25.0,0.46,0.08333333333333333,False,False,False
2,initial,407,150,39.0,28.0,0.13,0.09333333333333334,False,False,False
2,initial,408,150,167.0,27.0,0.5566666666666666,0.09,True,False,False
2,initial,409,150,136.0,25.0,0.4533333333333333,0.08333333333333333,False,False,False
2,initial,410,150,129.0,27.0,0.43,0.09,False,False,False
2,initial,411,150,141.0,26.0,0.47,0.08666666666666667,False,False,False
2,initial,412,150,128.0,23.0,0.4266666666666667,0.07666666666666666,False,False,False
2,initial,413,150,73.0,26.0,0.24333333333333335,0.08666666666666667,False,False,False
2,initial,414,150,61.0,33.0,0.20333333333333334,0.11,False,False,False
2,initial,415,150,149.0,25.0,0.49666666666666665,0.08333333333333333,False,False,False
2,initial,416,150,131.0,25.0,0.43666666666666665,0.08333333333333333,False,False,False
2,initial,417,150,68.0,29.0,0.22666666666666666,0.09666666666666666,False,False,False
2,initial,418,150,160.0,23.0,0.5333333333333333,0.07666666666666666,True,False,False
2,initial,419,150,92.0,25.0,0.30666666666666664,0.08333333333333333,False,False,False
2,initial,420,150,119.0,24.0,0.39666666666666667,0.08,False,False,False
2,initial,421,150,27.0,27.0,0.09,0.09,False,False,True
2,initial,422,150,233.0,24.0,0.7766666666666666,0.08,True,False,False
2,initial,423,150,178.0,24.0,0.5933333333333334,0.08,True,False,False
2,initial,424,150,159.0,26.0,0.53,0.08666666666666667,True,False,False
2,initial,425,150,236.0,24.0,0.7866666666666666,0.08,True,False,False
2,initial,426,150,101.0,30.0,0.33666666666666667,0.1,False,False,False
2,initial,427,150,23.0,22.0,0.07666666666666666,0.07333333333333333,False,False,True
2,initial,428,150,90.0,27.0,0.3,0.09,False,False,False
2,initial,429,150,45.0,26.0,0.15,0.08666666666666667,False,False,False
2,initial,430,150,104.0,25.0,0.3466666666666667,0.08333333333333333,False,False,False
2,initial,431,150,146.0,27.0,0.4866666666666667,0.09,False,False,False
2,initial,432,150,119.0,30.0,0.39666666666666667,0.1,False,False,False
2,initial,433,150,153.0,30.0,0.51,0.1,True,False,False
2,initial,434,150,100.0,26.0,0.3333333333333333,0.08666666666666667,False,False,False
2,initial,435,150,66.0,24.0,0.22,0.08,False,False,False
2,initial,436,150,71.0,25.0,0.23666666666666666,0.08333333333333333,False,False,False
2,initial,437,150,155.0,33.0,0.5166666666666667,0.11,True,False,False
2,initial,438,150,60.0,41.0,0.2,0.13666666666666666,False,False,False
2,initial,439,150,29.0,29.0,0.09666666666666666,0.09666666666666666,False,False,True
2,initial,440,150,160.0,25.0,0.5333333333333333,0.08333333333333333,True,False,False
2,initial,441,150,171.0,27.0,0.57,0.09,True,False,False
2,initial,442,150,170.0,24.0,0.5666666666666667,0.08,True,False,False
2,initial,443,150,74.0,27.0,0.24666666666666667,0.09,False,False,False
2,initial,444,150,132.0,23.0,0.44,0.07666666666666666,False,False,False
2,initial,445,150,85.0,27.0,0.2833333333333333,0.09,False,False,False
2,initial,446,150,156.0,25.0,0.52,0.08333333333333333,True,False,False
2,initial,447,150,116.0,29.0,0.38666666666666666,0.09666666666666666,False,False,False
2,initial,448,150,134.0,24.0,0.44666666666666666,0.08,False,False,False
2,initial,449,150,105.0,28.0,0.35,0.09333333333333334,False,False,False
2,initial,450,150,148.0,28.0,0.49333333333333335,0.09333333333333334,False,False,False
2,initial,451,150,142.0,30.0,0.47333333333333333,0.1,False,False,False
2,initial,452,150,133.0,24.0,0.44333333333333336,0.08,False,False,False
2,initial,453,150,105.0,23.0,0.35,0.07666666666666666,False,False,False
2,initial,454,150,150.0,25.0,0.5,0.08333333333333333,True,False,False
2,initial,455,150,107.0,29.0,0.3566666666666667,0.09666666666666666,False,False,False
2,initial,456,150,96.0,34.0,0.32,0.11333333333333333,False,False,False
2,initial,457,150,135.0,24.0,0.45,0.08,False,False,False
2,initial,458,150,84.0,27.0,0.28,0.09,False,False,False
2,initial,459,150,149.0,25.0,0.49666666666666665,0.08333333333333333,False,False,False
2,initial,460,150,145.0,25.0,0.48333333333333334,0.08333333333333333,False,False,False
2,initial,461,150,165.0,24.0,0.55,0.08,True,False,False
2,initial,462,150,195.0,24.0,0.65,0.08,True,False,False
2,initial,463,150,125.0,34.0,0.4166666666666667,0.11333333333333333,False,False,False
2,initial,464,150,21.0,20.0,0.07,0.06666666666666667,False,False,True
2,initial,465,150,148.0,26.0,0.49333333333333335,0.08666666666666667,False,False,False
2,initial,466,150,138.0,28.0,0.46,0.09333333333333334,False,False,False
2,initial,467,150,53.0,28.0,0.17666666666666667,0.09333333333333334,False,False,False
2,initial,468,150,64.0,31.0,0.21333333333333335,0.10333333333333333,False,False,False
2,initial,469,150,77.0,24.0,0.25666666666666665,0.08,False,False,False
2,initial,470,150,165.0,25.0,0.55,0.08333333333333333,True,False,False
2,initial,471,150,150.0,22.0,0.5,0.07333333333333333,True,False,False
2,initial,472,150,55.0,26.0,0.18333333333333332,0.08666666666666667,False,False,False
2,initial,473,150,105.0,23.0,0.35,0.07666666666666666,False,False,False
2,initial,474,150,69.0,30.0,0.23,0.1,False,False,False
2,initial,475,150,79.0,30.0,0.2633333333333333,0.1,False,False,False
2,initial,476,150,190.0,24.0,0.6333333333333333,0.08,True,False,False
2,initial,477,150,102.0,24.0,0.34,0.08,False,False,False
2,initial,478,150,27.0,24.0,0.09,0.08,False,False,False
2,initial,479,150,84.0,27.0,0.28,0.09,False,False,False
2,initial,480,150,37.0,23.0,0.12333333333333334,0.07666666666666666,False,False,False
2,initial,481,150,103.0,29.0,0.3433333333333333,0.09666666666666666,False,False,False
2,initial,482,150,120.0,29.0,0.4,0.09666666666666666,False,False,False
2,initial,483,150,84.0,25.0,0.28,0.08333333333333333,False,False,False
2,initial,484,150,191.0,24.0,0.6366666666666667,0.08,True,False,False
2,initial,485,150,87.0,27.0,0.29,0.09,False,False,False
2,initial,486,150,52.0,24.0,0.17333333333333334,0.08,False,False,False
2,initial,487,150,89.0,27.0,0.2966666666666667,0.09,False,False,False
2,initial,488,150,28.0,24.0,0.09333333333333334,0.08,False,False,False
2,initial,489,150,145.0,25.0,0.48333333333333334,0.08333333333333333,False,False,False
2,initial,490,150,175.0,21.0,0.5833333333333334,0.07,True,False,False
2,initial,491,150,88.0,31.0,0.29333333333333333,0.10333333333333333,False,False,False
2,initial,492,150,133.0,26.0,0.44333333333333336,0.08666666666666667,False,False,False
2,initial,493,150,115.0,22.0,0.38333333333333336,0.07333333333333333,False,False,False
2,initial,494,150,148.0,23.0,0.49333333333333335,0.07666666666666666,False,False,False
2,initial,495,150,152.0,27.0,0.5066666666666667,0.09,True,False,False
2,initial,496,150,190.0,22.0,0.6333333333333333,0.07333333333333333,True,False,False
2,initial,497,150,99.0,28.0,0.33,0.09333333333333334,False,False,False
2,initial,498,150,36.0,24.0,0.12,0.08,False,False,False
2,initial,499,150,260.0,21.0,0.8666666666666667,0.07,True,False,False
2,initial,500,150,126.0,25.0,0.42,0.08333333333333333,False,False,False
2,initial,501,150,112.0,25.0,0.37333333333333335,0.08333333333333333,False,False,False
2,initial,502,150,193.0,25.0,0.6433333333333333,0.08333333333333333,True,False,False
2,initial,503,150,141.0,27.0,0.47,0.09,False,False,False
2,initial,504,150,155.0,24.0,0.5166666666666667,0.08,True,False,False
2,initial,505,150,233.0,24.0,0.7766666666666666,0.08,True,False,False
2,initial,506,150,158.0,24.0,0.5266666666666666,0.08,True,False,False
2,initial,507,150,61.0,28.0,0.20333333333333334,0.09333333333333334,False,False,False
2,initial,508,150,62.0,25.0,0.20666666666666667,0.08333333333333333,False,False,False
2,initial,509,150,80.0,29.0,0.26666666666666666,0.09666666666666666,False,False,False
2,initial,510,150,158.0,25.0,0.5266666666666666,0.08333333333333333,True,False,False
2,initial,511,150,24.0,23.0,0.08,0.07666666666666666,False,False,True
2,initial,512,150,113.0,22.0,0.37666666666666665,0.07333333333333333,False,False,False
2,initial,513,150,98.0,30.0,0.32666666666666666,0.1,False,False,False
2,initial,514,150,126.0,23.0,0.42,0.07666666666666666,False,False,False
2,initial,515,150,50.0,24.0,0.16666666666666666,0.08,False,False,False
2,initial,516,150,82.0,25.0,0.2733333333333333,0.08333333333333333,False,False,False
2,initial,517,150,95.0,34.0,0.31666666666666665,0.11333333333333333,False,False,False
2,initial,518,150,150.0,26.0,0.5,0.08666666666666667,True,False,False
2,initial,519,150,114.0,26.0,0.38,0.08666666666666667,False,False,False
2,initial,520,150,143.0,24.0,0.4766666666666667,0.08,False,False,False
2,initial,521,150,69.0,26.0,0.23,0.08666666666666667,False,False,False
2,initial,522,150,132.0,23.0,0.44,0.07666666666666666,False,False,False
2,initial,523,150,155.0,25.0,0.5166666666666667,0.08333333333333333,True,False,False
2,initial,524,150,131.0,26.0,0.43666666666666665,0.08666666666666667,False,False,False
2,initial,525,150,52.0,30.0,0.17333333333333334,0.1,False,False,False
2,initial,526,150,110.0,26.0,0.36666666666666664,0.08666666666666667,False,False,False
2,initial,527,150,46.0,28.0,0.15333333333333332,0.09333333333333334,False,False,False
2,initial,528,150,104.0,34.0,0.3466666666666667,0.11333333333333333,False,False,False
2,initial,529,150,195.0,24.0,0.65,0.08,True,False,False
2,initial,530,150,121.0,28.0,0.4033333333333333,0.09333333333333334,False,False,False
2,initial,531,150,108.0,25.0,0.36,0.08333333333333333,False,False,False
2,initial,532,150,76.0,25.0,0.25333333333333335,0.08333333333333333,False,False,False
2,initial,533,150,133.0,25.0,0.44333333333333336,0.08333333333333333,False,False,False
2,initial,534,150,143.0,25.0,0.4766666666666667,0.08333333333333333,False,False,False
2,initial,535,150,132.0,25.0,0.44,0.08333333333333333,False,False,False
2,initial,536,150,100.0,26.0,0.3333333333333333,0.08666666666666667,False,False,False
2,initial,537,150,142.0,25.0,0.47333333333333333,0.08333333333333333,False,False,False
2,initial,538,150,109.0,25.0,0.36333333333333334,0.08333333333333333,False,False,False
2,initial,539,150,57.0,31.0,0.19,0.10333333333333333,False,False,False
2,initial,540,150,140.0,24.0,0.4666666666666667,0.08,False,False,False
2,initial,541,150,114.0,30.0,0.38,0.1,False,False,False
2,initial,542,150,126.0,25.0,0.42,0.08333333333333333,False,False,False
2,initial,543,150,155.0,23.0,0.5166666666666667,0.07666666666666666,True,False,False
2,initial,544,150,113.0,25.0,0.37666666666666665,0.08333333333333333,False,False,False
2,initial,545,150,28.0,26.0,0.09333333333333334,0.08666666666666667,False,False,True
2,initial,546,150,126.0,26.0,0.42,0.08666666666666667,False,False,False
2,initial,547,150,130.0,25.0,0.43333333333333335,0.08333333333333333,False,False,False
2,initial,548,150,95.0,29.0,0.31666666666666665,0.09666666666666666,False,False,False
2,initial,549,150,74.0,41.0,0.24666666666666667,0.13666666666666666,False,False,False
2,initial,550,150,88.0,31.0,0.29333333333333333,0.10333333333333333,False,False,False
2,initial,551,150,173.0,29.0,0.5766666666666667,0.09666666666666666,True,False,False
2,initial,552,150,74.0,24.0,0.24666666666666667,0.08,False,False,False
2,initial,553,150,66.0,31.0,0.22,0.10333333333333333,False,False,False
2,initial,554,150,65.0,23.0,0.21666666666666667,0.07666666666666666,False,False,False
2,initial,555,150,99.0,27.0,0.33,0.09,False,False,False
2,initial,556,150,147.0,27.0,0.49,0.09,False,False,False
2,initial,557,150,151.0,26.0,0.5033333333333333,0.08666666666666667,True,False,False
2,initial,558,150,83.0,29.0,0.27666666666666667,0.09666666666666666,False,False,False
2,initial,559,150,126.0,27.0,0.42,0.09,False,False,False
2,initial,560,150,127.0,28.0,0.42333333333333334,0.09333333333333334,False,False,False
2,initial,561,150,149.0,23.0,0.49666666666666665,0.07666666666666666,False,False,False
2,initial,562,150,57.0,25.0,0.19,0.08333333333333333,False,False,False
2,initial,563,150,131.0,27.0,0.43666666666666665,0.09,False,False,False
2,initial,564,150,143.0,23.0,0.4766666666666667,0.07666666666666666,False,False,False
2,initial,565,150,124.0,25.0,0.41333333333333333,0.08333333333333333,False,False,False
2,initial,566,150,106.0,29.0,0.35333333333333333,0.09666666666666666,False,False,False
2,initial,567,150,133.0,26.0,0.44333333333333336,0.08666666666666667,False,False,False
2,initial,568,150,154.0,33.0,0.5133333333333333,0.11,True,False,False
2,initial,569,150,154.0,23.0,0.5133333333333333,0.07666666666666666,True,False,False
2,initial,570,150,25.0,24.0,0.08333333333333333,0.08,False,False,True
2,initial,571,150,105.0,26.0,0.35,0.08666666666666667,False,False,False
2,initial,572,150,105.0,28.0,0.35,0.09333333333333334,False,False,False
2,initial,573,150,147.0,36.0,0.49,0.12,False,False,False
2,initial,574,150,92.0,34.0,0.30666666666666664,0.11333333333333333,False,False,False
2,initial,575,150,36.0,31.0,0.12,0.10333333333333333,False,False,False
2,initial,576,150,90.0,30.0,0.3,0.1,False,False,False
2,initial,577,150,199.0,27.0,0.6633333333333333,0.09,True,False,False
2,initial,578,150,161.0,26.0,0.5366666666666666,0.08666666666666667,True,False,False
2,initial,579,150,145.0,25.0,0.48333333333333334,0.08333333333333333,False,False,False
2,initial,580,150,96.0,30.0,0.32,0.1,False,False,False
2,initial,581,150,80.0,26.0,0.26666666666666666,0.08666666666666667,False,False,False
2,initial,582,150,137.0,25.0,0.45666666666666667,0.08333333333333333,False,False,False
2,initial,583,150,117.0,23.0,0.39,0.07666666666666666,False,False,False
2,initial,584,150,35.0,30.0,0.11666666666666667,0.1,False,False,False
2,initial,585,150,80.0,30.0,0.26666666666666666,0.1,False,False,False
2,initial,586,150,103.0,23.0,0.3433333333333333,0.07666666666666666,False,False,False
2,initial,587,150,138.0,23.0,0.46,0.07666666666666666,False,False,False
2,initial,588,150,125.0,29.0,0.4166666666666667,0.09666666666666666,False,False,False
2,initial,589,150,58.0,24.0,0.19333333333333333,0.08,False,False,False
2,initial,590,150,77.0,25.0,0.25666666666666665,0.08333333333333333,False,False,False
2,initial,591,150,59.0,28.0,0.19666666666666666,0.09333333333333334,False,False,False
2,initial,592,150,149.0,22.0,0.49666666666666665,0.07333333333333333,False,False,False
2,initial,593,150,108.0,26.0,0.36,0.08666666666666667,False,False,False
2,initial,594,150,130.0,24.0,0.43333333333333335,0.08,False,False,False
2,initial,595,150,108.0,22.0,0.36,0.07333333333333333,False,False,False
2,initial,596,150,130.0,25.0,0.43333333333333335,0.08333333333333333,False,False,False
2,initial,597,150,90.0,27.0,0.3,0.09,False,False,False
2,initial,598,150,135.0,38.0,0.45,0.12666666666666668,False,False,False
2,initial,599,150,159.0,25.0,0.53,0.08333333333333333,True,False,False
2,initial,600,150,119.0,28.0,0.39666666666666667,0.09333333333333334,False,False,False
2,initial,601,150,153.0,28.0,0.51,0.09333333333333334,True,False,False
2,initial,602,150,51.0,31.0,0.17,0.10333333333333333,False,False,False
2,initial,603,150,119.0,24.0,0.39666666666666667,0.08,False,False,False
2,initial,604,150,160.0,25.0,0.5333333333333333,0.08333333333333333,True,False,False
2,initial,605,150,233.0,24.0,0.7766666666666666,0.08,True,False,False
2,initial,606,150,25.0,24.0,0.08333333333333333,0.08,False,False,True
2,initial,607,150,131.0,24.0,0.43666666666666665,0.08,False,False,False
2,initial,608,150,90.0,30.0,0.3,0.1,False,False,False
2,initial,609,150,76.0,28.0,0.25333333333333335,0.09333333333333334,False,False,False
2,initial,610,150,129.0,23.0,0.43,0.07666666666666666,False,False,False
2,initial,611,150,78.0,23.0,0.26,0.07666666666666666,False,False,False
2,initial,612,150,127.0,31.0,0.42333333333333334,0.10333333333333333,False,False,False
2,initial,613,150,150.0,24.0,0.5,0.08,True,False,False
2,initial,614,150,166.0,25.0,0.5533333333333333,0.08333333333333333,True,False,False
2,initial,615,150,89.0,28.0,0.2966666666666667,0.09333333333333334,False,False,False
2,initial,616,150,38.0,28.0,0.12666666666666668,0.09333333333333334,False,False,False
2,initial,617,150,66.0,26.0,0.22,0.08666666666666667,False,False,False
2,initial,618,150,121.0,23.0,0.4033333333333333,0.07666666666666666,False,False,False
2,initial,619,150,25.0,24.0,0.08333333333333333,0.08,False,False,True
2,initial,620,150,71.0,27.0,0.23666666666666666,0.09,False,False,False
2,initial,621,150,107.0,21.0,0.3566666666666667,0.07,False,False,False
2,initial,622,150,123.0,27.0,0.41,0.09,False,False,False
2,initial,623,150,78.0,26.0,0.26,0.08666666666666667,False,False,False
2,initial,624,150,145.0,23.0,0.48333333333333334,0.07666666666666666,False,False,False
2,initial,625,150,45.0,28.0,0.15,0.09333333333333334,False,False,False
2,initial,626,150,76.0,25.0,0.25333333333333335,0.08333333333333333,False,False,False
2,initial,627,150,151.0,25.0,0.5033333333333333,0.08333333333333333,True,False,False
2,initial,628,150,113.0,26.0,0.37666666666666665,0.08666666666666667,False,False,False
2,initial,629,150,55.0,24.0,0.18333333333333332,0.08,False,False,False
2,initial,630,150,139.0,31.0,0.4633333333333333,0.10333333333333333,False,False,False
2,initial,631,150,21.0,20.0,0.07,0.06666666666666667,False,False,True
2,initial,632,150,124.0,31.0,0.41333333333333333,0.10333333333333333,False,False,False
2,initial,633,150,222.0,24.0,0.74,0.08,True,False,False
2,initial,634,150,21.0,20.0,0.07,0.06666666666666667,False,False,True
2,initial,635,150,25.0,24.0,0.08333333333333333,0.08,False,False,True
2,initial,636,150,81.0,27.0,0.27,0.09,False,False,False
2,initial,637,150,153.0,25.0,0.51,0.08333333333333333,True,False,False
2,initial,638,150,149.0,25.0,0.49666666666666665,0.08333333333333333,False,False,False
2,initial,639,150,140.0,25.0,0.4666666666666667,0.08333333333333333,False,False,False
2,initial,640,150,96.0,30.0,0.32,0.1,False,False,False
2,initial,641,150,130.0,25.0,0.43333333333333335,0.08333333333333333,False,False,False
2,initial,642,150,178.0,25.0,0.5933333333333334,0.08333333333333333,True,False,False
2,initial,643,150,110.0,26.0,0.36666666666666664,0.08666666666666667,False,False,False
2,initial,644,150,104.0,32.0,0.3466666666666667,0.10666666666666667,False,False,False
2,initial,645,150,131.0,25.0,0.43666666666666665,0.08333333333333333,False,False,False
2,initial,646,150,87.0,24.0,0.29,0.08,False,False,False
2,initial,647,150,150.0,26.0,0.5,0.08666666666666667,True,False,False
2,initial,648,150,129.0,24.0,0.43,0.08,False,False,False
2,initial,649,150,113.0,23.0,0.37666666666666665,0.07666666666666666,False,False,False
2,initial,650,150,135.0,24.0,0.45,0.08,False,False,False
2,initial,651,150,150.0,24.0,0.5,0.08,True,False,False
2,initial,652,150,132.0,27.0,0.44,0.09,False,False,False
2,initial,653,150,122.0,24.0,0.4066666666666667,0.08,False,False,False
2,initial,654,150,116.0,27.0,0.38666666666666666,0.09,False,False,False
2,initial,655,150,148.0,28.0,0.49333333333333335,0.09333333333333334,False,False,False
2,initial,656,150,168.0,24.0,0.56,0.08,True,False,False
2,initial,657,150,113.0,27.0,0.37666666666666665,0.09,False,False,False
2,initial,658,150,66.0,30.0,0.22,0.1,False,False,False
2,initial,659,150,153.0,22.0,0.51,0.07333333333333333,True,False,False
2,initial,660,150,117.0,31.0,0.39,0.10333333333333333,False,False,False
2,initial,661,150,127.0,26.0,0.42333333333333334,0.08666666666666667,False,False,False
2,initial,662,150,96.0,29.0,0.32,0.09666666666666666,False,False,False
2,initial,663,150,145.0,26.0,0.48333333333333334,0.08666666666666667,False,False,False
2,initial,664,150,102.0,30.0,0.34,0.1,False,False,False
2,initial,665,150,46.0,28.0,0.15333333333333332,0.09333333333333334,False,False,False
2,initial,666,150,222.0,22.0,0.74,0.07333333333333333,True,False,False
2,initial,667,150,80.0,29.0,0.26666666666666666,0.09666666666666666,False,False,False
2,initial,668,150,155.0,25.0,0.5166666666666667,0.08333333333333333,True,False,False
2,initial,669,150,138.0,27.0,0.46,0.09,False,False,False
2,initial,670,150,81.0,31.0,0.27,0.10333333333333333,False,False,False
2,initial,671,150,204.0,25.0,0.68,0.08333333333333333,True,False,False
2,initial,672,150,100.0,24.0,0.3333333333333333,0.08,False,False,False
2,initial,673,150,138.0,22.0,0.46,0.07333333333333333,False,False,False
2,initial,674,150,147.0,26.0,0.49,0.08666666666666667,False,False,False
2,initial,675,150,129.0,25.0,0.43,0.08333333333333333,False,False,False
2,initial,676,150,85.0,27.0,0.2833333333333333,0.09,False,False,False
2,initial,677,150,89.0,27.0,0.2966666666666667,0.09,False,False,False
2,initial,678,150,73.0,29.0,0.24333333333333335,0.09666666666666666,False,False,False
2,initial,679,150,207.0,24.0,0.69,0.08,True,False,False
2,initial,680,150,79.0,29.0,0.2633333333333333,0.09666666666666666,False,False,False
2,initial,681,150,106.0,27.0,0.35333333333333333,0.09,False,False,False
2,initial,682,150,49.0,28.0,0.16333333333333333,0.09333333333333334,False,False,False
2,initial,683,150,92.0,25.0,0.30666666666666664,0.08333333333333333,False,False,False
2,initial,684,150,160.0,25.0,0.5333333333333333,0.08333333333333333,True,False,False
2,initial,685,150,17.0,17.0,0.056666666666666664,0.056666666666666664,False,False,True
2,initial,686,150,179.0,25.0,0.5966666666666667,0.08333333333333333,True,False,False
2,initial,687,150,155.0,24.0,0.5166666666666667,0.08,True,False,False
2,initial,688,150,75.0,27.0,0.25,0.09,False,False,False
2,initial,689,150,146.0,27.0,0.4866666666666667,0.09,False,False,False
2,initial,690,150,27.0,23.0,0.09,0.07666666666666666,False,False,False
2,initial,691,150,140.0,25.0,0.4666666666666667,0.08333333333333333,False,False,False
2,initial,692,150,161.0,25.0,0.5366666666666666,0.08333333333333333,True,False,False
2,initial,693,150,79.0,41.0,0.2633333333333333,0.13666666666666666,False,False,False
2,initial,694,150,143.0,23.0,0.4766666666666667,0.07666666666666666,False,False,False
2,initial,695,150,121.0,28.0,0.4033333333333333,0.09333333333333334,False,False,False
2,initial,696,150,70.0,22.0,0.23333333333333334,0.07333333333333333,False,False,False
2,initial,697,150,175.0,27.0,0.5833333333333334,0.09,True,False,False
2,initial,698,150,47.0,33.0,0.15666666666666668,0.11,False,False,False
2,initial,699,150,125.0,28.0,0.4166666666666667,0.09333333333333334,False,False,False
2,initial,700,150,138.0,25.0,0.46,0.08333333333333333,False,False,False
2,initial,701,150,102.0,25.0,0.34,0.08333333333333333,False,False,False
2,initial,702,150,137.0,25.0,0.45666666666666667,0.08333333333333333,False,False,False
2,initial,703,150,136.0,25.0,0.4533333333333333,0.08333333333333333,False,False,False
2,initial,704,150,108.0,26.0,0.36,0.08666666666666667,False,False,False
2,initial,705,150,68.0,24.0,0.22666666666666666,0.08,False,False,False
2,initial,706,150,131.0,25.0,0.43666666666666665,0.08333333333333333,False,False,False
2,initial,707,150,137.0,30.0,0.45666666666666667,0.1,False,False,False
2,initial,708,150,92.0,25.0,0.30666666666666664,0.08333333333333333,False,False,False
2,initial,709,150,107.0,25.0,0.3566666666666667,0.08333333333333333,False,False,False
2,initial,710,150,135.0,29.0,0.45,0.09666666666666666,False,False,False
2,initial,711,150,105.0,22.0,0.35,0.07333333333333333,False,False,False
2,initial,712,150,121.0,27.0,0.4033333333333333,0.09,False,False,False
2,initial,713,150,91.0,28.0,0.30333333333333334,0.09333333333333334,False,False,False
2,initial,714,150,175.0,27.0,0.5833333333333334,0.09,True,False,False
2,initial,715,150,141.0,31.0,0.47,0.10333333333333333,False,False,False
2,initial,716,150,115.0,26.0,0.38333333333333336,0.08666666666666667,False,False,False
2,initial,717,150,123.0,27.0,0.41,0.09,False,False,False
2,initial,718,150,111.0,26.0,0.37,0.08666666666666667,False,False,False
2,initial,719,150,112.0,29.0,0.37333333333333335,0.09666666666666666,False,False,False
2,initial,720,150,79.0,24.0,0.2633333333333333,0.08,False,False,False
2,initial,721,150,64.0,24.0,0.21333333333333335,0.08,False,False,False
2,initial,722,150,131.0,25.0,0.43666666666666665,0.08333333333333333,False,False,False
2,initial,723,150,233.0,24.0,0.7766666666666666,0.08,True,False,False
2,initial,724,150,75.0,24.0,0.25,0.08,False,False,False
2,initial,725,150,129.0,25.0,0.43,0.08333333333333333,False,False,False
2,initial,726,150,133.0,26.0,0.44333333333333336,0.08666666666666667,False,False,False
2,initial,727,150,199.0,25.0,0.6633333333333333,0.08333333333333333,True,False,False
2,initial,728,150,70.0,23.0,0.23333333333333334,0.07666666666666666,False,False,False
2,initial,729,150,52.0,29.0,0.17333333333333334,0.09666666666666666,False,False,False
2,initial,730,150,96.0,30.0,0.32,0.1,False,False,False
2,initial,731,150,60.0,28.0,0.2,0.09333333333333334,False,False,False
2,initial,732,150,146.0,27.0,0.4866666666666667,0.09,False,False,False
2,initial,733,150,77.0,24.0,0.25666666666666665,0.08,False,False,False
2,initial,734,150,120.0,31.0,0.4,0.10333333333333333,False,False,False
2,initial,735,150,57.0,28.0,0.19,0.09333333333333334,False,False,False
2,initial,736,150,86.0,27.0,0.2866666666666667,0.09,False,False,False
2,initial,737,150,102.0,23.0,0.34,0.07666666666666666,False,False,False
2,initial,738,150,146.0,25.0,0.4866666666666667,0.08333333333333333,False,False,False
2,initial,739,150,148.0,25.0,0.49333333333333335,0.08333333333333333,False,False,False
2,initial,740,150,75.0,27.0,0.25,0.09,False,False,False
2,initial,741,150,56.0,25.0,0.18666666666666668,0.08333333333333333,False,False,False
2,initial,742,150,129.0,36.0,0.43,0.12,False,False,False
2,initial,743,150,84.0,25.0,0.28,0.08333333333333333,False,False,False
2,initial,744,150,88.0,30.0,0.29333333333333333,0.1,False,False,False
2,initial,745,150,99.0,25.0,0.33,0.08333333333333333,False,False,False
2,initial,746,150,194.0,24.0,0.6466666666666666,0.08,True,False,False
2,initial,747,150,94.0,30.0,0.31333333333333335,0.1,False,False,False
2,initial,748,150,141.0,27.0,0.47,0.09,False,False,False
2,initial,749,150,87.0,27.0,0.29,0.09,False,False,False
2,initial,750,150,141.0,27.0,0.47,0.09,False,False,False
2,initial,751,150,92.0,25.0,0.30666666666666664,0.08333333333333333,False,False,False
2,initial,752,150,27.0,22.0,0.09,0.07333333333333333,False,False,False
2,initial,753,150,138.0,25.0,0.46,0.08333333333333333,False,False,False
2,initial,754,150,123.0,36.0,0.41,0.12,False,False,False
2,initial,755,150,114.0,24.0,0.38,0.08,False,False,False
2,initial,756,150,17.0,17.0,0.056666666666666664,0.056666666666666664,False,False,True
2,initial,757,150,135.0,29.0,0.45,0.09666666666666666,False,False,False
2,initial,758,150,153.0,25.0,0.51,0.08333333333333333,True,False,False
2,initial,759,150,138.0,29.0,0.46,0.09666666666666666,False,False,False
2,initial,760,150,29.0,29.0,0.09666666666666666,0.09666666666666666,False,False,True
2,initial,761,150,133.0,28.0,0.44333333333333336,0.09333333333333334,False,False,False
2,initial,762,150,123.0,24.0,0.41,0.08,False,False,False
2,initial,763,150,165.0,23.0,0.55,0.07666666666666666,True,False,False
2,initial,764,150,98.0,24.0,0.32666666666666666,0.08,False,False,False
2,initial,765,150,135.0,25.0,0.45,0.08333333333333333,False,False,False
2,initial,766,150,159.0,23.0,0.53,0.07666666666666666,True,False,False
2,initial,767,150,118.0,27.0,0.3933333333333333,0.09,False,False,False
2,initial,768,150,131.0,27.0,0.43666666666666665,0.09,False,False,False
2,initial,769,150,123.0,27.0,0.41,0.09,False,False,False
2,initial,770,150,167.0,28.0,0.5566666666666666,0.09333333333333334,True,False,False
2,initial,771,150,18.0,17.0,0.06,0.056666666666666664,False,False,True
2,initial,772,150,95.0,34.0,0.31666666666666665,0.11333333333333333,False,False,False
2,initial,773,150,29.0,29.0,0.09666666666666666,0.09666666666666666,False,False,True
2,initial,774,150,176.0,27.0,0.5866666666666667,0.09,True,False,False
2,initial,775,150,114.0,27.0,0.38,0.09,False,False,False
2,initial,776,150,182.0,24.0,0.6066666666666667,0.08,True,False,False
2,initial,777,150,134.0,23.0,0.44666666666666666,0.07666666666666666,False,False,False
2,initial,778,150,83.0,29.0,0.27666666666666667,0.09666666666666666,False,False,False
2,initial,779,150,136.0,24.0,0.4533333333333333,0.08,False,False,False
2,initial,780,150,92.0,22.0,0.30666666666666664,0.07333333333333333,False,False,False
2,initial,781,150,28.0,24.0,0.09333333333333334,0.08,False,False,False
2,initial,782,150,53.0,28.0,0.17666666666666667,0.09333333333333334,False,False,False
2,initial,783,150,118.0,25.0,0.3933333333333333,0.08333333333333333,False,False,False
2,initial,784,150,134.0,27.0,0.44666666666666666,0.09,False,False,False
2,initial,785,150,97.0,26.0,0.3233333333333333,0.08666666666666667,False,False,False
2,initial,786,150,132.0,26.0,0.44,0.08666666666666667,False,False,False
2,initial,787,150,19.0,18.0,0.06333333333333334,0.06,False,False,True
2,initial,788,150,154.0,24.0,0.5133333333333333,0.08,True,False,False
2,initial,789,150,150.0,25.0,0.5,0.08333333333333333,True,False,False
2,initial,790,150,172.0,28.0,0.5733333333333334,0.09333333333333334,True,False,False
2,initial,791,150,60.0,24.0,0.2,0.08,False,False,False
2,initial,792,150,151.0,30.0,0.5033333333333333,0.1,True,False,False
2,initial,793,150,155.0,25.0,0.5166666666666667,0.08333333333333333,True,False,False
2,initial,794,150,209.0,23.0,0.6966666666666667,0.07666666666666666,True,False,False
2,initial,795,150,78.0,30.0,0.26,0.1,False,False,False
2,initial,796,150,100.0,23.0,0.3333333333333333,0.07666666666666666,False,False,False
2,initial,797,150,139.0,24.0,0.4633333333333333,0.08,False,False,False
2,initial,798,150,112.0,29.0,0.37333333333333335,0.09666666666666666,False,False,False
2,initial,799,150,129.0,25.0,0.43,0.08333333333333333,False,False,False
2,initial,800,150,105.0,25.0,0.35,0.08333333333333333,False,False,False
2,initial,801,150,145.0,26.0,0.48333333333333334,0.08666666666666667,False,False,False
2,initial,802,150,128.0,25.0,0.4266666666666667,0.08333333333333333,False,False,False
2,initial,803,150,76.0,25.0,0.25333333333333335,0.08333333333333333,False,False,False
2,initial,804,150,125.0,29.0,0.4166666666666667,0.09666666666666666,False,False,False
2,initial,805,150,100.0,26.0,0.3333333333333333,0.08666666666666667,False,False,False
2,initial,806,150,76.0,23.0,0.25333333333333335,0.07666666666666666,False,False,False
2,initial,807,150,40.0,33.0,0.13333333333333333,0.11,False,False,False
2,initial,808,150,30.0,28.0,0.1,0.09333333333333334,False,False,True
2,initial,809,150,124.0,27.0,0.41333333333333333,0.09,False,False,False
2,initial,810,150,64.0,24.0,0.21333333333333335,0.08,False,False,False
2,initial,811,150,134.0,27.0,0.44666666666666666,0.09,False,False,False
2,initial,812,150,165.0,32.0,0.55,0.10666666666666667,True,False,False
2,initial,813,150,93.0,27.0,0.31,0.09,False,False,False
2,initial,814,150,166.0,27.0,0.5533333333333333,0.09,True,False,False
2,initial,815,150,129.0,34.0,0.43,0.11333333333333333,False,False,False
2,initial,816,150,129.0,26.0,0.43,0.08666666666666667,False,False,False
2,initial,817,150,150.0,25.0,0.5,0.08333333333333333,True,False,False
2,initial,818,150,175.0,21.0,0.5833333333333334,0.07,True,False,False
2,initial,819,150,150.0,33.0,0.5,0.11,True,False,False
2,initial,820,150,111.0,26.0,0.37,0.08666666666666667,False,False,False
2,initial,821,150,110.0,24.0,0.36666666666666664,0.08,False,False,False
2,initial,822,150,111.0,21.0,0.37,0.07,False,False,False
2,initial,823,150,125.0,26.0,0.4166666666666667,0.08666666666666667,False,False,False
2,initial,824,150,138.0,27.0,0.46,0.09,False,False,False
2,initial,825,150,42.0,23.0,0.14,0.07666666666666666,False,False,False
2,initial,826,150,109.0,29.0,0.36333333333333334,0.09666666666666666,False,False,False
2,initial,827,150,130.0,23.0,0.43333333333333335,0.07666666666666666,False,False,False
2,initial,828,150,103.0,42.0,0.3433333333333333,0.14,False,False,False
2,initial,829,150,133.0,26.0,0.44333333333333336,0.08666666666666667,False,False,False
2,initial,830,150,38.0,29.0,0.12666666666666668,0.09666666666666666,False,False,False
2,initial,831,150,89.0,27.0,0.2966666666666667,0.09,False,False,False
2,initial,832,150,113.0,25.0,0.37666666666666665,0.08333333333333333,False,False,False
2,initial,833,150,125.0,24.0,0.4166666666666667,0.08,False,False,False
2,initial,834,150,155.0,25.0,0.5166666666666667,0.08333333333333333,True,False,False
2,initial,835,150,149.0,25.0,0.49666666666666665,0.08333333333333333,False,False,False
2,initial,836,150,68.0,27.0,0.22666666666666666,0.09,False,False,False
2,initial,837,150,84.0,30.0,0.28,0.1,False,False,False
2,initial,838,150,38.0,33.0,0.12666666666666668,0.11,False,False,False
2,initial,839,150,29.0,29.0,0.09666666666666666,0.09666666666666666,False,False,True
2,initial,840,150,105.0,28.0,0.35,0.09333333333333334,False,False,False
2,initial,841,150,111.0,21.0,0.37,0.07,False,False,False
2,initial,842,150,141.0,27.0,0.47,0.09,False,False,False
2,initial,843,150,116.0,27.0,0.38666666666666666,0.09,False,False,False
2,initial,844,150,46.0,26.0,0.15333333333333332,0.08666666666666667,False,False,False
2,initial,845,150,96.0,23.0,0.32,0.07666666666666666,False,False,False
2,initial,846,150,78.0,30.0,0.26,0.1,False,False,False
2,initial,847,150,29.0,29.0,0.09666666666666666,0.09666666666666666,False,False,True
2,initial,848,150,83.0,25.0,0.27666666666666667,0.08333333333333333,False,False,False
2,initial,849,150,29.0,29.0,0.09666666666666666,0.09666666666666666,False,False,True
2,initial,850,150,82.0,31.0,0.2733333333333333,0.10333333333333333,False,False,False
2,initial,851,150,41.0,27.0,0.13666666666666666,0.09,False,False,False
2,initial,852,150,129.0,26.0,0.43,0.08666666666666667,False,False,False
2,initial,853,150,167.0,27.0,0.5566666666666666,0.09,True,False,False
2,initial,854,150,135.0,24.0,0.45,0.08,False,False,False
2,initial,855,150,138.0,24.0,0.46,0.08,False,False,False
2,initial,856,150,118.0,42.0,0.3933333333333333,0.14,False,False,False
2,initial,857,150,127.0,26.0,0.42333333333333334,0.08666666666666667,False,False,False
2,initial,858,150,153.0,33.0,0.51,0.11,True,False,False
2,initial,859,150,168.0,24.0,0.56,0.08,True,False,False
2,initial,860,150,17.0,17.0,0.056666666666666664,0.056666666666666664,False,False,True
2,initial,861,150,158.0,25.0,0.5266666666666666,0.08333333333333333,True,False,False
2,initial,862,150,113.0,23.0,0.37666666666666665,0.07666666666666666,False,False,False
2,initial,863,150,161.0,24.0,0.5366666666666666,0.08,True,False,False
2,initial,864,150,29.0,28.0,0.09666666666666666,0.09333333333333334,False,False,True
2,initial,865,150,70.0,27.0,0.23333333333333334,0.09,False,False,False
2,initial,866,150,88.0,30.0,0.29333333333333333,0.1,False,False,False
2,initial,867,150,125.0,29.0,0.4166666666666667,0.09666666666666666,False,False,False
2,initial,868,150,120.0,25.0,0.4,0.08333333333333333,False,False,False
2,initial,869,150,135.0,25.0,0.45,0.08333333333333333,False,False,False
2,initial,870,150,150.0,34.0,0.5,0.11333333333333333,True,False,False
2,initial,871,150,131.0,31.0,0.43666666666666665,0.10333333333333333,False,False,False
2,initial,872,150,144.0,34.0,0.48,0.11333333333333333,False,False,False
2,initial,873,150,79.0,30.0,0.2633333333333333,0.1,False,False,False
2,initial,874,150,79.0,23.0,0.2633333333333333,0.07666666666666666,False,False,False
2,initial,875,150,137.0,24.0,0.45666666666666667,0.08,False,False,False
2,initial,876,150,94.0,25.0,0.31333333333333335,0.08333333333333333,False,False,False
2,initial,877,150,36.0,28.0,0.12,0.09333333333333334,False,False,False
2,initial,878,150,152.0,31.0,0.5066666666666667,0.10333333333333333,True,False,False
2,initial,879,150,147.0,29.0,0.49,0.09666666666666666,False,False,False
2,initial,880,150,146.0,24.0,0.4866666666666667,0.08,False,False,False
2,initial,881,150,90.0,27.0,0.3,0.09,False,False,False
2,initial,882,150,75.0,26.0,0.25,0.08666666666666667,False,False,False
2,initial,883,150,100.0,25.0,0.3333333333333333,0.08333333333333333,False,False,False
2,initial,884,150,69.0,24.0,0.23,0.08,False,False,False
2,initial,885,150,36.0,31.0,0.12,0.10333333333333333,False,False,False
2,initial,886,150,152.0,27.0,0.5066666666666667,0.09,True,False,False
2,initial,887,150,108.0,28.0,0.36,0.09333333333333334,False,False,False
2,initial,888,150,26.0,26.0,0.08666666666666667,0.08666666666666667,False,False,True
2,initial,889,150,88.0,30.0,0.29333333333333333,0.1,False,False,False
2,initial,890,150,100.0,30.0,0.3333333333333333,0.1,False,False,False
2,initial,891,150,188.0,22.0,0.6266666666666667,0.07333333333333333,True,False,False
2,initial,892,150,123.0,25.0,0.41,0.08333333333333333,False,False,False
2,initial,893,150,176.0,24.0,0.5866666666666667,0.08,True,False,False
2,initial,894,150,180.0,25.0,0.6,0.08333333333333333,True,False,False
2,initial,895,150,156.0,25.0,0.52,0.08333333333333333,True,False,False
2,initial,896,150,139.0,25.0,0.4633333333333333,0.08333333333333333,False,False,False
2,initial,897,150,122.0,28.0,0.4066666666666667,0.09333333333333334,False,False,False
2,initial,898,150,158.0,25.0,0.5266666666666666,0.08333333333333333,True,False,False
2,initial,899,150,100.0,26.0,0.3333333333333333,0.08666666666666667,False,False,False
2,initial,900,150,152.0,25.0,0.5066666666666667,0.08333333333333333,True,False,False
2,initial,901,150,103.0,26.0,0.3433333333333333,0.08666666666666667,False,False,False
2,initial,902,150,145.0,26.0,0.48333333333333334,0.08666666666666667,False,False,False
2,initial,903,150,135.0,27.0,0.45,0.09,False,False,False
2,initial,904,150,136.0,30.0,0.4533333333333333,0.1,False,False,False
2,final,0,150,97.0,28.0,0.3233333333333333,0.09333333333333334,False,False,False
2,final,1,150,72.0,24.0,0.24,0.08,False,False,False
2,final,2,150,300.0,29.0,1.0,0.09666666666666666,True,False,False
2,final,3,150,41.0,34.0,0.13666666666666666,0.11333333333333333,False,False,False
2,final,4,150,300.0,28.0,1.0,0.09333333333333334,True,False,False
2,final,5,150,300.0,26.0,1.0,0.08666666666666667,True,False,False
2,final,6,150,88.0,29.0,0.29333333333333333,0.09666666666666666,False,False,False
2,final,7,150,300.0,26.0,1.0,0.08666666666666667,True,False,False
2,final,8,150,300.0,27.0,1.0,0.09,True,False,False
2,final,9,150,300.0,26.0,1.0,0.08666666666666667,True,False,False
2,final,10,150,300.0,27.0,1.0,0.09,True,False,False
2,final,11,150,300.0,25.0,1.0,0.08333333333333333,True,False,False
2,final,12,150,300.0,25.0,1.0,0.08333333333333333,True,False,False
2,final,13,150,22.0,22.0,0.07333333333333333,0.07333333333333333,False,False,True
2,final,14,150,300.0,26.0,1.0,0.08666666666666667,True,False,False
2,final,15,150,89.0,23.0,0.2966666666666667,0.07666666666666666,False,False,False
2,final,16,150,20.0,19.0,0.06666666666666667,0.06333333333333334,False,False,True
2,final,17,150,300.0,28.0,1.0,0.09333333333333334,True,False,False
2,final,18,150,27.0,26.0,0.09,0.08666666666666667,False,False,True
2,final,19,150,300.0,25.0,1.0,0.08333333333333333,True,False,False
2,final,20,150,300.0,24.0,1.0,0.08,True,False,False
2,final,21,150,300.0,31.0,1.0,0.10333333333333333,True,False,False
2,final,22,150,300.0,27.0,1.0,0.09,True,False,False
2,final,23,150,300.0,24.0,1.0,0.08,True,False,False
2,final,24,150,46.0,29.0,0.15333333333333332,0.09666666666666666,False,False,False
2,final,25,150,300.0,24.0,1.0,0.08,True,False,False
2,final,26,150,300.0,29.0,1.0,0.09666666666666666,True,False,False
2,final,27,150,54.0,30.0,0.18,0.1,False,False,False
2,final,28,150,300.0,30.0,1.0,0.1,True,False,False
2,final,29,150,300.0,30.0,1.0,0.1,True,False,False
2,final,30,150,300.0,28.0,1.0,0.09333333333333334,True,False,False
2,final,31,150,300.0,26.0,1.0,0.08666666666666667,True,False,False
2,final,32,150,300.0,28.0,1.0,0.09333333333333334,True,False,False
2,final,33,150,75.0,27.0,0.25,0.09,False,False,False
2,final,34,150,55.0,23.0,0.18333333333333332,0.07666666666666666,False,False,False
2,final,35,150,300.0,29.0,1.0,0.09666666666666666,True,False,False
2,final,36,150,300.0,22.0,1.0,0.07333333333333333,True,False,False
2,final,37,150,300.0,30.0,1.0,0.1,True,False,False
2,final,38,150,300.0,36.0,1.0,0.12,True,False,False
2,final,39,150,208.0,28.0,0.6933333333333334,0.09333333333333334,True,False,False
2,final,40,150,83.0,24.0,0.27666666666666667,0.08,False,False,False
2,final,41,150,37.0,35.0,0.12333333333333334,0.11666666666666667,False,False,True
2,final,42,150,300.0,32.0,1.0,0.10666666666666667,True,False,False
2,final,43,150,300.0,26.0,1.0,0.08666666666666667,True,False,False
2,final,44,150,300.0,26.0,1.0,0.08666666666666667,True,False,False
2,final,45,150,23.0,22.0,0.07666666666666666,0.07333333333333333,False,False,True
2,final,46,150,300.0,28.0,1.0,0.09333333333333334,True,False,False
2,final,47,150,300.0,24.0,1.0,0.08,True,False,False
2,final,48,150,300.0,29.0,1.0,0.09666666666666666,True,False,False
2,final,49,150,300.0,25.0,1.0,0.08333333333333333,True,False,False
2,final,50,150,300.0,26.0,1.0,0.08666666666666667,True,False,False
2,final,51,150,108.0,33.0,0.36,0.11,False,False,False
2,final,52,150,27.0,26.0,0.09,0.08666666666666667,False,False,True
2,final,53,150,300.0,32.0,1.0,0.10666666666666667,True,False,False
2,final,54,150,300.0,26.0,1.0,0.08666666666666667,True,False,False
2,final,55,150,300.0,24.0,1.0,0.08,True,False,False
2,final,56,150,300.0,26.0,1.0,0.08666666666666667,True,False,False
2,final,57,150,300.0,24.0,1.0,0.08,True,False,False
2,final,58,150,74.0,21.0,0.24666666666666667,0.07,False,False,False
2,final,59,150,292.0,23.0,0.9733333333333334,0.07666666666666666,True,False,False
2,final,60,150,77.0,28.0,0.25666666666666665,0.09333333333333334,False,False,False
2,final,61,150,300.0,30.0,1.0,0.1,True,False,False
2,final,62,150,300.0,30.0,1.0,0.1,True,False,False
2,final,63,150,99.0,35.0,0.33,0.11666666666666667,False,False,False
2,final,64,150,93.0,29.0,0.31,0.09666666666666666,False,False,False
2,final,65,150,30.0,29.0,0.1,0.09666666666666666,False,False,True
2,final,66,150,77.0,29.0,0.25666666666666665,0.09666666666666666,False,False,False
2,final,67,150,300.0,29.0,1.0,0.09666666666666666,True,False,False
2,final,68,150,300.0,34.0,1.0,0.11333333333333333,True,False,False
2,final,69,150,300.0,25.0,1.0,0.08333333333333333,True,False,False
2,final,70,150,300.0,30.0,1.0,0.1,True,False,False
2,final,71,150,300.0,24.0,1.0,0.08,True,False,False
2,final,72,150,300.0,26.0,1.0,0.08666666666666667,True,False,False
2,final,73,150,24.0,24.0,0.08,0.08,False,False,True
2,final,74,150,300.0,29.0,1.0,0.09666666666666666,True,False,False
2,final,75,150,300.0,25.0,1.0,0.08333333333333333,True,False,False
2,final,76,150,300.0,24.0,1.0,0.08,True,False,False
2,final,77,150,64.0,27.0,0.21333333333333335,0.09,False,False,False
2,final,78,150,300.0,25.0,1.0,0.08333333333333333,True,False,False
2,final,79,150,300.0,23.0,1.0,0.07666666666666666,True,False,False
2,final,80,150,300.0,34.0,1.0,0.11333333333333333,True,False,False
2,final,81,150,300.0,25.0,1.0,0.08333333333333333,True,False,False
2,final,82,150,300.0,23.0,1.0,0.07666666666666666,True,False,False
2,final,83,150,41.0,27.0,0.13666666666666666,0.09,False,False,False
2,final,84,150,300.0,26.0,1.0,0.08666666666666667,True,False,False
2,final,85,150,300.0,30.0,1.0,0.1,True,False,False
2,final,86,150,300.0,27.0,1.0,0.09,True,False,False
2,final,87,150,300.0,26.0,1.0,0.08666666666666667,True,False,False
2,final,88,150,300.0,22.0,1.0,0.07333333333333333,True,False,False
2,final,89,150,300.0,24.0,1.0,0.08,True,False,False
2,final,90,150,30.0,29.0,0.1,0.09666666666666666,False,False,True
2,final,91,150,300.0,29.0,1.0,0.09666666666666666,True,False,False
2,final,92,150,85.0,30.0,0.2833333333333333,0.1,False,False,False
2,final,93,150,24.0,23.0,0.08,0.07666666666666666,False,False,True
2,final,94,150,244.0,27.0,0.8133333333333334,0.09,True,False,False
2,final,95,150,62.0,30.0,0.20666666666666667,0.1,False,False,False
2,final,96,150,300.0,28.0,1.0,0.09333333333333334,True,False,False
2,final,97,150,300.0,27.0,1.0,0.09,True,False,False
2,final,98,150,300.0,29.0,1.0,0.09666666666666666,True,False,False
2,final,99,150,300.0,29.0,1.0,0.09666666666666666,True,False,False
2,final,100,150,300.0,26.0,1.0,0.08666666666666667,True,False,False
2,final,101,150,300.0,29.0,1.0,0.09666666666666666,True,False,False
2,final,102,150,33.0,24.0,0.11,0.08,False,False,False
2,final,103,150,300.0,26.0,1.0,0.08666666666666667,True,False,False
2,final,104,150,300.0,26.0,1.0,0.08666666666666667,True,False,False
2,final,105,150,300.0,24.0,1.0,0.08,True,False,False
2,final,106,150,300.0,34.0,1.0,0.11333333333333333,True,False,False
2,final,107,150,300.0,25.0,1.0,0.08333333333333333,True,False,False
2,final,108,150,300.0,30.0,1.0,0.1,True,False,False
2,final,109,150,300.0,24.0,1.0,0.08,True,False,False
2,final,110,150,300.0,26.0,1.0,0.08666666666666667,True,False,False
2,final,111,150,300.0,29.0,1.0,0.09666666666666666,True,False,False
2,final,112,150,300.0,25.0,1.0,0.08333333333333333,True,False,False
2,final,113,150,300.0,24.0,1.0,0.08,True,False,False
2,final,114,150,300.0,27.0,1.0,0.09,True,False,False
2,final,115,150,300.0,25.0,1.0,0.08333333333333333,True,False,False
2,final,116,150,62.0,30.0,0.20666666666666667,0.1,False,False,False
2,final,117,150,300.0,29.0,1.0,0.09666666666666666,True,False,False
2,final,118,150,300.0,26.0,1.0,0.08666666666666667,True,False,False
2,final,119,150,186.0,28.0,0.62,0.09333333333333334,True,False,False
2,final,120,150,300.0,23.0,1.0,0.07666666666666666,True,False,False
2,final,121,150,139.0,25.0,0.4633333333333333,0.08333333333333333,False,False,False
2,final,122,150,300.0,32.0,1.0,0.10666666666666667,True,False,False
2,final,123,150,120.0,29.0,0.4,0.09666666666666666,False,False,False
2,final,124,150,300.0,25.0,1.0,0.08333333333333333,True,False,False
2,final,125,150,300.0,24.0,1.0,0.08,True,False,False
2,final,126,150,300.0,31.0,1.0,0.10333333333333333,True,False,False
2,final,127,150,300.0,26.0,1.0,0.08666666666666667,True,False,False
2,final,128,150,300.0,24.0,1.0,0.08,True,False,False
2,final,129,150,27.0,25.0,0.09,0.08333333333333333,False,False,True
2,final,130,150,300.0,26.0,1.0,0.08666666666666667,True,False,False
2,final,131,150,300.0,29.0,1.0,0.09666666666666666,True,False,False
2,final,132,150,46.0,29.0,0.15333333333333332,0.09666666666666666,False,False,False
2,final,133,150,202.0,30.0,0.6733333333333333,0.1,True,False,False
2,final,134,150,300.0,26.0,1.0,0.08666666666666667,True,False,False
2,final,135,150,300.0,34.0,1.0,0.11333333333333333,True,False,False
2,final,136,150,50.0,23.0,0.16666666666666666,0.07666666666666666,False,False,False
2,final,137,150,24.0,23.0,0.08,0.07666666666666666,False,False,True
2,final,138,150,300.0,25.0,1.0,0.08333333333333333,True,False,False
2,final,139,150,300.0,26.0,1.0,0.08666666666666667,True,False,False
2,final,140,150,300.0,27.0,1.0,0.09,True,False,False
2,final,141,150,300.0,26.0,1.0,0.08666666666666667,True,False,False
2,final,142,150,126.0,33.0,0.42,0.11,False,False,False
2,final,143,150,72.0,27.0,0.24,0.09,False,False,False
2,final,144,150,22.0,22.0,0.07333333333333333,0.07333333333333333,False,False,True
2,final,145,150,108.0,25.0,0.36,0.08333333333333333,False,False,False
2,final,146,150,300.0,24.0,1.0,0.08,True,False,False
2,final,147,150,99.0,35.0,0.33,0.11666666666666667,False,False,False
2,final,148,150,131.0,31.0,0.43666666666666665,0.10333333333333333,False,False,False
2,final,149,150,90.0,28.0,0.3,0.09333333333333334,False,False,False
2,final,150,150,41.0,27.0,0.13666666666666666,0.09,False,False,False
2,final,151,150,300.0,27.0,1.0,0.09,True,False,False
2,final,152,150,300.0,26.0,1.0,0.08666666666666667,True,False,False
2,final,153,150,300.0,29.0,1.0,0.09666666666666666,True,False,False
2,final,154,150,79.0,27.0,0.2633333333333333,0.09,False,False,False
2,final,155,150,300.0,23.0,1.0,0.07666666666666666,True,False,False
2,final,156,150,28.0,27.0,0.09333333333333334,0.09,False,False,True
2,final,157,150,300.0,29.0,1.0,0.09666666666666666,True,False,False
2,final,158,150,300.0,25.0,1.0,0.08333333333333333,True,False,False
2,final,159,150,116.0,28.0,0.38666666666666666,0.09333333333333334,False,False,False
2,final,160,150,300.0,29.0,1.0,0.09666666666666666,True,False,False
2,final,161,150,226.0,28.0,0.7533333333333333,0.09333333333333334,True,False,False
2,final,162,150,300.0,34.0,1.0,0.11333333333333333,True,False,False
2,final,163,150,300.0,27.0,1.0,0.09,True,False,False
2,final,164,150,300.0,32.0,1.0,0.10666666666666667,True,False,False
2,final,165,150,300.0,26.0,1.0,0.08666666666666667,True,False,False
2,final,166,150,300.0,26.0,1.0,0.08666666666666667,True,False,False
2,final,167,150,46.0,29.0,0.15333333333333332,0.09666666666666666,False,False,False
2,final,168,150,300.0,26.0,1.0,0.08666666666666667,True,False,False
2,final,169,150,300.0,32.0,1.0,0.10666666666666667,True,False,False
2,final,170,150,128.0,33.0,0.4266666666666667,0.11,False,False,False
2,final,171,150,85.0,26.0,0.2833333333333333,0.08666666666666667,False,False,False
2,final,172,150,300.0,32.0,1.0,0.10666666666666667,True,False,False
2,final,173,150,147.0,29.0,0.49,0.09666666666666666,False,False,False
2,final,174,150,300.0,26.0,1.0,0.08666666666666667,True,False,False
2,final,175,150,300.0,29.0,1.0,0.09666666666666666,True,False,False
2,final,176,150,79.0,27.0,0.2633333333333333,0.09,False,False,False
2,final,177,150,300.0,34.0,1.0,0.11333333333333333,True,False,False
2,final,178,150,32.0,30.0,0.10666666666666667,0.1,False,False,True
2,final,179,150,45.0,23.0,0.15,0.07666666666666666,False,False,False
2,final,180,150,300.0,25.0,1.0,0.08333333333333333,True,False,False
2,final,181,150,85.0,26.0,0.2833333333333333,0.08666666666666667,False,False,False
2,final,182,150,300.0,25.0,1.0,0.08333333333333333,True,False,False
2,final,183,150,300.0,27.0,1.0,0.09,True,False,False
2,final,184,150,300.0,29.0,1.0,0.09666666666666666,True,False,False
2,final,185,150,300.0,32.0,1.0,0.10666666666666667,True,False,False
2,final,186,150,300.0,25.0,1.0,0.08333333333333333,True,False,False
2,final,187,150,113.0,27.0,0.37666666666666665,0.09,False,False,False
2,final,188,150,105.0,28.0,0.35,0.09333333333333334,False,False,False
2,final,189,150,300.0,27.0,1.0,0.09,True,False,False
2,final,190,150,300.0,24.0,1.0,0.08,True,False,False
2,final,191,150,300.0,30.0,1.0,0.1,True,False,False
2,final,192,150,300.0,32.0,1.0,0.10666666666666667,True,False,False
2,final,193,150,300.0,26.0,1.0,0.08666666666666667,True,False,False
2,final,194,150,300.0,22.0,1.0,0.07333333333333333,True,False,False
2,final,195,150,81.0,27.0,0.27,0.09,False,False,False
2,final,196,150,41.0,27.0,0.13666666666666666,0.09,False,False,False
2,final,197,150,300.0,23.0,1.0,0.07666666666666666,True,False,False
2,final,198,150,300.0,26.0,1.0,0.08666666666666667,True,False,False
2,final,199,150,300.0,30.0,1.0,0.1,True,False,False
2,final,200,150,300.0,42.0,1.0,0.14,True,False,False
2,final,201,150,300.0,28.0,1.0,0.09333333333333334,True,False,False
2,final,202,150,300.0,29.0,1.0,0.09666666666666666,True,False,False
2,final,203,150,300.0,26.0,1.0,0.08666666666666667,True,False,False
2,final,204,150,53.0,27.0,0.17666666666666667,0.09,False,False,False
2,final,205,150,190.0,30.0,0.6333333333333333,0.1,True,False,False
2,final,206,150,300.0,27.0,1.0,0.09,True,False,False
2,final,207,150,62.0,37.0,0.20666666666666667,0.12333333333333334,False,False,False
2,final,208,150,300.0,27.0,1.0,0.09,True,False,False
2,final,209,150,300.0,24.0,1.0,0.08,True,False,False
2,final,210,150,300.0,28.0,1.0,0.09333333333333334,True,False,False
2,final,211,150,300.0,28.0,1.0,0.09333333333333334,True,False,False
2,final,212,150,300.0,28.0,1.0,0.09333333333333334,True,False,False
2,final,213,150,300.0,26.0,1.0,0.08666666666666667,True,False,False
2,final,214,150,52.0,33.0,0.17333333333333334,0.11,False,False,False
2,final,215,150,23.0,22.0,0.07666666666666666,0.07333333333333333,False,False,True
2,final,216,150,300.0,26.0,1.0,0.08666666666666667,True,False,False
2,final,217,150,79.0,27.0,0.2633333333333333,0.09,False,False,False
2,final,218,150,300.0,28.0,1.0,0.09333333333333334,True,False,False
2,final,219,150,20.0,20.0,0.06666666666666667,0.06666666666666667,False,False,True
2,final,220,150,300.0,26.0,1.0,0.08666666666666667,True,False,False
2,final,221,150,27.0,26.0,0.09,0.08666666666666667,False,False,True
2,final,222,150,300.0,29.0,1.0,0.09666666666666666,True,False,False
2,final,223,150,300.0,32.0,1.0,0.10666666666666667,True,False,False
2,final,224,150,112.0,27.0,0.37333333333333335,0.09,False,False,False
2,final,225,150,300.0,42.0,1.0,0.14,True,False,False
2,final,226,150,300.0,25.0,1.0,0.08333333333333333,True,False,False
2,final,227,150,300.0,34.0,1.0,0.11333333333333333,True,False,False
2,final,228,150,300.0,27.0,1.0,0.09,True,False,False
2,final,229,150,300.0,32.0,1.0,0.10666666666666667,True,False,False
2,final,230,150,80.0,31.0,0.26666666666666666,0.10333333333333333,False,False,False
2,final,231,150,27.0,27.0,0.09,0.09,False,False,True
2,final,232,150,110.0,29.0,0.36666666666666664,0.09666666666666666,False,False,False
2,final,233,150,300.0,29.0,1.0,0.09666666666666666,True,False,False
2,final,234,150,300.0,27.0,1.0,0.09,True,False,False
2,final,235,150,300.0,28.0,1.0,0.09333333333333334,True,False,False
2,final,236,150,300.0,24.0,1.0,0.08,True,False,False
2,final,237,150,68.0,27.0,0.22666666666666666,0.09,False,False,False
2,final,238,150,36.0,32.0,0.12,0.10666666666666667,False,False,False
2,final,239,150,300.0,26.0,1.0,0.08666666666666667,True,False,False
2,final,240,150,300.0,24.0,1.0,0.08,True,False,False
2,final,241,150,300.0,24.0,1.0,0.08,True,False,False
2,final,242,150,41.0,27.0,0.13666666666666666,0.09,False,False,False
2,final,243,150,300.0,25.0,1.0,0.08333333333333333,True,False,False
2,final,244,150,300.0,24.0,1.0,0.08,True,False,False
2,final,245,150,51.0,27.0,0.17,0.09,False,False,False
2,final,246,150,300.0,26.0,1.0,0.08666666666666667,True,False,False
2,final,247,150,300.0,29.0,1.0,0.09666666666666666,True,False,False
2,final,248,150,300.0,23.0,1.0,0.07666666666666666,True,False,False
2,final,249,150,300.0,26.0,1.0,0.08666666666666667,True,False,False
2,final,250,150,300.0,24.0,1.0,0.08,True,False,False
2,final,251,150,300.0,26.0,1.0,0.08666666666666667,True,False,False
2,final,252,150,300.0,27.0,1.0,0.09,True,False,False
2,final,253,150,74.0,23.0,0.24666666666666667,0.07666666666666666,False,False,False
2,final,254,150,300.0,28.0,1.0,0.09333333333333334,True,False,False
2,final,255,150,95.0,23.0,0.31666666666666665,0.07666666666666666,False,False,False
2,final,256,150,20.0,19.0,0.06666666666666667,0.06333333333333334,False,False,True
2,final,257,150,108.0,25.0,0.36,0.08333333333333333,False,False,False
2,final,258,150,57.0,23.0,0.19,0.07666666666666666,False,False,False
2,final,259,150,53.0,27.0,0.17666666666666667,0.09,False,False,False
2,final,260,150,300.0,27.0,1.0,0.09,True,False,False
2,final,261,150,300.0,26.0,1.0,0.08666666666666667,True,False,False
2,final,262,150,27.0,27.0,0.09,0.09,False,False,True
2,final,263,150,300.0,26.0,1.0,0.08666666666666667,True,False,False
2,final,264,150,300.0,26.0,1.0,0.08666666666666667,True,False,False
2,final,265,150,300.0,23.0,1.0,0.07666666666666666,True,False,False
2,final,266,150,135.0,25.0,0.45,0.08333333333333333,False,False,False
2,final,267,150,300.0,23.0,1.0,0.07666666666666666,True,False,False
2,final,268,150,300.0,24.0,1.0,0.08,True,False,False
2,final,269,150,300.0,27.0,1.0,0.09,True,False,False
2,final,270,150,129.0,33.0,0.43,0.11,False,False,False
2,final,271,150,300.0,32.0,1.0,0.10666666666666667,True,False,False
2,final,272,150,300.0,27.0,1.0,0.09,True,False,False
2,final,273,150,34.0,31.0,0.11333333333333333,0.10333333333333333,False,False,True
2,final,274,150,51.0,30.0,0.17,0.1,False,False,False
2,final,275,150,300.0,24.0,1.0,0.08,True,False,False
2,final,276,150,67.0,24.0,0.22333333333333333,0.08,False,False,False
2,final,277,150,300.0,24.0,1.0,0.08,True,False,False
2,final,278,150,300.0,25.0,1.0,0.08333333333333333,True,False,False
2,final,279,150,300.0,24.0,1.0,0.08,True,False,False
2,final,280,150,300.0,24.0,1.0,0.08,True,False,False
2,final,281,150,76.0,28.0,0.25333333333333335,0.09333333333333334,False,False,False
2,final,282,150,114.0,29.0,0.38,0.09666666666666666,False,False,False
2,final,283,150,300.0,28.0,1.0,0.09333333333333334,True,False,False
2,final,284,150,300.0,29.0,1.0,0.09666666666666666,True,False,False
2,final,285,150,300.0,30.0,1.0,0.1,True,False,False
2,final,286,150,38.0,29.0,0.12666666666666668,0.09666666666666666,False,False,False
2,final,287,150,300.0,26.0,1.0,0.08666666666666667,True,False,False
2,final,288,150,300.0,29.0,1.0,0.09666666666666666,True,False,False
2,final,289,150,300.0,36.0,1.0,0.12,True,False,False
2,final,290,150,300.0,25.0,1.0,0.08333333333333333,True,False,False
2,final,291,150,116.0,24.0,0.38666666666666666,0.08,False,False,False
2,final,292,150,53.0,30.0,0.17666666666666667,0.1,False,False,False
2,final,293,150,300.0,26.0,1.0,0.08666666666666667,True,False,False
2,final,294,150,294.0,26.0,0.98,0.08666666666666667,True,False,False
2,final,295,150,300.0,26.0,1.0,0.08666666666666667,True,False,False
2,final,296,150,300.0,26.0,1.0,0.08666666666666667,True,False,False
2,final,297,150,53.0,27.0,0.17666666666666667,0.09,False,False,False
2,final,298,150,300.0,30.0,1.0,0.1,True,False,False
2,final,299,150,300.0,28.0,1.0,0.09333333333333334,True,False,False
2,final,300,150,300.0,36.0,1.0,0.12,True,False,False
2,final,301,150,32.0,30.0,0.10666666666666667,0.1,False,False,True
2,final,302,150,194.0,28.0,0.6466666666666666,0.09333333333333334,True,False,False
2,final,303,150,300.0,24.0,1.0,0.08,True,False,False
2,final,304,150,129.0,27.0,0.43,0.09,False,False,False
2,final,305,150,300.0,29.0,1.0,0.09666666666666666,True,False,False
2,final,306,150,300.0,26.0,1.0,0.08666666666666667,True,False,False
2,final,307,150,300.0,23.0,1.0,0.07666666666666666,True,False,False
2,final,308,150,80.0,30.0,0.26666666666666666,0.1,False,False,False
2,final,309,150,86.0,29.0,0.2866666666666667,0.09666666666666666,False,False,False
2,final,310,150,300.0,32.0,1.0,0.10666666666666667,True,False,False
2,final,311,150,300.0,23.0,1.0,0.07666666666666666,True,False,False
2,final,312,150,300.0,29.0,1.0,0.09666666666666666,True,False,False
2,final,313,150,41.0,27.0,0.13666666666666666,0.09,False,False,False
2,final,314,150,300.0,26.0,1.0,0.08666666666666667,True,False,False
2,final,315,150,300.0,24.0,1.0,0.08,True,False,False
2,final,316,150,20.0,19.0,0.06666666666666667,0.06333333333333334,False,False,True
2,final,317,150,300.0,30.0,1.0,0.1,True,False,False
2,final,318,150,300.0,23.0,1.0,0.07666666666666666,True,False,False
2,final,319,150,300.0,23.0,1.0,0.07666666666666666,True,False,False
2,final,320,150,300.0,26.0,1.0,0.08666666666666667,True,False,False
2,final,321,150,95.0,28.0,0.31666666666666665,0.09333333333333334,False,False,False
2,final,322,150,300.0,28.0,1.0,0.09333333333333334,True,False,False
2,final,323,150,91.0,27.0,0.30333333333333334,0.09,False,False,False
2,final,324,150,23.0,22.0,0.07666666666666666,0.07333333333333333,False,False,True
2,final,325,150,300.0,29.0,1.0,0.09666666666666666,True,False,False
2,final,326,150,300.0,29.0,1.0,0.09666666666666666,True,False,False
2,final,327,150,300.0,29.0,1.0,0.09666666666666666,True,False,False
2,final,328,150,65.0,30.0,0.21666666666666667,0.1,False,False,False
2,final,329,150,300.0,25.0,1.0,0.08333333333333333,True,False,False
2,final,330,150,300.0,26.0,1.0,0.08666666666666667,True,False,False
2,final,331,150,300.0,36.0,1.0,0.12,True,False,False
2,final,332,150,57.0,29.0,0.19,0.09666666666666666,False,False,False
2,final,333,150,300.0,24.0,1.0,0.08,True,False,False
2,final,334,150,300.0,26.0,1.0,0.08666666666666667,True,False,False
2,final,335,150,67.0,23.0,0.22333333333333333,0.07666666666666666,False,False,False
2,final,336,150,300.0,30.0,1.0,0.1,True,False,False
2,final,337,150,300.0,27.0,1.0,0.09,True,False,False
2,final,338,150,96.0,30.0,0.32,0.1,False,False,False
2,final,339,150,300.0,32.0,1.0,0.10666666666666667,True,False,False
2,final,340,150,300.0,26.0,1.0,0.08666666666666667,True,False,False
2,final,341,150,300.0,25.0,1.0,0.08333333333333333,True,False,False
2,final,342,150,17.0,17.0,0.056666666666666664,0.056666666666666664,False,False,True
2,final,343,150,300.0,26.0,1.0,0.08666666666666667,True,False,False
2,final,344,150,300.0,25.0,1.0,0.08333333333333333,True,False,False
2,final,345,150,300.0,25.0,1.0,0.08333333333333333,True,False,False
2,final,346,150,300.0,23.0,1.0,0.07666666666666666,True,False,False
2,final,347,150,300.0,25.0,1.0,0.08333333333333333,True,False,False
2,final,348,150,38.0,27.0,0.12666666666666668,0.09,False,False,False
2,final,349,150,300.0,25.0,1.0,0.08333333333333333,True,False,False
2,final,350,150,300.0,26.0,1.0,0.08666666666666667,True,False,False
2,final,351,150,76.0,30.0,0.25333333333333335,0.1,False,False,False
2,final,352,150,127.0,30.0,0.42333333333333334,0.1,False,False,False
2,final,353,150,106.0,25.0,0.35333333333333333,0.08333333333333333,False,False,False
2,final,354,150,300.0,30.0,1.0,0.1,True,False,False
2,final,355,150,300.0,27.0,1.0,0.09,True,False,False
2,final,356,150,41.0,27.0,0.13666666666666666,0.09,False,False,False
2,final,357,150,300.0,24.0,1.0,0.08,True,False,False
2,final,358,150,98.0,23.0,0.32666666666666666,0.07666666666666666,False,False,False
2,final,359,150,300.0,26.0,1.0,0.08666666666666667,True,False,False
2,final,360,150,300.0,25.0,1.0,0.08333333333333333,True,False,False
2,final,361,150,50.0,29.0,0.16666666666666666,0.09666666666666666,False,False,False
2,final,362,150,300.0,24.0,1.0,0.08,True,False,False
2,final,363,150,300.0,29.0,1.0,0.09666666666666666,True,False,False
2,final,364,150,87.0,24.0,0.29,0.08,False,False,False
2,final,365,150,51.0,23.0,0.17,0.07666666666666666,False,False,False
2,final,366,150,300.0,28.0,1.0,0.09333333333333334,True,False,False
2,final,367,150,300.0,34.0,1.0,0.11333333333333333,True,False,False
2,final,368,150,288.0,26.0,0.96,0.08666666666666667,True,False,False
2,final,369,150,93.0,26.0,0.31,0.08666666666666667,False,False,False
2,final,370,150,94.0,24.0,0.31333333333333335,0.08,False,False,False
2,final,371,150,33.0,32.0,0.11,0.10666666666666667,False,False,True
2,final,372,150,32.0,30.0,0.10666666666666667,0.1,False,False,True
2,final,373,150,300.0,24.0,1.0,0.08,True,False,False
2,final,374,150,53.0,27.0,0.17666666666666667,0.09,False,False,False
2,final,375,150,300.0,23.0,1.0,0.07666666666666666,True,False,False
2,final,376,150,300.0,24.0,1.0,0.08,True,False,False
2,final,377,150,300.0,27.0,1.0,0.09,True,False,False
2,final,378,150,27.0,26.0,0.09,0.08666666666666667,False,False,True
2,final,379,150,300.0,29.0,1.0,0.09666666666666666,True,False,False
2,final,380,150,300.0,32.0,1.0,0.10666666666666667,True,False,False
2,final,381,150,300.0,30.0,1.0,0.1,True,False,False
2,final,382,150,300.0,26.0,1.0,0.08666666666666667,True,False,False
2,final,383,150,97.0,27.0,0.3233333333333333,0.09,False,False,False
2,final,384,150,236.0,28.0,0.7866666666666666,0.09333333333333334,True,False,False
2,final,385,150,300.0,24.0,1.0,0.08,True,False,False
2,final,386,150,140.0,29.0,0.4666666666666667,0.09666666666666666,False,False,False
2,final,387,150,96.0,30.0,0.32,0.1,False,False,False
2,final,388,150,64.0,39.0,0.21333333333333335,0.13,False,False,False
2,final,389,150,300.0,29.0,1.0,0.09666666666666666,True,False,False
2,final,390,150,30.0,29.0,0.1,0.09666666666666666,False,False,True
2,final,391,150,300.0,26.0,1.0,0.08666666666666667,True,False,False
2,final,392,150,300.0,28.0,1.0,0.09333333333333334,True,False,False
2,final,393,150,300.0,26.0,1.0,0.08666666666666667,True,False,False
2,final,394,150,300.0,28.0,1.0,0.09333333333333334,True,False,False
2,final,395,150,200.0,31.0,0.6666666666666666,0.10333333333333333,True,False,False
2,final,396,150,300.0,30.0,1.0,0.1,True,False,False
2,final,397,150,300.0,25.0,1.0,0.08333333333333333,True,False,False
2,final,398,150,300.0,24.0,1.0,0.08,True,False,False
2,final,399,150,300.0,26.0,1.0,0.08666666666666667,True,False,False
2,final,400,150,300.0,26.0,1.0,0.08666666666666667,True,False,False
2,final,401,150,77.0,28.0,0.25666666666666665,0.09333333333333334,False,False,False
2,final,402,150,300.0,27.0,1.0,0.09,True,False,False
2,final,403,150,300.0,26.0,1.0,0.08666666666666667,True,False,False
2,final,404,150,300.0,32.0,1.0,0.10666666666666667,True,False,False
2,final,405,150,256.0,27.0,0.8533333333333334,0.09,True,False,False
2,final,406,150,300.0,25.0,1.0,0.08333333333333333,True,False,False
2,final,407,150,39.0,34.0,0.13,0.11333333333333333,False,False,False
2,final,408,150,300.0,24.0,1.0,0.08,True,False,False
2,final,409,150,300.0,22.0,1.0,0.07333333333333333,True,False,False
2,final,410,150,300.0,24.0,1.0,0.08,True,False,False
2,final,411,150,300.0,32.0,1.0,0.10666666666666667,True,False,False
2,final,412,150,128.0,27.0,0.4266666666666667,0.09,False,False,False
2,final,413,150,73.0,27.0,0.24333333333333335,0.09,False,False,False
2,final,414,150,61.0,39.0,0.20333333333333334,0.13,False,False,False
2,final,415,150,300.0,26.0,1.0,0.08666666666666667,True,False,False
2,final,416,150,300.0,25.0,1.0,0.08333333333333333,True,False,False
2,final,417,150,113.0,29.0,0.37666666666666665,0.09666666666666666,False,False,False
2,final,418,150,300.0,26.0,1.0,0.08666666666666667,True,False,False
2,final,419,150,300.0,23.0,1.0,0.07666666666666666,True,False,False
2,final,420,150,300.0,26.0,1.0,0.08666666666666667,True,False,False
2,final,421,150,27.0,27.0,0.09,0.09,False,False,True
2,final,422,150,300.0,24.0,1.0,0.08,True,False,False
2,final,423,150,300.0,28.0,1.0,0.09333333333333334,True,False,False
2,final,424,150,300.0,26.0,1.0,0.08666666666666667,True,False,False
2,final,425,150,300.0,24.0,1.0,0.08,True,False,False
2,final,426,150,300.0,30.0,1.0,0.1,True,False,False
2,final,427,150,23.0,22.0,0.07666666666666666,0.07333333333333333,False,False,True
2,final,428,150,268.0,27.0,0.8933333333333333,0.09,True,False,False
2,final,429,150,104.0,28.0,0.3466666666666667,0.09333333333333334,False,False,False
2,final,430,150,300.0,25.0,1.0,0.08333333333333333,True,False,False
2,final,431,150,300.0,26.0,1.0,0.08666666666666667,True,False,False
2,final,432,150,300.0,26.0,1.0,0.08666666666666667,True,False,False
2,final,433,150,300.0,30.0,1.0,0.1,True,False,False
2,final,434,150,300.0,26.0,1.0,0.08666666666666667,True,False,False
2,final,435,150,66.0,27.0,0.22,0.09,False,False,False
2,final,436,150,71.0,30.0,0.23666666666666666,0.1,False,False,False
2,final,437,150,300.0,26.0,1.0,0.08666666666666667,True,False,False
2,final,438,150,60.0,35.0,0.2,0.11666666666666667,False,False,False
2,final,439,150,30.0,29.0,0.1,0.09666666666666666,False,False,True
2,final,440,150,300.0,26.0,1.0,0.08666666666666667,True,False,False
2,final,441,150,300.0,28.0,1.0,0.09333333333333334,True,False,False
2,final,442,150,300.0,23.0,1.0,0.07666666666666666,True,False,False
2,final,443,150,300.0,27.0,1.0,0.09,True,False,False
2,final,444,150,300.0,26.0,1.0,0.08666666666666667,True,False,False
2,final,445,150,85.0,27.0,0.2833333333333333,0.09,False,False,False
2,final,446,150,300.0,26.0,1.0,0.08666666666666667,True,False,False
2,final,447,150,300.0,29.0,1.0,0.09666666666666666,True,False,False
2,final,448,150,300.0,25.0,1.0,0.08333333333333333,True,False,False
2,final,449,150,300.0,32.0,1.0,0.10666666666666667,True,False,False
2,final,450,150,300.0,28.0,1.0,0.09333333333333334,True,False,False
2,final,451,150,300.0,30.0,1.0,0.1,True,False,False
2,final,452,150,300.0,26.0,1.0,0.08666666666666667,True,False,False
2,final,453,150,300.0,25.0,1.0,0.08333333333333333,True,False,False
2,final,454,150,300.0,26.0,1.0,0.08666666666666667,True,False,False
2,final,455,150,300.0,29.0,1.0,0.09666666666666666,True,False,False
2,final,456,150,300.0,34.0,1.0,0.11333333333333333,True,False,False
2,final,457,150,300.0,26.0,1.0,0.08666666666666667,True,False,False
2,final,458,150,84.0,31.0,0.28,0.10333333333333333,False,False,False
2,final,459,150,300.0,26.0,1.0,0.08666666666666667,True,False,False
2,final,460,150,300.0,26.0,1.0,0.08666666666666667,True,False,False
2,final,461,150,300.0,26.0,1.0,0.08666666666666667,True,False,False
2,final,462,150,300.0,28.0,1.0,0.09333333333333334,True,False,False
2,final,463,150,300.0,34.0,1.0,0.11333333333333333,True,False,False
2,final,464,150,20.0,20.0,0.06666666666666667,0.06666666666666667,False,False,True
2,final,465,150,300.0,28.0,1.0,0.09333333333333334,True,False,False
2,final,466,150,300.0,32.0,1.0,0.10666666666666667,True,False,False
2,final,467,150,53.0,29.0,0.17666666666666667,0.09666666666666666,False,False,False
2,final,468,150,64.0,26.0,0.21333333333333335,0.08666666666666667,False,False,False
2,final,469,150,300.0,26.0,1.0,0.08666666666666667,True,False,False
2,final,470,150,300.0,29.0,1.0,0.09666666666666666,True,False,False
2,final,471,150,300.0,26.0,1.0,0.08666666666666667,True,False,False
2,final,472,150,146.0,28.0,0.4866666666666667,0.09333333333333334,False,False,False
2,final,473,150,300.0,26.0,1.0,0.08666666666666667,True,False,False
2,final,474,150,69.0,33.0,0.23,0.11,False,False,False
2,final,475,150,79.0,27.0,0.2633333333333333,0.09,False,False,False
2,final,476,150,300.0,28.0,1.0,0.09333333333333334,True,False,False
2,final,477,150,300.0,24.0,1.0,0.08,True,False,False
2,final,478,150,27.0,26.0,0.09,0.08666666666666667,False,False,True
2,final,479,150,300.0,26.0,1.0,0.08666666666666667,True,False,False
2,final,480,150,37.0,23.0,0.12333333333333334,0.07666666666666666,False,False,False
2,final,481,150,300.0,29.0,1.0,0.09666666666666666,True,False,False
2,final,482,150,300.0,29.0,1.0,0.09666666666666666,True,False,False
2,final,483,150,300.0,29.0,1.0,0.09666666666666666,True,False,False
2,final,484,150,300.0,25.0,1.0,0.08333333333333333,True,False,False
2,final,485,150,87.0,30.0,0.29,0.1,False,False,False
2,final,486,150,52.0,27.0,0.17333333333333334,0.09,False,False,False
2,final,487,150,300.0,26.0,1.0,0.08666666666666667,True,False,False
2,final,488,150,23.0,22.0,0.07666666666666666,0.07333333333333333,False,False,True
2,final,489,150,300.0,26.0,1.0,0.08666666666666667,True,False,False
2,final,490,150,300.0,26.0,1.0,0.08666666666666667,True,False,False
2,final,491,150,88.0,23.0,0.29333333333333333,0.07666666666666666,False,False,False
2,final,492,150,198.0,28.0,0.66,0.09333333333333334,True,False,False
2,final,493,150,115.0,27.0,0.38333333333333336,0.09,False,False,False
2,final,494,150,300.0,28.0,1.0,0.09333333333333334,True,False,False
2,final,495,150,300.0,29.0,1.0,0.09666666666666666,True,False,False
2,final,496,150,300.0,30.0,1.0,0.1,True,False,False
2,final,497,150,300.0,32.0,1.0,0.10666666666666667,True,False,False
2,final,498,150,36.0,27.0,0.12,0.09,False,False,False
2,final,499,150,300.0,24.0,1.0,0.08,True,False,False
2,final,500,150,280.0,27.0,0.9333333333333333,0.09,True,False,False
2,final,501,150,300.0,24.0,1.0,0.08,True,False,False
2,final,502,150,300.0,26.0,1.0,0.08666666666666667,True,False,False
2,final,503,150,300.0,29.0,1.0,0.09666666666666666,True,False,False
2,final,504,150,300.0,28.0,1.0,0.09333333333333334,True,False,False
2,final,505,150,300.0,24.0,1.0,0.08,True,False,False
2,final,506,150,300.0,32.0,1.0,0.10666666666666667,True,False,False
2,final,507,150,61.0,27.0,0.20333333333333334,0.09,False,False,False
2,final,508,150,147.0,25.0,0.49,0.08333333333333333,False,False,False
2,final,509,150,80.0,31.0,0.26666666666666666,0.10333333333333333,False,False,False
2,final,510,150,300.0,26.0,1.0,0.08666666666666667,True,False,False
2,final,511,150,23.0,22.0,0.07666666666666666,0.07333333333333333,False,False,True
2,final,512,150,113.0,27.0,0.37666666666666665,0.09,False,False,False
2,final,513,150,98.0,29.0,0.32666666666666666,0.09666666666666666,False,False,False
2,final,514,150,300.0,29.0,1.0,0.09666666666666666,True,False,False
2,final,515,150,50.0,27.0,0.16666666666666666,0.09,False,False,False
2,final,516,150,300.0,25.0,1.0,0.08333333333333333,True,False,False
2,final,517,150,300.0,34.0,1.0,0.11333333333333333,True,False,False
2,final,518,150,300.0,24.0,1.0,0.08,True,False,False
2,final,519,150,300.0,23.0,1.0,0.07666666666666666,True,False,False
2,final,520,150,300.0,24.0,1.0,0.08,True,False,False
2,final,521,150,69.0,22.0,0.23,0.07333333333333333,False,False,False
2,final,522,150,300.0,26.0,1.0,0.08666666666666667,True,False,False
2,final,523,150,300.0,26.0,1.0,0.08666666666666667,True,False,False
2,final,524,150,131.0,33.0,0.43666666666666665,0.11,False,False,False
2,final,525,150,52.0,34.0,0.17333333333333334,0.11333333333333333,False,False,False
2,final,526,150,300.0,24.0,1.0,0.08,True,False,False
2,final,527,150,46.0,29.0,0.15333333333333332,0.09666666666666666,False,False,False
2,final,528,150,300.0,34.0,1.0,0.11333333333333333,True,False,False
2,final,529,150,300.0,28.0,1.0,0.09333333333333334,True,False,False
2,final,530,150,300.0,28.0,1.0,0.09333333333333334,True,False,False
2,final,531,150,108.0,25.0,0.36,0.08333333333333333,False,False,False
2,final,532,150,133.0,30.0,0.44333333333333336,0.1,False,False,False
2,final,533,150,300.0,25.0,1.0,0.08333333333333333,True,False,False
2,final,534,150,300.0,30.0,1.0,0.1,True,False,False
2,final,535,150,300.0,30.0,1.0,0.1,True,False,False
2,final,536,150,300.0,26.0,1.0,0.08666666666666667,True,False,False
2,final,537,150,300.0,26.0,1.0,0.08666666666666667,True,False,False
2,final,538,150,109.0,25.0,0.36333333333333334,0.08333333333333333,False,False,False
2,final,539,150,57.0,37.0,0.19,0.12333333333333334,False,False,False
2,final,540,150,300.0,24.0,1.0,0.08,True,False,False
2,final,541,150,290.0,26.0,0.9666666666666667,0.08666666666666667,True,False,False
2,final,542,150,300.0,26.0,1.0,0.08666666666666667,True,False,False
2,final,543,150,300.0,25.0,1.0,0.08333333333333333,True,False,False
2,final,544,150,300.0,25.0,1.0,0.08333333333333333,True,False,False
2,final,545,150,28.0,27.0,0.09333333333333334,0.09,False,False,True
2,final,546,150,126.0,33.0,0.42,0.11,False,False,False
2,final,547,150,300.0,24.0,1.0,0.08,True,False,False
2,final,548,150,300.0,25.0,1.0,0.08333333333333333,True,False,False
2,final,549,150,74.0,35.0,0.24666666666666667,0.11666666666666667,False,False,False
2,final,550,150,88.0,29.0,0.29333333333333333,0.09666666666666666,False,False,False
2,final,551,150,300.0,29.0,1.0,0.09666666666666666,True,False,False
2,final,552,150,147.0,24.0,0.49,0.08,False,False,False
2,final,553,150,66.0,29.0,0.22,0.09666666666666666,False,False,False
2,final,554,150,65.0,23.0,0.21666666666666667,0.07666666666666666,False,False,False
2,final,555,150,99.0,31.0,0.33,0.10333333333333333,False,False,False
2,final,556,150,300.0,28.0,1.0,0.09333333333333334,True,False,False
2,final,557,150,300.0,24.0,1.0,0.08,True,False,False
2,final,558,150,248.0,28.0,0.8266666666666667,0.09333333333333334,True,False,False
2,final,559,150,300.0,25.0,1.0,0.08333333333333333,True,False,False
2,final,560,150,300.0,28.0,1.0,0.09333333333333334,True,False,False
2,final,561,150,300.0,23.0,1.0,0.07666666666666666,True,False,False
2,final,562,150,300.0,27.0,1.0,0.09,True,False,False
2,final,563,150,300.0,24.0,1.0,0.08,True,False,False
2,final,564,150,300.0,26.0,1.0,0.08666666666666667,True,False,False
2,final,565,150,300.0,26.0,1.0,0.08666666666666667,True,False,False
2,final,566,150,260.0,27.0,0.8666666666666667,0.09,True,False,False
2,final,567,150,300.0,28.0,1.0,0.09333333333333334,True,False,False
2,final,568,150,300.0,26.0,1.0,0.08666666666666667,True,False,False
2,final,569,150,300.0,28.0,1.0,0.09333333333333334,True,False,False
2,final,570,150,22.0,22.0,0.07333333333333333,0.07333333333333333,False,False,True
2,final,571,150,300.0,24.0,1.0,0.08,True,False,False
2,final,572,150,300.0,32.0,1.0,0.10666666666666667,True,False,False
2,final,573,150,300.0,36.0,1.0,0.12,True,False,False
2,final,574,150,300.0,34.0,1.0,0.11333333333333333,True,False,False
2,final,575,150,37.0,36.0,0.12333333333333334,0.12,False,False,True
2,final,576,150,90.0,28.0,0.3,0.09333333333333334,False,False,False
2,final,577,150,300.0,27.0,1.0,0.09,True,False,False
2,final,578,150,300.0,28.0,1.0,0.09333333333333334,True,False,False
2,final,579,150,300.0,30.0,1.0,0.1,True,False,False
2,final,580,150,96.0,38.0,0.32,0.12666666666666668,False,False,False
2,final,581,150,102.0,29.0,0.34,0.09666666666666666,False,False,False
2,final,582,150,300.0,30.0,1.0,0.1,True,False,False
2,final,583,150,300.0,26.0,1.0,0.08666666666666667,True,False,False
2,final,584,150,35.0,34.0,0.11666666666666667,0.11333333333333333,False,False,True
2,final,585,150,80.0,38.0,0.26666666666666666,0.12666666666666668,False,False,False
2,final,586,150,300.0,26.0,1.0,0.08666666666666667,True,False,False
2,final,587,150,300.0,28.0,1.0,0.09333333333333334,True,False,False
2,final,588,150,300.0,29.0,1.0,0.09666666666666666,True,False,False
2,final,589,150,58.0,25.0,0.19333333333333333,0.08333333333333333,False,False,False
2,final,590,150,107.0,30.0,0.3566666666666667,0.1,False,False,False
2,final,591,150,97.0,30.0,0.3233333333333333,0.1,False,False,False
2,final,592,150,300.0,25.0,1.0,0.08333333333333333,True,False,False
2,final,593,150,300.0,23.0,1.0,0.07666666666666666,True,False,False
2,final,594,150,300.0,26.0,1.0,0.08666666666666667,True,False,False
2,final,595,150,108.0,27.0,0.36,0.09,False,False,False
2,final,596,150,300.0,24.0,1.0,0.08,True,False,False
2,final,597,150,90.0,27.0,0.3,0.09,False,False,False
2,final,598,150,300.0,38.0,1.0,0.12666666666666668,True,False,False
2,final,599,150,300.0,29.0,1.0,0.09666666666666666,True,False,False
2,final,600,150,300.0,32.0,1.0,0.10666666666666667,True,False,False
2,final,601,150,300.0,27.0,1.0,0.09,True,False,False
2,final,602,150,51.0,37.0,0.17,0.12333333333333334,False,False,False
2,final,603,150,300.0,24.0,1.0,0.08,True,False,False
2,final,604,150,300.0,26.0,1.0,0.08666666666666667,True,False,False
2,final,605,150,300.0,24.0,1.0,0.08,True,False,False
2,final,606,150,22.0,22.0,0.07333333333333333,0.07333333333333333,False,False,True
2,final,607,150,300.0,25.0,1.0,0.08333333333333333,True,False,False
2,final,608,150,90.0,29.0,0.3,0.09666666666666666,False,False,False
2,final,609,150,300.0,32.0,1.0,0.10666666666666667,True,False,False
2,final,610,150,300.0,29.0,1.0,0.09666666666666666,True,False,False
2,final,611,150,78.0,27.0,0.26,0.09,False,False,False
2,final,612,150,300.0,30.0,1.0,0.1,True,False,False
2,final,613,150,300.0,24.0,1.0,0.08,True,False,False
2,final,614,150,300.0,29.0,1.0,0.09666666666666666,True,False,False
2,final,615,150,300.0,32.0,1.0,0.10666666666666667,True,False,False
2,final,616,150,55.0,28.0,0.18333333333333332,0.09333333333333334,False,False,False
2,final,617,150,180.0,28.0,0.6,0.09333333333333334,True,False,False
2,final,618,150,300.0,26.0,1.0,0.08666666666666667,True,False,False
2,final,619,150,22.0,22.0,0.07333333333333333,0.07333333333333333,False,False,True
2,final,620,150,71.0,27.0,0.23666666666666666,0.09,False,False,False
2,final,621,150,300.0,22.0,1.0,0.07333333333333333,True,False,False
2,final,622,150,300.0,29.0,1.0,0.09666666666666666,True,False,False
2,final,623,150,78.0,22.0,0.26,0.07333333333333333,False,False,False
2,final,624,150,300.0,26.0,1.0,0.08666666666666667,True,False,False
2,final,625,150,45.0,27.0,0.15,0.09,False,False,False
2,final,626,150,126.0,30.0,0.42,0.1,False,False,False
2,final,627,150,300.0,32.0,1.0,0.10666666666666667,True,False,False
2,final,628,150,300.0,25.0,1.0,0.08333333333333333,True,False,False
2,final,629,150,55.0,23.0,0.18333333333333332,0.07666666666666666,False,False,False
2,final,630,150,300.0,30.0,1.0,0.1,True,False,False
2,final,631,150,21.0,20.0,0.07,0.06666666666666667,False,False,True
2,final,632,150,300.0,28.0,1.0,0.09333333333333334,True,False,False
2,final,633,150,300.0,24.0,1.0,0.08,True,False,False
2,final,634,150,20.0,20.0,0.06666666666666667,0.06666666666666667,False,False,True
2,final,635,150,22.0,22.0,0.07333333333333333,0.07333333333333333,False,False,True
2,final,636,150,300.0,26.0,1.0,0.08666666666666667,True,False,False
2,final,637,150,300.0,29.0,1.0,0.09666666666666666,True,False,False
2,final,638,150,300.0,29.0,1.0,0.09666666666666666,True,False,False
2,final,639,150,300.0,25.0,1.0,0.08333333333333333,True,False,False
2,final,640,150,96.0,38.0,0.32,0.12666666666666668,False,False,False
2,final,641,150,300.0,25.0,1.0,0.08333333333333333,True,False,False
2,final,642,150,300.0,26.0,1.0,0.08666666666666667,True,False,False
2,final,643,150,300.0,32.0,1.0,0.10666666666666667,True,False,False
2,final,644,150,300.0,30.0,1.0,0.1,True,False,False
2,final,645,150,300.0,24.0,1.0,0.08,True,False,False
2,final,646,150,87.0,27.0,0.29,0.09,False,False,False
2,final,647,150,300.0,23.0,1.0,0.07666666666666666,True,False,False
2,final,648,150,300.0,24.0,1.0,0.08,True,False,False
2,final,649,150,300.0,22.0,1.0,0.07333333333333333,True,False,False
2,final,650,150,300.0,26.0,1.0,0.08666666666666667,True,False,False
2,final,651,150,300.0,31.0,1.0,0.10333333333333333,True,False,False
2,final,652,150,300.0,28.0,1.0,0.09333333333333334,True,False,False
2,final,653,150,300.0,26.0,1.0,0.08666666666666667,True,False,False
2,final,654,150,116.0,25.0,0.38666666666666666,0.08333333333333333,False,False,False
2,final,655,150,300.0,28.0,1.0,0.09333333333333334,True,False,False
2,final,656,150,300.0,28.0,1.0,0.09333333333333334,True,False,False
2,final,657,150,113.0,27.0,0.37666666666666665,0.09,False,False,False
2,final,658,150,66.0,33.0,0.22,0.11,False,False,False
2,final,659,150,300.0,25.0,1.0,0.08333333333333333,True,False,False
2,final,660,150,300.0,28.0,1.0,0.09333333333333334,True,False,False
2,final,661,150,300.0,24.0,1.0,0.08,True,False,False
2,final,662,150,300.0,25.0,1.0,0.08333333333333333,True,False,False
2,final,663,150,300.0,26.0,1.0,0.08666666666666667,True,False,False
2,final,664,150,300.0,30.0,1.0,0.1,True,False,False
2,final,665,150,46.0,29.0,0.15333333333333332,0.09666666666666666,False,False,False
2,final,666,150,300.0,24.0,1.0,0.08,True,False,False
2,final,667,150,80.0,31.0,0.26666666666666666,0.10333333333333333,False,False,False
2,final,668,150,300.0,28.0,1.0,0.09333333333333334,True,False,False
2,final,669,150,300.0,29.0,1.0,0.09666666666666666,True,False,False
2,final,670,150,81.0,23.0,0.27,0.07666666666666666,False,False,False
2,final,671,150,300.0,26.0,1.0,0.08666666666666667,True,False,False
2,final,672,150,300.0,25.0,1.0,0.08333333333333333,True,False,False
2,final,673,150,300.0,25.0,1.0,0.08333333333333333,True,False,False
2,final,674,150,300.0,24.0,1.0,0.08,True,False,False
2,final,675,150,300.0,30.0,1.0,0.1,True,False,False
2,final,676,150,85.0,24.0,0.2833333333333333,0.08,False,False,False
2,final,677,150,300.0,28.0,1.0,0.09333333333333334,True,False,False
2,final,678,150,125.0,29.0,0.4166666666666667,0.09666666666666666,False,False,False
2,final,679,150,300.0,25.0,1.0,0.08333333333333333,True,False,False
2,final,680,150,300.0,25.0,1.0,0.08333333333333333,True,False,False
2,final,681,150,300.0,26.0,1.0,0.08666666666666667,True,False,False
2,final,682,150,49.0,27.0,0.16333333333333333,0.09,False,False,False
2,final,683,150,300.0,29.0,1.0,0.09666666666666666,True,False,False
2,final,684,150,300.0,32.0,1.0,0.10666666666666667,True,False,False
2,final,685,150,20.0,19.0,0.06666666666666667,0.06333333333333334,False,False,True
2,final,686,150,300.0,26.0,1.0,0.08666666666666667,True,False,False
2,final,687,150,300.0,31.0,1.0,0.10333333333333333,True,False,False
2,final,688,150,75.0,27.0,0.25,0.09,False,False,False
2,final,689,150,300.0,29.0,1.0,0.09666666666666666,True,False,False
2,final,690,150,27.0,26.0,0.09,0.08666666666666667,False,False,True
2,final,691,150,300.0,22.0,1.0,0.07333333333333333,True,False,False
2,final,692,150,300.0,26.0,1.0,0.08666666666666667,True,False,False
2,final,693,150,79.0,35.0,0.2633333333333333,0.11666666666666667,False,False,False
2,final,694,150,300.0,29.0,1.0,0.09666666666666666,True,False,False
2,final,695,150,300.0,28.0,1.0,0.09333333333333334,True,False,False
2,final,696,150,216.0,24.0,0.72,0.08,True,False,False
2,final,697,150,300.0,28.0,1.0,0.09333333333333334,True,False,False
2,final,698,150,47.0,39.0,0.15666666666666668,0.13,False,False,False
2,final,699,150,300.0,28.0,1.0,0.09333333333333334,True,False,False
2,final,700,150,300.0,25.0,1.0,0.08333333333333333,True,False,False
2,final,701,150,300.0,26.0,1.0,0.08666666666666667,True,False,False
2,final,702,150,300.0,25.0,1.0,0.08333333333333333,True,False,False
2,final,703,150,300.0,24.0,1.0,0.08,True,False,False
2,final,704,150,300.0,32.0,1.0,0.10666666666666667,True,False,False
2,final,705,150,68.0,27.0,0.22666666666666666,0.09,False,False,False
2,final,706,150,300.0,25.0,1.0,0.08333333333333333,True,False,False
2,final,707,150,300.0,26.0,1.0,0.08666666666666667,True,False,False
2,final,708,150,92.0,28.0,0.30666666666666664,0.09333333333333334,False,False,False
2,final,709,150,300.0,26.0,1.0,0.08666666666666667,True,False,False
2,final,710,150,300.0,29.0,1.0,0.09666666666666666,True,False,False
2,final,711,150,105.0,27.0,0.35,0.09,False,False,False
2,final,712,150,300.0,27.0,1.0,0.09,True,False,False
2,final,713,150,300.0,32.0,1.0,0.10666666666666667,True,False,False
2,final,714,150,300.0,28.0,1.0,0.09333333333333334,True,False,False
2,final,715,150,141.0,25.0,0.47,0.08333333333333333,False,False,False
2,final,716,150,300.0,24.0,1.0,0.08,True,False,False
2,final,717,150,300.0,27.0,1.0,0.09,True,False,False
2,final,718,150,300.0,26.0,1.0,0.08666666666666667,True,False,False
2,final,719,150,300.0,27.0,1.0,0.09,True,False,False
2,final,720,150,79.0,23.0,0.2633333333333333,0.07666666666666666,False,False,False
2,final,721,150,64.0,23.0,0.21333333333333335,0.07666666666666666,False,False,False
2,final,722,150,300.0,25.0,1.0,0.08333333333333333,True,False,False
2,final,723,150,300.0,24.0,1.0,0.08,True,False,False
2,final,724,150,75.0,24.0,0.25,0.08,False,False,False
2,final,725,150,300.0,24.0,1.0,0.08,True,False,False
2,final,726,150,218.0,28.0,0.7266666666666667,0.09333333333333334,True,False,False
2,final,727,150,300.0,26.0,1.0,0.08666666666666667,True,False,False
2,final,728,150,70.0,23.0,0.23333333333333334,0.07666666666666666,False,False,False
2,final,729,150,202.0,28.0,0.6733333333333333,0.09333333333333334,True,False,False
2,final,730,150,300.0,30.0,1.0,0.1,True,False,False
2,final,731,150,95.0,28.0,0.31666666666666665,0.09333333333333334,False,False,False
2,final,732,150,300.0,27.0,1.0,0.09,True,False,False
2,final,733,150,109.0,24.0,0.36333333333333334,0.08,False,False,False
2,final,734,150,300.0,29.0,1.0,0.09666666666666666,True,False,False
2,final,735,150,57.0,27.0,0.19,0.09,False,False,False
2,final,736,150,260.0,27.0,0.8666666666666667,0.09,True,False,False
2,final,737,150,102.0,33.0,0.34,0.11,False,False,False
2,final,738,150,300.0,26.0,1.0,0.08666666666666667,True,False,False
2,final,739,150,300.0,26.0,1.0,0.08666666666666667,True,False,False
2,final,740,150,75.0,27.0,0.25,0.09,False,False,False
2,final,741,150,104.0,25.0,0.3466666666666667,0.08333333333333333,False,False,False
2,final,742,150,300.0,36.0,1.0,0.12,True,False,False
2,final,743,150,300.0,25.0,1.0,0.08333333333333333,True,False,False
2,final,744,150,88.0,38.0,0.29333333333333333,0.12666666666666668,False,False,False
2,final,745,150,300.0,23.0,1.0,0.07666666666666666,True,False,False
2,final,746,150,300.0,25.0,1.0,0.08333333333333333,True,False,False
2,final,747,150,131.0,31.0,0.43666666666666665,0.10333333333333333,False,False,False
2,final,748,150,300.0,25.0,1.0,0.08333333333333333,True,False,False
2,final,749,150,300.0,28.0,1.0,0.09333333333333334,True,False,False
2,final,750,150,300.0,26.0,1.0,0.08666666666666667,True,False,False
2,final,751,150,300.0,25.0,1.0,0.08333333333333333,True,False,False
2,final,752,150,27.0,26.0,0.09,0.08666666666666667,False,False,True
2,final,753,150,300.0,22.0,1.0,0.07333333333333333,True,False,False
2,final,754,150,300.0,36.0,1.0,0.12,True,False,False
2,final,755,150,300.0,26.0,1.0,0.08666666666666667,True,False,False
2,final,756,150,20.0,19.0,0.06666666666666667,0.06333333333333334,False,False,True
2,final,757,150,300.0,29.0,1.0,0.09666666666666666,True,False,False
2,final,758,150,300.0,24.0,1.0,0.08,True,False,False
2,final,759,150,300.0,29.0,1.0,0.09666666666666666,True,False,False
2,final,760,150,30.0,29.0,0.1,0.09666666666666666,False,False,True
2,final,761,150,300.0,28.0,1.0,0.09333333333333334,True,False,False
2,final,762,150,300.0,26.0,1.0,0.08666666666666667,True,False,False
2,final,763,150,300.0,28.0,1.0,0.09333333333333334,True,False,False
2,final,764,150,98.0,28.0,0.32666666666666666,0.09333333333333334,False,False,False
2,final,765,150,300.0,30.0,1.0,0.1,True,False,False
2,final,766,150,300.0,28.0,1.0,0.09333333333333334,True,False,False
2,final,767,150,300.0,25.0,1.0,0.08333333333333333,True,False,False
2,final,768,150,300.0,24.0,1.0,0.08,True,False,False
2,final,769,150,300.0,24.0,1.0,0.08,True,False,False
2,final,770,150,300.0,26.0,1.0,0.08666666666666667,True,False,False
2,final,771,150,20.0,19.0,0.06666666666666667,0.06333333333333334,False,False,True
2,final,772,150,300.0,34.0,1.0,0.11333333333333333,True,False,False
2,final,773,150,30.0,29.0,0.1,0.09666666666666666,False,False,True
2,final,774,150,300.0,31.0,1.0,0.10333333333333333,True,False,False
2,final,775,150,300.0,27.0,1.0,0.09,True,False,False
2,final,776,150,300.0,28.0,1.0,0.09333333333333334,True,False,False
2,final,777,150,300.0,25.0,1.0,0.08333333333333333,True,False,False
2,final,778,150,300.0,26.0,1.0,0.08666666666666667,True,False,False
2,final,779,150,300.0,24.0,1.0,0.08,True,False,False
2,final,780,150,300.0,22.0,1.0,0.07333333333333333,True,False,False
2,final,781,150,24.0,23.0,0.08,0.07666666666666666,False,False,True
2,final,782,150,300.0,32.0,1.0,0.10666666666666667,True,False,False
2,final,783,150,300.0,27.0,1.0,0.09,True,False,False
2,final,784,150,300.0,24.0,1.0,0.08,True,False,False
2,final,785,150,300.0,24.0,1.0,0.08,True,False,False
2,final,786,150,300.0,24.0,1.0,0.08,True,False,False
2,final,787,150,20.0,19.0,0.06666666666666667,0.06333333333333334,False,False,True
2,final,788,150,300.0,26.0,1.0,0.08666666666666667,True,False,False
2,final,789,150,300.0,32.0,1.0,0.10666666666666667,True,False,False
2,final,790,150,300.0,26.0,1.0,0.08666666666666667,True,False,False
2,final,791,150,276.0,26.0,0.92,0.08666666666666667,True,False,False
2,final,792,150,300.0,30.0,1.0,0.1,True,False,False
2,final,793,150,300.0,26.0,1.0,0.08666666666666667,True,False,False
2,final,794,150,300.0,26.0,1.0,0.08666666666666667,True,False,False
2,final,795,150,78.0,27.0,0.26,0.09,False,False,False
2,final,796,150,278.0,24.0,0.9266666666666666,0.08,True,False,False
2,final,797,150,300.0,25.0,1.0,0.08333333333333333,True,False,False
2,final,798,150,300.0,27.0,1.0,0.09,True,False,False
2,final,799,150,300.0,30.0,1.0,0.1,True,False,False
2,final,800,150,105.0,27.0,0.35,0.09,False,False,False
2,final,801,150,300.0,29.0,1.0,0.09666666666666666,True,False,False
2,final,802,150,300.0,25.0,1.0,0.08333333333333333,True,False,False
2,final,803,150,131.0,30.0,0.43666666666666665,0.1,False,False,False
2,final,804,150,300.0,29.0,1.0,0.09666666666666666,True,False,False
2,final,805,150,300.0,24.0,1.0,0.08,True,False,False
2,final,806,150,76.0,26.0,0.25333333333333335,0.08666666666666667,False,False,False
2,final,807,150,40.0,39.0,0.13333333333333333,0.13,False,False,True
2,final,808,150,30.0,24.0,0.1,0.08,False,False,False
2,final,809,150,300.0,24.0,1.0,0.08,True,False,False
2,final,810,150,64.0,27.0,0.21333333333333335,0.09,False,False,False
2,final,811,150,300.0,26.0,1.0,0.08666666666666667,True,False,False
2,final,812,150,300.0,32.0,1.0,0.10666666666666667,True,False,False
2,final,813,150,93.0,30.0,0.31,0.1,False,False,False
2,final,814,150,300.0,28.0,1.0,0.09333333333333334,True,False,False
2,final,815,150,300.0,34.0,1.0,0.11333333333333333,True,False,False
2,final,816,150,164.0,29.0,0.5466666666666666,0.09666666666666666,True,False,False
2,final,817,150,300.0,26.0,1.0,0.08666666666666667,True,False,False
2,final,818,150,300.0,26.0,1.0,0.08666666666666667,True,False,False
2,final,819,150,300.0,26.0,1.0,0.08666666666666667,True,False,False
2,final,820,150,300.0,32.0,1.0,0.10666666666666667,True,False,False
2,final,821,150,300.0,26.0,1.0,0.08666666666666667,True,False,False
2,final,822,150,300.0,22.0,1.0,0.07333333333333333,True,False,False
2,final,823,150,125.0,33.0,0.4166666666666667,0.11,False,False,False
2,final,824,150,300.0,25.0,1.0,0.08333333333333333,True,False,False
2,final,825,150,42.0,24.0,0.14,0.08,False,False,False
2,final,826,150,300.0,24.0,1.0,0.08,True,False,False
2,final,827,150,300.0,25.0,1.0,0.08333333333333333,True,False,False
2,final,828,150,300.0,42.0,1.0,0.14,True,False,False
2,final,829,150,300.0,28.0,1.0,0.09333333333333334,True,False,False
2,final,830,150,38.0,27.0,0.12666666666666668,0.09,False,False,False
2,final,831,150,300.0,26.0,1.0,0.08666666666666667,True,False,False
2,final,832,150,300.0,25.0,1.0,0.08333333333333333,True,False,False
2,final,833,150,300.0,25.0,1.0,0.08333333333333333,True,False,False
2,final,834,150,300.0,24.0,1.0,0.08,True,False,False
2,final,835,150,300.0,26.0,1.0,0.08666666666666667,True,False,False
2,final,836,150,68.0,27.0,0.22666666666666666,0.09,False,False,False
2,final,837,150,300.0,30.0,1.0,0.1,True,False,False
2,final,838,150,39.0,38.0,0.13,0.12666666666666668,False,False,True
2,final,839,150,30.0,29.0,0.1,0.09666666666666666,False,False,True
2,final,840,150,300.0,30.0,1.0,0.1,True,False,False
2,final,841,150,300.0,22.0,1.0,0.07333333333333333,True,False,False
2,final,842,150,300.0,29.0,1.0,0.09666666666666666,True,False,False
2,final,843,150,116.0,24.0,0.38666666666666666,0.08,False,False,False
2,final,844,150,120.0,28.0,0.4,0.09333333333333334,False,False,False
2,final,845,150,300.0,23.0,1.0,0.07666666666666666,True,False,False
2,final,846,150,300.0,30.0,1.0,0.1,True,False,False
2,final,847,150,30.0,29.0,0.1,0.09666666666666666,False,False,True
2,final,848,150,83.0,36.0,0.27666666666666667,0.12,False,False,False
2,final,849,150,30.0,29.0,0.1,0.09666666666666666,False,False,True
2,final,850,150,82.0,24.0,0.2733333333333333,0.08,False,False,False
2,final,851,150,41.0,30.0,0.13666666666666666,0.1,False,False,False
2,final,852,150,300.0,23.0,1.0,0.07666666666666666,True,False,False
2,final,853,150,300.0,27.0,1.0,0.09,True,False,False
2,final,854,150,300.0,22.0,1.0,0.07333333333333333,True,False,False
2,final,855,150,300.0,24.0,1.0,0.08,True,False,False
2,final,856,150,300.0,42.0,1.0,0.14,True,False,False
2,final,857,150,300.0,26.0,1.0,0.08666666666666667,True,False,False
2,final,858,150,300.0,26.0,1.0,0.08666666666666667,True,False,False
2,final,859,150,300.0,26.0,1.0,0.08666666666666667,True,False,False
2,final,860,150,20.0,19.0,0.06666666666666667,0.06333333333333334,False,False,True
2,final,861,150,300.0,32.0,1.0,0.10666666666666667,True,False,False
2,final,862,150,300.0,25.0,1.0,0.08333333333333333,True,False,False
2,final,863,150,300.0,26.0,1.0,0.08666666666666667,True,False,False
2,final,864,150,60.0,28.0,0.2,0.09333333333333334,False,False,False
2,final,865,150,70.0,27.0,0.23333333333333334,0.09,False,False,False
2,final,866,150,88.0,38.0,0.29333333333333333,0.12666666666666668,False,False,False
2,final,867,150,300.0,29.0,1.0,0.09666666666666666,True,False,False
2,final,868,150,300.0,25.0,1.0,0.08333333333333333,True,False,False
2,final,869,150,135.0,25.0,0.45,0.08333333333333333,False,False,False
2,final,870,150,300.0,34.0,1.0,0.11333333333333333,True,False,False
2,final,871,150,300.0,26.0,1.0,0.08666666666666667,True,False,False
2,final,872,150,300.0,34.0,1.0,0.11333333333333333,True,False,False
2,final,873,150,79.0,27.0,0.2633333333333333,0.09,False,False,False
2,final,874,150,79.0,26.0,0.2633333333333333,0.08666666666666667,False,False,False
2,final,875,150,300.0,26.0,1.0,0.08666666666666667,True,False,False
2,final,876,150,300.0,26.0,1.0,0.08666666666666667,True,False,False
2,final,877,150,36.0,32.0,0.12,0.10666666666666667,False,False,False
2,final,878,150,300.0,30.0,1.0,0.1,True,False,False
2,final,879,150,300.0,29.0,1.0,0.09666666666666666,True,False,False
2,final,880,150,300.0,31.0,1.0,0.10333333333333333,True,False,False
2,final,881,150,90.0,27.0,0.3,0.09,False,False,False
2,final,882,150,75.0,27.0,0.25,0.09,False,False,False
2,final,883,150,300.0,25.0,1.0,0.08333333333333333,True,False,False
2,final,884,150,69.0,24.0,0.23,0.08,False,False,False
2,final,885,150,37.0,36.0,0.12333333333333334,0.12,False,False,True
2,final,886,150,300.0,25.0,1.0,0.08333333333333333,True,False,False
2,final,887,150,300.0,30.0,1.0,0.1,True,False,False
2,final,888,150,27.0,26.0,0.09,0.08666666666666667,False,False,True
2,final,889,150,88.0,38.0,0.29333333333333333,0.12666666666666668,False,False,False
2,final,890,150,300.0,30.0,1.0,0.1,True,False,False
2,final,891,150,300.0,30.0,1.0,0.1,True,False,False
2,final,892,150,300.0,25.0,1.0,0.08333333333333333,True,False,False
2,final,893,150,300.0,28.0,1.0,0.09333333333333334,True,False,False
2,final,894,150,300.0,26.0,1.0,0.08666666666666667,True,False,False
2,final,895,150,300.0,29.0,1.0,0.09666666666666666,True,False,False
2,final,896,150,139.0,25.0,0.4633333333333333,0.08333333333333333,False,False,False
2,final,897,150,300.0,28.0,1.0,0.09333333333333334,True,False,False
2,final,898,150,300.0,26.0,1.0,0.08666666666666667,True,False,False
2,final,899,150,100.0,35.0,0.3333333333333333,0.11666666666666667,False,False,False
2,final,900,150,300.0,26.0,1.0,0.08666666666666667,True,False,False
2,final,901,150,300.0,25.0,1.0,0.08333333333333333,True,False,False
2,final,902,150,300.0,24.0,1.0,0.08,True,False,False
2,final,903,150,300.0,29.0,1.0,0.09666666666666666,True,False,False
2,final,904,150,300.0,30.0,1.0,0.1,True,False,False
