reference,target,divergence,depth,replicate,iteration,n_reads,n_placed,n_unplaced,theta_len,identity_pct,recall,precision,f1,c_theta,w_theta,u_t
Homo_sapiens,Gorilla_gorilla,same-family,1,1,1,110,106,4,16551,89.69544040842673,0.9689381933438985,0.9628953004913695,0.9659072956491517,15285,589,490
Homo_sapiens,Gorilla_gorilla,same-family,1,1,2,110,106,4,16551,89.69544040842673,0.9689381933438985,0.9628953004913695,0.9659072956491517,15285,589,490
Homo_sapiens,Gorilla_gorilla,same-family,1,2,1,110,107,3,16556,89.49190330908237,0.9689981576774029,0.9607583774250441,0.9648606762184901,15253,623,488
Homo_sapiens,Gorilla_gorilla,same-family,1,2,2,110,107,3,16556,89.49190330908237,0.9689981576774029,0.9607583774250441,0.9648606762184901,15253,623,488
Homo_sapiens,Gorilla_gorilla,same-family,1,0,1,110,104,6,16555,89.47306654148574,0.9690498887829679,0.9603829438810858,0.9646969505251171,15248,629,487
Homo_sapiens,Gorilla_gorilla,same-family,1,0,2,110,104,6,16555,89.47306654148574,0.9690498887829679,0.9603829438810858,0.9646969505251171,15248,629,487
Homo_sapiens,Gorilla_gorilla,same-family,2,0,1,219,212,7,16554,91.10641792795964,0.9692922231931095,0.9784526209677419,0.9738508810434564,15530,342,492
Homo_sapiens,Gorilla_gorilla,same-family,2,0,2,219,212,7,16554,91.10641792795964,0.9692922231931095,0.9784526209677419,0.9738508810434564,15530,342,492
Homo_sapiens,Gorilla_gorilla,same-family,3,1,1,328,321,7,16545,92.3582580115037,0.9696222811017314,0.9914939197278054,0.980436137071651,15736,135,493
Homo_sapiens,Gorilla_gorilla,same-family,3,1,2,328,321,7,16545,92.3582580115037,0.9696222811017314,0.9914939197278054,0.980436137071651,15736,135,493
Homo_sapiens,Gorilla_gorilla,same-family,2,1,1,219,214,5,16547,91.35411163937313,0.9694780117104771,0.9804712107849314,0.9749436231520922,15564,310,490
Homo_sapiens,Gorilla_gorilla,same-family,2,1,2,219,216,3,16546,91.41331142152835,0.969378228667455,0.9812878024193549,0.9752966592567082,15575,297,492
Homo_sapiens,Gorilla_gorilla,same-family,2,1,3,219,216,3,16546,91.41331142152835,0.969378228667455,0.9812878024193549,0.9752966592567082,15575,297,492
Homo_sapiens,Gorilla_gorilla,same-family,2,2,1,219,208,11,16552,91.30970543363455,0.9694723070213694,0.9802822225022049,0.9748472983555208,15561,313,490
Homo_sapiens,Gorilla_gorilla,same-family,2,2,2,219,212,7,16540,91.49298420712734,0.9693350749517945,0.9819167034213345,0.9755853261550018,15584,287,493
Homo_sapiens,Gorilla_gorilla,same-family,2,2,3,219,212,7,16540,91.49298420712734,0.9693350749517945,0.9819167034213345,0.9755853261550018,15584,287,493
Homo_sapiens,Gorilla_gorilla,same-family,3,2,1,328,317,11,16545,92.25757220004697,0.9697063178677197,0.9901719901719902,0.9798322994919111,15717,156,491
Homo_sapiens,Gorilla_gorilla,same-family,3,2,2,328,321,7,16542,92.36323080535337,0.9695606630106599,0.9914933837429112,0.9804043739680365,15735,135,494
Homo_sapiens,Gorilla_gorilla,same-family,3,2,3,328,321,7,16542,92.36323080535337,0.9695606630106599,0.9914933837429112,0.9804043739680365,15735,135,494
Homo_sapiens,Gorilla_gorilla,same-family,3,0,1,328,319,9,16550,92.3013730782772,0.9696708174084576,0.9910534274193549,0.9802455287592696,15730,142,492
Homo_sapiens,Gorilla_gorilla,same-family,3,0,2,328,324,4,16546,92.51892272487238,0.9694435905318168,0.9937606352807714,0.9814515125108926,15768,99,497
Homo_sapiens,Gorilla_gorilla,same-family,3,0,3,328,325,3,16545,92.52435160192465,0.9694435905318168,0.9937606352807714,0.9814515125108926,15768,99,497
Homo_sapiens,Gorilla_gorilla,same-family,3,0,4,328,325,3,16545,92.52435160192465,0.9694435905318168,0.9937606352807714,0.9814515125108926,15768,99,497
Homo_sapiens,Gorilla_gorilla,same-family,4,0,1,437,421,16,16543,92.8923582580115,0.9696728342114936,0.9973533303925893,0.9833183187847535,15827,42,495
Homo_sapiens,Gorilla_gorilla,same-family,4,0,2,437,428,9,16540,92.98039676018313,0.9695226438188494,0.998487331400479,0.9837918400298082,15842,24,498
Homo_sapiens,Gorilla_gorilla,same-family,4,0,3,437,430,7,16540,92.98039676018313,0.9695226438188494,0.998487331400479,0.9837918400298082,15842,24,498
Homo_sapiens,Gorilla_gorilla,same-family,4,0,4,437,430,7,16540,92.98039676018313,0.9695226438188494,0.998487331400479,0.9837918400298082,15842,24,498
Homo_sapiens,Gorilla_gorilla,same-family,4,1,1,437,420,17,16546,92.8160582227961,0.9698270575248374,0.9963457661290323,0.9829075766051338,15814,58,492
Homo_sapiens,Gorilla_gorilla,same-family,4,1,2,437,429,8,16534,92.88818416725394,0.9697136901477531,0.9966603654694391,0.983002392716199,15817,53,494
Homo_sapiens,Gorilla_gorilla,same-family,4,1,3,437,430,7,16534,92.88818416725394,0.9697136901477531,0.9966603654694391,0.983002392716199,15817,53,494
Homo_sapiens,Gorilla_gorilla,same-family,4,1,4,437,430,7,16534,92.88818416725394,0.9697136901477531,0.9966603654694391,0.983002392716199,15817,53,494
Homo_sapiens,Gorilla_gorilla,same-family,4,2,1,437,422,15,16543,92.76281035393555,0.9696895324579703,0.9958412098298677,0.9825913951753295,15804,66,494
Homo_sapiens,Gorilla_gorilla,same-family,4,2,2,437,428,9,16538,92.89739375440244,0.9694927713795638,0.997478885667465,0.9832867350108729,15826,40,498
Homo_sapiens,Gorilla_gorilla,same-family,4,2,3,437,432,5,16529,92.99935396722852,0.9695095818282006,0.9980461363922853,0.9835709183515016,15835,31,498
Homo_sapiens,Gorilla_gorilla,same-family,4,2,4,437,432,5,16529,92.99935396722852,0.9695095818282006,0.9980461363922853,0.9835709183515016,15835,31,498
Homo_sapiens,Gorilla_gorilla,same-family,5,0,1,546,532,14,16544,92.85714285714286,0.9697211155378486,0.9969124133585381,0.9831287867018798,15821,49,494
Homo_sapiens,Gorilla_gorilla,same-family,5,0,2,546,537,9,16541,92.95105059279258,0.9695726705032448,0.9981092834184155,0.98363404863203,15837,30,497
Homo_sapiens,Gorilla_gorilla,same-family,5,0,3,546,540,6,16541,92.95105059279258,0.9695726705032448,0.9981092834184155,0.98363404863203,15837,30,497
Homo_sapiens,Gorilla_gorilla,same-family,5,0,4,546,540,6,16541,92.95105059279258,0.9695726705032448,0.9981092834184155,0.98363404863203,15837,30,497
Homo_sapiens,Gorilla_gorilla,same-family,5,1,1,546,528,18,16544,92.83911486764102,0.969773145309626,0.9965975678911222,0.983002392716199,15817,54,493
Homo_sapiens,Gorilla_gorilla,same-family,5,1,2,546,536,10,16538,93.03240197229397,0.9695356946228666,0.9989285264086726,0.9840126656939745,15849,17,498
Homo_sapiens,Gorilla_gorilla,same-family,5,1,3,546,541,5,16529,93.08157631996241,0.9695356946228666,0.9989285264086726,0.9840126656939745,15849,17,498
Homo_sapiens,Gorilla_gorilla,same-family,5,1,4,546,541,5,16529,93.08157631996241,0.9695356946228666,0.9989285264086726,0.9840126656939745,15849,17,498
Homo_sapiens,Gorilla_gorilla,same-family,5,2,1,546,521,25,16546,92.87516873055931,0.9697879642113004,0.9971016319072522,0.9832551492745969,15825,46,493
Homo_sapiens,Gorilla_gorilla,same-family,5,2,2,546,534,12,16542,92.99295774647888,0.9695301027900147,0.9987394428337325,0.9839180378764358,15846,20,498
Homo_sapiens,Gorilla_gorilla,same-family,5,2,3,546,535,11,16542,92.99295774647888,0.9695301027900147,0.9987394428337325,0.9839180378764358,15846,20,498
Homo_sapiens,Gorilla_gorilla,same-family,5,2,4,546,535,11,16542,92.99295774647888,0.9695301027900147,0.9987394428337325,0.9839180378764358,15846,20,498
Homo_sapiens,Gorilla_gorilla,same-family,6,1,1,655,634,21,16541,93.06134429116524,0.9697803878387472,0.9989287964713296,0.9841388087034796,15853,17,494
Homo_sapiens,Gorilla_gorilla,same-family,6,1,2,655,650,5,16529,93.15792564750103,0.969559902200489,0.9997478885667465,0.984422515980885,15862,4,498
Homo_sapiens,Gorilla_gorilla,same-family,6,1,3,655,654,1,16529,93.15792564750103,0.969559902200489,0.9997478885667465,0.984422515980885,15862,4,498
Homo_sapiens,Gorilla_gorilla,same-family,6,1,4,655,654,1,16529,93.15792564750103,0.969559902200489,0.9997478885667465,0.984422515980885,15862,4,498
Homo_sapiens,Gorilla_gorilla,same-family,6,2,1,655,632,23,16542,92.9674200176108,0.9698101653398653,0.9978577279314473,0.9836340486320302,15837,34,493
Homo_sapiens,Gorilla_gorilla,same-family,6,2,2,655,646,9,16532,93.13523988490222,0.9696154551568136,0.9995588327976302,0.984359483614697,15860,7,497
Homo_sapiens,Gorilla_gorilla,same-family,6,2,3,655,650,5,16531,93.14070941977918,0.9696154551568136,0.9995588327976302,0.984359483614697,15860,7,497
Homo_sapiens,Gorilla_gorilla,same-family,6,2,4,655,650,5,16531,93.14070941977918,0.9696154551568136,0.9995588327976302,0.984359483614697,15860,7,497
Homo_sapiens,Saimiri_boliviensis,same-order,1,0,1,110,32,78,16547,73.91557157809048,0.9512833944473547,0.8035398230088495,0.8711921324058527,12712,3108,651
Homo_sapiens,Saimiri_boliviensis,same-order,1,0,2,110,40,70,16532,74.62478184991274,0.9512086608334569,0.8112312654145324,0.8756612853681014,12828,2985,658
Homo_sapiens,Saimiri_boliviensis,same-order,1,0,3,110,43,67,16530,74.86329261198371,0.9512159065710696,0.8139270128391626,0.8772324471710974,12869,2942,660
Homo_sapiens,Saimiri_boliviensis,same-order,1,0,4,110,44,66,16529,74.98400139624178,0.9512879179275223,0.8151919549680602,0.8779972752043597,12889,2922,660
Homo_sapiens,Saimiri_boliviensis,same-order,1,0,5,110,44,66,16529,74.98400139624178,0.9512879179275223,0.8151919549680602,0.8779972752043597,12889,2922,660
Homo_sapiens,Saimiri_boliviensis,same-order,1,1,1,110,23,87,16555,73.65728900255755,0.9512799339388934,0.800910125142207,0.8696427958686476,12672,3150,649
Homo_sapiens,Saimiri_boliviensis,same-order,1,1,2,110,33,77,16544,74.152665542701,0.9510140172979421,0.8065638042241052,0.8728529391637584,12755,3059,657
Homo_sapiens,Saimiri_boliviensis,same-order,1,1,3,110,34,76,16544,74.28637869891286,0.9510978786751023,0.8080182117111421,0.8737392731375431,12778,3036,657
Homo_sapiens,Saimiri_boliviensis,same-order,1,1,4,110,35,75,16542,74.40265100866229,0.9510292041316787,0.8093852770048064,0.8745088660357374,12798,3014,659
Homo_sapiens,Saimiri_boliviensis,same-order,1,1,5,110,35,75,16542,74.40265100866229,0.9510292041316787,0.8093852770048064,0.8745088660357374,12798,3014,659
Homo_sapiens,Gorilla_gorilla,same-family,6,0,1,655,644,11,16541,93.07895509245671,0.9697859327217125,0.9991178323881538,0.9842333954065798,15856,14,494
Homo_sapiens,Gorilla_gorilla,same-family,6,0,2,655,652,3,16538,93.12632073256633,0.9695654831021207,0.9999369721416866,0.9845170498619256,15865,1,498
Homo_sapiens,Gorilla_gorilla,same-family,6,0,3,655,653,2,16529,93.17554472308686,0.9695654831021207,0.9999369721416866,0.9845170498619256,15865,1,498
Homo_sapiens,Gorilla_gorilla,same-family,6,0,4,655,654,1,16529,93.17554472308686,0.9695654831021207,0.9999369721416866,0.9845170498619256,15865,1,498
Homo_sapiens,Gorilla_gorilla,same-family,6,0,5,655,654,1,16529,93.17554472308686,0.9695654831021207,0.9999369721416866,0.9845170498619256,15865,1,498
Homo_sapiens,Gorilla_gorilla,same-family,7,1,1,764,736,28,16543,92.98544259215778,0.9698175584670014,0.9981097599395123,0.9837602856699271,15841,30,493
Homo_sapiens,Gorilla_gorilla,same-family,7,1,2,764,757,7,16529,93.14617959711047,0.9695561804621592,0.9996218328501197,0.9843594836146972,15860,6,498
Homo_sapiens,Gorilla_gorilla,same-family,7,1,3,764,760,4,16529,93.14617959711047,0.9695561804621592,0.9996218328501197,0.9843594836146972,15860,6,498
Homo_sapiens,Gorilla_gorilla,same-family,7,1,4,764,760,4,16529,93.14617959711047,0.9695561804621592,0.9996218328501197,0.9843594836146972,15860,6,498
Homo_sapiens,Gorilla_gorilla,same-family,7,2,1,764,744,20,16540,93.10911545459881,0.9696210268948655,0.9997479044557888,0.9844540292301487,15863,4,497
Homo_sapiens,Gorilla_gorilla,same-family,7,2,2,764,758,6,16530,93.15832746065304,0.9695617627284396,0.9998109164250599,0.9844540292301487,15863,3,498
Homo_sapiens,Gorilla_gorilla,same-family,7,2,3,764,760,4,16530,93.15832746065304,0.9695617627284396,0.9998109164250599,0.9844540292301487,15863,3,498
Homo_sapiens,Gorilla_gorilla,same-family,7,2,4,764,760,4,16530,93.15832746065304,0.9695617627284396,0.9998109164250599,0.9844540292301487,15863,3,498
Homo_sapiens,Saimiri_boliviensis,same-order,1,2,1,110,36,74,16534,73.6924777473966,0.9508332082269929,0.8008978249873546,0.8694488297069118,12667,3149,655
Homo_sapiens,Saimiri_boliviensis,same-order,1,2,2,110,46,64,16512,74.39017290562963,0.9505318753254481,0.8084271795520689,0.8737392731375432,12778,3028,665
Homo_sapiens,Saimiri_boliviensis,same-order,1,2,3,110,50,60,16510,74.63468591721488,0.9505449692296285,0.8111870412553784,0.875354204363115,12820,2984,667
Homo_sapiens,Saimiri_boliviensis,same-order,1,2,4,110,52,58,16510,74.91995109739769,0.9507239952718676,0.8142875221462921,0.8772324471710974,12869,2935,667
Homo_sapiens,Saimiri_boliviensis,same-order,1,2,5,110,52,58,16510,74.91995109739769,0.9507239952718676,0.8142875221462921,0.8772324471710974,12869,2935,667
Homo_sapiens,Gorilla_gorilla,same-family,8,0,1,873,846,27,16540,93.04373348987379,0.9697155093300703,0.9988026970823618,0.9840442043831875,15850,19,495
Homo_sapiens,Gorilla_gorilla,same-family,8,0,2,873,862,11,16538,93.12632073256633,0.9695654831021207,0.9999369721416866,0.9845170498619256,15865,1,498
Homo_sapiens,Gorilla_gorilla,same-family,8,0,3,873,870,3,16529,93.17554472308686,0.9695654831021207,0.9999369721416866,0.9845170498619256,15865,1,498
Homo_sapiens,Gorilla_gorilla,same-family,8,0,4,873,870,3,16529,93.17554472308686,0.9695654831021207,0.9999369721416866,0.9845170498619256,15865,1,498
Homo_sapiens,Saimiri_boliviensis,same-order,2,0,1,220,76,144,16526,75.99930179787049,0.9518326896451214,0.8261859582542694,0.8845698032709172,13062,2748,661
Homo_sapiens,Saimiri_boliviensis,same-order,2,0,2,220,107,113,16506,78.04295942720763,0.9522017045454545,0.8486517280668439,0.8974496284891893,13407,2391,673
Homo_sapiens,Saimiri_boliviensis,same-order,2,0,3,220,117,103,16502,78.48992897892653,0.9522565152906278,0.8536245647356758,0.9002470454697202,13483,2312,676
Homo_sapiens,Saimiri_boliviensis,same-order,2,0,4,220,120,100,16502,78.51903597624869,0.9522733691047727,0.8539411206077873,0.9004305884709102,13488,2307,676
Homo_sapiens,Saimiri_boliviensis,same-order,2,0,5,220,120,100,16502,78.51903597624869,0.9522733691047727,0.8539411206077873,0.9004305884709102,13488,2307,676
Homo_sapiens,Gorilla_gorilla,same-family,7,0,1,764,743,21,16541,92.98544259215778,0.9696988246816847,0.9982355535950596,0.9837602856699271,15841,28,495
Homo_sapiens,Gorilla_gorilla,same-family,7,0,2,764,754,10,16538,93.11458088753228,0.9695617627284396,0.9998109164250599,0.9844540292301487,15863,3,498
Homo_sapiens,Gorilla_gorilla,same-family,7,0,3,764,760,4,16529,93.1637986726963,0.9695617627284396,0.9998109164250599,0.9844540292301487,15863,3,498
Homo_sapiens,Gorilla_gorilla,same-family,7,0,4,764,761,3,16529,93.1637986726963,0.9695617627284396,0.9998109164250599,0.9844540292301487,15863,3,498
Homo_sapiens,Gorilla_gorilla,same-family,7,0,5,764,761,3,16529,93.1637986726963,0.9695617627284396,0.9998109164250599,0.9844540292301487,15863,3,498
Homo_sapiens,Gorilla_gorilla,same-family,8,1,1,873,845,28,16539,93.07895509245671,0.9696673189823874,0.999243761028485,0.9842333954065798,15856,12,496
Homo_sapiens,Gorilla_gorilla,same-family,8,1,2,873,859,14,16538,93.0911011974642,0.9695543192516966,0.9995588049918064,0.9843279644974087,15859,7,498
Homo_sapiens,Gorilla_gorilla,same-family,8,1,3,873,860,13,16538,93.0911011974642,0.9695543192516966,0.9995588049918064,0.9843279644974087,15859,7,498
Homo_sapiens,Gorilla_gorilla,same-family,8,1,4,873,860,13,16538,93.0911011974642,0.9695543192516966,0.9995588049918064,0.9843279644974087,15859,7,498
Homo_sapiens,Gorilla_gorilla,same-family,8,2,1,873,850,23,16541,93.07895509245671,0.9697859327217125,0.9991178323881538,0.9842333954065798,15856,14,494
Homo_sapiens,Gorilla_gorilla,same-family,8,2,2,873,860,13,16531,93.16460156204123,0.9695654831021207,0.9999369721416866,0.9845170498619256,15865,1,498
Homo_sapiens,Gorilla_gorilla,same-family,8,2,3,873,865,8,16529,93.17554472308686,0.9695654831021207,0.9999369721416866,0.9845170498619256,15865,1,498
Homo_sapiens,Gorilla_gorilla,same-family,8,2,4,873,865,8,16529,93.17554472308686,0.9695654831021207,0.9999369721416866,0.9845170498619256,15865,1,498
Homo_sapiens,Saimiri_boliviensis,same-order,2,1,1,220,56,164,16532,75.87109534058519,0.9519048314114728,0.8248798380976473,0.8838517313817171,13043,2769,659
Homo_sapiens,Saimiri_boliviensis,same-order,2,1,2,220,97,123,16504,77.72732564908604,0.9519463852844717,0.8452237766664557,0.8954162894410356,13352,2445,674
Homo_sapiens,Saimiri_boliviensis,same-order,2,1,3,220,111,109,16498,78.42589358481779,0.9519502543810062,0.8531441960610474,0.8998430351000234,13472,2319,680
Homo_sapiens,Saimiri_boliviensis,same-order,2,1,4,220,119,101,16494,78.9498195366166,0.9519865225326407,0.8590612529296257,0.9031398794659209,13562,2225,684
Homo_sapiens,Saimiri_boliviensis,same-order,2,1,5,220,122,98,16491,79.15574963609897,0.9520974858183346,0.8611515804142649,0.9043437770238808,13595,2192,684
Homo_sapiens,Saimiri_boliviensis,same-order,2,1,6,220,123,97,16491,79.19650655021834,0.9521209575808484,0.8615949832140368,0.9045988095633957,13602,2185,684
Homo_sapiens,Saimiri_boliviensis,same-order,2,2,1,220,68,152,16532,75.46247818499127,0.9517241379310345,0.8203376968317208,0.8811602078592535,12972,2841,658
Homo_sapiens,Saimiri_boliviensis,same-order,2,2,2,220,106,114,16504,77.28304522437577,0.9514869222500896,0.8406989996201089,0.8926686611314666,13278,2516,677
Homo_sapiens,Saimiri_boliviensis,same-order,2,2,3,220,120,100,16487,77.79006811433894,0.9508966695132366,0.8467144033964894,0.8957865451010626,13362,2419,690
Homo_sapiens,Saimiri_boliviensis,same-order,2,2,4,220,121,99,16480,77.89295905887835,0.9508744490260201,0.8475918884664132,0.8962675065335387,13375,2405,691
Homo_sapiens,Saimiri_boliviensis,same-order,2,2,5,220,122,98,16478,77.96866810319725,0.950784745401605,0.8485232602357713,0.8967480491644061,13388,2390,693
Homo_sapiens,Saimiri_boliviensis,same-order,2,2,6,220,122,98,16478,77.96866810319725,0.950784745401605,0.8485232602357713,0.8967480491644061,13388,2390,693
Homo_sapiens,Saimiri_boliviensis,same-order,3,0,1,330,89,241,16518,76.079869600652,0.9519265787748561,0.8265764341281386,0.8848341232227487,13069,2742,660
Homo_sapiens,Saimiri_boliviensis,same-order,3,0,2,330,154,176,16492,78.55437125050965,0.9522027675797797,0.8539318728631126,0.9003938847720142,13487,2307,677
Homo_sapiens,Saimiri_boliviensis,same-order,3,0,3,330,170,160,16480,79.36378466557912,0.9521878931916679,0.8628618483562425,0.905326820190742,13622,2165,684
Homo_sapiens,Saimiri_boliviensis,same-order,3,0,4,330,177,153,16473,79.56412796457083,0.9520290057174732,0.8651080276246594,0.9064896265560166,13654,2129,688
Homo_sapiens,Saimiri_boliviensis,same-order,3,0,5,330,178,152,16471,79.7039799545481,0.9519766146993318,0.8667384829858691,0.9073601114464824,13678,2103,690
Homo_sapiens,Saimiri_boliviensis,same-order,3,0,6,330,179,151,16471,79.78556028203485,0.952023362536504,0.8676256257524871,0.9078672545834301,13692,2089,690
Homo_sapiens,Saimiri_boliviensis,same-order,3,2,1,330,104,226,16521,76.77355525810394,0.9522159665078678,0.8344613827566576,0.8894582476485857,13192,2617,662
Homo_sapiens,Saimiri_boliviensis,same-order,3,2,2,330,161,169,16485,78.79070309314382,0.9519988738738738,0.8566723668376718,0.9018235156849017,13526,2263,682
Homo_sapiens,Saimiri_boliviensis,same-order,3,2,3,330,187,143,16463,79.92539053392399,0.9518917042693509,0.8690581822791228,0.9085909286684557,13712,2066,693
Homo_sapiens,Saimiri_boliviensis,same-order,3,2,4,330,195,135,16459,80.35558146313028,0.9519370209239694,0.873851030110935,0.9112242199894236,13785,1990,696
Homo_sapiens,Saimiri_boliviensis,same-order,3,2,5,330,195,135,16459,80.35558146313028,0.9519370209239694,0.873851030110935,0.9112242199894236,13785,1990,696
Homo_sapiens,Saimiri_boliviensis,same-order,3,1,1,330,106,224,16524,76.77625836485306,0.9522915914832191,0.8345351043643264,0.8895331198381933,13194,2616,661
Homo_sapiens,Saimiri_boliviensis,same-order,3,1,2,330,158,172,16490,78.97955617683033,0.952314066999087,0.8586626139817629,0.9030668309413605,13560,2232,679
Homo_sapiens,Saimiri_boliviensis,same-order,3,1,3,330,179,151,16479,80.06176076443512,0.9525823223570191,0.8703996959523659,0.9096385542168675,13741,2046,684
Homo_sapiens,Saimiri_boliviensis,same-order,3,1,4,330,194,136,16468,80.60980586486329,0.9527976846747519,0.8759026985936906,0.9127335137632847,13827,1959,685
Homo_sapiens,Saimiri_boliviensis,same-order,3,1,5,330,201,129,16468,80.91878971608465,0.9529694473051836,0.8792601038895224,0.914632137326612,13880,1906,685
Homo_sapiens,Saimiri_boliviensis,same-order,3,1,6,330,205,125,16468,81.13449542354107,0.9530886179975346,0.8816039528696313,0.9159536659207582,13917,1869,685
Homo_sapiens,Saimiri_boliviensis,same-order,4,0,1,440,147,293,16515,77.76872490251993,0.9523911339177535,0.8455989369107132,0.8958235570154858,13363,2440,668
Homo_sapiens,Saimiri_boliviensis,same-order,4,0,2,440,237,203,16468,80.23777609417799,0.9522096963828757,0.8724968314321927,0.9106121234167796,13768,2012,691
Homo_sapiens,Saimiri_boliviensis,same-order,4,0,3,440,257,183,16458,81.11337802389974,0.9522994798795511,0.8821478382147838,0.9158823142236557,13915,1859,697
Homo_sapiens,Saimiri_boliviensis,same-order,4,0,4,440,268,172,16450,81.42815505683474,0.9519558402616873,0.8860205505518204,0.9178055190538765,13969,1797,705
Homo_sapiens,Saimiri_boliviensis,same-order,4,0,5,440,271,169,16450,81.48061789565725,0.9519852891098549,0.8865913992134974,0.9181253899963874,13978,1788,705
Homo_sapiens,Saimiri_boliviensis,same-order,4,0,6,440,271,169,16450,81.48061789565725,0.9519852891098549,0.8865913992134974,0.9181253899963874,13978,1788,705
Homo_sapiens,Saimiri_boliviensis,same-order,4,1,1,440,128,312,16515,77.30764753812129,0.9521863799283155,0.8404834219185017,0.8928547422195335,13283,2521,667
Homo_sapiens,Saimiri_boliviensis,same-order,4,1,2,440,220,220,16464,79.98600827843526,0.9521826636130196,0.8693448232163223,0.9088801298400185,13720,2062,689
Homo_sapiens,Saimiri_boliviensis,same-order,4,1,3,440,251,189,16446,81.08817354793563,0.9519408502772643,0.881793392098421,0.9155254148011589,13905,1864,702
Homo_sapiens,Saimiri_boliviensis,same-order,4,1,4,440,261,179,16444,81.49055283414975,0.952037062270064,0.8862814739646097,0.9179832484808671,13974,1793,704
Homo_sapiens,Saimiri_boliviensis,same-order,4,1,5,440,264,176,16443,81.6013529274551,0.9520342903796435,0.8875428136496257,0.9186580882352942,13993,1773,705
Homo_sapiens,Saimiri_boliviensis,same-order,4,1,6,440,264,176,16443,81.6013529274551,0.9520342903796435,0.8875428136496257,0.9186580882352942,13993,1773,705
Homo_sapiens,Saimiri_boliviensis,same-order,4,2,1,440,137,303,16518,77.49010937863626,0.9521052255343484,0.8429213340927789,0.89419268210809,13319,2482,670
Homo_sapiens,Saimiri_boliviensis,same-order,4,2,2,440,252,188,16445,80.74747828114978,0.9514943318447269,0.878464954012052,0.9135224274406334,13849,1916,706
Homo_sapiens,Saimiri_boliviensis,same-order,4,2,3,440,282,158,16439,82.05621646839282,0.9520297699594046,0.8927166603222941,0.9214196843690655,14071,1691,709
Homo_sapiens,Saimiri_boliviensis,same-order,4,2,4,440,294,146,16437,82.51691159318871,0.9521566516385169,0.8978426395939086,0.924202344796055,14150,1610,711
Homo_sapiens,Saimiri_boliviensis,same-order,4,2,5,440,300,140,16434,82.82881306503354,0.9523202789699571,0.9010786802030457,0.9259911319770476,14201,1559,711
Homo_sapiens,Saimiri_boliviensis,same-order,4,2,6,440,304,136,16434,83.07961504811898,0.9524573721163491,0.9038071065989848,0.927494709425362,14244,1516,711
Homo_sapiens,Saimiri_boliviensis,same-order,5,0,1,550,164,386,16512,77.43437518188696,0.9521219494739855,0.8419187444627262,0.8936356003358521,13304,2498,669
Homo_sapiens,Saimiri_boliviensis,same-order,5,0,2,550,267,283,16460,80.16668609395035,0.9517055282640282,0.8720598491092373,0.9101435849930524,13755,2018,698
Homo_sapiens,Saimiri_boliviensis,same-order,5,0,3,550,302,248,16452,81.16837686567165,0.9521269320202435,0.8827594952761397,0.9161320040798867,13922,1849,700
Homo_sapiens,Saimiri_boliviensis,same-order,5,0,4,550,320,230,16447,81.76888992537313,0.9521384928716904,0.889572497780033,0.919792759706191,14025,1741,705
Homo_sapiens,Saimiri_boliviensis,same-order,5,0,5,550,329,221,16444,82.00478161991953,0.9522616468039004,0.8919827476848915,0.9211370930765703,14063,1703,705
Homo_sapiens,Saimiri_boliviensis,same-order,5,0,6,550,331,219,16444,82.09225027698407,0.9523100859094906,0.89293416212102,0.9216668303381453,14078,1688,705
Homo_sapiens,Saimiri_boliviensis,same-order,5,1,1,550,176,374,16503,78.18795854198207,0.9524079721966097,0.849873417721519,0.8982240208702632,13428,2372,671
Homo_sapiens,Saimiri_boliviensis,same-order,5,1,2,550,302,248,16452,81.17859640941944,0.9518829881757911,0.8833005644700958,0.9163102835712876,13927,1840,704
Homo_sapiens,Saimiri_boliviensis,same-order,5,1,3,550,333,217,16425,82.8268097765852,0.9518669973855333,0.9013521234050657,0.9259210955330941,14199,1554,718
Homo_sapiens,Saimiri_boliviensis,same-order,5,1,4,550,359,191,16418,83.32847226273114,0.9516988674217188,0.907214530674457,0.9289244375081285,14285,1461,725
Homo_sapiens,Saimiri_boliviensis,same-order,5,1,5,550,362,188,16412,83.50250845875627,0.9514756713639989,0.9093450225525698,0.9299334091278221,14314,1427,730
Homo_sapiens,Saimiri_boliviensis,same-order,5,1,6,550,365,185,16409,83.62310385064177,0.9514737121614445,0.9106099110546378,0.93059342942475,14333,1407,731
Homo_sapiens,Saimiri_boliviensis,same-order,5,2,1,550,181,369,16509,77.87543655413272,0.9522419928825623,0.8467721518987342,0.8964154103852597,13379,2421,671
Homo_sapiens,Saimiri_boliviensis,same-order,5,2,2,550,295,255,16456,80.97569505158245,0.9519665616006578,0.8809765377298668,0.9150968251877224,13893,1877,701
Homo_sapiens,Saimiri_boliviensis,same-order,5,2,3,550,329,221,16447,82.24593318173868,0.9524645509790682,0.8946533899917549,0.9226542826307356,14106,1661,704
Homo_sapiens,Saimiri_boliviensis,same-order,5,2,4,550,354,196,16434,82.92398343153842,0.9526171168152269,0.9016747018523218,0.9264461463255662,14214,1550,707
Homo_sapiens,Saimiri_boliviensis,same-order,5,2,5,550,360,190,16432,83.17484394142699,0.9526259521582253,0.9045171932495876,0.9279484509242384,14257,1505,709
Homo_sapiens,Saimiri_boliviensis,same-order,5,2,6,550,364,186,16432,83.54238375824048,0.9528245392241667,0.9085141479507677,0.9301419245883539,14320,1442,709
Homo_sapiens,Saimiri_boliviensis,same-order,6,0,1,659,186,473,16506,78.31605915919413,0.9526845162204278,0.8511042207175853,0.8990341231910698,13450,2353,668
Homo_sapiens,Saimiri_boliviensis,same-order,6,0,2,659,339,320,16439,81.9581316694851,0.9519133084998307,0.8917581371740372,0.9208543536657275,14055,1706,710
Homo_sapiens,Saimiri_boliviensis,same-order,6,0,3,659,404,255,16430,83.14469078179697,0.9525432791925673,0.9041938963263753,0.9277390794870126,14251,1510,710
Homo_sapiens,Saimiri_boliviensis,same-order,6,0,4,659,435,224,16414,83.78378378378379,0.9524220305242203,0.9110702043925353,0.9312873085907085,14353,1401,717
Homo_sapiens,Saimiri_boliviensis,same-order,6,0,5,659,439,220,16410,84.06795493023527,0.9524439447053377,0.9141696292534282,0.9329143856693984,14400,1352,719
Homo_sapiens,Saimiri_boliviensis,same-order,6,0,6,659,448,211,16406,84.44068192433443,0.9524530786960816,0.9183440218426566,0.9350876058705632,14463,1286,722
Homo_sapiens,Saimiri_boliviensis,same-order,6,1,1,659,192,467,16505,77.9783393501805,0.9524215916364412,0.8474876597899,0.8968958242641396,13392,2410,669
Homo_sapiens,Saimiri_boliviensis,same-order,6,1,2,659,347,312,16446,81.7890255991603,0.9522710299409328,0.8895230847285642,0.919828179820966,14026,1742,703
Homo_sapiens,Saimiri_boliviensis,same-order,6,1,3,659,423,236,16413,83.87887274636793,0.9519268970997219,0.9130517624642743,0.9320841572924433,14376,1369,726
Homo_sapiens,Saimiri_boliviensis,same-order,6,1,4,659,448,211,16402,84.43354929084224,0.9518984010001974,0.9190597204574333,0.935190871771665,14466,1274,731
Homo_sapiens,Saimiri_boliviensis,same-order,6,1,5,659,461,198,16393,85.00116767865484,0.9519419380149078,0.9252033553634977,0.9383822107637769,14559,1177,735
Homo_sapiens,Saimiri_boliviensis,same-order,6,1,6,659,478,181,16388,85.46155193554037,0.9519380853277836,0.9303966437833715,0.941044104410441,14637,1095,739
Homo_sapiens,Saimiri_boliviensis,same-order,6,2,1,659,187,472,16497,78.26441467676179,0.9523067110764651,0.8506140017723762,0.8985923969373767,13438,2360,673
Homo_sapiens,Saimiri_boliviensis,same-order,6,2,2,659,351,308,16438,81.3987400839944,0.951845031034718,0.8851887091658738,0.9173075658975876,13955,1810,706
Homo_sapiens,Saimiri_boliviensis,same-order,6,2,3,659,396,263,16417,82.69724556489263,0.9517125587642713,0.8996317927882174,0.9249396253508256,14171,1581,719
Homo_sapiens,Saimiri_boliviensis,same-order,6,2,4,659,423,236,16410,83.3819752509923,0.951889118411408,0.9070417169344085,0.9289244375081284,14285,1464,722
Homo_sapiens,Saimiri_boliviensis,same-order,6,2,5,659,434,225,16407,83.73518594196976,0.9520743445071358,0.9107244904438377,0.9309404815992732,14343,1406,722
Homo_sapiens,Saimiri_boliviensis,same-order,6,2,6,659,442,217,16404,84.01541245840387,0.9520375760783276,0.913946399085482,0.9326032013479361,14391,1355,725
Homo_sapiens,Saimiri_sciureus,same-order,1,1,1,110,36,74,16563,74.02439024390245,0.9509847806624888,0.8059050388822153,0.8724547414530646,12747,3070,657
Homo_sapiens,Saimiri_sciureus,same-order,1,1,2,110,51,59,16545,75.09727626459144,0.9504593899301728,0.8184177215189874,0.8795102873660943,12931,2869,674
Homo_sapiens,Saimiri_sciureus,same-order,1,1,3,110,53,57,16544,75.28748983621792,0.9505756398034758,0.8204430379746835,0.8807283350884941,12963,2837,674
Homo_sapiens,Saimiri_sciureus,same-order,1,1,4,110,53,57,16544,75.28748983621792,0.9505756398034758,0.8204430379746835,0.8807283350884941,12963,2837,674
Homo_sapiens,Saimiri_sciureus,same-order,1,0,1,110,32,78,16545,73.93805566854553,0.9504033462802509,0.8048070841239722,0.8715665456538119,12724,3086,664
Homo_sapiens,Saimiri_sciureus,same-order,1,0,2,110,45,65,16537,74.7137127245248,0.9507360011835195,0.8130693319838057,0.876530159920892,12853,2955,666
Homo_sapiens,Saimiri_sciureus,same-order,1,0,3,110,46,64,16537,74.82997151659595,0.9508087746510082,0.8143345141700404,0.8772958053634102,12873,2935,666
Homo_sapiens,Saimiri_sciureus,same-order,1,0,4,110,47,63,16534,74.92441860465117,0.950859588283037,0.8152201417004049,0.877831136541671,12887,2921,666
Homo_sapiens,Saimiri_sciureus,same-order,1,0,5,110,47,63,16534,74.92441860465117,0.950859588283037,0.8152201417004049,0.877831136541671,12887,2921,666
Homo_sapiens,Saimiri_sciureus,same-order,1,2,1,110,37,73,16535,74.54228421970357,0.9503519822156354,0.8115034168564921,0.8754565002218506,12825,2979,670
Homo_sapiens,Saimiri_sciureus,same-order,1,2,2,110,41,69,16527,74.78634963083542,0.9502142118481312,0.8141772151898734,0.8769513940963938,12864,2936,674
Homo_sapiens,Saimiri_sciureus,same-order,1,2,3,110,42,68,16527,74.86774024766002,0.9502656434474617,0.8150632911392405,0.8774870536931045,12878,2922,674
Homo_sapiens,Saimiri_sciureus,same-order,1,2,4,110,42,68,16527,74.86774024766002,0.9502656434474617,0.8150632911392405,0.8774870536931045,12878,2922,674
Homo_sapiens,Saimiri_sciureus,same-order,2,0,1,220,80,140,16522,75.98743528590542,0.9512816778327993,0.8265105979120532,0.8845177235331956,13063,2742,669
Homo_sapiens,Saimiri_sciureus,same-order,2,0,2,220,115,105,16476,77.98672566371681,0.9503369989357928,0.8491821985545835,0.8969165355385181,13395,2379,700
Homo_sapiens,Saimiri_sciureus,same-order,2,0,3,220,121,99,16472,78.27859305846727,0.950502050629331,0.8521617852161785,0.8986495520791549,13442,2332,700
Homo_sapiens,Saimiri_sciureus,same-order,2,0,4,220,122,98,16472,78.29606335895645,0.9505125486037469,0.8523519715988335,0.8987599852936261,13445,2329,700
Homo_sapiens,Saimiri_sciureus,same-order,2,0,5,220,122,98,16472,78.29606335895645,0.9505125486037469,0.8523519715988335,0.8987599852936261,13445,2329,700
Homo_sapiens,Saimiri_boliviensis,same-order,7,0,1,769,219,550,16509,78.52360714909472,0.9528115286804182,0.8535088274378283,0.9004305884709103,13488,2315,668
Homo_sapiens,Saimiri_boliviensis,same-order,7,0,2,769,414,355,16446,81.7948568429646,0.9522742701968772,0.8895865043125317,0.9198635976129582,14027,1741,703
Homo_sapiens,Saimiri_boliviensis,same-order,7,0,3,769,492,277,16426,83.31388564760793,0.9523809523809523,0.9062638827187917,0.9287502845435921,14280,1477,714
Homo_sapiens,Saimiri_boliviensis,same-order,7,0,4,769,517,252,16414,83.91220594244352,0.9524913861648555,0.9124666751301257,0.9320495364066653,14375,1379,717
Homo_sapiens,Saimiri_boliviensis,same-order,7,0,5,769,537,232,16409,84.53590192644484,0.9525720299960532,0.9194285714285715,0.9357069010080125,14481,1269,721
Homo_sapiens,Saimiri_boliviensis,same-order,7,0,6,769,552,217,16404,84.93198668924047,0.9525306095724481,0.9239171853169059,0.9380057384183886,14548,1198,725
Homo_sapiens,Saimiri_boliviensis,same-order,7,1,1,769,239,530,16500,78.39506172839506,0.9524550728739211,0.8520792455218684,0.8994754952727758,13462,2337,672
Homo_sapiens,Saimiri_boliviensis,same-order,7,1,2,769,415,354,16452,81.74506032523168,0.9521384928716904,0.889572497780033,0.919792759706191,14025,1741,705
Homo_sapiens,Saimiri_boliviensis,same-order,7,1,3,769,484,285,16420,83.42377034832838,0.9521209296131051,0.9076942610462163,0.9293769703272774,14298,1454,719
Homo_sapiens,Saimiri_boliviensis,same-order,7,1,4,769,526,243,16402,84.39579684763572,0.952057951926243,0.9183129009718605,0.9348810139679254,14457,1286,728
Homo_sapiens,Saimiri_boliviensis,same-order,7,1,5,769,544,225,16399,85.007006071929,0.9523186604748513,0.9249142421547453,0.9384164222873901,14560,1182,729
Homo_sapiens,Saimiri_boliviensis,same-order,7,1,6,769,563,206,16393,85.41313868613139,0.9523406471775506,0.9293474807802274,0.9407035822239372,14627,1112,732
Homo_sapiens,Saimiri_sciureus,same-order,2,2,1,220,76,144,16529,75.75757575757575,0.9514939002118489,0.8238456672991777,0.8830807823994034,13025,2785,664
Homo_sapiens,Saimiri_sciureus,same-order,2,2,2,220,107,113,16508,77.35179475245796,0.9512770980897188,0.8418919774583676,0.8932482364796775,13296,2497,681
Homo_sapiens,Saimiri_sciureus,same-order,2,2,3,220,115,105,16493,77.96274738067521,0.951210851502024,0.8484195857350985,0.8968796035891253,13394,2393,687
Homo_sapiens,Saimiri_sciureus,same-order,2,2,4,220,119,101,16487,78.1464664105251,0.951044987601842,0.8505353861749985,0.8979864873904608,13424,2359,691
Homo_sapiens,Saimiri_sciureus,same-order,2,2,5,220,119,101,16487,78.1464664105251,0.951044987601842,0.8505353861749985,0.8979864873904608,13424,2359,691
Homo_sapiens,Saimiri_sciureus,same-order,2,1,1,220,52,168,16541,74.6730981577265,0.9507214206437292,0.8128162955465587,0.8763769055008014,12849,2959,666
Homo_sapiens,Saimiri_sciureus,same-order,2,1,2,220,82,138,16504,76.32344386271087,0.9503114587860351,0.8310108943501393,0.8866662161248902,13120,2668,686
Homo_sapiens,Saimiri_sciureus,same-order,2,1,3,220,103,117,16486,77.4687227233052,0.9501141878389952,0.8439302694136291,0.8938798804847753,13313,2462,699
Homo_sapiens,Saimiri_sciureus,same-order,2,1,4,220,108,112,16485,77.70730288041896,0.9501921161235235,0.8465829846582985,0.8954002950248089,13354,2420,700
Homo_sapiens,Saimiri_sciureus,same-order,2,1,5,220,109,111,16485,77.7829502473087,0.9502381460154973,0.8474071256498035,0.8958815053114842,13367,2407,700
Homo_sapiens,Saimiri_sciureus,same-order,2,1,6,220,112,108,16482,77.92457222674892,0.9503158492440912,0.8488018257892734,0.8966949067407829,13389,2385,700
Homo_sapiens,Saimiri_boliviensis,same-order,7,2,1,769,239,530,16503,78.59804378202142,0.9525153460805758,0.854538549183441,0.9008708418137532,13500,2298,673
Homo_sapiens,Saimiri_boliviensis,same-order,7,2,2,769,433,336,16435,82.03557888597258,0.9519458544839255,0.8923926146818095,0.9212077547812417,14065,1696,710
Homo_sapiens,Saimiri_boliviensis,same-order,7,2,3,769,494,275,16419,83.61440158720896,0.952282847079152,0.9096045197740112,0.9304545454545454,14329,1424,718
Homo_sapiens,Saimiri_boliviensis,same-order,7,2,4,769,536,233,16406,84.35000875605627,0.9522240527182867,0.9176933824463356,0.9346398887487469,14450,1296,725
Homo_sapiens,Saimiri_boliviensis,same-order,7,2,5,769,548,221,16397,84.9585425668574,0.952287453367367,0.9242789988565621,0.9380742077947197,14550,1192,729
Homo_sapiens,Saimiri_boliviensis,same-order,7,2,6,769,564,205,16390,85.5232422331231,0.9522725794915144,0.9306093918790113,0.9413163645712818,14645,1092,734
Homo_sapiens,Saimiri_boliviensis,same-order,8,0,1,879,263,616,16507,78.84537042425653,0.9524746906636671,0.8577397910731244,0.9026283353875878,13548,2247,676
Homo_sapiens,Saimiri_boliviensis,same-order,8,0,2,879,472,407,16438,82.1087007231164,0.9519945909398242,0.8933443309434681,0.921737422670289,14080,1681,710
Homo_sapiens,Saimiri_boliviensis,same-order,8,0,3,879,556,323,16423,83.54039078448527,0.9520106347623796,0.9094545685440345,0.9302461518477626,14323,1426,722
Homo_sapiens,Saimiri_boliviensis,same-order,8,0,4,879,592,287,16417,84.19670983549177,0.9521704710383956,0.9166137431728693,0.9340538441625679,14433,1313,725
Homo_sapiens,Saimiri_boliviensis,same-order,8,0,5,879,607,272,16410,84.7065001750496,0.9522466382420466,0.9221241186559106,0.9369433329030594,14517,1226,728
Homo_sapiens,Saimiri_boliviensis,same-order,8,0,6,879,620,259,16409,85.06826934298051,0.9523778416514241,0.9261212044212933,0.9390660225442834,14579,1163,729
Homo_sapiens,Saimiri_boliviensis,same-order,8,1,1,879,289,590,16496,79.02981597950152,0.952551414332842,0.859195948084837,0.9034684774648826,13571,2224,676
Homo_sapiens,Saimiri_boliviensis,same-order,8,1,2,879,516,363,16448,81.93002915451895,0.9524164576696266,0.8910520641765489,0.9207129283795296,14051,1718,702
Homo_sapiens,Saimiri_boliviensis,same-order,8,1,3,879,587,292,16424,83.46070824339303,0.9522731811222792,0.908086835089501,0.9296552620463332,14306,1448,717
Homo_sapiens,Saimiri_boliviensis,same-order,8,1,4,879,631,248,16412,84.09104172745842,0.9522204599524187,0.9149733299466599,0.9332253886010363,14409,1339,723
Homo_sapiens,Saimiri_boliviensis,same-order,8,1,5,879,643,236,16400,84.69578418778465,0.9523340555446129,0.9212448396316291,0.9365315082644629,14505,1240,726
Homo_sapiens,Saimiri_boliviensis,same-order,8,1,6,879,663,216,16392,85.14192267258498,0.9523125163313301,0.9261165110221714,0.9390318528777095,14578,1163,730
Homo_sapiens,Saimiri_sciureus,same-order,3,1,1,330,96,234,16525,76.21844829591718,0.9514302308697546,0.829167984814932,0.8861016261536901,13105,2700,669
Homo_sapiens,Saimiri_sciureus,same-order,3,1,2,330,139,191,16504,77.86956774681482,0.9513148542999289,0.8477420989296346,0.8965471047255433,13385,2404,685
Homo_sapiens,Saimiri_sciureus,same-order,3,1,3,330,160,170,16487,78.56270002909514,0.9508416085639834,0.8557936105476673,0.9008173477898249,13501,2275,698
Homo_sapiens,Saimiri_sciureus,same-order,3,1,4,330,167,163,16476,78.8716814159292,0.9508668491612269,0.8588183086091036,0.9025015822257751,13547,2227,700
Homo_sapiens,Saimiri_sciureus,same-order,3,1,5,330,172,158,16474,79.06380996739637,0.9508472202772721,0.8610195282779609,0.903706661342916,13580,2192,702
Homo_sapiens,Saimiri_sciureus,same-order,3,1,6,330,172,158,16474,79.06380996739637,0.9508472202772721,0.8610195282779609,0.903706661342916,13580,2192,702
Homo_sapiens,Saimiri_sciureus,same-order,3,0,1,330,88,242,16526,76.138147566719,0.9511185357350378,0.828745016138219,0.8857249146065136,13095,2706,673
Homo_sapiens,Saimiri_sciureus,same-order,3,0,2,330,141,189,16489,78.16393060891838,0.9511901388495324,0.850617675007919,0.8980970536102472,13427,2358,689
Homo_sapiens,Saimiri_sciureus,same-order,3,0,3,330,154,176,16472,78.85421518397764,0.9505895564289725,0.8588459099556119,0.9023918981944167,13544,2226,704
Homo_sapiens,Saimiri_sciureus,same-order,3,0,4,330,163,167,16467,79.21518397764322,0.9504715333566189,0.8630510624801776,0.9046542553191489,13606,2159,709
Homo_sapiens,Saimiri_sciureus,same-order,3,0,5,330,169,161,16466,79.42477876106194,0.9505295429208472,0.8653894950520172,0.9059636073847789,13642,2122,710
Homo_sapiens,Saimiri_sciureus,same-order,3,0,6,330,170,160,16463,79.52600011646189,0.950581193011763,0.8663410301953819,0.9065082473200359,13657,2107,710
Homo_sapiens,Saimiri_boliviensis,same-order,8,2,1,879,268,611,16495,78.84805777182459,0.9524446007738304,0.8571699905033239,0.9022992335888037,13539,2256,676
Homo_sapiens,Saimiri_boliviensis,same-order,8,2,2,879,498,381,16442,82.10286913925822,0.9522489009130876,0.8930542340627974,0.9217021276595744,14079,1686,706
Homo_sapiens,Saimiri_boliviensis,same-order,8,2,3,879,583,296,16422,83.863251852284,0.9523651782165099,0.9125825292026409,0.9320495364066654,14375,1377,719
Homo_sapiens,Saimiri_boliviensis,same-order,8,2,4,879,640,239,16403,84.72360049033915,0.9522372392074531,0.921933557771708,0.9368404066483782,14514,1229,728
Homo_sapiens,Saimiri_boliviensis,same-order,8,2,5,879,649,230,16398,85.14128911723493,0.9523280872461307,0.9264341528492472,0.9392026792039673,14583,1158,730
Homo_sapiens,Saimiri_boliviensis,same-order,8,2,6,879,657,222,16395,85.29308734236338,0.952222656759223,0.9282628034057695,0.94009009009009,14609,1129,733
Homo_sapiens,Saimiri_sciureus,same-order,3,2,1,330,105,225,16509,77.45331859694026,0.9512752732728442,0.8431484295845998,0.8939541441471686,13315,2477,682
Homo_sapiens,Saimiri_sciureus,same-order,3,2,2,330,181,149,16470,80.21536670547148,0.9510040714926506,0.8742070540471961,0.9109899190216492,13781,1983,710
Homo_sapiens,Saimiri_sciureus,same-order,3,2,3,330,212,118,16452,81.54231463684548,0.9512808316912414,0.8884940026654821,0.918816039902868,14000,1757,717
Homo_sapiens,Saimiri_sciureus,same-order,3,2,4,330,222,108,16446,81.91985088536812,0.9511700256999864,0.8928390045708482,0.9210819307092803,14064,1688,722
Homo_sapiens,Saimiri_sciureus,same-order,3,2,5,330,223,107,16443,82.02738129915525,0.9512228077286853,0.8938547486033519,0.9216469202068469,14080,1672,722
Homo_sapiens,Saimiri_sciureus,same-order,3,2,6,330,225,105,16443,82.03320710748616,0.9512261028169966,0.8939182326053834,0.9216822124038618,14081,1671,722
Homo_sapiens,Saimiri_sciureus,same-order,4,0,1,440,142,298,16513,77.32456650762248,0.9517977367139379,0.8410227200810075,0.89298793804388,13289,2512,673
Homo_sapiens,Saimiri_sciureus,same-order,4,0,2,440,218,222,16469,80.14093529788597,0.9514623522090853,0.8724955617550089,0.9102695551513146,13761,2011,702
Homo_sapiens,Saimiri_sciureus,same-order,4,0,3,440,246,194,16451,81.13020681619575,0.9512295081967214,0.8836294416243655,0.9161842105263158,13926,1834,714
Homo_sapiens,Saimiri_sciureus,same-order,4,0,4,440,258,182,16441,81.69687081172425,0.9511533242876526,0.8899327155008252,0.9195251524890142,14020,1734,720
Homo_sapiens,Saimiri_sciureus,same-order,4,0,5,440,262,178,16438,81.96969696969697,0.9511766296997566,0.8929659725749112,0.9211525867714474,14066,1686,722
Homo_sapiens,Saimiri_sciureus,same-order,4,0,6,440,262,178,16438,81.96969696969697,0.9511766296997566,0.8929659725749112,0.9211525867714474,14066,1686,722
Homo_sapiens,Saimiri_sciureus,same-order,4,1,1,440,125,315,16513,77.40152440798278,0.9517779208700007,0.8419620253164557,0.8935084125331633,13303,2497,674
Homo_sapiens,Saimiri_sciureus,same-order,4,1,2,440,206,234,16454,80.2424525002914,0.9513543394140409,0.8730500951173114,0.9105217908868463,13768,2002,704
Homo_sapiens,Saimiri_sciureus,same-order,4,1,3,440,242,198,16436,81.4402332361516,0.9513657107826442,0.8862309644670051,0.9176439670181663,13967,1793,714
Homo_sapiens,Saimiri_sciureus,same-order,4,1,4,440,255,185,16434,81.7773631115517,0.9514892462175182,0.8899041817374199,0.9196668634008787,14024,1735,715
Homo_sapiens,Saimiri_sciureus,same-order,4,1,5,440,257,183,16432,81.92314420665927,0.9514425030475416,0.8916037316748112,0.9205517151000885,14049,1708,717
Homo_sapiens,Saimiri_sciureus,same-order,4,1,6,440,258,182,16432,81.9697941570937,0.9514687965344524,0.8921114425334772,0.9208345615931348,14057,1700,717
Homo_sapiens,Saimiri_sciureus,same-order,4,2,1,440,135,305,16517,77.44487753796032,0.9519450800915332,0.8424250094924693,0.8938427449137178,13312,2490,672
Homo_sapiens,Saimiri_sciureus,same-order,4,2,2,440,252,188,16463,80.68387021611231,0.9516317416695294,0.8783132530120482,0.9135037098103874,13851,1919,704
Homo_sapiens,Saimiri_sciureus,same-order,4,2,3,440,286,154,16448,81.88494492044063,0.9519582599268194,0.891151284490961,0.9205517151000885,14049,1716,709
Homo_sapiens,Saimiri_sciureus,same-order,4,2,4,440,299,141,16438,82.37626071241182,0.9518356348939037,0.8966304968589377,0.9234087047444779,14130,1629,715
Homo_sapiens,Saimiri_sciureus,same-order,4,2,5,440,305,135,16438,82.46953885617677,0.9518874907475944,0.8976457897074688,0.9239712606139777,14146,1613,715
Homo_sapiens,Saimiri_sciureus,same-order,4,2,6,440,306,134,16438,82.54532734798578,0.9519295414817803,0.8984707151469001,0.9244279045473835,14159,1600,715
Homo_sapiens,Saimiri_sciureus,same-order,5,1,1,550,171,379,16505,77.93031237275318,0.9512887879003054,0.8485558652140867,0.8969903920190151,13397,2391,686
Homo_sapiens,Saimiri_sciureus,same-order,5,1,2,550,287,263,16457,80.85862410438632,0.9513398670413269,0.8805506216696269,0.9145774995882062,13881,1883,710
Homo_sapiens,Saimiri_sciureus,same-order,5,1,3,550,327,223,16444,82.09729099912613,0.9513265375008438,0.8945597663937028,0.9220702741608323,14092,1661,721
Homo_sapiens,Saimiri_sciureus,same-order,5,1,4,550,338,212,16440,82.33614914069327,0.9512047381881814,0.8973903104959045,0.9235142287711962,14133,1616,725
Homo_sapiens,Saimiri_sciureus,same-order,5,1,5,550,340,210,16436,82.57981822419016,0.9511474969802711,0.9001651213006477,0.9249543200208822,14174,1572,728
Homo_sapiens,Saimiri_sciureus,same-order,5,1,6,550,347,203,16431,82.81186272796131,0.9510204081632653,0.9028712997077881,0.9263205917815363,14213,1529,732
Homo_sapiens,Saimiri_sciureus,same-order,5,0,1,550,169,381,16520,77.80039548679773,0.9520318838516831,0.8466455696202532,0.8962513818632541,13377,2423,674
Homo_sapiens,Saimiri_sciureus,same-order,5,0,2,550,276,274,16455,80.93906559478037,0.9513180417665184,0.8814311996447377,0.9150421496311908,13894,1869,711
Homo_sapiens,Saimiri_sciureus,same-order,5,0,3,550,330,220,16438,82.6244027502622,0.9514224369296833,0.9003174603174603,0.9251647419586351,14180,1570,724
Homo_sapiens,Saimiri_sciureus,same-order,5,0,4,550,353,197,16431,83.22358836897617,0.9513722355448974,0.9071392276422764,0.9287293536220574,14282,1462,730
Homo_sapiens,Saimiri_sciureus,same-order,5,0,5,550,362,188,16425,83.8734118195594,0.951533985718064,0.9142367066895368,0.9325125546735784,14391,1350,733
Homo_sapiens,Saimiri_sciureus,same-order,5,0,6,550,381,169,16416,84.4584353503556,0.9515302771574937,0.9206914082358922,0.9358568567921969,14488,1248,738
Homo_sapiens,Aotus_azarai,same-order,1,0,1,111,25,86,16550,73.04730473047304,0.9459398665367024,0.7967664519388657,0.8649686332316341,12616,3218,721
Homo_sapiens,Aotus_azarai,same-order,1,0,2,111,35,76,16544,73.91707204076906,0.9463226571767497,0.8062661865959194,0.8706981820662368,12764,3067,724
Homo_sapiens,Aotus_azarai,same-order,1,0,3,111,39,72,16544,74.18346073662265,0.9465050982710211,0.8091718779609627,0.872467222884386,12810,3021,724
Homo_sapiens,Aotus_azarai,same-order,1,0,4,111,39,72,16544,74.18346073662265,0.9465050982710211,0.8091718779609627,0.872467222884386,12810,3021,724
Homo_sapiens,Saimiri_sciureus,same-order,5,2,1,550,162,388,16515,78.02594078985634,0.9518910097211382,0.8492656368700937,0.8976546555589012,13415,2381,678
Homo_sapiens,Saimiri_sciureus,same-order,5,2,2,550,286,264,16462,81.42840498660142,0.9520501294101621,0.8863665187064046,0.9180349402338106,13978,1792,704
Homo_sapiens,Saimiri_sciureus,same-order,5,2,3,550,320,230,16448,82.22235170726023,0.9518381112984823,0.8953680203045685,0.9227399051822789,14111,1649,714
Homo_sapiens,Saimiri_sciureus,same-order,5,2,4,550,338,212,16433,82.88729520144598,0.951921789205839,0.9022594567149023,0.9264255457803846,14216,1540,718
Homo_sapiens,Saimiri_sciureus,same-order,5,2,5,550,344,206,16432,83.1603498542274,0.9520694259012016,0.9051789794364051,0.9280322748568453,14262,1494,718
Homo_sapiens,Saimiri_sciureus,same-order,5,2,6,550,347,203,16429,83.25947521865889,0.9519333333333333,0.9064305211705707,0.9286248496081684,14279,1474,721
Homo_sapiens,Saimiri_sciureus,same-order,6,0,1,659,187,472,16518,77.86632540282706,0.9521303079877659,0.8471615720524017,0.896584058941728,13386,2415,673
Homo_sapiens,Saimiri_sciureus,same-order,6,0,2,659,341,318,16452,81.40401980774833,0.9514503608879205,0.8865554216103039,0.9178572601569941,13973,1788,713
Homo_sapiens,Saimiri_sciureus,same-order,6,0,3,659,409,250,16433,82.9302406900169,0.95145760898636,0.9036068072136144,0.9269150599270453,14230,1518,726
Homo_sapiens,Saimiri_sciureus,same-order,6,0,4,659,439,220,16426,83.59470646534135,0.9517456524624983,0.9105861433923922,0.9307110635121539,14339,1408,727
Homo_sapiens,Saimiri_sciureus,same-order,6,0,5,659,445,214,16423,83.78126275287121,0.9516588305410237,0.912792174796748,0.9318203922840006,14371,1373,730
Homo_sapiens,Saimiri_sciureus,same-order,6,0,6,659,447,212,16420,83.92700985250393,0.9515500033049111,0.9145543485166127,0.9326854551344347,14396,1345,733
Homo_sapiens,Saimiri_sciureus,same-order,6,1,1,659,209,450,16515,78.26896230805026,0.9520979268378971,0.8518073051845287,0.899164717674574,13456,2341,677
Homo_sapiens,Saimiri_sciureus,same-order,6,1,2,659,337,322,16453,81.43939393939394,0.9518457975752622,0.8863448975708759,0.9179283391901212,13975,1792,707
Homo_sapiens,Saimiri_sciureus,same-order,6,1,3,659,398,261,16433,82.92327425373135,0.9518806050060233,0.9027610282450016,0.9266703586669707,14223,1532,719
Homo_sapiens,Saimiri_sciureus,same-order,6,1,4,659,439,220,16417,83.69501808423755,0.9518975583864119,0.9109784748237983,0.9309886116608806,14347,1402,725
Homo_sapiens,Saimiri_sciureus,same-order,6,1,5,659,452,207,16411,84.14634146341463,0.9520068655928176,0.9157934844732329,0.9335491179802557,14421,1326,727
Homo_sapiens,Saimiri_sciureus,same-order,6,1,6,659,457,202,16407,84.40800606874015,0.9519578808818691,0.9187627032520326,0.9350657745887068,14465,1279,730
Homo_sapiens,Saimiri_sciureus,same-order,6,2,1,659,201,458,16512,78.29881312543635,0.9521720673553135,0.8518799848082036,0.8992382734197515,13458,2340,676
Homo_sapiens,Saimiri_sciureus,same-order,6,2,2,659,352,307,16460,81.48105024160215,0.9512675864881397,0.888240147236149,0.9186741056777157,13996,1761,717
Homo_sapiens,Saimiri_sciureus,same-order,6,2,3,659,403,256,16424,83.1875947300921,0.9513333333333334,0.9063770325203252,0.9283112151964612,14270,1474,730
Homo_sapiens,Saimiri_sciureus,same-order,6,2,4,659,445,214,16413,84.23722883135059,0.9515810276679841,0.9177838490374229,0.9343769203402439,14445,1294,735
Homo_sapiens,Saimiri_sciureus,same-order,6,2,5,659,464,195,16412,84.43459497288156,0.9516860579767304,0.9198805514962831,0.9355130524683382,14478,1261,735
Homo_sapiens,Saimiri_sciureus,same-order,6,2,6,659,469,190,16409,84.64769015398973,0.9517937955007543,0.9220407903932906,0.9366810817788679,14512,1227,735
Homo_sapiens,Aotus_azarai,same-order,1,1,1,111,29,82,16552,73.43406275327081,0.9461475348698442,0.8011747615739279,0.8676470588235294,12685,3148,722
Homo_sapiens,Aotus_azarai,same-order,1,1,2,111,35,76,16533,74.07600509790291,0.9460639242379402,0.8079742196385694,0.8715833958148729,12787,3039,729
Homo_sapiens,Aotus_azarai,same-order,1,1,3,111,40,71,16533,74.27296952844398,0.9461992619926199,0.8101225830911158,0.8728894335511983,12821,3005,729
Homo_sapiens,Aotus_azarai,same-order,1,1,4,111,40,71,16533,74.27296952844398,0.9461992619926199,0.8101225830911158,0.8728894335511983,12821,3005,729
Homo_sapiens,Aotus_azarai,same-order,1,2,1,111,30,81,16551,73.73813382727484,0.9461527035056447,0.8047378395451674,0.8697344166040828,12739,3091,725
Homo_sapiens,Aotus_azarai,same-order,1,2,2,111,42,69,16537,74.80310400741256,0.9464390386869871,0.8162917087967644,0.8765608034744843,12917,2907,731
Homo_sapiens,Aotus_azarai,same-order,1,2,3,111,43,68,16533,74.88415199258573,0.9464821729262757,0.8169868554095046,0.8769799545500798,12928,2896,731
Homo_sapiens,Aotus_azarai,same-order,1,2,4,111,43,68,16533,74.88415199258573,0.9464821729262757,0.8169868554095046,0.8769799545500798,12928,2896,731
Homo_sapiens,Saimiri_sciureus,same-order,7,0,1,769,245,524,16506,78.52778585976142,0.9520953859178778,0.8543842988287432,0.9005972838599886,13495,2300,679
Homo_sapiens,Saimiri_sciureus,same-order,7,0,2,769,413,356,16459,81.29697605313757,0.951968342771372,0.8847812301838934,0.9171459558944358,13953,1817,704
Homo_sapiens,Saimiri_sciureus,same-order,7,0,3,769,465,304,16434,82.73008101649472,0.9515318093450426,0.9011491333883563,0.9256554062866832,14194,1557,723
Homo_sapiens,Saimiri_sciureus,same-order,7,0,4,769,499,270,16426,83.59566281916754,0.9516856915317229,0.9107074812650832,0.9307457649120529,14340,1406,728
Homo_sapiens,Saimiri_sciureus,same-order,7,0,5,769,523,246,16420,84.19241982507289,0.9518755356318808,0.9171112804878049,0.9341700902532915,14439,1305,730
Homo_sapiens,Saimiri_sciureus,same-order,7,0,6,769,536,233,16416,84.54810495626822,0.951818301168439,0.9212198221092758,0.9362691289468587,14500,1240,734
Homo_sapiens,Saimiri_sciureus,same-order,7,1,1,769,246,523,16502,78.72526193247963,0.9522636062803633,0.8562294251709294,0.9016967232241075,13525,2271,678
Homo_sapiens,Saimiri_sciureus,same-order,7,1,2,769,442,327,16445,82.16512264755579,0.9515519568151147,0.895024117796395,0.9224228152799583,14102,1654,718
Homo_sapiens,Saimiri_sciureus,same-order,7,1,3,769,505,264,16432,83.63837724411285,0.9519670934784051,0.911047619047619,0.9310579761866139,14349,1401,724
Homo_sapiens,Saimiri_sciureus,same-order,7,1,4,769,543,226,16413,84.42603826411573,0.9519237093061493,0.9193927459823413,0.9353754685278531,14474,1269,731
Homo_sapiens,Saimiri_sciureus,same-order,7,1,5,769,562,207,16407,84.70066518847007,0.9520561421919066,0.9220605983611764,0.9368183284930623,14516,1227,731
Homo_sapiens,Saimiri_sciureus,same-order,7,1,6,769,566,203,16407,84.89905473217412,0.9521628165695962,0.9242202883821381,0.9379834966477566,14550,1193,731
Homo_sapiens,Aotus_azarai,same-order,2,0,1,221,55,166,16533,75.2085264133457,0.9467006926722566,0.820525783619818,0.8791089745759842,12984,2840,731
Homo_sapiens,Aotus_azarai,same-order,2,0,2,221,81,140,16518,76.57182592571131,0.9470364796101197,0.8354830551340415,0.8877691558332494,13214,2602,739
Homo_sapiens,Aotus_azarai,same-order,2,0,3,221,88,133,16508,77.04300452069086,0.9468623121304937,0.8408501486495035,0.8907129455909943,13293,2516,746
Homo_sapiens,Aotus_azarai,same-order,2,0,4,221,89,132,16507,77.17051118581199,0.9468781112217324,0.8422950404858299,0.8915299631737529,13315,2493,747
Homo_sapiens,Aotus_azarai,same-order,2,0,5,221,89,132,16507,77.17051118581199,0.9468781112217324,0.8422950404858299,0.8915299631737529,13315,2493,747
Homo_sapiens,Saimiri_sciureus,same-order,7,2,1,769,222,547,16507,78.56394739904573,0.9521190325082858,0.8548274770496993,0.9008540165465706,13502,2293,679
Homo_sapiens,Saimiri_sciureus,same-order,7,2,2,769,424,345,16443,81.7948717948718,0.9513997153121398,0.8907787015294789,0.9200917731891183,14036,1721,717
Homo_sapiens,Saimiri_sciureus,same-order,7,2,3,769,497,272,16428,83.05638155209608,0.9516969535008017,0.9043870230461558,0.9274390442397213,14245,1506,723
Homo_sapiens,Saimiri_sciureus,same-order,7,2,4,769,519,250,16422,83.53064676036624,0.9518208399787347,0.9094545685440345,0.9301555346299964,14323,1426,725
Homo_sapiens,Saimiri_sciureus,same-order,7,2,5,769,531,238,16413,84.07910857009509,0.9519154557463673,0.9152800711291756,0.9332383604221979,14412,1334,728
Homo_sapiens,Saimiri_sciureus,same-order,7,2,6,769,538,231,16409,84.48165217898605,0.9518832577400907,0.919895820099098,0.9356162170893233,14481,1261,732
Homo_sapiens,Saimiri_sciureus,same-order,8,0,1,879,263,616,16506,78.86774887996742,0.9521635290812026,0.858291648198569,0.9027939658330282,13555,2238,681
Homo_sapiens,Saimiri_sciureus,same-order,8,0,2,879,509,370,16441,82.78554778554779,0.9518257956448911,0.9016820057124723,0.9260756192959583,14206,1549,719
Homo_sapiens,Saimiri_sciureus,same-order,8,0,3,879,615,264,16410,84.41255396103138,0.951848440994606,0.9191970524710964,0.9352378490175801,14470,1272,732
Homo_sapiens,Saimiri_sciureus,same-order,8,0,4,879,650,229,16403,84.87252785718452,0.9517205285882507,0.9245043213014743,0.9379150280446136,14548,1188,738
Homo_sapiens,Saimiri_sciureus,same-order,8,0,5,879,660,219,16395,85.39830755763057,0.9518636570610811,0.9300241515190034,0.9408171794129939,14633,1101,740
Homo_sapiens,Saimiri_sciureus,same-order,8,0,6,879,665,214,16391,85.57838216411812,0.9517720368687524,0.9321085754243214,0.9418376850692103,14663,1068,743
Homo_sapiens,Saimiri_sciureus,same-order,8,1,1,879,289,590,16504,78.67574329435038,0.9519183386131643,0.8563105566461908,0.9015868782504334,13522,2269,683
Homo_sapiens,Saimiri_sciureus,same-order,8,1,2,879,478,401,16445,81.804406107938,0.9516577395077632,0.8905526299092698,0.9200917731891183,14036,1725,713
Homo_sapiens,Saimiri_sciureus,same-order,8,1,3,879,558,321,16432,83.18955467474936,0.9517204587890103,0.9061587301587302,0.9283809276003382,14272,1478,724
Homo_sapiens,Saimiri_sciureus,same-order,8,1,4,879,612,267,16426,83.73462368098875,0.9518223989396951,0.9121102432209309,0.9315432759347536,14363,1384,727
Homo_sapiens,Saimiri_sciureus,same-order,8,1,5,879,624,255,16423,84.17492711370262,0.9520543428081514,0.9167460468660698,0.9340666450986735,14436,1311,727
Homo_sapiens,Saimiri_sciureus,same-order,8,1,6,879,639,240,16420,84.4198250728863,0.9519989479221462,0.9195884146341463,0.935513052468338,14478,1266,730
Homo_sapiens,Aotus_azarai,same-order,2,1,1,221,61,160,16543,75.35023735093203,0.9468247617662036,0.8225480283114257,0.880321937032904,13016,2808,731
Homo_sapiens,Aotus_azarai,same-order,2,1,2,221,90,131,16513,77.60778859527122,0.9474354439334984,0.846951682266633,0.8943800714595785,13392,2420,743
Homo_sapiens,Aotus_azarai,same-order,2,1,3,221,102,119,16509,78.32386692940767,0.9477522967950066,0.854775458570525,0.8988659416674981,13514,2296,745
Homo_sapiens,Aotus_azarai,same-order,2,1,4,221,107,114,16507,78.80491480236466,0.9479224762967094,0.8601341093117408,0.9018970549217299,13597,2211,747
Homo_sapiens,Aotus_azarai,same-order,2,1,5,221,108,113,16502,78.94523326572008,0.9476173913043479,0.8620427793950133,0.9028067733704477,13622,2180,753
Homo_sapiens,Aotus_azarai,same-order,2,1,6,221,108,113,16501,78.94980874000233,0.9476173913043479,0.8620427793950133,0.9028067733704477,13622,2180,753
Homo_sapiens,Aotus_azarai,same-order,2,2,1,221,65,156,16539,75.38363541606347,0.9469013674716322,0.8226224328593997,0.880397660027728,13018,2807,730
Homo_sapiens,Aotus_azarai,same-order,2,2,2,221,97,124,16524,77.36067663074962,0.9476298609139937,0.844281469305178,0.892975358587716,13354,2463,738
Homo_sapiens,Aotus_azarai,same-order,2,2,3,221,103,118,16523,77.65033020507472,0.9477480025454288,0.8474962063732928,0.8948229246637069,13404,2412,739
Homo_sapiens,Aotus_azarai,same-order,2,2,4,221,106,115,16519,77.94577685088635,0.9476686857303845,0.8509359979762205,0.8967010996334553,13455,2357,743
Homo_sapiens,Aotus_azarai,same-order,2,2,5,221,111,110,16519,78.0848105665624,0.9477569962030656,0.8524538325322539,0.8975827395618299,13479,2333,743
Homo_sapiens,Aotus_azarai,same-order,2,2,6,221,111,110,16519,78.0848105665624,0.9477569962030656,0.8524538325322539,0.8975827395618299,13479,2333,743
Homo_sapiens,Saimiri_sciureus,same-order,8,2,1,879,234,645,16501,78.72526193247963,0.952196564348071,0.8562836340614118,0.9016967232241074,13525,2270,679
Homo_sapiens,Saimiri_sciureus,same-order,8,2,2,879,460,419,16445,82.00256440144538,0.9517689237637827,0.8927098534356958,0.9212938711367208,14070,1691,713
Homo_sapiens,Saimiri_sciureus,same-order,8,2,3,879,539,340,16433,83.1137794357659,0.9517420905086104,0.905275855501238,0.9279276347899652,14259,1492,723
Homo_sapiens,Saimiri_sciureus,same-order,8,2,4,879,579,300,16429,83.57721681338542,0.951925630810093,0.9102222222222223,0.9306069457968192,14336,1414,724
Homo_sapiens,Saimiri_sciureus,same-order,8,2,5,879,593,286,16425,84.14762126865672,0.9520448548812664,0.9165555343875024,0.9339631798621671,14433,1314,727
Homo_sapiens,Saimiri_sciureus,same-order,8,2,6,879,618,261,16420,84.58398927176258,0.9520278251739074,0.9214889157085688,0.9365094735483037,14507,1236,731
Homo_sapiens,Aotus_azarai,same-order,3,0,1,332,95,237,16527,76.93065291698048,0.947620067080568,0.8393274761393085,0.8901923979352416,13279,2542,734
Homo_sapiens,Aotus_azarai,same-order,3,0,2,332,164,168,16498,80.21684930712588,0.9486423477783873,0.8753005187903328,0.9104968739717013,13835,1971,749
Homo_sapiens,Aotus_azarai,same-order,3,0,3,332,193,139,16488,81.57772621809745,0.949244060475162,0.8899576029867746,0.9186452856069761,14064,1739,752
Homo_sapiens,Aotus_azarai,same-order,3,0,4,332,207,125,16484,82.19424460431655,0.9495944768416114,0.8964753527811176,0.922270685502246,14167,1636,752
Homo_sapiens,Aotus_azarai,same-order,3,0,5,332,213,119,16477,82.53148395333992,0.9496494156928214,0.9000063287133726,0.9241616844294256,14221,1580,754
Homo_sapiens,Aotus_azarai,same-order,3,0,6,332,217,115,16476,82.61273286518484,0.9496330887258172,0.9009493670886076,0.9246508606690484,14235,1565,755
Homo_sapiens,Aotus_azarai,same-order,3,1,1,332,80,252,16537,76.16841373718654,0.9474139173029823,0.8310900473933649,0.885447874238395,13152,2673,730
Homo_sapiens,Aotus_azarai,same-order,3,1,2,332,148,184,16502,79.28674978254567,0.9484600443951166,0.8647229951935239,0.9046579330422125,13673,2139,743
Homo_sapiens,Aotus_azarai,same-order,3,1,3,332,182,150,16493,80.68313616330317,0.9487861429350791,0.8803467476588206,0.9132860706314821,13913,1891,751
Homo_sapiens,Aotus_azarai,same-order,3,1,4,332,193,139,16488,81.0647799106884,0.9487544967080703,0.8846835443037975,0.9155995152785511,13978,1822,755
Homo_sapiens,Aotus_azarai,same-order,3,1,5,332,198,134,16488,81.18076900771328,0.9488239680065071,0.8859493670886076,0.9163093640559028,13998,1802,755
Homo_sapiens,Aotus_azarai,same-order,3,1,6,332,198,134,16488,81.18076900771328,0.9488239680065071,0.8859493670886076,0.9163093640559028,13998,1802,755
Homo_sapiens,Aotus_azarai,same-order,3,2,1,332,87,245,16524,76.43275192675436,0.9473533002944767,0.8336493490077108,0.8868717431501092,13190,2632,733
Homo_sapiens,Aotus_azarai,same-order,3,2,2,332,147,185,16505,79.42131508755654,0.9486771020917024,0.8661312760844821,0.9055269073119132,13697,2117,741
Homo_sapiens,Aotus_azarai,same-order,3,2,3,332,172,160,16489,80.77391657481,0.9490150637311703,0.8808122983488328,0.9136426274689939,13923,1884,748
Homo_sapiens,Aotus_azarai,same-order,3,2,4,332,190,142,16483,81.12090972383383,0.9488971835765185,0.8848247057334515,0.9157415594197204,13982,1820,753
Homo_sapiens,Aotus_azarai,same-order,3,2,5,332,196,136,16481,81.37038756091901,0.9489174560216509,0.8876582278481012,0.9172661870503597,14025,1775,755
Homo_sapiens,Aotus_azarai,same-order,3,2,6,332,198,134,16481,81.37038756091901,0.9489174560216509,0.8876582278481012,0.9172661870503597,14025,1775,755
Homo_sapiens,Aotus_azarai,same-order,4,0,1,442,126,316,16522,77.72948539638386,0.9481162083834028,0.8477972315277164,0.8951548318206087,13413,2408,734
Homo_sapiens,Aotus_azarai,same-order,4,0,2,442,236,206,16490,81.55666396009744,0.9492372080464425,0.8898310447383408,0.9185746480713329,14062,1741,752
Homo_sapiens,Aotus_azarai,same-order,4,0,3,442,282,160,16473,83.25597586446972,0.9495136637332098,0.9086879432624113,0.928652321630804,14350,1442,763
Homo_sapiens,Aotus_azarai,same-order,4,0,4,442,315,127,16457,84.56091473678102,0.9496773352454208,0.9230817968700501,0.9361907209870197,14569,1214,772
Homo_sapiens,Aotus_azarai,same-order,4,0,5,442,333,109,16444,85.31034082331766,0.9496509824198552,0.9313514198782962,0.9404121863799284,14693,1083,779
Homo_sapiens,Aotus_azarai,same-order,4,0,6,442,347,95,16444,85.68774313418103,0.9498616206474867,0.9354716024340771,0.9426116948232365,14758,1018,779
Homo_sapiens,Aotus_azarai,same-order,4,1,1,442,131,311,16523,77.83057132923861,0.9481188677913461,0.8490518331226296,0.895854870443859,13432,2388,735
Homo_sapiens,Aotus_azarai,same-order,4,1,2,442,255,187,16486,81.69112103462274,0.9489995283972242,0.8916318521331814,0.9194216898926276,14086,1712,757
Homo_sapiens,Aotus_azarai,same-order,4,1,3,442,298,144,16477,83.14678420228499,0.9492815996821824,0.9080372411172335,0.9282014761103198,14337,1452,766
Homo_sapiens,Aotus_azarai,same-order,4,1,4,442,315,127,16473,83.74129930394432,0.9495527492765062,0.9144286800101343,0.9316597831698503,14437,1351,767
Homo_sapiens,Aotus_azarai,same-order,4,1,5,442,319,123,16468,84.01021118589,0.9496327387198321,0.9172103629568632,0.9331400032221685,14480,1307,768
Homo_sapiens,Aotus_azarai,same-order,4,1,6,442,320,122,16465,84.10304014852635,0.9494989192375712,0.9183983781044095,0.9336897362403788,14496,1288,771
Homo_sapiens,Aotus_azarai,same-order,4,2,1,442,137,305,16526,77.14765683832474,0.9475631447883316,0.8419522063471994,0.8916412814246979,13318,2500,737
Homo_sapiens,Aotus_azarai,same-order,4,2,2,442,242,200,16495,80.51383169982022,0.948875674936778,0.8782817738976403,0.9122149944148762,13883,1924,748
Homo_sapiens,Aotus_azarai,same-order,4,2,3,442,276,166,16481,81.9626493446236,0.9489021688041361,0.8947701658857794,0.921041483364291,14132,1662,761
Homo_sapiens,Aotus_azarai,same-order,4,2,4,442,296,146,16463,82.86808658812605,0.9489599255665582,0.9044783682776968,0.9261853797755725,14279,1508,768
Homo_sapiens,Aotus_azarai,same-order,4,2,5,442,312,130,16456,83.51227438918228,0.9488954830201121,0.9119138149556401,0.9300371627080303,14390,1390,775
Homo_sapiens,Aotus_azarai,same-order,4,2,6,442,315,127,16456,83.55870233880796,0.9489224279971001,0.9124207858048162,0.9303137014182794,14398,1382,775
Homo_sapiens,Aotus_azarai,same-order,5,0,1,552,165,387,16509,78.5623188405797,0.9481564402154901,0.8569621854053371,0.9002557544757034,13552,2262,741
Homo_sapiens,Aotus_azarai,same-order,5,0,2,552,294,258,16483,81.59299222647638,0.949055330634278,0.8901898734177215,0.918680600914435,14065,1735,755
Homo_sapiens,Aotus_azarai,same-order,5,0,3,552,335,217,16471,83.19308223550577,0.9496522027161312,0.9075656853434632,0.9281320815797993,14335,1460,760
Homo_sapiens,Aotus_azarai,same-order,5,0,4,552,368,184,16457,84.05595217366069,0.9493903238494821,0.9175695368434391,0.9332087508457647,14482,1301,772
Homo_sapiens,Aotus_azarai,same-order,5,0,5,552,374,178,16454,84.31042488971441,0.9494084580691549,0.9204106203662632,0.9346846846846846,14525,1256,774
Homo_sapiens,Aotus_azarai,same-order,5,0,6,552,377,175,16447,84.53721983509465,0.9494587191861223,0.9226235741444867,0.9358488140386965,14559,1221,775
Homo_sapiens,Aotus_azarai,same-order,5,2,1,552,171,381,16525,77.42888592781415,0.9478051202042408,0.844870092926228,0.8933823529411764,13365,2454,736
Homo_sapiens,Aotus_azarai,same-order,5,2,2,552,288,264,16479,81.06368170745853,0.948236092265943,0.8850683890577508,0.915563998427879,13977,1815,763
Homo_sapiens,Aotus_azarai,same-order,5,2,3,552,340,212,16459,83.02576601671309,0.9487400530503979,0.9065390951717146,0.9271596137645001,14307,1475,773
Homo_sapiens,Aotus_azarai,same-order,5,2,4,552,389,163,16452,84.16623135411226,0.9491425579264302,0.9190645202180251,0.9338614116434827,14501,1277,777
Homo_sapiens,Aotus_azarai,same-order,5,2,5,552,408,144,16442,84.98170625471863,0.9495781959766385,0.9274305995690202,0.9383737334872387,14633,1145,777
Homo_sapiens,Aotus_azarai,same-order,5,2,6,552,414,138,16442,85.24304547302398,0.9497250080879974,0.9302826720750412,0.9399033073992251,14678,1100,777
Homo_sapiens,Aotus_azarai,same-order,5,1,1,552,154,398,16514,77.87631136613922,0.9478659611992946,0.8495194739504299,0.8960021339735255,13436,2380,739
Homo_sapiens,Aotus_azarai,same-order,5,1,2,552,301,251,16484,81.62933735638853,0.9493858820353624,0.8900980702309396,0.9187865329980733,14068,1737,750
Homo_sapiens,Aotus_azarai,same-order,5,1,3,552,349,203,16467,83.21434790179349,0.9495330816610371,0.9078072563794086,0.9282014761103198,14337,1456,762
Homo_sapiens,Aotus_azarai,same-order,5,1,4,552,397,155,16451,84.3318239869964,0.9493530257482682,0.920595690747782,0.9347532333826651,14527,1253,775
Homo_sapiens,Aotus_azarai,same-order,5,1,5,552,415,137,16431,85.1408655242521,0.9492260863933683,0.9293640225730772,0.9391900551070101,14657,1114,784
Homo_sapiens,Aotus_azarai,same-order,5,1,6,552,430,122,16430,85.50682544292768,0.9493711705901322,0.9334178820545339,0.9413269384492405,14720,1050,785
Homo_sapiens,Aotus_azarai,same-order,6,0,1,663,194,469,16508,78.43228200371057,0.9481356882534343,0.8553904521024344,0.8993783864641159,13528,2287,740
Homo_sapiens,Aotus_azarai,same-order,6,0,2,663,367,296,16468,82.65436397400185,0.9490904244685814,0.9019694762839592,0.9249301902720956,14243,1548,764
Homo_sapiens,Aotus_azarai,same-order,6,0,3,663,437,226,16458,84.50867723025132,0.9497097384384581,0.922453117080588,0.935883014623172,14560,1224,771
Homo_sapiens,Aotus_azarai,same-order,6,0,4,663,481,182,16430,85.85453700476357,0.9496241084623788,0.9370997400291674,0.9433203548860661,14779,992,784
Homo_sapiens,Aotus_azarai,same-order,6,0,5,663,502,161,16420,86.53108657757117,0.9496237724780002,0.9446241674595623,0.9471173720863676,14892,873,790
Homo_sapiens,Aotus_azarai,same-order,6,0,6,663,514,149,16405,87.07783526129164,0.9494232475598935,0.9506885828520657,0.9500554938956715,14980,777,798
Homo_sapiens,Aotus_azarai,same-order,6,1,1,663,204,459,16516,78.19636026428654,0.9481377371749824,0.8530062590883227,0.8980597064598795,13492,2325,738
Homo_sapiens,Aotus_azarai,same-order,6,1,2,663,364,299,16478,82.34133890242488,0.9491774775979671,0.8986388097499208,0.9232170151874857,14194,1601,760
Homo_sapiens,Aotus_azarai,same-order,6,1,3,663,452,211,16460,84.21083183374935,0.9497839465758806,0.9188624271598682,0.9340673491726226,14507,1281,767
Homo_sapiens,Aotus_azarai,same-order,6,1,4,663,492,171,16445,85.078959591268,0.9495237478131278,0.9288793103448276,0.9390880835656382,14654,1122,779
Homo_sapiens,Aotus_azarai,same-order,6,1,5,663,500,163,16437,85.38823392763807,0.9494995156603164,0.9321625562670386,0.9407511677010684,14703,1070,782
Homo_sapiens,Aotus_azarai,same-order,6,1,6,663,511,152,16434,85.63215053138974,0.9494526722472634,0.9350031705770451,0.9421725239616614,14745,1025,785
Homo_sapiens,Aotus_azarai,same-order,6,2,1,663,198,465,16514,78.49400034780592,0.948382126348228,0.8560500695410292,0.8998538011695907,13541,2277,737
Homo_sapiens,Aotus_azarai,same-order,6,2,2,663,375,288,16475,82.20855335693147,0.9492127303182579,0.8968158511109704,0.9222706855022459,14167,1630,758
Homo_sapiens,Aotus_azarai,same-order,6,2,3,663,436,227,16455,84.03483309143687,0.9494916366021646,0.9170098194488439,0.9329680953915566,14475,1310,770
Homo_sapiens,Aotus_azarai,same-order,6,2,4,663,486,177,16440,85.2107769132505,0.9494080351944103,0.9303873708235593,0.9398014729426833,14675,1098,782
Homo_sapiens,Aotus_azarai,same-order,6,2,5,663,498,165,16426,85.52004648460198,0.9494258805315443,0.9332318813011223,0.9412592332043616,14718,1053,784
Homo_sapiens,Aotus_azarai,same-order,6,2,6,663,499,164,16425,85.52501598001047,0.9494258805315443,0.9332318813011223,0.9412592332043616,14718,1053,784
Homo_sapiens,Varecia_variegata,same-order,1,0,1,114,23,91,16560,69.773470077764,0.9125884433962265,0.7847138601939286,0.8438341227382696,12382,3397,1186
Homo_sapiens,Varecia_variegata,same-order,1,0,2,114,36,78,16557,70.4463480613165,0.9132753707898006,0.7922423627836228,0.8484642796538268,12500,3278,1187
Homo_sapiens,Varecia_variegata,same-order,1,0,3,114,39,75,16556,70.71686203787196,0.913511939429237,0.7953349813018952,0.8503371395656152,12548,3229,1188
Homo_sapiens,Varecia_variegata,same-order,1,0,4,114,42,72,16556,70.83521190261497,0.9136439630733445,0.7966660328326044,0.8511546014762646,12569,3208,1188
Homo_sapiens,Varecia_variegata,same-order,1,0,5,114,42,72,16556,70.83521190261497,0.9136439630733445,0.7966660328326044,0.8511546014762646,12569,3208,1188
Homo_sapiens,Varecia_variegata,same-order,1,2,1,114,20,94,16552,69.56595264937994,0.9121886318279252,0.7822146162134753,0.8422166109329148,12341,3436,1188
Homo_sapiens,Varecia_variegata,same-order,1,2,2,114,30,84,16543,70.51260362036881,0.9131006280122681,0.7926465927099842,0.8486205843428688,12504,3271,1190
Homo_sapiens,Varecia_variegata,same-order,1,2,3,114,32,82,16543,70.62538769525743,0.9132273589033105,0.7939144215530903,0.8494014717352233,12524,3251,1190
Homo_sapiens,Varecia_variegata,same-order,1,2,4,114,32,82,16543,70.62538769525743,0.9132273589033105,0.7939144215530903,0.8494014717352233,12524,3251,1190
Homo_sapiens,Aotus_azarai,same-order,7,0,1,773,214,559,16515,78.33999884078132,0.9482250596323839,0.8545236138332174,0.8989391772804364,13516,2301,738
Homo_sapiens,Aotus_azarai,same-order,7,0,2,773,420,353,16471,82.37888018566869,0.9489373078465446,0.8991197517573302,0.923357070854876,14198,1593,764
Homo_sapiens,Aotus_azarai,same-order,7,0,3,773,497,276,16443,84.18210324603682,0.9490671031096563,0.9188692400329593,0.9337240757439135,14497,1280,778
Homo_sapiens,Aotus_azarai,same-order,7,0,4,773,546,227,16437,85.378317170896,0.9493768967521147,0.932280768499144,0.9407511677010686,14703,1068,784
Homo_sapiens,Aotus_azarai,same-order,7,0,5,773,571,202,16421,86.09190727938186,0.9492665428223689,0.940112922667005,0.9446675591253905,14819,944,792
Homo_sapiens,Aotus_azarai,same-order,7,0,6,773,580,193,16419,86.50281796525478,0.9494897959183674,0.9444902620059633,0.9469834303342557,14888,875,792
Homo_sapiens,Aotus_azarai,same-order,7,1,1,773,218,555,16503,78.4343287909539,0.947995514437903,0.8553721621450705,0.8993052092683089,13526,2287,742
Homo_sapiens,Aotus_azarai,same-order,7,1,2,773,404,369,16472,82.33246301131419,0.9489734501437839,0.8985562310030395,0.923076923076923,14190,1602,763
Homo_sapiens,Aotus_azarai,same-order,7,1,3,773,491,282,16457,84.0290275761974,0.9496129116913791,0.9168303034142016,0.9329337071771568,14474,1313,768
Homo_sapiens,Aotus_azarai,same-order,7,1,4,773,533,240,16443,84.8632642396795,0.9493374902572097,0.9265293185419968,0.9377947451156524,14616,1159,780
Homo_sapiens,Aotus_azarai,same-order,7,1,5,773,543,230,16438,85.0737600185852,0.9494425719471091,0.9285578446909667,0.9388840816588149,14648,1127,780
Homo_sapiens,Aotus_azarai,same-order,7,1,6,773,549,224,16438,85.0737600185852,0.9494425719471091,0.9285578446909667,0.9388840816588149,14648,1127,780
Homo_sapiens,Varecia_variegata,same-order,1,1,1,114,33,81,16552,69.6019844401849,0.9123558971327225,0.7824323467900374,0.842414110743407,12346,3433,1186
Homo_sapiens,Varecia_variegata,same-order,1,1,2,114,43,71,16546,70.04286036544102,0.9128325738644716,0.7871221243424805,0.8453292496171515,12420,3359,1186
Homo_sapiens,Varecia_variegata,same-order,1,1,3,114,46,68,16545,70.47146401985111,0.9132500182708471,0.791988845227532,0.8483079325209599,12496,3282,1187
Homo_sapiens,Varecia_variegata,same-order,1,1,4,114,49,65,16545,70.60117302052785,0.913395593170874,0.7934465711750539,0.8492063492063493,12519,3259,1187
Homo_sapiens,Varecia_variegata,same-order,1,1,5,114,50,64,16545,70.75907963004737,0.9135721566914228,0.7952211940676892,0.8502981837896448,12547,3231,1187
Homo_sapiens,Varecia_variegata,same-order,1,1,6,114,50,64,16545,70.75907963004737,0.9135721566914228,0.7952211940676892,0.8502981837896448,12547,3231,1187
Homo_sapiens,Aotus_azarai,same-order,7,2,1,773,230,543,16510,78.36396312829729,0.948162177328844,0.8546408700050582,0.8989757914338921,13517,2299,739
Homo_sapiens,Aotus_azarai,same-order,7,2,2,773,429,344,16477,82.0976911474649,0.9489706967075706,0.896036469545397,0.9217442277005243,14152,1642,761
Homo_sapiens,Aotus_azarai,same-order,7,2,3,773,508,265,16460,83.983286908078,0.9493571241144056,0.9169359437369321,0.932864924098366,14472,1311,772
Homo_sapiens,Aotus_azarai,same-order,7,2,4,773,552,221,16450,85.01015965166908,0.9497340770527954,0.9279467680608365,0.9387140201294955,14643,1137,775
Homo_sapiens,Aotus_azarai,same-order,7,2,5,773,582,191,16448,85.59071117561683,0.9499355670103092,0.934402332361516,0.9421049268323854,14743,1035,777
Homo_sapiens,Aotus_azarai,same-order,7,2,6,773,588,185,16441,85.80555232895807,0.9500353675004822,0.9363670934212194,0.9431517124708736,14774,1004,777
Homo_sapiens,Aotus_azarai,same-order,8,0,1,883,236,647,16515,78.85373203523412,0.9483551714524673,0.860440116352599,0.9022611232676878,13607,2207,741
Homo_sapiens,Aotus_azarai,same-order,8,0,2,883,508,375,16466,83.3391364902507,0.9493620678257421,0.9095572867186016,0.9290335101565533,14361,1428,766
Homo_sapiens,Aotus_azarai,same-order,8,0,3,883,620,263,16445,85.01015965166908,0.9494261816767166,0.9282408874801902,0.9387140201294956,14643,1132,780
Homo_sapiens,Aotus_azarai,same-order,8,0,4,883,674,209,16430,86.0999825814318,0.949238253744719,0.9408070041872859,0.9450038236043845,14829,933,793
Homo_sapiens,Aotus_azarai,same-order,8,0,5,883,707,176,16418,86.60818033929816,0.9494299726132094,0.9458156208362414,0.9476193503273791,14907,854,794
Homo_sapiens,Aotus_azarai,same-order,8,0,6,883,713,170,16416,86.89286544271438,0.9494667343829355,0.9490449901643505,0.9492558154295325,14956,803,796
Homo_sapiens,Varecia_variegata,same-order,2,0,1,227,33,194,16557,70.21588411025309,0.9132028443662488,0.7893669602686775,0.846781320100605,12457,3324,1184
Homo_sapiens,Varecia_variegata,same-order,2,0,2,227,52,175,16546,71.61788755427733,0.9145243753150428,0.8049182405881607,0.8562278779706726,12700,3078,1187
Homo_sapiens,Varecia_variegata,same-order,2,0,3,227,64,163,16542,72.27047146401985,0.9150303463048911,0.8123613312202853,0.8606447280053728,12815,2960,1190
Homo_sapiens,Varecia_variegata,same-order,2,0,4,227,70,157,16541,72.64113699170943,0.9154228855721394,0.8164817749603803,0.8631261517842185,12880,2895,1190
Homo_sapiens,Varecia_variegata,same-order,2,0,5,227,73,154,16541,72.65805651119508,0.9154409152277411,0.8166719492868463,0.863240418118467,12883,2892,1190
Homo_sapiens,Varecia_variegata,same-order,2,0,6,227,73,154,16541,72.65805651119508,0.9154409152277411,0.8166719492868463,0.863240418118467,12883,2892,1190
Homo_sapiens,Varecia_variegata,same-order,2,1,1,227,38,189,16541,70.6947107251607,0.9131099781500365,0.7948896779102207,0.849908480780964,12537,3235,1193
Homo_sapiens,Varecia_variegata,same-order,2,1,2,227,73,154,16526,72.34258632362898,0.9145506419400856,0.813217479545887,0.8609124785980462,12822,2945,1198
Homo_sapiens,Varecia_variegata,same-order,2,1,3,227,86,141,16519,72.8119180633147,0.914781992201347,0.8185624563852059,0.8640016070711128,12903,2860,1202
Homo_sapiens,Varecia_variegata,same-order,2,1,4,227,90,137,16519,73.00942384741268,0.914992927864215,0.8207828459049673,0.8653312376684613,12938,2825,1202
Homo_sapiens,Varecia_variegata,same-order,2,1,5,227,95,132,16517,73.16742847469105,0.9150317572335921,0.8226635365776284,0.8663927032174,12966,2795,1204
Homo_sapiens,Varecia_variegata,same-order,2,1,6,227,97,130,16517,73.29157496755262,0.9151634723788049,0.8240593870947275,0.8672253196674791,12988,2773,1204
Homo_sapiens,Aotus_azarai,same-order,8,1,1,883,259,624,16504,79.27175740708529,0.9484564689559487,0.8646597520870225,0.9046216958348496,13672,2140,743
Homo_sapiens,Aotus_azarai,same-order,8,1,2,883,515,368,16468,82.94749057151147,0.9490805284471885,0.9054978464656701,0.9267770898836342,14296,1492,767
Homo_sapiens,Aotus_azarai,same-order,8,1,3,883,608,275,16450,84.65869514743441,0.9493588491831022,0.9244469797806935,0.936737315350032,14585,1192,778
Homo_sapiens,Aotus_azarai,same-order,8,1,4,883,645,238,16448,85.28558161133039,0.949589607703742,0.9314104595879557,0.9404121863799283,14693,1082,780
Homo_sapiens,Aotus_azarai,same-order,8,1,5,883,655,228,16435,85.70681844581252,0.9496138996138996,0.9356454476287092,0.9425779253960143,14757,1015,783
Homo_sapiens,Aotus_azarai,same-order,8,1,6,883,671,212,16428,85.99233093190797,0.9496952197625922,0.938494705472069,0.9440617425692053,14801,970,784
Homo_sapiens,Aotus_azarai,same-order,8,2,1,883,264,619,16515,78.87201483885926,0.9486196319018405,0.8602225312934632,0.9022611232676878,13607,2211,737
Homo_sapiens,Aotus_azarai,same-order,8,2,2,883,507,376,16475,82.47578165786878,0.9490054732345481,0.9003862959913875,0.9240568030416274,14218,1573,764
Homo_sapiens,Aotus_azarai,same-order,8,2,3,883,603,280,16453,84.41091120139292,0.9492852946935578,0.9217898339460008,0.9353355413357343,14544,1234,777
Homo_sapiens,Aotus_azarai,same-order,8,2,4,883,653,230,16450,85.2092645266152,0.9497282608695652,0.9303460514640639,0.9399372478709099,14679,1099,777
Homo_sapiens,Aotus_azarai,same-order,8,2,5,883,671,212,16425,85.7856810785681,0.9496301061434544,0.935962465128075,0.942746750965929,14762,1010,783
Homo_sapiens,Aotus_azarai,same-order,8,2,6,883,682,201,16424,86.00069735006973,0.9496887633960085,0.9383678904318052,0.9439943866811252,14799,972,784
Homo_sapiens,Varecia_variegata,same-order,2,2,1,227,40,187,16549,70.80045095828636,0.913388117227838,0.796246988715608,0.8508044030482641,12560,3214,1191
Homo_sapiens,Varecia_variegata,same-order,2,2,2,227,75,152,16533,72.9020979020979,0.9151210533767521,0.8199289610554358,0.8649136892814131,12927,2839,1199
Homo_sapiens,Varecia_variegata,same-order,2,2,3,227,87,140,16525,74.08347433728144,0.9159693165969317,0.8334390862944162,0.8727574750830565,13135,2625,1205
Homo_sapiens,Varecia_variegata,same-order,2,2,4,227,97,130,16523,74.63334837545126,0.9165281241341092,0.8395304568527919,0.8763412372499669,13231,2529,1205
Homo_sapiens,Varecia_variegata,same-order,2,2,5,227,102,125,16520,74.85898014440433,0.9165688238137993,0.8422288506695437,0.8778277549940469,13271,2486,1208
Homo_sapiens,Varecia_variegata,same-order,2,2,6,227,106,121,16515,75.026801331603,0.9167183729748363,0.8438789109602082,0.8787918842112219,13297,2460,1208
Homo_sapiens,Varecia_variegata,same-order,3,0,1,340,49,291,16546,71.08868467046287,0.913695652173913,0.799353366298973,0.8527084601339013,12609,3165,1191
Homo_sapiens,Varecia_variegata,same-order,3,0,2,340,98,242,16535,73.26715921267837,0.9156974695143442,0.8238315682668527,0.8673387635198291,12991,2778,1196
Homo_sapiens,Varecia_variegata,same-order,3,0,3,340,126,214,16525,74.69390058116572,0.9170130229980604,0.839601699752648,0.8766016620865477,13238,2529,1198
Homo_sapiens,Varecia_variegata,same-order,3,0,4,340,132,208,16524,74.99717864800813,0.9173165849955138,0.8429631508847593,0.878569539925965,13291,2476,1198
Homo_sapiens,Varecia_variegata,same-order,3,0,5,340,137,203,16524,75.05924839182937,0.9173793103448276,0.8436608105536881,0.8789771037763902,13302,2465,1198
Homo_sapiens,Varecia_variegata,same-order,3,0,6,340,139,201,16515,75.15524443942644,0.9173787210584344,0.8444120258784726,0.8793843714908515,13313,2453,1199
Homo_sapiens,Varecia_variegata,same-order,3,1,1,340,59,281,16537,71.77014605537698,0.9140989729225023,0.8070898598516076,0.8572679509632225,12727,3042,1196
Homo_sapiens,Varecia_variegata,same-order,3,1,2,340,119,221,16521,74.16060041758365,0.9163296611351276,0.8336187757691088,0.8730195635566479,13142,2623,1200
Homo_sapiens,Varecia_variegata,same-order,3,1,3,340,148,192,16511,75.65614946096969,0.9174537987679672,0.8505615838568437,0.8827422700780401,13404,2355,1206
Homo_sapiens,Varecia_variegata,same-order,3,1,4,340,164,176,16504,76.5791701947502,0.9180483183325439,0.8611146375523676,0.8886705315908421,13566,2188,1211
Homo_sapiens,Varecia_variegata,same-order,3,1,5,340,168,172,16502,76.72029353655094,0.9180626857606052,0.8628110716099543,0.8895797879303573,13591,2161,1213
Homo_sapiens,Varecia_variegata,same-order,3,1,6,340,170,170,16502,76.88964154671183,0.9182283942294728,0.864715591670899,0.8906689334989863,13621,2131,1213
Homo_sapiens,Varecia_variegata,same-order,3,2,1,340,61,279,16542,71.5389387018553,0.914174533400591,0.8042348167871181,0.8556878351488989,12686,3088,1191
Homo_sapiens,Varecia_variegata,same-order,3,2,2,340,120,220,16522,74.28329571106094,0.9165796253742775,0.8348449292826791,0.8738050982474774,13163,2604,1198
Homo_sapiens,Varecia_variegata,same-order,3,2,3,340,155,185,16513,75.93271998645369,0.9178549498533124,0.8535625912061418,0.8845420474718917,13453,2308,1204
Homo_sapiens,Varecia_variegata,same-order,3,2,4,340,167,173,16493,76.50779308786989,0.9176996545417598,0.8601904761904762,0.8880149444499067,13548,2202,1215
Homo_sapiens,Varecia_variegata,same-order,3,2,5,340,169,171,16492,76.60944206008584,0.9177377892030848,0.8613880246364849,0.8886705315908422,13566,2183,1216
Homo_sapiens,Varecia_variegata,same-order,3,2,6,340,172,168,16492,76.71109103230178,0.9178378378378378,0.8625309543463077,0.8893253461651771,13584,2165,1216
Homo_sapiens,Varecia_variegata,same-order,4,0,1,453,87,366,16543,72.38288516827329,0.91479053861499,0.8142558183778299,0.8616004026170105,12840,2929,1196
Homo_sapiens,Varecia_variegata,same-order,4,0,2,453,188,265,16505,75.65782044042913,0.9174883593536017,0.8501903553299492,0.8825582927150571,13399,2361,1205
Homo_sapiens,Varecia_variegata,same-order,4,0,3,453,232,221,16496,77.05427232168068,0.9184786267250085,0.866065761076552,0.891502499264922,13644,2110,1211
Homo_sapiens,Varecia_variegata,same-order,4,0,4,453,250,203,16491,77.74388521719483,0.9190651085141903,0.8736748555830636,0.8957953657901588,13763,1990,1212
Homo_sapiens,Varecia_variegata,same-order,4,0,5,453,258,195,16491,78.01502570185845,0.9193237036543966,0.8767218942423666,0.8975175461398492,13811,1942,1212
Homo_sapiens,Varecia_variegata,same-order,4,0,6,453,260,193,16491,78.06586454273287,0.9193720063863757,0.8772932139909858,0.8978398570732499,13820,1933,1212
Homo_sapiens,Varecia_variegata,same-order,4,1,1,453,69,384,16537,72.0360970107163,0.9145721446473326,0.809789500380421,0.8589972088643777,12772,3000,1193
Homo_sapiens,Varecia_variegata,same-order,4,1,2,453,162,291,16507,74.9167278270197,0.9166896932854379,0.8420585062503966,0.8777906399867703,13270,2489,1206
Homo_sapiens,Varecia_variegata,same-order,4,1,3,453,205,248,16498,76.89571452769465,0.9182173678532902,0.864588623666836,0.890596390269422,13619,2133,1213
Homo_sapiens,Varecia_variegata,same-order,4,1,4,453,226,227,16483,77.71125169453231,0.9184858802323252,0.8738567073170732,0.8956156625329558,13758,1986,1221
Homo_sapiens,Varecia_variegata,same-order,4,1,5,453,232,221,16477,77.93535992767545,0.9186759024910084,0.8760797764227642,0.8968723584108199,13793,1951,1221
Homo_sapiens,Varecia_variegata,same-order,4,1,6,453,236,217,16477,78.04271669115154,0.9187786868888446,0.8772865853658537,0.8975533677746369,13812,1932,1221
Homo_sapiens,Varecia_variegata,same-order,4,2,1,453,87,366,16543,71.84734201476972,0.9142098845133061,0.8082313399708289,0.8579602827330864,12745,3024,1196
Homo_sapiens,Varecia_variegata,same-order,4,2,2,453,169,284,16510,75.07621090662752,0.9169826932358822,0.8437916375864476,0.8788659793814433,13299,2462,1204
Homo_sapiens,Varecia_variegata,same-order,4,2,3,453,204,249,16498,76.59814772983962,0.9180993637471233,0.8609330371310695,0.8885977267516132,13564,2191,1210
Homo_sapiens,Varecia_variegata,same-order,4,2,4,453,222,231,16496,77.359236460157,0.9187738949627742,0.8694934619779103,0.8934546521866745,13698,2056,1211
Homo_sapiens,Varecia_variegata,same-order,4,2,5,453,232,221,16488,77.8298689561681,0.9189063021007002,0.8749126928693886,0.8963700234192037,13779,1970,1216
Homo_sapiens,Varecia_variegata,same-order,4,2,6,453,239,214,16488,77.90894713059195,0.9189819441668332,0.8758016381992507,0.8968723584108199,13793,1956,1216
Homo_sapiens,Varecia_variegata,same-order,5,0,1,566,109,457,16534,72.42779783393502,0.9149209063702437,0.8141525584934374,0.8616004026170107,12840,2931,1194
Homo_sapiens,Varecia_variegata,same-order,5,0,2,566,222,344,16510,75.43750705656542,0.9173474291206151,0.8478522936361906,0.8812318649432866,13363,2398,1204
Homo_sapiens,Varecia_variegata,same-order,5,0,3,566,281,285,16486,77.09345688778393,0.9184168012924071,0.8661207389068749,0.8915024992649221,13644,2109,1212
Homo_sapiens,Varecia_variegata,same-order,5,0,4,566,310,256,16458,78.04795295182086,0.9184189512909237,0.8769299193087235,0.8971950466408816,13802,1937,1226
Homo_sapiens,Varecia_variegata,same-order,5,0,5,566,329,237,16450,78.52254086769614,0.9186685196214678,0.8821809862735129,0.9000551107076864,13882,1854,1229
Homo_sapiens,Varecia_variegata,same-order,5,0,6,566,333,233,16450,78.714859437751,0.9188511059755695,0.8843416370106761,0.9012661507075548,13916,1820,1229
Homo_sapiens,Varecia_variegata,same-order,5,1,1,566,85,481,16542,72.05277104358122,0.9144901610017889,0.8103994927076728,0.8593040847201209,12780,2990,1195
Homo_sapiens,Varecia_variegata,same-order,5,1,2,566,195,371,16513,75.12698950220116,0.9169881510057867,0.8446065989847715,0.8793103448275862,13311,2449,1205
Homo_sapiens,Varecia_variegata,same-order,5,1,3,566,259,307,16484,76.85268865793041,0.9177121273438554,0.8641473483645602,0.8901246279153446,13606,2139,1220
Homo_sapiens,Varecia_variegata,same-order,5,1,4,566,287,279,16475,77.82109962140476,0.9185007336267841,0.8748014990789558,0.8961186843218272,13772,1971,1222
Homo_sapiens,Varecia_variegata,same-order,5,1,5,566,305,261,16464,78.2851975357486,0.918501326259947,0.8802109811896289,0.8989485981308412,13851,1885,1229
Homo_sapiens,Varecia_variegata,same-order,5,1,6,566,314,252,16458,78.50884630603132,0.9184631662478508,0.8828502415458938,0.9003046606598821,13889,1843,1233
Gorilla_gorilla,Homo_sapiens,same-family,1,0,1,111,106,5,16352,89.30079774753636,0.9562814070351758,0.9591129591129591,0.9576950901141761,15224,649,696
Gorilla_gorilla,Homo_sapiens,same-family,1,0,2,111,107,4,16349,89.45917409666824,0.9561755485893417,0.9609955891619407,0.9585795097423003,15251,619,699
Gorilla_gorilla,Homo_sapiens,same-family,1,0,3,111,107,4,16349,89.45917409666824,0.9561755485893417,0.9609955891619407,0.9585795097423003,15251,619,699
Homo_sapiens,Varecia_variegata,same-order,5,2,1,566,113,453,16536,72.72317148818587,0.9150642162775846,0.8178589548452562,0.8637353069220722,12896,2872,1197
Homo_sapiens,Varecia_variegata,same-order,5,2,2,566,253,313,16491,76.11139354911597,0.9174724227155113,0.8553291436551768,0.8853116068201978,13474,2279,1212
Homo_sapiens,Varecia_variegata,same-order,5,2,3,566,314,252,16480,77.8104335047759,0.9190253671562083,0.8739842559674962,0.8959390862944163,13767,1985,1213
Homo_sapiens,Varecia_variegata,same-order,5,2,4,566,336,230,16472,78.52902934026797,0.9194466507810432,0.8820802641605283,0.9003759398496242,13891,1857,1217
Homo_sapiens,Varecia_variegata,same-order,5,2,5,566,343,223,16472,78.67036011080333,0.9195797264256922,0.8836677673355346,0.9012661507075548,13916,1832,1217
Homo_sapiens,Varecia_variegata,same-order,5,2,6,566,346,220,16467,78.80570006785796,0.9196858707846631,0.8849377698755397,0.901977282288599,13936,1812,1217
Gorilla_gorilla,Homo_sapiens,same-family,1,1,1,111,104,7,16355,89.23103994369171,0.9563714088137298,0.9582992125984252,0.9573343401925618,15213,662,694
Gorilla_gorilla,Homo_sapiens,same-family,1,1,2,111,104,7,16355,89.23690539034547,0.9563741513703797,0.9583622047244095,0.9573671459585313,15214,661,694
Gorilla_gorilla,Homo_sapiens,same-family,1,1,3,111,104,7,16355,89.23690539034547,0.9563741513703797,0.9583622047244095,0.9573671459585313,15214,661,694
Homo_sapiens,Varecia_variegata,same-order,6,0,1,679,131,548,16532,72.72675992779783,0.9151110795656185,0.8176168431733147,0.8636211400629645,12893,2876,1196
Homo_sapiens,Varecia_variegata,same-order,6,0,2,679,288,391,16496,76.2765476728423,0.9178901576943991,0.8570159294281906,0.8864091371557977,13504,2253,1208
Homo_sapiens,Varecia_variegata,same-order,6,0,3,679,355,324,16478,78.10874971738639,0.919244329142553,0.877341121198654,0.8978040540540541,13819,1932,1214
Homo_sapiens,Varecia_variegata,same-order,6,0,4,679,407,272,16446,79.3041018387553,0.9193886921159649,0.8907600406710727,0.9048479762442709,14017,1719,1229
Homo_sapiens,Varecia_variegata,same-order,6,0,5,679,426,253,16438,79.86873373316736,0.9194893173527879,0.8974505690126517,0.9083362826163894,14116,1613,1236
Homo_sapiens,Varecia_variegata,same-order,6,0,6,679,437,242,16430,80.07131537242472,0.9195320116997076,0.8995358301011,0.9094240164566727,14147,1580,1238
Homo_sapiens,Varecia_variegata,same-order,6,1,1,679,116,563,16531,72.60575296108291,0.9147953382603752,0.8165038690853735,0.8628594409812991,12873,2893,1199
Homo_sapiens,Varecia_variegata,same-order,6,1,2,679,274,405,16499,75.85836909871244,0.9174293129353913,0.8525641025641025,0.8838081452727153,13433,2323,1209
Homo_sapiens,Varecia_variegata,same-order,6,1,3,679,343,336,16483,77.54237288135593,0.918551733369027,0.8715392430784862,0.8944281524926687,13725,2023,1217
Homo_sapiens,Varecia_variegata,same-order,6,1,4,679,384,295,16471,78.52015148945792,0.9192641122361194,0.8822483328040648,0.9003759398496242,13891,1854,1220
Homo_sapiens,Varecia_variegata,same-order,6,1,5,679,402,277,16458,79.10422439631284,0.9194767632945507,0.8886912325285896,0.9038219235615288,13988,1752,1225
Homo_sapiens,Varecia_variegata,same-order,6,1,6,679,416,263,16458,79.51705027427472,0.9198613110035326,0.8933290978398983,0.9064010829626764,14061,1679,1225
Homo_sapiens,Varecia_variegata,same-order,6,2,1,679,123,556,16534,72.84674826555361,0.9153082919914954,0.8189600507292327,0.8644578313253012,12915,2855,1195
Homo_sapiens,Varecia_variegata,same-order,6,2,2,679,302,377,16503,76.68981873623581,0.9184418746195983,0.8617932609937179,0.8892162639952857,13581,2178,1206
Homo_sapiens,Varecia_variegata,same-order,6,2,3,679,386,293,16485,78.60128799005761,0.9195690965567378,0.8835407670815342,0.9011949868842902,13914,1834,1217
Homo_sapiens,Varecia_variegata,same-order,6,2,4,679,428,251,16457,79.79192581703042,0.9198878821458836,0.896797153024911,0.9081957717926441,14112,1624,1229
Homo_sapiens,Varecia_variegata,same-order,6,2,5,679,451,228,16449,80.25110281642348,0.9200544641120405,0.9019832189168574,0.9109292248435245,14190,1542,1233
Homo_sapiens,Varecia_variegata,same-order,6,2,6,679,454,225,16447,80.4083479441208,0.9201346191185037,0.9037569131015193,0.911872233981143,14217,1514,1234
Gorilla_gorilla,Homo_sapiens,same-family,1,2,1,111,107,4,16355,89.61290322580645,0.9564917991736572,0.9625173239259166,0.9594951017332328,15279,595,695
Gorilla_gorilla,Homo_sapiens,same-family,1,2,2,111,109,2,16350,89.85923753665689,0.9563073466075775,0.965467263217594,0.960865475070555,15321,548,700
Gorilla_gorilla,Homo_sapiens,same-family,1,2,3,111,110,1,16350,89.85923753665689,0.9563073466075775,0.965467263217594,0.960865475070555,15321,548,700
Gorilla_gorilla,Homo_sapiens,same-family,1,2,4,111,110,1,16350,89.85923753665689,0.9563073466075775,0.965467263217594,0.960865475070555,15321,548,700
Gorilla_gorilla,Homo_sapiens,same-family,2,1,1,221,213,8,16355,91.57919427666687,0.9572172847073246,0.983995967487871,0.9704219225750326,15617,254,698
Gorilla_gorilla,Homo_sapiens,same-family,2,1,2,221,214,7,16352,91.70771756978654,0.9571550985432733,0.9854433171592413,0.9710932405998697,15638,231,700
Gorilla_gorilla,Homo_sapiens,same-family,2,1,3,221,214,7,16352,91.70771756978654,0.9571550985432733,0.9854433171592413,0.9710932405998697,15638,231,700
Gorilla_gorilla,Homo_sapiens,same-family,2,0,1,221,210,11,16352,91.50683324535163,0.9572340164437354,0.9829259072580645,0.9699098539011501,15601,271,697
Gorilla_gorilla,Homo_sapiens,same-family,2,0,2,221,212,9,16349,91.57085875175974,0.9571428571428572,0.9836798991808443,0.9702299564947172,15611,259,699
Gorilla_gorilla,Homo_sapiens,same-family,2,0,3,221,214,7,16349,91.57085875175974,0.9571428571428572,0.9836798991808443,0.9702299564947172,15611,259,699
Gorilla_gorilla,Homo_sapiens,same-family,2,0,4,221,214,7,16349,91.57085875175974,0.9571428571428572,0.9836798991808443,0.9702299564947172,15611,259,699
Gorilla_gorilla,Homo_sapiens,same-family,2,2,1,221,209,12,16353,91.13092444861567,0.9571807035918921,0.9787073201461509,0.9678243264289051,15536,338,695
Gorilla_gorilla,Homo_sapiens,same-family,2,2,2,221,212,9,16349,91.28343500703895,0.9570137137937397,0.9805923125393825,0.9686595499673214,15562,308,699
Gorilla_gorilla,Homo_sapiens,same-family,2,2,3,221,212,9,16349,91.28343500703895,0.9570137137937397,0.9805923125393825,0.9686595499673214,15562,308,699
Homo_sapiens,Varecia_variegata,same-order,7,0,1,792,147,645,16531,73.2205301748449,0.9154502503349552,0.8234174806545731,0.8669983637760043,12982,2784,1199
Homo_sapiens,Varecia_variegata,same-order,7,0,2,792,327,465,16484,77.22856174443565,0.918194640338505,0.8681653648313965,0.8924794359576969,13671,2076,1218
Homo_sapiens,Varecia_variegata,same-order,7,0,3,792,432,360,16456,79.19375812743823,0.9192151200945006,0.8902377017922969,0.9044943820224718,14007,1727,1231
Homo_sapiens,Varecia_variegata,same-order,7,0,4,792,476,316,16436,80.4604853764779,0.9197490946714951,0.9045408293055203,0.9120815698345518,14223,1501,1241
Homo_sapiens,Varecia_variegata,same-order,7,0,5,792,507,285,16411,81.4393295962856,0.9200409390392119,0.9152402163538021,0.9176342988388413,14383,1332,1250
Homo_sapiens,Varecia_variegata,same-order,7,0,6,792,539,253,16404,82.10544198425733,0.9203376920147264,0.922915340547422,0.9216247139588101,14499,1211,1255
Homo_sapiens,Varecia_variegata,same-order,7,1,1,792,145,647,16531,72.74778586337226,0.915129151291513,0.8178070898598516,0.8637353069220722,12896,2873,1196
Homo_sapiens,Varecia_variegata,same-order,7,1,2,792,334,458,16492,76.69716480289168,0.9179397052859267,0.8621674814297505,0.8891798985103946,13580,2171,1214
Homo_sapiens,Varecia_variegata,same-order,7,1,3,792,433,359,16461,78.74950534230312,0.9189866737036548,0.8851750651331257,0.9017640394885903,13930,1807,1228
Homo_sapiens,Varecia_variegata,same-order,7,1,4,792,485,307,16446,80.1029644715999,0.9200727792579115,0.8998411185255799,0.909844492995759,14159,1576,1230
Homo_sapiens,Varecia_variegata,same-order,7,1,5,792,507,285,16435,80.73898036552934,0.9201650867350228,0.9072931900553188,0.9136838061087275,14269,1458,1238
Homo_sapiens,Varecia_variegata,same-order,7,1,6,792,530,262,16429,81.1262026032824,0.9203261427837699,0.9116636988043755,0.9159744408945687,14335,1389,1241
Gorilla_gorilla,Homo_sapiens,same-family,3,0,1,332,316,16,16351,92.45117015660743,0.9575941676792223,0.9931321277802281,0.9750394358355757,15762,109,698
Gorilla_gorilla,Homo_sapiens,same-family,3,0,2,332,322,10,16346,92.60280401243621,0.9574816522108328,0.9948323670279808,0.9757997218358833,15786,82,701
Gorilla_gorilla,Homo_sapiens,same-family,3,0,3,332,322,10,16346,92.60280401243621,0.9574816522108328,0.9948323670279808,0.9757997218358833,15786,82,701
Homo_sapiens,Varecia_variegata,same-order,7,2,1,792,161,631,16535,72.8667305848514,0.9152734485689997,0.8193290633521466,0.8646478166304166,12920,2849,1196
Homo_sapiens,Varecia_variegata,same-order,7,2,2,792,344,448,16498,76.76756268353287,0.9182653336935963,0.8628371945414154,0.8896887987172355,13594,2161,1210
Homo_sapiens,Varecia_variegata,same-order,7,2,3,792,450,342,16480,78.83050847457628,0.9195940156857576,0.8861860908224833,0.9025810207646032,13953,1792,1220
Homo_sapiens,Varecia_variegata,same-order,7,2,4,792,496,296,16453,79.70260643410414,0.9195094905746527,0.8961286631491958,0.907668533899942,14097,1634,1234
Homo_sapiens,Varecia_variegata,same-order,7,2,5,792,517,275,16433,80.25459688826025,0.9194918000907499,0.9021815175221014,0.9107544141252006,14185,1538,1242
Homo_sapiens,Varecia_variegata,same-order,7,2,6,792,532,260,16427,80.67455152509761,0.919741935483871,0.9068125437313148,0.9132314788123379,14256,1465,1244
Homo_sapiens,Varecia_variegata,same-order,8,0,1,905,148,757,16533,73.0164100828963,0.9151823579304496,0.8213130352045671,0.8657105606258149,12948,2817,1200
Homo_sapiens,Varecia_variegata,same-order,8,0,2,905,363,542,16494,76.88093086308179,0.9183590850819783,0.8639162170739447,0.8903061224489796,13611,2144,1210
Homo_sapiens,Varecia_variegata,same-order,8,0,3,905,490,415,16471,79.18950997569661,0.9197794262456509,0.8899828495204217,0.9046358471074379,14011,1732,1222
Homo_sapiens,Varecia_variegata,same-order,8,0,4,905,546,359,16462,80.07010798891841,0.9203873399623058,0.8997458703939009,0.9099495614739614,14162,1578,1225
Homo_sapiens,Varecia_variegata,same-order,8,0,5,905,578,327,16432,80.98471986417657,0.9203756110110625,0.9099001716792777,0.9151079136690647,14310,1417,1238
Homo_sapiens,Varecia_variegata,same-order,8,0,6,905,602,303,16426,81.5588385124809,0.920702875399361,0.9163698804375477,0.9185312679288584,14409,1315,1241
Gorilla_gorilla,Homo_sapiens,same-family,3,1,1,332,321,11,16356,92.18768328445748,0.9577138679015355,0.9901102362204725,0.973642642549633,15718,157,694
Gorilla_gorilla,Homo_sapiens,same-family,3,1,2,332,323,9,16354,92.27565982404693,0.9576358877594497,0.9911799911799912,0.9741192495820692,15733,140,696
Gorilla_gorilla,Homo_sapiens,same-family,3,1,3,332,323,9,16352,92.30453399026335,0.9575879274674456,0.9914944556451613,0.9742462700427166,15737,135,697
Gorilla_gorilla,Homo_sapiens,same-family,3,1,4,332,323,9,16352,92.30453399026335,0.9575879274674456,0.9914944556451613,0.9742462700427166,15737,135,697
Gorilla_gorilla,Homo_sapiens,same-family,3,2,1,332,315,17,16350,92.2097729805831,0.9575414230019493,0.9903603830645161,0.9736744301288404,15719,153,697
Gorilla_gorilla,Homo_sapiens,same-family,3,2,2,332,317,15,16348,92.2860327330322,0.9574584626620413,0.991304347826087,0.9740874895514071,15732,138,699
Gorilla_gorilla,Homo_sapiens,same-family,3,2,3,332,320,12,16347,92.29144667370645,0.9574584626620413,0.991304347826087,0.9740874895514071,15732,138,699
Gorilla_gorilla,Homo_sapiens,same-family,3,2,4,332,320,12,16347,92.29144667370645,0.9574584626620413,0.991304347826087,0.9740874895514071,15732,138,699
Homo_sapiens,Varecia_variegata,same-order,8,1,1,905,184,721,16530,72.89187207400305,0.9150970117547089,0.8196752505391348,0.8647617773019272,12923,2843,1199
Homo_sapiens,Varecia_variegata,same-order,8,1,2,905,411,494,16478,77.30688817313668,0.9181879194630872,0.8688555823701257,0.8928408275141942,13681,2065,1219
Homo_sapiens,Varecia_variegata,same-order,8,1,3,905,535,370,16446,79.57463657446688,0.9194170315665643,0.8942283244342741,0.906647762059743,14068,1664,1233
Homo_sapiens,Varecia_variegata,same-order,8,1,4,905,582,323,16436,80.40968764146673,0.9199792826621779,0.9034267912772586,0.9116279069767441,14210,1519,1236
Homo_sapiens,Varecia_variegata,same-order,8,1,5,905,607,298,16422,80.99739612815578,0.9200154311065389,0.9101838305451307,0.9150732237641491,14309,1412,1244
Homo_sapiens,Varecia_variegata,same-order,8,1,6,905,622,283,16416,81.4470927928438,0.9202328407855178,0.9152563939432498,0.9177378712002807,14386,1332,1247
Gorilla_gorilla,Homo_sapiens,same-family,4,1,1,442,425,17,16350,92.73228531206007,0.9577149088265584,0.9960935038749921,0.9765272716041756,15809,62,698
Gorilla_gorilla,Homo_sapiens,same-family,4,1,2,442,430,12,16347,92.78465419135331,0.9576194224132711,0.9967231709622535,0.9767800901624157,15817,52,700
Gorilla_gorilla,Homo_sapiens,same-family,4,1,3,442,430,12,16347,92.78465419135331,0.9576194224132711,0.9967231709622535,0.9767800901624157,15817,52,700
Gorilla_gorilla,Homo_sapiens,same-family,5,1,1,553,531,22,16344,92.97195823066996,0.957583081570997,0.9988025461649965,0.9777585834592961,15848,19,702
Gorilla_gorilla,Homo_sapiens,same-family,5,1,2,553,544,9,16339,93.01261366969786,0.9573671497584542,0.9994326419971001,0.9779477531382045,15854,9,706
Gorilla_gorilla,Homo_sapiens,same-family,5,1,3,553,544,9,16339,93.01261366969786,0.9573671497584542,0.9994326419971001,0.9779477531382045,15854,9,706
Gorilla_gorilla,Homo_sapiens,same-family,4,0,1,442,422,20,16349,92.7377251129231,0.9577149088265584,0.9960935038749921,0.9765272716041756,15809,62,698
Gorilla_gorilla,Homo_sapiens,same-family,4,0,2,442,429,13,16345,92.80225259576466,0.9575111971916233,0.9970378773555177,0.9768748649232764,15820,47,702
Gorilla_gorilla,Homo_sapiens,same-family,4,0,3,442,429,13,16344,92.80769682036842,0.9575111971916233,0.9970378773555177,0.9768748649232764,15820,47,702
Gorilla_gorilla,Homo_sapiens,same-family,4,0,4,442,430,12,16344,92.80769682036842,0.9575111971916233,0.9970378773555177,0.9768748649232764,15820,47,702
Gorilla_gorilla,Homo_sapiens,same-family,4,0,5,442,430,12,16344,92.80769682036842,0.9575111971916233,0.9970378773555177,0.9768748649232764,15820,47,702
Homo_sapiens,Varecia_variegata,same-order,8,2,1,905,176,729,16530,73.63908162689683,0.9160058943232053,0.8278792491121258,0.8697158466304673,13054,2714,1197
Homo_sapiens,Varecia_variegata,same-order,8,2,2,905,438,467,16481,77.79410102836479,0.9187854521187855,0.8742697485394971,0.895975010574952,13768,1980,1217
Homo_sapiens,Varecia_variegata,same-order,8,2,3,905,546,359,16466,80.08254183627318,0.92058230974199,0.8997649749094836,0.9100546097012528,14165,1578,1222
Homo_sapiens,Varecia_variegata,same-order,8,2,4,905,591,314,16455,80.83361610677525,0.9209407216494845,0.9081840132164188,0.9145178834218439,14293,1445,1227
Homo_sapiens,Varecia_variegata,same-order,8,2,5,905,607,298,16442,81.26060880389272,0.9209952545850968,0.9128583232695608,0.9169087368723465,14362,1371,1232
Homo_sapiens,Varecia_variegata,same-order,8,2,6,905,613,292,16439,81.31613195269621,0.9209227811598847,0.9135465005403344,0.9172198110799081,14371,1360,1234
Gorilla_gorilla,Homo_sapiens,same-family,4,2,1,442,420,22,16350,92.49765368371656,0.95761219408514,0.9935731837943419,0.9752613024924237,15769,102,698
Gorilla_gorilla,Homo_sapiens,same-family,4,2,2,442,426,16,16344,92.61996949430952,0.9574287446937538,0.9950211130018277,0.9758630280928393,15788,79,702
Gorilla_gorilla,Homo_sapiens,same-family,4,2,3,442,428,14,16344,92.61996949430952,0.9574287446937538,0.9950211130018277,0.9758630280928393,15788,79,702
Gorilla_gorilla,Homo_sapiens,same-family,4,2,4,442,428,14,16344,92.61996949430952,0.9574287446937538,0.9950211130018277,0.9758630280928393,15788,79,702
Gorilla_gorilla,Homo_sapiens,same-family,5,0,1,553,522,31,16345,92.92502639915523,0.9576204582552446,0.9982354423997983,0.9775062482643709,15840,28,701
Gorilla_gorilla,Homo_sapiens,same-family,5,0,2,553,535,18,16339,93.01848049281314,0.95736972405048,0.9994956817752002,0.9779792746113989,15855,8,706
Gorilla_gorilla,Homo_sapiens,same-family,5,0,3,553,538,15,16339,93.01848049281314,0.95736972405048,0.9994956817752002,0.9779792746113989,15855,8,706
Gorilla_gorilla,Homo_sapiens,same-family,5,0,4,553,538,15,16339,93.01848049281314,0.95736972405048,0.9994956817752002,0.9779792746113989,15855,8,706
Gorilla_gorilla,Homo_sapiens,same-family,5,2,1,553,528,25,16350,92.74359124772687,0.9577754891864058,0.99609375,0.9765588807560455,15810,62,697
Gorilla_gorilla,Homo_sapiens,same-family,5,2,2,553,532,21,16347,92.86636160976182,0.9577106903018936,0.9974795211090107,0.9771906540325318,15830,40,699
Gorilla_gorilla,Homo_sapiens,same-family,5,2,3,553,533,20,16346,92.87180991493106,0.9577106903018936,0.9974795211090107,0.9771906540325318,15830,40,699
Gorilla_gorilla,Homo_sapiens,same-family,5,2,4,553,533,20,16346,92.87180991493106,0.9577106903018936,0.9974795211090107,0.9771906540325318,15830,40,699
Gorilla_gorilla,Homo_sapiens,same-family,6,0,1,663,625,38,16350,92.78465419135331,0.9577933874288482,0.9965347782258065,0.9767800901624158,15817,55,697
Gorilla_gorilla,Homo_sapiens,same-family,6,0,2,663,633,30,16347,92.90156048339786,0.9577260356818869,0.9978575929426591,0.9773800339453788,15836,34,699
Gorilla_gorilla,Homo_sapiens,same-family,6,0,3,663,634,29,16347,92.90156048339786,0.9577260356818869,0.9978575929426591,0.9773800339453788,15836,34,699
Gorilla_gorilla,Homo_sapiens,same-family,6,0,4,663,634,29,16347,92.90156048339786,0.9577260356818869,0.9978575929426591,0.9773800339453788,15836,34,699
Gorilla_gorilla,Homo_sapiens,same-family,6,1,1,663,627,36,16347,92.9367593570339,0.9577413699292666,0.9982356647763075,0.9775693437413223,15842,28,699
Gorilla_gorilla,Homo_sapiens,same-family,6,1,2,663,644,19,16341,93.04194778527427,0.9574956227736521,0.9996218090135518,0.9781053410632785,15859,6,704
Gorilla_gorilla,Homo_sapiens,same-family,6,1,3,663,645,18,16341,93.04194778527427,0.9574956227736521,0.9996218090135518,0.9781053410632785,15859,6,704
Gorilla_gorilla,Homo_sapiens,same-family,6,1,4,663,645,18,16341,93.04194778527427,0.9574956227736521,0.9996218090135518,0.9781053410632785,15859,6,704
Gorilla_gorilla,Homo_sapiens,same-family,6,2,1,663,636,27,16342,92.96022527279128,0.9574622356495468,0.9988023952095808,0.9776955113373438,15846,19,704
Gorilla_gorilla,Homo_sapiens,same-family,6,2,2,663,645,18,16339,93.02434731592842,0.9573722980316387,0.9995587215533002,0.9780107941403238,15856,7,706
Gorilla_gorilla,Homo_sapiens,same-family,6,2,3,663,646,17,16339,93.02434731592842,0.9573722980316387,0.9995587215533002,0.9780107941403238,15856,7,706
Gorilla_gorilla,Homo_sapiens,same-family,6,2,4,663,646,17,16339,93.02434731592842,0.9573722980316387,0.9995587215533002,0.9780107941403238,15856,7,706
Gorilla_gorilla,Homo_sapiens,same-family,7,0,1,774,722,52,16345,92.91915992021589,0.9576178960096735,0.9981724224855054,0.9774746976055294,15839,29,701
Gorilla_gorilla,Homo_sapiens,same-family,7,0,2,774,744,30,16344,92.92461132296862,0.9576178960096735,0.9981724224855054,0.9774746976055294,15839,29,701
Gorilla_gorilla,Homo_sapiens,same-family,7,0,3,774,747,27,16344,92.92461132296862,0.9576178960096735,0.9981724224855054,0.9774746976055294,15839,29,701
Gorilla_gorilla,Homo_sapiens,same-family,7,0,4,774,747,27,16344,92.92461132296862,0.9576178960096735,0.9981724224855054,0.9774746976055294,15839,29,701
Gorilla_gorilla,Saimiri_boliviensis,same-order,1,0,1,110,34,76,16323,77.63971426856354,0.9746797287113791,0.8016114037806011,0.8797143342968883,12934,3201,336
Gorilla_gorilla,Saimiri_boliviensis,same-order,1,0,2,110,44,66,16309,78.51180109302744,0.9745061498322773,0.8105276210552421,0.8849851069591118,13073,3056,342
Gorilla_gorilla,Saimiri_boliviensis,same-order,1,0,3,110,47,63,16309,78.76403819590415,0.9745857174704615,0.8131316262632525,0.8865679713377949,13115,3014,342
Gorilla_gorilla,Saimiri_boliviensis,same-order,1,0,4,110,48,62,16308,78.89489489489489,0.9746253153286838,0.8144336288672578,0.8873577194582363,13136,2993,342
Gorilla_gorilla,Saimiri_boliviensis,same-order,1,0,5,110,48,62,16308,78.89489489489489,0.9746253153286838,0.8144336288672578,0.8873577194582363,13136,2993,342
Gorilla_gorilla,Homo_sapiens,same-family,7,2,1,774,726,48,16348,92.98996890948554,0.9577669023019757,0.9988657844990548,0.9778847043582863,15852,18,699
Gorilla_gorilla,Homo_sapiens,same-family,7,2,2,774,746,28,16343,93.05408893582072,0.9575611228493812,0.9997478885667465,0.9781998704942801,15862,4,703
Gorilla_gorilla,Homo_sapiens,same-family,7,2,3,774,750,24,16343,93.05408893582072,0.9575611228493812,0.9997478885667465,0.9781998704942801,15862,4,703
Gorilla_gorilla,Homo_sapiens,same-family,7,2,4,774,750,24,16343,93.05408893582072,0.9575611228493812,0.9997478885667465,0.9781998704942801,15862,4,703
Gorilla_gorilla,Saimiri_boliviensis,same-order,1,1,1,110,19,91,16343,76.3601463619459,0.9748812988206463,0.7885770922381218,0.8718879490428411,12730,3413,328
Gorilla_gorilla,Saimiri_boliviensis,same-order,1,1,2,110,30,80,16337,77.14045719085618,0.9749753545158111,0.7965429651198811,0.8767730496453902,12857,3284,330
Gorilla_gorilla,Saimiri_boliviensis,same-order,1,1,3,110,33,77,16336,77.35781137509,0.9748979283230002,0.7989342586281678,0.8781883194278903,12894,3245,332
Gorilla_gorilla,Saimiri_boliviensis,same-order,1,1,4,110,34,76,16335,77.48980081593473,0.9748660276247264,0.8003470070640724,0.8790281416953074,12916,3222,333
Gorilla_gorilla,Saimiri_boliviensis,same-order,1,1,5,110,34,76,16335,77.48980081593473,0.9748660276247264,0.8003470070640724,0.8790281416953074,12916,3222,333
Gorilla_gorilla,Saimiri_boliviensis,same-order,1,2,1,110,35,75,16333,77.25226577036192,0.9751496325479203,0.7973115282165645,0.8773089768931908,12871,3272,328
Gorilla_gorilla,Saimiri_boliviensis,same-order,1,2,2,110,49,61,16313,78.13682503453661,0.9748220307231172,0.8062596839169507,0.8825644504748982,13009,3126,336
Gorilla_gorilla,Saimiri_boliviensis,same-order,1,2,3,110,52,58,16304,78.41605576252854,0.9747535106065133,0.8089010103514536,0.8841163917211476,13050,3083,338
Gorilla_gorilla,Saimiri_boliviensis,same-order,1,2,4,110,53,57,16304,78.50018026679486,0.9747798835994628,0.8097687968759685,0.884645336041984,13064,3069,338
Gorilla_gorilla,Saimiri_boliviensis,same-order,1,2,5,110,53,57,16304,78.50018026679486,0.9747798835994628,0.8097687968759685,0.884645336041984,13064,3069,338
Gorilla_gorilla,Homo_sapiens,same-family,8,0,1,884,845,39,16344,92.98955766748797,0.9575907690448862,0.9989916178231549,0.9778531770512029,15851,16,702
Gorilla_gorilla,Homo_sapiens,same-family,8,0,2,884,858,26,16339,93.05368143150484,0.9573851632763928,0.9998739204438001,0.978168362627197,15861,2,706
Gorilla_gorilla,Homo_sapiens,same-family,8,0,3,884,860,24,16339,93.05954825462013,0.9573877353935297,0.9999369602219,0.9781998704942803,15862,1,706
Gorilla_gorilla,Homo_sapiens,same-family,8,0,4,884,860,24,16339,93.05954825462013,0.9573877353935297,0.9999369602219,0.9781998704942803,15862,1,706
Gorilla_gorilla,Homo_sapiens,same-family,8,1,1,884,851,33,16345,93.04235597794204,0.9576716381860999,0.9994958406856567,0.9781368528169231,15860,8,701
Gorilla_gorilla,Homo_sapiens,same-family,8,1,2,884,867,17,16343,93.07168837263875,0.9575688073394495,0.9999369721416866,0.9782943824381821,15865,1,703
Gorilla_gorilla,Homo_sapiens,same-family,8,1,3,884,868,16,16343,93.07168837263875,0.9575688073394495,0.9999369721416866,0.9782943824381821,15865,1,703
Gorilla_gorilla,Homo_sapiens,same-family,8,1,4,884,868,16,16343,93.07168837263875,0.9575688073394495,0.9999369721416866,0.9782943824381821,15865,1,703
Gorilla_gorilla,Saimiri_boliviensis,same-order,2,2,1,220,68,152,16330,79.28447085659403,0.975696239934993,0.8182381365382233,0.8900569426193605,13208,2934,329
Gorilla_gorilla,Saimiri_boliviensis,same-order,2,2,2,220,114,106,16291,81.71002824010094,0.9747688337753566,0.8436627582356225,0.9044895244429664,13599,2520,352
Gorilla_gorilla,Saimiri_boliviensis,same-order,2,2,3,220,127,93,16276,82.16905134062763,0.9744759731926422,0.8482591696145969,0.9069975778891137,13668,2445,358
Gorilla_gorilla,Saimiri_boliviensis,same-order,2,2,4,220,127,93,16276,82.16905134062763,0.9744759731926422,0.8482591696145969,0.9069975778891137,13668,2445,358
Gorilla_gorilla,Homo_sapiens,same-family,7,1,1,774,742,32,16346,93.01343344870065,0.9576614120915625,0.999243761028485,0.9780107941403239,15856,12,701
Gorilla_gorilla,Homo_sapiens,same-family,7,1,2,774,752,22,16344,93.03103185311198,0.9575534355754136,0.9995588049918064,0.9781053410632787,15859,7,703
Gorilla_gorilla,Homo_sapiens,same-family,7,1,3,774,756,18,16341,93.00170117909309,0.9573671497584542,0.9994326419971001,0.9779477531382045,15854,9,706
Gorilla_gorilla,Homo_sapiens,same-family,7,1,4,774,756,18,16341,93.01343344870065,0.9573722980316387,0.9995587215533002,0.9780107941403238,15856,7,706
Gorilla_gorilla,Homo_sapiens,same-family,7,1,5,774,756,18,16341,93.01343344870065,0.9573722980316387,0.9995587215533002,0.9780107941403238,15856,7,706
Gorilla_gorilla,Homo_sapiens,same-family,8,2,1,884,836,48,16347,93.04235597794204,0.9577873059967389,0.9993698802772527,0.9781368528169231,15860,10,699
Gorilla_gorilla,Homo_sapiens,same-family,8,2,2,884,854,30,16343,93.07168837263875,0.9575688073394495,0.9999369721416866,0.9782943824381821,15865,1,703
Gorilla_gorilla,Homo_sapiens,same-family,8,2,3,884,859,25,16342,93.07714872396598,0.9575688073394495,0.9999369721416866,0.9782943824381821,15865,1,703
Gorilla_gorilla,Homo_sapiens,same-family,8,2,4,884,859,25,16342,93.07714872396598,0.9575688073394495,0.9999369721416866,0.9782943824381821,15865,1,703
Gorilla_gorilla,Saimiri_boliviensis,same-order,2,0,1,220,70,150,16314,79.11612825747568,0.9748446285883398,0.816812348893435,0.8888589064660842,13176,2955,340
Gorilla_gorilla,Saimiri_boliviensis,same-order,2,0,2,220,101,119,16297,80.79927884615384,0.9751232956193792,0.8336433531746031,0.8988501136515576,13445,2683,343
Gorilla_gorilla,Saimiri_boliviensis,same-order,2,0,3,220,112,108,16287,81.6268863103469,0.9751490339725634,0.841984496124031,0.9036874334398297,13577,2548,346
Gorilla_gorilla,Saimiri_boliviensis,same-order,2,0,4,220,117,103,16285,81.92148139241267,0.9750966079862602,0.845128077901135,0.9054723062099213,13626,2497,348
Gorilla_gorilla,Saimiri_boliviensis,same-order,2,0,5,220,121,99,16285,82.0236878494559,0.9751268672718176,0.8461824722446195,0.9060901906090191,13643,2480,348
Gorilla_gorilla,Saimiri_boliviensis,same-order,2,0,6,220,123,97,16281,82.17678893565845,0.9750981091687477,0.8476615804490758,0.9069250423067989,13666,2456,349
Gorilla_gorilla,Saimiri_boliviensis,same-order,2,1,1,220,58,162,16331,79.34241315173696,0.9752212389380531,0.8195847536411528,0.8906549924229669,13224,2911,336
Gorilla_gorilla,Saimiri_boliviensis,same-order,2,1,2,220,102,118,16296,81.29353831371607,0.9743755848268912,0.8400248215947874,0.9022260730471874,13537,2578,356
Gorilla_gorilla,Saimiri_boliviensis,same-order,2,1,3,220,116,104,16290,82.30030030030031,0.97440091018986,0.8505369002544845,0.9082653940478558,13703,2408,360
Gorilla_gorilla,Saimiri_boliviensis,same-order,2,1,4,220,125,95,16285,82.92492492492492,0.9742449901213661,0.8572581646591333,0.9120153246581676,13807,2299,365
Gorilla_gorilla,Saimiri_boliviensis,same-order,2,1,5,220,126,94,16285,82.96096096096096,0.9742558894061222,0.8576306966347945,0.9122308809932638,13813,2293,365
Gorilla_gorilla,Saimiri_boliviensis,same-order,2,1,6,220,126,94,16285,82.96096096096096,0.9742558894061222,0.8576306966347945,0.9122308809932638,13813,2293,365
Gorilla_gorilla,Saimiri_boliviensis,same-order,3,0,1,330,87,243,16316,80.00600420294207,0.9751902810304449,0.8259980163649888,0.894415357766143,13325,2807,339
Gorilla_gorilla,Saimiri_boliviensis,same-order,3,0,2,330,160,170,16279,82.74410774410775,0.9749911441728657,0.8538280183645613,0.9103959249826348,13762,2356,353
Gorilla_gorilla,Saimiri_boliviensis,same-order,3,0,3,330,178,152,16270,83.60497985204788,0.9749614251648198,0.8626660047163957,0.9153825892269195,13901,2213,357
Gorilla_gorilla,Saimiri_boliviensis,same-order,3,0,4,330,186,144,16261,84.06930573938155,0.9748168817579351,0.8674115456238362,0.9179832484808672,13974,2136,361
Gorilla_gorilla,Saimiri_boliviensis,same-order,3,0,5,330,194,136,16250,84.40659605199808,0.9745674379820721,0.8708475628686744,0.919792759706191,14025,2080,366
Gorilla_gorilla,Saimiri_boliviensis,same-order,3,0,6,330,197,133,16248,84.63529128550795,0.9744993416949622,0.8733155312674656,0.9211370930765703,14063,2040,368
Gorilla_gorilla,Saimiri_boliviensis,same-order,3,2,1,330,100,230,16315,80.01200840588412,0.9751207375969559,0.8261112144318393,0.8944524616572137,13326,2805,340
Gorilla_gorilla,Saimiri_boliviensis,same-order,3,2,2,330,172,158,16274,82.73415895154503,0.9745078600764764,0.8541989944758239,0.9103959249826348,13762,2349,360
Gorilla_gorilla,Saimiri_boliviensis,same-order,3,2,3,330,192,138,16259,83.57293233082707,0.9743338008415148,0.8627134430301149,0.9151325539272188,13894,2211,366
Gorilla_gorilla,Saimiri_boliviensis,same-order,3,2,4,330,198,132,16254,84.02719287691012,0.9743285664457622,0.8673539092094641,0.9177344109337012,13967,2136,368
Gorilla_gorilla,Saimiri_boliviensis,same-order,3,2,5,330,198,132,16254,84.02719287691012,0.9743285664457622,0.8673539092094641,0.9177344109337012,13967,2136,368
Gorilla_gorilla,Saimiri_boliviensis,same-order,3,1,1,330,103,227,16304,80.47930806655054,0.9748981373690337,0.8308942081111249,0.8971543354536324,13399,2727,345
Gorilla_gorilla,Saimiri_boliviensis,same-order,3,1,2,330,164,166,16274,83.13296465496514,0.9744926719278467,0.8585262896517475,0.912841160357744,13830,2279,362
Gorilla_gorilla,Saimiri_boliviensis,same-order,3,1,3,330,187,143,16263,84.31655541523844,0.9745603669979843,0.8705991927972679,0.9196510560146924,14021,2084,366
Gorilla_gorilla,Saimiri_boliviensis,same-order,3,1,4,330,204,126,16256,84.83973780744482,0.9742421103514951,0.8763821592744441,0.922724745740541,14108,1990,373
Gorilla_gorilla,Saimiri_boliviensis,same-order,3,1,5,330,208,122,16256,84.99007757532023,0.9742865021370467,0.8779351472232575,0.9236047575480327,14133,1965,373
Gorilla_gorilla,Saimiri_boliviensis,same-order,3,1,6,330,209,121,16255,85.0923086174755,0.9742495180391076,0.8790457849288688,0.924202344796055,14150,1947,374
Gorilla_gorilla,Saimiri_boliviensis,same-order,4,0,1,440,141,299,16296,81.5691457407185,0.9748707639287766,0.842255443210719,0.9037239176012513,13578,2543,350
Gorilla_gorilla,Saimiri_boliviensis,same-order,4,0,2,440,232,208,16259,83.93673322107288,0.9742426357671367,0.8667867345671345,0.9173787301169976,13957,2145,369
Gorilla_gorilla,Saimiri_boliviensis,same-order,4,0,3,440,253,187,16245,84.88057276938812,0.9740403203534935,0.8765455110282696,0.9227247457405409,14108,1987,376
Gorilla_gorilla,Saimiri_boliviensis,same-order,4,0,4,440,264,176,16243,85.12123217616269,0.9739776951672863,0.8791399987572236,0.9241320748554819,14148,1945,378
Gorilla_gorilla,Saimiri_boliviensis,same-order,4,0,5,440,269,171,16242,85.3197761867517,0.9739697802197802,0.8812453392990306,0.9252903562573405,14181,1911,379
Gorilla_gorilla,Saimiri_boliviensis,same-order,4,0,6,440,271,169,16242,85.36790806810662,0.9739840746842394,0.8817424807357693,0.9255707762557077,14189,1903,379
Gorilla_gorilla,Saimiri_boliviensis,same-order,4,1,1,440,124,316,16303,80.65717546705112,0.9750199695011256,0.8325789049420227,0.8981871697103486,13427,2700,344
Gorilla_gorilla,Saimiri_boliviensis,same-order,4,1,2,440,213,227,16267,83.30627217511577,0.9745339430179388,0.8599540629461792,0.9136657433056324,13853,2256,362
Gorilla_gorilla,Saimiri_boliviensis,same-order,4,1,3,440,243,197,16258,84.32988450433109,0.9745568300312826,0.8704750077615647,0.9195801902263038,14019,2086,366
Gorilla_gorilla,Saimiri_boliviensis,same-order,4,1,4,440,250,190,16254,84.73984962406016,0.9743412407497061,0.8750310559006211,0.9220196995975,14088,2012,371
Gorilla_gorilla,Saimiri_boliviensis,same-order,4,1,5,440,259,181,16250,85.12993262752647,0.9742530634723944,0.8791700316829223,0.924272605557914,14152,1945,374
Gorilla_gorilla,Saimiri_boliviensis,same-order,4,1,6,440,259,181,16250,85.12993262752647,0.9742530634723944,0.8791700316829223,0.924272605557914,14152,1945,374
Gorilla_gorilla,Saimiri_boliviensis,same-order,4,2,1,440,132,308,16312,80.54755043227665,0.975,0.8318968189991939,0.8977816441931273,13416,2711,344
Gorilla_gorilla,Saimiri_boliviensis,same-order,4,2,2,440,233,207,16260,84.06999819592278,0.9742839222245453,0.8682151285554589,0.9181964467505171,13980,2122,369
Gorilla_gorilla,Saimiri_boliviensis,same-order,4,2,3,440,279,161,16234,85.74179957869396,0.9739522800300814,0.8853946550652579,0.9275645408080216,14246,1844,381
Gorilla_gorilla,Saimiri_boliviensis,same-order,4,2,4,440,298,142,16230,86.34284338509691,0.9739289836377215,0.8917138061789022,0.9310098650051921,14345,1742,384
Gorilla_gorilla,Saimiri_boliviensis,same-order,4,2,5,440,308,132,16222,86.92956050571945,0.9738315235718621,0.897780264875956,0.9342607570365578,14439,1644,388
Gorilla_gorilla,Saimiri_boliviensis,same-order,4,2,6,440,316,124,16221,87.47140276941602,0.9739241185145462,0.9034324089043652,0.9373548387096774,14529,1553,389
Gorilla_gorilla,Saimiri_boliviensis,same-order,5,0,1,550,163,387,16298,81.3495163131647,0.9751512532411409,0.8395758402579685,0.9022992335888038,13539,2587,345
Gorilla_gorilla,Saimiri_boliviensis,same-order,5,0,2,550,279,271,16252,84.29697370795981,0.9743393602225313,0.8701403552353745,0.9192966340791286,14011,2091,369
Gorilla_gorilla,Saimiri_boliviensis,same-order,5,0,3,550,318,232,16235,85.81231565641365,0.974169741697417,0.885850991114149,0.9279135613629707,14256,1837,378
Gorilla_gorilla,Saimiri_boliviensis,same-order,5,0,4,550,344,206,16229,86.54506050207694,0.9741157338392736,0.8935297408167071,0.9320841572924434,14376,1713,382
Gorilla_gorilla,Saimiri_boliviensis,same-order,5,0,5,550,351,199,16227,86.9122870387093,0.9740908170838675,0.8974327096413253,0.9341917950045296,14437,1650,384
Gorilla_gorilla,Saimiri_boliviensis,same-order,5,0,6,550,357,193,16227,87.14707121786768,0.9741588156123823,0.8998570274134394,0.9355349468446054,14476,1611,384
Gorilla_gorilla,Saimiri_boliviensis,same-order,5,1,1,550,163,387,16302,81.15654836966313,0.9746862829943748,0.8383995037220844,0.9014206629760555,13515,2605,351
Gorilla_gorilla,Saimiri_boliviensis,same-order,5,1,2,550,283,267,16243,84.8829511945598,0.974169486843014,0.8762502329626638,0.9226190476190476,14105,1992,374
Gorilla_gorilla,Saimiri_boliviensis,same-order,5,1,3,550,336,214,16226,86.72486453943408,0.974034755561566,0.8954435258283086,0.9330871874595155,14405,1682,384
Gorilla_gorilla,Saimiri_boliviensis,same-order,5,1,4,550,359,191,16213,87.54969280809541,0.9739346019833824,0.9038054968287527,0.9375604721666774,14535,1547,389
Gorilla_gorilla,Saimiri_boliviensis,same-order,5,1,5,550,372,178,16211,87.98939886760631,0.973931595439696,0.9084577114427861,0.9400559863573474,14608,1472,391
Gorilla_gorilla,Saimiri_boliviensis,same-order,5,1,6,550,380,170,16204,88.27640219290319,0.9737506645401383,0.9114829559591938,0.9415884847705951,14653,1423,395
Gorilla_gorilla,Saimiri_boliviensis,same-order,5,2,1,550,176,374,16296,81.2807881773399,0.9747838616714697,0.8392779604242913,0.9019699343355221,13530,2591,350
Gorilla_gorilla,Saimiri_boliviensis,same-order,5,2,2,550,275,275,16251,84.42519400830174,0.9741774260724698,0.8717311634262997,0.9201114571381741,14034,2065,372
Gorilla_gorilla,Saimiri_boliviensis,same-order,5,2,3,550,333,217,16236,86.06078844417695,0.9741790434664123,0.8885781754909272,0.9294117647058823,14299,1793,379
Gorilla_gorilla,Saimiri_boliviensis,same-order,5,2,4,550,355,195,16225,86.87330725248269,0.9736913113869401,0.8975809962067036,0.9340883352208381,14434,1647,390
Gorilla_gorilla,Saimiri_boliviensis,same-order,5,2,5,550,361,189,16225,87.2043334336443,0.973788561059211,0.9010011815185622,0.9359819121447027,14489,1592,390
Gorilla_gorilla,Saimiri_boliviensis,same-order,5,2,6,550,365,185,16221,87.41498645801987,0.9735889529427537,0.9034023760651863,0.9371834166801097,14524,1553,394
Gorilla_gorilla,Saimiri_boliviensis,same-order,6,0,1,659,173,486,16296,81.13320915700294,0.9749458483754513,0.8374472835524683,0.9009808500700608,13503,2621,347
Gorilla_gorilla,Saimiri_boliviensis,same-order,6,0,2,659,320,339,16237,85.2130476649013,0.9739303893245288,0.879878200347999,0.9245184459680053,14159,1933,379
Gorilla_gorilla,Saimiri_boliviensis,same-order,6,0,3,659,405,254,16221,87.0680313064419,0.9738064776782708,0.8992662604153713,0.9350531794523649,14462,1620,389
Gorilla_gorilla,Saimiri_boliviensis,same-order,6,0,4,659,435,224,16213,87.65127340598471,0.9735187909589408,0.9056298600311042,0.9383479970350317,14558,1517,396
Gorilla_gorilla,Saimiri_boliviensis,same-order,6,0,5,659,447,212,16210,88.13293997230417,0.9734654518853495,0.910776505724241,0.9410781445883828,14638,1434,399
Gorilla_gorilla,Saimiri_boliviensis,same-order,6,0,6,659,460,199,16202,88.56901951337028,0.9733915806195393,0.915178293608812,0.9433877537928601,14706,1363,402
Gorilla_gorilla,Saimiri_boliviensis,same-order,6,1,1,659,187,472,16302,81.12799567541595,0.9749530821423416,0.8376953609526172,0.9011274934952299,13507,2617,347
Gorilla_gorilla,Saimiri_boliviensis,same-order,6,1,2,659,315,344,16269,84.50255485422302,0.9746238646606116,0.8728345234399255,0.9209250524109015,14057,2048,366
Gorilla_gorilla,Saimiri_boliviensis,same-order,6,1,3,659,393,266,16241,86.38960726529139,0.9738305084745763,0.8930059061237178,0.9316685584562997,14364,1721,386
Gorilla_gorilla,Saimiri_boliviensis,same-order,6,1,4,659,416,243,16231,87.05252391552855,0.973753280839895,0.8997574777687954,0.9352941176470587,14469,1612,390
Gorilla_gorilla,Saimiri_boliviensis,same-order,6,1,5,659,426,233,16231,87.3954635701823,0.9738535800482703,0.9033020334556309,0.9372519921282705,14526,1555,390
Gorilla_gorilla,Saimiri_boliviensis,same-order,6,1,6,659,434,225,16225,87.70008424599831,0.9737422329124072,0.9064560268690136,0.9388951521984217,14574,1504,393
Gorilla_gorilla,Saimiri_boliviensis,same-order,6,2,1,659,177,482,16290,81.61437672797211,0.9750125655202125,0.8422129876573838,0.9037603993344426,13579,2544,348
Gorilla_gorilla,Saimiri_boliviensis,same-order,6,2,2,659,322,337,16253,84.784700505172,0.9740896842396186,0.8758697813121272,0.9223723379894665,14098,1998,375
Gorilla_gorilla,Saimiri_boliviensis,same-order,6,2,3,659,386,273,16230,86.4046701974001,0.9738180831581089,0.8925707180603046,0.9314259763851044,14357,1728,386
Gorilla_gorilla,Saimiri_boliviensis,same-order,6,2,4,659,415,244,16224,87.01775504062594,0.9736682604889219,0.8991293532338308,0.9349154515179928,14458,1622,391
Gorilla_gorilla,Saimiri_boliviensis,same-order,6,2,5,659,423,236,16217,87.26517341040463,0.9737301800591239,0.9013059701492537,0.9361193644232012,14493,1587,391
Gorilla_gorilla,Saimiri_boliviensis,same-order,6,2,6,659,429,230,16212,87.69647696476964,0.9737211634904714,0.9057096653812663,0.9384848387200723,14562,1516,393
Gorilla_gorilla,Saimiri_sciureus,same-order,1,1,1,110,31,79,16344,77.11305598849059,0.9743978185123466,0.797223599405057,0.8769513940963938,12864,3272,338
Gorilla_gorilla,Saimiri_sciureus,same-order,1,1,2,110,45,65,16336,78.00755259845351,0.9740288900531398,0.8069696781794506,0.8826641345632121,13014,3113,347
Gorilla_gorilla,Saimiri_sciureus,same-order,1,1,3,110,47,63,16335,78.31195300323702,0.9741257176944299,0.8100700688286724,0.8845554878461642,13064,3063,347
Gorilla_gorilla,Saimiri_sciureus,same-order,1,1,4,110,47,63,16335,78.31195300323702,0.9741257176944299,0.8100700688286724,0.8845554878461642,13064,3063,347
Gorilla_gorilla,Saimiri_boliviensis,same-order,7,0,1,769,225,544,16304,81.77177177177177,0.9752166750232791,0.8443410852713178,0.905072126570498,13615,2510,346
Gorilla_gorilla,Saimiri_boliviensis,same-order,7,0,2,769,403,366,16253,85.25270758122744,0.9747523390203633,0.8798435171385991,0.924869451697128,14169,1935,367
Gorilla_gorilla,Saimiri_boliviensis,same-order,7,0,3,769,474,295,16236,86.39619575031601,0.9744059742023082,0.8918230396421026,0.9312873085907085,14353,1741,377
Gorilla_gorilla,Saimiri_boliviensis,same-order,7,0,4,769,492,277,16231,86.99735131230436,0.9743140295287535,0.8981976382846488,0.9347087928079424,14452,1638,381
Gorilla_gorilla,Saimiri_boliviensis,same-order,7,0,5,769,525,244,16223,87.65878032628981,0.974045086627868,0.9053659143194678,0.9384506316060841,14561,1522,388
Gorilla_gorilla,Saimiri_boliviensis,same-order,7,0,6,769,538,231,16220,87.95304033714629,0.9739982665511034,0.9084634040171631,0.9400900900900901,14609,1472,390
Gorilla_gorilla,Saimiri_boliviensis,same-order,7,1,1,769,235,534,16292,82.28083879108334,0.9750088999644001,0.8495037220843672,0.9079396651748716,13694,2426,351
Gorilla_gorilla,Saimiri_boliviensis,same-order,7,1,2,769,409,360,16246,85.55528817230177,0.9742412824552991,0.8835663249456353,0.9266909943959338,14221,1874,376
Gorilla_gorilla,Saimiri_boliviensis,same-order,7,1,3,769,483,286,16222,87.10104781404311,0.9741379310344828,0.8991110834835582,0.9351220300630354,14464,1623,384
Gorilla_gorilla,Saimiri_boliviensis,same-order,7,1,4,769,511,258,16214,87.85834738617201,0.9739618106556283,0.9071575150799079,0.9393734505296372,14588,1493,390
Gorilla_gorilla,Saimiri_boliviensis,same-order,7,1,5,769,525,244,16213,88.2204155374887,0.9739379030649558,0.9110641209030412,0.9414524421593831,14649,1430,392
Gorilla_gorilla,Saimiri_boliviensis,same-order,7,1,6,769,536,233,16206,88.60980604746416,0.9737869861653539,0.9151477449455676,0.943557180424604,14711,1364,396
Gorilla_gorilla,Saimiri_sciureus,same-order,1,0,1,110,32,78,16336,77.5779376498801,0.9741041854862993,0.8022318660880348,0.8798531311620317,12940,3190,344
Gorilla_gorilla,Saimiri_sciureus,same-order,1,0,2,110,48,62,16327,78.2874617737003,0.9738922870356557,0.8097246340858347,0.8842533017270572,13056,3068,350
Gorilla_gorilla,Saimiri_sciureus,same-order,1,0,3,110,50,60,16325,78.62325358277867,0.9738562091503268,0.8132985981888103,0.8863651727168256,13112,3010,352
Gorilla_gorilla,Saimiri_sciureus,same-order,1,0,4,110,51,59,16324,78.67594147277525,0.9738717339667459,0.813794814539139,0.8866662161248902,13120,3002,352
Gorilla_gorilla,Saimiri_sciureus,same-order,1,0,5,110,51,59,16324,78.67594147277525,0.9738717339667459,0.813794814539139,0.8866662161248902,13120,3002,352
Gorilla_gorilla,Saimiri_sciureus,same-order,1,2,1,110,30,80,16341,77.5932365991126,0.9746196716372948,0.8019458387556547,0.8798912119666837,12941,3196,337
Gorilla_gorilla,Saimiri_sciureus,same-order,1,2,2,110,38,72,16336,78.05097451274362,0.9746143477609704,0.8066315463278587,0.8827020244837057,13015,3120,339
Gorilla_gorilla,Saimiri_sciureus,same-order,1,2,3,110,39,71,16336,78.12893553223388,0.9746390364330066,0.8074372482181593,0.8831943597044268,13028,3107,339
Gorilla_gorilla,Saimiri_sciureus,same-order,1,2,4,110,39,71,16336,78.12893553223388,0.9746390364330066,0.8074372482181593,0.8831943597044268,13028,3107,339
Gorilla_gorilla,Saimiri_boliviensis,same-order,7,2,1,769,242,527,16286,81.85806141457844,0.9746011304285612,0.845246959543311,0.9053268201907421,13622,2494,355
Gorilla_gorilla,Saimiri_boliviensis,same-order,7,2,2,769,415,354,16237,85.59220028887819,0.9740428737757688,0.8837931891623166,0.9267259635747565,14222,1870,379
Gorilla_gorilla,Saimiri_boliviensis,same-order,7,2,3,769,491,278,16216,87.27196098500812,0.9736029016657711,0.901542480408011,0.9361880772460117,14495,1583,393
Gorilla_gorilla,Saimiri_boliviensis,same-order,7,2,4,769,529,240,16211,88.01107966520142,0.973621103117506,0.9092379471228615,0.9403287547849584,14616,1459,396
Gorilla_gorilla,Saimiri_boliviensis,same-order,7,2,5,769,549,220,16201,88.49930718717995,0.9736214209968187,0.9139550799477384,0.9428452231956612,14690,1383,398
Gorilla_gorilla,Saimiri_boliviensis,same-order,7,2,6,769,563,206,16198,88.99933730947647,0.9735732173454593,0.9192906036092097,0.9456535654845731,14773,1297,401
Gorilla_gorilla,Saimiri_sciureus,same-order,2,0,1,220,75,145,16319,79.27122103493816,0.9749704666272888,0.8184071893399443,0.889854779473702,13205,2930,339
Gorilla_gorilla,Saimiri_sciureus,same-order,2,0,2,220,112,108,16284,81.43475126171593,0.9741267787839586,0.8411319349633859,0.9027574264020248,13554,2560,360
Gorilla_gorilla,Saimiri_sciureus,same-order,2,0,3,220,122,98,16279,82.01430202511868,0.9741613133476088,0.8470705064548163,0.906181528450966,13648,2464,362
Gorilla_gorilla,Saimiri_sciureus,same-order,2,0,4,220,128,92,16275,82.47596153846153,0.9740932642487047,0.8519461170774102,0.9089343665143388,13724,2385,365
Gorilla_gorilla,Saimiri_sciureus,same-order,2,0,5,220,131,89,16271,82.7213173868622,0.9739598075290121,0.8545883521668943,0.9103776704808519,13764,2342,368
Gorilla_gorilla,Saimiri_sciureus,same-order,2,0,6,220,131,89,16271,82.7213173868622,0.9739598075290121,0.8545883521668943,0.9103776704808519,13764,2342,368
Gorilla_gorilla,Saimiri_sciureus,same-order,2,1,1,220,56,164,16339,78.34532374100719,0.9745693191140279,0.8100167358829727,0.8847065195315144,13068,3065,341
Gorilla_gorilla,Saimiri_sciureus,same-order,2,1,2,220,82,138,16300,79.68778144701291,0.9739487781610039,0.8233761399590546,0.8923552746587777,13272,2847,355
Gorilla_gorilla,Saimiri_sciureus,same-order,2,1,3,220,95,125,16296,80.52969791604107,0.9742080790467887,0.8318754265152926,0.8974333232941807,13409,2710,355
Gorilla_gorilla,Saimiri_sciureus,same-order,2,1,4,220,102,118,16288,80.82907780114148,0.9741510390268626,0.8347707389712725,0.8990911520983694,13454,2663,357
Gorilla_gorilla,Saimiri_sciureus,same-order,2,1,5,220,106,114,16287,81.09342144788225,0.9741628175519631,0.8375527426160337,0.9007073268383825,13498,2618,358
Gorilla_gorilla,Saimiri_sciureus,same-order,2,1,6,220,106,114,16287,81.09342144788225,0.9741628175519631,0.8375527426160337,0.9007073268383825,13498,2618,358
Gorilla_gorilla,Saimiri_boliviensis,same-order,8,0,1,879,256,623,16295,81.94869946536913,0.974846362726883,0.8463304175196973,0.906053863779763,13642,2477,352
Gorilla_gorilla,Saimiri_boliviensis,same-order,8,0,2,879,446,433,16238,85.38669876617514,0.9741142543257347,0.8815086367590407,0.925500684976189,14187,1907,377
Gorilla_gorilla,Saimiri_boliviensis,same-order,8,0,3,879,542,337,16221,87.15154434342826,0.9738949068155823,0.9000186532363365,0.9355005493440186,14475,1608,388
Gorilla_gorilla,Saimiri_boliviensis,same-order,8,0,4,879,585,294,16210,87.96530538489338,0.9738596959189117,0.9082654393929971,0.9399195494770716,14604,1475,392
Gorilla_gorilla,Saimiri_boliviensis,same-order,8,0,5,879,602,277,16206,88.48933863389954,0.9737522370252535,0.9139035769828927,0.9428791476798665,14691,1384,396
Gorilla_gorilla,Saimiri_boliviensis,same-order,8,0,6,879,620,259,16196,89.08773198361051,0.9736582153440896,0.9199800883579118,0.9460583567954952,14785,1286,400
Gorilla_gorilla,Saimiri_boliviensis,same-order,8,1,1,879,276,603,16293,82.19605958673715,0.9747132986679963,0.8490940680069496,0.9075775161664733,13684,2432,355
Gorilla_gorilla,Saimiri_boliviensis,same-order,8,1,2,879,514,365,16242,85.63090438654552,0.9741922234392114,0.8842425748726234,0.9270405836753306,14231,1863,377
Gorilla_gorilla,Saimiri_boliviensis,same-order,8,1,3,879,583,296,16223,86.9287735565055,0.9739611440906638,0.8976064656512278,0.9342262771361093,14438,1647,386
Gorilla_gorilla,Saimiri_boliviensis,same-order,8,1,4,879,618,261,16211,87.68971332209107,0.9737176486323814,0.9055852717999752,0.9384164222873901,14560,1518,393
Gorilla_gorilla,Saimiri_boliviensis,same-order,8,1,5,879,631,248,16205,88.26115762211649,0.9735583311187882,0.9117152989485473,0.9416224899598394,14654,1419,398
Gorilla_gorilla,Saimiri_boliviensis,same-order,8,1,6,879,649,230,16194,88.95583539193831,0.973429155403178,0.9188449091361712,0.9453497678885865,14764,1304,403
Gorilla_gorilla,Saimiri_sciureus,same-order,2,2,1,220,75,145,16319,79.4334753645802,0.9746686303387334,0.820582765034098,0.891013126893302,13236,2894,344
Gorilla_gorilla,Saimiri_sciureus,same-order,2,2,2,220,103,117,16309,80.65290446471435,0.9742660384197173,0.8337986227433464,0.8985759176305408,13440,2679,355
Gorilla_gorilla,Saimiri_sciureus,same-order,2,2,3,220,111,109,16304,81.10184240532917,0.9741223960210481,0.8385975798945082,0.9012938508736829,13514,2601,359
Gorilla_gorilla,Saimiri_sciureus,same-order,2,2,4,220,117,103,16300,81.36742901734797,0.9741986488428921,0.8411417933602234,0.9027939658330282,13555,2560,359
Gorilla_gorilla,Saimiri_sciureus,same-order,2,2,5,220,119,101,16293,81.49393539089708,0.9740902892413694,0.8423012474399553,0.9034147640284896,13572,2541,361
Gorilla_gorilla,Saimiri_sciureus,same-order,2,2,6,220,119,101,16293,81.49393539089708,0.9740902892413694,0.8423012474399553,0.9034147640284896,13572,2541,361
Gorilla_gorilla,Saimiri_sciureus,same-order,3,0,1,330,91,239,16315,79.20542519354258,0.9743097593385501,0.8184298648145851,0.8895928821784848,13198,2928,348
Gorilla_gorilla,Saimiri_sciureus,same-order,3,0,2,330,134,196,16294,81.21059268600253,0.9741410357991789,0.8392181197641948,0.9016601106740448,13524,2591,359
Gorilla_gorilla,Saimiri_sciureus,same-order,3,0,3,330,148,182,16279,82.19285070591769,0.973944614508436,0.8493295257015148,0.9073785441883601,13681,2427,366
Gorilla_gorilla,Saimiri_sciureus,same-order,3,0,4,330,167,163,16275,82.70848353761114,0.97389458790237,0.8547656007451102,0.9104497354497354,13766,2339,369
Gorilla_gorilla,Saimiri_sciureus,same-order,3,0,5,330,173,157,16271,83.1410718577265,0.9737527267609598,0.859449723619651,0.9130377408287147,13838,2263,373
Gorilla_gorilla,Saimiri_sciureus,same-order,3,0,6,330,178,152,16269,83.35035750766087,0.9737470167064439,0.8616149068322981,0.914255585579648,13872,2228,374
Gorilla_gorilla,Saimiri_sciureus,same-order,3,1,1,330,89,241,16307,79.38422758372344,0.9738624650272419,0.8205844034989763,0.8906770815797448,13227,2892,355
Gorilla_gorilla,Saimiri_sciureus,same-order,3,1,2,330,135,195,16288,81.06046958505975,0.9736728216964801,0.8379787696318828,0.9007440029359757,13499,2610,365
Gorilla_gorilla,Saimiri_sciureus,same-order,3,1,3,330,162,168,16275,81.99351117519826,0.9736729452054794,0.8473765911207699,0.9061452143023139,13647,2458,369
Gorilla_gorilla,Saimiri_sciureus,same-order,3,1,4,330,175,155,16272,82.44306915820465,0.9736730059608288,0.8520772526858349,0.9088259645636695,13721,2382,371
Gorilla_gorilla,Saimiri_sciureus,same-order,3,1,5,330,176,154,16271,82.53319713993871,0.9736319818542671,0.8530617314619302,0.909367759020192,13736,2366,372
Gorilla_gorilla,Saimiri_sciureus,same-order,3,1,6,330,176,154,16271,82.53319713993871,0.9736319818542671,0.8530617314619302,0.909367759020192,13736,2366,372
Gorilla_gorilla,Saimiri_sciureus,same-order,3,2,1,330,95,235,16304,80.5928948631781,0.9738941261783901,0.8334367630631748,0.8982075976457998,13430,2684,360
Gorilla_gorilla,Saimiri_sciureus,same-order,3,2,2,330,174,156,16276,82.88991652153024,0.9735487056499965,0.8573203304553078,0.9117452767868939,13802,2297,375
Gorilla_gorilla,Saimiri_sciureus,same-order,3,2,3,330,203,127,16252,84.73190670834335,0.9734806629834254,0.876072094468614,0.9222113182859012,14096,1994,384
Gorilla_gorilla,Saimiri_sciureus,same-order,3,2,4,330,216,114,16246,85.45399879735417,0.9736896197327852,0.8832193909260411,0.9262506110477433,14211,1879,384
Gorilla_gorilla,Saimiri_sciureus,same-order,3,2,5,330,224,106,16246,85.86374842162228,0.9737470167064439,0.8875629311952266,0.9286596865448397,14280,1809,385
Gorilla_gorilla,Saimiri_sciureus,same-order,3,2,6,330,227,103,16237,86.20233369421388,0.9735751647306569,0.8910164749766863,0.9304680906316951,14332,1753,389
Gorilla_gorilla,Saimiri_boliviensis,same-order,8,2,1,879,259,620,16280,82.50781437845636,0.9747195000710126,0.8517530251318647,0.9090969301586249,13726,2389,356
Gorilla_gorilla,Saimiri_boliviensis,same-order,8,2,2,879,494,385,16232,85.94126143476167,0.9738134206219312,0.887673276558712,0.9287502845435921,14280,1807,384
Gorilla_gorilla,Saimiri_boliviensis,same-order,8,2,3,879,580,299,16216,87.50677343608886,0.9736718697661955,0.9039681552431894,0.9375262054507337,14534,1544,393
Gorilla_gorilla,Saimiri_boliviensis,same-order,8,2,4,879,609,270,16206,87.99542223828455,0.9736087970676441,0.9088024883359254,0.94009009009009,14609,1466,396
Gorilla_gorilla,Saimiri_boliviensis,same-order,8,2,5,879,622,257,16202,88.45389387460098,0.9734208258765825,0.9138767890479154,0.9427095034823636,14686,1384,401
Gorilla_gorilla,Saimiri_boliviensis,same-order,8,2,6,879,630,249,16198,88.89892784001927,0.9733561960034294,0.918590900603722,0.9451809157861032,14759,1308,404
Gorilla_gorilla,Saimiri_sciureus,same-order,4,0,1,440,136,304,16314,80.65406540654065,0.974550464037123,0.8336537865161571,0.8986127360855758,13441,2682,351
Gorilla_gorilla,Saimiri_sciureus,same-order,4,0,2,440,225,215,16260,84.35190192897062,0.9735746982937994,0.8722425899459392,0.9201271672511553,14037,2056,381
Gorilla_gorilla,Saimiri_sciureus,same-order,4,0,3,440,268,172,16236,85.80361974625698,0.9730651210364815,0.8874930032962249,0.9283112151964611,14270,1809,395
Gorilla_gorilla,Saimiri_sciureus,same-order,4,0,4,440,281,159,16235,86.35680355961757,0.9731670958124408,0.8932703072521457,0.9315086262809702,14362,1716,396
Gorilla_gorilla,Saimiri_sciureus,same-order,4,0,5,440,285,155,16229,86.71677690920023,0.9729456213736338,0.897218938592671,0.9335491179802557,14421,1652,401
Gorilla_gorilla,Saimiri_sciureus,same-order,4,0,6,440,289,151,16229,86.86109440769694,0.9729893574026673,0.898712125925465,0.9343769203402438,14445,1628,401
Gorilla_gorilla,Saimiri_sciureus,same-order,4,1,1,440,111,329,16325,79.79010494752623,0.9743683632369096,0.8251674522451005,0.8935827260821384,13305,2819,350
Gorilla_gorilla,Saimiri_sciureus,same-order,4,1,2,440,181,259,16274,82.58832011535688,0.9737886086710116,0.8535767511177347,0.9097286565188616,13746,2358,370
Gorilla_gorilla,Saimiri_sciureus,same-order,4,1,3,440,217,223,16254,83.68303974027536,0.9734927961952721,0.864802733768251,0.9159345902016911,13919,2176,379
Gorilla_gorilla,Saimiri_sciureus,same-order,4,1,4,440,230,210,16247,84.23553470467942,0.9736512791991101,0.8701460080770426,0.9189934052954493,14005,2090,379
Gorilla_gorilla,Saimiri_sciureus,same-order,4,1,5,440,235,205,16237,84.6820287587991,0.9734421467598036,0.8747669359850839,0.9214704245638154,14075,2015,384
Gorilla_gorilla,Saimiri_sciureus,same-order,4,1,6,440,244,196,16233,84.97082004692858,0.973261663565571,0.8779684197438766,0.923162401542635,14123,1963,388
Gorilla_gorilla,Saimiri_sciureus,same-order,4,2,1,440,141,299,16313,80.85782843431313,0.9741977450130095,0.8363218961345164,0.9000100156912496,13479,2638,357
Gorilla_gorilla,Saimiri_sciureus,same-order,4,2,2,440,244,196,16258,84.38044850598209,0.9739764052741152,0.8717932790856575,0.9200563768068439,14035,2064,375
Gorilla_gorilla,Saimiri_sciureus,same-order,4,2,3,440,283,157,16246,85.37230843257548,0.9739261698915878,0.8819435814589288,0.9256554062866832,14194,1900,380
Gorilla_gorilla,Saimiri_sciureus,same-order,4,2,4,440,293,147,16245,85.61203007518797,0.973995757202491,0.8843668447868771,0.9270198977431855,14233,1861,380
Gorilla_gorilla,Saimiri_sciureus,same-order,4,2,5,440,295,145,16245,85.75639097744362,0.9740383958461434,0.8858580837579222,0.9278578633952687,14257,1837,380
Gorilla_gorilla,Saimiri_sciureus,same-order,4,2,6,440,297,143,16239,85.94718161583349,0.9738259150705474,0.8879428216283406,0.9289034816813498,14287,1803,384
Gorilla_gorilla,Saimiri_sciureus,same-order,5,0,1,550,158,392,16317,81.13117015534097,0.974357127422027,0.8392480456632336,0.9017699410019666,13527,2591,356
Gorilla_gorilla,Saimiri_sciureus,same-order,5,0,2,550,267,283,16276,84.11220567035079,0.9741217391304348,0.8696435225437834,0.9189224661219937,14003,2099,372
Gorilla_gorilla,Saimiri_sciureus,same-order,5,0,3,550,307,243,16263,85.21300246349817,0.9739046834226068,0.8811979619734063,0.9252348643006263,14182,1912,380
Gorilla_gorilla,Saimiri_sciureus,same-order,5,0,4,550,326,224,16252,85.96238206838531,0.9735266095004764,0.8893378924463786,0.929529874264921,14305,1780,389
Gorilla_gorilla,Saimiri_sciureus,same-order,5,0,5,550,342,208,16243,86.63741283962491,0.9734567067405107,0.8962751072694484,0.9332728979829702,14413,1668,393
Gorilla_gorilla,Saimiri_sciureus,same-order,5,0,6,550,352,198,16239,87.11151187255786,0.9733996103983341,0.9012936932454285,0.9359599547876635,14491,1587,396
Gorilla_gorilla,Saimiri_sciureus,same-order,5,1,1,550,174,376,16302,81.22823868411574,0.974364513573846,0.8394962154113413,0.901916347275454,13531,2587,356
Gorilla_gorilla,Saimiri_sciureus,same-order,5,1,2,550,271,279,16262,84.12889262955393,0.9741055269386051,0.8690845857657434,0.9186031245897336,13994,2108,372
Gorilla_gorilla,Saimiri_sciureus,same-order,5,1,3,550,319,231,16246,85.43671799807507,0.9740758521363418,0.8823931411530815,0.9259705968641002,14203,1893,378
Gorilla_gorilla,Saimiri_sciureus,same-order,5,1,4,550,341,209,16237,85.98676293622142,0.9738994139293989,0.8881362252190665,0.9290427433772144,14291,1800,383
Gorilla_gorilla,Saimiri_sciureus,same-order,5,1,5,550,347,203,16233,86.2274368231047,0.9737056665307786,0.8908435382607074,0.930433371205973,14331,1756,387
Gorilla_gorilla,Saimiri_sciureus,same-order,5,1,6,550,350,200,16233,86.38387484957882,0.9737520347259903,0.8924597501087835,0.9313353442963251,14357,1730,387
Gorilla_gorilla,Aotus_azarai,same-order,1,0,1,111,31,80,16337,77.51344889420203,0.9705860339794925,0.8023759435713402,0.8785015072993937,12968,3194,393
Gorilla_gorilla,Aotus_azarai,same-order,1,0,2,111,38,73,16330,78.04017696998685,0.9705554316306045,0.8077851352187635,0.8817211564442043,13053,3106,396
Gorilla_gorilla,Aotus_azarai,same-order,1,0,3,111,38,73,16330,78.04017696998685,0.9705554316306045,0.8077851352187635,0.8817211564442043,13053,3106,396
Gorilla_gorilla,Aotus_azarai,same-order,1,1,1,111,32,79,16347,77.72002150923105,0.9708911777877295,0.804701515620167,0.8800189425971653,13008,3157,390
Gorilla_gorilla,Aotus_azarai,same-order,1,1,2,111,44,67,16324,78.70763345089365,0.9701591511936339,0.8152941176470588,0.8860103626943004,13167,2983,405
Gorilla_gorilla,Aotus_azarai,same-order,1,1,3,111,49,62,16324,78.8809851156674,0.9702227777369311,0.8170897832817338,0.8870962320594266,13196,2954,405
Gorilla_gorilla,Aotus_azarai,same-order,1,1,4,111,49,62,16324,78.8809851156674,0.9702227777369311,0.8170897832817338,0.8870962320594266,13196,2954,405
Gorilla_gorilla,Aotus_azarai,same-order,1,2,1,111,25,86,16347,77.14729423008004,0.9703252948689054,0.7992574257425743,0.876522683315802,12916,3244,395
Gorilla_gorilla,Aotus_azarai,same-order,1,2,2,111,31,80,16342,77.7299880525687,0.9703206562266965,0.80534752738751,0.8801704603104813,13012,3145,398
Gorilla_gorilla,Aotus_azarai,same-order,1,2,3,111,31,80,16342,77.7299880525687,0.9703206562266965,0.80534752738751,0.8801704603104813,13012,3145,398
Gorilla_gorilla,Saimiri_sciureus,same-order,5,2,1,550,159,391,16312,81.05983316329592,0.974671669793621,0.8377473174967438,0.9010373236383044,13507,2616,351
Gorilla_gorilla,Saimiri_sciureus,same-order,5,2,2,550,266,284,16264,84.00456840586679,0.9740712344044051,0.8679046081232145,0.9179283391901212,13975,2127,372
Gorilla_gorilla,Saimiri_sciureus,same-order,5,2,3,550,302,248,16255,85.09077792473248,0.97392142021606,0.879403541472507,0.9242523181402638,14154,1941,379
Gorilla_gorilla,Saimiri_sciureus,same-order,5,2,4,550,318,232,16245,85.90846213989295,0.9739533615164325,0.887646035297042,0.9287990116392483,14284,1808,382
Gorilla_gorilla,Saimiri_sciureus,same-order,5,2,5,550,328,222,16239,86.32946412461659,0.9736806403473071,0.8923287330598035,0.9312313481250811,14354,1732,388
Gorilla_gorilla,Saimiri_sciureus,same-order,5,2,6,550,335,215,16238,86.53395080291092,0.9736753062191243,0.8944979794839913,0.9324087875056704,14388,1697,389
Gorilla_gorilla,Saimiri_sciureus,same-order,6,0,1,659,183,476,16311,81.4690350456073,0.9746571900351784,0.8421313814279511,0.9035607321131446,13576,2545,353
Gorilla_gorilla,Saimiri_sciureus,same-order,6,0,2,659,336,323,16252,84.792543595911,0.973893224670212,0.8760561630218688,0.9223875715453802,14101,1995,378
Gorilla_gorilla,Saimiri_sciureus,same-order,6,0,3,659,407,252,16232,86.53950297851857,0.9737964655697745,0.8940137999627028,0.9322011926367644,14382,1705,387
Gorilla_gorilla,Saimiri_sciureus,same-order,6,0,4,659,436,223,16223,87.30741454020222,0.9736241610738255,0.9021205148933524,0.9365094735483039,14507,1574,393
Gorilla_gorilla,Saimiri_sciureus,same-order,6,0,5,659,452,207,16219,87.8129513721714,0.9735121430477716,0.9075698202400946,0.9393851601480766,14591,1486,397
Gorilla_gorilla,Saimiri_sciureus,same-order,6,0,6,659,455,204,16218,87.96340876263842,0.9734914080191821,0.9091813884050759,0.9402380186555163,14616,1460,398
Gorilla_gorilla,Saimiri_sciureus,same-order,6,1,1,659,183,476,16300,81.4683635490455,0.9742982267212291,0.8420824025812856,0.9033782659344317,13571,2545,358
Gorilla_gorilla,Saimiri_sciureus,same-order,6,1,2,659,323,336,16235,84.88057276938812,0.9733682903270319,0.8769269020387866,0.9226342292852004,14108,1980,386
Gorilla_gorilla,Saimiri_sciureus,same-order,6,1,3,659,386,273,16216,86.70398459130854,0.9731135580625548,0.8960562328937547,0.9329965348618802,14405,1671,398
Gorilla_gorilla,Saimiri_sciureus,same-order,6,1,4,659,433,226,16198,87.7145438121048,0.9728159230563719,0.9065164623140599,0.9384967299204228,14565,1502,407
Gorilla_gorilla,Saimiri_sciureus,same-order,6,1,5,659,447,212,16195,88.20305913525232,0.9727055385841413,0.9118471020357343,0.9412936602294271,14647,1416,411
Gorilla_gorilla,Saimiri_sciureus,same-order,6,1,6,659,459,200,16189,88.57831325301204,0.9728084684088654,0.9153956297080247,0.9432292000769773,14704,1359,411
Gorilla_gorilla,Saimiri_sciureus,same-order,6,2,1,659,195,464,16309,81.29837403251935,0.9742594190394018,0.8407793497145694,0.9026112443378631,13550,2566,358
Gorilla_gorilla,Saimiri_sciureus,same-order,6,2,2,659,337,322,16250,84.84520589119327,0.9734464445823849,0.8772453228914165,0.9228455603504643,14114,1975,385
Gorilla_gorilla,Saimiri_sciureus,same-order,6,2,3,659,395,264,16235,86.78575724768434,0.9736167341430499,0.8971584903314058,0.9338251949648901,14429,1654,391
Gorilla_gorilla,Saimiri_sciureus,same-order,6,2,4,659,429,230,16222,87.4977438180615,0.9732967474233704,0.904696734059098,0.9377438179063095,14543,1532,399
Gorilla_gorilla,Saimiri_sciureus,same-order,6,2,5,659,439,220,16219,87.84141499217904,0.9731404958677686,0.9085308941571775,0.9397264682220435,14601,1470,403
Gorilla_gorilla,Saimiri_sciureus,same-order,6,2,6,659,449,210,16214,88.03177086467296,0.9730628533422016,0.9104486900242703,0.9407150205761318,14630,1439,405
Gorilla_gorilla,Saimiri_sciureus,same-order,7,0,1,769,233,536,16287,82.2303627191929,0.974036136007967,0.8500217269849153,0.9078131733351013,13693,2416,365
Gorilla_gorilla,Saimiri_sciureus,same-order,7,0,2,769,426,343,16237,86.04427333974976,0.9736573412293241,0.8891651644184746,0.929495093898239,14304,1783,387
Gorilla_gorilla,Saimiri_sciureus,same-order,7,0,3,769,495,274,16218,87.30741454020222,0.9732975511573297,0.9024010947997014,0.9365094735483037,14507,1569,398
Gorilla_gorilla,Saimiri_sciureus,same-order,7,0,4,769,526,243,16208,88.09151113786875,0.9732606092856193,0.9104031856645097,0.9407831286568508,14632,1440,402
Gorilla_gorilla,Saimiri_sciureus,same-order,7,0,5,769,545,224,16203,88.48076112482688,0.9732414889389324,0.9143746110765402,0.9428901437371664,14694,1376,404
Gorilla_gorilla,Saimiri_sciureus,same-order,7,0,6,769,556,213,16202,88.6861753371869,0.9731747604889329,0.9166666666666666,0.9440758901387688,14729,1339,406
Gorilla_gorilla,Saimiri_sciureus,same-order,7,1,1,769,226,543,16303,81.62995859089,0.9742157284056725,0.8441107111828224,0.9045085782683868,13602,2512,360
Gorilla_gorilla,Saimiri_sciureus,same-order,7,1,2,769,411,358,16250,85.1319665724764,0.9736643058516125,0.8799950282766764,0.9244630149507083,14160,1931,383
Gorilla_gorilla,Saimiri_sciureus,same-order,7,1,3,769,487,282,16230,86.6594490556959,0.973250472845177,0.8961313596218435,0.9331001878116704,14408,1670,396
Gorilla_gorilla,Saimiri_sciureus,same-order,7,1,4,769,517,252,16219,87.29843561973526,0.9731052984574111,0.902693958812916,0.9365781234870736,14509,1564,401
Gorilla_gorilla,Saimiri_sciureus,same-order,7,1,5,769,526,243,16218,87.6835138387485,0.9731552587646077,0.9067322050771528,0.9387702515540953,14573,1499,402
Gorilla_gorilla,Saimiri_sciureus,same-order,7,1,6,769,534,235,16215,87.94680466963534,0.9731655346917033,0.9094020284985377,0.9402039306507125,14615,1456,403
Gorilla_gorilla,Saimiri_sciureus,same-order,7,2,1,769,217,552,16293,81.59822286263208,0.9739859538483588,0.8435851281732978,0.9041077665059039,13591,2520,363
Gorilla_gorilla,Saimiri_sciureus,same-order,7,2,2,769,406,363,16245,85.14553764734184,0.9736606835843477,0.8798707351935865,0.9243927918516583,14158,1933,383
Gorilla_gorilla,Saimiri_sciureus,same-order,7,2,3,769,483,286,16233,86.54274198399807,0.9736058473199783,0.8944292464561054,0.9323395981853533,14386,1698,390
Gorilla_gorilla,Saimiri_sciureus,same-order,7,2,4,769,504,265,16232,87.0352544820118,0.9737497475937269,0.8994653071375279,0.9351346110339034,14467,1617,390
Gorilla_gorilla,Saimiri_sciureus,same-order,7,2,5,769,510,259,16228,87.36012513536278,0.9735836406302381,0.903047263681592,0.9369898370704952,14521,1559,394
Gorilla_gorilla,Saimiri_sciureus,same-order,7,2,6,769,520,249,16224,87.76246916551351,0.973505072076882,0.9073210176027866,0.939248575383922,14587,1490,397
Gorilla_gorilla,Aotus_azarai,same-order,2,0,1,221,61,160,16325,79.33157957670693,0.9706656912948062,0.8214064627955924,0.8898202789699571,13269,2885,401
Gorilla_gorilla,Aotus_azarai,same-order,2,0,2,221,88,133,16311,80.51916980680663,0.9705839942321557,0.8337152412212795,0.8969583902455275,13462,2685,408
Gorilla_gorilla,Aotus_azarai,same-order,2,0,3,221,91,130,16306,80.78717549946165,0.9703980456962207,0.836647463296785,0.8985729017664082,13506,2637,412
Gorilla_gorilla,Aotus_azarai,same-order,2,0,4,221,94,127,16306,80.9785859552578,0.9704659498207885,0.8386297466394103,0.899744126541056,13538,2605,412
Gorilla_gorilla,Aotus_azarai,same-order,2,0,5,221,96,125,16304,81.21560181861689,0.9705461824420932,0.8409837081087778,0.9011317248016992,13576,2567,412
Gorilla_gorilla,Aotus_azarai,same-order,2,0,6,221,97,124,16302,81.28028716721508,0.9704978927066219,0.8416553091314584,0.9014963007199496,13586,2556,413
Gorilla_gorilla,Saimiri_sciureus,same-order,8,0,1,879,243,636,16296,81.87222288939594,0.9744157793182305,0.8460536113179449,0.9057092563685276,13635,2481,358
Gorilla_gorilla,Saimiri_sciureus,same-order,8,0,2,879,482,397,16241,85.71084917007457,0.973563768016941,0.8859327407223224,0.9276833951702141,14252,1835,387
Gorilla_gorilla,Saimiri_sciureus,same-order,8,0,3,879,581,298,16209,87.5270888514327,0.9730308505654822,0.904735237384108,0.9376410653253371,14540,1531,403
Gorilla_gorilla,Saimiri_sciureus,same-order,8,0,4,879,621,258,16201,88.2901866345575,0.972867188536553,0.9128540305010894,0.9419056488647677,14665,1400,409
Gorilla_gorilla,Saimiri_sciureus,same-order,8,0,5,879,638,241,16190,88.76911959532698,0.972553935475358,0.9179848050815793,0.9444818196379945,14741,1317,416
Gorilla_gorilla,Saimiri_sciureus,same-order,8,0,6,879,649,230,16183,89.25495392398965,0.9724391364262747,0.9230721315559985,0.9471127728245933,14819,1235,420
Gorilla_gorilla,Aotus_azarai,same-order,2,1,1,221,65,156,16331,80.25584314663159,0.9712094907407407,0.8309710961193291,0.8956339014709316,13426,2731,398
Gorilla_gorilla,Aotus_azarai,same-order,2,1,2,221,98,123,16301,82.44617224880383,0.9705012672486624,0.854300941993059,0.9087013843111404,13785,2351,419
Gorilla_gorilla,Aotus_azarai,same-order,2,1,3,221,114,107,16288,83.54771163625486,0.9703307392996109,0.8658854166666666,0.9151376146788991,13965,2163,427
Gorilla_gorilla,Aotus_azarai,same-order,2,1,4,221,119,102,16287,83.76211559171952,0.970402717127608,0.8680555555555556,0.9163802978235968,14000,2128,427
Gorilla_gorilla,Aotus_azarai,same-order,2,1,5,221,121,100,16287,83.98946990546847,0.970480470100242,0.8704117063492064,0.9177262772529663,14038,2090,427
Gorilla_gorilla,Aotus_azarai,same-order,2,1,6,221,122,99,16287,84.06724901280364,0.9705069761016715,0.8712177579365079,0.9181859766058944,14051,2077,427
Gorilla_gorilla,Saimiri_sciureus,same-order,8,1,1,879,269,610,16288,81.71281004143896,0.9740138878946238,0.8445161690770281,0.9046542553191489,13606,2505,363
Gorilla_gorilla,Saimiri_sciureus,same-order,8,1,2,879,464,415,16248,84.97113302862641,0.9738093597077676,0.8779048092456816,0.9233735254713589,14129,1965,380
Gorilla_gorilla,Saimiri_sciureus,same-order,8,1,3,879,552,327,16227,86.95024366764936,0.9734608648794288,0.8987562189054726,0.93461812067516,14452,1628,394
Gorilla_gorilla,Saimiri_sciureus,same-order,8,1,4,879,618,261,16215,87.9130801179799,0.9734719722722123,0.9084971385916895,0.9398629299527012,14605,1471,398
Gorilla_gorilla,Saimiri_sciureus,same-order,8,1,5,879,636,243,16210,88.50228750300987,0.973384533898305,0.9147585863613739,0.943161406209905,14702,1370,402
Gorilla_gorilla,Saimiri_sciureus,same-order,8,1,6,879,651,228,16200,89.02270127054857,0.9732078204199855,0.9201468849194,0.9459338409367202,14784,1283,407
Gorilla_gorilla,Saimiri_sciureus,same-order,8,2,1,879,232,647,16286,82.06606606606607,0.9740518962075848,0.8481688392302917,0.9067622270887251,13664,2446,364
Gorilla_gorilla,Saimiri_sciureus,same-order,8,2,2,879,454,425,16237,85.44962406015037,0.9734137316705496,0.8831281860002487,0.9260756192959584,14206,1880,388
Gorilla_gorilla,Saimiri_sciureus,same-order,8,2,3,879,543,336,16217,87.01329963290605,0.973080288040918,0.8995271867612293,0.9348592118449552,14459,1615,400
Gorilla_gorilla,Saimiri_sciureus,same-order,8,2,4,879,581,298,16214,87.4887163747969,0.9730272404792183,0.9046107896210566,0.9375725525602993,14538,1533,403
Gorilla_gorilla,Saimiri_sciureus,same-order,8,2,5,879,596,283,16209,87.98146364949446,0.972913616398243,0.9098773884359246,0.9403402695140385,14619,1448,407
Gorilla_gorilla,Saimiri_sciureus,same-order,8,2,6,879,611,268,16199,88.44810980014448,0.9726598702502317,0.9148247307141523,0.9428562261366189,14693,1368,413
Gorilla_gorilla,Aotus_azarai,same-order,2,2,1,221,69,152,16332,79.19555343055224,0.97069811735404,0.8202414113277623,0.8891498356035697,13251,2904,400
Gorilla_gorilla,Aotus_azarai,same-order,2,2,2,221,101,120,16315,81.19096018175296,0.9706239725537846,0.841179385530228,0.9012775842044135,13580,2564,411
Gorilla_gorilla,Aotus_azarai,same-order,2,2,3,221,111,110,16308,81.9372197309417,0.970469513490546,0.8491758582228282,0.9057800984830959,13704,2434,417
Gorilla_gorilla,Aotus_azarai,same-order,2,2,4,221,115,106,16306,82.29596412556054,0.9704575900726221,0.8529995042141795,0.9079455127147993,13764,2372,419
Gorilla_gorilla,Aotus_azarai,same-order,2,2,5,221,120,101,16306,82.42750373692078,0.9705033438929954,0.8543629152206247,0.9087373520978215,13786,2350,419
Gorilla_gorilla,Aotus_azarai,same-order,2,2,6,221,120,101,16306,82.42750373692078,0.9705033438929954,0.8543629152206247,0.9087373520978215,13786,2350,419
Gorilla_gorilla,Aotus_azarai,same-order,3,0,1,332,104,228,16316,81.49300155520996,0.9713389419649223,0.8434346561010339,0.9028794857351139,13624,2529,402
Gorilla_gorilla,Aotus_azarai,same-order,3,0,2,332,174,158,16282,84.12954980842912,0.970846286701209,0.871071716357776,0.9182566649242028,14053,2080,422
Gorilla_gorilla,Aotus_azarai,same-order,3,0,3,332,197,135,16266,85.18718179095538,0.9707187222715173,0.881929802802927,0.9241966403483122,14222,1904,429
Gorilla_gorilla,Aotus_azarai,same-order,3,0,4,332,209,123,16262,85.6646498532319,0.9707419727106102,0.886876705532126,0.9269162210338681,14300,1824,431
Gorilla_gorilla,Aotus_azarai,same-order,3,0,5,332,213,119,16260,85.79729244039775,0.9705902283661991,0.8884684572917313,0.9277155256169441,14323,1798,434
Gorilla_gorilla,Aotus_azarai,same-order,3,0,6,332,213,119,16259,85.80243215719163,0.9705902283661991,0.8884684572917313,0.9277155256169441,14323,1798,434
Gorilla_gorilla,Aotus_azarai,same-order,3,1,1,332,87,245,16323,80.66001076104502,0.9709268854346574,0.8353662311931149,0.8980597064598795,13492,2659,404
Gorilla_gorilla,Aotus_azarai,same-order,3,1,2,332,162,170,16279,83.81693090038887,0.9698186349162398,0.8691606179043365,0.9167348274169803,14010,2109,436
Gorilla_gorilla,Aotus_azarai,same-order,3,1,3,332,206,126,16260,85.63390398659165,0.9697668112798264,0.8880749891365075,0.9271248501344739,14306,1803,446
Gorilla_gorilla,Aotus_azarai,same-order,3,1,4,332,221,111,16252,86.78081781715859,0.9698247022614747,0.9000869349230005,0.9336553945249598,14495,1609,451
Gorilla_gorilla,Aotus_azarai,same-order,3,1,5,332,238,94,16248,87.52319942525295,0.9698155764893194,0.9080124223602485,0.9378969654199012,14619,1481,455
Gorilla_gorilla,Aotus_azarai,same-order,3,1,6,332,242,90,16246,87.81583043946833,0.9698472525292601,0.9110503757997391,0.939529818717571,14667,1432,456
Gorilla_gorilla,Aotus_azarai,same-order,3,2,1,332,94,238,16322,80.57033538590304,0.9708255294626135,0.8344891640866873,0.8975093233883857,13477,2673,405
Gorilla_gorilla,Aotus_azarai,same-order,3,2,2,332,164,168,16282,84.01173231174428,0.9706757037139498,0.8700638522100304,0.9176201372997711,14035,2096,424
Gorilla_gorilla,Aotus_azarai,same-order,3,2,3,332,194,138,16262,85.1246105919003,0.9706264089077122,0.8811782945736434,0.9237420361461448,14209,1916,430
Gorilla_gorilla,Aotus_azarai,same-order,3,2,4,332,201,131,16251,85.56620730976633,0.9701766304347826,0.886137999503599,0.9262550265922948,14281,1835,439
Gorilla_gorilla,Aotus_azarai,same-order,3,2,5,332,205,127,16245,85.91287674516148,0.9699634690840211,0.8899509651790702,0.9282361700061502,14338,1773,444
Gorilla_gorilla,Aotus_azarai,same-order,3,2,6,332,214,118,16241,86.28273506322287,0.9699541902452169,0.8937860823142343,0.9303137014182793,14398,1711,446
Gorilla_gorilla,Aotus_azarai,same-order,4,0,1,442,135,307,16306,82.2005504367596,0.9711599632430904,0.8508701306744287,0.907044299201162,13739,2408,408
Gorilla_gorilla,Aotus_azarai,same-order,4,0,2,442,246,196,16272,85.382497306357,0.9704721730847734,0.8848086347000806,0.9256627405172133,14264,1857,434
Gorilla_gorilla,Aotus_azarai,same-order,4,0,3,442,287,155,16247,87.11976047904191,0.9698040261298494,0.9035523537448764,0.9355066872427984,14549,1553,453
Gorilla_gorilla,Aotus_azarai,same-order,4,0,4,442,313,129,16228,88.31036548831635,0.9696072626800868,0.9158640402659541,0.9419697066530325,14739,1354,462
Gorilla_gorilla,Aotus_azarai,same-order,4,0,5,442,332,110,16225,88.8442873404829,0.9695325269695979,0.9216856237180683,0.9450038236043844,14829,1260,466
Gorilla_gorilla,Aotus_azarai,same-order,4,0,6,442,337,105,16221,89.04602109300096,0.9695308931950153,0.9236698160119343,0.9460448830176668,14860,1228,467
Gorilla_gorilla,Aotus_azarai,same-order,4,1,1,442,137,305,16318,81.9480985410189,0.971228119906456,0.8486593597126757,0.9058162590879049,13705,2444,406
Gorilla_gorilla,Aotus_azarai,same-order,4,1,2,442,258,184,16278,84.78247860690563,0.9703444969522635,0.8787991564322044,0.9223057644110275,14168,1954,433
Gorilla_gorilla,Aotus_azarai,same-order,4,1,3,442,280,162,16262,86.02562567357202,0.9702863317125878,0.8915916847657462,0.9292759434724962,14368,1747,440
Gorilla_gorilla,Aotus_azarai,same-order,4,1,4,442,294,148,16260,86.66546913358482,0.9704324505531344,0.8982251458359191,0.9329337071771568,14474,1640,441
Gorilla_gorilla,Aotus_azarai,same-order,4,1,5,442,300,142,16255,86.91980595316524,0.9704446673353394,0.9007012970893068,0.934273207158491,14513,1600,442
Gorilla_gorilla,Aotus_azarai,same-order,4,1,6,442,304,138,16250,87.05600479185385,0.9702917417718139,0.9021725636250776,0.9349930843706777,14534,1576,445
Gorilla_gorilla,Aotus_azarai,same-order,4,2,1,442,146,296,16312,81.82688281390202,0.9712439647827322,0.8469969040247678,0.9048753059469471,13679,2471,405
Gorilla_gorilla,Aotus_azarai,same-order,4,2,2,442,266,176,16258,85.46194838632417,0.9698967110627889,0.8858614697120158,0.9259763851044505,14273,1839,443
Gorilla_gorilla,Aotus_azarai,same-order,4,2,3,442,294,148,16221,87.13138336130424,0.9691333333333333,0.9033681332339051,0.9350958445902483,14537,1555,463
Gorilla_gorilla,Aotus_azarai,same-order,4,2,4,442,320,122,16219,88.04171911526704,0.9693769799366421,0.9128084022124169,0.9402426143456134,14688,1403,464
Gorilla_gorilla,Aotus_azarai,same-order,4,2,5,442,329,113,16217,88.46730204399688,0.969392446633826,0.9173348250357387,0.9426454620936323,14759,1330,466
Gorilla_gorilla,Aotus_azarai,same-order,4,2,6,442,335,107,16214,88.72969246448055,0.9694131516898088,0.9200024863252113,0.9440617425692054,14801,1287,467
Gorilla_gorilla,Aotus_azarai,same-order,5,0,1,552,162,390,16311,82.05572829466635,0.9707838143746463,0.8501424854417049,0.9064667415285026,13723,2419,413
Gorilla_gorilla,Aotus_azarai,same-order,5,0,2,552,294,258,16264,85.90503562660919,0.9704410173160173,0.8901228440253133,0.9285483140249822,14347,1771,437
Gorilla_gorilla,Aotus_azarai,same-order,5,0,3,552,354,198,16231,88.26102588686481,0.9699064928223363,0.9149583799229718,0.9416315049226441,14729,1369,457
Gorilla_gorilla,Aotus_azarai,same-order,5,0,4,552,399,153,16223,89.57147138148038,0.9700136301681054,0.9286646367986081,0.9488888888888889,14945,1148,462
Gorilla_gorilla,Aotus_azarai,same-order,5,0,5,552,409,143,16221,89.88191572259186,0.9701106294882578,0.9317715777045921,0.9505546751188589,14995,1098,462
Gorilla_gorilla,Aotus_azarai,same-order,5,0,6,552,413,139,16213,90.11213047910296,0.9700490575781048,0.9339382263377043,0.9516512047620556,15028,1063,464
Gorilla_gorilla,Aotus_azarai,same-order,5,1,1,552,155,397,16305,81.78827751196172,0.9705464868701207,0.84727385377943,0.9047304002646379,13675,2465,415
Gorilla_gorilla,Aotus_azarai,same-order,5,1,2,552,306,246,16273,85.3858588277555,0.9707323713585625,0.8844651162790698,0.9255930168413538,14262,1863,430
Gorilla_gorilla,Aotus_azarai,same-order,5,1,3,552,351,201,16241,87.3839333852513,0.96994481016025,0.9058560516673911,0.9368056001541326,14587,1516,452
Gorilla_gorilla,Aotus_azarai,same-order,5,1,4,552,393,159,16221,88.90553824023016,0.9697306485355649,0.9217623663932388,0.9451382694023194,14833,1259,463
Gorilla_gorilla,Aotus_azarai,same-order,5,1,5,552,423,129,16209,89.71161340607951,0.969545778526534,0.9302455704072117,0.9494891807855829,14963,1122,470
Gorilla_gorilla,Aotus_azarai,same-order,5,1,6,552,433,119,16206,89.98680896990047,0.9695090439276486,0.9331592364608593,0.9509869150587714,15008,1075,472
Gorilla_gorilla,Aotus_azarai,same-order,5,2,1,552,173,379,16317,81.6898881779585,0.9711381246889884,0.8459347328007926,0.9042229282499338,13661,2488,406
Gorilla_gorilla,Aotus_azarai,same-order,5,2,2,552,300,252,16266,85.5210390854133,0.9700590671464457,0.8866823879856026,0.9264987193204292,14288,1826,441
Gorilla_gorilla,Aotus_azarai,same-order,5,2,3,552,355,197,16248,87.45584096760673,0.9699183212696726,0.907092286672463,0.9374538686178235,14606,1496,453
Gorilla_gorilla,Aotus_azarai,same-order,5,2,4,552,391,161,16245,88.61676646706587,0.9701717582273502,0.919192546583851,0.9439943866811253,14799,1301,455
Gorilla_gorilla,Aotus_azarai,same-order,5,2,5,552,408,144,16234,89.36080992032589,0.9701482830385015,0.9267519880715706,0.9479537366548041,14917,1179,459
Gorilla_gorilla,Aotus_azarai,same-order,5,2,6,552,421,131,16230,89.67169901749341,0.9700583279325988,0.9300938296153607,0.9496558068711735,14968,1125,462
Gorilla_gorilla,Varecia_variegata,same-order,1,0,1,114,24,90,16349,72.79219648144922,0.9348296174781896,0.7791311913492014,0.8499084807809639,12537,3554,874
Gorilla_gorilla,Varecia_variegata,same-order,1,0,2,114,33,81,16345,73.50481941702473,0.9352098108747045,0.7868597712580806,0.8546448825276803,12659,3429,877
Gorilla_gorilla,Varecia_variegata,same-order,1,0,3,114,36,78,16345,73.68482173963535,0.9353578536153903,0.7887866732968672,0.8558421851289832,12690,3398,877
Gorilla_gorilla,Varecia_variegata,same-order,1,0,4,114,36,78,16345,73.68482173963535,0.9353578536153903,0.7887866732968672,0.8558421851289832,12690,3398,877
Gorilla_gorilla,Aotus_azarai,same-order,6,0,1,663,208,455,16301,82.7908089995213,0.9711518214360918,0.8570366699702676,0.9105327235036688,13836,2308,411
Gorilla_gorilla,Aotus_azarai,same-order,6,0,2,663,374,289,16244,86.93985142583273,0.9700534759358289,0.9009747314832061,0.934238903016062,14512,1595,448
Gorilla_gorilla,Aotus_azarai,same-order,6,0,3,663,461,202,16214,89.43961642193587,0.9694036637651033,0.927816463566277,0.9481542664718215,14923,1161,471
Gorilla_gorilla,Aotus_azarai,same-order,6,0,4,663,513,150,16203,90.81045438196858,0.9693498848221141,0.9423364020900722,0.9556522836235175,15149,927,479
Gorilla_gorilla,Aotus_azarai,same-order,6,0,5,663,540,123,16198,91.3059119798537,0.9694423223834988,0.9473094867807154,0.9582481200641852,15228,847,480
Gorilla_gorilla,Aotus_azarai,same-order,6,0,6,663,545,118,16189,91.5002099454142,0.9693695983731571,0.9490449822684004,0.9590996258920431,15254,819,482
Gorilla_gorilla,Aotus_azarai,same-order,6,1,1,663,215,448,16318,82.19219039645996,0.9713780918727916,0.8510835913312693,0.9072607260726072,13745,2405,405
Gorilla_gorilla,Aotus_azarai,same-order,6,1,2,663,379,284,16260,86.37969227084955,0.9702104767668617,0.8954816285998014,0.9313494496982215,14428,1684,443
Gorilla_gorilla,Aotus_azarai,same-order,6,1,3,663,454,209,16216,88.85491606714628,0.969643441282303,0.9210738922378969,0.9447348291687915,14821,1270,464
Gorilla_gorilla,Aotus_azarai,same-order,6,1,4,663,510,153,16207,90.08155432957544,0.9697243560777226,0.9338555265448216,0.9514520062070495,15022,1064,469
Gorilla_gorilla,Aotus_azarai,same-order,6,1,5,663,527,136,16203,90.4641957538683,0.9697203471552556,0.9378264113404625,0.9535067480008849,15084,1000,471
Gorilla_gorilla,Aotus_azarai,same-order,6,1,6,663,529,134,16196,90.65986802639472,0.9695900429845384,0.9398047385112867,0.9544650751547303,15113,968,474
Gorilla_gorilla,Aotus_azarai,same-order,6,2,1,663,205,458,16308,82.2488038277512,0.9709121717029088,0.8518862664932169,0.9075131157818325,13752,2391,412
Gorilla_gorilla,Aotus_azarai,same-order,6,2,2,663,374,289,16262,86.44473715722668,0.9704261325446969,0.8959354638535526,0.9316942535411223,14438,1677,440
Gorilla_gorilla,Aotus_azarai,same-order,6,2,3,663,458,205,16229,88.8296278540181,0.9700281395196649,0.9208548176678885,0.9448020906367519,14823,1274,458
Gorilla_gorilla,Aotus_azarai,same-order,6,2,4,663,503,160,16215,90.00599520383693,0.9699573588318904,0.9330640149160969,0.9511530663963507,15013,1077,465
Gorilla_gorilla,Aotus_azarai,same-order,6,2,5,663,531,132,16203,90.9450707603742,0.9697550994309099,0.9430419102101729,0.9562119731408215,15166,916,473
Gorilla_gorilla,Aotus_azarai,same-order,6,2,6,663,543,120,16181,91.59764734125555,0.9694467382328654,0.9494836381734478,0.9593613477072005,15262,812,481
Gorilla_gorilla,Varecia_variegata,same-order,1,1,1,114,32,82,16338,72.88411269241941,0.9346692491060786,0.7798980606663352,0.850298183789645,12547,3541,877
Gorilla_gorilla,Varecia_variegata,same-order,1,1,2,114,38,76,16335,73.31822934820495,0.9348888888888889,0.7845953002610966,0.8531737984181708,12621,3465,879
Gorilla_gorilla,Varecia_variegata,same-order,1,1,3,114,40,74,16335,73.46345997443942,0.9350092421441775,0.7861494467238592,0.8541420418087873,12646,3440,879
Gorilla_gorilla,Varecia_variegata,same-order,1,1,4,114,44,70,16335,73.63773672592076,0.9351530800442641,0.7880144224791744,0.8553017779427144,12676,3410,879
Gorilla_gorilla,Varecia_variegata,same-order,1,1,5,114,46,68,16335,73.7887765772046,0.9352772255356748,0.7896307348004475,0.8563049853372433,12702,3384,879
Gorilla_gorilla,Varecia_variegata,same-order,1,1,6,114,48,66,16333,73.84105960264901,0.9351824602707475,0.7902884854513803,0.8566518398706026,12711,3373,881
Gorilla_gorilla,Aotus_azarai,same-order,7,0,1,773,228,545,16308,83.06808663395955,0.9715885234429671,0.8597436373769274,0.912250730970137,13884,2265,406
Gorilla_gorilla,Aotus_azarai,same-order,7,0,2,773,441,332,16259,86.82792479942522,0.9703579792572766,0.9000744786494538,0.9338957400908008,14502,1610,443
Gorilla_gorilla,Aotus_azarai,same-order,7,0,3,773,514,259,16216,89.05940890833882,0.9696495006853338,0.9233064014916097,0.9459106682372417,14856,1234,465
Gorilla_gorilla,Aotus_azarai,same-order,7,0,4,773,570,203,16211,89.896264316124,0.9698537973864666,0.931816769221207,0.9504548768504136,14992,1097,466
Gorilla_gorilla,Aotus_azarai,same-order,7,0,5,773,585,188,16204,90.3519817713018,0.9695643780966475,0.9369481407785102,0.9529772633842457,15068,1014,473
Gorilla_gorilla,Aotus_azarai,same-order,7,0,6,773,596,177,16197,90.57645012296803,0.9695646590471299,0.9389963310739382,0.9540356973621861,15100,981,474
Gorilla_gorilla,Varecia_variegata,same-order,1,2,1,114,18,96,16344,72.6348800743365,0.9346136601404872,0.7773151025481666,0.8487377850162867,12507,3583,875
Gorilla_gorilla,Varecia_variegata,same-order,1,2,2,114,25,89,16338,73.39374927384686,0.9351591413767579,0.7852570078935919,0.8536774891043616,12634,3455,876
Gorilla_gorilla,Varecia_variegata,same-order,1,2,3,114,28,86,16338,73.63773672592076,0.9353600944510035,0.7878674871029896,0.8553017779427146,12676,3413,876
Gorilla_gorilla,Varecia_variegata,same-order,1,2,4,114,28,86,16338,73.63773672592076,0.9353600944510035,0.7878674871029896,0.8553017779427146,12676,3413,876
Gorilla_gorilla,Aotus_azarai,same-order,7,1,1,773,223,550,16301,83.13685596313805,0.9713346850311123,0.8605140910498607,0.9125722543352601,13893,2252,410
Gorilla_gorilla,Aotus_azarai,same-order,7,1,2,773,448,325,16251,87.04635285662954,0.9701641970364437,0.9023466600446983,0.9350273399807011,14535,1573,447
Gorilla_gorilla,Aotus_azarai,same-order,7,1,3,773,515,258,16218,88.99880095923261,0.9698177304501209,0.9224507549866402,0.9455414012738853,14845,1248,462
Gorilla_gorilla,Aotus_azarai,same-order,7,1,4,773,568,205,16206,90.27944351163349,0.9697262479871176,0.935965184954927,0.9525466624485922,15055,1030,470
Gorilla_gorilla,Aotus_azarai,same-order,7,1,5,773,605,168,16188,90.94726738256644,0.9692474905696566,0.9431379868109991,0.9560145041778338,15160,914,481
Gorilla_gorilla,Aotus_azarai,same-order,7,1,6,773,618,155,16177,91.34661545847335,0.9689986631867082,0.9473487677371173,0.9580514208389715,15222,846,487
Gorilla_gorilla,Aotus_azarai,same-order,7,2,1,773,236,537,16311,82.64536970567121,0.9715189873417721,0.8554179566563468,0.9097793875535067,13815,2335,405
Gorilla_gorilla,Aotus_azarai,same-order,7,2,2,773,442,331,16265,86.40119760479043,0.9707346609257266,0.8950992555831265,0.9313839400981152,14429,1691,435
Gorilla_gorilla,Aotus_azarai,same-order,7,2,3,773,519,254,16237,88.22366055375764,0.9704021094264996,0.9140072022848628,0.9413607878245299,14721,1385,449
Gorilla_gorilla,Aotus_azarai,same-order,7,2,4,773,556,217,16234,88.97279156178833,0.9704536540724278,0.9219400111780414,0.9455749816884813,14846,1257,452
Gorilla_gorilla,Aotus_azarai,same-order,7,2,5,773,578,195,16226,89.5882035605107,0.9703304551061481,0.9284383153186732,0.9489222564363036,14946,1152,457
Gorilla_gorilla,Aotus_azarai,same-order,7,2,6,773,587,186,16214,89.88905547226386,0.9701618122977347,0.931340872374798,0.9503550595992899,14989,1105,461
Gorilla_gorilla,Varecia_variegata,same-order,2,1,1,227,43,184,16334,74.45238510255069,0.9359433204294793,0.796494281452014,0.8606064676449847,12814,3274,877
Gorilla_gorilla,Varecia_variegata,same-order,2,1,2,227,78,149,16319,75.49988374796558,0.936211618855413,0.807773631840796,0.867263136809775,12989,3091,885
Gorilla_gorilla,Varecia_variegata,same-order,2,1,3,227,83,144,16311,75.7776614919472,0.9362114790604124,0.8106611930086459,0.8689245949729982,13033,3044,888
Gorilla_gorilla,Varecia_variegata,same-order,2,1,4,227,83,144,16311,75.7776614919472,0.9362114790604124,0.8106611930086459,0.8689245949729982,13033,3044,888
Gorilla_gorilla,Aotus_azarai,same-order,8,0,1,883,254,629,16296,83.41910004786979,0.9710245873093265,0.8638081665530702,0.9142838405036727,13941,2198,416
Gorilla_gorilla,Aotus_azarai,same-order,8,0,2,883,529,354,16238,87.33449164220238,0.9698602794411177,0.9052912681654453,0.93646408839779,14577,1525,453
Gorilla_gorilla,Aotus_azarai,same-order,8,0,3,883,603,280,16216,89.25852664388898,0.9695923948430786,0.9255967180507211,0.9470838898429054,14891,1197,467
Gorilla_gorilla,Aotus_azarai,same-order,8,0,4,883,664,219,16200,90.46591113509623,0.9693523515805705,0.9383629804702077,0.9536059667530498,15087,991,477
Gorilla_gorilla,Aotus_azarai,same-order,8,0,5,883,714,169,16194,91.28478886756238,0.969548321335287,0.9466318342974436,0.9579530433687922,15219,858,478
Gorilla_gorilla,Aotus_azarai,same-order,8,0,6,883,733,150,16178,91.75969271395991,0.9693146516198567,0.9513409246468795,0.9602436879788973,15289,782,484
Gorilla_gorilla,Varecia_variegata,same-order,2,2,1,227,37,190,16341,73.9854862119013,0.9351335485764602,0.7924880293514085,0.8579218418661011,12744,3337,884
Gorilla_gorilla,Varecia_variegata,same-order,2,2,2,227,65,162,16323,75.38774324716817,0.935688536409517,0.807441050208424,0.8668470093177036,12978,3095,892
Gorilla_gorilla,Varecia_variegata,same-order,2,2,3,227,74,153,16323,75.88730758059832,0.9360848380624821,0.8127916381509364,0.8700922441639748,13064,3009,892
Gorilla_gorilla,Varecia_variegata,same-order,2,2,4,227,78,149,16323,75.91054313099042,0.9361031518624642,0.813040502706402,0.8702427329937068,13068,3005,892
Gorilla_gorilla,Varecia_variegata,same-order,2,2,5,227,78,149,16323,75.91054313099042,0.9361031518624642,0.813040502706402,0.8702427329937068,13068,3005,892
Gorilla_gorilla,Varecia_variegata,same-order,2,0,1,227,37,190,16341,73.87188570764853,0.9354316811295779,0.7907005656741468,0.85699848408287,12720,3367,878
Gorilla_gorilla,Varecia_variegata,same-order,2,0,2,227,64,163,16329,75.53451080641413,0.9364016133679055,0.8084193508270116,0.8677167456450644,13001,3081,883
Gorilla_gorilla,Varecia_variegata,same-order,2,0,3,227,80,147,16321,76.2972863036783,0.9366528748751605,0.8166946569633639,0.8725701943844493,13130,2947,888
Gorilla_gorilla,Varecia_variegata,same-order,2,0,4,227,86,141,16316,76.76662017666202,0.9367465607715217,0.821875194425434,0.8755592377796189,13210,2863,892
Gorilla_gorilla,Varecia_variegata,same-order,2,0,5,227,89,138,16312,76.97001394700139,0.9366381444028004,0.8242578878586098,0.8768619662363455,13245,2824,896
Gorilla_gorilla,Varecia_variegata,same-order,2,0,6,227,91,136,16310,77.03841459870982,0.9366212110506607,0.8249937764500871,0.8772707719797492,13256,2812,897
Gorilla_gorilla,Aotus_azarai,same-order,8,1,1,883,259,624,16298,83.1408914148968,0.9708676819896604,0.8611352088238939,0.912715092604755,13897,2241,417
Gorilla_gorilla,Aotus_azarai,same-order,8,1,2,883,522,361,16247,87.09426278596239,0.969921301854075,0.9030675608544461,0.9353013055501962,14543,1561,451
Gorilla_gorilla,Aotus_azarai,same-order,8,1,3,883,608,275,16227,89.33021806853583,0.969758064516129,0.9267246737103791,0.9477531303629315,14911,1179,465
Gorilla_gorilla,Aotus_azarai,same-order,8,1,4,883,679,204,16220,90.28759736369084,0.9697535233927537,0.9368355610817531,0.9530103718694662,15069,1016,470
Gorilla_gorilla,Aotus_azarai,same-order,8,1,5,883,706,177,16196,91.19692971935716,0.9694033656297807,0.9460653188180405,0.9575921669867455,15208,867,480
Gorilla_gorilla,Aotus_azarai,same-order,8,1,6,883,719,164,16184,91.53416931661367,0.969311900374865,0.9492284718765555,0.9591650686869322,15256,816,483
Gorilla_gorilla,Aotus_azarai,same-order,8,2,1,883,276,607,16310,82.8128738932759,0.9715067724050811,0.8572047804817636,0.9107836041844859,13843,2306,406
Gorilla_gorilla,Aotus_azarai,same-order,8,2,2,883,509,374,16259,86.40718562874251,0.9703449667137382,0.8954946009681023,0.9314184282717444,14430,1684,441
Gorilla_gorilla,Aotus_azarai,same-order,8,2,3,883,604,279,16213,88.64971819162969,0.9695081967213115,0.9188937228091982,0.9435226547543076,14785,1305,465
Gorilla_gorilla,Aotus_azarai,same-order,8,2,4,883,654,229,16208,89.92024944534388,0.9696734561913999,0.9322392142235484,0.9505879369909035,14996,1090,469
Gorilla_gorilla,Aotus_azarai,same-order,8,2,5,883,695,188,16188,91.04164166566663,0.9694588205226503,0.9437706039684021,0.9564422592032275,15173,904,478
Gorilla_gorilla,Aotus_azarai,same-order,8,2,6,883,724,159,16177,91.5601176541209,0.969367651731808,0.948982766129534,0.9590669014084506,15253,820,482
Gorilla_gorilla,Varecia_variegata,same-order,3,0,1,340,53,287,16345,74.45141065830721,0.9357215817889976,0.7973762745585675,0.8610271903323262,12825,3259,881
Gorilla_gorilla,Varecia_variegata,same-order,3,0,2,340,93,247,16332,76.31548379602741,0.9368315984600029,0.8172150009328938,0.8729446935724962,13140,2939,886
Gorilla_gorilla,Varecia_variegata,same-order,3,0,3,340,119,221,16319,77.21673445671121,0.9371650211565585,0.8267388328978474,0.8784954055662061,13289,2785,891
Gorilla_gorilla,Varecia_variegata,same-order,3,0,4,340,122,218,16319,77.356188262638,0.9372711912137426,0.8282319273360707,0.8793843714908514,13313,2761,891
Gorilla_gorilla,Varecia_variegata,same-order,3,0,5,340,123,217,16319,77.356188262638,0.9372711912137426,0.8282319273360707,0.8793843714908514,13313,2761,891
Gorilla_gorilla,Varecia_variegata,same-order,3,0,6,340,123,217,16319,77.356188262638,0.9372711912137426,0.8282319273360707,0.8793843714908514,13313,2761,891
Gorilla_gorilla,Varecia_variegata,same-order,3,2,1,340,67,273,16329,74.77629285299244,0.9359272727272727,0.8001119124595871,0.862706978615003,12869,3215,881
Gorilla_gorilla,Varecia_variegata,same-order,3,2,2,340,116,224,16309,77.11312638065341,0.9369261195084051,0.8253484320557491,0.8776050281177639,13265,2807,893
Gorilla_gorilla,Varecia_variegata,same-order,3,2,3,340,149,191,16299,78.57516719976738,0.9378080099951412,0.8408115004045056,0.886664916655729,13511,2558,896
Gorilla_gorilla,Varecia_variegata,same-order,3,2,4,340,162,178,16288,79.32057471932988,0.9378911892152143,0.8489602789191881,0.8912127054671417,13636,2426,903
Gorilla_gorilla,Varecia_variegata,same-order,3,2,5,340,170,170,16286,79.62769051774288,0.9380482456140351,0.8522507938484528,0.8930936613055818,13688,2373,904
Gorilla_gorilla,Varecia_variegata,same-order,3,2,6,340,171,169,16285,79.68468206411077,0.9380864324361345,0.8528111574621755,0.8934185636944754,13697,2364,904
Gorilla_gorilla,Varecia_variegata,same-order,3,1,1,340,55,285,16339,74.70963995354239,0.9359086279644988,0.799863218104949,0.8625544753603755,12865,3219,881
Gorilla_gorilla,Varecia_variegata,same-order,3,1,2,340,105,235,16315,77.02365041548028,0.9368153226376422,0.8247775496235455,0.8772336201191263,13255,2816,894
Gorilla_gorilla,Varecia_variegata,same-order,3,1,3,340,131,209,16295,78.51162790697674,0.9371920327573044,0.8408468244084683,0.8864091371557978,13504,2556,905
Gorilla_gorilla,Varecia_variegata,same-order,3,1,4,340,150,190,16290,79.41039655773928,0.9376587710264332,0.8505324780469578,0.891973091241591,13657,2400,908
Gorilla_gorilla,Varecia_variegata,same-order,3,1,5,340,159,181,16287,79.73601581579253,0.9377051422319475,0.8541796437025041,0.8939956972423235,13713,2341,911
Gorilla_gorilla,Varecia_variegata,same-order,3,1,6,340,162,178,16285,79.93371322246773,0.9377216916780354,0.8564041863942188,0.8952201094034905,13747,2305,913
Gorilla_gorilla,Varecia_variegata,same-order,4,0,1,453,88,365,16321,75.24407252440726,0.9358872425009035,0.8053240452792636,0.8657105606258149,12948,3130,887
Gorilla_gorilla,Varecia_variegata,same-order,4,0,2,453,169,284,16301,77.29704582461038,0.936914076267005,0.8271313005600498,0.878606603430611,13292,2778,895
Gorilla_gorilla,Varecia_variegata,same-order,4,0,3,453,199,254,16290,78.34205933682374,0.9373564418458968,0.8382819794584501,0.8850552050473187,13467,2598,900
Gorilla_gorilla,Varecia_variegata,same-order,4,0,4,453,211,242,16290,78.96451425247237,0.9378195384827968,0.8449424214130097,0.8889616555879368,13574,2491,900
Gorilla_gorilla,Varecia_variegata,same-order,4,0,5,453,221,232,16290,79.48225712623618,0.9381995467966765,0.8504824151882976,0.8921901528013582,13663,2402,900
Gorilla_gorilla,Varecia_variegata,same-order,4,0,6,453,228,225,16285,79.8243062423643,0.9381880341880342,0.8543054604321026,0.8942840383236655,13721,2340,904
Gorilla_gorilla,Varecia_variegata,same-order,4,1,1,453,69,384,16329,74.98257029979084,0.9359634491261151,0.8025121253575426,0.8641156974992467,12906,3176,883
Gorilla_gorilla,Varecia_variegata,same-order,4,1,2,453,142,311,16301,77.85273932767244,0.9374606064850479,0.8328770532603286,0.8820796678857368,13386,2686,893
Gorilla_gorilla,Varecia_variegata,same-order,4,1,3,453,185,268,16282,79.38726775001456,0.9388992216022595,0.8477422564995646,0.8909952606635072,13630,2448,887
Gorilla_gorilla,Varecia_variegata,same-order,4,1,4,453,204,249,16275,80.13630803285373,0.9391084715680251,0.8559074223853668,0.8955797148623136,13757,2316,892
Gorilla_gorilla,Varecia_variegata,same-order,4,1,5,453,215,238,16271,80.68744538304689,0.9393651654910472,0.8618007591313546,0.8989128671101735,13850,2221,894
Gorilla_gorilla,Varecia_variegata,same-order,4,1,6,453,221,232,16266,81.13273511245775,0.9395411605937922,0.8665131619889228,0.9015507138463531,13924,2145,896
Gorilla_gorilla,Varecia_variegata,same-order,4,2,1,453,79,374,16324,74.68906195513193,0.9357751401733052,0.7990424672013928,0.8620203917359807,12851,3232,882
Gorilla_gorilla,Varecia_variegata,same-order,4,2,2,453,145,308,16299,76.91189299214888,0.9365484030876,0.8230132553363619,0.876117919841007,13225,2844,896
Gorilla_gorilla,Varecia_variegata,same-order,4,2,3,453,176,277,16280,78.1313630810402,0.9366064579119883,0.8364474339810662,0.8836979766408949,13430,2626,909
Gorilla_gorilla,Varecia_variegata,same-order,4,2,4,453,186,267,16268,78.64874301675978,0.9365255353059386,0.8421085425883232,0.8868110236220472,13515,2534,916
Gorilla_gorilla,Varecia_variegata,same-order,4,2,5,453,189,264,16267,78.86405959031657,0.9366231253023706,0.8444666001994018,0.8881606973162499,13552,2496,917
Gorilla_gorilla,Varecia_variegata,same-order,4,2,6,453,191,262,16267,78.95716945996276,0.9366931308249914,0.8454636091724825,0.8887433268922149,13568,2480,917
Gorilla_gorilla,Varecia_variegata,same-order,5,0,1,566,108,458,16323,75.677089387423,0.9364930955120828,0.8096629772416366,0.8684719535783364,13021,3061,883
Gorilla_gorilla,Varecia_variegata,same-order,5,0,2,566,211,355,16276,78.28365160689334,0.9372647427854455,0.8369747899159664,0.8842852915063627,13446,2619,900
Gorilla_gorilla,Varecia_variegata,same-order,5,0,3,566,275,291,16262,80.09318578916715,0.9380627557980901,0.8564489007909323,0.8953999414005275,13752,2305,908
Gorilla_gorilla,Varecia_variegata,same-order,5,0,4,566,311,255,16252,81.15933585785028,0.9384936674750741,0.8678669324694742,0.9017995857068876,13931,2121,913
Gorilla_gorilla,Varecia_variegata,same-order,5,0,5,566,322,244,16250,81.59044567433732,0.9386729222520107,0.8725856697819314,0.9044236357765579,14005,2045,915
Gorilla_gorilla,Varecia_variegata,same-order,5,0,6,566,325,241,16248,81.81182639091173,0.9387032085561497,0.8750623130608175,0.905766253869969,14043,2005,917
Gorilla_gorilla,Varecia_variegata,same-order,5,1,1,566,87,479,16327,75.38497297925504,0.9363406712378203,0.8066281166449045,0.8666577593693634,12973,3110,882
Gorilla_gorilla,Varecia_variegata,same-order,5,1,2,566,195,371,16294,77.86956774681482,0.9373249299719888,0.8329184816428127,0.8820428336079077,13385,2685,895
Gorilla_gorilla,Varecia_variegata,same-order,5,1,3,566,239,327,16274,79.61549665016021,0.9387923335852167,0.8501928580316038,0.8922986516927296,13666,2408,891
Gorilla_gorilla,Varecia_variegata,same-order,5,1,4,566,283,283,16245,80.96571028691393,0.938932846419152,0.8644004482629809,0.9001264222503161,13884,2178,903
Gorilla_gorilla,Varecia_variegata,same-order,5,1,5,566,305,261,16237,81.78848509595754,0.9393046157968782,0.8730929696743259,0.9049893500290453,14021,2038,906
Gorilla_gorilla,Varecia_variegata,same-order,5,1,6,566,323,243,16233,82.38828608097072,0.9395290047897819,0.8796088689586448,0.9085820895522388,14123,1933,909
Gorilla_gorilla,Varecia_variegata,same-order,5,2,1,566,118,448,16325,75.50984835279763,0.9361763434663594,0.8082592201007526,0.8675277861219586,12996,3083,886
Gorilla_gorilla,Varecia_variegata,same-order,5,2,2,566,213,353,16296,78.05303558967202,0.9371596145789695,0.8354808590102708,0.8834040872741633,13422,2643,900
Gorilla_gorilla,Varecia_variegata,same-order,5,2,3,566,264,302,16279,79.72068664533023,0.9379706969738464,0.8531041783423625,0.8935268221098973,13700,2359,906
Gorilla_gorilla,Varecia_variegata,same-order,5,2,4,566,302,264,16272,80.9645852749301,0.9394430927277643,0.8650196029622254,0.9006965818888708,13900,2169,896
Gorilla_gorilla,Varecia_variegata,same-order,5,2,5,566,313,253,16271,81.27803343624396,0.9396592363122096,0.8683178791461821,0.9025810207646031,13953,2116,896
Gorilla_gorilla,Varecia_variegata,same-order,5,2,6,566,319,247,16267,81.46443758373624,0.9395364460866644,0.870525988173047,0.9037156704361874,13985,2080,900
Saimiri_boliviensis,Homo_sapiens,same-order,1,1,1,111,34,77,16450,74.11627906976744,0.9444362127722625,0.8058663632340856,0.8696660640583962,12748,3071,750
Saimiri_boliviensis,Homo_sapiens,same-order,1,1,2,111,43,68,16446,74.70783185068899,0.9446404940449934,0.8124051593323217,0.8735468080766878,12849,2967,753
Saimiri_boliviensis,Homo_sapiens,same-order,1,1,3,111,43,68,16446,74.70783185068899,0.9446404940449934,0.8124051593323217,0.8735468080766878,12849,2967,753
Gorilla_gorilla,Varecia_variegata,same-order,6,0,1,679,122,557,16313,75.76867189770415,0.9359563469270534,0.8110495862626765,0.8690376987433752,13036,3037,892
Gorilla_gorilla,Varecia_variegata,same-order,6,0,2,679,249,430,16275,78.95624854549686,0.9369649268157968,0.845439820583105,0.8888525019648938,13571,2481,913
Gorilla_gorilla,Varecia_variegata,same-order,6,0,3,679,320,359,16259,80.67804508650318,0.9384740479739803,0.8625521579373482,0.8989128671101737,13850,2207,908
Gorilla_gorilla,Varecia_variegata,same-order,6,0,4,679,360,319,16237,81.6734693877551,0.9388069705093833,0.8726015449788188,0.904494382022472,14007,2045,913
Gorilla_gorilla,Varecia_variegata,same-order,6,0,5,679,385,294,16227,82.36529041287613,0.9387836490528415,0.8803290949887809,0.908617195792724,14124,1920,921
Gorilla_gorilla,Varecia_variegata,same-order,6,0,6,679,398,281,16224,82.6558581676095,0.9388579756226815,0.8834933300087271,0.9103346393474212,14173,1869,923
Saimiri_boliviensis,Homo_sapiens,same-order,1,0,1,111,39,72,16444,74.24286461663664,0.9439065848791663,0.807843137254902,0.8705906410824443,12772,3038,759
Saimiri_boliviensis,Homo_sapiens,same-order,1,0,2,111,49,62,16440,74.95640041855599,0.9442003514938488,0.8157145568419055,0.8752672843905915,12894,2913,762
Saimiri_boliviensis,Homo_sapiens,same-order,1,0,3,111,51,60,16438,75.12498546680618,0.9441806093373274,0.8176526415691237,0.8763732537637325,12923,2882,764
Saimiri_boliviensis,Homo_sapiens,same-order,1,0,4,111,51,60,16438,75.12498546680618,0.9441806093373274,0.8176526415691237,0.8763732537637325,12923,2882,764
Gorilla_gorilla,Varecia_variegata,same-order,6,1,1,679,121,558,16320,75.60451057893513,0.9363616730257001,0.808842733660842,0.8679434138529295,13007,3074,884
Gorilla_gorilla,Varecia_variegata,same-order,6,1,2,679,247,432,16292,78.21787936951085,0.9372081678165726,0.8371513944223108,0.8843586624140992,13448,2616,901
Gorilla_gorilla,Varecia_variegata,same-order,6,1,3,679,303,376,16272,79.71225535880708,0.9385501680268843,0.8516398033480614,0.8929853181076672,13685,2384,896
Gorilla_gorilla,Varecia_variegata,same-order,6,1,4,679,340,339,16272,80.58014911463188,0.9391717583163611,0.8609123156388077,0.8983408552225722,13834,2235,896
Gorilla_gorilla,Varecia_variegata,same-order,6,1,5,679,354,325,16268,81.05195712954334,0.939250759365508,0.8661686896981015,0.9012305699481864,13915,2150,900
Gorilla_gorilla,Varecia_variegata,same-order,6,1,6,679,362,317,16264,81.3712355099901,0.9392818719741797,0.8696924417880713,0.9031486390379517,13969,2093,903
Gorilla_gorilla,Varecia_variegata,same-order,6,2,1,679,138,541,16318,75.8398233174474,0.9362847097653727,0.8116564035578777,0.8695275538082229,13049,3028,888
Gorilla_gorilla,Varecia_variegata,same-order,6,2,2,679,281,398,16286,78.80162885398488,0.937439446366782,0.8434095012763838,0.8879420536855559,13546,2515,904
Gorilla_gorilla,Varecia_variegata,same-order,6,2,3,679,357,322,16259,80.96208724011414,0.9384366140137708,0.8660063539525322,0.9007678102828263,13902,2151,912
Gorilla_gorilla,Varecia_variegata,same-order,6,2,4,679,391,288,16254,81.96654426764586,0.9396632366697848,0.8755447640393476,0.9064715740621373,14063,1999,903
Gorilla_gorilla,Varecia_variegata,same-order,6,2,5,679,405,274,16252,82.18802821006004,0.9396907903505265,0.8780199252801992,0.9078091804545162,14101,1959,905
Gorilla_gorilla,Varecia_variegata,same-order,6,2,6,679,410,269,16247,82.48600746268657,0.9398790938683319,0.8809464508094645,0.909459068556552,14148,1912,905
Gorilla_gorilla,Varecia_variegata,same-order,7,0,1,792,139,653,16313,76.25138073367827,0.9365895458440445,0.8158238477327859,0.8720454772115288,13116,2961,888
Gorilla_gorilla,Varecia_variegata,same-order,7,0,2,792,287,505,16286,78.64789387945078,0.9374479889042996,0.8415613521758077,0.8869205786832004,13518,2545,902
Gorilla_gorilla,Varecia_variegata,same-order,7,0,3,792,348,444,16255,80.31688705073688,0.9379591836734694,0.8589048775929733,0.8966930055604331,13788,2265,912
Gorilla_gorilla,Varecia_variegata,same-order,7,0,4,792,386,406,16247,81.09745441836081,0.9380137447783318,0.867684636958554,0.9014795868812122,13922,2123,920
Gorilla_gorilla,Varecia_variegata,same-order,7,0,5,792,411,381,16238,81.7816359822885,0.9381140145692709,0.8751792505767192,0.9055544803561061,14037,2002,926
Gorilla_gorilla,Varecia_variegata,same-order,7,0,6,792,425,367,16232,82.27958743662957,0.938268323476643,0.8805188326265901,0.9084767572784301,14120,1916,929
Saimiri_boliviensis,Homo_sapiens,same-order,1,2,1,111,35,76,16449,74.31544677635021,0.9444403398596232,0.8081810709995574,0.8710139002452985,12783,3034,752
Saimiri_boliviensis,Homo_sapiens,same-order,1,2,2,111,45,66,16439,75.11775309647031,0.9445744369698742,0.8170261210549618,0.8761827245904975,12918,2893,758
Saimiri_boliviensis,Homo_sapiens,same-order,1,2,3,111,47,64,16439,75.25149735418968,0.9446674939776626,0.8184808045031939,0.8770586241951879,12941,2870,758
Saimiri_boliviensis,Homo_sapiens,same-order,1,2,4,111,48,63,16439,75.30964703145898,0.9447078561528922,0.8191132755676428,0.8774390243902439,12951,2860,758
Saimiri_boliviensis,Homo_sapiens,same-order,1,2,5,111,49,62,16437,75.36636427076064,0.9446752678766674,0.8197343453510436,0.8777811642791832,12960,2850,759
Saimiri_boliviensis,Homo_sapiens,same-order,1,2,6,111,49,62,16437,75.36636427076064,0.9446752678766674,0.8197343453510436,0.8777811642791832,12960,2850,759
Gorilla_gorilla,Varecia_variegata,same-order,7,1,1,792,144,648,16317,76.17553036907876,0.9365442332428183,0.8152018411395161,0.8716703801004291,13106,2971,888
Gorilla_gorilla,Varecia_variegata,same-order,7,1,2,792,315,477,16290,79.34984880204699,0.9377362380592399,0.8496793075533968,0.8915387128389416,13645,2414,906
Gorilla_gorilla,Varecia_variegata,same-order,7,1,3,792,400,392,16254,81.56239077245718,0.9388453027559847,0.8721734255279388,0.9042821158690176,14001,2052,912
Gorilla_gorilla,Varecia_variegata,same-order,7,1,4,792,472,320,16239,83.01183052625444,0.9393299920865207,0.8877531941414771,0.9128136114582331,14244,1801,920
Gorilla_gorilla,Varecia_variegata,same-order,7,1,5,792,502,290,16231,83.80252957976336,0.9394929430214323,0.896439927676289,0.9174616341766902,14378,1661,926
Gorilla_gorilla,Varecia_variegata,same-order,7,1,6,792,524,268,16223,84.41581156716418,0.9397066458982347,0.9029059615864305,0.9209388118559981,14479,1557,929
Saimiri_boliviensis,Homo_sapiens,same-order,2,0,1,221,67,154,16430,76.0954320628455,0.9454164256795836,0.8269255090426204,0.8822100789313904,13077,2737,755
Saimiri_boliviensis,Homo_sapiens,same-order,2,0,2,221,102,119,16406,77.84051222351572,0.9452887537993921,0.8466603355492245,0.8932603032529557,13373,2422,774
Saimiri_boliviensis,Homo_sapiens,same-order,2,0,3,221,107,114,16406,78.17229336437718,0.9455083075190087,0.8502690724912947,0.8953631787726257,13430,2365,774
Saimiri_boliviensis,Homo_sapiens,same-order,2,0,4,221,112,109,16401,78.44792455027071,0.9455476808645007,0.8532261128348002,0.8970177073625349,13475,2318,776
Saimiri_boliviensis,Homo_sapiens,same-order,2,0,5,221,115,106,16401,78.57600279443442,0.9456316121348,0.8546191350598367,0.8978247854719618,13497,2296,776
Saimiri_boliviensis,Homo_sapiens,same-order,2,0,6,221,116,105,16401,78.68079408511382,0.9457000909663424,0.8557588805166846,0.8984842441164738,13515,2278,776
Gorilla_gorilla,Varecia_variegata,same-order,7,2,1,792,176,616,16321,76.03742880390561,0.9366408934707904,0.8136194029850746,0.8708067092651757,13083,2997,885
Gorilla_gorilla,Varecia_variegata,same-order,7,2,2,792,311,481,16291,78.72266170311772,0.9375822653273294,0.8425049800796812,0.8875045083445358,13534,2530,901
Gorilla_gorilla,Varecia_variegata,same-order,7,2,3,792,379,413,16250,80.95515773514491,0.9391827898795833,0.8641229926552969,0.9000907676348547,13883,2183,899
Gorilla_gorilla,Varecia_variegata,same-order,7,2,4,792,438,354,16238,82.30284647690154,0.939664358018114,0.8786350333146522,0.9081255028157682,14110,1949,906
Gorilla_gorilla,Varecia_variegata,same-order,7,2,5,792,470,322,16229,83.12521881199673,0.9400197954470472,0.8872695565520677,0.9128832783313575,14246,1810,909
Gorilla_gorilla,Varecia_variegata,same-order,7,2,6,792,488,304,16221,83.55996498395098,0.9399947478991597,0.892031649118435,0.9153853530671611,14318,1733,914
Saimiri_boliviensis,Homo_sapiens,same-order,2,2,1,221,64,157,16443,75.2791346824843,0.9450284713096803,0.8184749620637329,0.8772108152063428,12945,2871,753
Saimiri_boliviensis,Homo_sapiens,same-order,2,2,2,221,85,136,16431,76.46579804560261,0.945279355720141,0.8316042510121457,0.8848056537102473,13146,2662,761
Saimiri_boliviensis,Homo_sapiens,same-order,2,2,3,221,96,125,16425,77.04794042355131,0.9455233471369413,0.8378463874478046,0.888434187575473,13243,2563,763
Saimiri_boliviensis,Homo_sapiens,same-order,2,2,4,221,99,122,16425,77.08866651151966,0.9455505601941054,0.8382892572440845,0.8886951272678494,13250,2556,763
Saimiri_boliviensis,Homo_sapiens,same-order,2,2,5,221,99,122,16425,77.08866651151966,0.9455505601941054,0.8382892572440845,0.8886951272678494,13250,2556,763
Saimiri_boliviensis,Homo_sapiens,same-order,2,1,1,221,61,160,16435,75.90459569517161,0.9453017459972469,0.8250916909067915,0.8811155755140628,13048,2766,755
Saimiri_boliviensis,Homo_sapiens,same-order,2,1,2,221,97,124,16406,77.65815049758483,0.9449755683025282,0.8449848024316109,0.892187343295557,13344,2448,777
Saimiri_boliviensis,Homo_sapiens,same-order,2,1,3,221,107,114,16399,78.33653454397299,0.9450881258338599,0.8525368974472667,0.8964299986679098,13459,2328,782
Saimiri_boliviensis,Homo_sapiens,same-order,2,1,4,221,113,108,16397,78.5809906291834,0.9451172558627932,0.8553056699398163,0.8979714000665114,13501,2284,784
Saimiri_boliviensis,Homo_sapiens,same-order,2,1,5,221,114,107,16396,78.64959254947614,0.9451594851706772,0.8560025340513145,0.8983743891492969,13512,2273,784
Saimiri_boliviensis,Homo_sapiens,same-order,2,1,6,221,114,107,16396,78.64959254947614,0.9451594851706772,0.8560025340513145,0.8983743891492969,13512,2273,784
Gorilla_gorilla,Varecia_variegata,same-order,8,0,1,905,155,750,16321,75.8442313281023,0.9365535060647384,0.8114545115353523,0.8695275538082228,13049,3032,884
Gorilla_gorilla,Varecia_variegata,same-order,8,0,2,905,326,579,16277,79.03160100098935,0.9374568548943808,0.8456317329846192,0.8891798985103946,13580,2479,906
Gorilla_gorilla,Varecia_variegata,same-order,8,0,3,905,433,472,16262,80.97455900331839,0.9382757690232056,0.8666043613707165,0.9010170369890523,13909,2141,915
Gorilla_gorilla,Varecia_variegata,same-order,8,0,4,905,493,412,16251,82.1318258639781,0.9394707019532031,0.8776857445350937,0.9075278511172645,14093,1964,908
Gorilla_gorilla,Varecia_variegata,same-order,8,0,5,905,520,385,16245,82.81750888850033,0.9396865286687388,0.8851305052015199,0.9115929941618015,14209,1844,912
Gorilla_gorilla,Varecia_variegata,same-order,8,0,6,905,547,358,16238,83.41494695114842,0.9398357963875206,0.8915820300330238,0.915073223764149,14309,1740,916
Gorilla_gorilla,Varecia_variegata,same-order,8,1,1,905,167,738,16311,76.11020692862125,0.9361550010724244,0.8147088103534097,0.8712199341295452,13094,2978,893
Gorilla_gorilla,Varecia_variegata,same-order,8,1,2,905,363,542,16275,79.5473059467008,0.9375257166369496,0.8515634732776878,0.8924794359576967,13671,2383,911
Gorilla_gorilla,Varecia_variegata,same-order,8,1,3,905,469,436,16259,81.46594418225251,0.9392717990057773,0.8705560052300604,0.903609396710505,13982,2079,904
Gorilla_gorilla,Varecia_variegata,same-order,8,1,4,905,513,392,16253,82.44172494172494,0.9397502324963465,0.8809938971229294,0.9094240164566727,14147,1911,907
Gorilla_gorilla,Varecia_variegata,same-order,8,1,5,905,545,360,16245,83.10893512851897,0.939885307494562,0.8882451878153617,0.913335895465027,14259,1794,912
Gorilla_gorilla,Varecia_variegata,same-order,8,1,6,905,569,336,16234,83.8376771033759,0.9400496861924686,0.8959995014955134,0.9174961715160797,14379,1669,917
Saimiri_boliviensis,Homo_sapiens,same-order,3,0,1,332,99,233,16431,76.35084045832606,0.9451364389084888,0.8304548617701019,0.8840921336206896,13127,2680,762
Saimiri_boliviensis,Homo_sapiens,same-order,3,0,2,332,143,189,16397,78.54149691537656,0.9450280112044818,0.8549797263051191,0.8977514635444386,13495,2289,785
Saimiri_boliviensis,Homo_sapiens,same-order,3,0,3,332,166,166,16382,79.65292336361519,0.9453967376278684,0.8668483427340136,0.904420273084934,13678,2101,790
Saimiri_boliviensis,Homo_sapiens,same-order,3,0,4,332,178,154,16371,80.07105002620698,0.9450134029830229,0.8719005643985034,0.906985948941223,13749,2020,800
Saimiri_boliviensis,Homo_sapiens,same-order,3,0,5,332,185,147,16367,80.2085153474285,0.9449667192753722,0.8734064818925604,0.9077785102175346,13771,1996,802
Saimiri_boliviensis,Homo_sapiens,same-order,3,0,6,332,185,147,16367,80.2085153474285,0.9449667192753722,0.8734064818925604,0.9077785102175346,13771,1996,802
Saimiri_boliviensis,Homo_sapiens,same-order,3,1,1,332,104,228,16431,77.03363202606774,0.9460483064170359,0.8371695965600101,0.8882850241545893,13239,2575,755
Saimiri_boliviensis,Homo_sapiens,same-order,3,1,2,332,160,172,16400,79.33282878267451,0.9460566509302971,0.8629052684903749,0.9025698768048747,13627,2165,777
Saimiri_boliviensis,Homo_sapiens,same-order,3,1,3,332,181,151,16388,80.34934497816595,0.946047850826078,0.8744138892409073,0.9088214956040699,13800,1982,787
Saimiri_boliviensis,Homo_sapiens,same-order,3,1,4,332,187,145,16387,80.61604751368347,0.9462137780207763,0.8772652388797364,0.910435983428684,13845,1937,787
Saimiri_boliviensis,Homo_sapiens,same-order,3,1,5,332,189,143,16386,80.78378850521167,0.9463165075034107,0.8790394119883411,0.91143814466855,13873,1909,787
Saimiri_boliviensis,Homo_sapiens,same-order,3,1,6,332,190,142,16386,80.88278110988179,0.9463786877427267,0.8801165885185654,0.9120457007780952,13890,1892,787
Gorilla_gorilla,Varecia_variegata,same-order,8,2,1,905,180,725,16314,76.23227156475238,0.9364512674044984,0.8158631415241058,0.8720079787234043,13115,2960,890
Gorilla_gorilla,Varecia_variegata,same-order,8,2,2,905,360,545,16273,79.82655258716024,0.9379060384326061,0.8541446098274895,0.8940677966101694,13715,2342,908
Gorilla_gorilla,Varecia_variegata,same-order,8,2,3,905,463,442,16245,81.8997668997669,0.9388736722559957,0.8756386292834891,0.9061542925303846,14054,1996,915
Gorilla_gorilla,Varecia_variegata,same-order,8,2,4,905,508,397,16236,83.08759251704645,0.9391963109354414,0.8887295848397956,0.9132662865927871,14257,1785,923
Gorilla_gorilla,Varecia_variegata,same-order,8,2,5,905,550,355,16218,84.03405446381713,0.9393169078347021,0.8987775976050892,0.9186002039775625,14411,1623,931
Gorilla_gorilla,Varecia_variegata,same-order,8,2,6,905,588,317,16211,84.88541605924544,0.9394643433365601,0.9082797778748363,0.9236089080642091,14557,1470,938
Saimiri_boliviensis,Homo_sapiens,same-order,3,2,1,332,98,234,16425,76.27720237402536,0.9451333813987023,0.8292636639676113,0.8834153244827818,13109,2699,761
Saimiri_boliviensis,Homo_sapiens,same-order,3,2,2,332,155,177,16406,78.7938762442517,0.9459780557690963,0.8569258040010129,0.899252615844544,13536,2260,773
Saimiri_boliviensis,Homo_sapiens,same-order,3,2,3,332,177,155,16395,79.73216885007278,0.9461102666850905,0.8673126860472481,0.9049995043452401,13694,2095,780
Saimiri_boliviensis,Homo_sapiens,same-order,3,2,4,332,188,144,16390,80.37731454524281,0.946257197696737,0.8745011086474501,0.9089651993546901,13804,1981,784
Saimiri_boliviensis,Homo_sapiens,same-order,3,2,5,332,198,134,16388,80.64403423979503,0.9463577969113024,0.877407501267106,0.9105792622789137,13849,1935,785
Saimiri_boliviensis,Homo_sapiens,same-order,3,2,6,332,201,131,16387,80.85366563791999,0.9464249199100265,0.8797440283849711,0.9118670782163262,13885,1898,786
Saimiri_boliviensis,Homo_sapiens,same-order,4,0,1,442,124,318,16420,77.49461802525164,0.945548771830186,0.8428679913934944,0.8912607066381156,13319,2483,767
Saimiri_boliviensis,Homo_sapiens,same-order,4,0,2,442,237,205,16380,80.83867210250436,0.9461486025903204,0.8796501679447367,0.911688396991691,13880,1899,790
Saimiri_boliviensis,Homo_sapiens,same-order,4,0,3,442,278,164,16360,82.51674919895136,0.9462221925312312,0.8985029180411063,0.9217453551556958,14164,1600,805
Saimiri_boliviensis,Homo_sapiens,same-order,4,0,4,442,301,141,16348,83.28283416851183,0.9461176937843384,0.9072040622024754,0.9262523491672607,14293,1462,814
Saimiri_boliviensis,Homo_sapiens,same-order,4,0,5,442,309,133,16345,83.61305361305361,0.9462507419376113,0.9107528246794465,0.9281624995956916,14348,1406,815
Saimiri_boliviensis,Homo_sapiens,same-order,4,0,6,442,315,127,16343,83.77527827962003,0.946283983937858,0.9125245984891767,0.9290977249224406,14375,1378,816
Saimiri_boliviensis,Homo_sapiens,same-order,4,1,1,442,145,297,16413,77.99056988183247,0.945919231855408,0.8478137062583054,0.8941836019621584,13398,2405,766
Saimiri_boliviensis,Homo_sapiens,same-order,4,1,2,442,241,201,16372,80.952935694315,0.9458282292092011,0.8811259747670069,0.9123313749302524,13898,1875,796
Saimiri_boliviensis,Homo_sapiens,same-order,4,1,3,442,279,163,16350,82.54255071112148,0.9461481926905859,0.8983695996954895,0.9216400911161732,14161,1602,806
Saimiri_boliviensis,Homo_sapiens,same-order,4,1,4,442,305,137,16337,83.3070957961635,0.9460998543239306,0.9068867026340844,0.9260783614738957,14288,1467,814
Saimiri_boliviensis,Homo_sapiens,same-order,4,1,5,442,315,127,16327,83.69001107936323,0.9458283906682483,0.911411697466184,0.9283011545551567,14352,1395,822
Saimiri_boliviensis,Homo_sapiens,same-order,4,1,6,442,317,125,16326,83.78331098023209,0.9458231847804621,0.9124857106566747,0.9288554158451046,14368,1378,823
Saimiri_boliviensis,Homo_sapiens,same-order,4,2,1,442,146,296,16435,77.21879725485634,0.9459247648902821,0.8397849462365592,0.8897004623735174,13277,2533,759
Saimiri_boliviensis,Homo_sapiens,same-order,4,2,2,442,234,208,16388,79.73106700040748,0.9454030922142462,0.8681074914437825,0.9051080420273574,13697,2081,791
Saimiri_boliviensis,Homo_sapiens,same-order,4,2,3,442,264,178,16386,80.73116777273256,0.945975443383356,0.8790010775179058,0.9112593225350725,13868,1909,792
Saimiri_boliviensis,Homo_sapiens,same-order,4,2,4,442,274,168,16379,81.33659331703342,0.9459075214948209,0.8859860494610019,0.9149667659867063,13972,1798,799
Saimiri_boliviensis,Homo_sapiens,same-order,4,2,5,442,284,158,16374,81.85047164318155,0.9461533283973884,0.8914325575496227,0.9179781884673154,14057,1712,800
Saimiri_boliviensis,Homo_sapiens,same-order,4,2,6,442,289,153,16370,82.17550806498573,0.9461615822996983,0.8950907015095776,0.919917864476386,14112,1654,803
Saimiri_boliviensis,Homo_sapiens,same-order,5,0,1,553,169,384,16417,77.75385510619726,0.9456475583864119,0.8456426808429847,0.8928535631953494,13362,2439,768
Saimiri_boliviensis,Homo_sapiens,same-order,5,0,2,553,267,286,16380,80.13862193488264,0.9457657409953258,0.8719264892268694,0.907346346610393,13759,2021,789
Saimiri_boliviensis,Homo_sapiens,same-order,5,0,3,553,313,240,16358,81.64918414918415,0.9458583676500372,0.888628147396461,0.9163505559189014,14011,1756,802
Saimiri_boliviensis,Homo_sapiens,same-order,5,0,4,553,326,227,16355,82.06980945166366,0.9458697112155809,0.8934847427520142,0.9189312628453985,14084,1679,806
Saimiri_boliviensis,Homo_sapiens,same-order,5,0,5,553,338,215,16349,82.61249708556772,0.946128170894526,0.8991879203146809,0.9220610240062456,14173,1589,807
Saimiri_boliviensis,Homo_sapiens,same-order,5,0,6,553,345,208,16346,83.12831574651665,0.9464356829948227,0.9046440807004187,0.9250681198910081,14259,1503,807
Saimiri_boliviensis,Homo_sapiens,same-order,5,1,1,553,163,390,16416,78.02990632454762,0.9456353123677902,0.8489049246740094,0.8946631087391594,13411,2387,771
Saimiri_boliviensis,Homo_sapiens,same-order,5,1,2,553,285,268,16371,80.75735508301777,0.9458242358078602,0.8787321711568938,0.9110446584075449,13862,1913,794
Saimiri_boliviensis,Homo_sapiens,same-order,5,1,3,553,333,220,16352,82.02901928792028,0.9456536342872498,0.8932106598984771,0.9186843307446323,14077,1683,809
Saimiri_boliviensis,Homo_sapiens,same-order,5,1,4,553,347,206,16347,82.50961650542021,0.9458177445216461,0.898400812285823,0.9214997070884593,14157,1601,811
Saimiri_boliviensis,Homo_sapiens,same-order,5,1,5,553,358,195,16345,82.81750888850033,0.9459423473803342,0.901757948848131,0.9233218532718175,14209,1548,812
Saimiri_boliviensis,Homo_sapiens,same-order,5,1,6,553,365,188,16341,83.25171971551825,0.9461375380946071,0.9063848692561564,0.9258346839546191,14281,1475,813
Saimiri_boliviensis,Homo_sapiens,same-order,5,2,1,553,163,390,16414,77.74478984747934,0.9458885190169275,0.8449857639987346,0.892594572918059,13355,2450,764
Saimiri_boliviensis,Homo_sapiens,same-order,5,2,2,553,288,265,16364,81.17098747451209,0.9456359440749288,0.883625063419584,0.9135794374139401,13933,1835,801
Saimiri_boliviensis,Homo_sapiens,same-order,5,2,3,553,348,205,16352,82.7584197645962,0.9460467594751215,0.9012627704803604,0.9231119199272065,14203,1556,810
Saimiri_boliviensis,Homo_sapiens,same-order,5,2,4,553,369,184,16349,83.27700734180165,0.9461767626613704,0.9070830159939071,0.926217556138816,14292,1464,813
Saimiri_boliviensis,Homo_sapiens,same-order,5,2,5,553,372,181,16347,83.4916380164326,0.9462422401267996,0.9094255791812124,0.9274686862802213,14328,1427,814
Saimiri_boliviensis,Homo_sapiens,same-order,5,2,6,553,378,175,16342,83.76850448770253,0.9462769109223781,0.9123976385450391,0.9290285049447354,14373,1380,816
Saimiri_boliviensis,Gorilla_gorilla,same-order,1,1,1,110,35,75,16452,78.17036592681464,0.9835459279945656,0.8070729592468723,0.8866133696206838,13031,3115,218
Saimiri_boliviensis,Gorilla_gorilla,same-order,1,1,2,110,48,62,16445,78.97642047159057,0.9834142697048935,0.8154503778961715,0.8915907474514851,13163,2979,222
Saimiri_boliviensis,Gorilla_gorilla,same-order,1,1,3,110,48,62,16445,78.97642047159057,0.9834142697048935,0.8154503778961715,0.8915907474514851,13163,2979,222
Saimiri_boliviensis,Homo_sapiens,same-order,6,0,1,663,210,453,16407,78.04423748544819,0.9454904449615683,0.8488224867054951,0.8945524902425194,13408,2388,773
Saimiri_boliviensis,Homo_sapiens,same-order,6,0,2,663,363,300,16371,81.49787432298643,0.94592402325267,0.8874373771323483,0.9157477996269999,13994,1775,800
Saimiri_boliviensis,Homo_sapiens,same-order,6,0,3,663,414,249,16348,83.30516869646291,0.9461910119796147,0.9073368875349074,0.9263567147254171,14296,1460,813
Saimiri_boliviensis,Homo_sapiens,same-order,6,0,4,663,451,212,16329,83.90275186567165,0.9459050874194821,0.913946399085482,0.9296511627906976,14391,1355,823
Saimiri_boliviensis,Homo_sapiens,same-order,6,0,5,663,464,199,16328,84.28171641791045,0.9460732984293194,0.9181327405525563,0.9318936341659951,14456,1289,824
Saimiri_boliviensis,Homo_sapiens,same-order,6,0,6,663,475,188,16326,84.60731152702466,0.9462050078247262,0.9216844512195121,0.9337837837837838,14511,1233,825
Saimiri_boliviensis,Homo_sapiens,same-order,6,1,1,663,195,468,16420,77.98079720686646,0.945997458703939,0.8479498861047836,0.8942942942942943,13401,2403,765
Saimiri_boliviensis,Homo_sapiens,same-order,6,1,2,663,344,319,16378,81.09273066169618,0.9463023382272975,0.8823119335826098,0.9131874979502148,13922,1857,790
Saimiri_boliviensis,Homo_sapiens,same-order,6,1,3,663,414,249,16351,82.99533799533799,0.9462494186432795,0.9036802030456853,0.9244750251533543,14242,1518,809
Saimiri_boliviensis,Homo_sapiens,same-order,6,1,4,663,435,228,16343,83.61410667443894,0.9464238585378728,0.9103255695881196,0.9280238087535988,14344,1413,812
Saimiri_boliviensis,Homo_sapiens,same-order,6,1,5,663,452,211,16334,84.0466472303207,0.9464215364412344,0.9150003173998603,0.9304457283026175,14414,1339,816
Saimiri_boliviensis,Homo_sapiens,same-order,6,1,6,663,459,204,16330,84.29062919120648,0.9463794683776352,0.9177777777777778,0.9318592057761733,14455,1295,819
Saimiri_boliviensis,Homo_sapiens,same-order,6,2,1,663,212,451,16410,78.1464664105251,0.9458850056369785,0.8495664831339789,0.8951421998466308,13424,2377,768
Saimiri_boliviensis,Homo_sapiens,same-order,6,2,2,663,369,294,16370,81.57772081099976,0.9463368477967018,0.8876069730586371,0.9160315331523339,14002,1773,794
Saimiri_boliviensis,Homo_sapiens,same-order,6,2,3,663,434,229,16351,83.05835713869294,0.9467074224200943,0.9035961184752965,0.9246495327102804,14247,1520,802
Saimiri_boliviensis,Homo_sapiens,same-order,6,2,4,663,457,206,16337,83.66180758017492,0.9463755688938724,0.9106372175679106,0.9281624995956917,14348,1408,813
Saimiri_boliviensis,Homo_sapiens,same-order,6,2,5,663,469,194,16336,83.85328590588372,0.9464885144474429,0.9126681898959127,0.9292707357265177,14380,1376,813
Saimiri_boliviensis,Homo_sapiens,same-order,6,2,6,663,473,190,16336,83.9874045133827,0.9465694006309149,0.9141279512566641,0.9300658659434327,14403,1353,813
Saimiri_boliviensis,Gorilla_gorilla,same-order,1,0,1,110,35,75,16445,77.39245215095698,0.9830805578843076,0.7990955271961343,0.8815910877216964,12899,3243,222
Saimiri_boliviensis,Gorilla_gorilla,same-order,1,0,2,110,41,69,16439,77.91179117911791,0.982891748675246,0.8045606642706655,0.884830312116669,12984,3154,226
Saimiri_boliviensis,Gorilla_gorilla,same-order,1,0,3,110,42,68,16436,78.04380438043805,0.9826973932754062,0.8060737527114967,0.885665645216207,13006,3129,229
Saimiri_boliviensis,Gorilla_gorilla,same-order,1,0,4,110,43,67,16435,78.13250120019202,0.9827156766548418,0.806941431670282,0.8861965695616661,13020,3115,229
Saimiri_boliviensis,Gorilla_gorilla,same-order,1,0,5,110,43,67,16435,78.13250120019202,0.9827156766548418,0.806941431670282,0.8861965695616661,13020,3115,229
Saimiri_boliviensis,Homo_sapiens,same-order,7,0,1,774,233,541,16415,78.15409683426444,0.945841256426509,0.85,0.8953631787726258,13430,2370,769
Saimiri_boliviensis,Homo_sapiens,same-order,7,0,2,774,403,371,16369,81.2871287128713,0.945724352893346,0.8851471334348047,0.9144335975889405,13957,1811,801
Saimiri_boliviensis,Homo_sapiens,same-order,7,0,3,774,458,316,16350,82.75942434306357,0.9458613571285877,0.9014978420919015,0.9231469145029735,14204,1552,813
Saimiri_boliviensis,Homo_sapiens,same-order,7,0,4,774,498,276,16344,83.37218790068772,0.9461604603479066,0.9079657251666138,0.9266696897065492,14305,1450,814
Saimiri_boliviensis,Homo_sapiens,same-order,7,0,5,774,523,251,16334,83.99696846032764,0.9462139620411112,0.9147936507936508,0.9302385640959423,14408,1342,819
Saimiri_boliviensis,Homo_sapiens,same-order,7,0,6,774,543,231,16325,84.54630277583392,0.9462828797075908,0.9207417756890639,0.9333376251327775,14498,1248,823
Saimiri_boliviensis,Gorilla_gorilla,same-order,1,2,1,110,31,79,16442,77.51905419192222,0.9831785659917796,0.8001610605215883,0.8822786107031864,12917,3226,221
Saimiri_boliviensis,Gorilla_gorilla,same-order,1,2,2,110,37,73,16436,77.93182090985476,0.9828930436757247,0.8046226298178213,0.8848683089713448,12985,3153,226
Saimiri_boliviensis,Gorilla_gorilla,same-order,1,2,3,110,39,71,16433,78.03853310125443,0.982766439909297,0.8057759048091224,0.8855138595654839,13002,3134,228
Saimiri_boliviensis,Gorilla_gorilla,same-order,1,2,4,110,39,71,16433,78.03853310125443,0.982766439909297,0.8057759048091224,0.8855138595654839,13002,3134,228
Saimiri_boliviensis,Homo_sapiens,same-order,7,1,1,774,238,536,16414,78.40181585380049,0.9460636280637685,0.8525409784190874,0.8968708388814913,13471,2330,768
Saimiri_boliviensis,Homo_sapiens,same-order,7,1,2,774,412,362,16366,81.52161248980543,0.94592402325267,0.8874373771323483,0.9157477996269999,13994,1775,800
Saimiri_boliviensis,Homo_sapiens,same-order,7,1,3,774,481,293,16345,83.21384857492569,0.9461859632845119,0.9060734911467919,0.9256953900019452,14277,1480,812
Saimiri_boliviensis,Homo_sapiens,same-order,7,1,4,774,520,254,16335,83.88901841921194,0.9460329980937356,0.9138938277876556,0.9296857336649333,14392,1356,821
Saimiri_boliviensis,Homo_sapiens,same-order,7,1,5,774,534,240,16328,84.39158066585038,0.9461986010328822,0.9192175790676997,0.932512965886029,14474,1272,823
Saimiri_boliviensis,Homo_sapiens,same-order,7,1,6,774,547,227,16322,84.85449349740479,0.9463414634146341,0.9241615853658537,0.9351200231369902,14550,1194,825
Saimiri_boliviensis,Homo_sapiens,same-order,7,2,1,774,245,529,16406,78.76847864043766,0.9457721872816213,0.8569619451655797,0.8991794837723815,13534,2259,776
Saimiri_boliviensis,Homo_sapiens,same-order,7,2,2,774,440,334,16360,82.1397354466523,0.946230784721756,0.8939624556062912,0.9193543127343876,14096,1672,801
Saimiri_boliviensis,Homo_sapiens,same-order,7,2,3,774,504,270,16333,83.77826999300537,0.9458410107923138,0.9128032516194589,0.9290285049447352,14373,1373,823
Saimiri_boliviensis,Homo_sapiens,same-order,7,2,4,774,543,231,16327,84.35933310015157,0.945940645836057,0.9192605768009148,0.9324097938144329,14471,1271,827
Saimiri_boliviensis,Homo_sapiens,same-order,7,2,5,774,559,215,16314,84.82267848810079,0.9460057246942493,0.9239468835377089,0.9348461958792711,14542,1197,830
Saimiri_boliviensis,Homo_sapiens,same-order,7,2,6,774,573,201,16308,85.07845767951933,0.9458495460440985,0.9269734333290962,0.936316363869808,14585,1149,835
Saimiri_boliviensis,Homo_sapiens,same-order,8,0,1,884,260,624,16402,78.86585933861201,0.9459497206703911,0.8576131687242798,0.8996181304997509,13546,2249,774
Saimiri_boliviensis,Homo_sapiens,same-order,8,0,2,884,489,395,16361,81.63705214098457,0.9457380036444625,0.8888677450047574,0.9164214243672749,14013,1752,804
Saimiri_boliviensis,Homo_sapiens,same-order,8,0,3,884,552,332,16334,83.62099125364432,0.9461634888170483,0.9103662794388371,0.9279197670656747,14341,1412,816
Saimiri_boliviensis,Homo_sapiens,same-order,8,0,4,884,602,282,16318,84.5592953392055,0.9461523399255923,0.9207317073170732,0.9332689521970063,14496,1248,825
Saimiri_boliviensis,Homo_sapiens,same-order,8,0,5,884,627,257,16307,85.42918830600455,0.9463477698771816,0.9301734544761421,0.9381909064692876,14640,1099,830
Saimiri_boliviensis,Homo_sapiens,same-order,8,0,6,884,659,225,16298,86.03863888402498,0.946391884951207,0.9368882674462946,0.9416160970935803,14741,993,835
Saimiri_boliviensis,Homo_sapiens,same-order,8,1,1,884,264,620,16414,78.75807484141302,0.9462312963221927,0.8565189873417721,0.8991429140920869,13533,2267,769
Saimiri_boliviensis,Homo_sapiens,same-order,8,1,2,884,475,409,16343,82.45716283949179,0.9455323130388291,0.898057636155897,0.921183709346616,14148,1606,815
Saimiri_boliviensis,Homo_sapiens,same-order,8,1,3,884,560,324,16320,84.1905761604852,0.9457582705535539,0.9171590114986341,0.931239115009998,14437,1304,828
Saimiri_boliviensis,Homo_sapiens,same-order,8,1,4,884,614,270,16314,84.85944243555348,0.9459108048368222,0.924572663150537,0.9351200231369903,14550,1187,832
Saimiri_boliviensis,Homo_sapiens,same-order,8,1,5,884,641,243,16307,85.4351376574895,0.9459442004649962,0.9310322908721078,0.938429010763711,14647,1085,837
Saimiri_boliviensis,Homo_sapiens,same-order,8,1,6,884,663,221,16300,85.96849474912486,0.946067415730337,0.9368046283934134,0.9414132379248659,14735,994,840
Saimiri_boliviensis,Gorilla_gorilla,same-order,2,0,1,219,60,159,16432,78.83461353816611,0.982646420824295,0.8143441606744359,0.890613877495678,13137,2995,232
Saimiri_boliviensis,Gorilla_gorilla,same-order,2,0,2,219,100,119,16401,80.86026673074612,0.9821233126596133,0.835039394503381,0.9026287553648069,13460,2659,245
Saimiri_boliviensis,Gorilla_gorilla,same-order,2,0,3,219,119,100,16381,81.85806141457844,0.9812707102722951,0.8458768007948336,0.9085573267524845,13622,2482,260
Saimiri_boliviensis,Gorilla_gorilla,same-order,2,0,4,219,130,89,16380,82.59615384615384,0.9814338760354184,0.8534525583705912,0.9129799388866746,13744,2360,260
Saimiri_boliviensis,Gorilla_gorilla,same-order,2,0,5,219,134,85,16380,82.92067307692308,0.9815051927727984,0.8568057625434674,0.9149260659107485,13798,2306,260
Saimiri_boliviensis,Gorilla_gorilla,same-order,2,0,6,219,137,82,16377,83.17908653846153,0.9813528077141237,0.859636047450469,0.9164707829829498,13841,2260,263
Saimiri_boliviensis,Gorilla_gorilla,same-order,2,1,1,219,56,163,16430,78.66746698679472,0.982753449310138,0.8123218048840957,0.8894468951476077,13106,3028,230
Saimiri_boliviensis,Gorilla_gorilla,same-order,2,1,2,219,84,135,16411,79.9963968292097,0.9822297596224746,0.8262110029150902,0.8974903149738925,13321,2802,241
Saimiri_boliviensis,Gorilla_gorilla,same-order,2,1,3,219,96,123,16405,80.67035079288803,0.9822277481167264,0.8330748712859004,0.9015237967375982,13430,2691,243
Saimiri_boliviensis,Gorilla_gorilla,same-order,2,1,4,219,104,115,16400,81.20531154239019,0.9823375490623637,0.8383474970535326,0.9046487499581646,13515,2606,243
Saimiri_boliviensis,Gorilla_gorilla,same-order,2,1,5,219,106,113,16400,81.30144805623986,0.982358065921301,0.8393399913156752,0.9052349891286169,13531,2590,243
Saimiri_boliviensis,Gorilla_gorilla,same-order,2,1,6,219,106,113,16400,81.30144805623986,0.982358065921301,0.8393399913156752,0.9052349891286169,13531,2590,243
Saimiri_boliviensis,Homo_sapiens,same-order,8,2,1,884,277,607,16409,78.65207775579094,0.9458948694617484,0.8555330463408458,0.8984476282285676,13514,2282,773
Saimiri_boliviensis,Homo_sapiens,same-order,8,2,2,884,489,395,16362,81.59044567433732,0.9457725553754727,0.8883039451985285,0.9161378949434159,14005,1761,803
Saimiri_boliviensis,Homo_sapiens,same-order,8,2,3,884,557,327,16347,82.95454545454545,0.9459728867623605,0.9034653465346535,0.924230619400078,14235,1521,813
Saimiri_boliviensis,Homo_sapiens,same-order,8,2,4,884,592,292,16335,83.61315145155649,0.945983379501385,0.9106666666666666,0.9279891304347825,14343,1407,819
Saimiri_boliviensis,Homo_sapiens,same-order,8,2,5,884,617,267,16329,84.12244897959184,0.9461568730325288,0.9161163322326644,0.9308943089430893,14427,1321,821
Saimiri_boliviensis,Homo_sapiens,same-order,8,2,6,884,633,251,16327,84.66472303206997,0.9463599035390732,0.9221389559253144,0.9340924442728941,14520,1226,823
Saimiri_boliviensis,Gorilla_gorilla,same-order,2,2,1,219,66,153,16427,79.2939905144984,0.982884357791338,0.8186438576918309,0.8932774245908291,13208,2926,230
Saimiri_boliviensis,Gorilla_gorilla,same-order,2,2,2,219,97,122,16405,81.03903903903904,0.982166254185471,0.8370866679074385,0.9038416451753358,13493,2626,245
Saimiri_boliviensis,Gorilla_gorilla,same-order,2,2,3,219,111,108,16398,82.06884123265453,0.9821004960103515,0.8477815699658703,0.9100113235196163,13662,2453,249
Saimiri_boliviensis,Gorilla_gorilla,same-order,2,2,4,219,119,100,16397,82.44623332932836,0.9821799184140843,0.8516289171579274,0.91225737835682,13724,2391,249
Saimiri_boliviensis,Gorilla_gorilla,same-order,2,2,5,219,120,99,16397,82.53634506788417,0.9821990277380612,0.8525597269624573,0.9127993887652394,13739,2376,249
Saimiri_boliviensis,Gorilla_gorilla,same-order,2,2,6,219,120,99,16397,82.53634506788417,0.9821990277380612,0.8525597269624573,0.9127993887652394,13739,2376,249
Saimiri_boliviensis,Gorilla_gorilla,same-order,3,0,1,328,106,222,16418,80.91864305013509,0.9827183899664577,0.8356792955912445,0.9032539124023994,13477,2650,237
Saimiri_boliviensis,Gorilla_gorilla,same-order,3,0,2,328,172,156,16390,84.03462370762202,0.9827077182623366,0.8673532696364313,0.9214342209332982,13980,2138,246
Saimiri_boliviensis,Gorilla_gorilla,same-order,3,0,3,328,197,131,16375,85.09141207601635,0.9824329954173031,0.8782198497920676,0.9274079900370333,14149,1962,253
Saimiri_boliviensis,Gorilla_gorilla,same-order,3,0,4,328,211,117,16367,85.7899169774997,0.9824319669307613,0.8852194425476442,0.9312957157784744,14260,1849,255
Saimiri_boliviensis,Gorilla_gorilla,same-order,3,0,5,328,219,109,16354,86.12431554245141,0.9818219234462889,0.8890614323871048,0.9331420934250416,14313,1786,265
Saimiri_boliviensis,Gorilla_gorilla,same-order,3,0,6,328,222,106,16353,86.25067693603707,0.9817808219178082,0.8904211703317182,0.9338719134797054,14334,1764,266
Saimiri_boliviensis,Gorilla_gorilla,same-order,3,1,1,328,116,212,16423,80.6461298264577,0.9831625183016105,0.832403619685137,0.9015237967375982,13430,2704,230
Saimiri_boliviensis,Gorilla_gorilla,same-order,3,1,2,328,178,150,16401,82.93679403989425,0.9827009325834698,0.8562744246634825,0.915141872182445,13804,2317,243
Saimiri_boliviensis,Gorilla_gorilla,same-order,3,1,3,328,198,130,16383,83.9144025006011,0.9821993949201435,0.8664887344050649,0.9207228597810315,13960,2151,253
Saimiri_boliviensis,Gorilla_gorilla,same-order,3,1,4,328,203,125,16383,84.13681173358981,0.9822456140350877,0.8687853019675997,0.9220381410361977,13997,2114,253
Saimiri_boliviensis,Gorilla_gorilla,same-order,3,1,5,328,210,118,16383,84.45539793219524,0.9823114032021254,0.8720749798274471,0.9239166173472744,14050,2061,253
Saimiri_boliviensis,Gorilla_gorilla,same-order,3,1,6,328,213,115,16378,84.69492034866246,0.9820855987731771,0.8747128577637052,0.9252947164482973,14089,2018,257
Saimiri_boliviensis,Gorilla_gorilla,same-order,3,2,1,328,108,220,16421,80.05403782647853,0.9827522665290779,0.8265964042157471,0.8979358184328383,13333,2797,234
Saimiri_boliviensis,Gorilla_gorilla,same-order,3,2,2,328,166,162,16391,82.29110350213251,0.9816553206735937,0.8504469828656568,0.9113528257326282,13699,2409,256
Saimiri_boliviensis,Gorilla_gorilla,same-order,3,2,3,328,178,150,16387,82.6593763143664,0.9817312495539856,0.8540476781723367,0.9134490886756748,13757,2351,256
Saimiri_boliviensis,Gorilla_gorilla,same-order,3,2,4,328,183,145,16385,83.00787117707144,0.9816670219569388,0.8577548739600149,0.9155372941449352,13815,2291,258
Saimiri_boliviensis,Gorilla_gorilla,same-order,3,2,5,328,187,141,16383,83.2482124616956,0.981579879560751,0.8603452558370591,0.9169727654786723,13855,2249,260
Saimiri_boliviensis,Gorilla_gorilla,same-order,3,2,6,328,187,141,16383,83.2482124616956,0.981579879560751,0.8603452558370591,0.9169727654786723,13855,2249,260
Saimiri_boliviensis,Gorilla_gorilla,same-order,4,1,1,437,120,317,16419,80.5091869821064,0.9827750494759218,0.8312976625953252,0.9007120784629854,13408,2721,235
Saimiri_boliviensis,Gorilla_gorilla,same-order,4,1,2,437,205,232,16381,84.05361543547515,0.9820224719101124,0.8681400546312391,0.9215763806511137,13984,2124,256
Saimiri_boliviensis,Gorilla_gorilla,same-order,4,1,3,437,258,179,16358,85.82681900180397,0.9812994156067377,0.8869624658215263,0.9317491921532787,14273,1819,272
Saimiri_boliviensis,Gorilla_gorilla,same-order,4,1,4,437,280,157,16355,86.3792170304889,0.9812815958464272,0.8927284027346177,0.9349127831293933,14364,1726,274
Saimiri_boliviensis,Gorilla_gorilla,same-order,4,1,5,437,285,152,16355,86.66185579409465,0.9813415049370106,0.8956494717215662,0.9365393988627132,14411,1679,274
Saimiri_boliviensis,Gorilla_gorilla,same-order,4,1,6,437,287,150,16351,86.83387465415615,0.9813077759651985,0.8973211510970228,0.9374370961981754,14437,1652,275
Saimiri_boliviensis,Gorilla_gorilla,same-order,4,0,1,437,110,327,16420,79.70213788133557,0.9828199052132701,0.8227126208777585,0.895667431502227,13272,2860,232
Saimiri_boliviensis,Gorilla_gorilla,same-order,4,0,2,437,184,253,16386,82.76421786701935,0.9823046735640385,0.8542442293373046,0.9138096976535794,13767,2349,248
Saimiri_boliviensis,Gorilla_gorilla,same-order,4,0,3,437,232,205,16372,84.58624007697858,0.9821241533412471,0.8731686118698784,0.9244470735153966,14065,2043,256
Saimiri_boliviensis,Gorilla_gorilla,same-order,4,0,4,437,254,183,16355,85.60168471720819,0.9817140491305548,0.8837194856823405,0.9301428524729496,14227,1872,265
Saimiri_boliviensis,Gorilla_gorilla,same-order,4,0,5,437,269,168,16342,86.14838437932487,0.9810195970946964,0.8899732703425126,0.9332811837945308,14317,1770,277
Saimiri_boliviensis,Gorilla_gorilla,same-order,4,0,6,437,275,162,16338,86.67549350024073,0.9810626702997275,0.8953126942683078,0.936228303971917,14402,1684,278
Saimiri_boliviensis,Gorilla_gorilla,same-order,4,2,1,437,141,296,16406,81.18318318318319,0.9822687304701693,0.8385235732009926,0.9047220641879455,13517,2603,244
Saimiri_boliviensis,Gorilla_gorilla,same-order,4,2,2,437,249,188,16362,84.5681982198701,0.9814349525404802,0.8735246614486272,0.9243410241241043,14062,2036,266
Saimiri_boliviensis,Gorilla_gorilla,same-order,4,2,3,437,294,143,16339,86.37539868809051,0.9809992481716903,0.892266567201293,0.9345313669954748,14353,1733,278
Saimiri_boliviensis,Gorilla_gorilla,same-order,4,2,4,437,309,128,16332,86.86285129686466,0.980637271553774,0.8976926425772747,0.9373335930904604,14434,1645,285
Saimiri_boliviensis,Gorilla_gorilla,same-order,4,2,5,437,315,122,16329,87.03659123736158,0.9805410536307546,0.899545935186913,0.9382988386427041,14462,1615,287
Saimiri_boliviensis,Gorilla_gorilla,same-order,4,2,6,437,318,119,16326,87.34954260953297,0.9804106998108619,0.9029488615154908,0.9400867931860871,14514,1560,290
Saimiri_boliviensis,Saimiri_sciureus,same-genus,1,0,1,110,110,0,16471,99.92109256449166,0.9997570751852302,0.9995142683667274,0.9996356570318193,16462,8,4
Saimiri_boliviensis,Saimiri_sciureus,same-genus,1,0,2,110,110,0,16471,99.92109256449166,0.9997570751852302,0.9995142683667274,0.9996356570318193,16462,8,4
Saimiri_boliviensis,Saimiri_sciureus,same-genus,1,1,1,110,110,0,16471,99.93323216995448,0.9997571046878795,0.9996357012750455,0.9996963992956462,16464,6,4
Saimiri_boliviensis,Saimiri_sciureus,same-genus,1,1,2,110,110,0,16471,99.93323216995448,0.9997571046878795,0.9996357012750455,0.9996963992956462,16464,6,4
Saimiri_boliviensis,Gorilla_gorilla,same-order,5,0,1,546,162,384,16421,80.76368876080691,0.9828304230291518,0.8340256680513362,0.9023343171451569,13452,2677,235
Saimiri_boliviensis,Gorilla_gorilla,same-order,5,0,2,546,267,279,16386,83.81416035581199,0.9822497710783968,0.8655039721946375,0.9201887228216041,13945,2167,252
Saimiri_boliviensis,Gorilla_gorilla,same-order,5,0,3,546,323,223,16358,85.10945393312485,0.9812786021356261,0.8793339132595999,0.9275134355747804,14152,1942,270
Saimiri_boliviensis,Gorilla_gorilla,same-order,5,0,4,546,340,206,16355,85.46854324551907,0.9812858228022927,0.8829926054806437,0.9295479819454439,14210,1883,271
Saimiri_boliviensis,Gorilla_gorilla,same-order,5,0,5,546,346,200,16352,85.718582686639,0.98133608815427,0.8854160193873113,0.9309117041779637,14249,1844,271
Saimiri_boliviensis,Gorilla_gorilla,same-order,5,0,6,546,352,194,16350,85.91108704806594,0.9812422701662773,0.8875147598036169,0.9320280633055964,14281,1810,273
Saimiri_boliviensis,Gorilla_gorilla,same-order,5,1,1,546,154,392,16421,80.43465209821697,0.9826903329910518,0.8307291666666666,0.9003427189032995,13398,2730,236
Saimiri_boliviensis,Gorilla_gorilla,same-order,5,1,2,546,256,290,16392,83.2361953974644,0.9822036301758367,0.8597405821386458,0.9169010821722872,13853,2260,251
Saimiri_boliviensis,Gorilla_gorilla,same-order,5,1,3,546,307,239,16363,85.21859402249083,0.9815751194846575,0.8802956889054541,0.9281807761585067,14171,1927,266
Saimiri_boliviensis,Gorilla_gorilla,same-order,5,1,4,546,335,211,16351,86.1251504211793,0.981553864088322,0.8893445169307238,0.9331768694178237,14314,1781,269
Saimiri_boliviensis,Gorilla_gorilla,same-order,5,1,5,546,350,196,16342,86.66706795882743,0.9815256663712592,0.8946747032871435,0.9360899811455692,14398,1695,271
Saimiri_boliviensis,Gorilla_gorilla,same-order,5,1,6,546,355,191,16334,87.01462886039371,0.9811961170321092,0.8984894635419904,0.9380232331754169,14454,1633,277
Saimiri_boliviensis,Saimiri_sciureus,same-genus,1,2,1,110,110,0,16471,99.92109256449166,0.9997570751852302,0.9995142683667274,0.9996356570318193,16462,8,4
Saimiri_boliviensis,Saimiri_sciureus,same-genus,1,2,2,110,110,0,16471,99.92109256449166,0.9997570751852302,0.9995142683667274,0.9996356570318193,16462,8,4
Saimiri_boliviensis,Gorilla_gorilla,same-order,5,2,1,546,152,394,16406,81.59697188175919,0.9827773355525001,0.8421803299020216,0.9070629487393556,13581,2545,238
Saimiri_boliviensis,Gorilla_gorilla,same-order,5,2,2,546,255,291,16377,84.37161755862898,0.9822878745449454,0.8708956613493886,0.9232439545977957,14031,2080,253
Saimiri_boliviensis,Gorilla_gorilla,same-order,5,2,3,546,301,245,16357,85.81056685521723,0.9820260312650644,0.8855492765323232,0.9312957157784745,14260,1843,261
Saimiri_boliviensis,Gorilla_gorilla,same-order,5,2,4,546,337,209,16346,86.63256093891063,0.9816545045352247,0.8943150046598323,0.9359516223421549,14394,1701,269
Saimiri_boliviensis,Gorilla_gorilla,same-order,5,2,5,546,347,199,16337,86.97484049596726,0.9811910097100563,0.8982408155653633,0.9378853767767897,14450,1637,277
Saimiri_boliviensis,Gorilla_gorilla,same-order,5,2,6,546,350,196,16333,87.26823982663134,0.9811180292365999,0.901274479328567,0.9395029325038075,14497,1588,279
Saimiri_boliviensis,Saimiri_sciureus,same-genus,2,0,1,220,220,0,16471,99.95751138088012,0.9997571636716853,0.9998785670916819,0.9998178616963147,16468,2,4
Saimiri_boliviensis,Saimiri_sciureus,same-genus,2,0,2,220,220,0,16471,99.95751138088012,0.9997571636716853,0.9998785670916819,0.9998178616963147,16468,2,4
Saimiri_boliviensis,Saimiri_sciureus,same-genus,2,1,1,220,220,0,16470,99.95143863056938,0.9997571341833636,0.9997571341833636,0.9997571341833636,16466,4,4
Saimiri_boliviensis,Saimiri_sciureus,same-genus,2,1,2,220,220,0,16470,99.95143863056938,0.9997571341833636,0.9997571341833636,0.9997571341833636,16466,4,4
Saimiri_boliviensis,Saimiri_sciureus,same-genus,2,2,1,220,220,0,16470,99.94536845939055,0.9997571194365171,0.9996964177292046,0.9997267676614348,16465,5,4
Saimiri_boliviensis,Saimiri_sciureus,same-genus,2,2,2,220,220,0,16470,99.94536845939055,0.9997571194365171,0.9996964177292046,0.9997267676614348,16465,5,4
Saimiri_boliviensis,Gorilla_gorilla,same-order,6,0,1,655,184,471,16416,81.32204610951008,0.9825897714907508,0.8400520962540312,0.9057474338827777,13545,2579,240
Saimiri_boliviensis,Gorilla_gorilla,same-order,6,0,2,655,319,336,16376,84.57792207792208,0.9821266494449487,0.8732927737770052,0.9245177614932141,14067,2041,256
Saimiri_boliviensis,Gorilla_gorilla,same-order,6,0,3,655,384,271,16351,86.68551832019735,0.981605123313803,0.895240462284081,0.9364357207851293,14408,1686,270
Saimiri_boliviensis,Gorilla_gorilla,same-order,6,0,4,655,426,229,16336,87.74601263918146,0.9812222371786243,0.906372396642835,0.9423132857189025,14579,1506,279
Saimiri_boliviensis,Gorilla_gorilla,same-order,6,0,5,655,451,204,16317,88.54097669657374,0.9806589302387622,0.914769192484758,0.946568816788979,14704,1370,290
Saimiri_boliviensis,Gorilla_gorilla,same-order,6,0,6,655,473,182,16308,89.26699993976992,0.9804842550939402,0.9223349306117369,0.9505210838544172,14821,1248,295
Saimiri_boliviensis,Gorilla_gorilla,same-order,6,1,1,655,192,463,16412,81.45190344661943,0.9824726587962628,0.8413968490261754,0.9064786661766181,13565,2557,242
Saimiri_boliviensis,Gorilla_gorilla,same-order,6,1,2,655,334,321,16371,85.12237657105058,0.9820994935128009,0.8788650192474854,0.9276188603820571,14155,1951,258
Saimiri_boliviensis,Gorilla_gorilla,same-order,6,1,3,655,403,252,16343,86.56438026474127,0.9811102018548827,0.8943246099334866,0.9357094078241358,14387,1700,277
Saimiri_boliviensis,Gorilla_gorilla,same-order,6,1,4,655,438,217,16335,87.2163707493229,0.9810439374449935,0.9009574732653569,0.9392967104197051,14491,1593,280
Saimiri_boliviensis,Gorilla_gorilla,same-order,6,1,5,655,447,208,16326,87.6113652781122,0.9807277628032345,0.9052120910561015,0.9414580503266705,14554,1524,286
Saimiri_boliviensis,Gorilla_gorilla,same-order,6,1,6,655,464,191,16317,88.16550228860515,0.9807718075840814,0.91055545188779,0.944360223204206,14639,1438,287
Saimiri_boliviensis,Saimiri_sciureus,same-genus,3,0,1,330,330,0,16470,99.96964914410586,0.9997571784131609,0.9999392835458409,0.9998482226876726,16469,1,4
Saimiri_boliviensis,Saimiri_sciureus,same-genus,3,0,2,330,330,0,16470,99.96964914410586,0.9997571784131609,0.9999392835458409,0.9998482226876726,16469,1,4
Saimiri_boliviensis,Saimiri_sciureus,same-genus,3,1,1,330,330,0,16471,99.96965098634294,0.999757193152847,1.0,0.9998785818358427,16470,0,4
Saimiri_boliviensis,Saimiri_sciureus,same-genus,3,1,2,330,330,0,16471,99.96965098634294,0.999757193152847,1.0,0.9998785818358427,16470,0,4
Saimiri_boliviensis,Gorilla_gorilla,same-order,6,2,1,655,191,464,16406,81.21696299855839,0.9824166242824965,0.8386676590993674,0.9048686632089676,13521,2601,242
Saimiri_boliviensis,Gorilla_gorilla,same-order,6,2,2,655,340,315,16368,84.60659974755065,0.9812478215406065,0.8745573159366263,0.9248357424441525,14076,2019,269
Saimiri_boliviensis,Gorilla_gorilla,same-order,6,2,3,655,401,254,16354,86.25210488332932,0.9812534209085934,0.89136109384711,0.9341496775874423,14342,1748,274
Saimiri_boliviensis,Gorilla_gorilla,same-order,6,2,4,655,428,227,16339,87.12472173756092,0.9808981914245072,0.900447705509265,0.9389528286594262,14481,1601,282
Saimiri_boliviensis,Gorilla_gorilla,same-order,6,2,5,655,446,209,16330,87.89118921521425,0.9807924781732706,0.9083219305883816,0.943167140273831,14604,1474,286
Saimiri_boliviensis,Gorilla_gorilla,same-order,6,2,6,655,463,192,16318,88.33624375263443,0.9806805267731801,0.9125972006220839,0.9454147064509894,14670,1405,289
Saimiri_boliviensis,Saimiri_sciureus,same-genus,3,2,1,330,330,0,16471,99.96358118361154,0.9997571784131609,0.9999392835458409,0.9998482226876726,16469,1,4
Saimiri_boliviensis,Saimiri_sciureus,same-genus,3,2,2,330,330,0,16471,99.96358118361154,0.9997571784131609,0.9999392835458409,0.9998482226876726,16469,1,4
Saimiri_boliviensis,Gorilla_gorilla,same-order,7,0,1,764,217,547,16414,81.94644572526417,0.9825786480454971,0.8466071207046272,0.9095391996801385,13649,2473,242
Saimiri_boliviensis,Gorilla_gorilla,same-order,7,0,2,764,420,344,16362,85.79504450324754,0.9816955684007708,0.8861970431109455,0.9315050603983024,14266,1832,266
Saimiri_boliviensis,Gorilla_gorilla,same-order,7,0,3,764,493,271,16349,87.01118998917097,0.9814739413680782,0.8988254303648002,0.938333279268174,14463,1628,273
Saimiri_boliviensis,Gorilla_gorilla,same-order,7,0,4,764,529,235,16344,87.6962878286505,0.981350568908638,0.9060732268291167,0.9422107304460245,14576,1511,277
Saimiri_boliviensis,Gorilla_gorilla,same-order,7,0,5,764,540,224,16333,88.03105066795041,0.9808904385141478,0.9098202624541327,0.944019617332946,14629,1450,285
Saimiri_boliviensis,Gorilla_gorilla,same-order,7,0,6,764,550,214,16328,88.28769184471862,0.9808103771061781,0.9124214716675997,0.94538072374569,14669,1408,287
Saimiri_boliviensis,Saimiri_sciureus,same-genus,4,0,1,440,440,0,16470,99.97571931528469,0.999757193152847,1.0,0.9998785818358427,16470,0,4
Saimiri_boliviensis,Saimiri_sciureus,same-genus,4,0,2,440,440,0,16470,99.97571931528469,0.999757193152847,1.0,0.9998785818358427,16470,0,4
Saimiri_boliviensis,Saimiri_sciureus,same-genus,4,1,1,440,440,0,16470,99.97571931528469,0.999757193152847,1.0,0.9998785818358427,16470,0,4
Saimiri_boliviensis,Saimiri_sciureus,same-genus,4,1,2,440,440,0,16470,99.97571931528469,0.999757193152847,1.0,0.9998785818358427,16470,0,4
Saimiri_boliviensis,Gorilla_gorilla,same-order,7,1,1,764,220,544,16412,81.71332452240779,0.9830875975715525,0.8432734035957843,0.9078288727224187,13602,2528,234
Saimiri_boliviensis,Gorilla_gorilla,same-order,7,1,2,764,406,358,16359,85.26581669473178,0.9813802173461619,0.8808946877912395,0.9284264291794906,14178,1917,269
Saimiri_boliviensis,Gorilla_gorilla,same-order,7,1,3,764,475,289,16344,86.95782951332491,0.9810642052395819,0.8986633509480882,0.9380576916837016,14455,1630,279
Saimiri_boliviensis,Gorilla_gorilla,same-order,7,1,4,764,506,258,16331,87.71137991213817,0.9807549962990377,0.9065182236596592,0.9421765409353889,14575,1503,286
Saimiri_boliviensis,Gorilla_gorilla,same-order,7,1,5,764,522,242,16321,88.15100246854115,0.9807086877888673,0.9107365016173178,0.9444283180132238,14641,1435,288
Saimiri_boliviensis,Gorilla_gorilla,same-order,7,1,6,764,537,227,16319,88.32490366088632,0.9806792351918706,0.9125349922239502,0.94538072374569,14669,1406,289
Saimiri_boliviensis,Gorilla_gorilla,same-order,7,2,1,764,244,520,16404,82.20873640569609,0.9828316931254939,0.8484961240310077,0.9107368701324636,13682,2443,239
Saimiri_boliviensis,Gorilla_gorilla,same-order,7,2,2,764,405,359,16374,84.847573807949,0.9821130289532294,0.8760787235363506,0.9260705496308449,14111,1996,257
Saimiri_boliviensis,Gorilla_gorilla,same-order,7,2,3,764,470,294,16361,86.14986769304787,0.981702302631579,0.8899173759085544,0.9335592557593926,14325,1772,267
Saimiri_boliviensis,Gorilla_gorilla,same-order,7,2,4,764,503,261,16344,87.18719923002888,0.9810477866522269,0.9011439940313355,0.9393998314861625,14494,1590,280
Saimiri_boliviensis,Gorilla_gorilla,same-order,7,2,5,764,535,229,16325,87.89191791538785,0.9803987380009398,0.9087232453957192,0.943201265781911,14605,1467,292
Saimiri_boliviensis,Gorilla_gorilla,same-order,7,2,6,764,549,215,16320,88.28839672604718,0.9802218361619671,0.9129947722180732,0.9454147064509892,14670,1398,296
Saimiri_boliviensis,Saimiri_sciureus,same-genus,4,2,1,440,440,0,16470,99.97571931528469,0.999757193152847,1.0,0.9998785818358427,16470,0,4
Saimiri_boliviensis,Saimiri_sciureus,same-genus,4,2,2,440,440,0,16470,99.97571931528469,0.999757193152847,1.0,0.9998785818358427,16470,0,4
Saimiri_boliviensis,Gorilla_gorilla,same-order,8,0,1,873,276,597,16404,82.33597692862293,0.9827882960413081,0.849913172909948,0.9115338565917255,13704,2420,240
Saimiri_boliviensis,Gorilla_gorilla,same-order,8,0,2,873,486,387,16354,86.14302038852469,0.9812962455467251,0.8901249145485054,0.9334897513605109,14323,1768,273
Saimiri_boliviensis,Gorilla_gorilla,same-order,8,0,3,873,575,298,16334,87.31945113143958,0.980934351970793,0.9021887824897401,0.9399151362031548,14509,1573,282
Saimiri_boliviensis,Gorilla_gorilla,same-order,8,0,4,873,619,254,16330,87.896479085164,0.9808583518033448,0.9082654393929971,0.9431671402738311,14604,1475,285
Saimiri_boliviensis,Gorilla_gorilla,same-order,8,0,5,873,633,240,16324,88.29761618107392,0.9807435143086387,0.912416023886539,0.9453467388502192,14668,1408,288
Saimiri_boliviensis,Gorilla_gorilla,same-order,8,0,6,873,653,220,16321,88.68821865029197,0.9806949806949807,0.9165111359960184,0.9475173655775662,14732,1342,290
Saimiri_boliviensis,Saimiri_sciureus,same-genus,5,0,1,550,550,0,16470,99.97571931528469,0.999757193152847,1.0,0.9998785818358427,16470,0,4
Saimiri_boliviensis,Saimiri_sciureus,same-genus,5,0,2,550,550,0,16470,99.97571931528469,0.999757193152847,1.0,0.9998785818358427,16470,0,4
Saimiri_boliviensis,Gorilla_gorilla,same-order,8,1,1,873,257,616,16413,81.69479310551918,0.9828047106422946,0.8435445863822398,0.9078653185170353,13603,2523,238
Saimiri_boliviensis,Gorilla_gorilla,same-order,8,1,2,873,475,398,16371,85.52101497204016,0.9820479182489815,0.8831967213114754,0.930002942426521,14223,1881,260
Saimiri_boliviensis,Gorilla_gorilla,same-order,8,1,3,873,554,319,16351,87.17439691993022,0.9815755605229289,0.9005095699726572,0.939296710419705,14491,1601,272
Saimiri_boliviensis,Gorilla_gorilla,same-order,8,1,4,873,592,281,16339,87.74220724515585,0.9812247644683715,0.9064967360895244,0.9423816448537727,14581,1504,279
Saimiri_boliviensis,Gorilla_gorilla,same-order,8,1,5,873,613,260,16324,88.35389708095094,0.9805624206799813,0.9133329185590742,0.9457544130910964,14680,1393,291
Saimiri_boliviensis,Gorilla_gorilla,same-order,8,1,6,873,631,242,16316,88.7845403648185,0.9803895499567905,0.9177920219055324,0.9480586268963743,14748,1321,295
Saimiri_boliviensis,Saimiri_sciureus,same-genus,5,1,1,550,550,0,16471,99.96965098634294,0.999757193152847,1.0,0.9998785818358427,16470,0,4
Saimiri_boliviensis,Saimiri_sciureus,same-genus,5,1,2,550,550,0,16471,99.96965098634294,0.999757193152847,1.0,0.9998785818358427,16470,0,4
Saimiri_boliviensis,Saimiri_sciureus,same-genus,5,2,1,550,550,0,16470,99.97571931528469,0.999757193152847,1.0,0.9998785818358427,16470,0,4
Saimiri_boliviensis,Saimiri_sciureus,same-genus,5,2,2,550,550,0,16470,99.97571931528469,0.999757193152847,1.0,0.9998785818358427,16470,0,4
Saimiri_boliviensis,Saimiri_sciureus,same-genus,6,0,1,659,659,0,16470,99.97571931528469,0.999757193152847,1.0,0.9998785818358427,16470,0,4
Saimiri_boliviensis,Saimiri_sciureus,same-genus,6,0,2,659,659,0,16470,99.97571931528469,0.999757193152847,1.0,0.9998785818358427,16470,0,4
Saimiri_boliviensis,Saimiri_sciureus,same-genus,6,1,1,659,659,0,16470,99.97571931528469,0.999757193152847,1.0,0.9998785818358427,16470,0,4
Saimiri_boliviensis,Saimiri_sciureus,same-genus,6,1,2,659,659,0,16470,99.97571931528469,0.999757193152847,1.0,0.9998785818358427,16470,0,4
Saimiri_boliviensis,Gorilla_gorilla,same-order,8,2,1,873,243,630,16410,82.11133129165916,0.9825393403750808,0.8482104087835742,0.9104467674279246,13674,2447,243
Saimiri_boliviensis,Gorilla_gorilla,same-order,8,2,2,873,466,407,16361,85.62409812409813,0.9813257993384785,0.8849189088423538,0.9306322496324131,14241,1852,271
Saimiri_boliviensis,Gorilla_gorilla,same-order,8,2,3,873,564,309,16341,87.12472173756092,0.9810310954542375,0.9003357373787615,0.9389528286594262,14481,1603,280
Saimiri_boliviensis,Gorilla_gorilla,same-order,8,2,4,873,600,273,16327,87.94462834787842,0.9806711409395973,0.9089325702911172,0.9434400826446281,14612,1464,288
Saimiri_boliviensis,Gorilla_gorilla,same-order,8,2,5,873,625,248,16319,88.56179639997592,0.9805372258881557,0.9153185664509706,0.9468061142397426,14711,1361,292
Saimiri_boliviensis,Gorilla_gorilla,same-order,8,2,6,873,639,234,16314,88.9885611077664,0.9803674471048617,0.9199029126213593,0.9491732220260074,14781,1287,296
Saimiri_boliviensis,Saimiri_sciureus,same-genus,6,2,1,659,659,0,16470,99.97571931528469,0.999757193152847,1.0,0.9998785818358427,16470,0,4
Saimiri_boliviensis,Saimiri_sciureus,same-genus,6,2,2,659,659,0,16470,99.97571931528469,0.999757193152847,1.0,0.9998785818358427,16470,0,4
Saimiri_boliviensis,Saimiri_sciureus,same-genus,7,0,1,769,769,0,16470,99.96964914410586,0.9997571784131609,0.9999392835458409,0.9998482226876726,16469,1,4
Saimiri_boliviensis,Saimiri_sciureus,same-genus,7,0,2,769,769,0,16470,99.96964914410586,0.9997571784131609,0.9999392835458409,0.9998482226876726,16469,1,4
Saimiri_boliviensis,Saimiri_sciureus,same-genus,7,1,1,769,769,0,16470,99.97571931528469,0.999757193152847,1.0,0.9998785818358427,16470,0,4
Saimiri_boliviensis,Saimiri_sciureus,same-genus,7,1,2,769,769,0,16470,99.97571931528469,0.999757193152847,1.0,0.9998785818358427,16470,0,4
Saimiri_boliviensis,Saimiri_sciureus,same-genus,7,2,1,769,769,0,16470,99.97571931528469,0.999757193152847,1.0,0.9998785818358427,16470,0,4
Saimiri_boliviensis,Saimiri_sciureus,same-genus,7,2,2,769,769,0,16470,99.97571931528469,0.999757193152847,1.0,0.9998785818358427,16470,0,4
Saimiri_boliviensis,Saimiri_sciureus,same-genus,8,1,1,879,879,0,16470,99.97571931528469,0.999757193152847,1.0,0.9998785818358427,16470,0,4
Saimiri_boliviensis,Saimiri_sciureus,same-genus,8,1,2,879,879,0,16470,99.97571931528469,0.999757193152847,1.0,0.9998785818358427,16470,0,4
Saimiri_boliviensis,Saimiri_sciureus,same-genus,8,0,1,879,879,0,16470,99.97571931528469,0.999757193152847,1.0,0.9998785818358427,16470,0,4
Saimiri_boliviensis,Saimiri_sciureus,same-genus,8,0,2,879,879,0,16470,99.97571931528469,0.999757193152847,1.0,0.9998785818358427,16470,0,4
Saimiri_boliviensis,Saimiri_sciureus,same-genus,8,2,1,879,879,0,16470,99.97571931528469,0.999757193152847,1.0,0.9998785818358427,16470,0,4
Saimiri_boliviensis,Saimiri_sciureus,same-genus,8,2,2,879,879,0,16470,99.97571931528469,0.999757193152847,1.0,0.9998785818358427,16470,0,4
Saimiri_boliviensis,Aotus_azarai,same-order,1,0,1,111,86,25,16445,89.29882636172134,0.9886719530885587,0.905523344522429,0.9452726809378186,14837,1548,170
Saimiri_boliviensis,Aotus_azarai,same-order,1,0,2,111,99,12,16428,90.23773698465243,0.9876811594202899,0.915994623655914,0.9504881450488146,14993,1375,187
Saimiri_boliviensis,Aotus_azarai,same-order,1,0,3,111,101,10,16425,90.36956783435657,0.9875682431099125,0.917389710375168,0.9511862903481262,15014,1352,189
Saimiri_boliviensis,Aotus_azarai,same-order,1,0,4,111,101,10,16425,90.36956783435657,0.9875682431099125,0.917389710375168,0.9511862903481262,15014,1352,189
Saimiri_boliviensis,Aotus_azarai,same-order,1,1,1,111,81,30,16437,88.77317601733687,0.9882723495509985,0.9003052503052503,0.9422401124528784,14747,1633,175
Saimiri_boliviensis,Aotus_azarai,same-order,1,1,2,111,92,19,16433,89.8314268512944,0.9882765929262154,0.9110391989253878,0.9480874316939891,14921,1457,177
Saimiri_boliviensis,Aotus_azarai,same-order,1,1,3,111,94,17,16432,89.96929375639714,0.9882936507936508,0.9123824642813531,0.9488221474379326,14943,1435,177
Saimiri_boliviensis,Aotus_azarai,same-order,1,1,4,111,94,17,16432,89.96929375639714,0.9882936507936508,0.9123824642813531,0.9488221474379326,14943,1435,177
Saimiri_boliviensis,Aotus_azarai,same-order,1,2,1,111,81,30,16446,89.99638858793789,0.9888888888888889,0.9124305852199914,0.9491224172406132,14952,1435,168
Saimiri_boliviensis,Aotus_azarai,same-order,1,2,2,111,95,16,16434,91.24127137009391,0.988392566025432,0.925505281797643,0.9559157416750756,15157,1220,178
Saimiri_boliviensis,Aotus_azarai,same-order,1,2,3,111,96,15,16434,91.24127137009391,0.988392566025432,0.925505281797643,0.9559157416750756,15157,1220,178
Saimiri_boliviensis,Aotus_azarai,same-order,1,2,4,111,96,15,16434,91.24127137009391,0.988392566025432,0.925505281797643,0.9559157416750756,15157,1220,178
Saimiri_boliviensis,Aotus_azarai,same-order,2,0,1,221,163,58,16426,92.78791162482692,0.9881395050647519,0.9415394013439218,0.9642767767767767,15413,957,185
Saimiri_boliviensis,Aotus_azarai,same-order,2,0,2,221,200,21,16409,94.4424373795761,0.9874716696046336,0.9589752995842504,0.973014888337469,15685,671,199
Saimiri_boliviensis,Aotus_azarai,same-order,2,0,3,221,203,18,16408,94.47856454720616,0.9874142596438236,0.959400794863956,0.9732059790361596,15691,664,200
Saimiri_boliviensis,Aotus_azarai,same-order,2,0,4,221,204,17,16406,94.54479768786128,0.9872987927565392,0.9601907906806091,0.9735561273522025,15702,651,202
Saimiri_boliviensis,Aotus_azarai,same-order,2,0,5,221,204,17,16406,94.54479768786128,0.9872987927565392,0.9601907906806091,0.9735561273522025,15702,651,202
Saimiri_boliviensis,Aotus_azarai,same-order,2,2,1,221,171,50,16432,93.22054307905353,0.9886973180076628,0.9453535230186836,0.9665397340657969,15483,895,177
Saimiri_boliviensis,Aotus_azarai,same-order,2,2,2,221,197,24,16424,94.376204238921,0.9883970235843108,0.9574247144340602,0.9726643705979088,15674,697,184
Saimiri_boliviensis,Aotus_azarai,same-order,2,2,3,221,201,20,16423,94.52038297103631,0.9884138278445942,0.9588296377741128,0.9733969986357435,15697,674,184
Saimiri_boliviensis,Aotus_azarai,same-order,2,2,4,221,201,20,16423,94.52038297103631,0.9884138278445942,0.9588296377741128,0.9733969986357435,15697,674,184
Saimiri_boliviensis,Aotus_azarai,same-order,3,0,1,332,260,72,16413,94.4966281310212,0.9877273585499402,0.9592909535452323,0.9733014977208595,15694,666,195
Saimiri_boliviensis,Aotus_azarai,same-order,3,0,2,332,303,29,16406,95.8451255494671,0.9875294701575877,0.9732787085728262,0.9803523035230352,15917,437,201
Saimiri_boliviensis,Aotus_azarai,same-order,3,0,3,332,312,20,16406,95.89329800686457,0.9875356567034602,0.9737678855325914,0.9806034482758621,15925,429,201
Saimiri_boliviensis,Aotus_azarai,same-order,3,0,4,332,312,20,16406,95.89329800686457,0.9875356567034602,0.9737678855325914,0.9806034482758621,15925,429,201
Saimiri_boliviensis,Aotus_azarai,same-order,3,2,1,332,245,87,16411,94.5434834979523,0.9878547605562897,0.9594181640386261,0.9734288283260473,15698,664,193
Saimiri_boliviensis,Aotus_azarai,same-order,3,2,2,332,305,27,16403,96.06697584773836,0.9876160990712074,0.9752369306022624,0.9813874788494077,15950,405,200
Saimiri_boliviensis,Aotus_azarai,same-order,3,2,3,332,313,19,16401,96.28358029153114,0.9875818608674163,0.9774367127308303,0.9824830977258758,15985,369,201
Saimiri_boliviensis,Aotus_azarai,same-order,3,2,4,332,313,19,16401,96.28358029153114,0.9875818608674163,0.9774367127308303,0.9824830977258758,15985,369,201
Saimiri_boliviensis,Aotus_azarai,same-order,2,1,1,221,168,53,16421,92.75650289017341,0.9880066700872242,0.9411656891495601,0.9640175219023781,15405,963,187
Saimiri_boliviensis,Aotus_azarai,same-order,2,1,2,221,196,25,16409,94.42336645588678,0.9876535433070867,0.9584326670334372,0.972823726499969,15679,680,196
Saimiri_boliviensis,Aotus_azarai,same-order,2,1,3,221,206,15,16408,94.78438930378222,0.9876992594452115,0.9620392444525949,0.9747003994673769,15738,621,196
Saimiri_boliviensis,Aotus_azarai,same-order,2,1,4,221,207,14,16408,94.89279691640569,0.9877131394182548,0.9631395562075922,0.9752715793383059,15756,603,196
Saimiri_boliviensis,Aotus_azarai,same-order,2,1,5,221,209,12,16408,94.97711394844616,0.9877239133157961,0.9639953542392566,0.9757153905645785,15770,589,196
Saimiri_boliviensis,Aotus_azarai,same-order,2,1,6,221,209,12,16408,94.97711394844616,0.9877239133157961,0.9639953542392566,0.9757153905645785,15770,589,196
Saimiri_boliviensis,Aotus_azarai,same-order,4,0,1,442,354,88,16415,95.10476878612717,0.9879284463347511,0.9653465346534653,0.9765069551777434,15795,567,193
Saimiri_boliviensis,Aotus_azarai,same-order,4,0,2,442,415,27,16400,96.51912074676302,0.9873706259241005,0.9802446483180428,0.9837947332883187,16027,323,205
Saimiri_boliviensis,Aotus_azarai,same-order,4,0,3,442,421,21,16398,96.61506956574114,0.9873815092945956,0.9811009174311927,0.984231194011535,16041,309,205
Saimiri_boliviensis,Aotus_azarai,same-order,4,0,4,442,421,21,16398,96.61506956574114,0.9873815092945956,0.9811009174311927,0.984231194011535,16041,309,205
Saimiri_boliviensis,Aotus_azarai,same-order,3,1,1,332,263,69,16411,94.87503763926529,0.9878354652621019,0.9628995782653872,0.9752081463369341,15754,607,194
Saimiri_boliviensis,Aotus_azarai,same-order,3,1,2,332,316,16,16395,96.57290851051015,0.9871936953577146,0.9808527558573439,0.9840130105250239,16034,313,208
Saimiri_boliviensis,Aotus_azarai,same-order,3,1,3,332,320,12,16395,96.64518460519183,0.9872031499938476,0.9815868355049856,0.9843869819944172,16046,301,208
Saimiri_boliviensis,Aotus_azarai,same-order,3,1,4,332,321,11,16395,96.75359874721435,0.9872173058013766,0.9826879549764482,0.9849474232809098,16064,283,208
Saimiri_boliviensis,Aotus_azarai,same-order,3,1,5,332,321,11,16395,96.75359874721435,0.9872173058013766,0.9826879549764482,0.9849474232809098,16064,283,208
Saimiri_boliviensis,Aotus_azarai,same-order,4,2,1,442,348,94,16414,95.2432562620424,0.9878840869347989,0.9668113196014914,0.9772341148487937,15818,543,194
Saimiri_boliviensis,Aotus_azarai,same-order,4,2,2,442,416,26,16395,97.13287555716178,0.987326271964734,0.9864203572302422,0.9868731066980814,16126,222,207
Saimiri_boliviensis,Aotus_azarai,same-order,4,2,3,442,425,17,16393,97.24129622936995,0.9872194704335596,0.9876422366328154,0.9874308082815989,16144,202,209
Saimiri_boliviensis,Aotus_azarai,same-order,4,2,4,442,425,17,16393,97.24129622936995,0.9872194704335596,0.9876422366328154,0.9874308082815989,16144,202,209
Saimiri_boliviensis,Aotus_azarai,same-order,5,1,1,552,416,136,16415,95.43538480067446,0.9880915269031735,0.9684673673918357,0.9781810326204363,15848,516,191
Saimiri_boliviensis,Aotus_azarai,same-order,5,1,2,552,527,25,16399,97.01276800770898,0.9874333353766934,0.9851987767584098,0.9863147904356611,16108,242,205
Saimiri_boliviensis,Aotus_azarai,same-order,5,1,3,552,535,17,16396,97.27157742576642,0.9873448676407655,0.9878884267188647,0.9876165723895428,16150,198,207
Saimiri_boliviensis,Aotus_azarai,same-order,5,1,4,552,535,17,16396,97.27157742576642,0.9873448676407655,0.9878884267188647,0.9876165723895428,16150,198,207
Saimiri_boliviensis,Aotus_azarai,same-order,5,0,1,552,398,154,16408,95.10329458531591,0.9878010634970285,0.965158924205379,0.9763487401453085,15790,570,195
Saimiri_boliviensis,Aotus_azarai,same-order,5,0,2,552,502,50,16397,96.80780581822562,0.9873456600528288,0.9831182335311028,0.9852274120387398,16073,276,206
Saimiri_boliviensis,Aotus_azarai,same-order,5,0,3,552,508,44,16396,96.8800819129073,0.9872943776086422,0.9839124051871788,0.9856004901960784,16085,263,207
Saimiri_boliviensis,Aotus_azarai,same-order,5,0,4,552,510,42,16394,96.92224296813829,0.987178700693209,0.9844610302214609,0.9858179924648514,16092,254,209
Saimiri_boliviensis,Aotus_azarai,same-order,5,0,5,552,510,42,16394,96.92224296813829,0.987178700693209,0.9844610302214609,0.9858179924648514,16092,254,209
Saimiri_boliviensis,Aotus_azarai,same-order,4,1,1,442,336,106,16420,94.9789283564118,0.9880997118877615,0.964008554842652,0.9759054777148867,15776,589,190
Saimiri_boliviensis,Aotus_azarai,same-order,4,1,2,442,400,42,16407,96.35137576013005,0.9875347115087936,0.97859719929065,0.9830456416241783,16003,350,202
Saimiri_boliviensis,Aotus_azarai,same-order,4,1,3,442,410,32,16406,96.57394026974951,0.9875623422203066,0.9807986302207546,0.9841688654353562,16039,314,202
Saimiri_boliviensis,Aotus_azarai,same-order,4,1,4,442,415,27,16404,96.79070327552986,0.9874685177222188,0.983120298452694,0.9852896107876188,16075,276,204
Saimiri_boliviensis,Aotus_azarai,same-order,4,1,5,442,416,26,16404,96.79070327552986,0.9874685177222188,0.983120298452694,0.9852896107876188,16075,276,204
Saimiri_boliviensis,Aotus_azarai,same-order,4,1,6,442,416,26,16404,96.79070327552986,0.9874685177222188,0.983120298452694,0.9852896107876188,16075,276,204
Saimiri_boliviensis,Aotus_azarai,same-order,5,2,1,552,424,128,16403,95.50108407612623,0.9874828745796488,0.9696098813745873,0.978464766135999,15857,497,201
Saimiri_boliviensis,Aotus_azarai,same-order,5,2,2,552,509,43,16394,96.910196952358,0.9871771274311307,0.9843386761287165,0.9857558584775616,16090,256,209
Saimiri_boliviensis,Aotus_azarai,same-order,5,2,3,552,522,30,16389,97.18106252258764,0.9869700862543586,0.987272059723412,0.9871210498944598,16134,208,213
Saimiri_boliviensis,Aotus_azarai,same-order,5,2,4,552,524,28,16389,97.28345982411757,0.9869836225861648,0.9883123240729409,0.9876475264477466,16151,191,213
Saimiri_boliviensis,Aotus_azarai,same-order,5,2,5,552,524,28,16389,97.28345982411757,0.9869836225861648,0.9883123240729409,0.9876475264477466,16151,191,213
Saimiri_boliviensis,Varecia_variegata,same-order,1,0,1,114,16,98,16467,72.2827978192785,0.9414564133554918,0.7697961704756022,0.8470164469212994,12463,3727,775
Saimiri_boliviensis,Varecia_variegata,same-order,1,0,2,114,20,94,16465,72.4915903027491,0.9414733353419704,0.7721151470224857,0.8484251968503936,12499,3689,777
Saimiri_boliviensis,Varecia_variegata,same-order,1,0,3,114,20,94,16465,72.4915903027491,0.9414733353419704,0.7721151470224857,0.8484251968503936,12499,3689,777
Saimiri_boliviensis,Aotus_azarai,same-order,6,2,1,663,520,143,16409,95.54953327311051,0.9877972855186153,0.969863683599242,0.9787483421239321,15866,493,196
Saimiri_boliviensis,Aotus_azarai,same-order,6,2,2,663,619,44,16393,97.1330482442932,0.9871457427924344,0.9866625879473845,0.9869041062358485,16127,218,210
Saimiri_boliviensis,Aotus_azarai,same-order,6,2,3,663,637,26,16391,97.37396855989881,0.9870565968618352,0.989230863366579,0.9881425340749344,16167,176,212
Saimiri_boliviensis,Aotus_azarai,same-order,6,2,4,663,637,26,16391,97.37396855989881,0.9870565968618352,0.989230863366579,0.9881425340749344,16167,176,212
Saimiri_boliviensis,Aotus_azarai,same-order,6,0,1,663,500,163,16406,95.73571041378064,0.9877578921203082,0.9716958063332926,0.9796610169491525,15895,463,197
Saimiri_boliviensis,Aotus_azarai,same-order,6,0,2,663,621,42,16393,97.29550656547404,0.9872265004278206,0.9881928300501652,0.9877094288858994,16153,193,209
Saimiri_boliviensis,Aotus_azarai,same-order,6,0,3,663,637,26,16391,97.44609083242983,0.9871255110134847,0.9898433675966716,0.9884825711056121,16178,166,211
Saimiri_boliviensis,Aotus_azarai,same-order,6,0,4,663,639,24,16391,97.44609083242983,0.9871255110134847,0.9898433675966716,0.9884825711056121,16178,166,211
Saimiri_boliviensis,Aotus_azarai,same-order,6,0,5,663,639,24,16391,97.44609083242983,0.9871255110134847,0.9898433675966716,0.9884825711056121,16178,166,211
Saimiri_boliviensis,Aotus_azarai,same-order,6,1,1,663,523,140,16412,95.38665381835702,0.9880224578914535,0.9679154189329585,0.9778655882443738,15838,525,192
Saimiri_boliviensis,Aotus_azarai,same-order,6,1,2,663,628,35,16396,97.23543937842558,0.9873402238395205,0.9875214093467091,0.9874308082815988,16144,204,207
Saimiri_boliviensis,Aotus_azarai,same-order,6,1,3,663,641,22,16394,97.41612961512979,0.9872428737105536,0.9894775480239814,0.9883589477222035,16174,172,209
Saimiri_boliviensis,Aotus_azarai,same-order,6,1,4,663,642,21,16394,97.41612961512979,0.9872428737105536,0.9894775480239814,0.9883589477222035,16174,172,209
Saimiri_boliviensis,Aotus_azarai,same-order,6,1,5,663,642,21,16394,97.41612961512979,0.9872428737105536,0.9894775480239814,0.9883589477222035,16174,172,209
Saimiri_boliviensis,Aotus_azarai,same-order,7,0,1,773,583,190,16408,96.16357504215851,0.9878735383282806,0.9760376551133932,0.9819199311235473,15967,392,196
Saimiri_boliviensis,Aotus_azarai,same-order,7,0,2,773,728,45,16395,97.45813757378629,0.9873680356380057,0.9897235135796427,0.9885443714678478,16180,168,207
Saimiri_boliviensis,Aotus_azarai,same-order,7,0,3,773,738,35,16393,97.50030116853391,0.9872529885337887,0.99027284962682,0.9887606132795798,16187,159,209
Saimiri_boliviensis,Aotus_azarai,same-order,7,0,4,773,738,35,16393,97.50030116853391,0.9872529885337887,0.99027284962682,0.9887606132795798,16187,159,209
Saimiri_boliviensis,Aotus_azarai,same-order,7,2,1,773,603,170,16409,95.97687304264032,0.9879114748000744,0.9740831295843521,0.9809485703733342,15936,424,195
Saimiri_boliviensis,Aotus_azarai,same-order,7,2,2,773,730,43,16393,97.40408359934952,0.9871810523745574,0.9894157234628327,0.9882971246982615,16172,173,210
Saimiri_boliviensis,Aotus_azarai,same-order,7,2,3,773,744,29,16392,97.49427779785567,0.9871919980483045,0.9902722545120832,0.988729727253291,16186,159,210
Saimiri_boliviensis,Aotus_azarai,same-order,7,2,4,773,744,29,16392,97.49427779785567,0.9871919980483045,0.9902722545120832,0.988729727253291,16186,159,210
Saimiri_boliviensis,Aotus_azarai,same-order,8,0,1,883,658,225,16413,95.73673752032276,0.9879450692847822,0.9717621172299982,0.9797867751278733,15899,462,194
Saimiri_boliviensis,Aotus_azarai,same-order,8,0,2,883,811,72,16401,97.0373938700548,0.9873782243735065,0.985687197993761,0.9865319865319866,16115,234,206
Saimiri_boliviensis,Aotus_azarai,same-order,8,0,3,883,825,58,16400,97.2238949777189,0.9874013821784601,0.9875221726099456,0.9874617737003059,16145,204,206
Saimiri_boliviensis,Aotus_azarai,same-order,8,0,4,883,825,58,16400,97.2238949777189,0.9874013821784601,0.9875221726099456,0.9874617737003059,16145,204,206
Saimiri_boliviensis,Varecia_variegata,same-order,1,1,1,114,27,87,16451,72.82854656222803,0.9412117576484703,0.7757246152895371,0.8504929362740116,12552,3629,784
Saimiri_boliviensis,Varecia_variegata,same-order,1,1,2,114,44,70,16441,73.67535256224247,0.9414163885799036,0.7848531684698609,0.8560350640593392,12695,3480,790
Saimiri_boliviensis,Varecia_variegata,same-order,1,1,3,114,51,63,16435,74.40794056187602,0.9417425800764032,0.7926663368785555,0.8607977437550363,12819,3353,793
Saimiri_boliviensis,Varecia_variegata,same-order,1,1,4,114,56,58,16430,74.61690271650801,0.941551307404966,0.7951382445722769,0.8621730382293763,12855,3312,798
Saimiri_boliviensis,Varecia_variegata,same-order,1,1,5,114,58,56,16430,74.62270722080335,0.9415555881060496,0.7952000989670316,0.8622111934542771,12856,3311,798
Saimiri_boliviensis,Varecia_variegata,same-order,1,1,6,114,58,56,16430,74.62270722080335,0.9415555881060496,0.7952000989670316,0.8622111934542771,12856,3311,798
Saimiri_boliviensis,Aotus_azarai,same-order,7,1,1,773,602,171,16409,95.98434677904876,0.9875495540138751,0.974868533692063,0.9811680718813466,15943,411,201
Saimiri_boliviensis,Aotus_azarai,same-order,7,1,2,773,722,51,16391,97.33180750466784,0.9870510627901294,0.9888025454322952,0.9879260278159865,16160,183,212
Saimiri_boliviensis,Aotus_azarai,same-order,7,1,3,773,740,33,16390,97.45813757378629,0.9870668618838457,0.9900263109588203,0.9885443714678479,16180,163,212
Saimiri_boliviensis,Aotus_azarai,same-order,7,1,4,773,741,32,16390,97.45813757378629,0.9870668618838457,0.9900263109588203,0.9885443714678479,16180,163,212
Saimiri_boliviensis,Aotus_azarai,same-order,7,1,5,773,741,32,16390,97.45813757378629,0.9870668618838457,0.9900263109588203,0.9885443714678479,16180,163,212
Saimiri_boliviensis,Varecia_variegata,same-order,1,2,1,114,19,95,16447,72.73466070702966,0.941397445529677,0.7741736175471116,0.8496355314460079,12530,3655,780
Saimiri_boliviensis,Varecia_variegata,same-order,1,2,2,114,26,88,16439,73.33488183032344,0.9416896577436433,0.7803868256812705,0.8534838142866797,12629,3554,782
Saimiri_boliviensis,Varecia_variegata,same-order,1,2,3,114,29,85,16436,73.74411986758813,0.9419182553223054,0.7846990483252997,0.8561507602063176,12698,3484,783
Saimiri_boliviensis,Varecia_variegata,same-order,1,2,4,114,30,84,16436,73.82542540217202,0.9419785105594665,0.78556420714374,0.8566903662769149,12712,3470,783
Saimiri_boliviensis,Varecia_variegata,same-order,1,2,5,114,30,84,16436,73.82542540217202,0.9419785105594665,0.78556420714374,0.8566903662769149,12712,3470,783
Saimiri_boliviensis,Aotus_azarai,same-order,8,1,1,883,680,203,16406,96.3743676222597,0.9877777777777778,0.9782967536834383,0.9830144055041926,16002,355,198
Saimiri_boliviensis,Aotus_azarai,same-order,8,1,2,883,838,45,16395,97.46416094446452,0.9873688064437394,0.9897846831416687,0.9885752688172043,16181,167,207
Saimiri_boliviensis,Aotus_azarai,same-order,8,1,3,883,847,36,16395,97.46416094446452,0.9873688064437394,0.9897846831416687,0.9885752688172043,16181,167,207
Saimiri_boliviensis,Aotus_azarai,same-order,8,1,4,883,847,36,16395,97.46416094446452,0.9873688064437394,0.9897846831416687,0.9885752688172043,16181,167,207
Saimiri_boliviensis,Varecia_variegata,same-order,2,0,1,227,35,192,16449,73.92061281337047,0.9420900820945196,0.7871709306637004,0.8576911423088577,12738,3444,783
Saimiri_boliviensis,Varecia_variegata,same-order,2,0,2,227,71,156,16423,75.66939652668874,0.9425553465489799,0.8056397254344196,0.8687360384089621,13028,3143,794
Saimiri_boliviensis,Varecia_variegata,same-order,2,0,3,227,86,141,16414,76.56694742956724,0.9427120583607496,0.8154540955209106,0.8744775426258874,13181,2983,801
Saimiri_boliviensis,Varecia_variegata,same-order,2,0,4,227,89,138,16414,76.72378739471391,0.9428224712684703,0.8171244741400644,0.8754847048685911,13208,2956,801
Saimiri_boliviensis,Varecia_variegata,same-order,2,0,5,227,89,138,16414,76.72378739471391,0.9428224712684703,0.8171244741400644,0.8754847048685911,13208,2956,801
Saimiri_boliviensis,Aotus_azarai,same-order,8,2,1,883,688,195,16406,95.91738423556332,0.9875387476751395,0.974012474012474,0.9807289742642531,15929,425,201
Saimiri_boliviensis,Aotus_azarai,same-order,8,2,2,883,839,44,16391,97.44609083242983,0.9871255110134847,0.9898433675966716,0.9884825711056121,16178,166,211
Saimiri_boliviensis,Aotus_azarai,same-order,8,2,3,883,853,30,16389,97.48825442717745,0.9870106110501281,0.9903928527719985,0.9886988393402565,16185,157,213
Saimiri_boliviensis,Aotus_azarai,same-order,8,2,4,883,855,28,16389,97.48825442717745,0.9870106110501281,0.9903928527719985,0.9886988393402565,16185,157,213
Saimiri_boliviensis,Aotus_azarai,same-order,8,2,5,883,855,28,16389,97.48825442717745,0.9870106110501281,0.9903928527719985,0.9886988393402565,16185,157,213
Saimiri_boliviensis,Varecia_variegata,same-order,2,1,1,227,34,193,16447,73.72635487988859,0.9416734603127548,0.7853875633576461,0.8564591688854437,12706,3472,787
Saimiri_boliviensis,Varecia_variegata,same-order,2,1,2,227,62,165,16423,75.25258390430844,0.9419289192528527,0.8016825436100458,0.8661654135338346,12960,3206,799
Saimiri_boliviensis,Varecia_variegata,same-order,2,1,3,227,69,158,16421,75.60678202299384,0.9420489075387064,0.8055555555555556,0.8684719535783365,13021,3143,801
Saimiri_boliviensis,Varecia_variegata,same-order,2,1,4,227,71,156,16421,75.82162350481941,0.9422036221949636,0.807844592922544,0.869866435732605,13058,3106,801
Saimiri_boliviensis,Varecia_variegata,same-order,2,1,5,227,76,151,16420,76.08733523024215,0.9423906789413119,0.8106285572878,0.8715578023147532,13103,3061,801
Saimiri_boliviensis,Varecia_variegata,same-order,2,1,6,227,78,149,16420,76.16282445850996,0.9424444923474887,0.8114328136599851,0.8720454772115289,13116,3048,801
Saimiri_boliviensis,Varecia_variegata,same-order,2,2,1,227,46,181,16446,74.1136192189404,0.9419573714875729,0.7894671776486587,0.8589972088643776,12772,3406,787
Saimiri_boliviensis,Varecia_variegata,same-order,2,2,2,227,75,152,16417,76.00325222138335,0.9422564619483044,0.8096887953968941,0.8709570078530546,13087,3076,802
Saimiri_boliviensis,Varecia_variegata,same-order,2,2,3,227,91,136,16404,77.41691842900302,0.9428288403028373,0.8247199356316148,0.8798283261802576,13325,2832,808
Saimiri_boliviensis,Varecia_variegata,same-order,2,2,4,227,98,129,16404,77.86428073437136,0.9431386347642505,0.8294856718450208,0.8826686864030033,13402,2755,808
Saimiri_boliviensis,Varecia_variegata,same-order,2,2,5,227,104,123,16404,78.30002323960028,0.9434371718585929,0.8341276227022343,0.8854214571972931,13477,2680,808
Saimiri_boliviensis,Varecia_variegata,same-order,2,2,6,227,107,120,16403,78.3697420404369,0.9434186599524409,0.8349220103986135,0.8858606422801603,13489,2667,809
Saimiri_boliviensis,Varecia_variegata,same-order,3,2,1,340,63,277,16428,74.78376966389969,0.9416021049554159,0.7969194605963132,0.863240418118467,12883,3283,799
Saimiri_boliviensis,Varecia_variegata,same-order,3,2,2,340,122,218,16388,77.62278407439698,0.9423511148744003,0.8270374040128808,0.8809366754617415,13355,2793,817
Saimiri_boliviensis,Varecia_variegata,same-order,3,2,3,340,157,183,16380,78.998778998779,0.9431486880466472,0.8415087328130806,0.8894344069128044,13587,2559,819
Saimiri_boliviensis,Varecia_variegata,same-order,3,2,4,340,166,174,16377,79.34984880204699,0.9433766592920354,0.845100953796606,0.8915387128389415,13645,2501,819
Saimiri_boliviensis,Varecia_variegata,same-order,3,2,5,340,166,174,16377,79.34984880204699,0.9433766592920354,0.845100953796606,0.8915387128389415,13645,2501,819
Saimiri_boliviensis,Varecia_variegata,same-order,3,0,1,340,40,300,16444,73.7593592199199,0.9418216853183132,0.7854140914709518,0.856536245071277,12708,3472,785
Saimiri_boliviensis,Varecia_variegata,same-order,3,0,2,340,85,255,16420,76.18162815004065,0.9423933342910501,0.8117304955763163,0.8721954462356657,13120,3043,802
Saimiri_boliviensis,Varecia_variegata,same-order,3,0,3,340,122,218,16409,77.50479177557065,0.9429055963821368,0.8258958965154423,0.8805305354845095,13344,2813,808
Saimiri_boliviensis,Varecia_variegata,same-order,3,0,4,340,129,211,16405,77.8881338212232,0.9429053578962171,0.8301863430941621,0.8829629629629631,13410,2743,812
Saimiri_boliviensis,Varecia_variegata,same-order,3,0,5,340,135,205,16404,78.29470871812744,0.9431190093052543,0.8345715700842001,0.8855312859254393,13480,2672,813
Saimiri_boliviensis,Varecia_variegata,same-order,3,0,6,340,140,200,16404,78.29470871812744,0.9431190093052543,0.8345715700842001,0.8855312859254393,13480,2672,813
Saimiri_boliviensis,Varecia_variegata,same-order,3,1,1,340,51,289,16448,73.99779544004177,0.9417454223272298,0.7885138476755688,0.8583445491251682,12755,3421,789
Saimiri_boliviensis,Varecia_variegata,same-order,3,1,2,340,91,249,16423,76.07686055961918,0.9422634454989934,0.8108526172503403,0.8716328566677752,13105,3057,803
Saimiri_boliviensis,Varecia_variegata,same-order,3,1,3,340,118,222,16415,77.05660377358491,0.9424838457714976,0.8216032188177035,0.8779019776440241,13273,2882,810
Saimiri_boliviensis,Varecia_variegata,same-order,3,1,4,340,132,208,16411,77.88294042503775,0.9429836895388076,0.8303206636127275,0.883073276713411,13413,2741,811
Saimiri_boliviensis,Varecia_variegata,same-order,3,1,5,340,144,196,16405,78.39219330855019,0.9433144614524359,0.8354587099170484,0.886116673779587,13496,2658,811
Saimiri_boliviensis,Varecia_variegata,same-order,3,1,6,340,150,190,16404,78.64196096654275,0.9434185771026409,0.8381724757011082,0.887686860739575,13539,2614,812
Saimiri_boliviensis,Varecia_variegata,same-order,4,0,1,453,66,387,16426,75.38318625174176,0.9420983892033087,0.8031174614956392,0.8670740258439348,12984,3183,798
Saimiri_boliviensis,Varecia_variegata,same-order,4,0,2,453,183,270,16396,78.71462606775525,0.9433804582491817,0.8386577513620604,0.887942053685556,13546,2606,813
Saimiri_boliviensis,Varecia_variegata,same-order,4,0,3,453,225,228,16385,80.25566531086578,0.9436359909817585,0.8557620817843866,0.8975533677746369,13812,2328,825
Saimiri_boliviensis,Varecia_variegata,same-order,4,0,4,453,243,210,16372,81.09993605022964,0.9439068949184654,0.8645265245413981,0.9024745269286755,13950,2186,829
Saimiri_boliviensis,Varecia_variegata,same-order,4,0,5,453,259,194,16370,81.62316144410208,0.9441194270728263,0.8702119747117888,0.9056603773584905,14040,2094,831
Saimiri_boliviensis,Varecia_variegata,same-order,4,0,6,453,263,190,16365,81.91755334612478,0.9441131139851237,0.8734114438038559,0.907387132092484,14089,2042,834
Saimiri_boliviensis,Varecia_variegata,same-order,4,1,1,453,59,394,16437,74.13362744528938,0.9417447090922498,0.7895517774343123,0.8589588377723971,12771,3404,790
Saimiri_boliviensis,Varecia_variegata,same-order,4,1,2,453,121,332,16407,76.43811737361999,0.9424702679466972,0.8139462937755229,0.8735059760956175,13155,3007,803
Saimiri_boliviensis,Varecia_variegata,same-order,4,1,3,453,162,291,16401,78.06706572906376,0.9433949013273404,0.8313014419209109,0.8838081452727153,13433,2726,806
Saimiri_boliviensis,Varecia_variegata,same-order,4,1,4,453,180,273,16397,78.7528331492997,0.9435972425318571,0.838811513463324,0.8881242626818718,13551,2604,810
Saimiri_boliviensis,Varecia_variegata,same-order,4,1,5,453,190,263,16395,79.14220956587435,0.9437283437283437,0.8430632080728038,0.8905601150966223,13618,2535,812
Saimiri_boliviensis,Varecia_variegata,same-order,4,1,6,453,194,259,16395,79.25262974370895,0.9438023392622327,0.844239460162199,0.8912489379779098,13637,2516,812
Saimiri_boliviensis,Varecia_variegata,same-order,4,2,1,453,84,369,16437,75.20320483046912,0.9427219796215429,0.8006552107800717,0.8659001270138378,12953,3225,787
Saimiri_boliviensis,Varecia_variegata,same-order,4,2,2,453,163,290,16404,78.19164390725783,0.943552345557815,0.8326732673267326,0.88465204957102,13456,2704,805
Saimiri_boliviensis,Varecia_variegata,same-order,4,2,3,453,195,258,16385,79.4801721130364,0.9438613451180776,0.846272907379891,0.8924071293334204,13669,2483,813
Saimiri_boliviensis,Varecia_variegata,same-order,4,2,4,453,211,242,16382,79.97325114845613,0.9440554640307524,0.8515789473684211,0.8954359007747901,13753,2397,815
Saimiri_boliviensis,Varecia_variegata,same-order,4,2,5,453,218,235,16376,80.43275942298743,0.9442775198033324,0.8562759303981671,0.8981261975124216,13828,2321,816
Saimiri_boliviensis,Varecia_variegata,same-order,4,2,6,453,222,231,16375,80.67124243834341,0.9443687865994825,0.8588679712657914,0.8995913601868067,13869,2279,817
Saimiri_boliviensis,Varecia_variegata,same-order,5,0,1,566,96,470,16425,75.4266805990944,0.9419312744671596,0.8038233110616184,0.867414380132185,12993,3171,801
Saimiri_boliviensis,Varecia_variegata,same-order,5,0,2,566,210,356,16389,78.61752223707924,0.9433554237879317,0.837181947625828,0.8871031225400158,13523,2630,812
Saimiri_boliviensis,Varecia_variegata,same-order,5,0,3,566,271,295,16361,80.3699179898796,0.9432081911262798,0.8565052996962748,0.8977682487087029,13818,2315,832
Saimiri_boliviensis,Varecia_variegata,same-order,5,0,4,566,303,263,16353,81.33216986620128,0.9435146443514645,0.8668774801587301,0.9035739675563885,13981,2147,837
Saimiri_boliviensis,Varecia_variegata,same-order,5,0,5,566,318,248,16351,81.83246073298429,0.9437139406950221,0.8723179957832072,0.9066125290023201,14067,2059,839
Saimiri_boliviensis,Varecia_variegata,same-order,5,0,6,566,329,237,16349,82.03025014543339,0.9437157007094097,0.8745348548747209,0.9078091804545162,14101,2023,841
Saimiri_boliviensis,Varecia_variegata,same-order,5,1,1,566,84,482,16434,74.74600870827285,0.9421191277623299,0.796030666501793,0.8629356568364611,12875,3299,791
Saimiri_boliviensis,Varecia_variegata,same-order,5,1,2,566,176,390,16386,77.91535867922335,0.9426119980308039,0.8299585113629326,0.8827054794520548,13403,2746,816
Saimiri_boliviensis,Varecia_variegata,same-order,5,1,3,566,241,325,16377,79.81395348837209,0.9434403133805237,0.8504522364019328,0.8945362134688691,13728,2414,823
Saimiri_boliviensis,Varecia_variegata,same-order,5,1,4,566,269,297,16361,80.56557663214244,0.943766614409379,0.8578686493184634,0.8987699198338256,13846,2294,825
Saimiri_boliviensis,Varecia_variegata,same-order,5,1,5,566,282,284,16360,81.04270918189223,0.9440151823234377,0.8630026643534295,0.9016929401482536,13928,2211,826
Saimiri_boliviensis,Varecia_variegata,same-order,5,1,6,566,297,269,16357,81.36530291567247,0.9442155737151348,0.8662866348596567,0.9035739675563885,13981,2158,826
Saimiri_boliviensis,Varecia_variegata,same-order,5,2,1,566,94,472,16429,75.01451294554742,0.941905386689992,0.7992330529440871,0.8647237929534579,12922,3246,797
Saimiri_boliviensis,Varecia_variegata,same-order,5,2,2,566,200,366,16394,77.9049500348594,0.9425036901665846,0.8304328977519044,0.8829261868703496,13409,2738,818
Saimiri_boliviensis,Varecia_variegata,same-order,5,2,3,566,256,310,16381,79.65825874694873,0.9432248296744891,0.8491945477075589,0.8937432754067359,13706,2434,825
Saimiri_boliviensis,Varecia_variegata,same-order,5,2,4,566,291,275,16375,80.41392942270798,0.9436485195797517,0.857054340417622,0.8982693119459689,13832,2307,826
Saimiri_boliviensis,Varecia_variegata,same-order,5,2,5,566,297,269,16373,80.75111912098134,0.9437423562984101,0.8607547871351552,0.9003403014098201,13890,2247,828
Saimiri_boliviensis,Varecia_variegata,same-order,5,2,6,566,303,263,16371,80.98366374048021,0.9437669376693767,0.8633405639913232,0.9017640394885904,13930,2205,830
Saimiri_boliviensis,Varecia_variegata,same-order,6,0,1,679,106,573,16431,75.36130942016368,0.9420983892033087,0.8031174614956392,0.8670740258439348,12984,3183,798
Saimiri_boliviensis,Varecia_variegata,same-order,6,0,2,679,231,448,16391,78.60919072793818,0.9427297429108897,0.838196122158211,0.8873950682056664,13531,2612,822
Saimiri_boliviensis,Varecia_variegata,same-order,6,0,3,679,319,360,16384,80.83313966999768,0.9438301336408657,0.8621800830389788,0.9011594015156422,13913,2224,828
Saimiri_boliviensis,Varecia_variegata,same-order,6,0,4,679,368,311,16358,81.96730847536502,0.9441838649155723,0.8734812794445822,0.9074574961360125,14091,2041,833
Saimiri_boliviensis,Varecia_variegata,same-order,6,0,5,679,386,293,16355,82.54799301919721,0.9444259567387687,0.879727216367018,0.9109292248435243,14190,1940,835
Saimiri_boliviensis,Varecia_variegata,same-order,6,0,6,679,399,280,16346,82.84733135440312,0.9445882274868936,0.8824550526968382,0.9124651431135613,14234,1896,835
Saimiri_sciureus,Homo_sapiens,same-order,1,1,1,111,34,77,16453,74.14424362178184,0.9441977501480165,0.8067024976288334,0.8700514883895387,12758,3057,754
Saimiri_sciureus,Homo_sapiens,same-order,1,1,2,111,43,68,16449,74.73555736371033,0.944403642773208,0.8132431065013913,0.8739295908658421,12859,2953,757
Saimiri_sciureus,Homo_sapiens,same-order,1,1,3,111,43,68,16449,74.73555736371033,0.944403642773208,0.8132431065013913,0.8739295908658421,12859,2953,757
Saimiri_boliviensis,Varecia_variegata,same-order,6,1,1,679,116,563,16428,75.58922558922559,0.9422534192054418,0.805406074101565,0.8684719535783365,13021,3146,798
Saimiri_boliviensis,Varecia_variegata,same-order,6,1,2,679,268,411,16379,79.28849619252456,0.9430309734513275,0.8450529706957438,0.8913576213037085,13640,2501,824
Saimiri_boliviensis,Varecia_variegata,same-order,6,1,3,679,353,326,16353,81.36125654450262,0.9435336976320583,0.8671875,0.9037510904332654,13986,2142,837
Saimiri_boliviensis,Varecia_variegata,same-order,6,1,4,679,380,299,16348,81.75734652313064,0.9437764492510243,0.871155753968254,0.9060132194099628,14050,2078,837
Saimiri_boliviensis,Varecia_variegata,same-order,6,1,5,679,388,291,16348,81.8213558335758,0.9438179621425695,0.8718377976190477,0.9064010829626765,14061,2067,837
Saimiri_boliviensis,Varecia_variegata,same-order,6,1,6,679,391,288,16344,81.96950296822256,0.9438413081356386,0.8733180380727972,0.9072111823247124,14084,2043,838
Saimiri_sciureus,Homo_sapiens,same-order,1,0,1,111,39,72,16447,74.2882045322487,0.9436817242397402,0.8088700493483487,0.8710908223751448,12785,3021,763
Saimiri_sciureus,Homo_sapiens,same-order,1,0,2,111,49,62,16443,75.0014527282236,0.943977181306224,0.8167436562677972,0.8757633328809878,12907,2896,766
Saimiri_sciureus,Homo_sapiens,same-order,1,0,3,111,51,60,16441,75.16996920216165,0.9439579684763573,0.8186823618758307,0.8768683274021352,12936,2865,768
Saimiri_sciureus,Homo_sapiens,same-order,1,0,4,111,51,60,16441,75.16996920216165,0.9439579684763573,0.8186823618758307,0.8768683274021352,12936,2865,768
Saimiri_boliviensis,Varecia_variegata,same-order,6,2,1,679,115,564,16431,75.9767779390421,0.9427995101217491,0.8092882320202832,0.8709570078530546,13087,3084,794
Saimiri_boliviensis,Varecia_variegata,same-order,6,2,2,679,300,379,16389,79.56183170618317,0.9435561681598897,0.8479499566456088,0.8932019832985386,13691,2455,819
Saimiri_boliviensis,Varecia_variegata,same-order,6,2,3,679,365,314,16366,81.11912517449977,0.9440834010289737,0.8641179750913935,0.9023325029924623,13946,2193,826
Saimiri_boliviensis,Varecia_variegata,same-order,6,2,4,679,389,290,16353,82.08216945996276,0.9443626138189609,0.8742407338539729,0.907949790794979,14105,2029,831
Saimiri_boliviensis,Varecia_variegata,same-order,6,2,5,679,408,271,16350,82.46042830540037,0.944414822713943,0.8784328311945943,0.9102296450939457,14170,1961,834
Saimiri_boliviensis,Varecia_variegata,same-order,6,2,6,679,416,263,16342,82.8453344199313,0.944455504678479,0.8824404761904762,0.912395422636792,14232,1896,837
Saimiri_boliviensis,Varecia_variegata,same-order,7,0,1,792,121,671,16413,76.11246659695597,0.9423865352801554,0.8105666914130166,0.871520271393887,13102,3062,801
Saimiri_boliviensis,Varecia_variegata,same-order,7,0,2,792,295,497,16369,79.86272684969754,0.9434480863052291,0.8505761367860241,0.8946082423847532,13730,2412,823
Saimiri_boliviensis,Varecia_variegata,same-order,7,0,3,792,385,407,16356,81.46596858638743,0.9437929640113223,0.8681420866654268,0.9043882592269689,14004,2127,834
Saimiri_boliviensis,Varecia_variegata,same-order,7,0,4,792,426,366,16349,82.34438627108784,0.9439183782341958,0.8778838997767303,0.9097043701799484,14155,1969,841
Saimiri_boliviensis,Varecia_variegata,same-order,7,0,5,792,455,337,16343,82.81640965958685,0.944142231657158,0.8827141350865224,0.912395422636792,14232,1891,842
Saimiri_boliviensis,Varecia_variegata,same-order,7,0,6,792,466,326,16339,83.02293097427541,0.9442017474185862,0.8848157796799404,0.9135446685878963,14265,1857,843
Saimiri_boliviensis,Varecia_variegata,same-order,7,1,1,792,129,663,16427,76.04063860667634,0.9425734024179621,0.8101688624976805,0.8713701227422412,13098,3069,798
Saimiri_boliviensis,Varecia_variegata,same-order,7,1,2,792,341,451,16374,80.15231672577175,0.9434104283563706,0.854318998636758,0.8966571279916754,13787,2351,827
Saimiri_boliviensis,Varecia_variegata,same-order,7,1,3,792,422,370,16352,82.01756937576357,0.9439571476397723,0.8741319444444444,0.9077036989344236,14098,2030,837
Saimiri_boliviensis,Varecia_variegata,same-order,7,1,4,792,462,330,16341,82.80959031657356,0.9440721820473694,0.8826448331472522,0.9123256932200673,14230,1892,843
Saimiri_boliviensis,Varecia_variegata,same-order,7,1,5,792,478,314,16339,83.28095903165736,0.9442465030351016,0.8877791563275435,0.9151426013556719,14311,1809,845
Saimiri_boliviensis,Varecia_variegata,same-order,7,1,6,792,491,301,16333,83.51961811619513,0.9443786203264877,0.8900124069478909,0.9163898824731733,14347,1773,845
Saimiri_boliviensis,Varecia_variegata,same-order,7,2,1,792,132,660,16432,75.38318625174176,0.9425087108013938,0.8028195140048229,0.8670740258439348,12984,3189,792
Saimiri_boliviensis,Varecia_variegata,same-order,7,2,2,792,295,497,16376,79.03582228425215,0.9430990215807369,0.8418086094766182,0.8895797879303573,13591,2554,820
Saimiri_boliviensis,Varecia_variegata,same-order,7,2,3,792,388,404,16360,81.51724940368841,0.9441412303753116,0.868368864650471,0.9046712076702069,14012,2124,829
Saimiri_boliviensis,Varecia_variegata,same-order,7,2,4,792,438,354,16346,82.66589057043073,0.9445331205107741,0.8804165891761205,0.9113485417268263,14202,1929,834
Saimiri_boliviensis,Varecia_variegata,same-order,7,2,5,792,468,324,16338,83.35953420669578,0.9447670582024548,0.8877108134920635,0.9153506809027555,14317,1811,837
Saimiri_boliviensis,Varecia_variegata,same-order,7,2,6,792,483,309,16331,83.89820638248311,0.9448452256033578,0.8935127759861077,0.9184623230906541,14407,1717,841
Saimiri_sciureus,Homo_sapiens,same-order,1,2,1,111,35,76,16452,74.36076243607624,0.9442148760330579,0.8092076139884905,0.8715137067938021,12796,3017,756
Saimiri_sciureus,Homo_sapiens,same-order,1,2,2,111,45,66,16442,75.16275284817485,0.9443511283137369,0.8180552919592585,0.8766779661016948,12931,2876,762
Saimiri_sciureus,Homo_sapiens,same-order,1,2,3,111,47,64,16442,75.29644268774703,0.9444444444444444,0.8195103435186942,0.8775530941977441,12954,2853,762
Saimiri_sciureus,Homo_sapiens,same-order,1,2,4,111,48,63,16442,75.35456870495234,0.9444849191315751,0.8201429746314923,0.8779331595164731,12964,2843,762
Saimiri_sciureus,Homo_sapiens,same-order,1,2,5,111,49,62,16440,75.4112654769517,0.944452533488643,0.8207642667341516,0.8782749983074943,12973,2833,763
Saimiri_sciureus,Homo_sapiens,same-order,1,2,6,111,49,62,16440,75.4112654769517,0.944452533488643,0.8207642667341516,0.8782749983074943,12973,2833,763
Saimiri_sciureus,Homo_sapiens,same-order,2,2,1,221,63,158,16448,75.24412927226227,0.9448215458725641,0.8186302409409979,0.8772108152063427,12945,2868,756
Saimiri_sciureus,Homo_sapiens,same-order,2,2,2,221,85,136,16434,76.49418604651163,0.9449831214537097,0.8325634373220274,0.8852183273901635,13157,2646,766
Saimiri_sciureus,Homo_sapiens,same-order,2,2,3,221,96,125,16428,77.07606420097697,0.9452289259734703,0.8388076704006076,0.888844180665929,13254,2547,768
Saimiri_sciureus,Homo_sapiens,same-order,2,2,4,221,99,122,16428,77.1167713421726,0.9452562549005631,0.8392506803366876,0.8891049279249078,13261,2540,768
Saimiri_sciureus,Homo_sapiens,same-order,2,2,5,221,99,122,16428,77.1167713421726,0.9452562549005631,0.8392506803366876,0.8891049279249078,13261,2540,768
Saimiri_boliviensis,Varecia_variegata,same-order,8,0,1,905,150,755,16423,76.15398014283225,0.9425122161540672,0.8113826167646149,0.8720454772115288,13116,3049,800
Saimiri_boliviensis,Varecia_variegata,same-order,8,0,2,905,352,553,16366,80.3002094484524,0.9437910284463895,0.8549835842160689,0.8971950466408815,13802,2341,822
Saimiri_boliviensis,Varecia_variegata,same-order,8,0,3,905,481,424,16354,82.35567970204842,0.9446001868909358,0.8770994731949179,0.9095992544268406,14152,1983,830
Saimiri_boliviensis,Varecia_variegata,same-order,8,0,4,905,515,390,16343,82.89672837350099,0.9446102819237148,0.8828270303781773,0.9126742509213267,14240,1890,835
Saimiri_boliviensis,Varecia_variegata,same-order,8,0,5,905,540,365,16337,83.49735049205148,0.9449093904448106,0.8890197780395561,0.9161129568106312,14339,1790,836
Saimiri_boliviensis,Varecia_variegata,same-order,8,0,6,905,551,354,16333,83.83226557949912,0.945046287177467,0.8924851190476191,0.9180139672821199,14394,1734,837
Saimiri_sciureus,Homo_sapiens,same-order,2,1,1,221,61,160,16438,75.95510844914811,0.9450835684827437,0.8261859582542694,0.881644223954642,13062,2748,759
Saimiri_sciureus,Homo_sapiens,same-order,2,1,2,221,97,124,16409,77.70796974985457,0.9447627130631586,0.8460856346592348,0.8927055835867277,13358,2430,781
Saimiri_sciureus,Homo_sapiens,same-order,2,1,3,221,107,114,16402,78.38026530137306,0.944873053724225,0.853576633086232,0.896907559668453,13472,2311,786
Saimiri_sciureus,Homo_sapiens,same-order,2,1,4,221,113,108,16400,78.62462182918316,0.9449028107956929,0.856346239148343,0.8984476282285676,13514,2267,788
Saimiri_sciureus,Homo_sapiens,same-order,2,1,5,221,114,107,16399,78.6931983475883,0.9449451547544191,0.8570432798935429,0.8988502691566425,13525,2256,788
Saimiri_sciureus,Homo_sapiens,same-order,2,1,6,221,114,107,16399,78.6931983475883,0.9449451547544191,0.8570432798935429,0.8988502691566425,13525,2256,788
Saimiri_sciureus,Homo_sapiens,same-order,2,0,1,221,66,155,16434,75.9771986970684,0.9451519536903039,0.8261337043830245,0.881644223954642,13062,2749,758
Saimiri_sciureus,Homo_sapiens,same-order,2,0,2,221,101,120,16410,77.7157153662652,0.9450261780104712,0.8458080040526849,0.8926685825035087,13357,2435,777
Saimiri_sciureus,Homo_sapiens,same-order,2,0,3,221,106,115,16410,78.04736137778553,0.9452469875273061,0.8494174265450861,0.8947737050995564,13414,2378,777
Saimiri_sciureus,Homo_sapiens,same-order,2,0,4,221,111,110,16405,78.32285847299813,0.9452872594465515,0.8523749208359721,0.8964299986679101,13459,2331,779
Saimiri_sciureus,Homo_sapiens,same-order,2,0,5,221,114,107,16405,78.45088454376165,0.9453716690042075,0.8537682077264092,0.8972379367720466,13481,2309,779
Saimiri_sciureus,Homo_sapiens,same-order,2,0,6,221,115,106,16405,78.5556331471136,0.9454405378904609,0.8549081697276757,0.8978980976453371,13499,2291,779
Saimiri_boliviensis,Varecia_variegata,same-order,8,1,1,905,152,753,16428,75.66908563134979,0.9423758224278794,0.8061603166749134,0.8689622987432913,13034,3134,797
Saimiri_boliviensis,Varecia_variegata,same-order,8,1,2,905,348,557,16378,79.1952552622398,0.943213296398892,0.8436048312170951,0.8906326630701324,13620,2525,820
Saimiri_boliviensis,Varecia_variegata,same-order,8,1,3,905,431,474,16354,80.87508000232734,0.9434602592818842,0.8616414579717332,0.9006965818888708,13900,2232,833
Saimiri_boliviensis,Varecia_variegata,same-order,8,1,4,905,472,433,16347,81.62030031428239,0.9438051012854163,0.869435833849969,0.9050953564167931,14024,2106,835
Saimiri_boliviensis,Varecia_variegata,same-order,8,1,5,905,506,399,16343,82.14680714826241,0.9440727856569441,0.8749457498914998,0.9081957717926441,14112,2017,836
Saimiri_boliviensis,Varecia_variegata,same-order,8,1,6,905,521,384,16339,82.55123428039124,0.9442594565796484,0.8791542658730159,0.910544567171847,14179,1949,837
Saimiri_boliviensis,Varecia_variegata,same-order,8,2,1,905,148,757,16425,76.08266573783816,0.9424031063493205,0.8108141549121505,0.871670380100429,13106,3058,801
Saimiri_boliviensis,Varecia_variegata,same-order,8,2,2,905,391,514,16371,80.32214921207188,0.9435753808320241,0.8558770679719933,0.8975891870816817,13813,2326,826
Saimiri_boliviensis,Varecia_variegata,same-order,8,2,3,905,488,417,16352,82.56469904041873,0.9439494680851064,0.8805979407021461,0.9111738656055453,14197,1925,843
Saimiri_boliviensis,Varecia_variegata,same-order,8,2,4,905,533,372,16344,83.37017217310377,0.9441407021935314,0.8893094248309239,0.9159051696594032,14333,1784,848
Saimiri_boliviensis,Varecia_variegata,same-order,8,2,5,905,562,343,16337,84.12753825565835,0.9444771049709322,0.8972385975798945,0.9202520366598779,14459,1656,850
Saimiri_boliviensis,Varecia_variegata,same-order,8,2,6,905,580,325,16329,84.54106280193237,0.9445925733237953,0.9014460373611369,0.9225150841536995,14525,1588,852
Saimiri_sciureus,Homo_sapiens,same-order,3,0,1,332,99,233,16433,76.38372093023256,0.9448399856166847,0.8314137450955575,0.884505335442825,13138,2664,767
Saimiri_sciureus,Homo_sapiens,same-order,3,0,2,332,142,190,16401,78.40479376345337,0.9447599018576937,0.8540016475508523,0.897091126938694,13477,2304,788
Saimiri_sciureus,Homo_sapiens,same-order,3,0,3,332,163,169,16386,79.46329821293439,0.9450983107172528,0.865301724137931,0.9034414295168762,13651,2125,793
Saimiri_sciureus,Homo_sapiens,same-order,3,0,4,332,175,157,16375,79.88124345092561,0.9447160068846816,0.8703539261702398,0.9060116866395959,13722,2044,803
Saimiri_sciureus,Homo_sapiens,same-order,3,0,5,332,182,150,16372,80.02445272473219,0.944738469997938,0.8718680621630194,0.9068417232961669,13745,2020,804
Saimiri_sciureus,Homo_sapiens,same-order,3,0,6,332,182,150,16372,80.02445272473219,0.944738469997938,0.8718680621630194,0.9068417232961669,13745,2020,804
Saimiri_sciureus,Homo_sapiens,same-order,3,1,1,332,104,228,16434,77.07206421217937,0.9458244111349037,0.8381404174573055,0.8887323943661972,13251,2559,759
Saimiri_sciureus,Homo_sapiens,same-order,3,1,2,332,159,173,16403,79.34706703910615,0.9458240843507214,0.8636306055231822,0.9028605482717521,13635,2153,781
Saimiri_sciureus,Homo_sapiens,same-order,3,1,3,332,181,151,16391,80.38645093702712,0.9458330480038348,0.8753961211813918,0.9092524933346501,13812,1966,791
Saimiri_sciureus,Homo_sapiens,same-order,3,1,4,332,187,145,16390,80.65304697049066,0.945999453850355,0.8782481936874128,0.9108657069611517,13857,1921,791
Saimiri_sciureus,Homo_sapiens,same-order,3,1,5,332,189,143,16389,80.82072176949941,0.9461024802398473,0.8800228165800482,0.9118670782163263,13885,1893,791
Saimiri_sciureus,Homo_sapiens,same-order,3,1,6,332,190,142,16389,80.92549476135041,0.9461685041513543,0.8811636455824566,0.9125098451037019,13903,1875,791
Saimiri_sciureus,Homo_sapiens,same-order,3,2,1,332,98,234,16428,76.31594253475251,0.9449085409765231,0.8302328524424196,0.8838666217581677,13121,2683,765
Saimiri_sciureus,Homo_sapiens,same-order,3,2,2,332,155,177,16409,78.8374258117072,0.9457629484852715,0.8579660587639311,0.8997277375655753,13549,2243,777
Saimiri_sciureus,Homo_sapiens,same-order,3,2,3,332,177,155,16398,79.77534629263182,0.9458974535918846,0.8683560342096928,0.9054696789536267,13707,2078,784
Saimiri_sciureus,Homo_sapiens,same-order,3,2,4,332,188,144,16393,80.42023165124264,0.9460458747004451,0.8755465433115772,0.9094319752517608,13817,1964,788
Saimiri_sciureus,Homo_sapiens,same-order,3,2,5,332,199,133,16385,80.81848876469904,0.9459662033251567,0.8800076064908722,0.9117956127676343,13883,1893,793
Saimiri_sciureus,Homo_sapiens,same-order,3,2,6,332,202,130,16384,81.02223774595413,0.9460304513322458,0.8822820919175911,0.9130449043854758,13918,1857,794
Saimiri_sciureus,Homo_sapiens,same-order,4,0,1,442,123,319,16424,77.44562056531348,0.945335794405793,0.8428381543135641,0.89114940605655,13316,2483,770
Saimiri_sciureus,Homo_sapiens,same-order,4,0,2,442,235,207,16383,80.77661989870175,0.9458722475969732,0.8795562599049128,0.9115096570752859,13875,1900,794
Saimiri_sciureus,Homo_sapiens,same-order,4,0,3,442,275,167,16367,82.47146517586769,0.9462150063472974,0.8983760466886577,0.9216751814129055,14162,1602,805
Saimiri_sciureus,Homo_sapiens,same-order,4,0,4,442,301,141,16349,83.31682879944078,0.9459030487401627,0.9080693289314964,0.9266001554806946,14303,1448,818
Saimiri_sciureus,Homo_sapiens,same-order,4,0,5,442,308,134,16345,83.71103990678706,0.9460135624465074,0.9123753889135818,0.9288900381407978,14369,1380,820
Saimiri_sciureus,Homo_sapiens,same-order,4,0,6,442,317,125,16343,83.92565835469587,0.9460790752659923,0.9147193294386589,0.930134951895138,14405,1343,821
Saimiri_sciureus,Homo_sapiens,same-order,4,1,1,442,144,298,16416,77.93099435619945,0.9455700670667138,0.8478288390935561,0.8940359777058372,13394,2404,771
Saimiri_sciureus,Homo_sapiens,same-order,4,1,2,442,240,202,16378,80.90247452692867,0.9457527906343588,0.8809916307380168,0.9122242647058824,13895,1877,797
Saimiri_sciureus,Homo_sapiens,same-order,4,1,3,442,278,164,16352,82.47975295694226,0.9458141244070288,0.8983373524558954,0.9214646053702197,14156,1602,811
Saimiri_sciureus,Homo_sapiens,same-order,4,1,4,442,303,139,16344,83.25272420022144,0.9459083686440678,0.9069959370238699,0.9260435571687841,14287,1465,817
Saimiri_sciureus,Homo_sapiens,same-order,4,1,5,442,315,127,16329,83.72581021217067,0.945559870976236,0.9124634735103545,0.9287169042769857,14364,1378,827
Saimiri_sciureus,Homo_sapiens,same-order,4,1,6,442,317,125,16328,83.8132431802285,0.9455513908068652,0.913474366304555,0.9292361380379993,14379,1362,828
Saimiri_sciureus,Homo_sapiens,same-order,4,2,1,442,146,296,16438,77.2513225975234,0.9456978151021279,0.8406934075667468,0.8901095220551295,13288,2518,763
Saimiri_sciureus,Homo_sapiens,same-order,4,2,2,442,234,208,16391,79.76259746305132,0.9451837550851548,0.8690249778115887,0.905505829507547,13708,2066,795
Saimiri_sciureus,Homo_sapiens,same-order,4,2,3,442,264,178,16389,80.7564736688973,0.945754395529508,0.8798579851645216,0.9116169080697606,13878,1895,796
Saimiri_sciureus,Homo_sapiens,same-order,4,2,4,442,274,168,16382,81.36165260401513,0.9456881974974637,0.8868451097297984,0.915321920722726,13982,1784,803
Saimiri_sciureus,Homo_sapiens,same-order,4,2,5,442,284,158,16377,81.87532739654269,0.9459350413556586,0.8922930542340628,0.918331374853114,14067,1698,804
Saimiri_sciureus,Homo_sapiens,same-order,4,2,6,442,289,153,16373,82.20023282887078,0.9459441355750553,0.8959522903184876,0.920269785930729,14122,1640,807
Saimiri_sciureus,Homo_sapiens,same-order,5,0,1,553,168,385,16420,77.78617961842717,0.9454224107458465,0.8465531430018358,0.8932603032529557,13373,2424,772
Saimiri_sciureus,Homo_sapiens,same-order,5,0,2,553,267,286,16383,80.18164881229623,0.9455544112598695,0.8729716024340771,0.9078145084209485,13772,2004,793
Saimiri_sciureus,Homo_sapiens,same-order,5,0,3,553,313,240,16361,81.69161763849246,0.9456507080242751,0.8896783607181374,0.9168110352041317,14024,1739,806
Saimiri_sciureus,Homo_sapiens,same-order,5,0,4,553,326,227,16358,82.11206896551724,0.945663111289998,0.8945364553588425,0.9193895519467814,14097,1662,810
Saimiri_sciureus,Homo_sapiens,same-order,5,0,5,553,338,215,16352,82.65454757326808,0.9459225178369007,0.9002411473537251,0.9225166639570801,14186,1572,811
Saimiri_sciureus,Homo_sapiens,same-order,5,0,6,553,345,208,16349,83.16433566433567,0.9462272908102374,0.9056352328975759,0.9254863813229572,14271,1487,811
Saimiri_sciureus,Homo_sapiens,same-order,5,1,1,553,162,391,16421,77.99232290333838,0.9454981315659593,0.8489491010382375,0.8946262383668568,13410,2386,773
Saimiri_sciureus,Homo_sapiens,same-order,5,1,2,553,284,269,16367,80.90744947288718,0.94541618457769,0.8810173146445107,0.9120814182534472,13891,1876,802
Saimiri_sciureus,Homo_sapiens,same-order,5,1,3,553,341,212,16346,82.27206524905331,0.9451843919416371,0.8966349206349207,0.920269785930729,14122,1628,819
Saimiri_sciureus,Homo_sapiens,same-order,5,1,4,553,355,198,16341,82.75259293788602,0.9453504626239766,0.9018288036576073,0.923076923076923,14202,1546,821
Saimiri_sciureus,Homo_sapiens,same-order,5,1,5,553,366,187,16339,83.06042771400269,0.9454762536481826,0.905188289832984,0.9248937481750641,14254,1493,822
Saimiri_sciureus,Homo_sapiens,same-order,5,1,6,553,373,180,16335,83.48875160275091,0.9456693952997095,0.9097548583767306,0.9273645368032629,14325,1421,823
Saimiri_sciureus,Homo_sapiens,same-order,5,2,1,553,161,392,16419,77.71894093686355,0.9457583911627249,0.8451559830411947,0.8926315789473684,13356,2447,766
Saimiri_sciureus,Homo_sapiens,same-order,5,2,2,553,285,268,16371,81.12625203820173,0.9456285636709204,0.8834982242516489,0.9135081967213114,13931,1837,801
Saimiri_sciureus,Homo_sapiens,same-order,5,2,3,553,347,206,16355,82.75962490535267,0.9458164148305931,0.9018724214535069,0.9233218532718176,14209,1546,814
Saimiri_sciureus,Homo_sapiens,same-order,5,2,4,553,369,184,16352,83.30712330362863,0.9459656084656085,0.9080116810563738,0.9266001554806944,14303,1449,817
Saimiri_sciureus,Homo_sapiens,same-order,5,2,5,553,372,181,16350,83.52166821994408,0.9460315365837567,0.9103548981017078,0.9278503947198136,14339,1412,818
Saimiri_sciureus,Homo_sapiens,same-order,5,2,6,553,378,175,16345,83.79842703175065,0.9460668245198632,0.9133278303384342,0.92940910412561,14384,1365,820
Saimiri_sciureus,Gorilla_gorilla,same-order,1,1,1,110,35,75,16455,78.13886557141144,0.9831761599396455,0.8073849203890713,0.886651245067356,13032,3109,223
Saimiri_sciureus,Gorilla_gorilla,same-order,1,1,2,110,48,62,16448,78.94452773613193,0.9830483160331566,0.8157650120840305,0.8916282850176104,13164,2973,227
Saimiri_sciureus,Gorilla_gorilla,same-order,1,1,3,110,48,62,16448,78.94452773613193,0.9830483160331566,0.8157650120840305,0.8916282850176104,13164,2973,227
Saimiri_sciureus,Homo_sapiens,same-order,6,0,1,663,206,457,16410,78.06481643102344,0.9452585599549105,0.8496073961499493,0.8948842793303541,13417,2375,777
Saimiri_sciureus,Homo_sapiens,same-order,6,0,2,663,362,301,16374,81.54034229828851,0.945716021875633,0.8884871550903901,0.9162087912087911,14007,1758,804
Saimiri_sciureus,Homo_sapiens,same-order,6,0,3,663,414,249,16351,83.34109972041007,0.9459834710743802,0.9083291010665312,0.9267739741555203,14308,1444,817
Saimiri_sciureus,Homo_sapiens,same-order,6,0,4,663,451,212,16332,83.9384579520951,0.9456992777413,0.914940922373269,0.9300658659434328,14403,1339,827
Saimiri_sciureus,Homo_sapiens,same-order,6,0,5,663,464,199,16331,84.31726790605514,0.9458682008368201,0.919128390826504,0.9323066017978541,14468,1273,828
Saimiri_sciureus,Homo_sapiens,same-order,6,0,6,663,475,188,16329,84.6369040680732,0.9459970034525438,0.9226175349428208,0.9341610112251133,14522,1218,829
Saimiri_sciureus,Homo_sapiens,same-order,6,1,1,663,193,470,16423,78.00139599813868,0.9457648635305734,0.8487341772151898,0.8946262383668568,13410,2390,769
Saimiri_sciureus,Homo_sapiens,same-order,6,1,2,663,342,321,16381,81.04803493449782,0.9460377871414979,0.8824088748019018,0.913116205844731,13920,1855,794
Saimiri_sciureus,Homo_sapiens,same-order,6,1,3,663,412,251,16358,82.89159433797403,0.946206529689474,0.9029187817258884,0.9240559758433716,14230,1530,809
Saimiri_sciureus,Homo_sapiens,same-order,6,1,4,663,438,225,16343,83.6946386946387,0.9461756373937678,0.9117572371762316,0.928647635058679,14362,1390,817
Saimiri_sciureus,Homo_sapiens,same-order,6,1,5,663,452,211,16337,84.08229877018127,0.9462154007608553,0.9159946663280208,0.930859816099371,14426,1323,820
Saimiri_sciureus,Homo_sapiens,same-order,6,1,6,663,459,204,16333,84.32618325950105,0.9461739699149772,0.9187730217198019,0.9322722000257767,14467,1279,823
Saimiri_sciureus,Homo_sapiens,same-order,6,2,1,663,211,452,16413,78.1844631946465,0.9456644144144144,0.8505412420079762,0.8955840693217797,13436,2361,772
Saimiri_sciureus,Homo_sapiens,same-order,6,2,2,663,369,294,16373,81.62017354842467,0.9461284007290893,0.8886563946484053,0.9164922835469528,14015,1756,798
Saimiri_sciureus,Homo_sapiens,same-order,6,2,3,663,434,229,16352,83.1118881118881,0.9463835434638355,0.9048918215849248,0.9251727157730855,14262,1499,808
Saimiri_sciureus,Homo_sapiens,same-order,6,2,4,663,457,206,16338,83.71510170775777,0.9460545382690028,0.9119365079365079,0.9286822707875338,14363,1387,819
Saimiri_sciureus,Homo_sapiens,same-order,6,2,5,663,469,194,16337,83.9065050128235,0.9461680031549888,0.913968253968254,0.9297894328898075,14395,1355,819
Saimiri_sciureus,Homo_sapiens,same-order,6,2,6,663,473,190,16337,84.04056889717883,0.9462492616656822,0.9154285714285715,0.9305837932036015,14418,1332,819
Saimiri_sciureus,Gorilla_gorilla,same-order,1,0,1,110,35,75,16448,77.36731634182908,0.9827087141986593,0.7994670632707442,0.8816675209294379,12901,3236,227
Saimiri_sciureus,Gorilla_gorilla,same-order,1,0,2,110,41,69,16442,77.88640316679661,0.9825225088900659,0.8049339862393851,0.8849063032367973,12986,3147,231
Saimiri_sciureus,Gorilla_gorilla,same-order,1,0,3,110,42,68,16439,78.01835302585017,0.9823289533303127,0.8064476131432115,0.885741522538472,13008,3122,234
Saimiri_sciureus,Gorilla_gorilla,same-order,1,0,4,110,43,67,16438,78.10700575815738,0.9823476161738081,0.8073155610663361,0.8862723746001497,13022,3108,234
Saimiri_sciureus,Gorilla_gorilla,same-order,1,0,5,110,43,67,16438,78.10700575815738,0.9823476161738081,0.8073155610663361,0.8862723746001497,13022,3108,234
Saimiri_sciureus,Homo_sapiens,same-order,7,0,1,774,231,543,16418,78.1978942469897,0.9456246482836241,0.8510382375284882,0.8958416633346661,13443,2353,773
Saimiri_sciureus,Homo_sapiens,same-order,7,0,2,774,404,370,16367,81.4487015255619,0.9454545454545454,0.887450831112803,0.9155349019864515,13988,1774,807
Saimiri_sciureus,Homo_sapiens,same-order,7,0,3,774,468,306,16348,82.93237024523796,0.9456030818278427,0.9039365079365079,0.9243004609491656,14237,1513,819
Saimiri_sciureus,Homo_sapiens,same-order,7,0,4,774,505,269,16339,83.53729603729603,0.9458300343098442,0.9102743205486411,0.927711623090862,14335,1413,821
Saimiri_sciureus,Homo_sapiens,same-order,7,0,5,774,523,251,16337,84.03263403263404,0.9460080036738175,0.9157881366696304,0.9306528122882314,14420,1326,823
Saimiri_sciureus,Homo_sapiens,same-order,7,0,6,774,543,231,16328,84.57592538618479,0.9460745957224831,0.921674501334011,0.9337151682862476,14509,1233,827
Saimiri_sciureus,Gorilla_gorilla,same-order,1,2,1,110,31,79,16445,77.49385159858437,0.9828071510079879,0.8005329037055398,0.882354949970973,12919,3219,226
Saimiri_sciureus,Gorilla_gorilla,same-order,1,2,2,110,37,73,16439,77.90641871625675,0.9825238311393554,0.8049959709911362,0.8849442949132909,12987,3146,231
Saimiri_sciureus,Gorilla_gorilla,same-order,1,2,3,110,39,71,16436,78.01307816905633,0.9823978242804261,0.8061496497427314,0.8855897575592482,13004,3127,233
Saimiri_sciureus,Gorilla_gorilla,same-order,1,2,4,110,39,71,16436,78.01307816905633,0.9823978242804261,0.8061496497427314,0.8855897575592482,13004,3127,233
Saimiri_sciureus,Homo_sapiens,same-order,7,1,1,774,237,537,16417,78.44551748211065,0.9458473625140292,0.8535797936317022,0.8973480185006488,13484,2313,772
Saimiri_sciureus,Homo_sapiens,same-order,7,1,2,774,412,362,16369,81.56408315378792,0.945716021875633,0.8884871550903901,0.9162087912087911,14007,1758,804
Saimiri_sciureus,Homo_sapiens,same-order,7,1,3,774,481,293,16348,83.24982521556747,0.9459781529294935,0.9070653208912588,0.9261131635232354,14289,1464,816
Saimiri_sciureus,Homo_sapiens,same-order,7,1,4,774,520,254,16338,83.91889529802482,0.9458234830575256,0.9148246951219512,0.9300658659434328,14403,1341,825
Saimiri_sciureus,Homo_sapiens,same-order,7,1,5,774,534,240,16331,84.42126121925632,0.9459900731452455,0.9201499174183713,0.9328910929348875,14485,1257,827
Saimiri_sciureus,Homo_sapiens,same-order,7,1,6,774,547,227,16325,84.87816252769034,0.9461303528494379,0.9250317662007624,0.93546210928716,14560,1180,829
Saimiri_sciureus,Homo_sapiens,same-order,7,2,1,774,244,530,16411,78.73640118680551,0.9456400223588597,0.8570704831866253,0.8991794837723814,13534,2257,778
Saimiri_sciureus,Homo_sapiens,same-order,7,2,2,774,439,335,16363,82.12371854613234,0.9459876543209876,0.8943795990865263,0.9194600234772401,14099,1665,805
Saimiri_sciureus,Homo_sapiens,same-order,7,2,3,774,501,273,16336,83.76158014333159,0.945602841544432,0.9132257654681744,0.9291323315559864,14376,1366,827
Saimiri_sciureus,Homo_sapiens,same-order,7,2,4,774,540,234,16330,84.33074995629626,0.9456969221721231,0.919557758292032,0.9324441867207887,14472,1266,831
Saimiri_sciureus,Homo_sapiens,same-order,7,2,5,774,558,216,16317,84.81721182438342,0.9457772576555491,0.9244995233555767,0.9350173544157346,14547,1188,834
Saimiri_sciureus,Homo_sapiens,same-order,7,2,6,774,574,200,16311,85.10787172011662,0.9456430191124069,0.9279084551811825,0.9366918017006258,14596,1134,839
Saimiri_sciureus,Homo_sapiens,same-order,8,1,1,884,264,620,16417,78.79581151832461,0.9460120128509568,0.8574955684983541,0.8995815899581591,13545,2251,773
Saimiri_sciureus,Homo_sapiens,same-order,8,1,2,884,475,409,16346,82.49344596562773,0.9453234528339676,0.8990476190476191,0.9216049985355853,14160,1590,819
Saimiri_sciureus,Homo_sapiens,same-order,8,1,3,884,560,324,16323,84.2203439230545,0.9455497382198953,0.9180911228315435,0.9316181448882871,14448,1289,832
Saimiri_sciureus,Homo_sapiens,same-order,8,1,4,884,618,266,16314,84.98629817503353,0.9456951923700772,0.9265191965420798,0.9360089902070957,14576,1156,837
Saimiri_sciureus,Homo_sapiens,same-order,8,1,5,884,641,243,16310,85.46440440790624,0.945738434737725,0.931968463886063,0.9388029589778076,14658,1070,841
Saimiri_sciureus,Homo_sapiens,same-order,8,1,6,884,663,221,16303,85.99171866798856,0.9458592597344281,0.9376788553259141,0.9417512933512167,14745,980,844
Saimiri_sciureus,Homo_sapiens,same-order,8,0,1,884,259,625,16405,78.91520689053134,0.9457385967359464,0.8587169906908999,0.9001294433934084,13560,2231,778
Saimiri_sciureus,Homo_sapiens,same-order,8,0,2,884,490,394,16364,81.76100628930817,0.9455818965517241,0.8908064209123786,0.9173772419876506,14040,1721,808
Saimiri_sciureus,Homo_sapiens,same-order,8,0,3,884,558,326,16337,83.91327155097045,0.9461129000460012,0.9141532795733063,0.929858554543693,14397,1352,820
Saimiri_sciureus,Homo_sapiens,same-order,8,0,4,884,617,267,16318,84.98950314905528,0.9461178914567645,0.9259800495584217,0.9359406608226567,14574,1165,830
Saimiri_sciureus,Homo_sapiens,same-order,8,0,5,884,643,241,16309,85.72678488100793,0.9462400206026268,0.934091775772213,0.9401266551525619,14697,1037,835
Saimiri_sciureus,Homo_sapiens,same-order,8,0,6,884,668,216,16300,86.21353558926488,0.9462124607799193,0.9394748553627058,0.9428316212594908,14777,952,840
Saimiri_sciureus,Gorilla_gorilla,same-order,2,0,1,219,60,159,16434,78.83150380900966,0.9822856715748561,0.8149066782414585,0.8908018708059379,13142,2985,237
Saimiri_sciureus,Gorilla_gorilla,same-order,2,0,2,219,100,119,16403,80.85630216777757,0.98177178271965,0.8356087873898473,0.9028126990512588,13465,2649,250
Saimiri_sciureus,Gorilla_gorilla,same-order,2,0,3,219,119,100,16383,81.84766938971649,0.9809228997192426,0.8463879744083483,0.9087029009669889,13626,2473,265
Saimiri_sciureus,Gorilla_gorilla,same-order,2,0,4,219,130,89,16382,82.58545083198175,0.981088988796118,0.8539660848499907,0.9131243358129649,13748,2351,265
Saimiri_sciureus,Gorilla_gorilla,same-order,2,0,5,219,134,85,16382,82.90983360365232,0.981161583848724,0.8573203304553078,0.9150699462971558,13802,2297,265
Saimiri_sciureus,Gorilla_gorilla,same-order,2,0,6,219,137,82,16379,83.16813840331591,0.9810104159285765,0.8601515904572564,0.9166142540302559,13845,2251,268
Saimiri_sciureus,Homo_sapiens,same-order,8,2,1,884,278,606,16411,78.70149514224214,0.9456172235425695,0.8566905199164081,0.8989600292387946,13528,2263,778
Saimiri_sciureus,Homo_sapiens,same-order,8,2,2,884,489,395,16364,81.62124388539483,0.9454937938478144,0.8892836748937251,0.9165277096615988,14016,1745,808
Saimiri_sciureus,Homo_sapiens,same-order,8,2,3,884,557,327,16349,82.98479641172015,0.9456983536909187,0.9044505110786617,0.9246146357293527,14246,1505,818
Saimiri_sciureus,Homo_sapiens,same-order,8,2,4,884,592,292,16337,83.64314433890799,0.9457108973514297,0.9116544934899968,0.9283704685832551,14354,1391,824
Saimiri_sciureus,Homo_sapiens,same-order,8,2,5,884,617,267,16331,84.15224106778574,0.9458857442348009,0.9171060153719113,0.931273583384397,14438,1305,826
Saimiri_sciureus,Homo_sapiens,same-order,8,2,6,884,634,250,16328,84.75257912222416,0.9460637605725439,0.9238246505717916,0.9348119575699132,14541,1199,829
Saimiri_sciureus,Gorilla_gorilla,same-order,2,2,1,219,66,153,16430,79.26192619261926,0.9825200833085391,0.8189596379192758,0.8933148480032462,13209,2920,235
Saimiri_sciureus,Gorilla_gorilla,same-order,2,2,2,219,97,122,16408,81.00012006243246,0.9818089209051881,0.8373464068511853,0.9038416451753357,13493,2621,250
Saimiri_sciureus,Gorilla_gorilla,same-order,2,2,3,219,111,108,16401,82.0294205944161,0.9817476286289164,0.8480446927374302,0.9100113235196162,13662,2448,254
Saimiri_sciureus,Gorilla_gorilla,same-order,2,2,4,219,119,100,16400,82.40662903806893,0.9818285877807984,0.851893234016139,0.91225737835682,13724,2386,254
Saimiri_sciureus,Gorilla_gorilla,same-order,2,2,5,219,120,99,16400,82.49669749009247,0.9818480668905881,0.8528243327126008,0.9127993887652393,13739,2371,254
Saimiri_sciureus,Gorilla_gorilla,same-order,2,2,6,219,120,99,16400,82.49669749009247,0.9818480668905881,0.8528243327126008,0.9127993887652393,13739,2371,254
Saimiri_sciureus,Gorilla_gorilla,same-order,2,1,1,219,53,166,16432,78.62842743145137,0.982383808095952,0.81251162502325,0.8894092096779666,13105,3024,235
Saimiri_sciureus,Gorilla_gorilla,same-order,2,1,2,219,83,136,16413,79.86073593853172,0.9818450184501845,0.825412582206229,0.8968585681542403,13304,2814,246
Saimiri_sciureus,Gorilla_gorilla,same-order,2,1,3,219,95,124,16409,80.5355427473583,0.9819193324061196,0.8322888875100826,0.9009335751225738,13414,2703,247
Saimiri_sciureus,Gorilla_gorilla,same-order,2,1,4,219,103,116,16406,81.12165245586645,0.9819741241459514,0.8382973442541574,0.9044654214367008,13510,2606,248
Saimiri_sciureus,Gorilla_gorilla,same-order,2,1,5,219,106,113,16402,81.29729729729729,0.9820081253627394,0.8399106478034252,0.905418060200669,13536,2580,248
Saimiri_sciureus,Gorilla_gorilla,same-order,2,1,6,219,106,113,16402,81.29729729729729,0.9820081253627394,0.8399106478034252,0.905418060200669,13536,2580,248
Saimiri_sciureus,Gorilla_gorilla,same-order,3,0,1,328,105,223,16420,80.90265274276797,0.9823640868678035,0.8361245503039325,0.9033641603002278,13480,2642,242
Saimiri_sciureus,Gorilla_gorilla,same-order,3,0,2,328,172,156,16392,84.01730457249295,0.9823661655191794,0.8678086017501396,0.9215408442350149,13983,2130,251
Saimiri_sciureus,Gorilla_gorilla,same-order,3,0,3,328,197,131,16377,85.07363991584009,0.9820957668285912,0.8786787532596548,0.9275134355747805,14152,1954,258
Saimiri_sciureus,Gorilla_gorilla,same-order,3,0,4,328,211,117,16369,85.7718443682723,0.9820973628038284,0.8856805762543467,0.9314003983413328,14263,1841,260
Saimiri_sciureus,Gorilla_gorilla,same-order,3,0,5,328,219,109,16356,86.1060988812703,0.981489099136158,0.8895240462284081,0.9332464146023468,14316,1778,270
Saimiri_sciureus,Gorilla_gorilla,same-order,3,0,6,328,222,106,16355,86.23240707325876,0.98144852135816,0.890884235381843,0.9339760919839745,14337,1756,271
Saimiri_sciureus,Gorilla_gorilla,same-order,3,1,1,328,115,213,16425,80.6422569027611,0.9828090709583028,0.8329716659433319,0.9017081110104366,13435,2694,235
Saimiri_sciureus,Gorilla_gorilla,same-order,3,1,2,328,178,150,16403,82.93796168398295,0.9823587992602077,0.8569123852072474,0.9153575926294161,13810,2306,248
Saimiri_sciureus,Gorilla_gorilla,same-order,3,1,3,328,198,130,16385,83.91515952652767,0.9818616422947132,0.8671302620141562,0.9209363666336959,13966,2140,258
Saimiri_sciureus,Gorilla_gorilla,same-order,3,1,4,328,203,125,16385,84.13747521480502,0.9819087020545544,0.8694275425307338,0.9222511278690683,14003,2103,258
Saimiri_sciureus,Gorilla_gorilla,same-order,3,1,5,328,210,118,16385,84.45592741693204,0.9819756881374878,0.8727182416490749,0.9241288625904012,14056,2050,258
Saimiri_sciureus,Gorilla_gorilla,same-order,3,1,6,328,213,115,16380,84.69534911669271,0.9817510621996238,0.8753570984970811,0.9255064184641648,14095,2007,262
Saimiri_sciureus,Gorilla_gorilla,same-order,3,2,1,328,106,222,16423,80.0384107550114,0.9823941068139963,0.8270387596899225,0.8980471380471381,13336,2789,239
Saimiri_sciureus,Gorilla_gorilla,same-order,3,2,2,328,166,162,16393,82.28053320523598,0.9813090804926955,0.8509594485499596,0.9114976552366383,13703,2400,261
Saimiri_sciureus,Gorilla_gorilla,same-order,3,2,3,328,179,149,16389,82.75675675675676,0.9814102564102564,0.8556790660125443,0.9142421125966227,13779,2324,261
Saimiri_sciureus,Gorilla_gorilla,same-order,3,2,4,328,185,143,16385,83.11111111111111,0.9812096717010566,0.8595564941921858,0.916363154757963,13838,2261,265
Saimiri_sciureus,Gorilla_gorilla,same-order,3,2,5,328,187,141,16385,83.23123123123123,0.9812362812433619,0.8607988073793403,0.9170802726490637,13858,2241,265
Saimiri_sciureus,Gorilla_gorilla,same-order,3,2,6,328,187,141,16385,83.23123123123123,0.9812362812433619,0.8607988073793403,0.9170802726490637,13858,2241,265
Saimiri_sciureus,Gorilla_gorilla,same-order,4,1,1,437,118,319,16421,80.49936978572715,0.982420158218576,0.8318035226990821,0.900859752821064,13412,2712,240
Saimiri_sciureus,Gorilla_gorilla,same-order,4,1,2,437,206,231,16381,84.03628935352079,0.9815438596491228,0.8687038072169431,0.9216829758492306,13987,2114,263
Saimiri_sciureus,Gorilla_gorilla,same-order,4,1,3,437,258,179,16358,85.79671815832181,0.9808286951144094,0.8874106310226919,0.9317840590116848,14274,1811,279
Saimiri_sciureus,Gorilla_gorilla,same-order,4,1,4,437,280,157,16355,86.34888194277471,0.9808138740953162,0.893179133246285,0.934947443782746,14365,1718,281
Saimiri_sciureus,Gorilla_gorilla,same-order,4,1,5,437,285,152,16355,86.63140177927386,0.9808752467161234,0.8961014736056706,0.9365739537301794,14412,1671,281
Saimiri_sciureus,Gorilla_gorilla,same-order,4,1,6,437,287,150,16351,86.80334275235977,0.9808423913043478,0.8977739087178211,0.9374715927537173,14438,1644,282
Saimiri_sciureus,Gorilla_gorilla,same-order,4,0,1,437,110,327,16422,79.69866138423674,0.9824626313452716,0.8232777329943572,0.8958537161364326,13277,2850,237
Saimiri_sciureus,Gorilla_gorilla,same-order,4,0,2,437,184,253,16388,82.753440298059,0.9819594980034227,0.8547576190180622,0.9139538742326199,13771,2340,253
Saimiri_sciureus,Gorilla_gorilla,same-order,4,0,3,437,232,205,16374,84.56868049293658,0.9817851908716588,0.87362603241632,0.9245531019978969,14068,2035,261
Saimiri_sciureus,Gorilla_gorilla,same-order,4,0,4,437,254,183,16357,85.583689180249,0.9813793103448276,0.8841804399154964,0.9302477609988887,14230,1864,270
Saimiri_sciureus,Gorilla_gorilla,same-order,4,0,5,437,269,168,16344,86.1301575845062,0.9806875770442405,0.8904365128715334,0.9333854777734323,14320,1762,282
Saimiri_sciureus,Gorilla_gorilla,same-order,4,0,6,437,275,162,16340,86.65704144859532,0.9807325708061002,0.8957776257695417,0.9363320224901687,14405,1676,283
Saimiri_sciureus,Gorilla_gorilla,same-order,4,2,1,437,139,298,16408,81.06501771027196,0.9818935427574171,0.837914986037853,0.9042086583855091,13503,2612,249
Saimiri_sciureus,Gorilla_gorilla,same-order,4,2,2,437,250,187,16364,84.57469191463781,0.9811018131101813,0.8742310321257689,0.9245884401800676,14069,2024,271
Saimiri_sciureus,Gorilla_gorilla,same-order,4,2,3,437,294,143,16341,86.35707410972088,0.9806680784206572,0.892730551582613,0.9346354166666666,14356,1725,283
Saimiri_sciureus,Gorilla_gorilla,same-order,4,2,4,437,309,128,16334,86.84432146294515,0.9803082773137775,0.8981585168595247,0.9374370961981754,14437,1637,290
Saimiri_sciureus,Gorilla_gorilla,same-order,4,2,5,437,315,122,16331,87.01798712627082,0.980212780375415,0.900012444001991,0.938402153816212,14465,1607,292
Saimiri_sciureus,Gorilla_gorilla,same-order,4,2,6,437,318,119,16328,87.33080671358961,0.9800837159060222,0.9034165162735702,0.940189760694278,14517,1552,295
Saimiri_sciureus,Gorilla_gorilla,same-order,5,0,1,546,161,385,16423,80.76576846906319,0.9824791940429259,0.8346564128007938,0.9025551606196768,13458,2666,240
Saimiri_sciureus,Gorilla_gorilla,same-order,5,0,2,546,271,275,16381,83.9041095890411,0.981515321900478,0.8673374324576113,0.9209007880246628,13965,2136,263
Saimiri_sciureus,Gorilla_gorilla,same-order,5,0,3,546,327,219,16361,85.10970844604749,0.9810144124168514,0.8799254195152268,0.9277242644649761,14158,1932,274
Saimiri_sciureus,Gorilla_gorilla,same-order,5,0,4,546,340,206,16358,85.45061023266999,0.9810187741579238,0.8833985953135682,0.9296530071622461,14213,1876,275
Saimiri_sciureus,Gorilla_gorilla,same-order,5,0,5,546,346,200,16355,85.70054119061936,0.9810697322227576,0.8858226117222947,0.9310164619806636,14252,1837,275
Saimiri_sciureus,Gorilla_gorilla,same-order,5,0,6,546,352,194,16353,85.89296452194829,0.9809765812787583,0.8879219245353391,0.9321326024536675,14284,1803,277
Saimiri_sciureus,Saimiri_boliviensis,same-genus,1,0,1,110,110,0,16471,99.96964545896066,0.9999392761719699,0.9998178506375228,0.9998785597182586,16467,3,1
Saimiri_sciureus,Saimiri_boliviensis,same-genus,1,0,2,110,110,0,16471,99.96964545896066,0.9999392761719699,0.9998178506375228,0.9998785597182586,16467,3,1
Saimiri_sciureus,Saimiri_boliviensis,same-genus,1,1,1,110,110,0,16474,99.92716236722306,0.9999392614188533,0.9995749848208865,0.9997570899374507,16463,7,1
Saimiri_sciureus,Saimiri_boliviensis,same-genus,1,1,2,110,110,0,16474,99.92716236722306,0.9999392614188533,0.9995749848208865,0.9997570899374507,16463,7,1
Saimiri_sciureus,Gorilla_gorilla,same-order,5,1,1,546,149,397,16423,80.28084493518963,0.9823041339305382,0.829746325125597,0.8996032546567145,13378,2745,241
Saimiri_sciureus,Gorilla_gorilla,same-order,5,1,2,546,256,290,16394,83.21321321321321,0.981858124867125,0.8601316116215545,0.9169727654786723,13855,2253,256
Saimiri_sciureus,Gorilla_gorilla,same-order,5,1,3,546,303,243,16368,85.05228993869456,0.9812773039317662,0.8792717783024729,0.9274782893658856,14151,1943,270
Saimiri_sciureus,Gorilla_gorilla,same-order,5,1,4,546,333,213,16357,85.98917618761274,0.9812667261373773,0.8886955440929712,0.9326897991129663,14300,1791,273
Saimiri_sciureus,Gorilla_gorilla,same-order,5,1,5,546,347,199,16346,86.52990013235471,0.9811719762603179,0.894020387866733,0.9355709500113832,14383,1705,276
Saimiri_sciureus,Gorilla_gorilla,same-order,5,1,6,546,354,192,16336,87.0020459742448,0.9808683853459973,0.8990175351324462,0.9381610537927454,14458,1624,282
Saimiri_sciureus,Saimiri_boliviensis,same-genus,1,2,1,110,110,0,16473,99.93929828821173,0.9999392651078044,0.9996357012750455,0.9997874601487778,16464,6,1
Saimiri_sciureus,Saimiri_boliviensis,same-genus,1,2,2,110,110,0,16473,99.93929828821173,0.9999392651078044,0.9996357012750455,0.9997874601487778,16464,6,1
Saimiri_sciureus,Gorilla_gorilla,same-order,5,2,1,546,150,396,16408,81.57468019938743,0.9824244177636338,0.8425655976676385,0.907135940160951,13583,2538,243
Saimiri_sciureus,Gorilla_gorilla,same-order,5,2,2,546,255,291,16379,84.3601610867344,0.9819492059049885,0.8714143797342605,0.9233856376854502,14035,2071,258
Saimiri_sciureus,Gorilla_gorilla,same-order,5,2,3,546,301,245,16359,85.79248120300753,0.9816917888361208,0.8860106845570879,0.9314003983413329,14263,1835,266
Saimiri_sciureus,Gorilla_gorilla,same-order,5,2,4,546,337,209,16348,86.61412585729755,0.9813236998159635,0.8947793660658794,0.9360553948181138,14397,1693,274
Saimiri_sciureus,Gorilla_gorilla,same-order,5,2,5,546,347,199,16339,86.95626015281873,0.9808618934509671,0.8987066285287899,0.9379887724308011,14453,1629,282
Saimiri_sciureus,Gorilla_gorilla,same-order,5,2,6,546,350,196,16335,87.24953366628557,0.9807900432900433,0.9017412935323383,0.9396060134784863,14500,1580,284
Saimiri_sciureus,Saimiri_boliviensis,same-genus,2,0,1,220,220,0,16471,99.9635745507528,0.9999392724843627,0.9997571341833636,0.9998481950390138,16466,4,1
Saimiri_sciureus,Saimiri_boliviensis,same-genus,2,0,2,220,220,0,16471,99.9635745507528,0.9999392724843627,0.9997571341833636,0.9998481950390138,16466,4,1
Saimiri_sciureus,Saimiri_boliviensis,same-genus,2,1,1,220,220,0,16472,99.98178838098707,0.9999392872321049,1.0,0.9999696426945144,16470,0,1
Saimiri_sciureus,Saimiri_boliviensis,same-genus,2,1,2,220,220,0,16472,99.98178838098707,0.9999392872321049,1.0,0.9999696426945144,16470,0,1
Saimiri_sciureus,Saimiri_boliviensis,same-genus,2,2,1,220,220,0,16470,99.96964361605245,0.9999392724843627,0.9997571341833636,0.9998481950390138,16466,4,1
Saimiri_sciureus,Saimiri_boliviensis,same-genus,2,2,2,220,220,0,16470,99.96964361605245,0.9999392724843627,0.9997571341833636,0.9998481950390138,16466,4,1
Saimiri_sciureus,Gorilla_gorilla,same-order,6,0,1,655,183,472,16418,81.24587409230031,0.9822244794311833,0.8398784043675166,0.905491271486857,13538,2581,245
Saimiri_sciureus,Gorilla_gorilla,same-order,6,0,2,655,318,337,16383,84.41199447148608,0.9819643481300244,0.872159443685583,0.9238104633191937,14047,2059,258
Saimiri_sciureus,Gorilla_gorilla,same-order,6,0,3,655,377,278,16353,86.5287466923262,0.981245311327832,0.8942755920193921,0.9357440166493237,14388,1701,275
Saimiri_sciureus,Gorilla_gorilla,same-order,6,0,4,655,421,234,16338,87.72710865118518,0.9808960043051258,0.9068407960199005,0.942415821107736,14582,1498,284
Saimiri_sciureus,Gorilla_gorilla,same-order,6,0,5,655,452,203,16319,88.52172866257374,0.9803359552059725,0.9152405252349244,0.9466705287889028,14707,1362,295
Saimiri_sciureus,Gorilla_gorilla,same-order,6,0,6,655,474,181,16310,89.24744130042143,0.9801639777836552,0.922808764940239,0.9506220341156856,14824,1240,300
Saimiri_sciureus,Gorilla_gorilla,same-order,6,1,1,655,190,465,16414,81.44169017465939,0.9821221771858715,0.841906061922194,0.9066247953763404,13569,2548,247
Saimiri_sciureus,Gorilla_gorilla,same-order,6,1,2,655,332,323,16373,85.02043760519355,0.9817449850766988,0.8784547543630831,0.9272322013897993,14144,1957,263
Saimiri_sciureus,Gorilla_gorilla,same-order,6,1,3,655,401,254,16350,86.31306753262373,0.9809322033898306,0.8923220391669258,0.9345313669954749,14353,1732,279
Saimiri_sciureus,Gorilla_gorilla,same-order,6,1,4,655,431,224,16342,86.98869104908566,0.9808722783693956,0.89920407909464,0.938264395782644,14461,1621,282
Saimiri_sciureus,Gorilla_gorilla,same-order,6,1,5,655,443,212,16328,87.5323424995487,0.9803881924787707,0.9050581720898401,0.9412183365145094,14547,1526,291
Saimiri_sciureus,Gorilla_gorilla,same-order,6,1,6,655,464,191,16319,88.13436879176449,0.980444682560943,0.9109009457441514,0.9443942717068765,14640,1432,292
Saimiri_sciureus,Saimiri_boliviensis,same-genus,3,0,1,330,330,0,16471,99.96964545896066,0.9999392761719699,0.9998178506375228,0.9998785597182586,16467,3,1
Saimiri_sciureus,Saimiri_boliviensis,same-genus,3,0,2,330,330,0,16471,99.96964545896066,0.9999392761719699,0.9998178506375228,0.9998785597182586,16467,3,1
Saimiri_sciureus,Saimiri_boliviensis,same-genus,3,1,1,330,330,0,16470,99.99392872321049,0.9999392872321049,1.0,0.9999696426945144,16470,0,1
Saimiri_sciureus,Saimiri_boliviensis,same-genus,3,1,2,330,330,0,16470,99.99392872321049,0.9999392872321049,1.0,0.9999696426945144,16470,0,1
Saimiri_sciureus,Saimiri_boliviensis,same-genus,3,2,1,330,330,0,16471,99.97571636716853,0.9999392798591292,0.9998785670916819,0.9999089225538117,16468,2,1
Saimiri_sciureus,Saimiri_boliviensis,same-genus,3,2,2,330,330,0,16471,99.97571636716853,0.9999392798591292,0.9998785670916819,0.9999089225538117,16468,2,1
Saimiri_sciureus,Gorilla_gorilla,same-order,6,2,1,655,190,465,16407,81.20684479135394,0.9819937558992231,0.8392280963018118,0.905015222991736,13525,2591,248
Saimiri_sciureus,Gorilla_gorilla,same-order,6,2,2,655,344,311,16369,84.67315549146839,0.9808602449888641,0.8759400832867177,0.9254358603933415,14093,1996,275
Saimiri_sciureus,Gorilla_gorilla,same-order,6,2,3,655,404,251,16355,86.2278328824767,0.9808533916849015,0.8918179557324049,0.9342190960010419,14344,1740,280
Saimiri_sciureus,Gorilla_gorilla,same-order,6,2,4,655,428,227,16340,87.10007216742844,0.9805023356577077,0.9009081861159492,0.9390216228482511,14483,1593,288
Saimiri_sciureus,Gorilla_gorilla,same-order,6,2,5,655,446,209,16331,87.86620946880828,0.980400053698483,0.9087854654056745,0.9432353890862124,14606,1466,292
Saimiri_sciureus,Gorilla_gorilla,same-order,6,2,6,655,463,192,16319,88.31106295895029,0.9802899712701276,0.9130624183209908,0.945482665291919,14672,1397,295
Saimiri_sciureus,Saimiri_boliviensis,same-genus,4,0,1,440,440,0,16470,99.99392872321049,0.9999392872321049,1.0,0.9999696426945144,16470,0,1
Saimiri_sciureus,Saimiri_boliviensis,same-genus,4,0,2,440,440,0,16470,99.99392872321049,0.9999392872321049,1.0,0.9999696426945144,16470,0,1
Saimiri_sciureus,Saimiri_boliviensis,same-genus,4,1,1,440,440,0,16471,99.98785818358427,0.9999392872321049,1.0,0.9999696426945144,16470,0,1
Saimiri_sciureus,Saimiri_boliviensis,same-genus,4,1,2,440,440,0,16471,99.98785818358427,0.9999392872321049,1.0,0.9999696426945144,16470,0,1
Saimiri_sciureus,Saimiri_boliviensis,same-genus,4,2,1,440,440,0,16471,99.98785818358427,0.9999392872321049,1.0,0.9999696426945144,16470,0,1
Saimiri_sciureus,Saimiri_boliviensis,same-genus,4,2,2,440,440,0,16471,99.98785818358427,0.9999392872321049,1.0,0.9999696426945144,16470,0,1
Saimiri_sciureus,Gorilla_gorilla,same-order,7,1,1,764,219,545,16414,81.70299645709481,0.9827374503430841,0.8437829457364341,0.9079746413079747,13606,2519,239
Saimiri_sciureus,Gorilla_gorilla,same-order,7,1,2,764,407,357,16361,85.19386834986474,0.9810328118510314,0.8807955251709136,0.9282158763426775,14172,1918,274
Saimiri_sciureus,Gorilla_gorilla,same-order,7,1,3,764,472,292,16346,86.88514732411305,0.9807235457815787,0.8985696517412936,0.937850907084672,14449,1631,284
Saimiri_sciureus,Gorilla_gorilla,same-order,7,1,4,764,506,258,16333,87.6924927815207,0.9804290806375681,0.9069868723946992,0.9422791028375671,14578,1495,291
Saimiri_sciureus,Gorilla_gorilla,same-order,7,1,5,764,522,242,16323,88.13192103996148,0.9803842806453773,0.9112065210627839,0.94453044375645,14644,1427,293
Saimiri_sciureus,Gorilla_gorilla,same-order,7,1,6,764,537,227,16321,88.30574781823654,0.980355472404116,0.913005600497822,0.9454826652919192,14672,1398,294
Saimiri_sciureus,Gorilla_gorilla,same-order,7,0,1,764,217,547,16416,81.94202724599411,0.9822314941371124,0.8471799962772228,0.909720834166167,13654,2463,247
Saimiri_sciureus,Gorilla_gorilla,same-order,7,0,2,764,420,344,16364,85.77697625488427,0.9813617606602476,0.8866587957497049,0.9316097019554076,14269,1824,271
Saimiri_sciureus,Gorilla_gorilla,same-order,7,0,3,764,493,271,16351,86.99260328342054,0.9811448724905046,0.8992913092129803,0.938436587739215,14466,1620,278
Saimiri_sciureus,Gorilla_gorilla,same-order,7,0,4,764,529,235,16346,87.67741159490016,0.9810241571899603,0.9065414749409277,0.9423132857189025,14579,1503,282
Saimiri_sciureus,Gorilla_gorilla,same-order,7,0,5,764,540,224,16335,88.01203007518797,0.980565607827369,0.9102899091700883,0.9441218221706026,14632,1442,290
Saimiri_sciureus,Gorilla_gorilla,same-order,7,0,6,764,551,213,16328,88.3106726025749,0.9803646563814866,0.9134411947728687,0.9457204522758753,14679,1391,294
Saimiri_sciureus,Saimiri_boliviensis,same-genus,5,0,1,550,550,0,16471,99.98785818358427,0.9999392872321049,1.0,0.9999696426945144,16470,0,1
Saimiri_sciureus,Saimiri_boliviensis,same-genus,5,0,2,550,550,0,16471,99.98785818358427,0.9999392872321049,1.0,0.9999696426945144,16470,0,1
Saimiri_sciureus,Saimiri_boliviensis,same-genus,5,1,1,550,550,0,16470,99.99392872321049,0.9999392872321049,1.0,0.9999696426945144,16470,0,1
Saimiri_sciureus,Saimiri_boliviensis,same-genus,5,1,2,550,550,0,16470,99.99392872321049,0.9999392872321049,1.0,0.9999696426945144,16470,0,1
Saimiri_sciureus,Gorilla_gorilla,same-order,7,2,1,764,242,522,16406,82.2102102102102,0.9824863623313236,0.8491315136476427,0.9109543458006123,13688,2432,244
Saimiri_sciureus,Gorilla_gorilla,same-order,7,2,2,764,405,359,16376,84.83591777857916,0.9817764484941226,0.8765991802260589,0.926211489878277,14115,1987,262
Saimiri_sciureus,Gorilla_gorilla,same-order,7,2,3,764,470,294,16363,86.13766155695822,0.9813711389630847,0.8904424558786975,0.9336982373831167,14329,1763,272
Saimiri_sciureus,Gorilla_gorilla,same-order,7,2,4,764,503,261,16346,87.17455354458541,0.9807210985591558,0.901672989613782,0.939537295055408,14498,1581,285
Saimiri_sciureus,Gorilla_gorilla,same-order,7,2,5,764,535,229,16327,87.87897016361886,0.980075137528512,0.9092549947096533,0.9433377457785813,14609,1458,297
Saimiri_sciureus,Gorilla_gorilla,same-order,7,2,6,764,549,215,16322,88.31739156590267,0.9799092244026165,0.9139637676648198,0.9457883717184733,14681,1382,301
Saimiri_sciureus,Saimiri_boliviensis,same-genus,5,2,1,550,550,0,16470,99.99392872321049,0.9999392872321049,1.0,0.9999696426945144,16470,0,1
Saimiri_sciureus,Saimiri_boliviensis,same-genus,5,2,2,550,550,0,16470,99.99392872321049,0.9999392872321049,1.0,0.9999696426945144,16470,0,1
Saimiri_sciureus,Saimiri_boliviensis,same-genus,6,0,1,659,659,0,16470,99.99392872321049,0.9999392872321049,1.0,0.9999696426945144,16470,0,1
Saimiri_sciureus,Saimiri_boliviensis,same-genus,6,0,2,659,659,0,16470,99.99392872321049,0.9999392872321049,1.0,0.9999696426945144,16470,0,1
Saimiri_sciureus,Gorilla_gorilla,same-order,8,0,1,873,273,600,16406,82.31337457209777,0.9824385348720521,0.8503008871518084,0.9116062520784836,13706,2413,245
Saimiri_sciureus,Gorilla_gorilla,same-order,8,0,2,873,489,384,16356,86.12480461704942,0.9809641194193371,0.8905880890215094,0.9335940045617465,14326,1760,278
Saimiri_sciureus,Gorilla_gorilla,same-order,8,0,3,873,577,296,16336,87.30072790711665,0.9806067977566052,0.9026559681532624,0.9400181370643865,14512,1565,287
Saimiri_sciureus,Gorilla_gorilla,same-order,8,0,4,873,621,252,16332,87.87751173144026,0.9805329932201114,0.9087346024636058,0.9432695101869492,14607,1467,290
Saimiri_sciureus,Gorilla_gorilla,same-order,8,0,5,873,635,238,16326,88.27847644262592,0.9804196738839882,0.9128865658639786,0.9454486869663284,14671,1400,293
Saimiri_sciureus,Gorilla_gorilla,same-order,8,0,6,873,655,218,16323,88.66891322662174,0.9803725881570193,0.9169830107660714,0.9476188944982153,14735,1334,295
Saimiri_sciureus,Gorilla_gorilla,same-order,8,1,1,873,255,618,16415,81.6844759274823,0.9824548736462094,0.8440543390608523,0.9080110773747956,13607,2514,243
Saimiri_sciureus,Gorilla_gorilla,same-order,8,1,2,873,476,397,16373,85.5030652722683,0.981712787247257,0.8836573700229828,0.9301078783916312,14226,1873,265
Saimiri_sciureus,Gorilla_gorilla,same-order,8,1,3,873,555,318,16353,87.15574263379435,0.9812470381152257,0.9009759433082614,0.9393998314861625,14494,1593,277
Saimiri_sciureus,Gorilla_gorilla,same-order,8,1,4,873,593,280,16341,87.7233082706767,0.9808985741189131,0.9069651741293532,0.9424841669897893,14584,1496,284
Saimiri_sciureus,Gorilla_gorilla,same-order,8,1,5,873,614,259,16326,88.33473709541572,0.9802390012684424,0.9138038337067463,0.9458562824105389,14683,1385,296
Saimiri_sciureus,Gorilla_gorilla,same-order,8,1,6,873,632,241,16318,88.76519436755325,0.9800677695834163,0.9182644422310757,0.9481600514221437,14751,1313,300
Saimiri_sciureus,Saimiri_boliviensis,same-genus,6,1,1,659,659,0,16470,99.99392872321049,0.9999392872321049,1.0,0.9999696426945144,16470,0,1
Saimiri_sciureus,Saimiri_boliviensis,same-genus,6,1,2,659,659,0,16470,99.99392872321049,0.9999392872321049,1.0,0.9999696426945144,16470,0,1
Saimiri_sciureus,Saimiri_boliviensis,same-genus,6,2,1,659,659,0,16470,99.99392872321049,0.9999392872321049,1.0,0.9999696426945144,16470,0,1
Saimiri_sciureus,Saimiri_boliviensis,same-genus,6,2,2,659,659,0,16470,99.99392872321049,0.9999392872321049,1.0,0.9999696426945144,16470,0,1
Saimiri_sciureus,Gorilla_gorilla,same-order,8,2,1,873,239,634,16412,82.10084033613445,0.9821915840873187,0.8487217671878878,0.910591838093336,13678,2438,248
Saimiri_sciureus,Gorilla_gorilla,same-order,8,2,2,873,468,405,16363,85.60610613618607,0.9809917355371901,0.8853804077573346,0.9307370622059592,14244,1844,276
Saimiri_sciureus,Gorilla_gorilla,same-order,8,2,3,873,565,308,16343,87.10608611979794,0.9807028234816169,0.900802288699546,0.9390560165975104,14484,1595,285
Saimiri_sciureus,Gorilla_gorilla,same-order,8,2,4,873,601,272,16329,87.92564071712188,0.9803461228870405,0.9094020284985377,0.9435423996901126,14615,1456,293
Saimiri_sciureus,Gorilla_gorilla,same-order,8,2,5,873,626,247,16321,88.54254422914912,0.9802145093598028,0.9157901288355014,0.9469077804234507,14714,1353,297
Saimiri_sciureus,Gorilla_gorilla,same-order,8,2,6,873,640,233,16316,88.9691280014443,0.980046403712297,0.9203760194235199,0.9492744317452164,14784,1279,301
Saimiri_sciureus,Saimiri_boliviensis,same-genus,7,0,1,769,769,0,16471,99.98785818358427,0.9999392872321049,1.0,0.9999696426945144,16470,0,1
Saimiri_sciureus,Saimiri_boliviensis,same-genus,7,0,2,769,769,0,16471,99.98785818358427,0.9999392872321049,1.0,0.9999696426945144,16470,0,1
Saimiri_sciureus,Saimiri_boliviensis,same-genus,7,1,1,769,769,0,16470,99.99392872321049,0.9999392872321049,1.0,0.9999696426945144,16470,0,1
Saimiri_sciureus,Saimiri_boliviensis,same-genus,7,1,2,769,769,0,16470,99.99392872321049,0.9999392872321049,1.0,0.9999696426945144,16470,0,1
Saimiri_sciureus,Saimiri_boliviensis,same-genus,7,2,1,769,769,0,16471,99.98785818358427,0.9999392872321049,1.0,0.9999696426945144,16470,0,1
Saimiri_sciureus,Saimiri_boliviensis,same-genus,7,2,2,769,769,0,16471,99.98785818358427,0.9999392872321049,1.0,0.9999696426945144,16470,0,1
Saimiri_sciureus,Saimiri_boliviensis,same-genus,8,0,1,879,879,0,16470,99.99392872321049,0.9999392872321049,1.0,0.9999696426945144,16470,0,1
Saimiri_sciureus,Saimiri_boliviensis,same-genus,8,0,2,879,879,0,16470,99.99392872321049,0.9999392872321049,1.0,0.9999696426945144,16470,0,1
Saimiri_sciureus,Saimiri_boliviensis,same-genus,8,1,1,879,879,0,16470,99.99392872321049,0.9999392872321049,1.0,0.9999696426945144,16470,0,1
Saimiri_sciureus,Saimiri_boliviensis,same-genus,8,1,2,879,879,0,16470,99.99392872321049,0.9999392872321049,1.0,0.9999696426945144,16470,0,1
Saimiri_sciureus,Saimiri_boliviensis,same-genus,8,2,1,879,879,0,16470,99.99392872321049,0.9999392872321049,1.0,0.9999696426945144,16470,0,1
Saimiri_sciureus,Saimiri_boliviensis,same-genus,8,2,2,879,879,0,16470,99.99392872321049,0.9999392872321049,1.0,0.9999696426945144,16470,0,1
Saimiri_sciureus,Aotus_azarai,same-order,1,0,1,111,87,24,16447,89.28678904604273,0.9888022395520896,0.9052907792762556,0.9452054794520548,14835,1552,168
Saimiri_sciureus,Aotus_azarai,same-order,1,0,2,111,99,12,16430,90.22569966897382,0.9878096995255666,0.9157605375687232,0.9504216065428264,14991,1379,185
Saimiri_sciureus,Aotus_azarai,same-order,1,0,3,111,101,10,16427,90.35752979414951,0.9876965589841437,0.9171554252199413,0.9511198403395952,15012,1356,187
Saimiri_sciureus,Aotus_azarai,same-order,1,0,4,111,101,10,16427,90.35752979414951,0.9876965589841437,0.9171554252199413,0.9511198403395952,15012,1356,187
Saimiri_sciureus,Aotus_azarai,same-order,1,1,1,111,80,31,16440,88.58123156564136,0.9883806837262409,0.8983030155048224,0.941191519299031,14716,1666,173
Saimiri_sciureus,Aotus_azarai,same-order,1,1,2,111,89,22,16437,89.53103365239902,0.9884354645753024,0.9078810817410414,0.9464473223661183,14872,1509,174
Saimiri_sciureus,Aotus_azarai,same-order,1,1,3,111,90,21,16437,89.55511408103064,0.98843853820598,0.908125267077712,0.946581400528141,14876,1505,174
Saimiri_sciureus,Aotus_azarai,same-order,1,1,4,111,90,21,16437,89.55511408103064,0.98843853820598,0.908125267077712,0.946581400528141,14876,1505,174
Saimiri_sciureus,Aotus_azarai,same-order,1,2,1,111,81,30,16449,89.99699067108035,0.9890204378596468,0.9123802550491183,0.949155769963184,14953,1436,166
Saimiri_sciureus,Aotus_azarai,same-order,1,2,2,111,95,16,16437,91.23577920905315,0.9885214895976,0.9253922705903901,0.9559157416750756,15157,1222,176
Saimiri_sciureus,Aotus_azarai,same-order,1,2,3,111,96,15,16437,91.23577920905315,0.9885214895976,0.9253922705903901,0.9559157416750756,15157,1222,176
Saimiri_sciureus,Aotus_azarai,same-order,1,2,4,111,96,15,16437,91.23577920905315,0.9885214895976,0.9253922705903901,0.9559157416750756,15157,1222,176
Saimiri_sciureus,Aotus_azarai,same-order,2,2,1,221,172,49,16434,93.20850141489554,0.9888221768012264,0.9451159951159951,0.9664752153826945,15481,899,175
Saimiri_sciureus,Aotus_azarai,same-order,2,2,2,221,197,24,16426,94.370183044316,0.9885209713024282,0.9572466866182129,0.972632493483927,15673,700,182
Saimiri_sciureus,Aotus_azarai,same-order,2,2,3,221,201,20,16425,94.51436141386162,0.9885375991938531,0.9586514383436144,0.9733651669715667,15696,677,182
Saimiri_sciureus,Aotus_azarai,same-order,2,2,4,221,201,20,16425,94.51436141386162,0.9885375991938531,0.9586514383436144,0.9733651669715667,15696,677,182
Saimiri_sciureus,Aotus_azarai,same-order,2,0,1,221,161,60,16430,92.58969419696605,0.988305596607338,0.9394124473218103,0.9632389779559117,15381,992,182
Saimiri_sciureus,Aotus_azarai,same-order,2,0,2,221,195,26,16414,94.21398037208742,0.9876917250520735,0.956479217603912,0.9718349222122163,15648,712,195
Saimiri_sciureus,Aotus_azarai,same-order,2,0,3,221,201,20,16413,94.39460533445722,0.9876527655285372,0.958371538602604,0.9727918592746564,15678,681,196
Saimiri_sciureus,Aotus_azarai,same-order,2,0,4,221,204,17,16409,94.57490366088632,0.9874889978624418,0.9603203717290291,0.9737152067447771,15707,649,199
Saimiri_sciureus,Aotus_azarai,same-order,2,0,5,221,204,17,16409,94.57490366088632,0.9874889978624418,0.9603203717290291,0.9737152067447771,15707,649,199
Saimiri_sciureus,Aotus_azarai,same-order,3,0,1,332,260,72,16415,94.48458574181117,0.9878501731192949,0.9590514607016257,0.9732378205724563,15692,670,193
Saimiri_sciureus,Aotus_azarai,same-order,3,0,2,332,303,29,16408,95.83910399229241,0.9876512565932362,0.9730985571044265,0.9803209017276955,15916,440,199
Saimiri_sciureus,Aotus_azarai,same-order,3,0,3,332,312,20,16408,95.88727644968989,0.9876573838615642,0.9735876742479824,0.9805720619477201,15924,432,199
Saimiri_sciureus,Aotus_azarai,same-order,3,0,4,332,312,20,16408,95.88727644968989,0.9876573838615642,0.9735876742479824,0.9805720619477201,15924,432,199
Saimiri_sciureus,Aotus_azarai,same-order,3,2,1,332,244,88,16413,94.54950614309804,0.9879798615481434,0.9593620141774627,0.9734606560426614,15699,665,191
Saimiri_sciureus,Aotus_azarai,same-order,3,2,2,332,305,27,16405,96.0729988556285,0.9877391788965261,0.9751788225224675,0.9814188149880022,15951,406,198
Saimiri_sciureus,Aotus_azarai,same-order,3,2,3,332,313,19,16403,96.28960366220937,0.9877046648130986,0.9773783321105405,0.9825143664915031,15986,370,199
Saimiri_sciureus,Aotus_azarai,same-order,3,2,4,332,313,19,16403,96.28960366220937,0.9877046648130986,0.9773783321105405,0.9825143664915031,15986,370,199
Saimiri_sciureus,Aotus_azarai,same-order,2,1,1,221,167,54,16423,92.72037572254335,0.9881288501026694,0.9406841783750763,0.9638229955561118,15399,971,185
Saimiri_sciureus,Aotus_azarai,same-order,2,1,2,221,196,25,16411,94.41734417344173,0.9877772177419355,0.9582543854287635,0.9727918592746565,15678,683,194
Saimiri_sciureus,Aotus_azarai,same-order,2,1,3,221,206,15,16410,94.77836665863647,0.9878224844642521,0.9618605219729846,0.974668648581692,15737,624,194
Saimiri_sciureus,Aotus_azarai,same-order,2,1,4,221,207,14,16410,94.88677427125994,0.9878362279766757,0.9629606992237638,0.975239863819251,15755,606,194
Saimiri_sciureus,Aotus_azarai,same-order,2,1,5,221,209,12,16410,94.97109130330041,0.9878468959468771,0.9638163926410366,0.9756837025120654,15769,592,194
Saimiri_sciureus,Aotus_azarai,same-order,2,1,6,221,209,12,16410,94.97109130330041,0.9878468959468771,0.9638163926410366,0.9756837025120654,15769,592,194
Saimiri_sciureus,Aotus_azarai,same-order,4,0,1,442,352,90,16417,95.01445086705202,0.9880408239934882,0.9643119041799071,0.9760321632905521,15780,584,191
Saimiri_sciureus,Aotus_azarai,same-order,4,0,2,442,415,27,16402,96.51912074676302,0.9874922982131854,0.9801247553816047,0.9837947332883187,16027,325,203
Saimiri_sciureus,Aotus_azarai,same-order,4,0,3,442,421,21,16400,96.61506956574114,0.9875030780595913,0.9809809197651663,0.9842311940115351,16041,311,203
Saimiri_sciureus,Aotus_azarai,same-order,4,0,4,442,421,21,16400,96.61506956574114,0.9875030780595913,0.9809809197651663,0.9842311940115351,16041,311,203
Saimiri_sciureus,Aotus_azarai,same-order,3,1,1,332,258,74,16413,94.77868112014454,0.9879472693032015,0.961804070158284,0.9747003994673769,15738,625,192
Saimiri_sciureus,Aotus_azarai,same-order,3,1,2,332,313,19,16398,96.47675258973742,0.9873035439137134,0.9798152792219708,0.98354515871554,16019,330,206
Saimiri_sciureus,Aotus_azarai,same-order,3,1,3,332,320,12,16397,96.64518460519183,0.9873246369677579,0.9814667563765368,0.9843869819944173,16046,303,206
Saimiri_sciureus,Aotus_azarai,same-order,3,1,4,332,321,11,16397,96.75359874721435,0.9873386601106331,0.9825677411462475,0.9849474232809099,16064,285,206
Saimiri_sciureus,Aotus_azarai,same-order,3,1,5,332,321,11,16397,96.75359874721435,0.9873386601106331,0.9825677411462475,0.9849474232809099,16064,285,206
Saimiri_sciureus,Aotus_azarai,same-order,4,2,1,442,346,96,16416,95.09272639691714,0.9879887394432281,0.965165311984355,0.9764436750340051,15793,570,192
Saimiri_sciureus,Aotus_azarai,same-order,4,2,2,442,413,29,16399,96.9704270312594,0.9874877330716388,0.9846492569261819,0.9860664523043944,16100,251,204
Saimiri_sciureus,Aotus_azarai,same-order,4,2,3,442,425,17,16395,97.23527285869173,0.9873394495412844,0.9874602397846831,0.9873998409688666,16143,205,207
Saimiri_sciureus,Aotus_azarai,same-order,4,2,4,442,425,17,16395,97.23527285869173,0.9873394495412844,0.9874602397846831,0.9873998409688666,16143,205,207
Saimiri_sciureus,Aotus_azarai,same-order,5,1,1,552,414,138,16417,95.4233409610984,0.9882132834424696,0.9682268116827569,0.9781179593222431,15846,520,189
Saimiri_sciureus,Aotus_azarai,same-order,5,1,2,552,527,25,16401,97.01276800770898,0.9875544111335909,0.985078277886497,0.9863147904356611,16108,244,203
Saimiri_sciureus,Aotus_azarai,same-order,5,1,3,552,535,17,16398,97.27157742576642,0.9874656068480587,0.9877675840978594,0.987616572389543,16150,200,205
Saimiri_sciureus,Aotus_azarai,same-order,5,1,4,552,535,17,16398,97.27157742576642,0.9874656068480587,0.9877675840978594,0.987616572389543,16150,200,205
Saimiri_sciureus,Aotus_azarai,same-order,5,0,1,552,398,154,16411,94.97681141962296,0.9879706785289142,0.963698588278433,0.9756837025120653,15769,594,192
Saimiri_sciureus,Aotus_azarai,same-order,5,0,2,552,501,51,16399,96.74757573932422,0.9874592733755456,0.9823863983854199,0.9849163038812926,16063,288,204
Saimiri_sciureus,Aotus_azarai,same-order,5,0,3,552,508,44,16398,96.87405890501716,0.9874148198170545,0.9837308868501529,0.9855694108275376,16084,266,205
Saimiri_sciureus,Aotus_azarai,same-order,5,0,4,552,510,42,16396,96.91621996024814,0.9872990550987851,0.9842794225593344,0.9857869264228388,16091,257,207
Saimiri_sciureus,Aotus_azarai,same-order,5,0,5,552,510,42,16396,96.91621996024814,0.9872990550987851,0.9842794225593344,0.9857869264228388,16091,257,207
Saimiri_sciureus,Aotus_azarai,same-order,4,1,1,442,338,104,16419,95.03281353483051,0.9881056717165394,0.964497402994195,0.9761588175268252,15784,581,190
Saimiri_sciureus,Aotus_azarai,same-order,4,1,2,442,400,42,16409,96.34535492805105,0.9876558449574127,0.9784163864261693,0.9830144055041925,16002,353,200
Saimiri_sciureus,Aotus_azarai,same-order,4,1,3,442,410,32,16408,96.5679190751445,0.9876832122182535,0.9806175481504127,0.9841376982787715,16038,317,200
Saimiri_sciureus,Aotus_azarai,same-order,4,1,4,442,415,27,16406,96.78468208092485,0.9875890882280659,0.9829389102916896,0.9852585123662999,16074,279,202
Saimiri_sciureus,Aotus_azarai,same-order,4,1,5,442,416,26,16406,96.78468208092485,0.9875890882280659,0.9829389102916896,0.9852585123662999,16074,279,202
Saimiri_sciureus,Aotus_azarai,same-order,4,1,6,442,416,26,16406,96.78468208092485,0.9875890882280659,0.9829389102916896,0.9852585123662999,16074,279,202
Saimiri_sciureus,Aotus_azarai,same-order,5,2,1,552,422,130,16405,95.38063117321127,0.9875904215515091,0.9682685253118122,0.9778340330945913,15837,519,199
Saimiri_sciureus,Aotus_azarai,same-order,5,2,2,552,505,47,16397,96.86201288923688,0.987352652259332,0.9836687259159581,0.9855072463768115,16082,267,206
Saimiri_sciureus,Aotus_azarai,same-order,5,2,3,552,520,32,16392,97.13889892784002,0.9871457427924344,0.9866625879473845,0.9869041062358485,16127,218,210
Saimiri_sciureus,Aotus_azarai,same-order,5,2,4,552,524,28,16392,97.2894831947958,0.9871653832049871,0.9881921076781891,0.987678478613141,16152,193,210
Saimiri_sciureus,Aotus_azarai,same-order,5,2,5,552,524,28,16392,97.2894831947958,0.9871653832049871,0.9881921076781891,0.987678478613141,16152,193,210
Saimiri_sciureus,Varecia_variegata,same-order,1,0,1,114,16,98,16470,72.0813064628214,0.9397508493771235,0.7699016515123399,0.8463892288861689,12447,3720,798
Saimiri_sciureus,Varecia_variegata,same-order,1,0,2,114,20,94,16468,72.28978457261988,0.9397726417225024,0.7722239406124343,0.847799511002445,12483,3682,800
Saimiri_sciureus,Varecia_variegata,same-order,1,0,3,114,20,94,16468,72.28978457261988,0.9397726417225024,0.7722239406124343,0.847799511002445,12483,3682,800
Saimiri_sciureus,Aotus_azarai,same-order,6,0,1,663,499,164,16408,95.66343431909895,0.9878716258241075,0.9708435207823961,0.9792835563228313,15883,477,195
Saimiri_sciureus,Aotus_azarai,same-order,6,0,2,663,617,46,16396,97.2111793759788,0.9873967574181707,0.9871551776867087,0.9872759527742094,16139,210,206
Saimiri_sciureus,Aotus_azarai,same-order,6,0,3,663,637,26,16394,97.45211420310805,0.9873070116555807,0.9897228849330152,0.9885134722307082,16179,168,208
Saimiri_sciureus,Aotus_azarai,same-order,6,0,4,663,639,24,16394,97.45211420310805,0.9873070116555807,0.9897228849330152,0.9885134722307082,16179,168,208
Saimiri_sciureus,Aotus_azarai,same-order,6,0,5,663,639,24,16394,97.45211420310805,0.9873070116555807,0.9897228849330152,0.9885134722307082,16179,168,208
Saimiri_sciureus,Aotus_azarai,same-order,6,2,1,663,518,145,16411,95.46522131887986,0.9879097594416054,0.9688894321862966,0.978307155861388,15852,509,194
Saimiri_sciureus,Aotus_azarai,same-order,6,2,2,663,618,45,16395,97.0728181653918,0.9872588055130168,0.9859301400868661,0.9865940254652302,16117,230,208
Saimiri_sciureus,Aotus_azarai,same-order,6,2,3,663,637,26,16393,97.37396855989881,0.987177138670086,0.9891098195166718,0.9881425340749342,16167,178,210
Saimiri_sciureus,Aotus_azarai,same-order,6,2,4,663,637,26,16393,97.37396855989881,0.987177138670086,0.9891098195166718,0.9881425340749342,16167,178,210
Saimiri_sciureus,Aotus_azarai,same-order,6,1,1,663,522,141,16412,95.42881233437726,0.9880276859761801,0.9683432133471858,0.9780864197530865,15845,518,192
Saimiri_sciureus,Aotus_azarai,same-order,6,1,2,663,626,37,16398,97.22941637053545,0.9874602397846831,0.9873394495412844,0.9873998409688666,16143,207,205
Saimiri_sciureus,Aotus_azarai,same-order,6,1,3,663,641,22,16396,97.41612961512979,0.9873634088272999,0.9893564962074871,0.9883589477222036,16174,174,207
Saimiri_sciureus,Aotus_azarai,same-order,6,1,4,663,642,21,16396,97.41612961512979,0.9873634088272999,0.9893564962074871,0.9883589477222036,16174,174,207
Saimiri_sciureus,Aotus_azarai,same-order,6,1,5,663,642,21,16396,97.41612961512979,0.9873634088272999,0.9893564962074871,0.9883589477222036,16174,174,207
Saimiri_sciureus,Aotus_azarai,same-order,7,0,1,773,582,191,16410,96.09732594555528,0.9879876160990712,0.975246011857466,0.9815754667650949,15956,405,194
Saimiri_sciureus,Aotus_azarai,same-order,7,0,2,773,727,46,16397,97.45813757378629,0.9874885566066525,0.9896024464831804,0.9885443714678479,16180,170,205
Saimiri_sciureus,Aotus_azarai,same-order,7,0,3,773,738,35,16395,97.50030116853391,0.9873734293034037,0.9901517005138243,0.9887606132795796,16187,161,207
Saimiri_sciureus,Aotus_azarai,same-order,7,0,4,773,738,35,16395,97.50030116853391,0.9873734293034037,0.9901517005138243,0.9887606132795796,16187,161,207
Saimiri_sciureus,Aotus_azarai,same-order,7,2,1,773,601,172,16411,95.9347145266201,0.9880287805483191,0.9735362425131402,0.9807289742642532,15929,433,193
Saimiri_sciureus,Aotus_azarai,same-order,7,2,2,773,728,45,16396,97.41010660723965,0.9873626373626374,0.9892953266454613,0.9883280371547299,16173,175,207
Saimiri_sciureus,Aotus_azarai,same-order,7,2,3,773,744,29,16395,97.50030116853391,0.9873734293034037,0.9901517005138243,0.9887606132795796,16187,161,207
Saimiri_sciureus,Aotus_azarai,same-order,7,2,4,773,744,29,16395,97.50030116853391,0.9873734293034037,0.9901517005138243,0.9887606132795796,16187,161,207
Saimiri_sciureus,Varecia_variegata,same-order,1,1,1,114,27,87,16453,72.63615295480881,0.939523381294964,0.7759004827330115,0.8499084807809639,12537,3621,807
Saimiri_sciureus,Varecia_variegata,same-order,1,1,2,114,44,70,16443,73.48168752897543,0.9397465352404951,0.7850421000495295,0.8554562320796087,12680,3472,813
Saimiri_sciureus,Varecia_variegata,same-order,1,1,3,114,51,63,16437,74.2131803164667,0.9400881057268723,0.7928664313579789,0.8602237226645167,12804,3345,816
Saimiri_sciureus,Varecia_variegata,same-order,1,1,4,114,56,58,16432,74.42183968005564,0.9399019105482761,0.7953419226957383,0.8616004026170107,12840,3304,821
Saimiri_sciureus,Varecia_variegata,same-order,1,1,5,114,58,56,16432,74.42763577348867,0.9399063094715269,0.7954038652130823,0.8616385962557874,12841,3303,821
Saimiri_sciureus,Varecia_variegata,same-order,1,1,6,114,58,56,16432,74.42763577348867,0.9399063094715269,0.7954038652130823,0.8616385962557874,12841,3303,821
Saimiri_sciureus,Varecia_variegata,same-order,1,2,1,114,19,95,16449,72.53651750521679,0.939701133889014,0.7742853607226828,0.8490111604871264,12514,3648,803
Saimiri_sciureus,Varecia_variegata,same-order,1,2,2,114,26,88,16441,73.13579960570567,0.9400059621404084,0.7805074257425743,0.8528636148488742,12613,3547,805
Saimiri_sciureus,Varecia_variegata,same-order,1,2,3,114,29,85,16438,73.5444212479703,0.9402431791221827,0.7848257936753512,0.8555334435187371,12682,3477,806
Saimiri_sciureus,Varecia_variegata,same-order,1,2,4,114,30,84,16438,73.62560890744606,0.9403051399792623,0.7856921839222725,0.8560736320420754,12696,3463,806
Saimiri_sciureus,Varecia_variegata,same-order,1,2,5,114,30,84,16438,73.62560890744606,0.9403051399792623,0.7856921839222725,0.8560736320420754,12696,3463,806
Saimiri_sciureus,Aotus_azarai,same-order,8,0,1,883,659,224,16415,95.68254350575059,0.9880611864195995,0.9710933202957893,0.9795037756202805,15890,473,192
Saimiri_sciureus,Aotus_azarai,same-order,8,0,2,883,808,75,16403,97.00126452700668,0.987494636179734,0.9851996819766375,0.98634582414891,16109,242,204
Saimiri_sciureus,Aotus_azarai,same-order,8,0,3,883,825,58,16402,97.2238949777189,0.9875221726099456,0.9874013821784601,0.9874617737003059,16145,206,204
Saimiri_sciureus,Aotus_azarai,same-order,8,0,4,883,825,58,16402,97.2238949777189,0.9875221726099456,0.9874013821784601,0.9874617737003059,16145,206,204
Saimiri_sciureus,Aotus_azarai,same-order,7,1,1,773,600,173,16411,95.89403973509934,0.9876604452160972,0.9738322328197603,0.9806975956654249,15928,428,199
Saimiri_sciureus,Aotus_azarai,same-order,7,1,2,773,721,52,16393,97.27760043365657,0.9871645987409082,0.9881309268889569,0.9876475264477467,16151,194,210
Saimiri_sciureus,Aotus_azarai,same-order,7,1,3,773,740,33,16392,97.45813757378629,0.9871873093349604,0.9899051697766901,0.9885443714678478,16180,165,210
Saimiri_sciureus,Aotus_azarai,same-order,7,1,4,773,741,32,16392,97.45813757378629,0.9871873093349604,0.9899051697766901,0.9885443714678478,16180,165,210
Saimiri_sciureus,Aotus_azarai,same-order,7,1,5,773,741,32,16392,97.45813757378629,0.9871873093349604,0.9899051697766901,0.9885443714678478,16180,165,210
Saimiri_sciureus,Aotus_azarai,same-order,8,1,1,883,678,205,16409,96.2117562033245,0.9879406307977736,0.9764669926650367,0.9821703043344605,15975,385,195
Saimiri_sciureus,Aotus_azarai,same-order,8,1,2,883,832,51,16397,97.40995060836043,0.9874824448922269,0.9891131498470948,0.9882971246982614,16172,178,205
Saimiri_sciureus,Aotus_azarai,same-order,8,1,3,883,847,36,16397,97.46416094446452,0.9874893201513487,0.9896636085626911,0.9885752688172043,16181,169,205
Saimiri_sciureus,Aotus_azarai,same-order,8,1,4,883,847,36,16397,97.46416094446452,0.9874893201513487,0.9896636085626911,0.9885752688172043,16181,169,205
Saimiri_sciureus,Varecia_variegata,same-order,2,0,1,227,35,192,16450,73.73087621696801,0.9404242737822456,0.7873630793984776,0.8571139854486662,12723,3436,806
Saimiri_sciureus,Varecia_variegata,same-order,2,0,2,227,71,156,16424,75.4770604953309,0.9409255242227043,0.805858310626703,0.8681699913269733,13013,3135,817
Saimiri_sciureus,Varecia_variegata,same-order,2,0,3,227,86,141,16415,76.37333952085388,0.9411007862759113,0.8156867604237655,0.8739172281039461,13166,2975,824
Saimiri_sciureus,Varecia_variegata,same-order,2,0,4,227,89,138,16415,76.52996113463658,0.9412142398516088,0.8173595192367263,0.8749253929305658,13193,2948,824
Saimiri_sciureus,Varecia_variegata,same-order,2,0,5,227,89,138,16415,76.52996113463658,0.9412142398516088,0.8173595192367263,0.8749253929305658,13193,2948,824
Saimiri_sciureus,Varecia_variegata,same-order,2,1,1,227,34,193,16450,73.53997682502897,0.9400133303710286,0.7857010213556175,0.8559579202913212,12693,3462,810
Saimiri_sciureus,Varecia_variegata,same-order,2,1,2,227,62,165,16426,75.06377551020408,0.9403006754303145,0.8020194511552995,0.8656726397432468,12947,3196,822
Saimiri_sciureus,Varecia_variegata,same-order,2,1,3,227,69,158,16424,75.41743970315399,0.940427993059572,0.8058980236664395,0.8679811830647582,13008,3133,824
Saimiri_sciureus,Varecia_variegata,same-order,2,1,4,227,71,156,16424,75.6319573283859,0.9405869204701132,0.8081903227804969,0.8693768743752083,13045,3096,824
Saimiri_sciureus,Varecia_variegata,same-order,2,1,5,227,76,151,16423,75.89725749405694,0.9407790714388385,0.8109782541354316,0.8710697055398435,13090,3051,824
Saimiri_sciureus,Varecia_variegata,same-order,2,1,6,227,78,149,16423,75.97263292166754,0.9408343505421124,0.811783656526857,0.8715578023147531,13103,3038,824
Saimiri_sciureus,Aotus_azarai,same-order,8,2,1,883,684,199,16407,95.89305070456462,0.9876573838615642,0.9735876742479824,0.9805720619477201,15924,432,199
Saimiri_sciureus,Aotus_azarai,same-order,8,2,2,883,836,47,16394,97.41010660723965,0.9872420949822976,0.9894163709776091,0.9883280371547299,16173,173,209
Saimiri_sciureus,Aotus_azarai,same-order,8,2,3,883,853,30,16391,97.48825442717745,0.9871310075628202,0.9902716593245228,0.9886988393402566,16185,159,211
Saimiri_sciureus,Aotus_azarai,same-order,8,2,4,883,855,28,16391,97.48825442717745,0.9871310075628202,0.9902716593245228,0.9886988393402566,16185,159,211
Saimiri_sciureus,Aotus_azarai,same-order,8,2,5,883,855,28,16391,97.48825442717745,0.9871310075628202,0.9902716593245228,0.9886988393402566,16185,159,211
Saimiri_sciureus,Varecia_variegata,same-order,2,2,1,227,46,181,16447,73.91783044561627,0.9402919062361786,0.7896007428040854,0.8583829615423437,12756,3399,810
Saimiri_sciureus,Varecia_variegata,same-order,2,2,2,227,75,152,16418,75.80467436061011,0.9406303972366149,0.8098513011152416,0.8703555733120256,13071,3069,825
Saimiri_sciureus,Varecia_variegata,same-order,2,2,3,227,91,136,16405,77.22209329310745,0.9412347075878651,0.8249659104995661,0.8792733278282412,13310,2824,831
Saimiri_sciureus,Varecia_variegata,same-order,2,2,4,227,98,129,16405,77.66303086563008,0.9415488499683478,0.8296764596504277,0.882079667885737,13386,2748,831
Saimiri_sciureus,Varecia_variegata,same-order,2,2,5,227,104,123,16405,78.09816662798794,0.941855583543241,0.8343250278914095,0.8848353381975941,13461,2673,831
Saimiri_sciureus,Varecia_variegata,same-order,2,2,6,227,107,120,16404,78.16778834996519,0.9418385180006991,0.8351205603421559,0.8852749852158486,13473,2660,832
Saimiri_sciureus,Varecia_variegata,same-order,3,0,1,340,40,300,16445,73.57561003883383,0.9401570137757369,0.7856656557529245,0.8559964934758422,12694,3463,808
Saimiri_sciureus,Varecia_variegata,same-order,3,0,2,340,86,254,16421,75.98863504580773,0.9407753050969131,0.8119578686493185,0.8716328566677751,13105,3035,825
Saimiri_sciureus,Varecia_variegata,same-order,3,0,3,340,122,218,16410,77.30410069021518,0.9413094145066742,0.8260815668774018,0.8799392598950252,13328,2806,831
Saimiri_sciureus,Varecia_variegata,same-order,3,0,4,340,129,211,16406,77.68690911200046,0.9413170286035561,0.8303781773093615,0.8823742547514741,13394,2736,835
Saimiri_sciureus,Varecia_variegata,same-order,3,0,5,340,135,205,16405,78.09291804419698,0.9415384615384615,0.8347696695393391,0.8849452824608104,13464,2665,836
Saimiri_sciureus,Varecia_variegata,same-order,3,0,6,340,140,200,16405,78.09291804419698,0.9415384615384615,0.8347696695393391,0.8849452824608104,13464,2665,836
Saimiri_sciureus,Varecia_variegata,same-order,3,1,1,340,50,290,16451,73.64579108973987,0.9400976186954593,0.786877127824203,0.8566903662769147,12712,3443,810
Saimiri_sciureus,Varecia_variegata,same-order,3,1,2,340,85,255,16427,75.53623188405797,0.9405904858153469,0.8072110023541073,0.8688114685780963,13030,3112,823
Saimiri_sciureus,Varecia_variegata,same-order,3,1,3,340,108,232,16420,76.38123949214447,0.9408026278206226,0.8164972731779871,0.874253483742535,13175,2961,829
Saimiri_sciureus,Varecia_variegata,same-order,3,1,4,340,121,219,16416,77.07874289690363,0.9412306167244919,0.8238611713665943,0.8786436644854253,13293,2842,830
Saimiri_sciureus,Varecia_variegata,same-order,3,1,5,340,130,210,16410,77.4477958236659,0.9414751092934706,0.8275178184071893,0.8808259392420095,13352,2783,830
Saimiri_sciureus,Varecia_variegata,same-order,3,1,6,340,133,207,16409,77.56380510440836,0.941491234246286,0.828808726912111,0.8815637670171738,13372,2762,831
Saimiri_sciureus,Varecia_variegata,same-order,3,2,1,340,62,278,16434,74.42332212820216,0.9399751116316521,0.7953545989470424,0.8616385962557873,12841,3304,820
Saimiri_sciureus,Varecia_variegata,same-order,3,2,2,340,119,221,16391,77.16640547913401,0.9407061487299229,0.8243938736280771,0.87871777924653,13295,2832,838
Saimiri_sciureus,Varecia_variegata,same-order,3,2,3,340,153,187,16381,78.58096731115369,0.941430161380078,0.8394219438069838,0.887504508344536,13534,2589,842
Saimiri_sciureus,Varecia_variegata,same-order,3,2,4,340,163,177,16378,79.05923344947735,0.9417542888765911,0.8443837995410284,0.8904149906798784,13614,2509,842
Saimiri_sciureus,Varecia_variegata,same-order,3,2,5,340,166,174,16378,79.15795586527294,0.9418227043460237,0.8454381938845128,0.8910315073865865,13631,2492,842
Saimiri_sciureus,Varecia_variegata,same-order,3,2,6,340,166,174,16378,79.15795586527294,0.9418227043460237,0.8454381938845128,0.8910315073865865,13631,2492,842
Saimiri_sciureus,Varecia_variegata,same-order,4,0,1,453,66,387,16427,75.18552875695732,0.940459786786569,0.8032705649157582,0.8664684461965056,12968,3176,821
Saimiri_sciureus,Varecia_variegata,same-order,4,0,2,453,183,270,16397,78.51215690825741,0.9418070444104135,0.8388616777233554,0.8873585833743236,13530,2599,836
Saimiri_sciureus,Varecia_variegata,same-order,4,0,3,453,225,228,16386,80.04525937101079,0.9420883698695622,0.8559285226779177,0.8969440832249675,13795,2322,848
Saimiri_sciureus,Varecia_variegata,same-order,4,0,4,453,243,210,16373,80.88824383164005,0.9423740277308083,0.8647055172841804,0.9018706712408571,13933,2180,852
Saimiri_sciureus,Varecia_variegata,same-order,4,0,5,453,259,194,16371,81.41074020319303,0.9425959534852457,0.8703991062007325,0.9050600232348006,14023,2088,854
Saimiri_sciureus,Varecia_variegata,same-order,4,0,6,453,263,190,16366,81.70469720722289,0.9425949494272892,0.8736031785448225,0.9067886715855271,14072,2036,857
Saimiri_sciureus,Varecia_variegata,same-order,4,1,1,453,58,395,16440,73.79282360442873,0.940107820692711,0.7880401139036771,0.8573833978784308,12730,3424,811
Saimiri_sciureus,Varecia_variegata,same-order,4,1,2,453,113,340,16411,75.81524892654056,0.9407444740442077,0.8094412092677488,0.8701674935899572,13066,3076,823
Saimiri_sciureus,Varecia_variegata,same-order,4,1,3,453,150,303,16406,77.25610817712263,0.9416424984084317,0.8247831474597274,0.8793473593817088,13312,2828,825
Saimiri_sciureus,Varecia_variegata,same-order,4,1,4,453,167,286,16402,77.90609947188207,0.9418368062863959,0.8319286068418443,0.8834775741222154,13424,2712,829
Saimiri_sciureus,Varecia_variegata,same-order,4,1,5,453,177,276,16400,78.2949335499971,0.9419773774612484,0.8361844551878022,0.8859338061465721,13491,2643,831
Saimiri_sciureus,Varecia_variegata,same-order,4,1,6,453,181,272,16400,78.40519993035808,0.9420542500522976,0.8373620924755175,0.8866283839212469,13510,2624,831
Saimiri_sciureus,Varecia_variegata,same-order,4,2,1,453,84,369,16438,75.00579777365492,0.9410780533934676,0.8008047044258744,0.8652932914186342,12937,3218,810
Saimiri_sciureus,Varecia_variegata,same-order,4,2,2,453,163,290,16405,77.98990309290315,0.9419680403700589,0.8328685629299126,0.8840651208682784,13440,2697,828
Saimiri_sciureus,Varecia_variegata,same-order,4,2,3,453,195,258,16386,79.28231332017187,0.9423050379572119,0.8465496930993862,0.8918645285606976,13654,2475,836
Saimiri_sciureus,Varecia_variegata,same-order,4,2,4,453,211,242,16383,79.76888682422623,0.9425042881646655,0.8518013269671979,0.8948602696892711,13737,2390,838
Saimiri_sciureus,Varecia_variegata,same-order,4,2,5,453,218,235,16377,80.22769516728624,0.9427342843491912,0.8565050229443135,0.8975533677746368,13812,2314,839
Saimiri_sciureus,Varecia_variegata,same-order,4,2,6,453,222,231,16376,80.46584572490707,0.9428299190090519,0.8591007751937985,0.8990200532156533,13853,2272,840
Saimiri_sciureus,Varecia_variegata,same-order,5,0,1,566,95,471,16426,75.23478260869565,0.9402985074626866,0.8040394027631498,0.8668470093177038,12978,3163,824
Saimiri_sciureus,Varecia_variegata,same-order,5,0,2,566,210,356,16390,78.42089985486211,0.9417834483720282,0.8374457532548047,0.8865553112591474,13508,2622,835
Saimiri_sciureus,Varecia_variegata,same-order,5,0,3,566,272,294,16361,80.30435035139688,0.9416973164419017,0.8582779812527159,0.898054626351856,13826,2283,856
Saimiri_sciureus,Varecia_variegata,same-order,5,0,4,566,303,263,16354,81.12582781456953,0.9419898819561552,0.8671220117975784,0.9030067895247332,13965,2140,860
Saimiri_sciureus,Varecia_variegata,same-order,5,0,5,566,318,248,16352,81.62542116881608,0.9421980822101522,0.8725703285102155,0.9060484911013671,14051,2052,862
Saimiri_sciureus,Varecia_variegata,same-order,5,0,6,566,329,237,16350,81.82293482049495,0.9422034918723661,0.8747903856903297,0.9072463768115941,14085,2016,864
Saimiri_sciureus,Varecia_variegata,same-order,5,1,1,566,84,482,16435,74.54924923183953,0.9404666130329847,0.796173611541081,0.862325643776824,12859,3292,814
Saimiri_sciureus,Varecia_variegata,same-order,5,1,2,566,176,390,16387,77.71972599558806,0.9410276235327195,0.8302120798710158,0.8821533291602148,13388,2738,839
Saimiri_sciureus,Varecia_variegata,same-order,5,1,3,566,241,325,16378,79.61565257779841,0.9418916134349886,0.8507351572678206,0.8939956972423235,13713,2406,846
Saimiri_sciureus,Varecia_variegata,same-order,5,1,4,566,270,296,16362,80.43579314352121,0.9422775849159349,0.8589067444313457,0.8986626850168787,13843,2274,848
Saimiri_sciureus,Varecia_variegata,same-order,5,1,5,566,284,282,16361,80.90063916327716,0.9425264012997563,0.8639240506329114,0.9015151515151516,13923,2193,849
Saimiri_sciureus,Varecia_variegata,same-order,5,1,6,566,298,268,16358,81.29830882780264,0.9427820460978569,0.8680193596425912,0.9038573366931576,13989,2127,849
Saimiri_sciureus,Varecia_variegata,same-order,5,2,1,566,94,472,16430,74.81739130434782,0.9402593617951334,0.799380613192939,0.8641156974992468,12906,3239,820
Saimiri_sciureus,Varecia_variegata,same-order,5,2,2,566,199,367,16395,77.71524715711303,0.9409244169710593,0.8307491937484495,0.8824110671936759,13395,2729,841
Saimiri_sciureus,Varecia_variegata,same-order,5,2,3,566,256,310,16382,79.46604759141033,0.9416781292984869,0.8495377551653533,0.8932380859183874,13692,2425,848
Saimiri_sciureus,Varecia_variegata,same-order,5,2,4,566,291,275,16376,80.22060957910014,0.9421149519329106,0.8574087862993298,0.8977682487087028,13818,2298,849
Saimiri_sciureus,Varecia_variegata,same-order,5,2,5,566,297,269,16374,80.55732946298984,0.94221497928974,0.8611145587687725,0.8998411205862326,13876,2238,851
Saimiri_sciureus,Varecia_variegata,same-order,5,2,6,566,304,262,16363,80.89900691097044,0.9421073988908427,0.8647339996275374,0.9017640394885905,13930,2179,856
Saimiri_sciureus,Varecia_variegata,same-order,6,0,1,679,103,576,16434,74.99565292992523,0.9404709986916703,0.8013749535488666,0.8653691813804174,12939,3207,819
Saimiri_sciureus,Varecia_variegata,same-order,6,0,2,679,220,459,16394,78.08203283634043,0.9410571947979304,0.8348219823843196,0.8847620299763346,13459,2663,843
Saimiri_sciureus,Varecia_variegata,same-order,6,0,3,679,312,367,16385,80.37247621257832,0.9421245919477693,0.8596872284969591,0.8990200532156531,13853,2261,851
Saimiri_sciureus,Varecia_variegata,same-order,6,0,4,679,365,314,16359,81.66134185303514,0.9426042644495105,0.8726798683965485,0.9062953292718305,14058,2051,856
Saimiri_sciureus,Varecia_variegata,same-order,6,0,5,679,386,293,16356,82.35157429998839,0.942929360117068,0.8801142360464395,0.9104396133714395,14176,1931,858
Saimiri_sciureus,Varecia_variegata,same-order,6,0,6,679,400,279,16338,82.76062561776847,0.9429612454455117,0.8838797814207651,0.9124651431135614,14234,1870,861
Saimiri_sciureus,Varecia_variegata,same-order,6,1,1,679,115,564,16431,75.25797101449275,0.9406564741685385,0.8040381518642388,0.8669983637760044,12982,3164,819
Saimiri_sciureus,Varecia_variegata,same-order,6,1,2,679,263,416,16380,78.95164567249086,0.9413759689922481,0.8438391860032262,0.889943074003795,13601,2517,847
Saimiri_sciureus,Varecia_variegata,same-order,6,1,3,679,356,323,16354,81.1606831648658,0.9420133504146719,0.867494566904688,0.9032195500387897,13971,2134,860
Saimiri_sciureus,Varecia_variegata,same-order,6,1,4,679,380,299,16349,81.55616247312453,0.942262504196039,0.8714684880471903,0.9054838709677419,14035,2070,860
Saimiri_sciureus,Varecia_variegata,same-order,6,1,5,679,388,291,16349,81.6200825149631,0.942305112035422,0.8721515057435579,0.9058721098964884,14046,2059,860
Saimiri_sciureus,Varecia_variegata,same-order,6,1,6,679,391,288,16345,81.76798791119377,0.9423308774279974,0.8736338797814208,0.9066829928465554,14069,2035,861
Aotus_azarai,Homo_sapiens,same-order,1,0,1,111,34,77,16535,74.14461876917733,0.945514950166113,0.808982376350199,0.8719362745098039,12807,3024,738
Aotus_azarai,Homo_sapiens,same-order,1,0,2,111,45,66,16530,74.89723846465583,0.945687134502924,0.8174522936939214,0.8769063919202873,12937,2889,743
Aotus_azarai,Homo_sapiens,same-order,1,0,3,111,46,65,16530,74.92039599374746,0.945703010815551,0.8177050423353974,0.8770586241951881,12941,2885,743
Aotus_azarai,Homo_sapiens,same-order,1,0,4,111,46,65,16530,74.92039599374746,0.945703010815551,0.8177050423353974,0.8770586241951881,12941,2885,743
Saimiri_sciureus,Varecia_variegata,same-order,6,2,1,679,113,566,16434,75.62177517537249,0.9411934483007433,0.8076780185758514,0.869339198240528,13044,3106,815
Saimiri_sciureus,Varecia_variegata,same-order,6,2,2,679,293,386,16392,79.09702878365832,0.9419488597097443,0.8452713178294574,0.8909952606635071,13630,2495,840
Saimiri_sciureus,Varecia_variegata,same-order,6,2,3,679,355,324,16367,80.65752788104089,0.9423820834747201,0.8616281955820303,0.9001977245470163,13886,2230,849
Saimiri_sciureus,Varecia_variegata,same-order,6,2,4,679,381,298,16358,81.62802858636918,0.9427593611595759,0.8719587884806356,0.905977945443993,14049,2063,853
Saimiri_sciureus,Varecia_variegata,same-order,6,2,5,679,401,278,16355,82.13351926093777,0.9429028815368197,0.8775218821776647,0.9090382945885985,14136,1973,856
Saimiri_sciureus,Varecia_variegata,same-order,6,2,6,679,414,265,16334,82.74699075420132,0.9428211753793149,0.8837411501676811,0.9123256932200672,14230,1872,863
Aotus_azarai,Homo_sapiens,same-order,1,1,1,111,33,78,16525,74.04018761943367,0.9450110864745012,0.8079620853080569,0.8711292795094533,12786,3039,744
Aotus_azarai,Homo_sapiens,same-order,1,1,2,111,48,63,16518,75.11582117211026,0.9453392609868085,0.8199633352297869,0.8781990521327014,12971,2848,750
Aotus_azarai,Homo_sapiens,same-order,1,1,3,111,50,61,16514,75.26065801668211,0.9454267627155643,0.82135406789304,0.8790338948650294,12993,2826,750
Aotus_azarai,Homo_sapiens,same-order,1,1,4,111,51,60,16513,75.31858202038924,0.9453977024865494,0.8220381843469465,0.8794129582037064,13003,2815,751
Aotus_azarai,Homo_sapiens,same-order,1,1,5,111,51,60,16513,75.31858202038924,0.9453977024865494,0.8220381843469465,0.8794129582037064,13003,2815,751
Saimiri_sciureus,Varecia_variegata,same-order,7,0,1,792,121,671,16414,75.91948021812276,0.9407663000503199,0.8107923920451026,0.8709570078530547,13087,3054,824
Saimiri_sciureus,Varecia_variegata,same-order,7,0,2,792,295,497,16370,79.67007434944237,0.9419035846724351,0.8509212730318257,0.8941038427691405,13716,2403,846
Saimiri_sciureus,Varecia_variegata,same-order,7,0,3,792,385,407,16357,81.26524921575462,0.9422740132022094,0.8684504593990564,0.9038573366931577,13989,2119,857
Saimiri_sciureus,Varecia_variegata,same-order,7,0,4,792,426,366,16350,82.14244219821076,0.942415355905092,0.878206322588659,0.9091785886513422,14140,1961,864
Saimiri_sciureus,Varecia_variegata,same-order,7,0,5,792,456,336,16335,82.72975643783062,0.9425165562913908,0.8841399018450643,0.912395422636792,14232,1865,868
Saimiri_sciureus,Varecia_variegata,same-order,7,0,6,792,467,325,16331,82.93604651162791,0.9425796220430818,0.8862450298210736,0.9135446685878962,14265,1831,869
Saimiri_sciureus,Varecia_variegata,same-order,7,1,1,792,129,663,16428,75.8478752391443,0.940952243958573,0.8103939544103073,0.8708067092651758,13083,3061,821
Saimiri_sciureus,Varecia_variegata,same-order,7,1,2,792,341,451,16375,79.95936139332366,0.9418723928058538,0.8546695625193919,0.8961545969158696,13773,2342,850
Saimiri_sciureus,Varecia_variegata,same-order,7,1,3,792,422,370,16353,81.81606924998547,0.9424479689486717,0.8744489289040671,0.9071759855707293,14083,2022,860
Saimiri_sciureus,Varecia_variegata,same-order,7,1,4,792,462,330,16342,82.6069270106927,0.942576752204761,0.8829740977700479,0.9118024374599102,14215,1884,866
Saimiri_sciureus,Varecia_variegata,same-order,7,1,5,792,480,312,16331,83.1880013951866,0.9426256504841578,0.8891512364856469,0.9151079136690646,14310,1784,871
Saimiri_sciureus,Varecia_variegata,same-order,7,1,6,792,495,297,16325,83.42637822749477,0.9427613852927647,0.8913880949422145,0.9163552745041679,14346,1748,871
Aotus_azarai,Homo_sapiens,same-order,1,2,1,111,31,80,16535,73.9480233836893,0.9451102234058293,0.8072281544196626,0.8707445902197989,12776,3051,742
Aotus_azarai,Homo_sapiens,same-order,1,2,2,111,39,72,16530,74.75396549727915,0.9455224427033756,0.8159873617693523,0.8759921307916695,12913,2912,744
Aotus_azarai,Homo_sapiens,same-order,1,2,3,111,42,69,16526,74.93341053850608,0.9456339057362075,0.8177567140600316,0.8770586241951882,12941,2884,744
Aotus_azarai,Homo_sapiens,same-order,1,2,4,111,44,67,16525,75.11291256514187,0.9456878326164613,0.8197674418604651,0.8782370265055347,12972,2852,745
Aotus_azarai,Homo_sapiens,same-order,1,2,5,111,44,67,16525,75.11291256514187,0.9456878326164613,0.8197674418604651,0.8782370265055347,12972,2852,745
Saimiri_sciureus,Varecia_variegata,same-order,7,2,1,792,132,660,16433,75.19132653061224,0.9408734764944864,0.8030340557275542,0.8665063138905592,12969,3181,815
Saimiri_sciureus,Varecia_variegata,same-order,7,2,2,792,296,496,16377,78.83855981416957,0.9415354740273251,0.8420791465078774,0.8890344127566223,13576,2546,843
Saimiri_sciureus,Varecia_variegata,same-order,7,2,3,792,390,402,16360,81.42682855980945,0.9426323222812563,0.8699106256206555,0.9048126270940254,14016,2096,853
Saimiri_sciureus,Varecia_variegata,same-order,7,2,4,792,441,351,16347,82.6086956521739,0.9431282765943327,0.882294512043705,0.9116977258876736,14212,1896,857
Saimiri_sciureus,Varecia_variegata,same-order,7,2,5,792,469,323,16339,83.15599744171173,0.9432792507584752,0.8880471903135673,0.9148303322992293,14302,1803,860
Saimiri_sciureus,Varecia_variegata,same-order,7,2,6,792,484,308,16332,83.69388229820889,0.9433665443104352,0.8938575243773679,0.91794495646905,14392,1709,864
Aotus_azarai,Homo_sapiens,same-order,2,1,1,221,65,156,16522,75.4878684347675,0.9458028005514039,0.8239160662368854,0.8806620503293362,13036,2786,747
Aotus_azarai,Homo_sapiens,same-order,2,1,2,221,90,131,16504,76.78892172200011,0.9461022272986864,0.8380548880738586,0.8888069210649856,13253,2561,755
Aotus_azarai,Homo_sapiens,same-order,2,1,3,221,96,125,16500,77.03274413213562,0.9462518687264184,0.840521057291008,0.8902581963095677,13292,2522,755
Aotus_azarai,Homo_sapiens,same-order,2,1,4,221,97,124,16499,77.09782104775151,0.9461631462911599,0.8413862888945105,0.8907039801827737,13304,2508,757
Aotus_azarai,Homo_sapiens,same-order,2,1,5,221,97,124,16499,77.09782104775151,0.9461631462911599,0.8413862888945105,0.8907039801827737,13304,2508,757
Aotus_azarai,Homo_sapiens,same-order,2,0,1,221,62,159,16517,75.32730853898737,0.9458102996799534,0.8217264914054601,0.8794129582037062,13003,2821,745
Aotus_azarai,Homo_sapiens,same-order,2,0,2,221,94,127,16500,76.98237885462555,0.9464120287892824,0.8396661819561232,0.8898492462311558,13281,2536,752
Aotus_azarai,Homo_sapiens,same-order,2,0,3,221,102,119,16496,77.51623376623377,0.9467497521597508,0.8452930391351078,0.8931494037877017,13370,2447,752
Aotus_azarai,Homo_sapiens,same-order,2,0,4,221,110,111,16496,77.83511131725417,0.9469563377301262,0.8487703104254916,0.8951790358071614,13425,2392,752
Aotus_azarai,Homo_sapiens,same-order,2,0,5,221,112,109,16496,78.00324675324676,0.9470646205828523,0.8506037807422394,0.8962462112380509,13454,2363,752
Aotus_azarai,Homo_sapiens,same-order,2,0,6,221,113,108,16495,78.1179335536615,0.9471353251318102,0.851805019915281,0.8969442780107848,13473,2344,752
Saimiri_sciureus,Varecia_variegata,same-order,8,0,1,905,148,757,16426,75.79868962718155,0.9409097452137614,0.8097745292368682,0.8704307876689528,13073,3071,821
Saimiri_sciureus,Varecia_variegata,same-order,8,0,2,905,341,564,16369,79.78154775737858,0.9421612349914237,0.851755365339288,0.8946802619148451,13732,2390,843
Saimiri_sciureus,Varecia_variegata,same-order,8,0,3,905,467,438,16355,81.84565318456532,0.9428934859744259,0.8741310824230387,0.9072111823247125,14084,2028,853
Saimiri_sciureus,Varecia_variegata,same-order,8,0,4,905,505,400,16348,82.46439988375472,0.9430375540046527,0.8808045691581823,0.9108593072898277,14188,1920,857
Saimiri_sciureus,Varecia_variegata,same-order,8,0,5,905,537,368,16342,83.19767441860465,0.9434335443037974,0.8884336002980071,0.9151079136690646,14310,1797,858
Saimiri_sciureus,Varecia_variegata,same-order,8,0,6,905,548,357,16334,83.47097824822613,0.9434656849855377,0.8911518162061471,0.9165628891656289,14352,1753,860
Saimiri_sciureus,Varecia_variegata,same-order,8,1,1,905,149,756,16431,75.32030842367674,0.9407675597393194,0.8046076670588964,0.8673765730880929,12992,3155,818
Saimiri_sciureus,Varecia_variegata,same-order,8,1,2,905,340,565,16379,78.88166298919987,0.9415719434433046,0.8426373899019973,0.8893617021276595,13585,2537,843
Saimiri_sciureus,Varecia_variegata,same-order,8,1,3,905,430,475,16355,80.53570391028993,0.9418359720051641,0.8604506797442424,0.8993057808343605,13861,2248,856
Saimiri_sciureus,Varecia_variegata,same-order,8,1,4,905,468,437,16348,81.32046960362665,0.9422222222222222,0.8686906314024958,0.9039635623606938,13992,2115,858
Saimiri_sciureus,Varecia_variegata,same-order,8,1,5,905,502,403,16348,81.85516680227828,0.9425779681434882,0.8744024337244676,0.9072111823247124,14084,2023,858
Saimiri_sciureus,Varecia_variegata,same-order,8,1,6,905,519,386,16340,82.20348837209302,0.9426628441896127,0.8779261099037566,0.9091435185185186,14139,1966,860
Aotus_azarai,Homo_sapiens,same-order,2,2,1,221,58,163,16525,74.7914735866543,0.9458647718115889,0.8156664560960202,0.8759540042739392,12912,2918,739
Aotus_azarai,Homo_sapiens,same-order,2,2,2,221,82,139,16506,76.79823798759637,0.9466314210187897,0.8374415371002402,0.8886951272678493,13250,2572,747
Aotus_azarai,Homo_sapiens,same-order,2,2,3,221,99,122,16494,77.60320037105751,0.9466723247754438,0.8463484034144799,0.8937036789744275,13385,2430,754
Aotus_azarai,Homo_sapiens,same-order,2,2,4,221,102,119,16492,77.81063373340291,0.9467372134038801,0.8486151511319084,0.8949948314381939,13420,2394,755
Aotus_azarai,Homo_sapiens,same-order,2,2,5,221,104,117,16489,78.00776946715371,0.9466647903180411,0.8509265701094175,0.8962462112380508,13454,2357,758
Aotus_azarai,Homo_sapiens,same-order,2,2,6,221,104,117,16489,78.00776946715371,0.9466647903180411,0.8509265701094175,0.8962462112380508,13454,2357,758
Saimiri_sciureus,Varecia_variegata,same-order,8,2,1,905,148,757,16426,75.88985507246377,0.9407833273445921,0.8110402081655411,0.8711072664359861,13091,3050,824
Saimiri_sciureus,Varecia_variegata,same-order,8,2,2,905,391,514,16372,80.12891237442658,0.9420398689240852,0.8562298337056341,0.8970875048758289,13799,2317,849
Saimiri_sciureus,Varecia_variegata,same-order,8,2,3,905,488,417,16353,82.36250653348046,0.9424508240297714,0.880924281011243,0.9106495007544868,14182,1917,866
Saimiri_sciureus,Varecia_variegata,same-order,8,2,4,905,533,372,16345,83.1668215613383,0.942655869379156,0.8896483161426618,0.9153853530671611,14318,1776,871
Saimiri_sciureus,Varecia_variegata,same-order,8,2,5,905,563,342,16329,84.03371113048533,0.942872049041346,0.8986263907017217,0.9202176749514686,14458,1631,876
Saimiri_sciureus,Varecia_variegata,same-order,8,2,6,905,584,321,16321,84.44677016105588,0.9429944163095701,0.9028408031329646,0.9224808663342754,14524,1563,878
Aotus_azarai,Homo_sapiens,same-order,3,1,1,332,92,240,16515,76.96362372567192,0.9466372185807922,0.8398862199747156,0.890072347266881,13287,2533,749
Aotus_azarai,Homo_sapiens,same-order,3,1,2,332,176,156,16487,80.28985507246377,0.9477862177513173,0.8762495254966468,0.9106150761037509,13850,1956,763
Aotus_azarai,Homo_sapiens,same-order,3,1,3,332,204,128,16477,81.53667729776747,0.9482095893182279,0.8898803873172584,0.9181194906953967,14061,1740,768
Aotus_azarai,Homo_sapiens,same-order,3,1,4,332,221,111,16469,82.22363994896183,0.9482943143812709,0.8975056976449735,0.9222012619527743,14177,1619,773
Aotus_azarai,Homo_sapiens,same-order,3,1,5,332,229,103,16461,82.55496896211638,0.9482873517259762,0.9010321028303678,0.9240559758433715,14230,1563,776
Aotus_azarai,Homo_sapiens,same-order,3,1,6,332,234,98,16460,82.71741022219643,0.9483205853009644,0.9028622087132725,0.925033250072988,14258,1534,777
Aotus_azarai,Homo_sapiens,same-order,3,0,1,332,95,237,16511,76.44537133588229,0.9461532946153295,0.8342394740169428,0.8866789853855199,13196,2622,751
Aotus_azarai,Homo_sapiens,same-order,3,0,2,332,151,181,16484,78.93637998028186,0.9471816283924843,0.860910815939279,0.9019880715705766,13611,2199,759
Aotus_azarai,Homo_sapiens,same-order,3,0,3,332,178,154,16477,80.09976219476829,0.9475778784136133,0.8737741221132553,0.909180684025149,13810,1995,764
Aotus_azarai,Homo_sapiens,same-order,3,0,4,332,190,142,16469,80.86785009861933,0.9477190835542865,0.8822784810126583,0.9138287062833917,13940,1860,769
Aotus_azarai,Homo_sapiens,same-order,3,0,5,332,205,127,16468,81.35042635883752,0.9478877999324096,0.8877073047221167,0.9168110352041317,14024,1774,771
Aotus_azarai,Homo_sapiens,same-order,3,0,6,332,207,125,16468,81.5128487731307,0.9479862376037239,0.8894796809722749,0.9178015087684922,14052,1746,771
Aotus_azarai,Homo_sapiens,same-order,3,2,1,332,98,234,16516,76.52682813767528,0.9468062226682916,0.8344600998294055,0.8870902740462118,13207,2620,742
Aotus_azarai,Homo_sapiens,same-order,3,2,2,332,167,165,16489,79.32054032117804,0.9473757097354937,0.8654563856031374,0.9045651383425342,13682,2127,760
Aotus_azarai,Homo_sapiens,same-order,3,2,3,332,190,142,16471,80.74469319104512,0.9475260328047369,0.8812507912393974,0.9131874979502148,13922,1876,771
Aotus_azarai,Homo_sapiens,same-order,3,2,4,332,200,132,16467,81.25290023201856,0.9477031323997023,0.886806786528235,0.9162442358635575,14008,1788,773
Aotus_azarai,Homo_sapiens,same-order,3,2,5,332,206,126,16465,81.4722431695574,0.9477697550442,0.8892054447610003,0.91755406023388,14045,1750,774
Aotus_azarai,Homo_sapiens,same-order,3,2,6,332,208,124,16465,81.51864957364116,0.9477979361974775,0.8897119341563786,0.9178368493240154,14053,1742,774
Aotus_azarai,Homo_sapiens,same-order,4,0,1,442,129,313,16504,77.99547852298417,0.9474017743979721,0.8503981797497155,0.8962829736211031,13455,2367,747
Aotus_azarai,Homo_sapiens,same-order,4,0,2,442,247,195,16466,81.95846385891635,0.9481879194630872,0.8943470279166931,0.92048082874548,14128,1669,772
Aotus_azarai,Homo_sapiens,same-order,4,0,3,442,292,150,16456,83.08576070558199,0.9484665827647877,0.9067823443733772,0.9271561771561772,14319,1472,778
Aotus_azarai,Homo_sapiens,same-order,4,0,4,442,308,134,16449,83.80825256804596,0.948630361952309,0.9147399759295622,0.9313769751693003,14441,1346,782
Aotus_azarai,Homo_sapiens,same-order,4,0,5,442,318,124,16445,84.18547965875457,0.9486005754642951,0.919090160299056,0.9336122284794851,14506,1277,786
Aotus_azarai,Homo_sapiens,same-order,4,0,6,442,329,113,16444,84.4524403691022,0.9486928743725145,0.9220631098720061,0.935188457954436,14552,1230,787
Aotus_azarai,Homo_sapiens,same-order,4,1,1,442,139,303,16500,77.92787569573284,0.947283106631898,0.849567031161115,0.8957680773075641,13441,2380,748
Aotus_azarai,Homo_sapiens,same-order,4,1,2,442,247,195,16467,81.36242311709411,0.9481371289471905,0.8873560308821669,0.9167402177110916,14022,1780,767
Aotus_azarai,Homo_sapiens,same-order,4,1,3,442,287,155,16451,83.38072303139326,0.9483862451323345,0.9101792614176221,0.9288900381407976,14369,1418,782
Aotus_azarai,Homo_sapiens,same-order,4,1,4,442,317,125,16437,84.16255442670537,0.9484461890742558,0.9186363348330271,0.9333032897701667,14497,1284,788
Aotus_azarai,Homo_sapiens,same-order,4,1,5,442,323,119,16435,84.37735849056604,0.9484468807099974,0.921097661448761,0.9345722277593802,14534,1245,790
Aotus_azarai,Homo_sapiens,same-order,4,1,6,442,324,118,16435,84.37735849056604,0.9484468807099974,0.921097661448761,0.9345722277593802,14534,1245,790
Aotus_azarai,Homo_sapiens,same-order,4,2,1,442,132,310,16514,76.82015638575152,0.9464107321250178,0.8384751548868378,0.8891794046661303,13263,2555,751
Aotus_azarai,Homo_sapiens,same-order,4,2,2,442,235,207,16476,80.03478260869565,0.9469135802469136,0.8740740740740741,0.9090370370370371,13806,1989,774
Aotus_azarai,Homo_sapiens,same-order,4,2,3,442,270,172,16465,81.16227815798631,0.9473969264098572,0.8861448834853091,0.9157477996269999,13994,1798,777
Aotus_azarai,Homo_sapiens,same-order,4,2,4,442,290,152,16454,82.11363240670885,0.9479431863861718,0.8959599797365755,0.9212188293508692,14149,1643,777
Aotus_azarai,Homo_sapiens,same-order,4,2,5,442,300,142,16448,82.55948926291352,0.94789098420737,0.9010578323937417,0.9238812755731637,14225,1562,782
Aotus_azarai,Homo_sapiens,same-order,4,2,6,442,304,138,16448,82.72199651770168,0.9479880279348187,0.9028314435928295,0.9248588670430212,14253,1534,782
Aotus_azarai,Homo_sapiens,same-order,5,0,1,553,161,392,16500,78.19836531215581,0.9472649392598834,0.852825894550512,0.8975681160384578,13490,2328,751
Aotus_azarai,Homo_sapiens,same-order,5,0,2,553,305,248,16472,81.65834977370315,0.9486349848331648,0.8903017650408047,0.918543176032896,14073,1734,762
Aotus_azarai,Homo_sapiens,same-order,5,0,3,553,353,200,16455,82.9113924050633,0.9490229961451548,0.903619794962663,0.9257650414937759,14279,1523,767
Aotus_azarai,Homo_sapiens,same-order,5,0,4,553,370,183,16453,83.74753222622228,0.9493812532912059,0.9128481012658228,0.9307563242127,14423,1377,769
Aotus_azarai,Homo_sapiens,same-order,5,0,5,553,385,168,16447,84.49968058539984,0.9496149327764,0.921060960941951,0.9351200231369903,14550,1247,772
Aotus_azarai,Homo_sapiens,same-order,5,0,6,553,398,155,16445,84.98083401091881,0.9498214865303473,0.9263104583438845,0.9379186564533188,14632,1164,773
Aotus_azarai,Homo_sapiens,same-order,5,1,1,553,140,413,16506,77.6490353977174,0.9466732589348779,0.8475401542936638,0.8943680768717469,13403,2411,755
Aotus_azarai,Homo_sapiens,same-order,5,1,2,553,283,270,16464,81.08939033586636,0.9474718720347024,0.8850829428897049,0.9152153987167735,13979,1815,775
Aotus_azarai,Homo_sapiens,same-order,5,1,3,553,334,219,16438,82.9802054913798,0.9476929196499603,0.905893536121673,0.9263219284603422,14295,1485,789
Aotus_azarai,Homo_sapiens,same-order,5,1,4,553,374,179,16433,84.01556058758636,0.9482306684141546,0.917041637619621,0.9323753986919681,14470,1309,790
Aotus_azarai,Homo_sapiens,same-order,5,1,5,553,394,159,16428,84.8632642396795,0.9484134708974109,0.9265880562951693,0.9373737373737374,14616,1158,795
Aotus_azarai,Homo_sapiens,same-order,5,1,6,553,404,149,16421,85.30436802973978,0.9486467282475293,0.9310257385571193,0.9397536394176932,14686,1088,795
Aotus_azarai,Homo_sapiens,same-order,5,2,1,553,157,396,16513,77.78807716818261,0.9472310405643739,0.8486821313444156,0.895252700360048,13427,2394,748
Aotus_azarai,Homo_sapiens,same-order,5,2,2,553,303,250,16474,81.7907678032939,0.9482318139034557,0.8927147287803026,0.9196361620969583,14104,1695,770
Aotus_azarai,Homo_sapiens,same-order,5,2,3,553,362,191,16452,84.00440937572523,0.9486339513857039,0.9172632245802977,0.9326848750322082,14479,1306,784
Aotus_azarai,Homo_sapiens,same-order,5,2,4,553,412,141,16442,85.1213282247765,0.9492458082475561,0.9289198606271777,0.9389728483606556,14663,1122,784
Aotus_azarai,Homo_sapiens,same-order,5,2,5,553,430,123,16433,85.72507114234276,0.9494436225638386,0.9352467845149844,0.9422917331631024,14761,1022,786
Aotus_azarai,Homo_sapiens,same-order,5,2,6,553,438,115,16433,85.83541436784947,0.9495053321341385,0.9364506114173478,0.9429327889246866,14780,1003,786
Aotus_azarai,Gorilla_gorilla,same-order,1,0,1,110,40,70,16529,78.46898529939047,0.984628074385123,0.8126121665944674,0.8903882013900661,13131,3028,205
Aotus_azarai,Gorilla_gorilla,same-order,1,0,2,110,50,60,16523,79.36394069823051,0.9847934129515614,0.8215854941518659,0.8958164642375168,13276,2883,205
Aotus_azarai,Gorilla_gorilla,same-order,1,0,3,110,51,59,16521,79.50741272118603,0.9846746131635449,0.8231726186792102,0.8967098166127293,13300,2857,207
Aotus_azarai,Gorilla_gorilla,same-order,1,0,4,110,51,59,16521,79.50741272118603,0.9846746131635449,0.8231726186792102,0.8967098166127293,13300,2857,207
Aotus_azarai,Homo_sapiens,same-order,6,0,1,663,206,457,16501,78.71464997681966,0.9473427256242154,0.8589224737574301,0.9009684266383656,13583,2231,755
Aotus_azarai,Homo_sapiens,same-order,6,0,2,663,388,275,16467,82.588767695521,0.9487470007997867,0.9009493670886076,0.9242306194000779,14235,1565,769
Aotus_azarai,Homo_sapiens,same-order,6,0,3,663,446,217,16446,84.32783840260042,0.9489222730241672,0.9202508392981568,0.9343666591632634,14528,1259,782
Aotus_azarai,Homo_sapiens,same-order,6,0,4,663,485,178,16425,85.43892243381329,0.9485014502094747,0.9331642358909321,0.9407703372223111,14716,1054,799
Aotus_azarai,Homo_sapiens,same-order,6,0,5,663,505,158,16423,85.80304261990477,0.948703133025167,0.9370323398858592,0.9428316212594908,14777,993,799
Aotus_azarai,Homo_sapiens,same-order,6,0,6,663,513,150,16414,86.29763011152416,0.9487834472188518,0.9422845182977104,0.9455228155030866,14857,910,802
Aotus_azarai,Homo_sapiens,same-order,6,2,1,663,200,463,16503,78.2845552013909,0.9472650771388499,0.8540178289182525,0.8982278817701234,13508,2309,752
Aotus_azarai,Homo_sapiens,same-order,6,2,2,663,387,276,16467,82.71339871177392,0.9490013315579228,0.9019806365879897,0.9248937481750641,14254,1549,766
Aotus_azarai,Homo_sapiens,same-order,6,2,3,663,477,186,16443,84.77617139871103,0.9492880826994343,0.924757742732282,0.9368623676612127,14601,1188,780
Aotus_azarai,Homo_sapiens,same-order,6,2,4,663,515,148,16428,85.93414251698705,0.9492558378239672,0.9378248193687413,0.943505706816298,14797,981,791
Aotus_azarai,Homo_sapiens,same-order,6,2,5,663,535,128,16419,86.5973392203567,0.9494267515923567,0.9449128367670364,0.9471644162033359,14906,869,794
Aotus_azarai,Homo_sapiens,same-order,6,2,6,663,549,114,16417,86.96763697635234,0.9496256820200483,0.9488431061806656,0.9492342328059105,14968,807,794
Aotus_azarai,Homo_sapiens,same-order,6,1,1,663,175,488,16497,78.47411444141689,0.9473684210526315,0.8557880761206297,0.899252615844544,13536,2281,752
Aotus_azarai,Homo_sapiens,same-order,6,1,2,663,379,284,16468,82.13891951488424,0.9487265415549598,0.8956593267527209,0.9214295013670094,14155,1649,765
Aotus_azarai,Homo_sapiens,same-order,6,1,3,663,447,216,16448,84.19249970974109,0.9490871016294745,0.918434551326705,0.9335092687950567,14503,1288,778
Aotus_azarai,Homo_sapiens,same-order,6,1,4,663,478,185,16430,85.23143039665486,0.9489815712900097,0.9300380228136882,0.9394143062890064,14676,1104,789
Aotus_azarai,Homo_sapiens,same-order,6,1,5,663,502,161,16418,86.1017539783947,0.9488,0.940135709303063,0.9444479836911512,14825,944,800
Aotus_azarai,Homo_sapiens,same-order,6,1,6,663,518,145,16411,86.65465953985591,0.9490328327818783,0.9459030948756976,0.947465379240249,14915,853,801
Aotus_azarai,Homo_sapiens,same-order,7,0,1,774,231,543,16500,78.0489218641317,0.9471055778293592,0.8512992350003161,0.8966504628088168,13465,2352,752
Aotus_azarai,Homo_sapiens,same-order,7,0,2,774,423,351,16456,82.08461493819279,0.9480528185535223,0.89552994808155,0.9210432064598052,14144,1650,775
Aotus_azarai,Homo_sapiens,same-order,7,0,3,774,508,266,16435,84.34833091436865,0.9484300541810823,0.9207807845871094,0.9344009261045727,14529,1250,790
Aotus_azarai,Homo_sapiens,same-order,7,0,4,774,563,211,16421,85.39488966318234,0.9484649122807017,0.9324667089410272,0.9403977745091768,14705,1065,799
Aotus_azarai,Homo_sapiens,same-order,7,0,5,774,592,182,16405,86.09286918114721,0.9486424180327869,0.9395573032282616,0.9440780040149127,14814,953,802
Aotus_azarai,Homo_sapiens,same-order,7,0,6,774,607,167,16402,86.52292671587145,0.9487032434843561,0.9444303476275057,0.946561973487618,14888,876,805
Aotus_azarai,Gorilla_gorilla,same-order,1,1,1,110,36,74,16525,78.4006693760459,0.9844652908067543,0.8119081512657053,0.8898989213757547,13118,3039,207
Aotus_azarai,Gorilla_gorilla,same-order,1,1,2,110,48,62,16512,79.20851267336202,0.9839596019604931,0.8205350507802824,0.8948470318092795,13250,2898,216
Aotus_azarai,Gorilla_gorilla,same-order,1,1,3,110,50,60,16512,79.34600669536107,0.9839869523315294,0.8219593757740896,0.8957046934575025,13273,2875,216
Aotus_azarai,Gorilla_gorilla,same-order,1,1,4,110,51,59,16512,79.47752271640364,0.9840130264229147,0.8233217735942532,0.896523820762669,13295,2853,216
Aotus_azarai,Gorilla_gorilla,same-order,1,1,5,110,52,58,16512,79.53730272596843,0.9840248502329709,0.8239410453306911,0.8968957497724898,13305,2843,216
Aotus_azarai,Gorilla_gorilla,same-order,1,1,6,110,52,58,16512,79.53730272596843,0.9840248502329709,0.8239410453306911,0.8968957497724898,13305,2843,216
Aotus_azarai,Homo_sapiens,same-order,7,1,1,774,233,541,16504,78.85161365084883,0.9474380395433027,0.860566586568863,0.9019153025382729,13609,2205,755
Aotus_azarai,Homo_sapiens,same-order,7,1,2,774,457,317,16457,83.13022284122563,0.9486754966887417,0.906989996201089,0.9273645368032627,14325,1469,775
Aotus_azarai,Homo_sapiens,same-order,7,1,3,774,537,237,16436,84.90478402229448,0.9488710096029068,0.9266839870730625,0.937646266790626,14624,1157,788
Aotus_azarai,Homo_sapiens,same-order,7,1,4,774,572,202,16418,86.13079335579044,0.9488163787587972,0.9404527871139577,0.944616070575496,14830,939,800
Aotus_azarai,Homo_sapiens,same-order,7,1,5,774,605,169,16413,86.98455105122547,0.9489925231276137,0.9500761228114691,0.9495340138210867,14977,787,805
Aotus_azarai,Homo_sapiens,same-order,7,1,6,774,628,146,16404,87.4963686014758,0.9491365183411068,0.9553990610328639,0.9522574933603136,15059,703,807
Aotus_azarai,Gorilla_gorilla,same-order,1,2,1,110,31,79,16525,77.80766242304703,0.9844222625529341,0.8056690184428766,0.8861207542032538,13018,3140,206
Aotus_azarai,Gorilla_gorilla,same-order,1,2,2,110,40,70,16518,78.47790996592336,0.9843281343731254,0.8125657691117301,0.8902376996371775,13127,3028,209
Aotus_azarai,Gorilla_gorilla,same-order,1,2,3,110,45,65,16511,78.8353461676432,0.9839564211625998,0.8165211468202366,0.8924534686971236,13186,2963,215
Aotus_azarai,Gorilla_gorilla,same-order,1,2,4,110,46,64,16511,78.95492048308023,0.9839803293346249,0.8177596135983652,0.8932025701724722,13206,2943,215
Aotus_azarai,Gorilla_gorilla,same-order,1,2,5,110,47,63,16511,79.02068635657061,0.9839934484812388,0.818440770326336,0.8936141442141915,13217,2932,215
Aotus_azarai,Gorilla_gorilla,same-order,1,2,6,110,48,62,16511,79.10438837737654,0.9840101145322029,0.819307697071026,0.8941375232302753,13231,2918,215
Aotus_azarai,Gorilla_gorilla,same-order,2,0,1,219,61,158,16514,79.24065769805681,0.9843285799168152,0.8204667863554758,0.8949589762636324,13253,2900,211
Aotus_azarai,Gorilla_gorilla,same-order,2,0,2,219,108,111,16488,81.43805706765568,0.9834573430614751,0.8437558103501704,0.9082660617786377,13614,2521,229
Aotus_azarai,Gorilla_gorilla,same-order,2,0,3,219,124,95,16483,82.33323362249476,0.9834214663427183,0.8530870319861146,0.91362942308969,13762,2370,232
Aotus_azarai,Gorilla_gorilla,same-order,2,0,4,219,130,89,16483,82.51869578223153,0.983458110516934,0.8550086784031738,0.91474616175349,13793,2339,232
Aotus_azarai,Gorilla_gorilla,same-order,2,0,5,219,130,89,16483,82.51869578223153,0.983458110516934,0.8550086784031738,0.91474616175349,13793,2339,232
Aotus_azarai,Homo_sapiens,same-order,7,2,1,774,249,525,16504,79.05319272221578,0.9476279780509829,0.8626620297186216,0.9031510658016683,13643,2172,754
Aotus_azarai,Homo_sapiens,same-order,7,2,2,774,449,325,16469,82.44372244140172,0.9487881418174534,0.899253259081129,0.9233568342051399,14210,1592,767
Aotus_azarai,Homo_sapiens,same-order,7,2,3,774,520,254,16453,83.919452181987,0.9488845144356955,0.9158328055731476,0.9320657428295198,14461,1329,779
Aotus_azarai,Homo_sapiens,same-order,7,2,4,774,546,228,16440,84.67788740568776,0.9486345903771132,0.9246466822992585,0.9364870502904458,14590,1189,790
Aotus_azarai,Homo_sapiens,same-order,7,2,5,774,562,212,16440,85.08415554265815,0.9488673139158577,0.9290829583623804,0.9388709212590862,14660,1119,790
Aotus_azarai,Homo_sapiens,same-order,7,2,6,774,578,196,16424,85.51684088269454,0.9487179487179487,0.9336207443098966,0.9411088033232146,14726,1047,796
Aotus_azarai,Homo_sapiens,same-order,8,0,1,884,255,629,16500,78.85830194146624,0.9474307199554379,0.860440116352599,0.9018425238600213,13607,2207,755
Aotus_azarai,Homo_sapiens,same-order,8,0,2,884,496,388,16454,82.43862805408857,0.948137765318382,0.8995060790273556,0.9231819068044453,14205,1587,777
Aotus_azarai,Homo_sapiens,same-order,8,0,3,884,592,292,16436,84.5439238227951,0.9487229606463383,0.9226333797997719,0.935496305814327,14561,1221,787
Aotus_azarai,Homo_sapiens,same-order,8,0,4,884,650,234,16416,86.11417620070851,0.9486277269528501,0.9405048839274388,0.9445488422460745,14828,938,803
Aotus_azarai,Homo_sapiens,same-order,8,0,5,884,691,193,16410,86.79212406342569,0.9487619047619048,0.9480395888846593,0.9484006092916986,14943,819,807
Aotus_azarai,Homo_sapiens,same-order,8,0,6,884,708,176,16397,87.24937525425699,0.9488086962017317,0.9526619709372423,0.9507314292951681,15013,746,810
Aotus_azarai,Gorilla_gorilla,same-order,2,1,1,219,61,158,16507,79.21029015854023,0.9845330160618679,0.8195097796484279,0.894473719767599,13240,2916,208
Aotus_azarai,Gorilla_gorilla,same-order,2,1,2,219,96,123,16488,81.00053856741069,0.9837924267752017,0.8386097515643393,0.905418060200669,13536,2605,223
Aotus_azarai,Gorilla_gorilla,same-order,2,1,3,219,113,106,16471,82.0941091954023,0.9832927004158899,0.8501022875209224,0.9118595604614822,13713,2418,233
Aotus_azarai,Gorilla_gorilla,same-order,2,1,4,219,117,102,16467,82.23672394180686,0.983109075293444,0.8516865079365079,0.9126910299003322,13736,2392,236
Aotus_azarai,Gorilla_gorilla,same-order,2,1,5,219,119,100,16464,82.27863258097348,0.9829065941925332,0.8522790697674418,0.9129438336599462,13743,2382,239
Aotus_azarai,Gorilla_gorilla,same-order,2,1,6,219,119,100,16464,82.27863258097348,0.9829065941925332,0.8522790697674418,0.9129438336599462,13743,2382,239
Aotus_azarai,Homo_sapiens,same-order,8,1,1,884,235,649,16508,78.51225305602225,0.9473610625655365,0.8568538189175519,0.899837322798048,13552,2264,753
Aotus_azarai,Homo_sapiens,same-order,8,1,2,884,486,398,16457,82.6843846109209,0.9483527454242928,0.9022351674792629,0.9247193198779933,14249,1544,776
Aotus_azarai,Homo_sapiens,same-order,8,1,3,884,586,298,16426,84.94192799070848,0.9485117696647429,0.9272266244057052,0.9377484292858059,14627,1148,794
Aotus_azarai,Homo_sapiens,same-order,8,1,4,884,650,234,16419,86.14821698222791,0.9488868986693961,0.9405833861762841,0.9447168970129292,14833,937,799
Aotus_azarai,Homo_sapiens,same-order,8,1,5,884,686,198,16410,86.59075063908901,0.9489367120845537,0.9452654277922242,0.9470975121532742,14904,863,802
Aotus_azarai,Homo_sapiens,same-order,8,1,6,884,703,181,16402,87.01691172197361,0.9489795918367347,0.9498223801065719,0.9494007989347537,14973,791,805
Aotus_azarai,Gorilla_gorilla,same-order,2,2,1,219,53,166,16523,78.91465455414775,0.984418101841497,0.8173320953265243,0.8931277056277057,13204,2951,209
Aotus_azarai,Gorilla_gorilla,same-order,2,2,2,219,89,130,16505,80.72829466634776,0.9840379008746356,0.8362341282130691,0.9041352754059937,13501,2644,219
Aotus_azarai,Gorilla_gorilla,same-order,2,2,3,219,106,113,16498,81.82796985285322,0.9841726618705036,0.8473736372646185,0.910664358940221,13680,2464,220
Aotus_azarai,Gorilla_gorilla,same-order,2,2,4,219,112,107,16497,82.30649599234359,0.9841928331306774,0.8523818373288732,0.9135572965077678,13760,2383,221
Aotus_azarai,Gorilla_gorilla,same-order,2,2,5,219,117,102,16490,82.66618799736732,0.9841156777548259,0.8559568799950437,0.9155732273028496,13816,2325,223
Aotus_azarai,Gorilla_gorilla,same-order,2,2,6,219,122,97,16489,82.74397175851134,0.9840603429872625,0.856815365551425,0.9160401417547114,13829,2311,224
Aotus_azarai,Homo_sapiens,same-order,8,2,1,884,265,619,16495,79.2231884057971,0.9476457943277166,0.864170987732389,0.9039854473292542,13666,2148,755
Aotus_azarai,Homo_sapiens,same-order,8,2,2,884,519,365,16454,82.98032843962166,0.9483387492539294,0.9056364787840405,0.9264958372477242,14300,1490,779
Aotus_azarai,Homo_sapiens,same-order,8,2,3,884,604,280,16434,84.45153801508997,0.948133185638887,0.9225258352881507,0.9351542416452442,14551,1222,796
Aotus_azarai,Homo_sapiens,same-order,8,2,4,884,644,240,16432,85.14046900394706,0.9485256078634248,0.9299435744626894,0.9391426833562763,14668,1105,796
Aotus_azarai,Homo_sapiens,same-order,8,2,5,884,663,221,16428,85.67945666686016,0.9486470852882576,0.9359543436905516,0.9422579718471703,14760,1010,799
Aotus_azarai,Homo_sapiens,same-order,8,2,6,884,673,211,16426,85.94484760522496,0.9487918989937832,0.9387444514901712,0.9437414337168903,14804,966,799
Aotus_azarai,Gorilla_gorilla,same-order,3,0,1,328,106,222,16512,81.43873706870777,0.9847433116413593,0.8431251160775088,0.9084481206016742,13619,2534,211
Aotus_azarai,Gorilla_gorilla,same-order,3,0,2,328,179,149,16463,84.90035310311808,0.9829545454545454,0.8801340116639782,0.9287070376432078,14186,1932,246
Aotus_azarai,Gorilla_gorilla,same-order,3,0,3,328,208,120,16452,86.3214606405268,0.98275744564847,0.8950406554527962,0.9368503118503119,14420,1691,253
Aotus_azarai,Gorilla_gorilla,same-order,3,0,4,328,234,94,16444,87.08982035928143,0.9827027027027027,0.9029053886267693,0.9411155687847805,14544,1564,256
Aotus_azarai,Gorilla_gorilla,same-order,3,0,5,328,246,82,16433,87.8976694026721,0.9827181994775269,0.9109027691543524,0.9454486869663283,14671,1435,258
Aotus_azarai,Gorilla_gorilla,same-order,3,0,6,328,247,81,16428,88.00407454011625,0.9825394701632325,0.9120660746444762,0.9459920775498374,14687,1416,261
Aotus_azarai,Gorilla_gorilla,same-order,3,2,1,328,118,210,16508,81.15430622009569,0.9846165009796096,0.8400817236255572,0.9066247953763404,13569,2583,212
Aotus_azarai,Gorilla_gorilla,same-order,3,2,2,328,193,135,16469,84.14152298850574,0.983554933519944,0.8714117428234857,0.9240934941977054,14055,2074,235
Aotus_azarai,Gorilla_gorilla,same-order,3,2,3,328,216,112,16451,85.15657745045206,0.9827252625760089,0.8825865706838774,0.9299679591970182,14222,1892,250
Aotus_azarai,Gorilla_gorilla,same-order,3,2,4,328,222,106,16443,85.51583737500748,0.9822558459422284,0.8867502793989818,0.9320629119624095,14282,1824,258
Aotus_azarai,Gorilla_gorilla,same-order,3,2,5,328,223,105,16443,85.51583737500748,0.9822558459422284,0.8867502793989818,0.9320629119624095,14282,1824,258
Aotus_azarai,Gorilla_gorilla,same-order,3,2,6,328,223,105,16443,85.51583737500748,0.9822558459422284,0.8867502793989818,0.9320629119624095,14282,1824,258
Aotus_azarai,Gorilla_gorilla,same-order,3,1,1,328,106,222,16507,80.9415564993719,0.9847172694854814,0.837625355948991,0.9052349891286168,13531,2623,210
Aotus_azarai,Gorilla_gorilla,same-order,3,1,2,328,186,142,16458,84.37406453930431,0.9829125401032222,0.8743098207084806,0.9254358603933414,14093,2026,245
Aotus_azarai,Gorilla_gorilla,same-order,3,1,3,328,224,104,16447,85.44137022397892,0.9827111172337788,0.8854341215167877,0.9315399431948026,14267,1846,251
Aotus_azarai,Gorilla_gorilla,same-order,3,1,4,328,231,97,16439,86.09513539420081,0.9826996717724289,0.891999255167277,0.9351553603383764,14371,1740,253
Aotus_azarai,Gorilla_gorilla,same-order,3,1,5,328,237,91,16435,86.33912522468545,0.9826116604159564,0.8945310075113291,0.9365048417495289,14410,1699,255
Aotus_azarai,Gorilla_gorilla,same-order,3,1,6,328,239,89,16432,86.41701617735171,0.9824262652407875,0.895504780827021,0.9369539091174848,14423,1683,258
Aotus_azarai,Gorilla_gorilla,same-order,4,0,1,437,122,315,16511,81.140875388663,0.9845461800769063,0.8401956535199059,0.9066613215741298,13570,2581,213
Aotus_azarai,Gorilla_gorilla,same-order,4,0,2,437,195,242,16467,84.06873016823324,0.9834710743801653,0.8706597222222222,0.9236334933894625,14042,2086,236
Aotus_azarai,Gorilla_gorilla,same-order,4,0,3,437,248,189,16447,85.92392932015574,0.9830055506064551,0.8901092082402581,0.9342538018170569,14345,1771,248
Aotus_azarai,Gorilla_gorilla,same-order,4,0,4,437,269,168,16442,86.80884202959324,0.9829738163071496,0.8993359399242847,0.9392967104197051,14491,1622,251
Aotus_azarai,Gorilla_gorilla,same-order,4,0,5,437,282,155,16434,87.17871907015757,0.9826445164775797,0.9033960389892594,0.9413553291282548,14551,1556,257
Aotus_azarai,Gorilla_gorilla,same-order,4,0,6,437,287,150,16429,87.41011505273251,0.9825542233598276,0.9057435579012729,0.9425866692513973,14587,1518,259
Aotus_azarai,Gorilla_gorilla,same-order,4,1,1,437,132,305,16505,81.19504755069083,0.9844803829139169,0.8405572755417957,0.9068439159624571,13575,2575,214
Aotus_azarai,Gorilla_gorilla,same-order,4,1,2,437,222,215,16468,84.75956644110425,0.983941605839416,0.877332176284634,0.9275837210826396,14154,1979,231
Aotus_azarai,Gorilla_gorilla,same-order,4,1,3,437,272,165,16449,86.65068903535051,0.9836087873223152,0.8969794703219004,0.9382988386427041,14462,1661,241
Aotus_azarai,Gorilla_gorilla,same-order,4,1,4,437,292,145,16442,87.24156529034578,0.9834493008174019,0.9031577641292884,0.9415949809197334,14558,1561,245
Aotus_azarai,Gorilla_gorilla,same-order,4,1,5,437,304,133,16437,87.6768161112443,0.9833949579831933,0.9076130793572005,0.9439855446566857,14628,1489,247
Aotus_azarai,Gorilla_gorilla,same-order,4,1,6,437,307,130,16436,87.84990709105077,0.9834261558075555,0.9093503753800335,0.9449387491940683,14656,1461,247
Aotus_azarai,Gorilla_gorilla,same-order,4,2,1,437,146,291,16494,81.36932192231731,0.9844326985736007,0.8419097157718745,0.9076101468624833,13596,2553,215
Aotus_azarai,Gorilla_gorilla,same-order,4,2,2,437,243,194,16465,84.22848931201725,0.9834999650422989,0.8722098214285714,0.9245177614932141,14067,2061,236
Aotus_azarai,Gorilla_gorilla,same-order,4,2,3,437,281,156,16447,86.01725377426312,0.9832226254879134,0.890750046528941,0.934704771824751,14358,1761,245
Aotus_azarai,Gorilla_gorilla,same-order,4,2,4,437,290,147,16443,86.5188735769922,0.9831824062095731,0.8959483774896072,0.9375405791455655,14440,1677,247
Aotus_azarai,Gorilla_gorilla,same-order,4,2,5,437,297,140,16441,86.91275167785236,0.9832553725171175,0.8999193398275114,0.9397434236102112,14504,1613,247
Aotus_azarai,Gorilla_gorilla,same-order,4,2,6,437,302,135,16437,87.10450623202301,0.9830256306214918,0.902128715943648,0.9408414239482201,14536,1577,251
Aotus_azarai,Gorilla_gorilla,same-order,5,1,1,546,166,380,16504,81.25747786551807,0.9846321130844509,0.840948489351164,0.9071359401609511,13583,2569,212
Aotus_azarai,Gorilla_gorilla,same-order,5,1,2,546,298,248,16457,85.13262678881505,0.9831281980362329,0.8820099255583127,0.9298280034006932,14218,1902,244
Aotus_azarai,Gorilla_gorilla,same-order,5,1,3,546,352,194,16433,86.90832834032355,0.98259043490042,0.9005401378282735,0.939777770578898,14505,1602,257
Aotus_azarai,Gorilla_gorilla,same-order,5,1,4,546,376,170,16427,87.83557046979865,0.9825055298612507,0.9102651679811216,0.9450067693894655,14658,1445,261
Aotus_azarai,Gorilla_gorilla,same-order,5,1,5,546,395,151,16416,88.58855259214863,0.9821262458471761,0.9183597390493943,0.9491732220260074,14781,1314,269
Aotus_azarai,Gorilla_gorilla,same-order,5,1,6,546,407,139,16409,89.12066175148355,0.981904636111478,0.9240522063393412,0.9521004098360657,14868,1222,274
Aotus_azarai,Gorilla_gorilla,same-order,5,2,1,546,160,386,16499,82.31915275534016,0.9846836530203263,0.8518885448916409,0.9134851603479185,13758,2392,214
Aotus_azarai,Gorilla_gorilla,same-order,5,2,2,546,280,266,16442,85.99928109273904,0.9828825744608011,0.8908402631252327,0.9346007357010319,14355,1759,250
Aotus_azarai,Gorilla_gorilla,same-order,5,2,3,546,341,205,16425,87.46104051786142,0.9825600969631675,0.9060540204905309,0.9427574622044191,14592,1513,259
Aotus_azarai,Gorilla_gorilla,same-order,5,2,4,546,369,177,16422,88.47260520321305,0.9826885944470337,0.9164803775459514,0.9484304212318864,14759,1345,260
Aotus_azarai,Gorilla_gorilla,same-order,5,2,5,546,381,165,16419,88.77832394197338,0.9825515822994759,0.9198186448046706,0.9501507666645281,14810,1291,263
Aotus_azarai,Gorilla_gorilla,same-order,5,2,6,546,385,161,16414,88.92219158374296,0.9822540060919084,0.9215954274353877,0.9509583947688955,14834,1262,268
Aotus_azarai,Saimiri_boliviensis,same-order,1,0,1,110,85,25,16504,90.38785834738617,0.9933809902038655,0.9167430211960174,0.9535245719368467,15008,1363,100
Aotus_azarai,Saimiri_boliviensis,same-order,1,0,2,110,95,15,16502,91.00819079739821,0.9932952080457503,0.9231474127924736,0.9569374960420493,15111,1258,102
Aotus_azarai,Saimiri_boliviensis,same-order,1,0,3,110,95,15,16502,91.00819079739821,0.9932952080457503,0.9231474127924736,0.9569374960420493,15111,1258,102
Aotus_azarai,Gorilla_gorilla,same-order,5,0,1,546,177,369,16501,82.11999760722618,0.9845094664371773,0.8501362397820164,0.9124019673002791,13728,2420,216
Aotus_azarai,Gorilla_gorilla,same-order,5,0,2,546,299,247,16449,85.52954559061247,0.9825309491059148,0.8867783985102421,0.9322022838499184,14286,1824,254
Aotus_azarai,Gorilla_gorilla,same-order,5,0,3,546,357,189,16424,87.08575537843831,0.9822237242311592,0.9025526364822061,0.9407042982910409,14532,1569,263
Aotus_azarai,Gorilla_gorilla,same-order,5,0,4,546,389,157,16418,88.13518696069032,0.9819735612231273,0.9138809494221449,0.9467044284243049,14708,1386,270
Aotus_azarai,Gorilla_gorilla,same-order,5,0,5,546,410,136,16407,88.8435945087225,0.9818470915595601,0.9210689869484152,0.9504874294510006,14820,1270,274
Aotus_azarai,Gorilla_gorilla,same-order,5,0,6,546,422,124,16402,89.2253267777911,0.9817905918057663,0.9249751367478867,0.9525364058249319,14881,1207,276
Aotus_azarai,Saimiri_boliviensis,same-order,1,1,1,110,85,25,16512,89.86693961105425,0.9935432337083139,0.9115671186026627,0.9507914768926968,14926,1448,97
Aotus_azarai,Saimiri_boliviensis,same-order,1,1,2,110,95,15,16510,90.79961464354528,0.9935432863354856,0.9210285225676419,0.9559126493613515,15080,1293,98
Aotus_azarai,Saimiri_boliviensis,same-order,1,1,3,110,97,13,16509,91.01035645472062,0.9934928355462075,0.9232225751282678,0.9570695877920599,15115,1257,99
Aotus_azarai,Saimiri_boliviensis,same-order,1,1,4,110,97,13,16509,91.01035645472062,0.9934928355462075,0.9232225751282678,0.9570695877920599,15115,1257,99
Aotus_azarai,Gorilla_gorilla,same-order,6,0,1,655,218,437,16494,82.9034767518401,0.9845782105038732,0.8579921966928842,0.9169369250115824,13854,2293,217
Aotus_azarai,Gorilla_gorilla,same-order,6,0,2,655,371,284,16459,86.40474336707193,0.9837708830548926,0.8946421927322337,0.9370920074047612,14427,1699,238
Aotus_azarai,Gorilla_gorilla,same-order,6,0,3,655,439,216,16418,88.6557141144022,0.982719659710222,0.9181569796323895,0.9493418940609952,14786,1318,260
Aotus_azarai,Gorilla_gorilla,same-order,6,0,4,655,482,173,16413,89.71575917486207,0.9827246452968996,0.9291969442891745,0.9552114924181964,14961,1140,263
Aotus_azarai,Gorilla_gorilla,same-order,6,0,5,655,509,146,16404,90.51103646833013,0.9825498111733298,0.9375,0.9594964074521523,15090,1006,268
Aotus_azarai,Gorilla_gorilla,same-order,6,0,6,655,521,134,16399,90.75473962083034,0.982527929332294,0.9398570984777881,0.9607189355688928,15127,968,269
Aotus_azarai,Gorilla_gorilla,same-order,6,2,1,655,218,437,16493,82.58632038776854,0.9844496754404737,0.8547627895453982,0.9150339797778884,13801,2345,218
Aotus_azarai,Gorilla_gorilla,same-order,6,2,2,655,381,274,16443,86.33477114785526,0.9830150068212824,0.8942600062053987,0.9365393988627132,14411,1704,249
Aotus_azarai,Gorilla_gorilla,same-order,6,2,3,655,455,200,16408,88.47583643122677,0.9820311460135764,0.9168634273642351,0.9483290488431877,14756,1338,270
Aotus_azarai,Gorilla_gorilla,same-order,6,2,4,655,499,156,16393,89.5898296953706,0.9814097089929712,0.9290467010758038,0.9545106056733965,14940,1141,283
Aotus_azarai,Gorilla_gorilla,same-order,6,2,5,655,519,136,16388,90.02638838910879,0.9813035235667125,0.9336360243811419,0.9568764940239044,15011,1067,286
Aotus_azarai,Gorilla_gorilla,same-order,6,2,6,655,526,129,16383,90.271113243762,0.9811591368407327,0.9362363919129082,0.9581715158846373,15050,1025,289
Aotus_azarai,Gorilla_gorilla,same-order,6,1,1,655,196,459,16494,82.75181040157999,0.9846887907705455,0.8562140070592607,0.915968334934252,13827,2322,215
Aotus_azarai,Gorilla_gorilla,same-order,6,1,2,655,381,274,16436,87.14277155353184,0.9827702702702703,0.9029114159786454,0.9411498269112555,14545,1564,255
Aotus_azarai,Gorilla_gorilla,same-order,6,1,3,655,468,187,16404,89.49640287769785,0.9818468823993686,0.9278965688712083,0.9541096765946568,14928,1160,276
Aotus_azarai,Gorilla_gorilla,same-order,6,1,4,655,517,138,16389,90.55845480175155,0.981663307107094,0.9387513990797165,0.9597279171037157,15097,985,282
Aotus_azarai,Gorilla_gorilla,same-order,6,1,5,655,531,124,16382,91.12124302597637,0.9814551563711553,0.9447658145176339,0.9627610686780972,15189,888,287
Aotus_azarai,Gorilla_gorilla,same-order,6,1,6,655,538,117,16376,91.47365894635786,0.9813324750563245,0.9484260296130397,0.9645986902464488,15245,829,290
Aotus_azarai,Saimiri_boliviensis,same-order,1,2,1,110,95,15,16511,90.31266943791795,0.9941640692353604,0.9150338765793811,0.9529591252940055,14991,1392,88
Aotus_azarai,Saimiri_boliviensis,same-order,1,2,2,110,100,10,16509,90.63742619592722,0.9941188131897178,0.9183249908436089,0.9547199746152626,15044,1338,89
Aotus_azarai,Saimiri_boliviensis,same-order,1,2,3,110,101,9,16509,90.7759971080853,0.994127738189496,0.9197289708216335,0.9554822753503711,15067,1315,89
Aotus_azarai,Saimiri_boliviensis,same-order,1,2,4,110,101,9,16509,90.7759971080853,0.994127738189496,0.9197289708216335,0.9554822753503711,15067,1315,89
Aotus_azarai,Gorilla_gorilla,same-order,7,0,1,764,230,534,16502,82.83885632252662,0.9846427301813011,0.8576294277929155,0.9167576870883394,13849,2299,216
Aotus_azarai,Gorilla_gorilla,same-order,7,0,2,764,459,305,16437,87.15338084685872,0.9824466648663246,0.9036264282165921,0.9413895717427869,14552,1552,260
Aotus_azarai,Gorilla_gorilla,same-order,7,0,3,764,567,197,16405,89.57621530899718,0.9817369596636447,0.9290065895810021,0.9546441804011755,14944,1142,278
Aotus_azarai,Gorilla_gorilla,same-order,7,0,4,764,620,144,16389,90.77006117308385,0.9815175097276264,0.9412898812115181,0.9609828883456617,15135,944,285
Aotus_azarai,Gorilla_gorilla,same-order,7,0,5,764,642,122,16379,91.30721698962145,0.9813023855577047,0.9468707229065572,0.9637791286727457,15220,854,290
Aotus_azarai,Gorilla_gorilla,same-order,7,0,6,764,646,118,16378,91.35469162467002,0.9813108203905394,0.9473062087843723,0.964008736665506,15227,847,290
Aotus_azarai,Gorilla_gorilla,same-order,7,1,1,764,239,525,16493,83.2246094918906,0.9847047160458858,0.8611592766906119,0.918797489263297,13906,2242,216
Aotus_azarai,Gorilla_gorilla,same-order,7,1,2,764,445,319,16441,86.84636118598382,0.98278316274656,0.9,0.9395716553802287,14499,1611,254
Aotus_azarai,Gorilla_gorilla,same-order,7,1,3,764,535,229,16403,89.12678421494543,0.9820909331218609,0.9234449760765551,0.9518654923939152,14861,1232,271
Aotus_azarai,Gorilla_gorilla,same-order,7,1,4,764,580,184,16392,90.40849379161418,0.9818252882548368,0.9370220702517874,0.9589006234889935,15072,1013,279
Aotus_azarai,Gorilla_gorilla,same-order,7,1,5,764,598,166,16389,90.92327074209611,0.9818605856439492,0.9423029097239493,0.9616751269035533,15156,928,280
Aotus_azarai,Gorilla_gorilla,same-order,7,1,6,764,605,159,16382,91.10764430577223,0.9816395138350142,0.9442786069651742,0.9625966780778498,15184,896,284
Aotus_azarai,Saimiri_boliviensis,same-order,2,0,1,220,174,46,16506,92.83778085657491,0.9938737344425098,0.941133365901319,0.9667848069504125,15412,964,95
Aotus_azarai,Saimiri_boliviensis,same-order,2,0,2,220,203,17,16499,94.01771191035604,0.9936330064943334,0.9532710280373832,0.9730336378090221,15606,765,100
Aotus_azarai,Saimiri_boliviensis,same-order,2,0,3,220,207,13,16499,94.2165190674137,0.9936463561852723,0.9552867876122412,0.974089068825911,15639,732,100
Aotus_azarai,Saimiri_boliviensis,same-order,2,0,4,220,207,13,16499,94.2165190674137,0.9936463561852723,0.9552867876122412,0.974089068825911,15639,732,100
Aotus_azarai,Saimiri_boliviensis,same-order,2,2,1,220,170,50,16491,92.46715680366397,0.9933320385835437,0.9374389051808406,0.9645764576457646,15344,1024,103
Aotus_azarai,Saimiri_boliviensis,same-order,2,2,2,220,206,14,16484,93.88935759913221,0.992989165073295,0.9522645315078541,0.9722005553648873,15580,781,110
Aotus_azarai,Saimiri_boliviensis,same-order,2,2,3,220,211,9,16481,94.16621466883626,0.9928830145516935,0.9551317317684455,0.9736415752741775,15625,734,112
Aotus_azarai,Saimiri_boliviensis,same-order,2,2,4,220,211,9,16481,94.16621466883626,0.9928830145516935,0.9551317317684455,0.9736415752741775,15625,734,112
Aotus_azarai,Saimiri_boliviensis,same-order,2,1,1,220,174,46,16503,92.84552845528455,0.9934274115600232,0.9418412853564665,0.9669468138484697,15417,952,102
Aotus_azarai,Saimiri_boliviensis,same-order,2,1,2,220,202,18,16494,94.18814743435317,0.9930154295510826,0.9558706680520751,0.974089068825911,15639,722,110
Aotus_azarai,Saimiri_boliviensis,same-order,2,1,3,220,204,16,16490,94.41098530474585,0.9927802406586447,0.9583664486152718,0.9752698541076927,15676,681,114
Aotus_azarai,Saimiri_boliviensis,same-order,2,1,4,220,204,16,16490,94.4170079498916,0.992780697865873,0.9584275845203888,0.9753017295010575,15677,680,114
Aotus_azarai,Saimiri_boliviensis,same-order,2,1,5,220,204,16,16490,94.4170079498916,0.992780697865873,0.9584275845203888,0.9753017295010575,15677,680,114
Aotus_azarai,Gorilla_gorilla,same-order,7,2,1,764,240,524,16489,82.50643365850739,0.9842924460945309,0.8539395441030724,0.9144941956882254,13786,2358,220
Aotus_azarai,Gorilla_gorilla,same-order,7,2,2,764,438,326,16435,86.54721955896453,0.9827844311377245,0.8964682515051828,0.9376440419385205,14443,1668,253
Aotus_azarai,Gorilla_gorilla,same-order,7,2,3,764,531,233,16418,88.90220517737296,0.9821263074275123,0.9218342239343855,0.9510256410256411,14836,1258,270
Aotus_azarai,Gorilla_gorilla,same-order,7,2,4,764,582,182,16402,89.91067681793658,0.9817372520782877,0.9324215107242773,0.956444104330081,14998,1087,279
Aotus_azarai,Gorilla_gorilla,same-order,7,2,5,764,612,152,16385,90.63043608661748,0.9814225397856446,0.939731309864411,0.9601245512026182,15109,969,286
Aotus_azarai,Gorilla_gorilla,same-order,7,2,6,764,621,143,16381,91.01325814385986,0.9813700756840675,0.943704901716845,0.9621690185508165,15171,905,288
Aotus_azarai,Gorilla_gorilla,same-order,8,1,1,873,270,603,16488,82.99718714465259,0.9843140038327773,0.8590720436102335,0.9174384757872454,13868,2275,221
Aotus_azarai,Gorilla_gorilla,same-order,8,1,2,873,507,366,16444,86.44697423606951,0.9832356548998228,0.8951482814244943,0.9371265263704858,14428,1690,246
Aotus_azarai,Gorilla_gorilla,same-order,8,1,3,873,576,297,16417,88.35870998681213,0.9823392202599134,0.9155848189328529,0.9477880658436214,14740,1359,265
Aotus_azarai,Gorilla_gorilla,same-order,8,1,4,873,642,231,16410,89.75419664268586,0.9822846269929795,0.9302224431465143,0.95554491782352,14971,1123,270
Aotus_azarai,Gorilla_gorilla,same-order,8,1,5,873,679,194,16395,90.5878824235153,0.9821149843912591,0.9385915843122631,0.9598601620848562,15101,988,275
Aotus_azarai,Gorilla_gorilla,same-order,8,1,6,873,702,171,16383,91.21353979114151,0.9819732506299671,0.9448554553932235,0.963056840504404,15198,887,279
Aotus_azarai,Gorilla_gorilla,same-order,8,0,1,873,273,600,16493,83.22561340514662,0.9846360804304729,0.8612745401622592,0.9188332066994813,13907,2240,217
Aotus_azarai,Gorilla_gorilla,same-order,8,0,2,873,517,356,16446,87.00053914814593,0.9832769126607989,0.9010982192715766,0.9403956357043416,14523,1594,247
Aotus_azarai,Gorilla_gorilla,same-order,8,0,3,873,614,259,16416,88.85357956589519,0.9826271467409323,0.9203204570860762,0.9504537728890742,14819,1283,262
Aotus_azarai,Gorilla_gorilla,same-order,8,0,4,873,664,209,16409,89.74512743628186,0.9825356181471998,0.9296185861597714,0.9553448881228256,14965,1133,266
Aotus_azarai,Gorilla_gorilla,same-order,8,0,5,873,689,184,16402,90.20513435700576,0.982363315696649,0.934447620231142,0.9578065789892685,15039,1055,270
Aotus_azarai,Gorilla_gorilla,same-order,8,0,6,873,697,176,16400,90.35508637236084,0.98226395409494,0.9361173253790703,0.9586356115565738,15064,1028,272
Aotus_azarai,Saimiri_boliviensis,same-order,3,1,1,330,250,80,16494,94.30086149768059,0.9933367178575961,0.9564340706342417,0.9745361723322127,15653,713,105
Aotus_azarai,Saimiri_boliviensis,same-order,3,1,2,330,303,27,16481,95.7821161725717,0.9928174380113672,0.9718757642455368,0.982234992430562,15896,460,115
Aotus_azarai,Saimiri_boliviensis,same-order,3,1,3,330,305,25,16481,95.7821161725717,0.9928174380113672,0.9718757642455368,0.982234992430562,15896,460,115
Aotus_azarai,Saimiri_boliviensis,same-order,3,1,4,330,305,25,16481,95.7821161725717,0.9928174380113672,0.9718757642455368,0.982234992430562,15896,460,115
Aotus_azarai,Saimiri_boliviensis,same-order,3,2,1,330,258,72,16486,94.10027720862962,0.9931310818546079,0.9542871111654342,0.9733216979367948,15615,748,108
Aotus_azarai,Saimiri_boliviensis,same-order,3,2,2,330,300,30,16474,95.40687160940325,0.9927245358755645,0.9677774380923265,0.9800922629183567,15828,527,116
Aotus_azarai,Saimiri_boliviensis,same-order,3,2,3,330,307,23,16469,95.66003616636527,0.992433243699581,0.9706422018348624,0.9814167774651371,15870,480,121
Aotus_azarai,Saimiri_boliviensis,same-order,3,2,4,330,307,23,16469,95.66003616636527,0.992433243699581,0.9706422018348624,0.9814167774651371,15870,480,121
Aotus_azarai,Saimiri_boliviensis,same-order,4,0,1,440,353,87,16488,95.14282270700254,0.993330816660375,0.9647418270699664,0.9788276139991939,15788,577,106
Aotus_azarai,Saimiri_boliviensis,same-order,4,0,2,440,414,26,16469,96.90174804098855,0.9925294807680435,0.9832415902140673,0.9878637047961409,16076,274,121
Aotus_azarai,Saimiri_boliviensis,same-order,4,0,3,440,423,17,16468,97.166968053044,0.9924886097771211,0.9859930270964585,0.9892301555644196,16120,229,122
Aotus_azarai,Saimiri_boliviensis,same-order,4,0,4,440,423,17,16468,97.166968053044,0.9924886097771211,0.9859930270964585,0.9892301555644196,16120,229,122
Aotus_azarai,Saimiri_boliviensis,same-order,3,0,1,330,252,78,16493,94.11339398686509,0.9933859068939201,0.9543593816826541,0.9734816615250381,15620,747,104
Aotus_azarai,Saimiri_boliviensis,same-order,3,0,2,330,298,32,16483,95.43263436972765,0.992915804651746,0.9682112727717325,0.9804079358692624,15838,520,113
Aotus_azarai,Saimiri_boliviensis,same-order,3,0,3,330,305,25,16482,95.7457065381139,0.9929383827021623,0.9713290133268125,0.9820148331273176,15889,469,113
Aotus_azarai,Saimiri_boliviensis,same-order,3,0,4,330,307,23,16481,95.94456161494426,0.9928909952606635,0.9734058812740722,0.9830518939277004,15922,435,114
Aotus_azarai,Saimiri_boliviensis,same-order,3,0,5,330,307,23,16481,95.94456161494426,0.9928909952606635,0.9734058812740722,0.9830518939277004,15922,435,114
Aotus_azarai,Gorilla_gorilla,same-order,8,2,1,873,273,600,16495,83.37421477714628,0.9844588866911557,0.8632309217046581,0.9198679867986799,13936,2208,220
Aotus_azarai,Gorilla_gorilla,same-order,8,2,2,873,551,322,16439,87.38166566806471,0.9830805527468823,0.9051076770309688,0.9424841669897894,14584,1529,251
Aotus_azarai,Gorilla_gorilla,same-order,8,2,3,873,637,236,16411,89.53174650758439,0.9823695809486218,0.9277460238568589,0.9542767677413171,14933,1163,268
Aotus_azarai,Gorilla_gorilla,same-order,8,2,4,873,695,178,16397,90.68442205026693,0.9821985446985447,0.9395898073337476,0.9604218283463566,15118,972,274
Aotus_azarai,Gorilla_gorilla,same-order,8,2,5,873,713,160,16395,90.88237058364825,0.9821092889090556,0.9417578319244158,0.9615103918768841,15151,937,276
Aotus_azarai,Gorilla_gorilla,same-order,8,2,6,873,719,154,16387,91.09617807643848,0.9818922589406971,0.9439815966177568,0.9625637937046312,15183,901,280
Aotus_azarai,Saimiri_boliviensis,same-order,4,2,1,440,341,99,16486,95.45564127290261,0.9933517310587054,0.9677971280171097,0.9804079358692624,15838,527,106
Aotus_azarai,Saimiri_boliviensis,same-order,4,2,2,440,420,20,16468,97.26308174584037,0.9926172019195275,0.9867286404501254,0.989664161938353,16134,217,120
Aotus_azarai,Saimiri_boliviensis,same-order,4,2,3,440,428,12,16468,97.28719556305764,0.9926190183294378,0.9869732738058834,0.9897880953111104,16138,213,120
Aotus_azarai,Saimiri_boliviensis,same-order,4,2,4,440,428,12,16468,97.28719556305764,0.9926190183294378,0.9869732738058834,0.9897880953111104,16138,213,120
Aotus_azarai,Saimiri_boliviensis,same-order,5,0,1,550,432,118,16479,95.42523054668193,0.9929754139488208,0.9677853169509139,0.980218555552116,15832,527,112
Aotus_azarai,Saimiri_boliviensis,same-order,5,0,2,550,515,35,16470,97.09428502531951,0.9927268244575936,0.9848957377851159,0.9887957761610952,16106,247,118
Aotus_azarai,Saimiri_boliviensis,same-order,5,0,3,550,527,23,16467,97.24499638292741,0.9925547624907703,0.986605504587156,0.9895711919514141,16131,219,121
Aotus_azarai,Saimiri_boliviensis,same-order,5,0,4,550,527,23,16467,97.24499638292741,0.9925547624907703,0.986605504587156,0.9895711919514141,16131,219,121
Aotus_azarai,Saimiri_boliviensis,same-order,5,1,1,550,432,118,16481,95.81098185763366,0.9931275771585656,0.9715787543548683,0.982234992430562,15896,465,110
Aotus_azarai,Saimiri_boliviensis,same-order,5,1,2,550,516,34,16465,97.37762237762237,0.9924428606537232,0.9880719354049425,0.9902525747915645,16153,195,123
Aotus_azarai,Saimiri_boliviensis,same-order,5,1,3,550,524,26,16465,97.43790692066554,0.9924475009210365,0.9886836310252018,0.9905619905619906,16163,185,123
Aotus_azarai,Saimiri_boliviensis,same-order,5,1,4,550,524,26,16465,97.43790692066554,0.9924475009210365,0.9886836310252018,0.9905619905619906,16163,185,123
Aotus_azarai,Saimiri_boliviensis,same-order,4,1,1,440,347,93,16494,95.15458325800036,0.9937688821752266,0.9643904226728561,0.9788592684438934,15789,583,99
Aotus_azarai,Saimiri_boliviensis,same-order,4,1,2,440,418,22,16477,96.93225650916104,0.9929003580688974,0.9833088774761556,0.9880813417705965,16083,273,115
Aotus_azarai,Saimiri_boliviensis,same-order,4,1,3,440,423,17,16449,97.27722772277228,0.9929134828691151,0.9851430667644901,0.9890130125214829,16113,243,115
Aotus_azarai,Saimiri_boliviensis,same-order,4,1,4,440,425,15,16448,97.2893021009418,0.9928531821822438,0.9853255885050444,0.9890750629104524,16115,240,116
Aotus_azarai,Saimiri_boliviensis,same-order,4,1,5,440,425,15,16448,97.2893021009418,0.9928531821822438,0.9853255885050444,0.9890750629104524,16115,240,116
Aotus_azarai,Saimiri_boliviensis,same-order,5,2,1,550,429,121,16477,95.61207883792417,0.9928647430681605,0.9697988628721648,0.9811962639945567,15863,494,114
Aotus_azarai,Saimiri_boliviensis,same-order,5,2,2,550,506,44,16464,97.36556546901375,0.9923809523809524,0.9880100324218511,0.9901906688737662,16151,196,124
Aotus_azarai,Saimiri_boliviensis,same-order,5,2,3,550,520,30,16464,97.40173619483964,0.9923837602112893,0.988377072245672,0.990376363859262,16157,190,124
Aotus_azarai,Saimiri_boliviensis,same-order,5,2,4,550,520,30,16464,97.40173619483964,0.9923837602112893,0.988377072245672,0.990376363859262,16157,190,124
Aotus_azarai,Saimiri_boliviensis,same-order,6,1,1,659,521,138,16477,96.13019891500905,0.992964323516593,0.974935811223866,0.9838674851167525,15948,410,113
Aotus_azarai,Saimiri_boliviensis,same-order,6,1,2,659,622,37,16466,97.44408945686901,0.9924484282907662,0.9888059701492538,0.9906238509621277,16165,183,123
Aotus_azarai,Saimiri_boliviensis,same-order,6,1,3,659,633,26,16463,97.54039064383892,0.9923336399877338,0.9898446103022146,0.9910875624023766,16180,166,125
Aotus_azarai,Saimiri_boliviensis,same-order,6,1,4,659,633,26,16463,97.54039064383892,0.9923336399877338,0.9898446103022146,0.9910875624023766,16180,166,125
Aotus_azarai,Saimiri_boliviensis,same-order,6,2,1,659,507,152,16478,95.9915611814346,0.9930161501527717,0.9734702610183996,0.9831460674157303,15925,434,112
Aotus_azarai,Saimiri_boliviensis,same-order,6,2,2,659,620,39,16460,97.56435762946886,0.9922133660331085,0.9901492902594224,0.9911802535677099,16183,161,127
Aotus_azarai,Saimiri_boliviensis,same-order,6,2,3,659,637,22,16460,97.57641526496654,0.9922143207454635,0.9902716593245228,0.9912420382165605,16185,159,127
Aotus_azarai,Saimiri_boliviensis,same-order,6,2,4,659,637,22,16460,97.57641526496654,0.9922143207454635,0.9902716593245228,0.9912420382165605,16185,159,127
Aotus_azarai,Saimiri_sciureus,same-order,1,2,1,110,84,26,16526,89.11224796870297,0.9940248405505203,0.9036313701556301,0.9466751918158568,14806,1579,89
Aotus_azarai,Saimiri_sciureus,same-order,1,2,2,110,97,13,16521,89.78633764670478,0.993738342659206,0.9107448107448107,0.9504332313965341,14918,1462,94
Aotus_azarai,Saimiri_sciureus,same-order,1,2,3,110,97,13,16521,89.78633764670478,0.993738342659206,0.9107448107448107,0.9504332313965341,14918,1462,94
Aotus_azarai,Saimiri_sciureus,same-order,1,0,1,110,86,24,16518,89.48382822381497,0.9943113371703922,0.9065226676429312,0.9483897737065525,14857,1532,85
Aotus_azarai,Saimiri_sciureus,same-order,1,0,2,110,100,10,16512,90.58603866771065,0.9939858568501752,0.9180247817859977,0.9544964142920608,15040,1343,91
Aotus_azarai,Saimiri_sciureus,same-order,1,0,3,110,104,6,16512,90.75468288863459,0.9939969654990435,0.9197338704754929,0.955424513347283,15068,1315,91
Aotus_azarai,Saimiri_sciureus,same-order,1,0,4,110,104,6,16512,90.75468288863459,0.9939969654990435,0.9197338704754929,0.955424513347283,15068,1315,91
Aotus_azarai,Saimiri_boliviensis,same-order,7,1,1,769,601,168,16479,95.76250753465943,0.993061632704088,0.9710880195599022,0.9819519129736077,15887,473,111
Aotus_azarai,Saimiri_boliviensis,same-order,7,1,2,769,735,34,16465,97.4799541809851,0.9925112025044504,0.9889901523028931,0.9907475490196078,16169,180,122
Aotus_azarai,Saimiri_boliviensis,same-order,7,1,3,769,745,24,16465,97.51009826972931,0.992513500245459,0.9892959814055906,0.9909021289630878,16174,175,122
Aotus_azarai,Saimiri_boliviensis,same-order,7,1,4,769,745,24,16465,97.51009826972931,0.992513500245459,0.9892959814055906,0.9909021289630878,16174,175,122
Aotus_azarai,Saimiri_sciureus,same-order,1,1,1,110,91,19,16520,89.83622350674374,0.994136460554371,0.9105333821554986,0.9505000955596611,14920,1466,88
Aotus_azarai,Saimiri_sciureus,same-order,1,1,2,110,100,10,16517,90.79850656389257,0.9941319970989648,0.9202319194385108,0.9557555780933064,15078,1307,89
Aotus_azarai,Saimiri_sciureus,same-order,1,1,3,110,103,7,16517,90.82861616283272,0.9941339309253888,0.9205370765944462,0.9559210317837564,15083,1302,89
Aotus_azarai,Saimiri_sciureus,same-order,1,1,4,110,103,7,16517,90.82861616283272,0.9941339309253888,0.9205370765944462,0.9559210317837564,15083,1302,89
Aotus_azarai,Saimiri_boliviensis,same-order,7,2,1,769,609,160,16480,96.20878789705262,0.9930940085858272,0.9756723716381418,0.9843061079764438,15962,398,111
Aotus_azarai,Saimiri_boliviensis,same-order,7,2,2,769,745,24,16467,97.45011754777262,0.9925098231827112,0.9888066548412747,0.9906547783190858,16166,183,122
Aotus_azarai,Saimiri_boliviensis,same-order,7,2,3,769,751,18,16466,97.46202073788281,0.9925102830130763,0.9888678206618142,0.990685703780869,16167,182,122
Aotus_azarai,Saimiri_boliviensis,same-order,7,2,4,769,751,18,16466,97.46202073788281,0.9925102830130763,0.9888678206618142,0.990685703780869,16167,182,122
Aotus_azarai,Saimiri_sciureus,same-order,2,0,1,220,184,36,16493,93.19715594119064,0.9933847141939628,0.9447804043735875,0.9684731223192763,15467,904,103
Aotus_azarai,Saimiri_sciureus,same-order,2,0,2,220,197,23,16483,93.89538387368928,0.9929263318888606,0.9522092525820448,0.9721416315707377,15581,782,111
Aotus_azarai,Saimiri_sciureus,same-order,2,0,3,220,198,22,16483,94.00988309027359,0.9929348863853351,0.9533704088492331,0.9727505144353683,15600,763,111
Aotus_azarai,Saimiri_sciureus,same-order,2,0,4,220,198,22,16483,94.00988309027359,0.9929348863853351,0.9533704088492331,0.9727505144353683,15600,763,111
Aotus_azarai,Saimiri_sciureus,same-order,2,1,1,220,170,50,16495,93.41486926135678,0.9934008200922604,0.9471015820658482,0.9696988648800776,15505,866,103
Aotus_azarai,Saimiri_sciureus,same-order,2,1,2,220,203,17,16490,94.45616149442603,0.9933460076045627,0.9576027857535585,0.9751469719120345,15675,694,105
Aotus_azarai,Saimiri_sciureus,same-order,2,1,3,220,205,15,16490,94.55860198855076,0.9933531683230993,0.958641334229336,0.9756886153080893,15692,677,105
Aotus_azarai,Saimiri_sciureus,same-order,2,1,4,220,205,15,16490,94.55860198855076,0.9933531683230993,0.958641334229336,0.9756886153080893,15692,677,105
Aotus_azarai,Saimiri_boliviensis,same-order,8,0,1,879,683,196,16475,96.42534209415878,0.9929236499068901,0.9779299382527359,0.9853697600640652,15996,361,114
Aotus_azarai,Saimiri_boliviensis,same-order,8,0,2,879,830,49,16462,97.59450171821305,0.9923373996199351,0.9903340266731923,0.9913347010012554,16188,158,125
Aotus_azarai,Saimiri_boliviensis,same-order,8,0,3,879,841,38,16462,97.60655935371074,0.9923383389518847,0.9904563807659367,0.9913964667340253,16190,156,125
Aotus_azarai,Saimiri_boliviensis,same-order,8,0,4,879,841,38,16462,97.60655935371074,0.9923383389518847,0.9904563807659367,0.9913964667340253,16190,156,125
Aotus_azarai,Saimiri_boliviensis,same-order,6,0,1,659,507,152,16490,95.7810993249759,0.9936226084781793,0.9708595515914228,0.9821091987763804,15892,477,102
Aotus_azarai,Saimiri_boliviensis,same-order,6,0,2,659,617,42,16478,97.20330299560003,0.9930418719211823,0.9858784692505196,0.9894472053500214,16127,231,113
Aotus_azarai,Saimiri_boliviensis,same-order,6,0,3,659,634,25,16474,97.34177215189874,0.9928681217337842,0.9874044634668298,0.9901287553648069,16149,206,116
Aotus_azarai,Saimiri_boliviensis,same-order,6,0,4,659,635,24,16447,97.5729034595182,0.9928733796154082,0.9881381840415775,0.9905001225790636,16161,194,116
Aotus_azarai,Saimiri_boliviensis,same-order,6,0,5,659,640,19,16446,97.59101612026807,0.9928137092316197,0.9883820472055767,0.9905929217098207,16164,190,117
Aotus_azarai,Saimiri_boliviensis,same-order,6,0,6,659,640,19,16446,97.59101612026807,0.9928137092316197,0.9883820472055767,0.9905929217098207,16164,190,117
Aotus_azarai,Saimiri_boliviensis,same-order,8,2,1,879,691,188,16477,96.43158529234479,0.9929861585252312,0.9779924196111994,0.9854322584619175,15998,360,113
Aotus_azarai,Saimiri_boliviensis,same-order,8,2,2,879,835,44,16465,97.52848272951957,0.9923940379071337,0.9897228849330152,0.9910566615620215,16179,168,124
Aotus_azarai,Saimiri_boliviensis,same-order,8,2,3,879,847,32,16464,97.54053891132678,0.9923341101435055,0.9899057873485868,0.9911184613499939,16181,165,125
Aotus_azarai,Saimiri_boliviensis,same-order,8,2,4,879,847,32,16464,97.54053891132678,0.9923341101435055,0.9899057873485868,0.9911184613499939,16181,165,125
Aotus_azarai,Saimiri_sciureus,same-order,2,2,1,220,186,34,16501,92.89156626506023,0.9936207229847284,0.9416793893129771,0.966953031918229,15420,955,99
Aotus_azarai,Saimiri_sciureus,same-order,2,2,2,220,206,14,16497,93.67469879518072,0.993419791733214,0.9498503451224727,0.971146640019985,15550,821,103
Aotus_azarai,Saimiri_sciureus,same-order,2,2,3,220,211,9,16496,94.00566299174649,0.9934424142102247,0.953148860790422,0.9728786083920443,15604,767,103
Aotus_azarai,Saimiri_sciureus,same-order,2,2,4,220,211,9,16496,94.00566299174649,0.9934424142102247,0.953148860790422,0.9728786083920443,15604,767,103
Aotus_azarai,Saimiri_boliviensis,same-order,7,0,1,769,585,184,16480,95.87753134040501,0.9930087390761548,0.9724310776942355,0.9826121869112696,15908,451,112
Aotus_azarai,Saimiri_boliviensis,same-order,7,0,2,769,731,38,16467,97.41379310344827,0.9925675675675676,0.9883180428134557,0.9904382470119522,16159,191,121
Aotus_azarai,Saimiri_boliviensis,same-order,7,0,3,769,744,25,16463,97.57656136966482,0.9923364600576298,0.9902116725804478,0.9912729277030958,16186,160,125
Aotus_azarai,Saimiri_boliviensis,same-order,7,0,4,769,748,21,16436,97.80810337540004,0.9923420939778227,0.9909457971369142,0.9916434540389972,16198,148,125
Aotus_azarai,Saimiri_boliviensis,same-order,7,0,5,769,750,19,16435,97.82621822353723,0.9922827218717462,0.9911899663505659,0.991736043095005,16201,144,126
Aotus_azarai,Saimiri_boliviensis,same-order,7,0,6,769,750,19,16435,97.82621822353723,0.9922827218717462,0.9911899663505659,0.991736043095005,16201,144,126
Aotus_azarai,Saimiri_sciureus,same-order,3,2,1,330,261,69,16485,94.59540880882088,0.9929167720718441,0.9595403984842928,0.9759433082613289,15700,662,112
Aotus_azarai,Saimiri_sciureus,same-order,3,2,2,330,300,30,16472,95.64902976979631,0.9923721395523322,0.9706457925636007,0.9813887343102702,15872,480,122
Aotus_azarai,Saimiri_sciureus,same-order,3,2,3,330,308,22,16472,95.89610702663613,0.9923916432803243,0.9731531311154599,0.9826782350943278,15913,439,122
Aotus_azarai,Saimiri_sciureus,same-order,3,2,4,330,308,22,16472,95.89610702663613,0.9923916432803243,0.9731531311154599,0.9826782350943278,15913,439,122
Aotus_azarai,Saimiri_boliviensis,same-order,8,1,1,879,672,207,16484,95.67261330761814,0.9932423976974096,0.9701155044918414,0.981542742309476,15874,489,108
Aotus_azarai,Saimiri_boliviensis,same-order,8,1,2,879,821,58,16467,97.35969618421846,0.9925029189454926,0.9878891675331825,0.9901906688737662,16151,198,122
Aotus_azarai,Saimiri_boliviensis,same-order,8,1,3,879,848,31,16465,97.44408945686901,0.992387500767389,0.9888664586774332,0.9906238509621277,16165,182,124
Aotus_azarai,Saimiri_boliviensis,same-order,8,1,4,879,850,29,16438,97.6814394396812,0.9923935713409398,0.989661711629045,0.9910257588287543,16178,169,124
Aotus_azarai,Saimiri_boliviensis,same-order,8,1,5,879,852,27,16437,97.69351527593285,0.9923336399877338,0.9898446103022146,0.9910875624023766,16180,166,125
Aotus_azarai,Saimiri_boliviensis,same-order,8,1,6,879,852,27,16437,97.69351527593285,0.9923336399877338,0.9898446103022146,0.9910875624023766,16180,166,125
Aotus_azarai,Saimiri_sciureus,same-order,3,0,1,330,245,85,16497,94.49298065915526,0.99366406893493,0.9577989495541712,0.9754019342600366,15683,691,100
Aotus_azarai,Saimiri_sciureus,same-order,3,0,2,330,311,19,16479,96.18490838958535,0.9929691388750622,0.9754293747325958,0.984121111213887,15959,402,113
Aotus_azarai,Saimiri_sciureus,same-order,3,0,3,330,320,10,16476,96.46817743490838,0.9928048629202332,0.9784814769531728,0.9855911330049261,16006,352,116
Aotus_azarai,Saimiri_sciureus,same-order,3,0,4,330,321,9,16476,96.46817743490838,0.9928048629202332,0.9784814769531728,0.9855911330049261,16006,352,116
Aotus_azarai,Saimiri_sciureus,same-order,3,0,5,330,321,9,16476,96.46817743490838,0.9928048629202332,0.9784814769531728,0.9855911330049261,16006,352,116
Aotus_azarai,Saimiri_sciureus,same-order,4,0,1,440,336,104,16485,95.25158180174752,0.9930891499654457,0.9659618675140552,0.9793376909017687,15807,557,110
Aotus_azarai,Saimiri_sciureus,same-order,4,0,2,440,407,33,16475,96.54694467879956,0.9926270136307311,0.97957811066952,0.9860593937528851,16021,334,119
Aotus_azarai,Saimiri_sciureus,same-order,4,0,3,440,415,25,16474,96.64918941722414,0.99263431542461,0.9805564047691837,0.986558395619944,16037,318,119
Aotus_azarai,Saimiri_sciureus,same-order,4,0,4,440,415,25,16474,96.64918941722414,0.99263431542461,0.9805564047691837,0.986558395619944,16037,318,119
Aotus_azarai,Saimiri_sciureus,same-order,4,1,1,440,325,115,16482,94.81740388092082,0.992931970213303,0.9616183840606283,0.9770243417784401,15734,628,112
Aotus_azarai,Saimiri_sciureus,same-order,4,1,2,440,405,35,16471,96.70323047251688,0.9925151552641346,0.981165535375772,0.9868077124142809,16045,308,121
Aotus_azarai,Saimiri_sciureus,same-order,4,1,3,440,415,25,16470,96.83563377734916,0.9925248656329153,0.982449703418333,0.9874615857406269,16066,287,121
Aotus_azarai,Saimiri_sciureus,same-order,4,1,4,440,415,25,16470,96.83563377734916,0.9925248656329153,0.982449703418333,0.9874615857406269,16066,287,121
Aotus_azarai,Saimiri_sciureus,same-order,3,1,1,330,266,64,16491,94.5468787659677,0.9933527475310205,0.9585802431425255,0.9756567697808176,15691,678,105
Aotus_azarai,Saimiri_sciureus,same-order,3,1,2,330,303,27,16478,95.7758360952094,0.9926925238898258,0.9716940759307942,0.9820810677212061,15894,463,117
Aotus_azarai,Saimiri_sciureus,same-order,3,1,3,330,308,22,16474,96.04676389056286,0.9925270893012829,0.9745627980922098,0.9834629149697643,15938,416,120
Aotus_azarai,Saimiri_sciureus,same-order,3,1,4,330,309,21,16447,96.27572885857427,0.9925326695706285,0.9752965635318577,0.9838391315075252,15950,404,120
Aotus_azarai,Saimiri_sciureus,same-order,3,1,5,330,315,15,16446,96.29383714613388,0.9924723155406246,0.9755396563321714,0.9839331421346408,15953,400,121
Aotus_azarai,Saimiri_sciureus,same-order,3,1,6,330,315,15,16446,96.29383714613388,0.9924723155406246,0.9755396563321714,0.9839331421346408,15953,400,121
Aotus_azarai,Saimiri_sciureus,same-order,5,0,1,550,409,141,16487,95.33734939759036,0.9929104711713408,0.9673002872685044,0.979938080495356,15826,535,113
Aotus_azarai,Saimiri_sciureus,same-order,5,0,2,550,506,44,16474,97.0779612001446,0.9923631212662438,0.9855045871559633,0.9889219627458803,16113,237,124
Aotus_azarai,Saimiri_sciureus,same-order,5,0,3,550,524,26,16472,97.38506959088993,0.9923256385068763,0.9886231573796562,0.990470937892576,16163,186,125
Aotus_azarai,Saimiri_sciureus,same-order,5,0,4,550,524,26,16472,97.38506959088993,0.9923256385068763,0.9886231573796562,0.990470937892576,16163,186,125
Aotus_azarai,Saimiri_sciureus,same-order,5,1,1,550,404,146,16484,95.8237917319513,0.9931297233152208,0.9717061843070154,0.9823011583011583,15901,463,110
Aotus_azarai,Saimiri_sciureus,same-order,5,1,2,550,511,39,16467,97.28768609487071,0.992376268060252,0.987217125382263,0.989789973938372,16141,209,124
Aotus_azarai,Saimiri_sciureus,same-order,5,1,3,550,521,29,16465,97.42028810801037,0.9922647185217017,0.9886836310252018,0.9904709378925759,16163,185,126
Aotus_azarai,Saimiri_sciureus,same-order,5,1,4,550,521,29,16465,97.42028810801037,0.9922647185217017,0.9886836310252018,0.9904709378925759,16163,185,126
Aotus_azarai,Saimiri_sciureus,same-order,6,0,1,659,508,151,16490,95.78738022057495,0.9935612927423892,0.9708631115997801,0.9820810677212062,15894,477,103
Aotus_azarai,Saimiri_sciureus,same-order,6,0,2,659,623,36,16467,97.43837020071123,0.9923879680785758,0.9887461773700306,0.990563725490196,16166,184,124
Aotus_azarai,Saimiri_sciureus,same-order,6,0,3,659,636,23,16467,97.4865891145802,0.9923917045036201,0.9892354740061162,0.9908110757167361,16174,176,124
Aotus_azarai,Saimiri_sciureus,same-order,6,0,4,659,636,23,16467,97.4865891145802,0.9923917045036201,0.9892354740061162,0.9908110757167361,16174,176,124
Aotus_azarai,Saimiri_sciureus,same-order,4,2,1,440,343,97,16489,94.63155992046755,0.9931706083217402,0.9596724917511915,0.9761342448725916,15706,660,108
Aotus_azarai,Saimiri_sciureus,same-order,4,2,2,440,410,30,16467,96.57625075346594,0.9923815422731496,0.9798789064888997,0.9860905957656327,16022,329,123
Aotus_azarai,Saimiri_sciureus,same-order,4,2,3,440,423,17,16464,96.90777576853526,0.9922236622847621,0.9834230486909714,0.9878037541089367,16077,271,126
Aotus_azarai,Saimiri_sciureus,same-order,4,2,4,440,427,13,16437,97.21065024452092,0.9922351636161952,0.9848911181795938,0.9885495011511896,16101,247,126
Aotus_azarai,Saimiri_sciureus,same-order,4,2,5,440,428,12,16436,97.2227253516875,0.9921749845964264,0.9850737138312841,0.9886115971390859,16103,244,127
Aotus_azarai,Saimiri_sciureus,same-order,4,2,6,440,428,12,16436,97.2227253516875,0.9921749845964264,0.9850737138312841,0.9886115971390859,16103,244,127
Aotus_azarai,Saimiri_sciureus,same-order,6,2,1,659,516,143,16480,95.79340685831374,0.9929410294852574,0.9715176333964917,0.9821125150607063,15895,466,113
Aotus_azarai,Saimiri_sciureus,same-order,6,2,2,659,628,31,16468,97.24566055930569,0.9923734547020112,0.9868501529051987,0.9896040970284277,16135,215,124
Aotus_azarai,Saimiri_sciureus,same-order,6,2,3,659,635,24,16467,97.41426074377675,0.9923860984895002,0.9885015290519877,0.9904400049025616,16162,188,124
Aotus_azarai,Saimiri_sciureus,same-order,6,2,4,659,635,24,16467,97.41426074377675,0.9923860984895002,0.9885015290519877,0.9904400049025616,16162,188,124
Aotus_azarai,Saimiri_sciureus,same-order,5,2,1,550,428,122,16487,95.36579486561408,0.99328395681647,0.9668845848353395,0.979906498653209,15825,542,107
Aotus_azarai,Saimiri_sciureus,same-order,5,2,2,550,514,36,16472,96.97481017235145,0.9924756383372394,0.9840998043052838,0.9882699748203649,16092,260,122
Aotus_azarai,Saimiri_sciureus,same-order,5,2,3,550,524,26,16467,97.26960400216986,0.9923748616406346,0.9870336391437309,0.9896970440328714,16138,212,124
Aotus_azarai,Saimiri_sciureus,same-order,5,2,4,550,526,24,16440,97.50060371890848,0.992380484207939,0.9877675840978594,0.9900686611083864,16150,200,124
Aotus_azarai,Saimiri_sciureus,same-order,5,2,5,550,529,21,16439,97.51871528616276,0.9923209239464308,0.9880114991742615,0.9901615226652772,16153,196,125
Aotus_azarai,Saimiri_sciureus,same-order,5,2,6,550,530,20,16439,97.51871528616276,0.9923209239464308,0.9880114991742615,0.9901615226652772,16153,196,125
Aotus_azarai,Varecia_variegata,same-order,1,0,1,114,32,82,16523,74.49959504801573,0.9440656843339931,0.7948401431921985,0.8630499614650001,12878,3324,763
Aotus_azarai,Varecia_variegata,same-order,1,0,2,114,39,75,16517,74.81340045131054,0.944071261682243,0.7981974195938021,0.8650275965880582,12930,3269,766
Aotus_azarai,Varecia_variegata,same-order,1,0,3,114,41,73,16517,74.9638372967656,0.9441772336394112,0.7998024569417865,0.866013836435948,12956,3243,766
Aotus_azarai,Varecia_variegata,same-order,1,0,4,114,41,73,16517,74.9638372967656,0.9441772336394112,0.7998024569417865,0.866013836435948,12956,3243,766
Aotus_azarai,Varecia_variegata,same-order,1,1,1,114,36,78,16527,74.04558074965294,0.9438873322518803,0.7899901258948407,0.8601088490223745,12801,3403,761
Aotus_azarai,Varecia_variegata,same-order,1,1,2,114,44,70,16526,74.36372049976863,0.9440446467910119,0.7934333148182435,0.8622111934542771,12856,3347,762
Aotus_azarai,Varecia_variegata,same-order,1,1,3,114,47,67,16522,74.61961238067688,0.9441475733840861,0.7960745586964573,0.8638114054180759,12898,3304,763
Aotus_azarai,Varecia_variegata,same-order,1,1,4,114,48,66,16522,74.66589528492914,0.9441802619065037,0.7965683248981608,0.8641156974992469,12906,3296,763
Aotus_azarai,Varecia_variegata,same-order,1,1,5,114,48,66,16522,74.66589528492914,0.9441802619065037,0.7965683248981608,0.8641156974992469,12906,3296,763
Aotus_azarai,Varecia_variegata,same-order,1,2,1,114,26,88,16528,74.77586904968477,0.9444079187668931,0.7978276968649716,0.8649516609239621,12928,3276,761
Aotus_azarai,Varecia_variegata,same-order,1,2,2,114,43,71,16512,76.13840189781867,0.9446518305814788,0.8125849079906138,0.8736555570309388,13159,3035,771
Aotus_azarai,Varecia_variegata,same-order,1,2,3,114,47,67,16512,76.50292194642134,0.9449010219395412,0.8164752377423737,0.876006227846424,13222,2972,771
Aotus_azarai,Varecia_variegata,same-order,1,2,4,114,48,66,16512,76.58392640166637,0.9449560933818805,0.817339755464987,0.8765272673090295,13236,2958,771
Aotus_azarai,Varecia_variegata,same-order,1,2,5,114,48,66,16512,76.58392640166637,0.9449560933818805,0.817339755464987,0.8765272673090295,13236,2958,771
Aotus_azarai,Saimiri_sciureus,same-order,7,2,1,769,608,161,16479,96.00433917917194,0.9928945400149589,0.9737163814180929,0.9832119491420813,15930,430,114
Aotus_azarai,Saimiri_sciureus,same-order,7,2,2,769,733,36,16467,97.51069857151468,0.9923935713409398,0.989480122324159,0.9909347053779247,16178,172,124
Aotus_azarai,Saimiri_sciureus,same-order,7,2,3,769,744,25,16467,97.52878066421553,0.9923949708678319,0.9896636085626911,0.991027407747665,16181,169,124
Aotus_azarai,Saimiri_sciureus,same-order,7,2,4,769,744,25,16467,97.52878066421553,0.9923949708678319,0.9896636085626911,0.991027407747665,16181,169,124
Aotus_azarai,Saimiri_sciureus,same-order,6,1,1,659,510,149,16489,95.5531453362256,0.9932978390228625,0.968900837050162,0.9809476679450699,15858,509,107
Aotus_azarai,Saimiri_sciureus,same-order,6,1,2,659,611,48,16472,97.26374156219865,0.9926190183294378,0.9867922220863398,0.9896970440328714,16138,216,120
Aotus_azarai,Saimiri_sciureus,same-order,6,1,3,659,630,29,16467,97.5468627569164,0.9923963698798136,0.9898470948012232,0.9911200930859209,16184,166,124
Aotus_azarai,Saimiri_sciureus,same-order,6,1,4,659,631,28,16440,97.79642598406183,0.9924033572260001,0.9907645259938838,0.9915832644691336,16199,151,124
Aotus_azarai,Saimiri_sciureus,same-order,6,1,5,659,636,23,16439,97.80850036223134,0.9923435011637878,0.9909474585601565,0.9916449885233358,16201,148,125
Aotus_azarai,Saimiri_sciureus,same-order,6,1,6,659,636,23,16439,97.80850036223134,0.9923435011637878,0.9909474585601565,0.9916449885233358,16201,148,125
Aotus_azarai,Saimiri_sciureus,same-order,8,1,1,879,682,197,16479,96.25143132646296,0.9929126515387007,0.9762224938875306,0.9844968408075205,15971,389,114
Aotus_azarai,Saimiri_sciureus,same-order,8,1,2,879,832,47,16465,97.45042492917847,0.9922670921811709,0.9889894788353315,0.9906255744133324,16168,180,126
Aotus_azarai,Saimiri_sciureus,same-order,8,1,3,879,854,25,16438,97.77831441680753,0.9922803577992892,0.9907022265720578,0.9914906642179369,16196,152,126
Aotus_azarai,Saimiri_sciureus,same-order,8,1,4,879,854,25,16438,97.77831441680753,0.9922803577992892,0.9907022265720578,0.9914906642179369,16196,152,126
Aotus_azarai,Saimiri_sciureus,same-order,8,2,1,879,679,200,16481,95.84187055562252,0.9929449959418118,0.9720677220218813,0.9823954537031317,15904,457,113
Aotus_azarai,Saimiri_sciureus,same-order,8,2,2,879,832,47,16468,97.42028810801037,0.9924475009210365,0.9885022322793713,0.990470937892576,16163,188,123
Aotus_azarai,Saimiri_sciureus,same-order,8,2,3,879,848,31,16468,97.47453438611295,0.9924516722921142,0.989052657329827,0.9907492495252099,16172,179,123
Aotus_azarai,Saimiri_sciureus,same-order,8,2,4,879,848,31,16468,97.47453438611295,0.9924516722921142,0.989052657329827,0.9907492495252099,16172,179,123
Aotus_azarai,Saimiri_sciureus,same-order,7,1,1,769,607,162,16480,95.93804616404508,0.9929515968063872,0.9729845363975307,0.9828666687247246,15919,442,113
Aotus_azarai,Saimiri_sciureus,same-order,7,1,2,769,730,39,16468,97.28182256509162,0.992376268060252,0.987217125382263,0.989789973938372,16141,209,124
Aotus_azarai,Saimiri_sciureus,same-order,7,1,3,769,740,29,16440,97.59719874426467,0.9923879680785758,0.9887461773700306,0.990563725490196,16166,184,124
Aotus_azarai,Saimiri_sciureus,same-order,7,1,4,769,742,27,16439,97.60927312243419,0.9923279936168907,0.9889289864823536,0.9906255744133325,16168,181,125
Aotus_azarai,Saimiri_sciureus,same-order,7,1,5,769,742,27,16439,97.60927312243419,0.9923279936168907,0.9889289864823536,0.9906255744133325,16168,181,125
Aotus_azarai,Saimiri_sciureus,same-order,7,0,1,769,589,180,16481,96.08339358881658,0.9928397982690991,0.9747539580658965,0.9837137569401604,15946,413,115
Aotus_azarai,Saimiri_sciureus,same-order,7,0,2,769,714,55,16467,97.26943942133815,0.9924354243542436,0.9869121154669439,0.9896660635981724,16137,214,123
Aotus_azarai,Saimiri_sciureus,same-order,7,0,3,769,725,44,16464,97.55877034358048,0.9922751517380909,0.9900293613897725,0.9911509844147096,16185,163,126
Aotus_azarai,Saimiri_sciureus,same-order,7,0,4,769,727,42,16437,97.79025538851657,0.9922808307296452,0.9907633961340837,0.9915215328578862,16197,151,126
Aotus_azarai,Saimiri_sciureus,same-order,7,0,5,769,733,36,16436,97.80836804926643,0.992221473632633,0.9910075243163883,0.9916141274407786,16200,147,127
Aotus_azarai,Saimiri_sciureus,same-order,7,0,6,769,733,36,16436,97.80836804926643,0.992221473632633,0.9910075243163883,0.9916141274407786,16200,147,127
Aotus_azarai,Varecia_variegata,same-order,2,0,1,227,64,163,16522,76.44881434355119,0.9450879450879451,0.8160770513057973,0.8758572706490407,13218,2979,768
Aotus_azarai,Varecia_variegata,same-order,2,0,2,227,98,129,16487,78.5060799073538,0.9454012969806848,0.8378445186009146,0.8883792549880417,13558,2624,783
Aotus_azarai,Varecia_variegata,same-order,2,0,3,227,112,115,16476,79.41619367543149,0.9455247552061785,0.8477279752704792,0.893959644032989,13712,2463,790
Aotus_azarai,Varecia_variegata,same-order,2,0,4,227,118,109,16473,79.77176620517871,0.9457454845134263,0.8513755795981452,0.8960827693909422,13771,2404,790
Aotus_azarai,Varecia_variegata,same-order,2,0,5,227,121,106,16471,79.89920639518044,0.9456976345560507,0.8528411550114389,0.8968723584108199,13793,2380,792
Aotus_azarai,Varecia_variegata,same-order,2,0,6,227,121,106,16471,79.89920639518044,0.9456976345560507,0.8528411550114389,0.8968723584108199,13793,2380,792
Aotus_azarai,Varecia_variegata,same-order,2,1,1,227,59,168,16516,76.216654128812,0.9451061997703789,0.8130246913580247,0.8741040615874702,13171,3029,765
Aotus_azarai,Varecia_variegata,same-order,2,1,2,227,94,133,16491,78.00868306801736,0.9450210378681627,0.8328286261664916,0.8853848428106831,13476,2705,784
Aotus_azarai,Varecia_variegata,same-order,2,1,3,227,106,121,16486,78.71120889300602,0.9453445518392323,0.8402867915198714,0.8897251308900522,13595,2584,786
Aotus_azarai,Varecia_variegata,same-order,2,1,4,227,112,115,16485,79.12227883279296,0.9455476371687539,0.8447274075905551,0.8922986516927296,13666,2512,787
Aotus_azarai,Varecia_variegata,same-order,2,1,5,227,116,111,16480,79.34788903689117,0.9456791827719492,0.8468908394115465,0.8935629035413812,13701,2477,787
Aotus_azarai,Varecia_variegata,same-order,2,1,6,227,117,110,16480,79.4752997046389,0.9457615437629221,0.8482507108418841,0.8943561001042754,13723,2455,787
Aotus_azarai,Varecia_variegata,same-order,2,2,1,227,67,160,16515,76.80606165770143,0.9449227922863446,0.8201469952442715,0.8781245866948816,13279,2912,774
Aotus_azarai,Varecia_variegata,same-order,2,2,2,227,99,128,16488,78.5677068256817,0.9453190303705767,0.8387515451174289,0.888852501964894,13571,2609,785
Aotus_azarai,Varecia_variegata,same-order,2,2,3,227,108,119,16485,78.96138482023969,0.9453801899216746,0.8431105891079929,0.8913213958959614,13639,2538,788
Aotus_azarai,Varecia_variegata,same-order,2,2,4,227,109,118,16482,79.0400092640843,0.945360110803324,0.843904549950544,0.8917559446041285,13651,2525,789
Aotus_azarai,Varecia_variegata,same-order,2,2,5,227,110,117,16481,79.18355529820498,0.9454507743362832,0.8453882294757665,0.8926240208877284,13675,2501,789
Aotus_azarai,Varecia_variegata,same-order,2,2,6,227,113,114,16480,79.27620150550086,0.9454457565085285,0.8464296754250387,0.8932019832985386,13691,2484,790
Aotus_azarai,Saimiri_sciureus,same-order,8,0,1,879,673,206,16479,96.11884529620924,0.9929029446554193,0.9748777506112469,0.9838077907658144,15949,411,114
Aotus_azarai,Saimiri_sciureus,same-order,8,0,2,879,831,48,16468,97.48071359691417,0.9923917045036201,0.9892354740061162,0.9908110757167361,16174,176,124
Aotus_azarai,Saimiri_sciureus,same-order,8,0,3,879,843,36,16465,97.57097221385088,0.9922765722692166,0.9902128700758502,0.9912436470516195,16188,160,126
Aotus_azarai,Saimiri_sciureus,same-order,8,0,4,879,845,34,16438,97.80850036223134,0.9922827218717462,0.9910080743821874,0.9916449885233358,16201,147,126
Aotus_azarai,Saimiri_sciureus,same-order,8,0,5,879,851,28,16437,97.82057474040087,0.9922229026331905,0.9911910442282987,0.9917067050218807,16203,144,127
Aotus_azarai,Saimiri_sciureus,same-order,8,0,6,879,851,28,16437,97.82057474040087,0.9922229026331905,0.9911910442282987,0.9917067050218807,16203,144,127
Aotus_azarai,Varecia_variegata,same-order,3,0,1,340,72,268,16522,76.48623640990053,0.9449842812232067,0.8166718122877431,0.8761551455731841,13226,2969,770
Aotus_azarai,Varecia_variegata,same-order,3,0,2,340,120,220,16500,78.43091876880352,0.9453277545327754,0.8377726963722885,0.8883064119786376,13556,2625,784
Aotus_azarai,Varecia_variegata,same-order,3,0,3,340,146,194,16486,79.3574529667149,0.9455787005104153,0.8474901088031652,0.8938514703005803,13709,2467,789
Aotus_azarai,Varecia_variegata,same-order,3,0,4,340,153,187,16479,79.7036007873104,0.9454095996703976,0.8514533085961657,0.8959750105749521,13768,2402,795
Aotus_azarai,Varecia_variegata,same-order,3,0,5,340,157,183,16477,79.92242227754299,0.945483186083145,0.8537942977302245,0.8973025674358142,13805,2364,796
Aotus_azarai,Varecia_variegata,same-order,3,0,6,340,162,178,16474,80.06136745209287,0.9453787257314739,0.85543733762217,0.8981619796064169,13829,2337,799
Aotus_azarai,Varecia_variegata,same-order,3,1,1,340,90,250,16517,77.27851029377747,0.9451831942283209,0.8253860407659048,0.8812318649432868,13363,2827,775
Aotus_azarai,Varecia_variegata,same-order,3,1,2,340,152,188,16480,79.79283606272786,0.9450993831391364,0.8530685473892601,0.8967288807959941,13789,2375,801
Aotus_azarai,Varecia_variegata,same-order,3,1,3,340,172,168,16468,80.49895809215096,0.945090044172613,0.8607414742835923,0.9009458408914227,13907,2250,808
Aotus_azarai,Varecia_variegata,same-order,3,1,4,340,177,163,16465,80.76878545791362,0.9451934150802791,0.8635800940826938,0.9025455251156321,13952,2204,809
Aotus_azarai,Varecia_variegata,same-order,3,1,5,340,180,160,16464,80.82556591211717,0.9452268111035883,0.8641371626640257,0.902864903317597,13961,2195,809
Aotus_azarai,Varecia_variegata,same-order,3,1,6,340,181,159,16463,80.97030046893997,0.9452554744525548,0.8657381615598886,0.9037510904332655,13986,2169,810
Aotus_azarai,Varecia_variegata,same-order,3,2,1,340,95,245,16514,77.3053337961356,0.9453837990802971,0.8252331254245662,0.8812318649432866,13363,2830,772
Aotus_azarai,Varecia_variegata,same-order,3,2,2,340,155,185,16464,79.88412514484357,0.9454196379594075,0.8527429030861525,0.8966930055604332,13788,2381,796
Aotus_azarai,Varecia_variegata,same-order,3,2,3,340,179,161,16448,80.87510866415532,0.94533261075735,0.8636588686718654,0.9026520051746444,13955,2203,807
Aotus_azarai,Varecia_variegata,same-order,3,2,4,340,187,153,16427,81.53239371266167,0.9452625916212763,0.8703485852269209,0.9062600734962285,14057,2094,814
Aotus_azarai,Varecia_variegata,same-order,3,2,5,340,193,147,16424,81.97900353807783,0.945354825764163,0.8752786722813971,0.908968134023602,14134,2014,817
Aotus_azarai,Varecia_variegata,same-order,3,2,6,340,200,140,16423,82.2690099182182,0.9454739368084255,0.8784294296154085,0.9107194452470384,14184,1963,818
Aotus_azarai,Varecia_variegata,same-order,4,0,1,453,111,342,16499,77.31403762662808,0.9450891593546561,0.8250046327753413,0.8809735826654794,13356,2833,776
Aotus_azarai,Varecia_variegata,same-order,4,0,2,453,192,261,16444,80.12289142658396,0.944835600519516,0.8554276519371209,0.8979114561340825,13822,2336,807
Aotus_azarai,Varecia_variegata,same-order,4,0,3,453,220,233,16432,81.21050495680909,0.9448903878583473,0.8674758484022789,0.9045297517192394,14008,2140,817
Aotus_azarai,Varecia_variegata,same-order,4,0,4,453,246,207,16422,82.05752725585711,0.945097515362009,0.8765409155671189,0.9095291659971075,14150,1993,822
Aotus_azarai,Varecia_variegata,same-order,4,0,5,453,261,192,16415,82.63820407216195,0.9453218314532184,0.8825971129421969,0.9128832783313576,14246,1895,824
Aotus_azarai,Varecia_variegata,same-order,4,0,6,453,269,184,16412,83.03747534516765,0.945442536327609,0.8869198835119896,0.915246651107772,14314,1825,826
Aotus_azarai,Varecia_variegata,same-order,4,1,1,453,116,337,16514,77.25326854101586,0.9453490018405777,0.8246773297103687,0.880899765823411,13354,2839,772
Aotus_azarai,Varecia_variegata,same-order,4,1,2,453,180,273,16475,79.67456135271296,0.9454408025836597,0.8508441036423227,0.8956516078635595,13759,2412,794
Aotus_azarai,Varecia_variegata,same-order,4,1,3,453,207,246,16464,80.8941912318295,0.945636720601178,0.8642494740749908,0.9031131800989235,13968,2194,803
Aotus_azarai,Varecia_variegata,same-order,4,1,4,453,230,223,16454,81.551654209398,0.9459005376344086,0.8709777227722773,0.9068943298969072,14075,2085,805
Aotus_azarai,Varecia_variegata,same-order,4,1,5,453,240,213,16446,81.82345099403003,0.9459260251943179,0.8736848619878698,0.908371404671514,14117,2041,807
Aotus_azarai,Varecia_variegata,same-order,4,1,6,453,242,211,16441,82.0358240102023,0.9458628525598182,0.8760136180748994,0.9095992544268408,14152,2003,810
Aotus_azarai,Varecia_variegata,same-order,4,2,1,453,117,336,16511,77.28535061328397,0.9452975727124762,0.8249752964426877,0.8810473897701415,13358,2834,773
Aotus_azarai,Varecia_variegata,same-order,4,2,2,453,198,255,16457,80.0139073998957,0.9452354874041621,0.8541911537271883,0.8974100672667598,13808,2357,800
Aotus_azarai,Varecia_variegata,same-order,4,2,3,453,220,233,16443,80.99350799907258,0.9452712758760655,0.8648799207724684,0.9032904518714849,13973,2183,809
Aotus_azarai,Varecia_variegata,same-order,4,2,4,453,234,219,16434,81.61845690104921,0.9451567429683829,0.8719346049046321,0.9070703817039781,14080,2068,817
Aotus_azarai,Varecia_variegata,same-order,4,2,5,453,250,203,16431,82.28985507246377,0.9454509124816838,0.8791651182955531,0.9111039794608472,14195,1951,819
Aotus_azarai,Varecia_variegata,same-order,4,2,6,453,267,186,16428,82.75642140662144,0.9457328385899815,0.8839960361699493,0.9138229079966708,14273,1873,819
Aotus_azarai,Varecia_variegata,same-order,5,0,1,566,158,408,16495,78.03183791606368,0.9453015427769986,0.8328699413036762,0.8855312859254393,13480,2705,780
Aotus_azarai,Varecia_variegata,same-order,5,0,2,566,271,295,16451,80.35817781384027,0.945254976820289,0.8578765004331147,0.8994485890366526,13865,2297,803
Aotus_azarai,Varecia_variegata,same-order,5,0,3,566,313,253,16437,81.97472170686457,0.9457525083612041,0.8752630927324502,0.9091435185185186,14139,2015,811
Aotus_azarai,Varecia_variegata,same-order,5,0,4,566,341,225,16429,82.59987244158404,0.9456983536909187,0.8822691521644888,0.9128832783313575,14246,1901,818
Aotus_azarai,Varecia_variegata,same-order,5,0,5,566,350,216,16419,83.09744779582367,0.9457978477586321,0.887388503468781,0.9156626506024097,14326,1818,821
Aotus_azarai,Varecia_variegata,same-order,5,0,6,566,356,210,16415,83.28886310904872,0.9456664910432033,0.8896530359355638,0.9168050057463926,14359,1781,825
Aotus_azarai,Varecia_variegata,same-order,5,1,1,566,135,431,16499,77.67164524719232,0.945391770011274,0.828721432983323,0.8832203278256863,13417,2773,775
Aotus_azarai,Varecia_variegata,same-order,5,1,2,566,238,328,16454,80.65488264271225,0.9455768446799837,0.8609873793615441,0.9013017291626191,13917,2247,801
Aotus_azarai,Varecia_variegata,same-order,5,1,3,566,298,268,16428,82.46723117967753,0.9458524579258963,0.8803789239056405,0.9119420215495124,14219,1932,814
Aotus_azarai,Varecia_variegata,same-order,5,1,4,566,327,239,16416,83.41358705111098,0.9459832883742352,0.890609514370664,0.9174616341766902,14378,1766,821
Aotus_azarai,Varecia_variegata,same-order,5,1,5,566,347,219,16410,83.85356231144117,0.9459388703449179,0.8955325608773778,0.9200458335985741,14453,1686,826
Aotus_azarai,Varecia_variegata,same-order,5,1,6,566,353,213,16406,84.04014619713408,0.9457465561141216,0.8978554605181605,0.921178976821087,14486,1648,831
Aotus_azarai,Varecia_variegata,same-order,5,2,1,566,162,404,16496,77.88712011577424,0.9452718842208796,0.8312739404423576,0.8846153846153845,13455,2731,779
Aotus_azarai,Varecia_variegata,same-order,5,2,2,566,271,295,16464,80.80287319701095,0.9458231624627068,0.8628603241370778,0.9024390243902438,13949,2217,799
Aotus_azarai,Varecia_variegata,same-order,5,2,3,566,331,235,16441,82.21552373775434,0.9459747882345094,0.8779325286289075,0.9106844741235391,14183,1972,810
Aotus_azarai,Varecia_variegata,same-order,5,2,4,566,343,223,16434,82.68506173555156,0.9458258736158079,0.8833292048550904,0.9135098786384449,14264,1884,817
Aotus_azarai,Varecia_variegata,same-order,5,2,5,566,349,217,16432,82.90434782608696,0.9458958925854885,0.8856753576515761,0.9147956246401842,14301,1846,818
Aotus_azarai,Varecia_variegata,same-order,5,2,6,566,356,210,16431,83.16521739130435,0.9459940652818991,0.8885172798216276,0.916355274504168,14346,1800,819
Aotus_azarai,Varecia_variegata,same-order,6,0,1,679,185,494,16496,78.51105708000463,0.9457461645746165,0.8378328288132452,0.8885249123726537,13562,2625,778
Aotus_azarai,Varecia_variegata,same-order,6,0,2,679,327,352,16450,81.34021216161382,0.945998786489584,0.8681019549616431,0.9053779398006259,14032,2132,801
Aotus_azarai,Varecia_variegata,same-order,6,0,3,679,386,293,16429,83.07335459553494,0.9461101571787083,0.8871137531735711,0.9156626506024097,14326,1823,816
Aotus_azarai,Varecia_variegata,same-order,6,0,4,679,412,267,16419,83.7016414361116,0.9461089621713761,0.8939478411695472,0.9192890814116448,14431,1712,822
Aotus_azarai,Varecia_variegata,same-order,6,0,5,679,427,252,16409,84.23648178231608,0.9461097354359442,0.89967777915479,0.9223097446321942,14519,1619,827
Aotus_azarai,Varecia_variegata,same-order,6,0,6,679,438,241,16404,84.59039220236714,0.9460160913573838,0.9037376805305894,0.9243937232524965,14580,1553,832
Aotus_azarai,Varecia_variegata,same-order,6,1,1,679,178,501,16497,78.44782684183113,0.9454558136290716,0.8376073657541865,0.8882699868938402,13555,2628,782
Aotus_azarai,Varecia_variegata,same-order,6,1,2,679,341,338,16437,81.80658627087199,0.9456470745928557,0.8734678717345549,0.9081255028157682,14110,2044,811
Aotus_azarai,Varecia_variegata,same-order,6,1,3,679,400,279,16414,83.61273855792099,0.9458625894087539,0.8930607187112763,0.9187035915739826,14414,1726,825
Aotus_azarai,Varecia_variegata,same-order,6,1,4,679,436,243,16404,84.50116009280742,0.9457283822383796,0.9032178064356129,0.9239843972980687,14568,1561,836
Aotus_azarai,Varecia_variegata,same-order,6,1,5,679,469,210,16397,85.09194268809095,0.9457159435239507,0.9098182720337407,0.9274198647025353,14669,1454,842
Aotus_azarai,Varecia_variegata,same-order,6,1,6,679,474,205,16395,85.31237310748884,0.9457269628962768,0.9122883195831524,0.9287067441273049,14707,1414,844
Aotus_azarai,Varecia_variegata,same-order,6,2,1,679,193,486,16496,78.72648335745296,0.9458237707768273,0.8402322995181021,0.8899067560935712,13600,2586,779
Aotus_azarai,Varecia_variegata,same-order,6,2,2,679,359,320,16449,81.54051234496349,0.9458787145354309,0.8706064356435643,0.9066829928465555,14069,2091,805
Aotus_azarai,Varecia_variegata,same-order,6,2,3,679,403,276,16432,83.03954540183231,0.9462173769408655,0.8866943223329825,0.9154893562615867,14321,1830,814
Aotus_azarai,Varecia_variegata,same-order,6,2,4,679,432,247,16413,83.76747693914254,0.9460132346196685,0.894554240753361,0.9195643867023309,14439,1702,824
Aotus_azarai,Varecia_variegata,same-order,6,2,5,679,448,231,16408,84.22579335151129,0.9459829282595947,0.899727317798711,0.9222755137693358,14518,1618,829
Aotus_azarai,Varecia_variegata,same-order,6,2,6,679,456,223,16405,84.53327145094855,0.9459845484645848,0.9031798177648298,0.9240867579908676,14571,1562,832
Varecia_variegata,Homo_sapiens,same-order,1,1,1,111,25,86,16945,69.79983084296589,0.9400106310274129,0.7845237340769377,0.855257703468288,12379,3400,790
Varecia_variegata,Homo_sapiens,same-order,1,1,2,111,39,72,16938,71.06925332731784,0.9407285756942371,0.7988589540412044,0.8640087758390181,12602,3173,794
Varecia_variegata,Homo_sapiens,same-order,1,1,3,111,43,68,16935,71.47047210784591,0.9410323059784627,0.8032329635499208,0.866689466484268,12671,3104,794
Varecia_variegata,Homo_sapiens,same-order,1,1,4,111,45,66,16935,71.56636020080094,0.941106660732829,0.804310618066561,0.8673479850975835,12688,3087,794
Varecia_variegata,Homo_sapiens,same-order,1,1,5,111,45,66,16935,71.56636020080094,0.941106660732829,0.804310618066561,0.8673479850975835,12688,3087,794
Varecia_variegata,Homo_sapiens,same-order,1,2,1,111,17,94,16950,69.2489851150203,0.9398530762167125,0.7781790534118989,0.8514089632941666,12282,3501,786
Varecia_variegata,Homo_sapiens,same-order,1,2,2,111,24,87,16950,69.72259810554804,0.9402372262773723,0.7835012355065577,0.8547433903576982,12366,3417,786
Varecia_variegata,Homo_sapiens,same-order,1,2,3,111,25,86,16950,69.80717185385656,0.9403053087263613,0.7844516251663182,0.8553367875647668,12381,3402,786
Varecia_variegata,Homo_sapiens,same-order,1,2,4,111,25,86,16950,69.80717185385656,0.9403053087263613,0.7844516251663182,0.8553367875647668,12381,3402,786
Varecia_variegata,Homo_sapiens,same-order,1,0,1,111,23,88,16931,69.69816643159379,0.9396105871615454,0.7831378763866877,0.8542682294367804,12354,3421,794
Varecia_variegata,Homo_sapiens,same-order,1,0,2,111,32,79,16931,70.0592383638928,0.9399031183772328,0.7871949286846276,0.8567978749094421,12418,3357,794
Varecia_variegata,Homo_sapiens,same-order,1,0,3,111,34,77,16929,70.3244005641749,0.9399743609079255,0.790274519748938,0.8586484810911346,12465,3308,796
Varecia_variegata,Homo_sapiens,same-order,1,0,4,111,35,76,16929,70.48801128349788,0.9401053423626787,0.7921131046725417,0.8597873584970582,12494,3279,796
Varecia_variegata,Homo_sapiens,same-order,1,0,5,111,36,75,16929,70.49929478138223,0.9401143544989468,0.7922399036327902,0.8598658179941511,12496,3277,796
Varecia_variegata,Homo_sapiens,same-order,1,0,6,111,36,75,16929,70.49929478138223,0.9401143544989468,0.7922399036327902,0.8598658179941511,12496,3277,796
Aotus_azarai,Varecia_variegata,same-order,7,0,1,792,201,591,16493,78.53545586107091,0.9455014286709875,0.8383488846320213,0.8887069304336433,13567,2616,782
Aotus_azarai,Varecia_variegata,same-order,7,0,2,792,380,412,16435,81.72329815609417,0.9455887286145589,0.8724774049770955,0.907563025210084,14094,2060,811
Aotus_azarai,Varecia_variegata,same-order,7,0,3,792,443,349,16418,83.19703033466736,0.9457374563196413,0.8886135547020195,0.9162860519339487,14344,1798,823
Aotus_azarai,Varecia_variegata,same-order,7,0,4,792,484,308,16404,84.31190531445812,0.9458474355636552,0.9007624124465381,0.9227545480521954,14532,1601,832
Aotus_azarai,Varecia_variegata,same-order,7,0,5,792,517,275,16396,85.04206556425878,0.9458569953536397,0.9089048741163339,0.9270128391626082,14657,1469,839
Aotus_azarai,Varecia_variegata,same-order,7,0,6,792,534,258,16391,85.6728369987814,0.9460463924131745,0.9157104757179185,0.9306312836836963,14764,1359,842
Aotus_azarai,Varecia_variegata,same-order,7,1,1,792,205,587,16494,78.75911563838407,0.9455252918287937,0.8409863420060565,0.8901972328525168,13608,2573,784
Aotus_azarai,Varecia_variegata,same-order,7,1,2,792,400,392,16434,81.99582511886814,0.945696515749348,0.8754410945335231,0.909213656529287,14141,2012,812
Aotus_azarai,Varecia_variegata,same-order,7,1,3,792,477,315,16414,83.70069605568446,0.9458573675930781,0.8941074416010906,0.9192546583850932,14430,1709,826
Aotus_azarai,Varecia_variegata,same-order,7,1,4,792,521,271,16396,84.72206104212603,0.9457218731783147,0.9053760773857507,0.9251092948108723,14601,1526,838
Aotus_azarai,Varecia_variegata,same-order,7,1,5,792,546,246,16393,85.12243240106766,0.945780413899813,0.9098238650458943,0.9274537695590327,14670,1454,841
Aotus_azarai,Varecia_variegata,same-order,7,1,6,792,554,238,16388,85.44568245125348,0.9457862281603289,0.9133428447366788,0.9292814541323486,14724,1397,844
Varecia_variegata,Homo_sapiens,same-order,2,1,1,221,28,193,16936,70.01635369085885,0.9396806175736018,0.7872178544255642,0.8567189925823702,12416,3356,797
Varecia_variegata,Homo_sapiens,same-order,2,1,2,221,43,178,16926,70.81288430078412,0.9400179721431781,0.7961060375443937,0.8620973834214682,12553,3215,801
Varecia_variegata,Homo_sapiens,same-order,2,1,3,221,54,167,16924,71.40761636107193,0.9404814979937584,0.8027016742770168,0.8661465818107166,12657,3111,801
Varecia_variegata,Homo_sapiens,same-order,2,1,4,221,63,158,16923,71.6824644549763,0.9406930253220791,0.8057458143074582,0.8680057388809183,12705,3063,801
Varecia_variegata,Homo_sapiens,same-order,2,1,5,221,63,158,16923,71.6824644549763,0.9406930253220791,0.8057458143074582,0.8680057388809183,12705,3063,801
Aotus_azarai,Varecia_variegata,same-order,7,2,1,792,208,584,16498,78.16045380875202,0.9455220222673483,0.8341879285846667,0.8863725876329265,13503,2684,778
Aotus_azarai,Varecia_variegata,same-order,7,2,2,792,369,423,16451,81.13448056086679,0.9454459523327257,0.8666831713808256,0.9043528803926634,14003,2154,808
Aotus_azarai,Varecia_variegata,same-order,7,2,3,792,442,350,16414,82.85962877030163,0.9453378333664219,0.8851229939897144,0.91424,14285,1854,826
Aotus_azarai,Varecia_variegata,same-order,7,2,4,792,493,299,16407,84.12412993039443,0.9456833594157538,0.8990205802132407,0.9217617897546714,14503,1629,833
Aotus_azarai,Varecia_variegata,same-order,7,2,5,792,526,266,16394,84.75107345944065,0.9456169882170141,0.9057984496124031,0.9252795286813849,14606,1519,840
Aotus_azarai,Varecia_variegata,same-order,7,2,6,792,538,254,16389,85.40506035283194,0.9458226221079692,0.9128520034735145,0.9290448835300803,14717,1405,843
Varecia_variegata,Homo_sapiens,same-order,2,0,1,221,40,181,16924,70.77079336418012,0.9401799100449775,0.7952571174941349,0.8616674109443165,12542,3229,798
Varecia_variegata,Homo_sapiens,same-order,2,0,2,221,68,153,16895,72.46016499039439,0.9410728700374257,0.8133959152606876,0.8725887115979996,12824,2942,803
Varecia_variegata,Homo_sapiens,same-order,2,0,3,221,86,135,16888,73.52891300661354,0.9418579393237274,0.825066599010529,0.8796023937519019,13008,2758,803
Varecia_variegata,Homo_sapiens,same-order,2,0,4,221,92,129,16888,73.85111073427166,0.9420969137582925,0.8286819738678168,0.8817574407774853,13065,2701,803
Varecia_variegata,Homo_sapiens,same-order,2,0,5,221,96,125,16882,74.12097230073488,0.9419540229885057,0.8319269081911046,0.8835281830127016,13112,2649,808
Varecia_variegata,Homo_sapiens,same-order,2,0,6,221,96,125,16881,74.12516253038612,0.9419540229885057,0.8319269081911046,0.8835281830127016,13112,2649,808
Aotus_azarai,Varecia_variegata,same-order,8,0,1,905,222,683,16495,78.34520294134677,0.9457608163835884,0.8358144419049972,0.8873950682056663,13531,2658,776
Aotus_azarai,Varecia_variegata,same-order,8,0,2,905,406,499,16446,81.60319944357504,0.9457879887142281,0.8713330857779428,0.907035175879397,14079,2079,807
Aotus_azarai,Varecia_variegata,same-order,8,0,3,905,505,400,16416,83.30626450116009,0.9457394969050441,0.8897837804349172,0.9169087368723464,14362,1779,824
Aotus_azarai,Varecia_variegata,same-order,8,0,4,905,554,351,16402,84.11979801497475,0.9460182767624021,0.8980666749287396,0.921419034903681,14493,1645,827
Aotus_azarai,Varecia_variegata,same-order,8,0,5,905,579,326,16399,84.43902722154508,0.9460267915203537,0.9016423923148436,0.9233014946212674,14548,1587,830
Aotus_azarai,Varecia_variegata,same-order,8,0,6,905,584,321,16398,84.70021475419351,0.9461229253112033,0.9044874178752944,0.9248368084162494,14593,1541,831
Varecia_variegata,Homo_sapiens,same-order,2,2,1,221,48,173,16913,70.91217170290878,0.9406608226567768,0.7957786651454649,0.8621755253399258,12555,3222,792
Varecia_variegata,Homo_sapiens,same-order,2,2,2,221,85,136,16893,73.20822970834276,0.94189513489928,0.8213062777425492,0.8774770502354257,12952,2818,799
Varecia_variegata,Homo_sapiens,same-order,2,2,3,221,104,117,16869,74.10633484162896,0.9417091928412277,0.8314506917121463,0.8831518991607968,13102,2656,811
Varecia_variegata,Homo_sapiens,same-order,2,2,4,221,112,109,16863,74.50503450616586,0.9417274417274417,0.8360416402183573,0.885743106926698,13171,2583,815
Varecia_variegata,Homo_sapiens,same-order,2,2,5,221,115,106,16863,74.67473696119471,0.9418521689497716,0.8379459184968897,0.886865972455492,13201,2553,815
Varecia_variegata,Homo_sapiens,same-order,2,2,6,221,117,104,16862,74.81473100639249,0.9419515669515669,0.8394693411197156,0.8877626367725046,13225,2529,815
Aotus_azarai,Varecia_variegata,same-order,8,1,1,905,237,668,16495,78.62599837944207,0.9455038975501113,0.8395130391793351,0.8893617021276595,13585,2597,783
Aotus_azarai,Varecia_variegata,same-order,8,1,2,905,444,461,16436,81.81343846020059,0.9455276381909548,0.8736998514115899,0.908195771792644,14112,2040,813
Aotus_azarai,Varecia_variegata,same-order,8,1,3,905,501,404,16414,83.2308584686775,0.9455683690280066,0.8890885432802528,0.9164590917800344,14349,1790,826
Aotus_azarai,Varecia_variegata,same-order,8,1,4,905,547,358,16396,84.26366484855518,0.9454427083333333,0.9004774601599802,0.9224124241750564,14522,1605,838
Aotus_azarai,Varecia_variegata,same-order,8,1,5,905,584,321,16392,84.86712312869908,0.9455650374967676,0.9071512745766916,0.925959925295179,14626,1497,842
Aotus_azarai,Varecia_variegata,same-order,8,1,6,905,607,298,16387,85.2225898194904,0.9457648953301128,0.9106865967871984,0.9278943377148635,14683,1440,842
Aotus_azarai,Varecia_variegata,same-order,8,2,1,905,234,671,16489,78.98454234933132,0.9456574478408539,0.8431493727210927,0.8914662833246211,13643,2538,784
Aotus_azarai,Varecia_variegata,same-order,8,2,2,905,475,430,16431,82.52551020408163,0.9457178924988373,0.8814713896457765,0.9124651431135613,14234,1914,817
Aotus_azarai,Varecia_variegata,same-order,8,2,3,905,546,359,16404,84.15221300539474,0.945574240646591,0.8993800371977682,0.92189883070666,14507,1623,835
Aotus_azarai,Varecia_variegata,same-order,8,2,4,905,584,321,16392,85.03539514912383,0.945666903271601,0.9089499472802828,0.926944971537002,14655,1468,842
Aotus_azarai,Varecia_variegata,same-order,8,2,5,905,609,296,16383,85.60482934757371,0.9458090168665427,0.9148883374689827,0.9300917604767762,14748,1372,845
Aotus_azarai,Varecia_variegata,same-order,8,2,6,905,622,283,16383,85.81959600650104,0.9459373000639796,0.9171836228287841,0.9313385826771654,14785,1335,845
Varecia_variegata,Homo_sapiens,same-order,3,0,1,332,49,283,16915,71.02365761391226,0.9404859813084112,0.797502060483104,0.8631123919308358,12579,3194,796
Varecia_variegata,Homo_sapiens,same-order,3,0,2,332,95,237,16902,72.92808315914355,0.9417128683980157,0.81857958148383,0.8758396092000813,12909,2861,799
Varecia_variegata,Homo_sapiens,same-order,3,0,3,332,123,209,16889,74.0407978753461,0.9419164689813816,0.8313558784341095,0.8831895389592883,13103,2658,808
Varecia_variegata,Homo_sapiens,same-order,3,0,4,332,129,203,16885,74.43201085113598,0.9421274769296802,0.8356598984771574,0.8857056390598205,13170,2590,809
Varecia_variegata,Homo_sapiens,same-order,3,0,5,332,135,197,16884,74.78663878369977,0.9423830211523396,0.8395939086294416,0.8880238918157111,13232,2528,809
Varecia_variegata,Homo_sapiens,same-order,3,0,6,332,138,194,16883,74.88837393319392,0.9423897581792319,0.8407893901897329,0.8886951272678493,13250,2509,810
Varecia_variegata,Homo_sapiens,same-order,3,1,1,332,62,270,16908,72.19021800519597,0.9412371134020618,0.8104749223257879,0.8709754352492249,12782,2989,798
Varecia_variegata,Homo_sapiens,same-order,3,1,2,332,143,189,16885,74.69620753970497,0.9423844837421563,0.838525474271937,0.8874265569917744,13216,2545,808
Varecia_variegata,Homo_sapiens,same-order,3,1,3,332,161,171,16872,75.53293751767035,0.9426293133864936,0.8478040111703478,0.8927055835867277,13358,2398,813
Varecia_variegata,Homo_sapiens,same-order,3,1,4,332,172,160,16871,76.12100650268589,0.9429812272345195,0.8544589019358934,0.8965402417501914,13462,2293,814
Varecia_variegata,Homo_sapiens,same-order,3,1,5,332,183,149,16869,76.436326622936,0.9431342450460508,0.858004316364098,0.8985574685900419,13517,2237,815
Varecia_variegata,Homo_sapiens,same-order,3,1,6,332,186,146,16860,76.50486535415253,0.9430922658483856,0.8584396622865486,0.8987770836102619,13523,2230,816
Varecia_variegata,Homo_sapiens,same-order,3,2,1,332,60,272,16905,71.45600361459393,0.9404593770906118,0.8023845763571791,0.8659525683583723,12652,3116,801
Varecia_variegata,Homo_sapiens,same-order,3,2,2,332,122,210,16877,74.24499491007805,0.9422234981698127,0.8327835574727227,0.8841297100717244,13128,2636,805
Varecia_variegata,Homo_sapiens,same-order,3,2,3,332,163,169,16847,76.10344047080127,0.9422026061370323,0.8542301829268293,0.8960623625824505,13449,2295,825
Varecia_variegata,Homo_sapiens,same-order,3,2,4,332,175,157,16843,76.92002943007527,0.9427065270167164,0.8633043257320714,0.9012599469496022,13591,2152,826
Varecia_variegata,Homo_sapiens,same-order,3,2,5,332,184,148,16835,77.3594519617279,0.942865028981507,0.8680515850327171,0.9039129428108358,13664,2077,828
Varecia_variegata,Homo_sapiens,same-order,3,2,6,332,193,139,16830,77.83817450880471,0.942996295788174,0.8734909137120346,0.906913840876105,13747,1991,831
Varecia_variegata,Homo_sapiens,same-order,4,0,1,442,83,359,16908,72.356529597831,0.9414963986476554,0.8121473403918088,0.8720514653323804,12810,2963,796
Varecia_variegata,Homo_sapiens,same-order,4,0,2,442,181,261,16865,76.15249731319645,0.9429852209848008,0.8545223738495715,0.8965769845498134,13463,2292,814
Varecia_variegata,Homo_sapiens,same-order,4,0,3,442,231,211,16848,78.06645157638535,0.943946341797276,0.8756825396825397,0.9085339745067685,13792,1958,819
Varecia_variegata,Homo_sapiens,same-order,4,0,4,442,256,186,16845,78.69353560511718,0.94423690823881,0.8827787655575311,0.9124741557546519,13902,1846,821
Varecia_variegata,Homo_sapiens,same-order,4,0,5,442,262,180,16829,79.08333805450116,0.9443880657600974,0.8864545627738617,0.914504716981132,13959,1788,822
Varecia_variegata,Homo_sapiens,same-order,4,0,6,442,269,173,16824,79.3664286523858,0.9445605989073986,0.8893757541118943,0.9161378949434159,14005,1742,822
Varecia_variegata,Homo_sapiens,same-order,4,1,1,442,90,352,16892,72.59523002147621,0.9412325053125229,0.8146762224900108,0.8733936220847216,12845,2922,802
Varecia_variegata,Homo_sapiens,same-order,4,1,2,442,175,267,16872,75.50904977375566,0.9429297923435513,0.8470274728760866,0.8924095056652963,13350,2411,808
Varecia_variegata,Homo_sapiens,same-order,4,1,3,442,214,228,16846,77.18394383740022,0.9434602076124567,0.8654773996952768,0.9027878948414012,13633,2119,817
Varecia_variegata,Homo_sapiens,same-order,4,1,4,442,241,201,16840,78.07792501982104,0.9439917836357412,0.8753095041584661,0.9083541968638819,13787,1964,818
Varecia_variegata,Homo_sapiens,same-order,4,1,5,442,249,193,16838,78.45169328349756,0.9441150412321951,0.8796114038986602,0.9107225034514494,13853,1896,820
Varecia_variegata,Homo_sapiens,same-order,4,1,6,442,249,193,16838,78.45169328349756,0.9441150412321951,0.8796114038986602,0.9107225034514494,13853,1896,820
Varecia_variegata,Homo_sapiens,same-order,4,2,1,442,96,346,16904,72.14596396091058,0.9411244565617861,0.8098922003804693,0.8705906410824443,12772,2998,799
Varecia_variegata,Homo_sapiens,same-order,4,2,2,442,179,263,16870,75.35904104941761,0.9423076923076923,0.8460610677331302,0.8915944743619761,13328,2425,816
Varecia_variegata,Homo_sapiens,same-order,4,2,3,442,235,207,16843,77.46518736556096,0.9432726771436449,0.8691096151403531,0.9046737621471541,13685,2061,823
Varecia_variegata,Homo_sapiens,same-order,4,2,4,442,268,174,16830,78.64627584253752,0.9439157036029912,0.8819232723577236,0.9118670782163263,13885,1859,825
Varecia_variegata,Homo_sapiens,same-order,4,2,5,442,283,159,16825,79.09585316111489,0.9440800595036851,0.8869266929233897,0.9146113785988012,13962,1780,827
Varecia_variegata,Homo_sapiens,same-order,4,2,6,442,290,152,16821,79.34961192000453,0.9440550013480723,0.8898913526907681,0.9161733442354865,14006,1733,830
Varecia_variegata,Homo_sapiens,same-order,5,0,1,553,96,457,16899,72.15661901802362,0.9410507700243166,0.8098801445874818,0.8705521472392638,12771,2998,800
Varecia_variegata,Homo_sapiens,same-order,5,0,2,553,228,325,16858,76.01991738810615,0.9428070175438596,0.8527992890694427,0.8955472603652846,13435,2319,815
Varecia_variegata,Homo_sapiens,same-order,5,0,3,553,290,263,16823,77.8016875247749,0.9426415094339623,0.8732600266954809,0.9066253134485944,13739,1994,836
Varecia_variegata,Homo_sapiens,same-order,5,0,4,553,324,229,16810,79.02311876699909,0.9433170995670995,0.8865297819591889,0.9140422742913321,13946,1785,838
Varecia_variegata,Homo_sapiens,same-order,5,0,5,553,344,209,16796,79.58732498157701,0.9432314410480349,0.8929025693207835,0.9173772419876507,14040,1684,845
Varecia_variegata,Homo_sapiens,same-order,5,0,6,553,360,193,16774,80.1032565528197,0.943089973949636,0.8983266526690844,0.9201642335766425,14119,1598,852
Varecia_variegata,Homo_sapiens,same-order,5,1,1,553,85,468,16907,72.24607388995594,0.9414752650176679,0.8107645492582731,0.871244635193133,12789,2985,795
Varecia_variegata,Homo_sapiens,same-order,5,1,2,553,205,348,16860,75.99592575826166,0.9429855357393625,0.8523196039855302,0.8953631787726257,13430,2327,812
Varecia_variegata,Homo_sapiens,same-order,5,1,3,553,285,268,16843,78.11243843061767,0.9439009372648286,0.8760556225792113,0.9087136929460581,13797,1952,820
Varecia_variegata,Homo_sapiens,same-order,5,1,4,553,317,236,16813,79.07952162330669,0.943850629143553,0.8864603850308151,0.9142557583303299,13952,1787,830
Varecia_variegata,Homo_sapiens,same-order,5,1,5,553,340,213,16811,79.57714544836186,0.9441156691324815,0.892044732494599,0.9173418714061683,14039,1699,831
Varecia_variegata,Homo_sapiens,same-order,5,1,6,553,352,201,16809,79.82088198616937,0.9441501843781428,0.8948906964921199,0.9188607223255358,14082,1654,833
Varecia_variegata,Homo_sapiens,same-order,5,2,1,553,106,447,16912,72.65541189091525,0.9415380112680178,0.8159797083069119,0.8742738730169515,12868,2902,799
Varecia_variegata,Homo_sapiens,same-order,5,2,2,553,233,320,16841,76.87124900917223,0.9429781914154743,0.8621412242824485,0.9007496848669806,13577,2171,821
Varecia_variegata,Homo_sapiens,same-order,5,2,3,553,331,222,16821,78.91129489067633,0.9435789758872934,0.8852948652770717,0.9135081967213116,13931,1805,833
Varecia_variegata,Homo_sapiens,same-order,5,2,4,553,350,203,16807,79.70299835628862,0.9438850852463417,0.8937901226720905,0.9181548104861088,14062,1671,836
Varecia_variegata,Homo_sapiens,same-order,5,2,5,553,372,181,16802,79.99093073347693,0.9438202247191011,0.897196261682243,0.919917864476386,14112,1617,840
Varecia_variegata,Homo_sapiens,same-order,5,2,6,553,379,174,16798,80.34013605442176,0.9439190089250034,0.9011254530425383,0.9220259588172148,14172,1555,842
Varecia_variegata,Homo_sapiens,same-order,6,0,1,663,124,539,16886,73.05517865219358,0.9415622267560478,0.8195598401725122,0.8763351530975552,12922,2845,802
Varecia_variegata,Homo_sapiens,same-order,6,0,2,663,287,376,16841,76.68666515734661,0.9424735670562048,0.8606911447084233,0.8997277375655754,13549,2193,827
Varecia_variegata,Homo_sapiens,same-order,6,0,3,663,368,295,16805,78.85847078161311,0.9431902921835807,0.8844320132222999,0.9128666098025063,13913,1818,838
Varecia_variegata,Homo_sapiens,same-order,6,0,4,663,420,243,16783,80.17466258364523,0.9432250316899059,0.8994783051278789,0.9208323834956199,14138,1580,851
Varecia_variegata,Homo_sapiens,same-order,6,0,5,663,449,214,16773,81.0823075614045,0.9434983498349835,0.9096926112136448,0.9262871399410296,14294,1419,856
Varecia_variegata,Homo_sapiens,same-order,6,0,6,663,469,194,16762,81.55609783780716,0.9435981615233092,0.9147676639083386,0.9289592760180995,14371,1339,859
Varecia_variegata,Gorilla_gorilla,same-order,1,0,1,110,21,89,16932,73.04428687667092,0.9786637595390126,0.7811062771908017,0.8687957970413382,12568,3522,274
Varecia_variegata,Gorilla_gorilla,same-order,1,0,2,110,31,79,16920,73.65084903465922,0.9786724364423152,0.7872327200397812,0.8725757001619071,12665,3423,276
Varecia_variegata,Gorilla_gorilla,same-order,1,0,3,110,32,78,16920,73.65084903465922,0.9786724364423152,0.7872327200397812,0.8725757001619071,12665,3423,276
Varecia_variegata,Gorilla_gorilla,same-order,1,0,4,110,32,78,16920,73.65084903465922,0.9786724364423152,0.7872327200397812,0.8725757001619071,12665,3423,276
Varecia_variegata,Gorilla_gorilla,same-order,1,2,1,110,19,91,16940,73.0626234460323,0.9786787020465333,0.7816656308266003,0.8691475761031062,12577,3513,274
Varecia_variegata,Gorilla_gorilla,same-order,1,2,2,110,30,80,16926,73.61934658760609,0.9786707882534776,0.7871705619094977,0.8725368609618298,12664,3424,276
Varecia_variegata,Gorilla_gorilla,same-order,1,2,3,110,31,79,16925,73.68757630370327,0.9786889043317119,0.7878543013426156,0.8729639450394298,12675,3413,276
Varecia_variegata,Gorilla_gorilla,same-order,1,2,4,110,31,79,16925,73.68757630370327,0.9786889043317119,0.7878543013426156,0.8729639450394298,12675,3413,276
Varecia_variegata,Homo_sapiens,same-order,6,1,1,663,104,559,16909,72.36686056361891,0.9413752571260653,0.8125039629700083,0.872205016506143,12814,2957,798
Varecia_variegata,Homo_sapiens,same-order,6,1,2,663,265,398,16856,76.6383701188455,0.9432989690721649,0.8595366550301492,0.899471953771047,13542,2213,814
Varecia_variegata,Homo_sapiens,same-order,6,1,3,663,362,301,16829,79.14353687549564,0.9442454551598297,0.8874491869918699,0.9149667659867065,13972,1772,825
Varecia_variegata,Homo_sapiens,same-order,6,1,4,663,404,259,16817,80.25271985494106,0.944577831132453,0.8999237514296607,0.9217102694260054,14163,1575,831
Varecia_variegata,Homo_sapiens,same-order,6,1,5,663,429,234,16797,80.74741975728706,0.9444812947731493,0.9050978896516654,0.9243702934302778,14239,1493,837
Varecia_variegata,Homo_sapiens,same-order,6,1,6,663,442,221,16790,81.17627041742287,0.9444407786209172,0.9100909264322503,0.9269477365455605,14313,1414,842
Varecia_variegata,Gorilla_gorilla,same-order,1,1,1,110,30,80,16929,73.74447802836549,0.97878413825027,0.7885511840387842,0.8734294860762107,12687,3402,275
Varecia_variegata,Gorilla_gorilla,same-order,1,1,2,110,38,72,16922,74.28355519386153,0.9784839203675345,0.7945656904806317,0.8769858971279553,12779,3304,281
Varecia_variegata,Gorilla_gorilla,same-order,1,1,3,110,39,71,16922,74.34168458989711,0.9785003825554706,0.7951874650251819,0.877371111034885,12789,3294,281
Varecia_variegata,Gorilla_gorilla,same-order,1,1,4,110,40,70,16922,74.4811951403825,0.978539789216435,0.7966797239321022,0.8782945470747506,12813,3270,281
Varecia_variegata,Gorilla_gorilla,same-order,1,1,5,110,40,70,16922,74.4811951403825,0.978539789216435,0.7966797239321022,0.8782945470747506,12813,3270,281
Varecia_variegata,Homo_sapiens,same-order,6,2,1,663,133,530,16905,72.66308952273369,0.9414562751555068,0.8158412074323039,0.8741591356934157,12865,2904,800
Varecia_variegata,Homo_sapiens,same-order,6,2,2,663,297,366,16849,76.91611004188837,0.9432835820895522,0.8626206196038598,0.9011506449580527,13588,2164,817
Varecia_variegata,Homo_sapiens,same-order,6,2,3,663,391,272,16815,78.92320770756588,0.9437516942260775,0.884808437638986,0.9133300541072308,13926,1813,830
Varecia_variegata,Homo_sapiens,same-order,6,2,4,663,437,226,16804,79.90248880322014,0.9440685913323063,0.8957671285115038,0.9192838274141474,14094,1640,835
Varecia_variegata,Homo_sapiens,same-order,6,2,5,663,455,208,16799,80.58736818233359,0.9442636019398126,0.9036236490781945,0.923496735210993,14214,1516,839
Varecia_variegata,Homo_sapiens,same-order,6,2,6,663,470,193,16795,80.9083692447267,0.9443414956982131,0.907235503560529,0.9254166936896038,14269,1459,841
Varecia_variegata,Homo_sapiens,same-order,7,0,1,774,154,620,16895,72.91631349946319,0.9414854808113235,0.8184182152597197,0.875648898992298,12904,2863,802
Varecia_variegata,Homo_sapiens,same-order,7,0,2,774,336,438,16838,77.16308040770102,0.9431102498442799,0.8653711818124087,0.9025698768048748,13627,2120,822
Varecia_variegata,Homo_sapiens,same-order,7,0,3,774,440,334,16800,79.3570699625808,0.9435119649477587,0.8897717881889263,0.9158542171039717,13997,1734,838
Varecia_variegata,Homo_sapiens,same-order,7,0,4,774,496,278,16788,80.76006806579694,0.9441644562334217,0.9053220576079354,0.9243353783231083,14238,1489,842
Varecia_variegata,Homo_sapiens,same-order,7,0,5,774,530,244,16779,81.38439716312057,0.9443054641211324,0.912294091458373,0.9280238087535988,14344,1379,846
Varecia_variegata,Homo_sapiens,same-order,7,0,6,774,541,233,16771,81.99148936170212,0.9442012414243711,0.9195672923958002,0.9317214700193424,14451,1264,854
Varecia_variegata,Homo_sapiens,same-order,7,1,1,774,135,639,16884,73.41249646593158,0.9418891468369124,0.8233764586504313,0.8786545749864646,12983,2785,801
Varecia_variegata,Homo_sapiens,same-order,7,1,2,774,358,416,16831,77.78469902032958,0.9431474869541335,0.8726256273426085,0.9065170763900348,13736,2005,828
Varecia_variegata,Homo_sapiens,same-order,7,1,3,774,460,314,16811,79.72123066462689,0.9437885698953582,0.8944123069099231,0.9184372858122002,14070,1661,838
Varecia_variegata,Homo_sapiens,same-order,7,1,4,774,503,271,16796,80.65649980157605,0.9440610484406105,0.9046801475263894,0.9239511624886347,14227,1499,843
Varecia_variegata,Homo_sapiens,same-order,7,1,5,774,527,247,16789,81.2836650223961,0.9441517386722866,0.9119012785446219,0.9277463193657984,14336,1385,848
Varecia_variegata,Homo_sapiens,same-order,7,1,6,774,546,228,16776,81.93112838259488,0.9443536258418884,0.9188191881918819,0.9314114346522202,14442,1276,851
Varecia_variegata,Homo_sapiens,same-order,7,2,1,774,130,644,16894,73.07301084990958,0.94160052428457,0.8201306526289085,0.8766779661016949,12931,2836,802
Varecia_variegata,Homo_sapiens,same-order,7,2,2,774,338,436,16841,77.23360887781678,0.9432305351956852,0.8662052324104649,0.9030784508440914,13641,2107,821
Varecia_variegata,Homo_sapiens,same-order,7,2,3,774,434,340,16816,79.37209565907288,0.9440550013480723,0.8898913526907681,0.9161733442354865,14006,1733,830
Varecia_variegata,Homo_sapiens,same-order,7,2,4,774,489,285,16797,80.65906641710623,0.9446031218864165,0.9037813790911979,0.9237414745047093,14221,1514,834
Varecia_variegata,Homo_sapiens,same-order,7,2,5,774,520,254,16777,81.17586970092503,0.9442830736730922,0.9096343402225755,0.9266349237197552,14304,1421,844
Varecia_variegata,Homo_sapiens,same-order,7,2,6,774,539,235,16761,81.76243470361118,0.944200380302931,0.9161470925054078,0.929962220284801,14400,1318,851
Varecia_variegata,Homo_sapiens,same-order,8,0,1,884,135,749,16897,72.89112379230465,0.9414726702182004,0.818227944440921,0.8755344418052255,12901,2866,802
Varecia_variegata,Homo_sapiens,same-order,8,0,2,884,361,523,16828,77.07991164977062,0.9425860516656278,0.8646759847522236,0.9019516882600483,13610,2130,829
Varecia_variegata,Homo_sapiens,same-order,8,0,3,884,492,392,16813,79.28943789664551,0.9436876180199623,0.8893479089869073,0.9157123224919835,13993,1741,835
Varecia_variegata,Homo_sapiens,same-order,8,0,4,884,557,327,16790,80.4525348758081,0.943849377952232,0.9021939586645469,0.9225516972298088,14187,1538,844
Varecia_variegata,Homo_sapiens,same-order,8,0,5,884,589,295,16774,81.19008451982529,0.943631329113924,0.9108438335242459,0.9269477365455605,14313,1401,855
Varecia_variegata,Homo_sapiens,same-order,8,0,6,884,613,271,16759,81.9182746878547,0.9437070938215103,0.9188948306595366,0.9311356965454956,14434,1274,861
Varecia_variegata,Gorilla_gorilla,same-order,2,0,1,219,43,176,16922,73.90975694848238,0.9787479787479787,0.7900919940328195,0.8743594153052451,12711,3377,276
Varecia_variegata,Gorilla_gorilla,same-order,2,0,2,219,70,149,16896,75.2720712331956,0.9782921110354739,0.804503327735274,0.8829271622636358,12934,3143,287
Varecia_variegata,Gorilla_gorilla,same-order,2,0,3,219,88,131,16874,76.28451590353023,0.9781877941286322,0.8147710303633648,0.8890322142638922,13095,2977,292
Varecia_variegata,Gorilla_gorilla,same-order,2,0,4,219,97,122,16871,76.85988930964172,0.9782012308148588,0.8209707529558183,0.8927157695300606,13193,2877,294
Varecia_variegata,Gorilla_gorilla,same-order,2,0,5,219,105,114,16865,77.3892773892774,0.978268876611418,0.8264359947725434,0.8959654567534745,13280,2789,295
Varecia_variegata,Gorilla_gorilla,same-order,2,0,6,219,108,111,16861,77.63725375917939,0.9781906300484653,0.8290906827659177,0.8974903149738925,13321,2746,297
Varecia_variegata,Gorilla_gorilla,same-order,2,1,1,219,36,183,16933,73.62241339223436,0.9790523305248512,0.7870502703038588,0.8726145366861867,12666,3427,271
Varecia_variegata,Gorilla_gorilla,same-order,2,1,2,219,67,152,16901,75.45248210440552,0.9787121612440552,0.8061808232806865,0.8841078795731186,12965,3117,282
Varecia_variegata,Gorilla_gorilla,same-order,2,1,3,219,81,138,16892,76.23566396926122,0.9786995515695067,0.8144163194228496,0.8890322142638922,13095,2984,285
Varecia_variegata,Gorilla_gorilla,same-order,2,1,4,219,87,132,16889,76.4877139862583,0.9787646226063632,0.8169662292431121,0.8905762711864407,13136,2943,285
Varecia_variegata,Gorilla_gorilla,same-order,2,1,5,219,89,130,16882,76.78509027373326,0.9786223277909739,0.8201045036078627,0.8923785027751455,13184,2892,288
Varecia_variegata,Gorilla_gorilla,same-order,2,1,6,219,89,130,16882,76.78509027373326,0.9786223277909739,0.8201045036078627,0.8923785027751455,13184,2892,288
Varecia_variegata,Homo_sapiens,same-order,8,1,1,884,148,736,16894,73.20146934162193,0.9417623963937763,0.8214738711314054,0.8775150735045052,12953,2815,801
Varecia_variegata,Homo_sapiens,same-order,8,1,2,884,385,499,16834,77.72995015858632,0.9434896191392823,0.8715310852860862,0.9060839137754597,13724,2023,822
Varecia_variegata,Homo_sapiens,same-order,8,1,3,884,526,358,16815,80.17905711695376,0.9444036574784757,0.8992119979664464,0.9212539470685894,14150,1586,833
Varecia_variegata,Homo_sapiens,same-order,8,1,4,884,576,308,16804,81.11004025171495,0.9448553691718399,0.909304690479217,0.926739214924213,14307,1427,835
Varecia_variegata,Homo_sapiens,same-order,8,1,5,884,603,281,16784,81.5102689209123,0.9446380432638569,0.913524511985757,0.9288207913110939,14367,1360,842
Varecia_variegata,Homo_sapiens,same-order,8,1,6,884,611,273,16781,81.62269503546099,0.9445830597504925,0.9148489666136725,0.9294782749151995,14386,1339,844
Varecia_variegata,Gorilla_gorilla,same-order,2,2,1,219,45,174,16923,74.16409838925394,0.9789683758059564,0.7926662523306401,0.8760217047874167,12754,3336,274
Varecia_variegata,Gorilla_gorilla,same-order,2,2,2,219,70,149,16903,75.61529062663641,0.9786144578313253,0.8082089552238806,0.8852861035422342,12996,3084,284
Varecia_variegata,Gorilla_gorilla,same-order,2,2,3,219,84,135,16894,76.50174621653085,0.978702807357212,0.8174524194551561,0.8908394618226183,13143,2935,286
Varecia_variegata,Gorilla_gorilla,same-order,2,2,4,219,93,126,16883,77.07314232471465,0.9786305826678497,0.8233281493001555,0.8942869691543633,13235,2840,289
Varecia_variegata,Gorilla_gorilla,same-order,2,2,5,219,99,120,16883,77.57978103890053,0.9787671736095804,0.8287402799377916,0.8975274540187294,13322,2753,289
Varecia_variegata,Gorilla_gorilla,same-order,2,2,6,219,104,115,16881,77.80107151176334,0.9786828803750641,0.8312076152553972,0.8989368860180326,13360,2713,291
Varecia_variegata,Homo_sapiens,same-order,8,2,1,884,158,726,16904,73.36459157157384,0.9421109902067465,0.8234734639528248,0.8788063337393422,12987,2784,798
Varecia_variegata,Homo_sapiens,same-order,8,2,2,884,403,481,16838,77.95083824195741,0.9438995953638296,0.8737857913783252,0.9074904391401821,13763,1988,818
Varecia_variegata,Homo_sapiens,same-order,8,2,3,884,540,344,16805,80.07934258996883,0.9438877755511023,0.8983406446690826,0.9205511580181764,14130,1599,840
Varecia_variegata,Homo_sapiens,same-order,8,2,4,884,598,286,16773,81.28263337116913,0.9441624365482234,0.9109528049866429,0.9272603670972127,14322,1400,847
Varecia_variegata,Homo_sapiens,same-order,8,2,5,884,622,262,16761,81.74954586739328,0.9439564761405349,0.916443935344279,0.9299967710687763,14401,1313,855
Varecia_variegata,Homo_sapiens,same-order,8,2,6,884,636,248,16761,81.78360581289736,0.9439785087144542,0.9168257604683722,0.9302040289256198,14407,1307,855
Varecia_variegata,Gorilla_gorilla,same-order,3,0,1,328,65,263,16914,74.62486914039782,0.9786438868126001,0.7977493160905248,0.8789861277616031,12831,3253,280
Varecia_variegata,Gorilla_gorilla,same-order,3,0,2,328,113,215,16870,77.25074296369675,0.9785208148804252,0.8247993529521558,0.8951082002633266,13257,2816,291
Varecia_variegata,Gorilla_gorilla,same-order,3,0,3,328,143,185,16842,78.98512685914261,0.9781148429035753,0.8431604507813959,0.9056376646826724,13542,2519,303
Varecia_variegata,Gorilla_gorilla,same-order,3,0,4,328,166,162,16839,79.88918051910179,0.9781475398128973,0.8529704820027401,0.9112803965270617,13697,2361,306
Varecia_variegata,Gorilla_gorilla,same-order,3,0,5,328,177,151,16830,80.39673278879813,0.9779985805535841,0.8583530584278062,0.9142781316348196,13780,2274,310
Varecia_variegata,Gorilla_gorilla,same-order,3,0,6,328,183,145,16827,80.83902211330883,0.9779769887767347,0.8631323199601296,0.9169727654786723,13855,2197,312
Varecia_variegata,Gorilla_gorilla,same-order,3,1,1,328,65,263,16905,75.09748006750858,0.9789106357153694,0.8021882382195699,0.8817821511548449,12904,3182,278
Varecia_variegata,Gorilla_gorilla,same-order,3,1,2,328,125,203,16881,76.87154092630352,0.9789301876993842,0.8205845771144279,0.8927906898068271,13195,2885,284
Varecia_variegata,Gorilla_gorilla,same-order,3,1,3,328,139,189,16873,77.606200104889,0.9788328678524181,0.8284399104254789,0.8973788828246075,13318,2758,288
Varecia_variegata,Gorilla_gorilla,same-order,3,1,4,328,144,184,16872,77.83345958860207,0.9788216327128829,0.8309175738724728,0.8988257461054473,13357,2718,289
Varecia_variegata,Gorilla_gorilla,same-order,3,1,5,328,147,181,16872,77.96165724608123,0.9788557213930348,0.8322861586314152,0.899640251487745,13379,2696,289
Varecia_variegata,Gorilla_gorilla,same-order,3,1,6,328,148,180,16869,78.0465062066554,0.9788042683818156,0.8331466965285554,0.9001209840032262,13392,2682,290
Varecia_variegata,Gorilla_gorilla,same-order,3,2,1,328,65,263,16914,74.61757692083988,0.9787152883735124,0.7975753807895555,0.8789093275785291,12829,3256,279
Varecia_variegata,Gorilla_gorilla,same-order,3,2,2,328,109,219,16885,76.5620450707506,0.9785650491217625,0.8178651405822344,0.8910273786934129,13148,2928,288
Varecia_variegata,Gorilla_gorilla,same-order,3,2,3,328,135,193,16876,77.42048234882908,0.9786450662739322,0.8268010451661068,0.8963377621905982,13290,2784,290
Varecia_variegata,Gorilla_gorilla,same-order,3,2,4,328,142,186,16866,77.84124023778995,0.9786049237983587,0.8310104529616724,0.8987886944818304,13356,2716,292
Varecia_variegata,Gorilla_gorilla,same-order,3,2,5,328,145,183,16864,78.04394707699481,0.9785865672732588,0.8331777736295191,0.9000470524971432,13390,2681,293
Varecia_variegata,Gorilla_gorilla,same-order,3,2,6,328,146,182,16862,78.08802098513553,0.9785959529549273,0.8335511169186733,0.9002688172043011,13396,2675,293
Varecia_variegata,Gorilla_gorilla,same-order,4,1,1,437,80,357,16896,75.66214564293614,0.9786913636021384,0.8082830669734469,0.88536203255909,12998,3083,283
Varecia_variegata,Gorilla_gorilla,same-order,4,1,2,437,160,277,16850,78.58142790480635,0.9786430335609473,0.838332296204107,0.903070116637619,13472,2598,294
Varecia_variegata,Gorilla_gorilla,same-order,4,1,3,437,205,232,16828,80.47641289117234,0.9786992331723942,0.8580677290836654,0.9144221838927955,13784,2280,300
Varecia_variegata,Gorilla_gorilla,same-order,4,1,4,437,230,207,16811,81.60630841121495,0.9783613445378151,0.870196200560573,0.9211142244931596,13971,2084,309
Varecia_variegata,Gorilla_gorilla,same-order,4,1,5,437,248,189,16800,82.52892368820848,0.9782518354342706,0.88,0.9265284702177906,14124,1926,314
Varecia_variegata,Gorilla_gorilla,same-order,4,1,6,437,271,166,16796,83.03529686769518,0.9782444061962134,0.8854062811565304,0.9295129689595395,14209,1839,316
Varecia_variegata,Gorilla_gorilla,same-order,4,0,1,437,63,374,16901,74.84580472477597,0.9783236994219653,0.7999875614155109,0.8802135012146304,12863,3216,285
Varecia_variegata,Gorilla_gorilla,same-order,4,0,2,437,136,301,16857,77.23032069970846,0.9783572167232973,0.8241553108082882,0.8946604073085884,13245,2826,293
Varecia_variegata,Gorilla_gorilla,same-order,4,0,3,437,163,274,16832,78.62604330823557,0.9781440604124311,0.8386353732179543,0.9030333500921737,13471,2592,301
Varecia_variegata,Gorilla_gorilla,same-order,4,0,4,437,181,256,16821,79.51413221209998,0.9782311947697392,0.8477678849386713,0.9083388925950634,13616,2445,303
Varecia_variegata,Gorilla_gorilla,same-order,4,0,5,437,200,237,16817,80.15066573230554,0.9781214367160775,0.8547673911689606,0.9122935291967164,13725,2332,307
Varecia_variegata,Gorilla_gorilla,same-order,4,0,6,437,206,231,16810,80.34931946959519,0.9780290102389079,0.8567424478355652,0.9133769381453568,13755,2300,309
Varecia_variegata,Gorilla_gorilla,same-order,4,2,1,437,77,360,16914,75.38676282424102,0.9788551578311433,0.8058940562049242,0.8839937257041534,12962,3122,280
Varecia_variegata,Gorilla_gorilla,same-order,4,2,2,437,166,271,16871,78.23680223750145,0.9787869951888031,0.8353760965594476,0.9014131784767213,13427,2646,291
Varecia_variegata,Gorilla_gorilla,same-order,4,2,3,437,216,221,16853,79.91485391030501,0.9789954990355076,0.8527069072806471,0.9114976552366382,13703,2367,294
Varecia_variegata,Gorilla_gorilla,same-order,4,2,4,437,237,200,16832,80.94904570127824,0.978757939308398,0.8634128120525432,0.9174742830681705,13869,2194,301
Varecia_variegata,Gorilla_gorilla,same-order,4,2,5,437,250,187,16832,81.31675713535283,0.9788519637462235,0.8673348689534957,0.9197253762872987,13932,2131,301
Varecia_variegata,Gorilla_gorilla,same-order,4,2,6,437,260,177,16830,81.69400502013893,0.9789451594851707,0.8712569258544481,0.9219671267169538,13995,2068,301
Varecia_variegata,Saimiri_boliviensis,same-order,1,0,1,110,21,89,16944,72.82646546720835,0.9777154433535921,0.7752857584182885,0.8648127089148488,12548,3637,286
Varecia_variegata,Saimiri_boliviensis,same-order,1,0,2,110,28,82,16940,73.3035351483137,0.9777777777777777,0.7802768166089965,0.8679336059658407,12628,3556,287
Varecia_variegata,Saimiri_boliviensis,same-order,1,0,3,110,28,82,16940,73.3035351483137,0.9777777777777777,0.7802768166089965,0.8679336059658407,12628,3556,287
Varecia_variegata,Gorilla_gorilla,same-order,5,0,1,546,103,443,16913,75.3765629543472,0.9787057313297591,0.8059320979977614,0.8839556692242114,12961,3121,282
Varecia_variegata,Gorilla_gorilla,same-order,5,0,2,546,194,352,16864,78.19601445053024,0.9782767167225543,0.8353043694759119,0.9011549825409617,13420,2646,298
Varecia_variegata,Gorilla_gorilla,same-order,5,0,3,546,251,295,16843,79.95101469559133,0.9782376025686764,0.8537268821221745,0.9117510141650595,13710,2349,305
Varecia_variegata,Gorilla_gorilla,same-order,5,0,4,546,287,259,16814,81.12447454460532,0.9779013301428672,0.8657320872274143,0.9184044416537228,13895,2155,314
Varecia_variegata,Gorilla_gorilla,same-order,5,0,5,546,312,234,16808,81.77305378730362,0.9779981839770902,0.8724531123434482,0.922215635908582,14002,2047,315
Varecia_variegata,Gorilla_gorilla,same-order,5,0,6,546,317,229,16806,81.89569584769023,0.9778940027894003,0.8738705053904157,0.9229604765195644,14023,2024,317
Varecia_variegata,Gorilla_gorilla,same-order,5,1,1,546,87,459,16905,75.22989174717728,0.9790199197152163,0.803505936470442,0.8826220553089792,12926,3161,277
Varecia_variegata,Gorilla_gorilla,same-order,5,1,2,546,194,352,16861,77.67737422025301,0.9785546415981199,0.829019412643106,0.897601724602533,13324,2748,292
Varecia_variegata,Gorilla_gorilla,same-order,5,1,3,546,236,310,16843,79.39443439705968,0.9785719421873876,0.8470683430847753,0.9080839422146598,13609,2457,298
Varecia_variegata,Gorilla_gorilla,same-order,5,1,4,546,262,284,16829,80.54792920147204,0.9794019461609489,0.8578449670274978,0.9146021954697708,13789,2285,290
Varecia_variegata,Gorilla_gorilla,same-order,5,1,5,546,289,257,16814,81.40486208508649,0.9790553837503514,0.8670484252458608,0.9196540569089589,13930,2136,298
Varecia_variegata,Gorilla_gorilla,same-order,5,1,6,546,306,240,16805,82.03074764716197,0.9789326822462504,0.8736770016187274,0.9233148008027109,14033,2029,302
Varecia_variegata,Gorilla_gorilla,same-order,5,2,1,546,90,456,16908,75.67048693932166,0.9788531005418423,0.8087421500963751,0.8857035851690442,13007,3076,281
Varecia_variegata,Gorilla_gorilla,same-order,5,2,2,546,192,354,16864,78.83819845015441,0.9783803326102676,0.8422657952069716,0.9052349891286169,13531,2534,299
Varecia_variegata,Gorilla_gorilla,same-order,5,2,3,546,243,303,16850,80.465197621546,0.9784504146877436,0.859464508094645,0.9151059104319288,13803,2257,304
Varecia_variegata,Gorilla_gorilla,same-order,5,2,4,546,269,277,16839,81.13482621880102,0.9782730980171566,0.8665836188103394,0.9190474617696601,13913,2142,309
Varecia_variegata,Gorilla_gorilla,same-order,5,2,5,546,280,266,16834,81.64479440069991,0.9782654273534139,0.8719865445711082,0.9220736446874382,13998,2055,311
Varecia_variegata,Gorilla_gorilla,same-order,5,2,6,546,294,252,16829,82.14535697620158,0.9781219613835255,0.8775001557729454,0.9250829309948435,14083,1966,315
Varecia_variegata,Gorilla_gorilla,same-order,6,0,1,655,117,538,16894,75.96064275733582,0.9788431240153049,0.8112796915806492,0.8872190676957601,13047,3035,282
Varecia_variegata,Gorilla_gorilla,same-order,6,0,2,655,234,421,16850,78.87340369700857,0.978372513562387,0.8419545596016185,0.9050518568082971,13526,2539,299
Varecia_variegata,Gorilla_gorilla,same-order,6,0,3,655,310,345,16830,80.8740299900811,0.9781933662667608,0.8633447524135783,0.917187758478081,13861,2194,309
Varecia_variegata,Gorilla_gorilla,same-order,6,0,4,655,333,322,16818,81.39154798038759,0.9779772759152756,0.8687850467289719,0.9201530948924377,13944,2106,314
Varecia_variegata,Gorilla_gorilla,same-order,6,0,5,655,351,304,16809,81.84153675483155,0.9778165329612836,0.8735510407578213,0.9227477699878214,14017,2029,318
Varecia_variegata,Gorilla_gorilla,same-order,6,0,6,655,362,293,16808,82.13347346295323,0.9778256638398443,0.8767217201620443,0.9245177614932141,14067,1978,319
Varecia_variegata,Gorilla_gorilla,same-order,6,1,1,655,118,537,16901,76.06191085767485,0.9786628733997155,0.8129858822066048,0.8881641527381436,13072,3007,285
Varecia_variegata,Gorilla_gorilla,same-order,6,1,2,655,246,409,16865,78.64428513143324,0.9788175553137468,0.8395345943255351,0.9038416451753358,13493,2579,292
Varecia_variegata,Gorilla_gorilla,same-order,6,1,3,655,317,338,16835,80.60807656395892,0.978673657361485,0.8599265392516965,0.9154654206846274,13813,2250,301
Varecia_variegata,Gorilla_gorilla,same-order,6,1,4,655,354,301,16811,81.65625182503067,0.9781726598572827,0.8710441066533765,0.9215053054768338,13982,2070,312
Varecia_variegata,Gorilla_gorilla,same-order,6,1,5,655,377,278,16802,82.55535432610854,0.9781946559601273,0.8804909963237585,0.9267748811280537,14131,1918,315
Varecia_variegata,Gorilla_gorilla,same-order,6,1,6,655,397,258,16789,83.0313303717559,0.9780363536215918,0.885322530383297,0.9293728941084106,14205,1840,319
Varecia_variegata,Saimiri_boliviensis,same-order,1,1,1,110,15,95,16941,72.49506559851388,0.9776873091677758,0.7715309526751514,0.8624607203287407,12488,3698,285
Varecia_variegata,Saimiri_boliviensis,same-order,1,1,2,110,23,87,16939,72.79693486590038,0.9776253215872769,0.7748393475037074,0.864499672538003,12540,3644,287
Varecia_variegata,Saimiri_boliviensis,same-order,1,1,3,110,24,86,16939,72.9362591431557,0.9776671076180842,0.7763222936233317,0.8654382641639401,12564,3620,287
Varecia_variegata,Saimiri_boliviensis,same-order,1,1,4,110,24,86,16939,72.9362591431557,0.9776671076180842,0.7763222936233317,0.8654382641639401,12564,3620,287
Varecia_variegata,Gorilla_gorilla,same-order,6,2,1,655,110,545,16904,75.86848996217631,0.9789023199939936,0.8106696511844805,0.8868784436432896,13038,3045,281
Varecia_variegata,Gorilla_gorilla,same-order,6,2,2,655,247,408,16856,78.86420616873652,0.9786556689096303,0.8417449747961914,0.905051856808297,13526,2543,295
Varecia_variegata,Gorilla_gorilla,same-order,6,2,3,655,324,331,16826,81.20107489192662,0.9794250281848929,0.8648581383773022,0.9185831350779805,13900,2172,292
Varecia_variegata,Gorilla_gorilla,same-order,6,2,4,655,373,282,16822,82.25740491908628,0.9794782608695652,0.8762212956624557,0.9249770069636053,14080,1989,295
Varecia_variegata,Gorilla_gorilla,same-order,6,2,5,655,395,260,16804,83.15309522417724,0.9791437224669604,0.8856858228005728,0.9300729020236033,14225,1836,303
Varecia_variegata,Gorilla_gorilla,same-order,6,2,6,655,412,243,16802,83.7493423744666,0.9791552761071624,0.8921477053365714,0.9336287510996708,14327,1732,305
Varecia_variegata,Gorilla_gorilla,same-order,7,0,1,764,151,613,16889,76.5428504890545,0.9786362959654608,0.8177520681719226,0.8909898004134053,13147,2930,287
Varecia_variegata,Gorilla_gorilla,same-order,7,0,2,764,316,448,16838,79.8810009916584,0.9782127294806772,0.8527305560744753,0.9111717346463504,13694,2365,305
Varecia_variegata,Gorilla_gorilla,same-order,7,0,3,764,413,351,16813,82.28941684665227,0.977939646201873,0.8785367069674686,0.9255769672696235,14097,1949,318
Varecia_variegata,Gorilla_gorilla,same-order,7,0,4,764,471,293,16793,83.30410382321992,0.9785071757192886,0.8877951529499719,0.9309466257267917,14250,1801,313
Varecia_variegata,Gorilla_gorilla,same-order,7,0,5,764,488,276,16791,83.78251973107278,0.9785592352338682,0.8928971962616823,0.9337677146115002,14331,1719,314
Varecia_variegata,Gorilla_gorilla,same-order,7,0,6,764,504,260,16788,84.17329279700655,0.9785223951607422,0.8971211365902293,0.936055394818114,14397,1651,316
Varecia_variegata,Gorilla_gorilla,same-order,7,1,1,764,140,624,16887,76.27227203912892,0.9785596892275512,0.8147664365242272,0.8891830431388522,13099,2978,287
Varecia_variegata,Gorilla_gorilla,same-order,7,1,2,764,294,470,16828,79.57384705195564,0.9783248403071844,0.8486489851824182,0.9088848141356892,13631,2431,302
Varecia_variegata,Gorilla_gorilla,same-order,7,1,3,764,360,404,16804,81.56679333528209,0.9788816389532028,0.8685799663823695,0.9204380525135242,13952,2111,301
Varecia_variegata,Gorilla_gorilla,same-order,7,1,4,764,420,344,16786,82.56317267197005,0.9785095320623917,0.8792201320543167,0.9262114898782768,14115,1939,310
Varecia_variegata,Gorilla_gorilla,same-order,7,1,5,764,453,311,16776,83.15191947565543,0.9785138764547896,0.8851856466483927,0.9295129689595395,14209,1843,312
Varecia_variegata,Gorilla_gorilla,same-order,7,1,6,764,471,293,16768,83.66403277729002,0.9783040175210458,0.8907583972082009,0.9324809185204513,14294,1753,317
Varecia_variegata,Gorilla_gorilla,same-order,7,2,1,764,150,614,16886,76.51546031561172,0.9786251582632011,0.8173166635566337,0.8907266811279826,13140,2937,287
Varecia_variegata,Gorilla_gorilla,same-order,7,2,2,764,331,433,16836,80.08519080406116,0.9784700933913167,0.8545013074336945,0.9122935291967165,13725,2337,302
Varecia_variegata,Gorilla_gorilla,same-order,7,2,3,764,425,339,16798,82.5309651787801,0.9779839379673221,0.8803440109684657,0.9265988848802886,14126,1920,318
Varecia_variegata,Gorilla_gorilla,same-order,7,2,4,764,476,288,16782,83.556595495759,0.9785572377885867,0.8899134010342035,0.9321326024536676,14284,1767,313
Varecia_variegata,Gorilla_gorilla,same-order,7,2,5,764,502,262,16775,84.26749356424058,0.9784646739130435,0.8975509441017012,0.9362628790587318,14403,1644,317
Varecia_variegata,Gorilla_gorilla,same-order,7,2,6,764,526,238,16767,84.86568736466319,0.9784090142365562,0.9038269758165046,0.9396403693503967,14501,1543,320
Varecia_variegata,Saimiri_boliviensis,same-order,1,2,1,110,26,84,16939,72.86659700452805,0.977646234130384,0.7755808205635195,0.8649691623884505,12552,3632,287
Varecia_variegata,Saimiri_boliviensis,same-order,1,2,2,110,39,71,16921,73.99209945393285,0.9775134305448964,0.7873037458276672,0.8721583127910162,12737,3441,293
Varecia_variegata,Saimiri_boliviensis,same-order,1,2,3,110,45,65,16919,74.43062979316755,0.9776404151404151,0.7918778588206206,0.875008537668192,12811,3367,293
Varecia_variegata,Saimiri_boliviensis,same-order,1,2,4,110,46,64,16919,74.46548919358587,0.9776506483600305,0.7922487328470763,0.8752390057361376,12817,3361,293
Varecia_variegata,Saimiri_boliviensis,same-order,1,2,5,110,47,63,16919,74.60492679525912,0.977691487741739,0.793732228952899,0.8761599344978166,12841,3337,293
Varecia_variegata,Saimiri_boliviensis,same-order,1,2,6,110,47,63,16919,74.60492679525912,0.977691487741739,0.793732228952899,0.8761599344978166,12841,3337,293
Varecia_variegata,Saimiri_boliviensis,same-order,2,2,1,220,36,184,16929,73.38831455453595,0.9776402321083172,0.7808676307007787,0.8682447521214828,12636,3546,289
Varecia_variegata,Saimiri_boliviensis,same-order,2,2,2,220,58,162,16904,74.69634451095484,0.9769686834904227,0.7949653636813458,0.8766198335834129,12853,3315,303
Varecia_variegata,Saimiri_boliviensis,same-order,2,2,3,220,75,145,16883,75.50165765136974,0.9766759461289595,0.8032299981436792,0.8815021051201956,12981,3180,310
Varecia_variegata,Saimiri_boliviensis,same-order,2,2,4,220,79,141,16879,75.61514746088069,0.9765607392382241,0.8044433442663531,0.8821852731591447,12999,3160,312
Varecia_variegata,Saimiri_boliviensis,same-order,2,2,5,220,79,141,16879,75.61514746088069,0.9765607392382241,0.8044433442663531,0.8821852731591447,12999,3160,312
Varecia_variegata,Saimiri_boliviensis,same-order,2,0,1,220,35,185,16927,73.82238485218099,0.9776923076923076,0.7854891539459861,0.8711147664576265,12710,3471,290
Varecia_variegata,Saimiri_boliviensis,same-order,2,0,2,220,66,154,16907,75.26444263628967,0.977432259038418,0.8007667573583972,0.8803235783963834,12950,3222,299
Varecia_variegata,Saimiri_boliviensis,same-order,2,0,3,220,79,141,16901,76.45315043013252,0.9774821640903686,0.8135205343889164,0.8879962192816635,13153,3015,303
Varecia_variegata,Saimiri_boliviensis,same-order,2,0,4,220,86,134,16900,76.74959311787956,0.9774948178856974,0.8167254283416837,0.8899073294018535,13204,2963,304
Varecia_variegata,Saimiri_boliviensis,same-order,2,0,5,220,88,132,16900,76.79609393164381,0.9775081385025155,0.8172202634997217,0.8902065155139305,13212,2955,304
Varecia_variegata,Saimiri_boliviensis,same-order,2,0,6,220,88,132,16900,76.79609393164381,0.9775081385025155,0.8172202634997217,0.8902065155139305,13212,2955,304
Varecia_variegata,Gorilla_gorilla,same-order,8,0,1,873,169,704,16894,76.7681471564119,0.9788465820529949,0.8202002612102742,0.8925284244721169,13188,2891,285
Varecia_variegata,Gorilla_gorilla,same-order,8,0,2,873,379,494,16831,80.44353662095126,0.9784213515048268,0.8582814445828144,0.9144221838927955,13784,2276,304
Varecia_variegata,Gorilla_gorilla,same-order,8,0,3,873,481,392,16815,82.93495412307873,0.9795678884517154,0.8831839681354244,0.928882343315333,14191,1877,296
Varecia_variegata,Gorilla_gorilla,same-order,8,0,4,873,537,336,16792,83.91812865497076,0.9789875835721108,0.8937468858993523,0.9344272969981117,14350,1706,308
Varecia_variegata,Gorilla_gorilla,same-order,8,0,5,873,574,299,16780,84.85841329276855,0.9789416846652268,0.903563418888612,0.9397434236102111,14504,1548,312
Varecia_variegata,Gorilla_gorilla,same-order,8,0,6,873,625,248,16763,85.6331596510743,0.9787219805955168,0.9115667456063816,0.9439514697815493,14627,1419,318
Varecia_variegata,Gorilla_gorilla,same-order,8,1,1,873,155,718,16905,75.78261375538229,0.978880120255543,0.8097991668221103,0.8863481693208112,13024,3059,281
Varecia_variegata,Gorilla_gorilla,same-order,8,1,2,873,315,558,16872,78.30749504604266,0.9791575572074042,0.8356760791143177,0.901744966442953,13436,2642,286
Varecia_variegata,Gorilla_gorilla,same-order,8,1,3,873,398,475,16851,80.0070048450178,0.97997997997998,0.85215120616762,0.9116062520784834,13706,2378,280
Varecia_variegata,Gorilla_gorilla,same-order,8,1,4,873,434,439,16841,80.72408759124087,0.9798695775446555,0.8597014925373134,0.9158606068636544,13824,2256,284
Varecia_variegata,Gorilla_gorilla,same-order,8,1,5,873,447,426,16835,81.10397196261682,0.9798870853916726,0.863548728154736,0.91804687758273,13885,2194,285
Varecia_variegata,Gorilla_gorilla,same-order,8,1,6,873,457,416,16829,81.4022787028922,0.9798846532564355,0.8665256872745366,0.9197253762872988,13932,2146,286
Varecia_variegata,Saimiri_boliviensis,same-order,2,1,1,220,30,190,16922,73.71631040892193,0.9773584905660377,0.7845088706187797,0.870379260681709,12691,3486,294
Varecia_variegata,Saimiri_boliviensis,same-order,2,1,2,220,61,159,16900,75.2309569461391,0.9765442341051361,0.8012376237623763,0.8802474591250553,12948,3212,311
Varecia_variegata,Saimiri_boliviensis,same-order,2,1,3,220,71,149,16897,75.82079144633622,0.9766467065868264,0.8074757101305774,0.8840407872895424,13048,3111,312
Varecia_variegata,Saimiri_boliviensis,same-order,2,1,4,220,73,147,16894,75.96768569103801,0.9766868415153553,0.8088990655362337,0.8849096202017467,13071,3088,312
Varecia_variegata,Saimiri_boliviensis,same-order,2,1,5,220,74,146,16894,76.01418109961641,0.9767007691733254,0.8093941456773315,0.8852115059221658,13079,3080,312
Varecia_variegata,Saimiri_boliviensis,same-order,2,1,6,220,74,146,16894,76.01418109961641,0.9767007691733254,0.8093941456773315,0.8852115059221658,13079,3080,312
Varecia_variegata,Gorilla_gorilla,same-order,8,2,1,873,171,702,16900,76.33401221995926,0.9787361038573453,0.8158467566390945,0.8898989213757547,13118,2961,285
Varecia_variegata,Gorilla_gorilla,same-order,8,2,2,873,363,510,16838,79.8109464348232,0.9785377021033052,0.8514691235059761,0.9105918380933359,13678,2386,300
Varecia_variegata,Gorilla_gorilla,same-order,8,2,3,873,464,409,16825,81.7534022545412,0.9792905618134752,0.8711102813044561,0.9220381410361979,13997,2071,296
Varecia_variegata,Gorilla_gorilla,same-order,8,2,4,873,511,362,16824,82.33748028736639,0.9793664026677782,0.8773884359245658,0.9255769672696234,14097,1970,297
Varecia_variegata,Gorilla_gorilla,same-order,8,2,5,873,521,352,16815,82.65747341357952,0.9793007961232261,0.8805477746654218,0.9273025237627007,14146,1919,299
Varecia_variegata,Gorilla_gorilla,same-order,8,2,6,873,536,337,16812,82.8833567087424,0.9792860595180557,0.8829058764940239,0.9286018266932923,14183,1881,300
Varecia_variegata,Saimiri_boliviensis,same-order,3,0,1,330,45,285,16912,73.86403253922138,0.9770945426594927,0.7860013602918444,0.8711921324058527,12712,3461,298
Varecia_variegata,Saimiri_boliviensis,same-order,3,0,2,330,88,242,16899,75.9530450953045,0.9769041034456984,0.8086870436827125,0.8848718729900815,13070,3092,309
Varecia_variegata,Saimiri_boliviensis,same-order,3,0,3,330,117,213,16876,77.11327011460818,0.9769310141509434,0.8203366753311053,0.891811881854269,13255,2903,313
Varecia_variegata,Saimiri_boliviensis,same-order,3,0,4,330,127,203,16874,77.50043637633095,0.9770410034475171,0.8243594504270331,0.8942298009465947,13320,2838,313
Varecia_variegata,Saimiri_boliviensis,same-order,3,0,5,330,135,195,16863,77.83340124570697,0.9769123986264339,0.827669452181987,0.8961195630319684,13371,2784,316
Varecia_variegata,Saimiri_boliviensis,same-order,3,0,6,330,138,192,16859,77.9517931998137,0.976871443163578,0.8288349634765383,0.8967849966510382,13389,2765,317
Varecia_variegata,Saimiri_boliviensis,same-order,3,1,1,330,49,281,16912,74.79225986402464,0.9774453219927096,0.7957833560034624,0.8773089768931907,12871,3303,297
Varecia_variegata,Saimiri_boliviensis,same-order,3,1,2,330,109,221,16889,76.91413289925005,0.9769605671245015,0.8187387833405533,0.8908790949799671,13230,2929,312
Varecia_variegata,Saimiri_boliviensis,same-order,3,1,3,330,127,203,16886,77.55102040816327,0.9770712768295363,0.8254734496843669,0.8948975141735717,13338,2820,313
Varecia_variegata,Saimiri_boliviensis,same-order,3,1,4,330,141,189,16880,78.0459435882524,0.9770658900618857,0.8306511512750681,0.8979291425512697,13420,2736,315
Varecia_variegata,Saimiri_boliviensis,same-order,3,1,5,330,146,184,16876,78.30386226151698,0.977064886050225,0.8333023831631075,0.8994754952727759,13462,2693,316
Varecia_variegata,Saimiri_boliviensis,same-order,3,1,6,330,147,183,16869,78.37067209775968,0.9770748694138132,0.8336737852058186,0.8996960486322189,13468,2687,316
Varecia_variegata,Saimiri_boliviensis,same-order,3,2,1,330,63,267,16911,74.90845684394071,0.9776968593536641,0.7966866538913272,0.8779590585510406,12888,3289,294
Varecia_variegata,Saimiri_boliviensis,same-order,3,2,2,330,126,204,16875,77.4306161633793,0.9770925110132158,0.8235658147162572,0.8937842103495752,13308,2851,312
Varecia_variegata,Saimiri_boliviensis,same-order,3,2,3,330,148,182,16863,78.44130143763459,0.9769481696266763,0.8343341794093976,0.9000267129691465,13477,2676,318
Varecia_variegata,Saimiri_boliviensis,same-order,3,2,4,330,156,174,16858,78.99179230455789,0.9768915124901015,0.8402476780185758,0.9034319762990579,13570,2580,321
Varecia_variegata,Saimiri_boliviensis,same-order,3,2,5,330,158,172,16856,79.08249403271817,0.9769147788565264,0.8411145510835913,0.9039427715854267,13584,2566,321
Varecia_variegata,Saimiri_boliviensis,same-order,3,2,6,330,161,169,16845,79.19506086551343,0.9767258099274477,0.8420759274168577,0.9044166555806838,13597,2550,324
Varecia_variegata,Saimiri_boliviensis,same-order,4,0,1,440,75,365,16912,75.03341663276574,0.9776616689383614,0.7981577645895154,0.8788373834320333,12911,3265,295
Varecia_variegata,Saimiri_boliviensis,same-order,4,0,2,440,163,277,16868,77.94785240367827,0.9770919967899613,0.8289286377421551,0.8969327618537369,13393,2764,314
Varecia_variegata,Saimiri_boliviensis,same-order,4,0,3,440,192,248,16845,79.22176268421973,0.9768711392041374,0.8421574091275001,0.9045259552392672,13600,2549,322
Varecia_variegata,Saimiri_boliviensis,same-order,4,0,4,440,213,227,16838,80.07924022606771,0.9768995664226313,0.8512325034064164,0.9097468144961113,13744,2402,325
Varecia_variegata,Saimiri_boliviensis,same-order,4,0,5,440,225,215,16807,80.8298319327731,0.9767983074753174,0.8580721100235411,0.9135940900995977,13851,2291,329
Varecia_variegata,Saimiri_boliviensis,same-order,4,0,6,440,232,208,16804,81.12634957688941,0.9767425519955031,0.861276332094176,0.9153825892269194,13901,2239,331
Varecia_variegata,Saimiri_boliviensis,same-order,4,1,1,440,68,372,16899,74.75434618291762,0.9771984494945656,0.7950652402448828,0.87677304964539,12857,3314,300
Varecia_variegata,Saimiri_boliviensis,same-order,4,1,2,440,148,292,16859,77.80624126688403,0.9768291791535706,0.8272873591680079,0.8958605664488017,13364,2790,317
Varecia_variegata,Saimiri_boliviensis,same-order,4,1,3,440,202,238,16841,80.14333158538717,0.9771258080556937,0.8517555266579974,0.9101435849930524,13755,2394,322
Varecia_variegata,Saimiri_boliviensis,same-order,4,1,4,440,225,215,16821,80.98431395416642,0.9769274057400112,0.8603109706993743,0.9149181461839982,13888,2255,328
Varecia_variegata,Saimiri_boliviensis,same-order,4,1,5,440,232,208,16819,81.39033067008806,0.9770372444693364,0.864523322802453,0.917343149176718,13956,2187,328
Varecia_variegata,Saimiri_boliviensis,same-order,4,1,6,440,241,199,16818,81.72275033533563,0.9770603820945475,0.8681080411349276,0.9193675370686262,14013,2129,329
Varecia_variegata,Saimiri_boliviensis,same-order,4,2,1,440,72,368,16914,74.98401627433886,0.9779411764705882,0.7973423980222497,0.8784556720686368,12901,3279,291
Varecia_variegata,Saimiri_boliviensis,same-order,4,2,2,440,152,288,16882,77.81397242743296,0.9774221832529593,0.8276822175473333,0.8963414634146342,13377,2785,309
Varecia_variegata,Saimiri_boliviensis,same-order,4,2,3,440,199,241,16860,79.44360377138867,0.9769539078156313,0.8452535760728218,0.9063444108761329,13650,2499,322
Varecia_variegata,Saimiri_boliviensis,same-order,4,2,4,440,220,220,16849,80.41807383253756,0.9770090548953028,0.8553821379908336,0.9121590383726307,13811,2335,325
Varecia_variegata,Saimiri_boliviensis,same-order,4,2,5,440,233,207,16843,80.9540450812511,0.9770826010544815,0.8608857231340973,0.915311162331248,13899,2246,326
Varecia_variegata,Saimiri_boliviensis,same-order,4,2,6,440,239,201,16834,81.1957345143057,0.9770703316737956,0.8631070366699702,0.9165597763525736,13934,2210,327
Varecia_variegata,Saimiri_boliviensis,same-order,5,0,1,550,83,467,16903,75.27181812896099,0.9776468811357801,0.800370942812983,0.8801713295033484,12946,3229,296
Varecia_variegata,Saimiri_boliviensis,same-order,5,0,2,550,190,360,16857,78.53857350800583,0.9769682045339321,0.8350770754658577,0.9004672897196261,13489,2664,318
Varecia_variegata,Saimiri_boliviensis,same-order,5,0,3,550,260,290,16840,80.60344827586206,0.976845969222081,0.8572136529765223,0.913128113761589,13838,2305,328
Varecia_variegata,Saimiri_boliviensis,same-order,5,0,4,550,289,261,16837,81.34428330129886,0.9767799692264653,0.8653572092446867,0.9176988533692545,13966,2173,332
Varecia_variegata,Saimiri_boliviensis,same-order,5,0,5,550,302,248,16823,82.05606387318608,0.97669256381798,0.8726371242640223,0.921737422670289,14080,2055,336
Varecia_variegata,Saimiri_boliviensis,same-order,5,0,6,550,306,244,16822,82.18427647298793,0.9766604335480297,0.8740547911243337,0.9225133287541295,14102,2032,337
Varecia_variegata,Saimiri_boliviensis,same-order,5,1,1,550,90,460,16890,75.86086551884597,0.9773681055155875,0.8066052322345229,0.8838139125131298,13042,3127,302
Varecia_variegata,Saimiri_boliviensis,same-order,5,1,2,550,207,343,16846,79.39429237041351,0.9767841788478074,0.8442435127268223,0.9056904627445769,13632,2515,324
Varecia_variegata,Saimiri_boliviensis,same-order,5,1,3,550,269,281,16812,81.26676775924413,0.9765909728062798,0.8634814401685568,0.9165597763525736,13934,2203,334
Varecia_variegata,Saimiri_boliviensis,same-order,5,1,4,550,296,254,16802,82.07013244646713,0.9766020967853919,0.8718234783686625,0.9212430821626224,14066,2068,337
Varecia_variegata,Saimiri_boliviensis,same-order,5,1,5,550,311,239,16802,82.39892655037629,0.9765608794855839,0.8755269030498388,0.9232881189736886,14124,2008,339
Varecia_variegata,Saimiri_boliviensis,same-order,5,1,6,550,319,231,16802,82.50393792660871,0.976590014501761,0.8766426977436151,0.923921209943488,14142,1990,339
Varecia_variegata,Saimiri_boliviensis,same-order,5,2,1,550,101,449,16893,75.58876548235158,0.9771480117266782,0.8040452774169605,0.8821852731591449,12999,3168,304
Varecia_variegata,Saimiri_boliviensis,same-order,5,2,2,550,229,321,16846,79.14846525714951,0.9767826336975273,0.8415283626455289,0.9041250831669994,13589,2559,323
Varecia_variegata,Saimiri_boliviensis,same-order,5,2,3,550,291,259,16816,81.29882243208581,0.9763371604592551,0.8644393479204115,0.9169872110990563,13946,2187,338
Varecia_variegata,Saimiri_boliviensis,same-order,5,2,4,550,319,231,16795,82.24997082506711,0.9762448923055613,0.8740079365079365,0.9223018287695881,14096,2032,343
Varecia_variegata,Saimiri_boliviensis,same-order,5,2,5,550,333,217,16795,82.7226047380091,0.9763774104683196,0.8790302579365079,0.9251500913599582,14177,1951,343
Varecia_variegata,Saimiri_boliviensis,same-order,5,2,6,550,339,211,16783,82.9889083479276,0.9761724919316075,0.8816670801290003,0.9265161143155082,14216,1908,347
Varecia_variegata,Saimiri_sciureus,same-order,1,1,1,110,19,91,16931,72.76733936441661,0.975662856698546,0.776437101664501,0.8647233133484943,12548,3613,313
Varecia_variegata,Saimiri_sciureus,same-order,1,1,2,110,29,81,16931,73.13268383205752,0.9757814917982048,0.7803353752861828,0.8671823964242736,12611,3550,313
Varecia_variegata,Saimiri_sciureus,same-order,1,1,3,110,29,81,16931,73.13268383205752,0.9757814917982048,0.7803353752861828,0.8671823964242736,12611,3550,313
Varecia_variegata,Saimiri_boliviensis,same-order,6,0,1,659,98,561,16889,75.6195462478185,0.9773684210526316,0.8038961038961039,0.882185273159145,12999,3171,301
Varecia_variegata,Saimiri_boliviensis,same-order,6,0,2,659,227,432,16844,79.34067214165064,0.9766974976697498,0.8436764523721045,0.9053268201907421,13622,2524,325
Varecia_variegata,Saimiri_boliviensis,same-order,6,0,3,659,326,333,16822,81.75778062711272,0.9766081871345029,0.86941431670282,0.9198990130823961,14028,2107,336
Varecia_variegata,Saimiri_boliviensis,same-order,6,0,4,659,363,296,16802,82.58181181823485,0.9764795144157815,0.8776813391196528,0.9244482173174874,14157,1973,341
Varecia_variegata,Saimiri_boliviensis,same-order,6,0,5,659,381,278,16794,83.0610339596219,0.9764044173125729,0.882681217833447,0.9271803556308214,14235,1892,344
Varecia_variegata,Saimiri_boliviensis,same-order,6,0,6,659,390,269,16787,83.41699743170675,0.9764279857884668,0.886208607218157,0.9291333463363891,14291,1835,345
Varecia_variegata,Saimiri_boliviensis,same-order,6,1,1,659,111,548,16887,75.74893839799896,0.9771874530992045,0.8054679284963197,0.8830569965754586,13022,3145,304
Varecia_variegata,Saimiri_boliviensis,same-order,6,1,2,659,246,413,16855,78.79811331741688,0.9770397111913357,0.837739119668173,0.9020431290204312,13532,2621,318
Varecia_variegata,Saimiri_boliviensis,same-order,6,1,3,659,315,344,16828,80.37889828038473,0.9768347973930291,0.854125371655104,0.911368142762723,13789,2355,327
Varecia_variegata,Saimiri_boliviensis,same-order,6,1,4,659,348,311,16816,81.37649460484106,0.9769623975912051,0.8643290794201463,0.9172008020247839,13952,2190,329
Varecia_variegata,Saimiri_boliviensis,same-order,6,1,5,659,372,287,16799,82.26060570694987,0.9765846899896086,0.873799045434823,0.9223370845328449,14097,2036,338
Varecia_variegata,Saimiri_boliviensis,same-order,6,1,6,659,381,278,16792,82.6513338392388,0.976617464477859,0.8776965038432928,0.9245184459680051,14159,1973,339
Varecia_variegata,Saimiri_boliviensis,same-order,6,2,1,659,104,555,16895,75.68620609444056,0.9773956142985881,0.8048855905998763,0.8827918334124669,13015,3155,301
Varecia_variegata,Saimiri_boliviensis,same-order,6,2,2,659,251,408,16840,79.15015155047797,0.97725800647715,0.8405447229959765,0.9037603993344425,13579,2576,316
Varecia_variegata,Saimiri_boliviensis,same-order,6,2,3,659,320,339,16816,81.1126013178611,0.9766200940813031,0.8619407609369191,0.9157038938810441,13910,2228,333
Varecia_variegata,Saimiri_boliviensis,same-order,6,2,4,659,355,304,16801,81.90676235486318,0.976488592097941,0.87014194508151,0.920253040086532,14038,2095,338
Varecia_variegata,Saimiri_boliviensis,same-order,6,2,5,659,374,285,16794,82.3333722423252,0.9764657022219145,0.8745273076684644,0.9226895153378244,14107,2024,340
Varecia_variegata,Saimiri_boliviensis,same-order,6,2,6,659,384,275,16794,82.55515349597292,0.9765274421815672,0.8768830202715269,0.9240266527305984,14145,1986,340
Varecia_variegata,Saimiri_sciureus,same-order,1,0,1,110,17,93,16934,72.7609993623558,0.9753671613956019,0.7768768954632667,0.8648797629711293,12552,3605,317
Varecia_variegata,Saimiri_sciureus,same-order,1,0,2,110,28,82,16920,73.37236941271958,0.9746630727762803,0.7838959430164137,0.868932372124957,12656,3489,329
Varecia_variegata,Saimiri_sciureus,same-order,1,0,3,110,29,81,16920,73.49991303843701,0.9747059275774583,0.785258593991948,0.8697859495060373,12678,3467,329
Varecia_variegata,Saimiri_sciureus,same-order,1,0,4,110,30,80,16920,73.52310278856746,0.9747137037891015,0.7855063487147724,0.8699410069968445,12682,3463,329
Varecia_variegata,Saimiri_sciureus,same-order,1,0,5,110,30,80,16920,73.52310278856746,0.9747137037891015,0.7855063487147724,0.8699410069968445,12682,3463,329
Varecia_variegata,Saimiri_boliviensis,same-order,7,0,1,769,120,649,16897,75.46226305384347,0.9773326304691619,0.8025974025974026,0.8813881625861659,12978,3192,301
Varecia_variegata,Saimiri_boliviensis,same-order,7,0,2,769,289,480,16837,79.3065268065268,0.9768159632500718,0.8427669061184048,0.9048537234042554,13609,2539,323
Varecia_variegata,Saimiri_boliviensis,same-order,7,0,3,769,402,367,16810,81.94015049874585,0.9768428372739917,0.8704300408972612,0.9205714660200538,14047,2091,333
Varecia_variegata,Saimiri_boliviensis,same-order,7,0,4,769,455,314,16799,82.65639589169001,0.9767602234328667,0.8778976075368786,0.9246939774767422,14164,1970,337
Varecia_variegata,Saimiri_boliviensis,same-order,7,0,5,769,479,290,16785,83.24185449024874,0.9766390354182366,0.8838189708617483,0.9279135613629707,14256,1874,341
Varecia_variegata,Saimiri_boliviensis,same-order,7,0,6,769,488,281,16783,83.52213009459301,0.9765822352700212,0.8869047619047619,0.9295857026807473,14304,1824,343
Varecia_variegata,Saimiri_boliviensis,same-order,7,1,1,769,156,613,16881,76.68857990575368,0.9771682727946627,0.8155664171255336,0.8890837352038578,13182,2981,308
Varecia_variegata,Saimiri_boliviensis,same-order,7,1,2,769,340,429,16815,80.70103814300711,0.9766374929418408,0.8573110285006196,0.9130922528705292,13837,2303,331
Varecia_variegata,Saimiri_boliviensis,same-order,7,1,3,769,426,343,16797,82.63584894647755,0.9768179936525458,0.8774713356058258,0.9244833327891866,14158,1977,336
Varecia_variegata,Saimiri_boliviensis,same-order,7,1,4,769,463,306,16777,83.27686915887851,0.9765068493150685,0.8839905753968254,0.9279484509242385,14257,1871,343
Varecia_variegata,Saimiri_boliviensis,same-order,7,1,5,769,479,290,16771,83.61278261377578,0.9763951425842543,0.8875658914728682,0.9298638859110547,14312,1813,346
Varecia_variegata,Saimiri_boliviensis,same-order,7,1,6,769,486,283,16768,83.8144209419189,0.9764465622872702,0.8895503875968992,0.9309751744280382,14344,1781,346
Varecia_variegata,Saimiri_sciureus,same-order,1,2,1,110,19,91,16933,72.89069295447956,0.975780158360503,0.7777502784308873,0.8655832529954552,12570,3592,312
Varecia_variegata,Saimiri_sciureus,same-order,1,2,2,110,27,83,16917,73.35499593826158,0.9755382359749981,0.782447236491923,0.8683885149058936,12642,3515,317
Varecia_variegata,Saimiri_sciureus,same-order,1,2,3,110,29,81,16916,73.57549030985261,0.9755346976457917,0.7848477345877692,0.8698634835700076,12680,3476,318
Varecia_variegata,Saimiri_sciureus,same-order,1,2,4,110,30,80,16916,73.74376233027736,0.975589160973363,0.786642733349839,0.8709865332556626,12709,3447,318
Varecia_variegata,Saimiri_sciureus,same-order,1,2,5,110,30,80,16916,73.74376233027736,0.975589160973363,0.786642733349839,0.8709865332556626,12709,3447,318
Varecia_variegata,Saimiri_boliviensis,same-order,7,2,1,769,126,643,16885,76.25669071445195,0.9774049217002237,0.8106754082137556,0.8862668199337346,13107,3061,303
Varecia_variegata,Saimiri_boliviensis,same-order,7,2,2,769,335,434,16822,80.39295708955224,0.9766272398895106,0.8542841211820829,0.911368142762723,13789,2352,330
Varecia_variegata,Saimiri_boliviensis,same-order,7,2,3,769,437,332,16801,82.33269152225917,0.9766073776731954,0.874666831959338,0.922830423124714,14111,2022,338
Varecia_variegata,Saimiri_boliviensis,same-order,7,2,4,769,462,307,16793,82.99970819959148,0.9765174402636638,0.881765763531527,0.9267259635747565,14222,1907,342
Varecia_variegata,Saimiri_boliviensis,same-order,7,2,5,769,485,284,16776,83.45987618268894,0.9763596611095928,0.8862015503875968,0.9290985338578069,14290,1835,346
Varecia_variegata,Saimiri_boliviensis,same-order,7,2,6,769,488,281,16775,83.5124401354982,0.9763075242386999,0.8868146861820888,0.9294117647058823,14299,1825,347
Varecia_variegata,Saimiri_boliviensis,same-order,8,0,1,879,144,735,16899,75.73114715971859,0.9774859287054409,0.8054542081503927,0.8831705994033089,13025,3146,300
Varecia_variegata,Saimiri_boliviensis,same-order,8,0,2,879,346,533,16839,80.1980774832508,0.9768663071246098,0.8526478786001859,0.9105400668055694,13766,2379,326
Varecia_variegata,Saimiri_boliviensis,same-order,8,0,3,879,472,407,16809,82.60539973176279,0.9765614228595064,0.8781848614469034,0.924764174037928,14166,1965,340
Varecia_variegata,Saimiri_boliviensis,same-order,8,0,4,879,523,356,16788,83.77495039103538,0.9764625850340136,0.8901705426356589,0.9313219789132198,14354,1771,346
Varecia_variegata,Saimiri_boliviensis,same-order,8,0,5,879,559,320,16774,84.47389933434545,0.9762467103043391,0.8975122526211303,0.935225289288254,14467,1652,352
Varecia_variegata,Saimiri_boliviensis,same-order,8,0,6,879,575,304,16764,84.9807220469681,0.9762432051540165,0.9025873301482906,0.9379715004191115,14547,1570,354
Varecia_variegata,Saimiri_sciureus,same-order,2,0,1,220,48,172,16920,73.88354019255307,0.9753464512671312,0.7886948984645864,0.8721459624139938,12739,3413,322
Varecia_variegata,Saimiri_sciureus,same-order,2,0,2,220,83,137,16901,75.54549675023213,0.9752041351412091,0.8064176423217494,0.8828156788281568,13018,3125,331
Varecia_variegata,Saimiri_sciureus,same-order,2,0,3,220,92,128,16899,76.14902506963789,0.9752508361204013,0.8129607830989406,0.8867414515475063,13122,3019,333
Varecia_variegata,Saimiri_sciureus,same-order,2,0,4,220,96,124,16899,76.36374187558032,0.9753187073821524,0.815253082212998,0.8881314750447137,13159,2982,333
Varecia_variegata,Saimiri_sciureus,same-order,2,0,5,220,98,122,16898,76.57709941384714,0.9753843879361325,0.8174834272969457,0.8894806026492299,13195,2946,333
Varecia_variegata,Saimiri_sciureus,same-order,2,0,6,220,98,122,16898,76.57709941384714,0.9753843879361325,0.8174834272969457,0.8894806026492299,13195,2946,333
Varecia_variegata,Saimiri_boliviensis,same-order,8,1,1,879,152,727,16891,76.2198313463216,0.977330350484713,0.8106636976557184,0.8862291645535383,13106,3061,304
Varecia_variegata,Saimiri_boliviensis,same-order,8,1,2,879,388,491,16827,80.55847032762038,0.9768839247843913,0.8559836471754212,0.9124463519313304,13819,2325,327
Varecia_variegata,Saimiri_boliviensis,same-order,8,1,3,879,510,369,16798,83.02018905356518,0.9766611751784734,0.8820283925361105,0.9269357308055638,14228,1903,340
Varecia_variegata,Saimiri_boliviensis,same-order,8,1,4,879,555,324,16784,83.9871570344425,0.9765153057761488,0.8922170542635659,0.9324648389396591,14387,1738,346
Varecia_variegata,Saimiri_boliviensis,same-order,8,1,5,879,587,292,16782,84.46001167542323,0.9765118790496761,0.8973516095019537,0.9352597045799799,14468,1655,348
Varecia_variegata,Saimiri_boliviensis,same-order,8,1,6,879,611,268,16761,85.15250671964473,0.9763499933002814,0.9041444347933987,0.938860971524288,14573,1545,353
Varecia_variegata,Saimiri_sciureus,same-order,2,1,1,220,31,189,16932,73.31825562514497,0.9759166345040525,0.7822670461576537,0.868427379194285,12643,3519,312
Varecia_variegata,Saimiri_sciureus,same-order,2,1,2,220,60,160,16906,75.06963788300835,0.975418488915699,0.8010899182561307,0.8797007820469228,12936,3212,326
Varecia_variegata,Saimiri_sciureus,same-order,2,1,3,220,75,145,16894,76.06525020318124,0.9752884257536286,0.8117333663734357,0.8860263042228759,13103,3039,332
Varecia_variegata,Saimiri_sciureus,same-order,2,1,4,220,79,141,16894,76.23940554975037,0.9753434831043446,0.8135918721348037,0.88715506468065,13133,3009,332
Varecia_variegata,Saimiri_sciureus,same-order,2,1,5,220,82,138,16891,76.37461533995238,0.9753818775025953,0.8148928261677612,0.8879438369110302,13154,2988,332
Varecia_variegata,Saimiri_sciureus,same-order,2,1,6,220,84,136,16891,76.49073912791036,0.9754183325929217,0.8161318300086731,0.8886940097139774,13174,2968,332
Varecia_variegata,Saimiri_sciureus,same-order,2,2,1,220,27,193,16937,72.95918367346938,0.9758821248545948,0.7785683350863082,0.8661298093468236,12584,3579,311
Varecia_variegata,Saimiri_sciureus,same-order,2,2,2,220,61,159,16910,74.70117210165951,0.9754508258827095,0.7971517027863777,0.877334060242606,12874,3276,324
Varecia_variegata,Saimiri_sciureus,same-order,2,2,3,220,80,140,16900,75.72838073128264,0.9753326356705038,0.8082259663032706,0.8839509518325317,13048,3096,330
Varecia_variegata,Saimiri_sciureus,same-order,2,2,4,220,87,133,16894,76.12468798978348,0.9752361121439727,0.8124651508580634,0.886440448830607,13114,3027,333
Varecia_variegata,Saimiri_sciureus,same-order,2,2,5,220,89,131,16894,76.1827364021594,0.9752545143791336,0.8130846911591599,0.8868166768024865,13124,3017,333
Varecia_variegata,Saimiri_sciureus,same-order,2,2,6,220,90,130,16883,76.29362913061154,0.9750612335782677,0.8140413929855,0.887305393266016,13137,3001,336
Varecia_variegata,Saimiri_boliviensis,same-order,8,2,1,879,143,736,16882,76.57495200977256,0.9770652415942997,0.8145031555500557,0.8884089758731231,13164,2998,309
Varecia_variegata,Saimiri_boliviensis,same-order,8,2,2,879,363,516,16822,80.55847032762038,0.9765387605116246,0.8562488382179813,0.9124463519313304,13819,2320,332
Varecia_variegata,Saimiri_boliviensis,same-order,8,2,3,879,495,384,16802,82.99212598425197,0.9764617073840242,0.8822544642857143,0.9269706840390879,14229,1899,343
Varecia_variegata,Saimiri_boliviensis,same-order,8,2,4,879,556,323,16786,83.8225853516195,0.9762778684067428,0.8908944299714675,0.9316339106181488,14363,1759,349
Varecia_variegata,Saimiri_boliviensis,same-order,8,2,5,879,577,302,16775,84.34051497635312,0.9762113942015274,0.8961474036850922,0.9344675895976193,14445,1674,352
Varecia_variegata,Saimiri_boliviensis,same-order,8,2,6,879,594,285,16771,84.68231721560383,0.9762353574794668,0.89967737932746,0.9363941624693272,14501,1617,353
Varecia_variegata,Saimiri_sciureus,same-order,3,0,1,330,57,273,16921,73.90951276102088,0.975576142714953,0.7887341380377592,0.872261774370208,12742,3413,319
Varecia_variegata,Saimiri_sciureus,same-order,3,0,2,330,106,224,16885,76.1860519133616,0.9750297265160524,0.8129879786838518,0.8866662161248902,13120,3018,336
Varecia_variegata,Saimiri_sciureus,same-order,3,0,3,330,127,203,16871,77.05489398780134,0.9747226100374752,0.8223806571605704,0.8920945559702746,13265,2865,344
Varecia_variegata,Saimiri_sciureus,same-order,3,0,4,330,133,197,16869,77.39049610781922,0.9747567132508963,0.8259656519313039,0.8942139884548262,13322,2807,345
Varecia_variegata,Saimiri_sciureus,same-order,3,0,5,330,141,189,16868,77.54995353159852,0.974596685889481,0.8279176485179214,0.8952891869237217,13351,2775,348
Varecia_variegata,Saimiri_sciureus,same-order,3,0,6,330,141,189,16868,77.54995353159852,0.974596685889481,0.8279176485179214,0.8952891869237217,13351,2775,348
Varecia_variegata,Saimiri_sciureus,same-order,3,1,1,330,55,275,16920,74.00510500058012,0.9756787762906309,0.7896137657836098,0.872840477575177,12757,3399,318
Varecia_variegata,Saimiri_sciureus,same-order,3,1,2,330,109,221,16891,75.70972423802613,0.9750280373831776,0.8079925650557621,0.8836862612231069,13041,3099,334
Varecia_variegata,Saimiri_sciureus,same-order,3,1,3,330,121,209,16890,76.27285921625544,0.97513545609738,0.8140529152983457,0.8873429690665947,13138,3001,335
Varecia_variegata,Saimiri_sciureus,same-order,3,1,4,330,127,203,16886,76.55188432727483,0.9752182275484539,0.8168411921432555,0.8890312573759989,13183,2956,335
Varecia_variegata,Saimiri_sciureus,same-order,3,1,5,330,133,197,16885,76.78281068524971,0.975289518330014,0.8192576987421774,0.8904903017241379,13222,2917,335
Varecia_variegata,Saimiri_sciureus,same-order,3,1,6,330,133,197,16885,76.78281068524971,0.975289518330014,0.8192576987421774,0.8904903017241379,13222,2917,335
Varecia_variegata,Saimiri_sciureus,same-order,3,2,1,330,51,279,16920,74.38798004408864,0.9758009283920553,0.7936989353800445,0.8753797317131446,12823,3333,318
Varecia_variegata,Saimiri_sciureus,same-order,3,2,2,330,119,211,16866,77.67768931248911,0.9751222003355949,0.8284881919047914,0.8958445040214478,13366,2767,341
Varecia_variegata,Saimiri_sciureus,same-order,3,2,3,330,159,171,16857,79.43963262221706,0.9753068798172995,0.8473462301587301,0.9068347710683478,13666,2462,346
Varecia_variegata,Saimiri_sciureus,same-order,3,2,4,330,178,152,16834,80.31193621602746,0.9753339458618984,0.8558139534883721,0.9116733831010109,13800,2325,349
Varecia_variegata,Saimiri_sciureus,same-order,3,2,5,330,182,148,16833,80.6436594308328,0.9753642570563806,0.8594021334656413,0.9137186376974054,13857,2267,350
Varecia_variegata,Saimiri_sciureus,same-order,3,2,6,330,186,144,16826,81.00005821060597,0.9752593215587329,0.8631598536070964,0.9157918983842838,13915,2206,353
Varecia_variegata,Saimiri_sciureus,same-order,4,0,1,440,70,370,16910,74.4908025300296,0.9754559270516717,0.7948114667822426,0.8759168912694891,12837,3314,323
Varecia_variegata,Saimiri_sciureus,same-order,4,0,2,440,143,297,16862,77.6460331299041,0.9749671580791125,0.8281569648502882,0.8955854255354808,13359,2772,343
Varecia_variegata,Saimiri_sciureus,same-order,4,0,3,440,182,258,16839,79.31937172774869,0.974903474903475,0.845686286671215,0.9057092563685276,13635,2488,351
Varecia_variegata,Saimiri_sciureus,same-order,4,0,4,440,202,238,16834,80.09076099604376,0.974929178470255,0.853970223325062,0.9104497354497355,13766,2354,354
Varecia_variegata,Saimiri_sciureus,same-order,4,0,5,440,209,231,16833,80.2885734233186,0.9749205227834687,0.8561325144239718,0.9116733831010108,13800,2319,355
Varecia_variegata,Saimiri_sciureus,same-order,4,0,6,440,219,221,16821,80.73923166472643,0.9747716092761771,0.8607508532423208,0.9142198055692866,13871,2244,359
Varecia_variegata,Saimiri_sciureus,same-order,4,1,1,440,62,378,16900,74.67781260884709,0.975284306292646,0.7966311617537776,0.8769513940963937,12864,3284,326
Varecia_variegata,Saimiri_sciureus,same-order,4,1,2,440,132,308,16856,77.45348837209302,0.9748280403922143,0.825914445133292,0.8942139884548261,13322,2808,344
Varecia_variegata,Saimiri_sciureus,same-order,4,1,3,440,178,262,16839,79.1077764206363,0.9746327481189537,0.8437344913151364,0.9044721529509558,13601,2519,354
Varecia_variegata,Saimiri_sciureus,same-order,4,1,4,440,205,235,16820,80.11641443538998,0.9745114698385726,0.8541640809234207,0.9103776704808518,13764,2350,360
Varecia_variegata,Saimiri_sciureus,same-order,4,1,5,440,217,223,16820,80.63445867287544,0.9746710757756983,0.8596872284969591,0.913575361888746,13853,2261,360
Varecia_variegata,Saimiri_sciureus,same-order,4,1,6,440,224,216,16818,80.84982537834692,0.9746000561324726,0.8620903674280039,0.9148992227637993,13890,2222,362
Varecia_variegata,Saimiri_sciureus,same-order,4,2,1,440,75,365,16904,74.81571768529804,0.9754067347710934,0.7981918385039322,0.87794578395314,12890,3259,325
Varecia_variegata,Saimiri_sciureus,same-order,4,2,2,440,169,271,16849,78.21713089492353,0.9747807812160302,0.8341188143370953,0.8989807852965748,13451,2675,348
Varecia_variegata,Saimiri_sciureus,same-order,4,2,3,440,216,224,16821,80.16759776536313,0.9743263314237216,0.8550679659859723,0.910809917355372,13776,2335,363
Varecia_variegata,Saimiri_sciureus,same-order,4,2,4,440,248,192,16799,81.25254879114478,0.9744288409138545,0.8658430593493917,0.9169323822359554,13947,2161,366
Varecia_variegata,Saimiri_sciureus,same-order,4,2,5,440,270,170,16776,81.93164586492476,0.9743376335136634,0.8723298559364133,0.9205163488631151,14048,2056,370
Varecia_variegata,Saimiri_sciureus,same-order,4,2,6,440,272,168,16775,82.12411057972704,0.9743288126210905,0.874433335403341,0.9216822124038618,14081,2022,371
Varecia_variegata,Saimiri_sciureus,same-order,5,0,1,550,92,458,16898,75.17125275745965,0.9752956240114483,0.801994301994302,0.8801957652176867,12949,3197,328
Varecia_variegata,Saimiri_sciureus,same-order,5,0,2,550,208,342,16853,78.44231328102296,0.974581166955517,0.83711698300459,0.900633967300634,13496,2626,352
Varecia_variegata,Saimiri_sciureus,same-order,5,0,3,550,264,286,16827,80.57947405166395,0.9745971430581943,0.8595543970706883,0.913467880226883,13850,2263,361
Varecia_variegata,Saimiri_sciureus,same-order,5,0,4,550,300,250,16814,81.46358502648891,0.9747144051267762,0.8685370243932716,0.918567630551088,13993,2118,363
Varecia_variegata,Saimiri_sciureus,same-order,5,0,5,550,316,234,16796,81.90770306491085,0.9746238646606116,0.8726719642413707,0.9208345615931349,14057,2051,366
Varecia_variegata,Saimiri_sciureus,same-order,5,0,6,550,324,226,16792,82.22507139110671,0.9746476927327992,0.8759545539206556,0.9226694568878134,14109,1998,367
Varecia_variegata,Saimiri_sciureus,same-order,5,1,1,550,85,465,16904,75.07254788160186,0.9754166352462107,0.801027991082487,0.8796626882926994,12935,3213,326
Varecia_variegata,Saimiri_sciureus,same-order,5,1,2,550,196,354,16837,79.10022116168084,0.975243972445465,0.8426436852873705,0.9041077665059039,13591,2538,345
Varecia_variegata,Saimiri_sciureus,same-order,5,1,3,550,279,271,16813,80.72934871257137,0.9751600872563507,0.8596240927982135,0.9137544507450878,13858,2263,353
Varecia_variegata,Saimiri_sciureus,same-order,5,1,4,550,296,254,16806,81.62432999300863,0.9750835189309577,0.8693224125093075,0.9191707125049206,14010,2106,358
Varecia_variegata,Saimiri_sciureus,same-order,5,1,5,550,314,236,16795,82.28814547150017,0.9749344013257837,0.8763577679846067,0.9230216062497956,14119,1992,363
Varecia_variegata,Saimiri_sciureus,same-order,5,1,6,550,326,224,16788,82.6522879626931,0.9747696961363949,0.880300490469982,0.925129677356213,14179,1928,367
Varecia_variegata,Aotus_azarai,same-order,1,0,1,111,27,84,16937,74.33909874472147,0.9734868570562836,0.7930268435668004,0.8740393117050943,12851,3354,350
Varecia_variegata,Aotus_azarai,same-order,1,0,2,111,36,75,16922,74.94356659142213,0.9733142900097722,0.7992592592592592,0.8777412466528827,12948,3252,355
Varecia_variegata,Aotus_azarai,same-order,1,0,3,111,36,75,16922,74.94935463332754,0.9733162958508719,0.799320987654321,0.877779284164859,12949,3251,355
Varecia_variegata,Aotus_azarai,same-order,1,0,4,111,36,75,16922,74.94935463332754,0.9733162958508719,0.799320987654321,0.877779284164859,12949,3251,355
Varecia_variegata,Aotus_azarai,same-order,1,1,1,111,27,84,16933,74.36208991494532,0.9734888653234358,0.7930885529157667,0.8740776005712925,12852,3353,350
Varecia_variegata,Aotus_azarai,same-order,1,1,2,111,35,76,16924,74.97250680094923,0.9734706147602585,0.7994692013331688,0.8779314084316118,12953,3249,353
Varecia_variegata,Aotus_azarai,same-order,1,1,3,111,37,74,16920,75.24454477050413,0.9732724414164857,0.8025682182985554,0.8797157841312806,13000,3198,357
Varecia_variegata,Aotus_azarai,same-order,1,1,4,111,37,74,16920,75.24454477050413,0.9732724414164857,0.8025682182985554,0.8797157841312806,13000,3198,357
Varecia_variegata,Saimiri_sciureus,same-order,5,2,1,550,91,459,16896,75.37023055926592,0.9757161115705586,0.80354157637298,0.8812983838109467,12978,3173,323
Varecia_variegata,Saimiri_sciureus,same-order,5,2,2,550,211,339,16840,79.05948085205448,0.975441619991383,0.8420530622365485,0.9038525517333157,13584,2548,342
Varecia_variegata,Saimiri_sciureus,same-order,5,2,3,550,266,284,16817,80.87387124963588,0.9755446240337315,0.8608458390177354,0.9146132560284622,13882,2244,348
Varecia_variegata,Saimiri_sciureus,same-order,5,2,4,550,284,266,16812,81.50305854937372,0.9753886913476958,0.8678121704608895,0.9184611344537815,13990,2131,353
Varecia_variegata,Saimiri_sciureus,same-order,5,2,5,550,292,258,16808,81.82135990211502,0.9753437977496875,0.8712078913083938,0.9203394829111643,14043,2076,355
Varecia_variegata,Saimiri_sciureus,same-order,5,2,6,550,297,253,16808,81.8679717998019,0.9753574899347494,0.8717042000124077,0.9206224406224406,14051,2068,355
Varecia_variegata,Saimiri_sciureus,same-order,6,0,1,659,98,561,16903,75.30620537528299,0.9756336015642626,0.80328173374613,0.8811084320983462,12973,3177,324
Varecia_variegata,Saimiri_sciureus,same-order,6,0,2,659,238,421,16855,78.81853596139311,0.9752517985611511,0.8404215747055177,0.9028305028305028,13556,2574,344
Varecia_variegata,Saimiri_sciureus,same-order,6,0,3,659,307,352,16834,80.36306510734858,0.9750794211083657,0.8567706717945537,0.9121046027867661,13812,2309,353
Varecia_variegata,Saimiri_sciureus,same-order,6,0,4,659,335,324,16828,81.02194028982133,0.9751348322476711,0.8637012221601836,0.9160415844190024,13922,2197,355
Varecia_variegata,Saimiri_sciureus,same-order,6,0,5,659,356,303,16809,81.85260704922808,0.9752880744134389,0.8716962402283162,0.9205870790197876,14050,2068,356
Varecia_variegata,Saimiri_sciureus,same-order,6,0,6,659,372,287,16796,82.26379903246489,0.9750604490500864,0.8759386830509527,0.9228455603504643,14114,1999,361
Varecia_variegata,Saimiri_sciureus,same-order,6,1,1,659,105,554,16901,75.12047843000639,0.9757164404223228,0.8010153541357108,0.8797769617843058,12938,3214,322
Varecia_variegata,Saimiri_sciureus,same-order,6,1,2,659,253,406,16830,79.3703445065177,0.974701636532552,0.846091811414392,0.9058546142861887,13639,2481,354
Varecia_variegata,Saimiri_sciureus,same-order,6,1,3,659,347,312,16803,82.0596458527493,0.9747457275306165,0.8745421813892855,0.9219291931156338,14088,2021,365
Varecia_variegata,Saimiri_sciureus,same-order,6,1,4,659,399,260,16794,83.38771704929495,0.9749301723550651,0.8885508506146778,0.9297385090141304,14311,1795,368
Varecia_variegata,Saimiri_sciureus,same-order,6,1,5,659,425,234,16783,83.9123338773607,0.9747443970478705,0.8941059561517918,0.9326854551344347,14396,1705,373
Varecia_variegata,Saimiri_sciureus,same-order,6,1,6,659,431,228,16782,84.11634413616227,0.9747382640999662,0.8963354037267081,0.9338941918783368,14431,1669,374
Varecia_variegata,Saimiri_sciureus,same-order,6,2,1,659,109,550,16891,75.72888837263329,0.9755349393984737,0.8075184244751347,0.8836106122725579,13039,3108,327
Varecia_variegata,Saimiri_sciureus,same-order,6,2,2,659,259,400,16853,79.20953211275791,0.974821173104435,0.8453045527850143,0.9054547870573384,13628,2494,352
Varecia_variegata,Saimiri_sciureus,same-order,6,2,3,659,332,327,16809,81.29148713171072,0.9745218483875471,0.8666583897200323,0.9174305897815015,13961,2148,365
Varecia_variegata,Saimiri_sciureus,same-order,6,2,4,659,367,292,16794,82.41943942660684,0.9747088415684653,0.8781275221953188,0.9239009732836894,14144,1963,367
Varecia_variegata,Saimiri_sciureus,same-order,6,2,5,659,391,268,16787,83.1672203765227,0.9747250495252407,0.8860531544957775,0.9282763555931431,14269,1835,370
Varecia_variegata,Saimiri_sciureus,same-order,6,2,6,659,409,250,16771,83.9302379841344,0.9747324210811543,0.8936712005465499,0.9324433788030976,14389,1712,373
Varecia_variegata,Saimiri_sciureus,same-order,7,0,1,769,125,644,16894,75.25258390430844,0.975316074653823,0.802675585284281,0.8806142556227492,12960,3186,328
Varecia_variegata,Saimiri_sciureus,same-order,7,0,2,769,288,481,16841,79.22629435718441,0.9750143184421535,0.8445891472868217,0.9051274382746818,13619,2506,349
Varecia_variegata,Saimiri_sciureus,same-order,7,0,3,769,381,388,16811,81.14229156963205,0.9744790938330303,0.8651685393258427,0.9165762388609384,13937,2172,365
Varecia_variegata,Saimiri_sciureus,same-order,7,0,4,769,419,350,16795,82.31970173598975,0.9744173217487243,0.8775383468918835,0.9234438817186734,14131,1972,371
Varecia_variegata,Saimiri_sciureus,same-order,7,0,5,769,449,320,16792,82.9468655325099,0.9745362447806147,0.8841758787728232,0.927159649636938,14237,1865,372
Varecia_variegata,Saimiri_sciureus,same-order,7,0,6,769,467,302,16773,83.46355685131195,0.9743380300864475,0.8892340187612598,0.9298427958945045,14314,1783,377
Varecia_variegata,Saimiri_sciureus,same-order,7,1,1,769,125,644,16900,75.52678934231149,0.9754835807467387,0.8057843562271629,0.8825504493810412,13011,3136,327
Varecia_variegata,Saimiri_sciureus,same-order,7,1,2,769,304,465,16830,79.76024208566108,0.9748221906116643,0.8502481389578164,0.9082836315440689,13706,2414,354
Varecia_variegata,Saimiri_sciureus,same-order,7,1,3,769,404,365,16808,82.09502736695003,0.9746975458002074,0.8752793642910355,0.9223170771595853,14099,2009,366
Varecia_variegata,Saimiri_sciureus,same-order,7,1,4,769,452,317,16794,82.93421895938938,0.9747312196124084,0.8838248990996584,0.9270548391298683,14234,1871,369
Varecia_variegata,Saimiri_sciureus,same-order,7,1,5,769,482,287,16782,83.48003497522588,0.9746154893153668,0.8894478603813428,0.9300860529306706,14321,1780,373
Varecia_variegata,Saimiri_sciureus,same-order,7,1,6,769,495,274,16778,83.64622201492537,0.9745941172474696,0.8911180124223602,0.9309886116608805,14347,1753,374
Varecia_variegata,Saimiri_sciureus,same-order,7,2,1,769,125,644,16895,75.70988908890308,0.9756061059563005,0.8074064899677978,0.8835727839522906,13038,3110,326
Varecia_variegata,Saimiri_sciureus,same-order,7,2,2,769,314,455,16827,79.67758831403131,0.974656510286894,0.8494230053356496,0.9077407591579646,13691,2427,356
Varecia_variegata,Saimiri_sciureus,same-order,7,2,3,769,425,344,16795,82.39132968185527,0.9747018680636934,0.8778791829639288,0.9237603710720586,14140,1967,367
Varecia_variegata,Saimiri_sciureus,same-order,7,2,4,769,479,290,16787,83.39550064110036,0.9747275204359673,0.8885921877910948,0.9296689731345223,14309,1794,371
Varecia_variegata,Saimiri_sciureus,same-order,7,2,5,769,501,268,16774,84.05247813411079,0.9745791359610574,0.895452851285874,0.9333419663958045,14415,1683,376
Varecia_variegata,Saimiri_sciureus,same-order,7,2,6,769,515,254,16765,84.66518898740084,0.9745535114811333,0.9018328673501087,0.9367840201361773,14515,1580,379
Varecia_variegata,Aotus_azarai,same-order,1,2,1,111,28,83,16934,74.91756811476833,0.9734666265784726,0.7993457597827429,0.8778553514539416,12951,3251,353
Varecia_variegata,Aotus_azarai,same-order,1,2,2,111,37,74,16927,75.57998264391091,0.9733273729697511,0.8065691177378527,0.8821364664573416,13064,3133,358
Varecia_variegata,Aotus_azarai,same-order,1,2,3,111,40,71,16920,75.88541666666667,0.9732798931195725,0.809694350108058,0.8839827423486585,13113,3082,360
Varecia_variegata,Aotus_azarai,same-order,1,2,4,111,42,69,16914,75.98981245658717,0.9731653076352854,0.810720681776076,0.8845467102381835,13128,3065,362
Varecia_variegata,Aotus_azarai,same-order,1,2,5,111,43,68,16913,76.03473227206946,0.9731792250129658,0.8111529673315631,0.8848097002357698,13135,3058,362
Varecia_variegata,Aotus_azarai,same-order,1,2,6,111,43,68,16913,76.03473227206946,0.9731792250129658,0.8111529673315631,0.8848097002357698,13135,3058,362
Varecia_variegata,Saimiri_sciureus,same-order,8,0,1,879,137,742,16886,75.97002788104089,0.9753896636587367,0.8101461843409317,0.8851216458565967,13079,3065,330
Varecia_variegata,Saimiri_sciureus,same-order,8,0,2,879,365,514,16817,80.2538130166492,0.974482222379303,0.8555824489542605,0.9111698612029081,13786,2327,361
Varecia_variegata,Saimiri_sciureus,same-order,8,0,3,879,483,396,16796,82.00302959683057,0.9745205289759745,0.8738979262386688,0.9214704245638154,14075,2031,368
Varecia_variegata,Saimiri_sciureus,same-order,8,0,4,879,521,358,16790,82.79438326632874,0.974422272509086,0.8825538786410781,0.9262156172598096,14210,1891,373
Varecia_variegata,Saimiri_sciureus,same-order,8,0,5,879,551,328,16772,83.46938775510205,0.9742734635540734,0.8893513916500994,0.9298775536717659,14315,1781,378
Varecia_variegata,Saimiri_sciureus,same-order,8,0,6,879,559,320,16769,83.75225987053129,0.9743537553429676,0.8922092445328031,0.9314739743797632,14361,1735,378
Varecia_variegata,Saimiri_sciureus,same-order,8,1,1,879,149,730,16890,75.77816492450638,0.9753344794080275,0.8082879088206145,0.8839887545303662,13049,3095,330
Varecia_variegata,Saimiri_sciureus,same-order,8,1,2,879,372,507,16846,79.65224470807165,0.9750836477539688,0.8494790374596874,0.9079579728878725,13697,2427,350
Varecia_variegata,Saimiri_sciureus,same-order,8,1,3,879,449,430,16818,81.56255457879723,0.9750156587097223,0.869376357430965,0.9191707125049206,14010,2105,359
Varecia_variegata,Saimiri_sciureus,same-order,8,1,4,879,503,376,16806,82.33546884100174,0.9748982828770429,0.8775294847920546,0.9236548952990754,14137,1973,364
Varecia_variegata,Saimiri_sciureus,same-order,8,1,5,879,534,345,16800,82.82551704048937,0.9749691400356604,0.8825501272580545,0.9264605258870678,14217,1892,365
Varecia_variegata,Saimiri_sciureus,same-order,8,1,6,879,543,336,16800,82.94203320710749,0.9750034241884673,0.8837916692532125,0.9271596496369379,14237,1872,365
Varecia_variegata,Aotus_azarai,same-order,2,1,1,221,49,172,16936,75.41657023837075,0.9739968616902039,0.8042821003270192,0.8810408921933086,13035,3172,348
Varecia_variegata,Aotus_azarai,same-order,2,1,2,221,76,145,16916,76.62788678590033,0.9734558823529412,0.8175250092626899,0.888702423306706,13239,2955,361
Varecia_variegata,Aotus_azarai,same-order,2,1,3,221,84,137,16894,77.2305909617613,0.9732768691588785,0.8233986039903638,0.8920863309352517,13330,2859,366
Varecia_variegata,Aotus_azarai,same-order,2,1,4,221,87,134,16893,77.46682890086332,0.9733546884100175,0.8258694175057137,0.8935672514619883,13370,2819,366
Varecia_variegata,Aotus_azarai,same-order,2,1,5,221,87,134,16893,77.46682890086332,0.9733546884100175,0.8258694175057137,0.8935672514619883,13370,2819,366
Varecia_variegata,Aotus_azarai,same-order,2,2,1,221,67,154,16900,76.93733348777945,0.9731868131868132,0.8205571684477114,0.8903783638861893,13284,2905,366
Varecia_variegata,Aotus_azarai,same-order,2,2,2,221,100,121,16865,78.65051301373833,0.9723376809516985,0.8391366194569856,0.9008398897852139,13568,2601,386
Varecia_variegata,Aotus_azarai,same-order,2,2,3,221,105,116,16861,78.97147495361781,0.972372929754426,0.8424666006927264,0.9027704135737008,13621,2547,387
Varecia_variegata,Aotus_azarai,same-order,2,2,4,221,107,114,16861,79.04104823747682,0.9723965763195435,0.8432088075210292,0.9032065721478734,13633,2535,387
Varecia_variegata,Aotus_azarai,same-order,2,2,5,221,107,114,16861,79.04104823747682,0.9723965763195435,0.8432088075210292,0.9032065721478734,13633,2535,387
Varecia_variegata,Aotus_azarai,same-order,2,0,1,221,54,167,16925,75.86087157821633,0.9737037587282722,0.8090858588975989,0.8837946263021272,13108,3093,354
Varecia_variegata,Aotus_azarai,same-order,2,0,2,221,79,142,16892,77.05050973123262,0.9727950855638438,0.8219736760798368,0.8910473255852899,13302,2881,372
Varecia_variegata,Aotus_azarai,same-order,2,0,3,221,87,134,16884,77.48870089233978,0.972794064159453,0.8264631357765281,0.8936781609195403,13373,2808,374
Varecia_variegata,Aotus_azarai,same-order,2,0,4,221,88,133,16883,77.63356124695794,0.9727728163798737,0.8280593325092707,0.8946015424164524,13398,2782,375
Varecia_variegata,Aotus_azarai,same-order,2,0,5,221,89,132,16883,77.77842160157608,0.9728221481374112,0.8296044499381953,0.8955233838147975,13423,2757,375
Varecia_variegata,Aotus_azarai,same-order,2,0,6,221,89,132,16883,77.77842160157608,0.9728221481374112,0.8296044499381953,0.8955233838147975,13423,2757,375
Varecia_variegata,Saimiri_sciureus,same-order,8,2,1,879,123,756,16900,75.63879210220674,0.9760209816410641,0.8063018447443357,0.8830807823994034,13025,3129,320
Varecia_variegata,Saimiri_sciureus,same-order,8,2,2,879,336,543,16821,80.3737773637634,0.9749293785310734,0.8564427073639804,0.9118530995079098,13805,2314,355
Varecia_variegata,Saimiri_sciureus,same-order,8,2,3,879,488,391,16803,82.65858915360867,0.9749896935550364,0.8808193668528864,0.9255152621967127,14190,1920,364
Varecia_variegata,Saimiri_sciureus,same-order,8,2,4,879,531,348,16785,83.65681645975404,0.9747368421052631,0.8913799528008943,0.9311966782366108,14353,1749,372
Varecia_variegata,Saimiri_sciureus,same-order,8,2,5,879,554,325,16779,84.27680289162245,0.9747808496291301,0.8978881987577639,0.9347559004203038,14456,1644,374
Varecia_variegata,Saimiri_sciureus,same-order,8,2,6,879,580,299,16766,84.78856809565471,0.974591043175114,0.9031997514756136,0.9375382928638226,14537,1558,379
Varecia_variegata,Aotus_azarai,same-order,3,0,1,332,82,250,16915,77.06113941639649,0.9738786858857101,0.8217063835041363,0.8913443830570903,13310,2888,357
Varecia_variegata,Aotus_azarai,same-order,3,0,2,332,144,188,16881,79.37427578215527,0.973080474465516,0.8469337289812068,0.9056354321599737,13700,2476,379
Varecia_variegata,Aotus_azarai,same-order,3,0,3,332,169,163,16841,80.81364981718995,0.9727558505064617,0.8614290133003403,0.9137139107611548,13925,2240,390
Varecia_variegata,Aotus_azarai,same-order,3,0,4,332,187,145,16828,81.67247386759581,0.9728832318760376,0.8701354946482708,0.918645285606976,14064,2099,392
Varecia_variegata,Aotus_azarai,same-order,3,0,5,332,194,138,16828,82.0383275261324,0.9730008953784696,0.8740332858998948,0.920865654129457,14127,2036,392
Varecia_variegata,Aotus_azarai,same-order,3,0,6,332,196,136,16826,82.18931475029036,0.972915377741115,0.8757502629787761,0.9217793408883679,14153,2008,394
Varecia_variegata,Aotus_azarai,same-order,3,1,1,332,87,245,16914,77.58930122155967,0.9739117796671753,0.827488268708323,0.894749140434623,13402,2794,359
Varecia_variegata,Aotus_azarai,same-order,3,1,2,332,143,189,16865,79.79827256390934,0.9727247032221594,0.8513822747232358,0.9080175455954619,13766,2403,386
Varecia_variegata,Aotus_azarai,same-order,3,1,3,332,170,162,16847,80.92090002319648,0.9723364225489513,0.8635969798242357,0.9147464682552688,13954,2204,397
Varecia_variegata,Aotus_azarai,same-order,3,1,4,332,181,151,16843,81.40479090539992,0.9724243054112104,0.8686637370799034,0.9176201372997711,14035,2122,398
Varecia_variegata,Aotus_azarai,same-order,3,1,5,332,182,150,16838,81.48857176006497,0.9723125908493113,0.8695140823274528,0.9180445722501798,14047,2108,400
Varecia_variegata,Aotus_azarai,same-order,3,1,6,332,184,148,16836,81.59665815734509,0.9723451327433629,0.8705663881151346,0.918645285606976,14064,2091,400
Varecia_variegata,Aotus_azarai,same-order,3,2,1,332,86,246,16912,76.8286326518793,0.973937302694369,0.8188888888888889,0.8897085946145333,13266,2934,355
Varecia_variegata,Aotus_azarai,same-order,3,2,2,332,128,204,16867,79.05816853215798,0.9731581953169617,0.8425737066567773,0.9031702388445357,13632,2547,376
Varecia_variegata,Aotus_azarai,same-order,3,2,3,332,154,178,16853,80.15085581665217,0.9730910115525501,0.8541396154083967,0.9097434884256972,13814,2359,382
Varecia_variegata,Aotus_azarai,same-order,3,2,4,332,159,173,16850,80.43869320489758,0.9731133731133731,0.8571605243630968,0.9114639839563402,13862,2310,383
Varecia_variegata,Aotus_azarai,same-order,3,2,5,332,166,166,16846,80.724360090545,0.9731999160310685,0.8600049468216671,0.9131077044283228,13908,2264,383
Varecia_variegata,Aotus_azarai,same-order,3,2,6,332,169,163,16842,80.84044343838876,0.9729654208871813,0.8614547253834736,0.9138208181609422,13928,2240,387
Varecia_variegata,Aotus_azarai,same-order,4,0,1,442,120,322,16898,78.08354093042118,0.9737735712737519,0.8323863636363636,0.8975460326973661,13478,2714,363
Varecia_variegata,Aotus_azarai,same-order,4,0,2,442,218,224,16838,81.20501509171116,0.9728789986091794,0.8654500463965358,0.9160255360942872,13990,2175,390
Varecia_variegata,Aotus_azarai,same-order,4,0,3,442,259,183,16803,82.95474350781386,0.9720879569746068,0.8844224218024156,0.9261853797755725,14279,1866,410
Varecia_variegata,Aotus_azarai,same-order,4,0,4,442,283,159,16790,83.8370335929327,0.9719695438312782,0.8937976330627672,0.9312459651387992,14425,1714,416
Varecia_variegata,Aotus_azarai,same-order,4,0,5,442,300,142,16785,84.32649264577641,0.9721198311105154,0.8987545696759403,0.9339987121699934,14505,1634,416
Varecia_variegata,Aotus_azarai,same-order,4,0,6,442,306,136,16781,84.7799546537992,0.972005598880224,0.9038115897118066,0.9366690217740382,14583,1552,420
Varecia_variegata,Aotus_azarai,same-order,4,1,1,442,125,317,16903,77.93291234575054,0.974076755973932,0.8305241711428042,0.8965907954810545,13452,2745,358
Varecia_variegata,Aotus_azarai,same-order,4,1,2,442,219,223,16846,80.42343387470997,0.9723683287748089,0.8579295835653734,0.9115713346482577,13865,2296,394
Varecia_variegata,Aotus_azarai,same-order,4,1,3,442,246,196,16823,81.5500725689405,0.9721780053982975,0.8696217420912524,0.9180445722501799,14047,2106,402
Varecia_variegata,Aotus_azarai,same-order,4,1,4,442,266,176,16816,82.22312561705093,0.9723233294416592,0.8765477959385835,0.9219548725295478,14158,1994,403
Varecia_variegata,Aotus_azarai,same-order,4,1,5,442,272,170,16816,82.64707590452407,0.9724613912805795,0.8810673600792471,0.9245111414279218,14231,1921,403
Varecia_variegata,Aotus_azarai,same-order,4,1,6,442,277,165,16813,82.8677623555375,0.9723339011925043,0.8835841228559044,0.9258370101219829,14269,1880,406
Varecia_variegata,Aotus_azarai,same-order,4,2,1,442,137,305,16900,77.80737823594139,0.97340965077525,0.8299357548801581,0.8959653217739246,13435,2753,367
Varecia_variegata,Aotus_azarai,same-order,4,2,2,442,222,220,16843,80.3120830674633,0.9721929639772487,0.8567980691874497,0.9108552631578948,13845,2314,396
Varecia_variegata,Aotus_azarai,same-order,4,2,3,442,247,195,16819,81.76275910120188,0.9721110037277372,0.8718964769983283,0.9192806084146621,14082,2069,404
Varecia_variegata,Aotus_azarai,same-order,4,2,4,442,264,178,16810,82.65288344270864,0.9720647496755687,0.8814567075436641,0.9245460746418943,14232,1914,409
Varecia_variegata,Aotus_azarai,same-order,4,2,5,442,277,165,16801,83.09229250159726,0.9717429697052031,0.8864241898506723,0.927124850134474,14306,1833,416
Varecia_variegata,Aotus_azarai,same-order,4,2,6,442,282,160,16798,83.30138816286228,0.9716143892690197,0.8888200297471492,0.9283749231316956,14342,1794,419
Varecia_variegata,Aotus_azarai,same-order,5,0,1,552,146,406,16893,78.1157656874674,0.9735701906412478,0.8327876953486936,0.8976928454905616,13482,2707,366
Varecia_variegata,Aotus_azarai,same-order,5,0,2,552,263,289,16834,81.38239220010446,0.9724687933425797,0.867867310310682,0.9171953692197004,14023,2135,397
Varecia_variegata,Aotus_azarai,same-order,5,0,3,552,314,238,16808,82.88303991633258,0.9725252249795473,0.8831723625557206,0.9256975989617131,14265,1887,403
Varecia_variegata,Aotus_azarai,same-order,5,0,4,552,326,226,16798,83.45244320492708,0.9720492690850027,0.8897906083508859,0.9291027880199235,14363,1779,413
Varecia_variegata,Aotus_azarai,same-order,5,0,5,552,334,218,16797,83.84172912672128,0.9721099434114794,0.8939966544823741,0.9314184282717445,14430,1711,414
Varecia_variegata,Aotus_azarai,same-order,5,0,6,552,344,208,16792,84.13344182262001,0.9721961047683009,0.8968465398674184,0.9330024813895781,14476,1665,414
Varecia_variegata,Aotus_azarai,same-order,5,1,1,552,140,412,16893,77.7977397855694,0.9737414768605832,0.8290001852652381,0.8955602254911771,13424,2769,362
Varecia_variegata,Aotus_azarai,same-order,5,1,2,552,257,295,16836,81.11510791366906,0.9721855225644949,0.8654286598576292,0.915706051873199,13981,2174,400
Varecia_variegata,Aotus_azarai,same-order,5,1,3,552,313,239,16793,82.79488669378269,0.9715668894040638,0.8829470814227289,0.9251395922607454,14249,1889,417
Varecia_variegata,Aotus_azarai,same-order,5,1,4,552,343,209,16782,83.64238795558914,0.9715732613099257,0.8918433122598239,0.9300025853154085,14389,1745,421
Varecia_variegata,Aotus_azarai,same-order,5,1,5,552,358,194,16774,84.13187579951158,0.9715302491103203,0.8969685698344801,0.9327617328519855,14469,1662,424
Varecia_variegata,Aotus_azarai,same-order,5,1,6,552,369,183,16767,84.58093410108765,0.9715392838054516,0.9016058032116064,0.9352670675627874,14542,1587,426
Varecia_variegata,Aotus_azarai,same-order,5,2,1,552,147,405,16895,78.00567819688278,0.9736746944384176,0.8315113334568588,0.8969951362515824,13463,2728,364
Varecia_variegata,Aotus_azarai,same-order,5,2,2,552,254,298,16854,80.99269395801925,0.9727019498607242,0.8641960032172246,0.915244242046981,13968,2195,392
Varecia_variegata,Aotus_azarai,same-order,5,2,3,552,311,241,16812,82.81731048504211,0.9725102319236016,0.8826770678553739,0.9254186680514085,14257,1895,403
Varecia_variegata,Aotus_azarai,same-order,5,2,4,552,340,212,16788,83.92441860465117,0.9722502862531152,0.8941956265873753,0.9315908357534688,14435,1708,412
Varecia_variegata,Aotus_azarai,same-order,5,2,5,552,356,196,16785,84.42260727991626,0.9723412804714706,0.8994548383099987,0.9344789856471647,14519,1623,413
Varecia_variegata,Aotus_azarai,same-order,5,2,6,552,361,191,16782,84.50130851991858,0.9723616409020946,0.9001362904225003,0.9348560398906226,14530,1612,413
Varecia_variegata,Aotus_azarai,same-order,6,0,1,663,180,483,16884,78.588398910587,0.9732328668819519,0.8380917068347546,0.9006209117774013,13562,2620,373
Varecia_variegata,Aotus_azarai,same-order,6,0,2,663,310,353,16837,81.46429193015025,0.9723030051239441,0.8692045806251935,0.9178677648135438,14042,2113,400
Varecia_variegata,Aotus_azarai,same-order,6,0,3,663,363,300,16792,83.38273757628596,0.9720170743275289,0.8887374550861108,0.9285136403352643,14346,1796,413
Varecia_variegata,Aotus_azarai,same-order,6,0,4,663,405,258,16772,84.37336435010177,0.97166968053044,0.8993305231837342,0.9341016643595274,14508,1624,423
Varecia_variegata,Aotus_azarai,same-order,6,0,5,663,430,233,16762,84.7943691466465,0.9714114354258296,0.9039439414609947,0.93646408839779,14577,1549,429
Varecia_variegata,Aotus_azarai,same-order,6,0,6,663,436,227,16759,85.02036067481093,0.9713545128273295,0.9064128007938477,0.9377606673083092,14615,1509,431
Varecia_variegata,Aotus_azarai,same-order,6,2,1,663,196,467,16890,78.5710146607174,0.9736464167743789,0.8375957499382258,0.9005113900511391,13559,2629,367
Varecia_variegata,Aotus_azarai,same-order,6,2,2,663,345,318,16815,82.29553903345725,0.9724758047909946,0.8770583137303454,0.9223057644110275,14168,1986,401
Varecia_variegata,Aotus_azarai,same-order,6,2,3,663,403,260,16785,83.73539498924606,0.9718005801794508,0.8926690215033773,0.9305555555555555,14405,1732,418
Varecia_variegata,Aotus_azarai,same-order,6,2,4,663,431,232,16762,84.66953688619968,0.9715601842579611,0.9022878045756092,0.9356435643564357,14553,1576,426
Varecia_variegata,Aotus_azarai,same-order,6,2,5,663,461,202,16753,85.47073199115559,0.9713662213992859,0.9111152462473638,0.9402765330943541,14689,1433,433
Varecia_variegata,Aotus_azarai,same-order,6,2,6,663,475,188,16751,85.67271880819366,0.9714285714285714,0.9131621386924699,0.9413946350353295,14722,1400,433
Varecia_variegata,Aotus_azarai,same-order,6,1,1,663,196,467,16889,78.66496697183915,0.9735389028325565,0.8387495366365996,0.9011317248016992,13576,2610,369
Varecia_variegata,Aotus_azarai,same-order,6,1,2,663,339,324,16824,81.9960520204366,0.9724574812366591,0.8742185082017951,0.920724949475194,14123,2032,400
Varecia_variegata,Aotus_azarai,same-order,6,1,3,663,407,256,16781,83.88785481619358,0.9722915121688128,0.8933349851337958,0.9311424605352357,14422,1722,411
Varecia_variegata,Aotus_azarai,same-order,6,1,4,663,441,222,16766,84.72949389179756,0.9717125892321036,0.902919843779059,0.9360539845758356,14565,1566,424
Varecia_variegata,Aotus_azarai,same-order,6,1,5,663,452,211,16763,84.96800465386853,0.971595822523781,0.9056299603174603,0.9374538686178235,14606,1522,427
Varecia_variegata,Aotus_azarai,same-order,6,1,6,663,453,210,16762,85.02036067481093,0.9715482284118859,0.9062441867675327,0.9377606673083092,14615,1512,428
Varecia_variegata,Aotus_azarai,same-order,7,0,1,773,184,589,16883,78.38887279049551,0.9732335587854367,0.8358153617994192,0.8993052092683089,13526,2657,372
Varecia_variegata,Aotus_azarai,same-order,7,0,2,773,371,402,16810,81.80023228803717,0.9717163355408388,0.8724682564261381,0.9194216898926274,14086,2059,410
Varecia_variegata,Aotus_azarai,same-order,7,0,3,773,451,322,16781,83.52031622391443,0.9714672075726842,0.8905969131593628,0.9292759434724962,14368,1765,422
Varecia_variegata,Aotus_azarai,same-order,7,0,4,773,489,284,16763,84.48476389858106,0.9710580843526502,0.9011288921969979,0.93478750442364,14528,1594,433
Varecia_variegata,Aotus_azarai,same-order,7,0,5,773,515,258,16758,84.9092812281926,0.9708757231198883,0.9059378296208972,0.9372833483117218,14601,1516,438
Varecia_variegata,Aotus_azarai,same-order,7,0,6,773,528,245,16750,85.33534989238555,0.9708159618820726,0.9103884820652849,0.9396317053642914,14670,1444,441
Varecia_variegata,Aotus_azarai,same-order,7,1,1,773,207,566,16885,78.89642381035182,0.9736766809728183,0.8409217273120405,0.9024430669274371,13612,2575,368
Varecia_variegata,Aotus_azarai,same-order,7,1,2,773,389,384,16815,82.83590756009755,0.9722619777823213,0.883453059202378,0.9257324551442199,14266,1882,407
Varecia_variegata,Aotus_azarai,same-order,7,1,3,773,477,296,16776,84.79525360632853,0.9722555688942244,0.9032777743354606,0.9364982494459255,14578,1561,416
Varecia_variegata,Aotus_azarai,same-order,7,1,4,773,515,258,16768,85.64198033626157,0.97219653942676,0.9124209743399033,0.9413607878245299,14721,1413,421
Varecia_variegata,Aotus_azarai,same-order,7,1,5,773,541,232,16763,86.03758217464657,0.9720013144922773,0.9169198338396677,0.9436574783052578,14789,1340,426
Varecia_variegata,Aotus_azarai,same-order,7,1,6,773,553,220,16763,86.27028913840246,0.9720747295968535,0.9193998387996776,0.9450038236043843,14829,1300,426
Varecia_variegata,Aotus_azarai,same-order,7,2,1,773,214,559,16892,78.41455641189083,0.9737353385622797,0.8358245830759728,0.8995247116694919,13532,2658,365
Varecia_variegata,Aotus_azarai,same-order,7,2,2,773,377,396,16832,81.77860335519823,0.9727266450321066,0.8717821782178218,0.9194922168195019,14088,2072,395
Varecia_variegata,Aotus_azarai,same-order,7,2,3,773,441,332,16787,83.4593462835873,0.9724198685369655,0.8886549417884567,0.928652321630804,14350,1798,407
Varecia_variegata,Aotus_azarai,same-order,7,2,4,773,474,299,16779,84.35900418799442,0.9723116116921426,0.8984636352372692,0.9339300663275163,14503,1639,413
Varecia_variegata,Aotus_azarai,same-order,7,2,5,773,501,272,16777,84.77198697068404,0.972313029555007,0.9029739776951673,0.9363615920845514,14574,1566,415
Varecia_variegata,Aotus_azarai,same-order,7,2,6,773,515,258,16773,85.24313634248487,0.9722037946132414,0.9082176499752107,0.9391220762576098,14655,1481,419
Varecia_variegata,Aotus_azarai,same-order,8,1,1,883,205,678,16885,78.6765558002086,0.9732635653358183,0.8390804597701149,0.9012046593435769,13578,2604,373
Varecia_variegata,Aotus_azarai,same-order,8,1,2,883,421,462,16818,82.0460743921546,0.9714855022674179,0.8760223048327137,0.9212875480549945,14139,2001,415
Varecia_variegata,Aotus_azarai,same-order,8,1,3,883,511,372,16785,83.61036847611298,0.9715675018572297,0.8916573695301847,0.9298988397272229,14386,1748,421
Varecia_variegata,Aotus_azarai,same-order,8,1,4,883,549,334,16774,84.26927101499825,0.971321361565264,0.8988652570223848,0.9336897362403787,14496,1631,428
Varecia_variegata,Aotus_azarai,same-order,8,1,5,883,572,311,16772,84.65876060923148,0.9713199493096778,0.9031317829457365,0.9359856031878656,14563,1562,430
Varecia_variegata,Aotus_azarai,same-order,8,1,6,883,581,302,16770,84.76744186046511,0.9713524317121919,0.9041860465116279,0.9365665649590493,14580,1545,430
Varecia_variegata,Aotus_azarai,same-order,8,0,1,883,220,663,16886,78.80579710144927,0.9739217652958877,0.8396022481625595,0.9017877873229627,13594,2597,364
Varecia_variegata,Aotus_azarai,same-order,8,0,2,883,432,451,16824,82.59581881533101,0.9729119638826185,0.8801906058543226,0.9242315939957113,14223,1936,396
Varecia_variegata,Aotus_azarai,same-order,8,0,3,883,539,344,16775,84.57152830298446,0.9723095445120727,0.9006257357041075,0.9350958445902483,14537,1604,414
Varecia_variegata,Aotus_azarai,same-order,8,0,4,883,590,293,16761,85.65111136971954,0.9719379333113238,0.9125852448853069,0.9413269384492406,14720,1410,425
Varecia_variegata,Aotus_azarai,same-order,8,0,5,883,620,263,16756,86.21552426393576,0.9717977307011215,0.9188837209302325,0.9446002805049089,14817,1308,430
Varecia_variegata,Aotus_azarai,same-order,8,0,6,883,639,244,16750,86.77026948373204,0.9719016885064216,0.9245844703547507,0.947652798525252,14908,1216,431
Varecia_variegata,Aotus_azarai,same-order,8,2,1,883,226,657,16879,78.62772369031062,0.972965220509143,0.8386697984917789,0.9008398897852138,13568,2610,377
Varecia_variegata,Aotus_azarai,same-order,8,2,2,883,438,445,16817,81.918476367437,0.9720939847033694,0.8735603715170278,0.9201969800737044,14108,2042,405
Varecia_variegata,Aotus_azarai,same-order,8,2,3,883,524,359,16795,83.48053457292272,0.9719253145717764,0.8901486988847583,0.9292413168617812,14367,1773,415
Varecia_variegata,Aotus_azarai,same-order,8,2,4,883,560,323,16772,84.2946854285382,0.9714534611003149,0.8988157976315952,0.9337240757439135,14497,1632,426
Varecia_variegata,Aotus_azarai,same-order,8,2,5,883,578,305,16770,84.5854169089429,0.9714190317195326,0.9020276554845911,0.9354382354832486,14547,1580,428
Varecia_variegata,Aotus_azarai,same-order,8,2,6,883,582,301,16769,84.81800209326666,0.971430474160895,0.9045640580429121,0.9368056001541326,14587,1539,429
