reference,target,divergence,depth,replicate,iteration,n_reads,n_placed,n_unplaced,n_contigs,n_contigs_anchored,theta_len,identity_pct,recall,precision,f1,c_theta,w_theta,u_t
Homo_sapiens,Gorilla_gorilla,same-family,1,0,1,110,104,6,17,1,16500,89.80745451333686,0.9693040991420401,0.9603929223600529,0.9648279352226721,15252,629,483
Homo_sapiens,Gorilla_gorilla,same-family,1,0,2,110,107,3,15,0,16500,89.80745451333686,0.9693040991420401,0.9603929223600529,0.9648279352226721,15252,629,483
Homo_sapiens,Gorilla_gorilla,same-family,1,0,3,110,107,3,15,0,16500,89.80745451333686,0.9693040991420401,0.9603929223600529,0.9648279352226721,15252,629,483
Homo_sapiens,Gorilla_gorilla,same-family,1,1,1,110,106,4,17,0,16563,89.7547236239878,0.9696354992076069,0.96292099464904,0.966266582438408,15296,589,479
Homo_sapiens,Gorilla_gorilla,same-family,1,1,2,110,106,4,17,0,16563,89.7547236239878,0.9696354992076069,0.96292099464904,0.966266582438408,15296,589,479
Homo_sapiens,Gorilla_gorilla,same-family,1,2,1,110,107,3,8,0,16564,89.52833509327702,0.9693832179381312,0.960899131091802,0.9651225296442687,15261,621,482
Homo_sapiens,Gorilla_gorilla,same-family,1,2,2,110,107,3,8,0,16564,89.52833509327702,0.9693832179381312,0.960899131091802,0.9651225296442687,15261,621,482
Homo_sapiens,Gorilla_gorilla,same-family,2,0,1,219,212,7,9,0,16565,91.17094919629238,0.9699787791786294,0.9784675439148776,0.9742046701144021,15541,342,481
Homo_sapiens,Gorilla_gorilla,same-family,2,0,2,219,212,7,9,0,16565,91.17094919629238,0.9699787791786294,0.9784675439148776,0.9742046701144021,15541,342,481
Homo_sapiens,Gorilla_gorilla,same-family,2,1,1,219,214,5,7,1,16564,91.48037317373702,0.9701929060360921,0.9814919735599622,0.9758097324362384,15591,294,479
Homo_sapiens,Gorilla_gorilla,same-family,2,1,2,219,216,3,7,0,16564,91.48037317373702,0.9701929060360921,0.9814919735599622,0.9758097324362384,15591,294,479
Homo_sapiens,Gorilla_gorilla,same-family,2,1,3,219,216,3,7,0,16564,91.48037317373702,0.9701929060360921,0.9814919735599622,0.9758097324362384,15591,294,479
Homo_sapiens,Gorilla_gorilla,same-family,2,2,1,219,208,11,7,0,16565,91.3635296878667,0.9701576225780325,0.9802958766131571,0.9752004008016032,15572,313,479
Homo_sapiens,Gorilla_gorilla,same-family,2,2,2,219,212,7,6,0,16556,91.56442618139125,0.9702058841823723,0.9819326408561536,0.9760340404230022,15598,287,479
Homo_sapiens,Gorilla_gorilla,same-family,2,2,3,219,212,7,6,0,16556,91.56442618139125,0.9702058841823723,0.9819326408561536,0.9760340404230022,15598,287,479
Homo_sapiens,Gorilla_gorilla,same-family,3,0,1,328,319,9,5,1,16555,92.42104027239638,0.9704721982492911,0.9910607491344036,0.9806584233967671,15743,142,479
Homo_sapiens,Gorilla_gorilla,same-family,3,0,2,328,326,2,4,0,16556,92.668036395656,0.9705502612972641,0.9937677053824363,0.9820217729393469,15786,99,479
Homo_sapiens,Gorilla_gorilla,same-family,3,0,3,328,327,1,3,0,16555,92.67347657625925,0.9705502612972641,0.9937677053824363,0.9820217729393469,15786,99,479
Homo_sapiens,Gorilla_gorilla,same-family,3,0,4,328,327,1,3,0,16555,92.67347657625925,0.9705502612972641,0.9937677053824363,0.9820217729393469,15786,99,479
Homo_sapiens,Gorilla_gorilla,same-family,3,1,1,328,321,7,4,1,16468,92.93680297397769,0.970484934376733,0.9915014164305949,0.98088061281684,15750,135,479
Homo_sapiens,Gorilla_gorilla,same-family,3,1,2,328,326,2,0,0,16468,92.93680297397769,0.970484934376733,0.9915014164305949,0.98088061281684,15750,135,479
Homo_sapiens,Gorilla_gorilla,same-family,3,1,3,328,326,2,0,0,16468,92.93680297397769,0.970484934376733,0.9915014164305949,0.98088061281684,15750,135,479
Homo_sapiens,Gorilla_gorilla,same-family,3,2,1,328,317,11,4,1,16499,92.6320749160728,0.9703849950641659,0.9901787962729791,0.9801819768166521,15728,156,480
Homo_sapiens,Gorilla_gorilla,same-family,3,2,2,328,326,2,0,0,16499,92.75575711172625,0.9704233162856615,0.9915008813900781,0.9808488774016754,15749,135,480
Homo_sapiens,Gorilla_gorilla,same-family,3,2,3,328,326,2,0,0,16499,92.75575711172625,0.9704233162856615,0.9915008813900781,0.9808488774016754,15749,135,480
Homo_sapiens,Gorilla_gorilla,same-family,4,0,1,437,421,16,4,1,16501,93.31566548881037,0.9706567017887773,0.9974819011646208,0.9838864913533484,15845,40,479
Homo_sapiens,Gorilla_gorilla,same-family,4,0,2,437,435,2,0,0,16500,93.42717474527358,0.9706890221515114,0.9986150456405414,0.9844540292301486,15863,22,479
Homo_sapiens,Gorilla_gorilla,same-family,4,0,3,437,437,0,0,0,16500,93.42717474527358,0.9706890221515114,0.9986150456405414,0.9844540292301486,15863,22,479
Homo_sapiens,Gorilla_gorilla,same-family,4,0,4,437,437,0,0,0,16500,93.42717474527358,0.9706890221515114,0.9986150456405414,0.9844540292301486,15863,22,479
Homo_sapiens,Gorilla_gorilla,same-family,4,1,1,437,420,17,4,1,16469,93.38565022421524,0.9706243100699129,0.9963487566887,0.9833183187847535,15827,58,479
Homo_sapiens,Gorilla_gorilla,same-family,4,1,2,437,431,6,0,0,16469,93.41515223035167,0.9706333149408375,0.9966635190431224,0.9834762082246242,15832,53,479
Homo_sapiens,Gorilla_gorilla,same-family,4,1,3,437,431,6,0,0,16469,93.41515223035167,0.9706333149408375,0.9966635190431224,0.9834762082246242,15832,53,479
Homo_sapiens,Gorilla_gorilla,same-family,4,2,1,437,422,15,4,1,16468,93.34395468224464,0.9706098907841453,0.9958451369216241,0.9830655936363918,15819,66,479
Homo_sapiens,Gorilla_gorilla,same-family,4,2,2,437,434,3,0,0,16468,93.49737416651915,0.9706567017887773,0.9974819011646208,0.9838864913533484,15845,40,479
Homo_sapiens,Gorilla_gorilla,same-family,4,2,3,437,437,0,0,0,16468,93.55048091107571,0.9706728708749158,0.9980484734025811,0.9841703395617357,15854,31,479
Homo_sapiens,Gorilla_gorilla,same-family,4,2,4,437,437,0,0,0,16468,93.55048091107571,0.9706728708749158,0.9980484734025811,0.9841703395617357,15854,31,479
Homo_sapiens,Gorilla_gorilla,same-family,5,0,1,546,532,14,4,1,16468,93.44426742196259,0.9706405148636225,0.9969153289266603,0.9836024844720497,15836,49,479
Homo_sapiens,Gorilla_gorilla,same-family,5,0,2,546,543,3,0,0,16468,93.55638166047088,0.9706746663401494,0.9981114258734656,0.9842018684627083,15855,30,479
Homo_sapiens,Gorilla_gorilla,same-family,5,0,3,546,546,0,0,0,16468,93.55638166047088,0.9706746663401494,0.9981114258734656,0.9842018684627083,15855,30,479
Homo_sapiens,Gorilla_gorilla,same-family,5,0,4,546,546,0,0,0,16468,93.55638166047088,0.9706746663401494,0.9981114258734656,0.9842018684627083,15855,30,479
Homo_sapiens,Gorilla_gorilla,same-family,5,1,1,546,528,18,4,1,16467,93.40886292559155,0.970570202329859,0.9966003525560312,0.9834130583338511,15830,54,480
Homo_sapiens,Gorilla_gorilla,same-family,5,1,2,546,543,3,0,0,16467,93.62719065321296,0.9706368140943292,0.9989297406194914,0.9845800626725824,15867,17,480
Homo_sapiens,Gorilla_gorilla,same-family,5,1,3,546,546,0,0,0,16467,93.62719065321296,0.9706368140943292,0.9989297406194914,0.9845800626725824,15867,17,480
Homo_sapiens,Gorilla_gorilla,same-family,5,1,4,546,546,0,0,0,16467,93.62719065321296,0.9706368140943292,0.9989297406194914,0.9845800626725824,15867,17,480
Homo_sapiens,Gorilla_gorilla,same-family,5,2,1,546,521,25,4,1,16473,93.44030202925909,0.9706477112568173,0.9971671388101983,0.9837287293503912,15840,45,479
Homo_sapiens,Gorilla_gorilla,same-family,5,2,2,546,545,1,0,0,16474,93.58815548870406,0.9706944019577852,0.9988039030531949,0.984548557244803,15866,19,479
Homo_sapiens,Gorilla_gorilla,same-family,5,2,3,546,546,0,0,0,16474,93.58815548870406,0.9706944019577852,0.9988039030531949,0.984548557244803,15866,19,479
Homo_sapiens,Gorilla_gorilla,same-family,5,2,4,546,546,0,0,0,16474,93.58815548870406,0.9706944019577852,0.9988039030531949,0.984548557244803,15866,19,479
Homo_sapiens,Gorilla_gorilla,same-family,6,0,1,655,644,11,4,1,16550,93.19983557460802,0.9707033639143731,0.9991186654076173,0.984706064836358,15871,14,479
Homo_sapiens,Gorilla_gorilla,same-family,6,0,2,655,655,0,0,0,16551,93.27069876688198,0.9707266393693088,0.9999370475291155,0.9851153559910693,15884,1,479
Homo_sapiens,Gorilla_gorilla,same-family,6,0,3,655,655,0,0,0,16551,93.27069876688198,0.9707266393693088,0.9999370475291155,0.9851153559910693,15884,1,479
Homo_sapiens,Gorilla_gorilla,same-family,6,1,1,655,634,21,4,1,16550,93.18221856832463,0.9706979873982994,0.9989298079949638,0.9846115661454454,15868,17,479
Homo_sapiens,Gorilla_gorilla,same-family,6,1,2,655,654,1,0,0,16551,93.25308279506753,0.9707212713936431,0.9997481901164621,0.9850209334780585,15881,4,479
Homo_sapiens,Gorilla_gorilla,same-family,6,1,3,655,655,0,0,0,16551,93.25308279506753,0.9707212713936431,0.9997481901164621,0.9850209334780585,15881,4,479
Homo_sapiens,Gorilla_gorilla,same-family,6,1,4,655,655,0,0,0,16551,93.25308279506753,0.9707212713936431,0.9997481901164621,0.9850209334780585,15881,4,479
Homo_sapiens,Gorilla_gorilla,same-family,6,2,1,655,632,23,4,1,16499,93.36199787960891,0.9706674831598285,0.9978596159899276,0.9840757411143878,15851,34,479
Homo_sapiens,Gorilla_gorilla,same-family,6,2,2,655,653,2,0,0,16500,93.51551917074033,0.970715901448921,0.9995593327038086,0.9849264933937101,15878,7,479
Homo_sapiens,Gorilla_gorilla,same-family,6,2,3,655,655,0,0,0,16500,93.51551917074033,0.970715901448921,0.9995593327038086,0.9849264933937101,15878,7,479
Homo_sapiens,Gorilla_gorilla,same-family,6,2,4,655,655,0,0,0,16500,93.51551917074033,0.970715901448921,0.9995593327038086,0.9849264933937101,15878,7,479
Homo_sapiens,Gorilla_gorilla,same-family,7,0,1,764,743,21,4,1,16500,93.39183697508687,0.9706782566111655,0.9982373308152345,0.9842649203935322,15857,28,479
Homo_sapiens,Gorilla_gorilla,same-family,7,0,2,764,761,3,0,0,16500,93.53907768419813,0.9707230609375955,0.9998111425873466,0.9850524096011909,15882,3,479
Homo_sapiens,Gorilla_gorilla,same-family,7,0,3,764,764,0,0,0,16500,93.53907768419813,0.9707230609375955,0.9998111425873466,0.9850524096011909,15882,3,479
Homo_sapiens,Gorilla_gorilla,same-family,7,0,4,764,764,0,0,0,16500,93.53907768419813,0.9707230609375955,0.9998111425873466,0.9850524096011909,15882,3,479
Homo_sapiens,Gorilla_gorilla,same-family,7,1,1,764,736,28,4,1,16468,93.55638166047088,0.9706746663401494,0.9981114258734656,0.9842018684627083,15855,30,479
Homo_sapiens,Gorilla_gorilla,same-family,7,1,2,764,763,1,0,0,16468,93.69799964595504,0.9707176916493458,0.9996222851746931,0.9849579753744998,15879,6,479
Homo_sapiens,Gorilla_gorilla,same-family,7,1,3,764,764,0,0,0,16468,93.69799964595504,0.9707176916493458,0.9996222851746931,0.9849579753744998,15879,6,479
Homo_sapiens,Gorilla_gorilla,same-family,7,1,4,764,764,0,0,0,16468,93.69799964595504,0.9707176916493458,0.9996222851746931,0.9849579753744998,15879,6,479
Homo_sapiens,Gorilla_gorilla,same-family,7,2,1,764,744,20,4,1,16501,93.52767962308599,0.9707212713936431,0.9997481901164621,0.9850209334780585,15881,4,479
Homo_sapiens,Gorilla_gorilla,same-family,7,2,2,764,763,1,0,0,16500,93.53907768419813,0.9707230609375955,0.9998111425873466,0.9850524096011909,15882,3,479
Homo_sapiens,Gorilla_gorilla,same-family,7,2,3,764,764,0,0,0,16500,93.53907768419813,0.9707230609375955,0.9998111425873466,0.9850524096011909,15882,3,479
Homo_sapiens,Gorilla_gorilla,same-family,7,2,4,764,764,0,0,0,16500,93.53907768419813,0.9707230609375955,0.9998111425873466,0.9850524096011909,15882,3,479
Homo_sapiens,Gorilla_gorilla,same-family,8,0,1,873,846,27,4,1,16467,93.62681458751328,0.9706944019577852,0.9988039030531949,0.984548557244803,15866,19,479
Homo_sapiens,Gorilla_gorilla,same-family,8,0,2,873,868,5,0,0,16468,93.7275033929309,0.9707266393693088,0.9999370475291155,0.9851153559910693,15884,1,479
Homo_sapiens,Gorilla_gorilla,same-family,8,0,3,873,873,0,0,0,16468,93.7275033929309,0.9707266393693088,0.9999370475291155,0.9851153559910693,15884,1,479
Homo_sapiens,Gorilla_gorilla,same-family,8,0,4,873,873,0,0,0,16468,93.7275033929309,0.9707266393693088,0.9999370475291155,0.9851153559910693,15884,1,479
Homo_sapiens,Gorilla_gorilla,same-family,8,1,1,873,845,28,4,1,16467,93.66812227074236,0.9707069471624267,0.9992445703493862,0.9847690541923876,15873,12,479
Homo_sapiens,Gorilla_gorilla,same-family,8,1,2,873,871,2,0,0,16468,93.69209889655987,0.970715901448921,0.9995593327038086,0.9849264933937101,15878,7,479
Homo_sapiens,Gorilla_gorilla,same-family,8,1,3,873,873,0,0,0,16468,93.69209889655987,0.970715901448921,0.9995593327038086,0.9849264933937101,15878,7,479
Homo_sapiens,Gorilla_gorilla,same-family,8,1,4,873,873,0,0,0,16468,93.69209889655987,0.970715901448921,0.9995593327038086,0.9849264933937101,15878,7,479
Homo_sapiens,Gorilla_gorilla,same-family,8,2,1,873,850,23,4,1,16467,93.65632007553405,0.9707033639143731,0.9991186654076173,0.984706064836358,15871,14,479
Homo_sapiens,Gorilla_gorilla,same-family,8,2,2,873,870,3,0,0,16468,93.7275033929309,0.9707266393693088,0.9999370475291155,0.9851153559910693,15884,1,479
Homo_sapiens,Gorilla_gorilla,same-family,8,2,3,873,872,1,0,0,16468,93.7275033929309,0.9707266393693088,0.9999370475291155,0.9851153559910693,15884,1,479
Homo_sapiens,Gorilla_gorilla,same-family,8,2,4,873,872,1,0,0,16468,93.7275033929309,0.9707266393693088,0.9999370475291155,0.9851153559910693,15884,1,479
Homo_sapiens,Saimiri_boliviensis,same-order,1,0,1,110,32,78,49,6,16565,77.14967689352041,0.9558568955568378,0.8356138470269248,0.8917000302795814,13252,2607,612
Homo_sapiens,Saimiri_boliviensis,same-order,1,0,2,110,66,44,45,2,16566,77.7292576419214,0.9563722329679777,0.8416340940612785,0.8953422085107811,13350,2512,609
Homo_sapiens,Saimiri_boliviensis,same-order,1,0,3,110,68,42,44,2,16566,77.86899563318778,0.9564471143531431,0.8431471441180179,0.8962305243759424,13374,2488,609
Homo_sapiens,Saimiri_boliviensis,same-order,1,0,4,110,68,42,44,2,16566,77.86899563318778,0.9564471143531431,0.8431471441180179,0.8962305243759424,13374,2488,609
Homo_sapiens,Saimiri_boliviensis,same-order,1,1,1,110,23,87,50,4,16577,75.77906976744185,0.9543823680164019,0.8224381625441696,0.8835112692763939,13034,2814,623
Homo_sapiens,Saimiri_boliviensis,same-order,1,1,2,110,45,65,46,0,16579,76.17607722277141,0.9549497011226126,0.8263420172837949,0.8860031787900308,13100,2753,618
Homo_sapiens,Saimiri_boliviensis,same-order,1,1,3,110,45,65,46,0,16579,76.17607722277141,0.9549497011226126,0.8263420172837949,0.8860031787900308,13100,2753,618
Homo_sapiens,Saimiri_boliviensis,same-order,1,2,1,110,36,74,44,6,16561,75.63901018922853,0.9548695332598309,0.8192596329696664,0.8818817459778697,12991,2866,614
Homo_sapiens,Saimiri_boliviensis,same-order,1,2,2,110,57,53,41,1,16555,75.9916127904945,0.9550545348071151,0.822791196317084,0.8840029812317908,13047,2810,614
Homo_sapiens,Saimiri_boliviensis,same-order,1,2,3,110,58,52,40,1,16555,76.01491059467645,0.9550676911818514,0.8230434508418994,0.8841541900955219,13051,2806,614
Homo_sapiens,Saimiri_boliviensis,same-order,1,2,4,110,58,52,40,1,16555,76.06150620304037,0.9550939808381482,0.8235479598915305,0.884456484930579,13059,2798,614
Homo_sapiens,Saimiri_boliviensis,same-order,1,2,5,110,58,52,40,1,16555,76.06150620304037,0.9550939808381482,0.8235479598915305,0.884456484930579,13059,2798,614
Homo_sapiens,Saimiri_boliviensis,same-order,2,0,1,220,76,144,41,10,16543,82.02122696524376,0.9587593728698023,0.8864868271776125,0.9212077547812417,14065,1801,605
Homo_sapiens,Saimiri_boliviensis,same-order,2,0,2,220,170,50,27,0,16543,83.6221483167046,0.960075026795284,0.9028031496062993,0.9305587118137844,14332,1543,596
Homo_sapiens,Saimiri_boliviensis,same-order,2,0,3,220,175,45,24,0,16544,83.89449728657291,0.9603874415497662,0.9054666834613931,0.9321187759336099,14377,1501,593
Homo_sapiens,Saimiri_boliviensis,same-order,2,0,4,220,175,45,24,0,16544,83.89449728657291,0.9603874415497662,0.9054666834613931,0.9321187759336099,14377,1501,593
Homo_sapiens,Saimiri_boliviensis,same-order,2,1,1,220,56,164,38,11,16548,84.29255194956806,0.9611314475873544,0.908982186693523,0.9343297101449274,14441,1446,584
Homo_sapiens,Saimiri_boliviensis,same-order,2,1,2,220,176,44,25,0,16547,85.16961522741869,0.9617590822179732,0.9179409728777296,0.9393393006632752,14587,1304,580
Homo_sapiens,Saimiri_boliviensis,same-order,2,1,3,220,179,41,24,0,16547,85.28055117650493,0.9618069274331621,0.9191366182115663,0.9399877723074944,14606,1285,580
Homo_sapiens,Saimiri_boliviensis,same-order,2,1,4,220,181,39,23,0,16547,85.3798096572663,0.9618496349404723,0.9202064061418413,0.9405673120216119,14623,1268,580
Homo_sapiens,Saimiri_boliviensis,same-order,2,1,5,220,181,39,23,0,16547,85.3798096572663,0.9618496349404723,0.9202064061418413,0.9405673120216119,14623,1268,580
Homo_sapiens,Saimiri_boliviensis,same-order,2,2,1,220,68,152,32,18,16557,84.35548812510942,0.9614259111465815,0.909697312944434,0.9348465741908365,14456,1435,580
Homo_sapiens,Saimiri_boliviensis,same-order,2,2,2,220,185,35,22,1,16560,84.96323958454896,0.9618204637030187,0.9161895173975965,0.9384506316060841,14561,1332,578
Homo_sapiens,Saimiri_boliviensis,same-order,2,2,3,220,189,31,20,1,16554,85.1622694373103,0.9618934599156118,0.918014220096898,0.9394417436656901,14590,1303,578
Homo_sapiens,Saimiri_boliviensis,same-order,2,2,4,220,189,31,20,1,16554,85.1622694373103,0.9618934599156118,0.918014220096898,0.9394417436656901,14590,1303,578
Homo_sapiens,Saimiri_boliviensis,same-order,3,0,1,330,89,241,33,14,16562,86.19984815744904,0.9633835911494028,0.9277184160905091,0.9452146905318433,14760,1150,561
Homo_sapiens,Saimiri_boliviensis,same-order,3,0,2,330,266,64,19,0,16561,87.01086321691392,0.9637104599262566,0.936392206159648,0.9498549523414836,14898,1012,561
Homo_sapiens,Saimiri_boliviensis,same-order,3,0,3,330,267,63,18,0,16560,87.02762689095263,0.9637151542591036,0.9365179132620993,0.9499219023939307,14900,1010,561
Homo_sapiens,Saimiri_boliviensis,same-order,3,0,4,330,267,63,18,0,16560,87.02762689095263,0.9637151542591036,0.9365179132620993,0.9499219023939307,14900,1010,561
Homo_sapiens,Saimiri_boliviensis,same-order,3,1,1,330,106,224,33,13,16550,86.35779387707409,0.9631198279794096,0.9293303992455203,0.9459234608985025,14781,1124,566
Homo_sapiens,Saimiri_boliviensis,same-order,3,1,2,330,280,50,20,0,16545,87.03530512041151,0.9635669449297871,0.9360070404827759,0.9495870667389433,14890,1018,563
Homo_sapiens,Saimiri_boliviensis,same-order,3,1,3,330,282,48,18,0,16544,87.21501227639425,0.9636974355661779,0.9377710729775599,0.950557502389296,14919,990,562
Homo_sapiens,Saimiri_boliviensis,same-order,3,1,4,330,282,48,18,0,16544,87.21501227639425,0.9636974355661779,0.9377710729775599,0.950557502389296,14919,990,562
Homo_sapiens,Saimiri_boliviensis,same-order,3,2,1,330,104,226,30,9,16571,83.86099935863798,0.9612377197086146,0.9051035177144295,0.9323264406559927,14383,1508,580
Homo_sapiens,Saimiri_boliviensis,same-order,3,2,2,330,250,80,21,1,16589,87.17064906233568,0.9658230306168684,0.9358966317506116,0.9506243628950051,14921,1022,528
Homo_sapiens,Saimiri_boliviensis,same-order,3,2,3,330,284,46,20,0,16581,87.39844526272722,0.9658936761191137,0.9379037822241736,0.9516929735234215,14953,990,528
Homo_sapiens,Saimiri_boliviensis,same-order,3,2,4,330,286,44,18,0,16581,87.6439300952715,0.9659859563228758,0.9405381672207238,0.9530922265302232,14995,948,528
Homo_sapiens,Saimiri_boliviensis,same-order,3,2,5,330,286,44,18,0,16581,87.6439300952715,0.9659859563228758,0.9405381672207238,0.9530922265302232,14995,948,528
Homo_sapiens,Saimiri_boliviensis,same-order,4,0,1,440,147,293,21,8,16540,87.90624269347674,0.9636060741974755,0.9456706281833617,0.9545541098064105,15039,864,568
Homo_sapiens,Saimiri_boliviensis,same-order,4,0,2,440,364,76,8,0,16526,88.54233717596115,0.9641264177392634,0.9511566507417651,0.9575976204037719,15131,777,563
Homo_sapiens,Saimiri_boliviensis,same-order,4,0,3,440,364,76,8,0,16526,88.54233717596115,0.9641264177392634,0.9511566507417651,0.9575976204037719,15131,777,563
Homo_sapiens,Saimiri_boliviensis,same-order,4,1,1,440,128,312,23,12,16533,88.28586467044856,0.9638615757885327,0.949135491983653,0.9564418538347008,15096,809,566
Homo_sapiens,Saimiri_boliviensis,same-order,4,1,2,440,363,77,6,1,16543,91.42337905967874,0.968032278088144,0.9773752820255703,0.9726813447265015,15595,361,515
Homo_sapiens,Saimiri_boliviensis,same-order,4,1,3,440,400,40,6,0,16543,91.42337905967874,0.968032278088144,0.9773752820255703,0.9726813447265015,15595,361,515
Homo_sapiens,Saimiri_boliviensis,same-order,4,1,4,440,400,40,6,0,16543,91.42337905967874,0.968032278088144,0.9773752820255703,0.9726813447265015,15595,361,515
Homo_sapiens,Saimiri_boliviensis,same-order,4,2,1,440,137,303,24,13,16559,89.78375219170076,0.9653742223339408,0.9649497487437186,0.9651619388684698,15362,558,551
Homo_sapiens,Saimiri_boliviensis,same-order,4,2,2,440,406,34,6,0,16554,90.46087261668032,0.9660233589407282,0.9711182269102782,0.968564092930052,15467,460,544
Homo_sapiens,Saimiri_boliviensis,same-order,4,2,3,440,406,34,6,0,16554,90.46087261668032,0.9660233589407282,0.9711182269102782,0.968564092930052,15467,460,544
Homo_sapiens,Saimiri_boliviensis,same-order,5,0,1,550,164,386,14,10,16561,92.42308819220627,0.9690341607274514,0.9877873113296174,0.9783208758490216,15772,195,504
Homo_sapiens,Saimiri_boliviensis,same-order,5,0,2,550,529,21,5,0,16552,93.0791788856305,0.969574780058651,0.9935516183559757,0.9814167774651371,15870,103,498
Homo_sapiens,Saimiri_boliviensis,same-order,5,0,3,550,534,16,3,0,16550,93.28366963866729,0.9696359978050119,0.9956176047079447,0.9824550565268425,15903,70,498
Homo_sapiens,Saimiri_boliviensis,same-order,5,0,4,550,536,14,2,0,16550,93.34232754575316,0.9696545000304674,0.9962436611782383,0.9827692687747035,15913,60,498
Homo_sapiens,Saimiri_boliviensis,same-order,5,0,5,550,536,14,2,0,16550,93.34232754575316,0.9696545000304674,0.9962436611782383,0.9827692687747035,15913,60,498
Homo_sapiens,Saimiri_boliviensis,same-order,5,1,1,550,176,374,21,11,16533,90.35580524344569,0.9653016567677399,0.970092988187987,0.9676913916831187,15440,476,555
Homo_sapiens,Saimiri_boliviensis,same-order,5,1,2,550,485,65,3,1,16558,93.24110440236825,0.9694642530627171,0.9959924859110832,0.9825493405812767,15906,64,501
Homo_sapiens,Saimiri_boliviensis,same-order,5,1,3,550,532,18,2,0,16553,93.40917086900434,0.9695088552127077,0.9974953036944271,0.9833029844757878,15930,40,501
Homo_sapiens,Saimiri_boliviensis,same-order,5,1,4,550,532,18,2,0,16553,93.40917086900434,0.9695088552127077,0.9974953036944271,0.9833029844757878,15930,40,501
Homo_sapiens,Saimiri_boliviensis,same-order,5,2,1,550,181,369,16,11,16558,93.24070817211866,0.9695214873514173,0.9958675098616242,0.9825179145045714,15905,66,500
Homo_sapiens,Saimiri_boliviensis,same-order,5,2,2,550,534,16,2,0,16552,93.39666901243255,0.9695604529404602,0.997182393087471,0.983177454702596,15926,45,500
Homo_sapiens,Saimiri_boliviensis,same-order,5,2,3,550,534,16,2,0,16552,93.39666901243255,0.9695604529404602,0.997182393087471,0.983177454702596,15926,45,500
Homo_sapiens,Saimiri_boliviensis,same-order,6,0,1,659,186,473,17,11,16527,91.81450904619709,0.9659951949732027,0.9850493121427225,0.9754292112465787,15681,238,552
Homo_sapiens,Saimiri_boliviensis,same-order,6,0,2,659,622,37,4,0,16526,92.12067955477445,0.9665621734587252,0.9873171344258178,0.9768294198037024,15725,202,544
Homo_sapiens,Saimiri_boliviensis,same-order,6,0,3,659,623,36,3,0,16526,92.16708653113832,0.9666359447004609,0.9876946258161727,0.9770518274694904,15732,196,543
Homo_sapiens,Saimiri_boliviensis,same-order,6,0,4,659,623,36,3,0,16526,92.16708653113832,0.9666359447004609,0.9876946258161727,0.9770518274694904,15732,196,543
Homo_sapiens,Saimiri_boliviensis,same-order,6,1,1,659,192,467,13,9,16553,93.13196480938416,0.9696507083536883,0.9940528358582696,0.9817001545595053,15879,95,497
Homo_sapiens,Saimiri_boliviensis,same-order,6,1,2,659,639,20,3,0,16551,93.44204598779916,0.9697449321239423,0.9972455239764617,0.9833029844757878,15930,44,497
Homo_sapiens,Saimiri_boliviensis,same-order,6,1,3,659,642,17,2,0,16551,93.53589863913656,0.9697743720732227,0.9982471516213848,0.9838047937810408,15946,28,497
Homo_sapiens,Saimiri_boliviensis,same-order,6,1,4,659,642,17,2,0,16551,93.53589863913656,0.9697743720732227,0.9982471516213848,0.9838047937810408,15946,28,497
Homo_sapiens,Saimiri_boliviensis,same-order,6,2,1,659,187,472,19,10,16568,93.10021671645288,0.9692073170731708,0.9955530502317425,0.9822035469319657,15895,71,505
Homo_sapiens,Saimiri_boliviensis,same-order,6,2,2,659,640,19,3,0,16554,93.40369393139842,0.9695088552127077,0.9974953036944271,0.9833029844757878,15930,40,501
Homo_sapiens,Saimiri_boliviensis,same-order,6,2,3,659,640,19,3,0,16554,93.40369393139842,0.9695088552127077,0.9974953036944271,0.9833029844757878,15930,40,501
Homo_sapiens,Saimiri_boliviensis,same-order,7,0,1,769,219,550,16,9,16557,93.03007210270239,0.9693378939653067,0.9938004884463648,0.9814167774651371,15870,99,502
Homo_sapiens,Saimiri_boliviensis,same-order,7,0,2,769,746,23,2,0,16551,93.60666314739868,0.9697393206538251,0.999123520941589,0.9842121492445267,15959,14,498
Homo_sapiens,Saimiri_boliviensis,same-order,7,0,3,769,746,23,2,0,16550,93.6121539183482,0.9697393206538251,0.999123520941589,0.9842121492445267,15959,14,498
Homo_sapiens,Saimiri_boliviensis,same-order,7,0,4,769,746,23,2,0,16550,93.6121539183482,0.9697393206538251,0.999123520941589,0.9842121492445267,15959,14,498
Homo_sapiens,Saimiri_boliviensis,same-order,7,1,1,769,239,530,16,8,16558,93.07737397420867,0.9693547402478481,0.9943640804057862,0.9817001545595054,15879,90,502
Homo_sapiens,Saimiri_boliviensis,same-order,7,1,2,769,754,15,2,0,16551,93.700140778977,0.969825754356141,1.0,0.9846817691477885,15974,0,497
Homo_sapiens,Saimiri_boliviensis,same-order,7,1,3,769,754,15,2,0,16550,93.70563735554643,0.969825754356141,1.0,0.9846817691477885,15974,0,497
Homo_sapiens,Saimiri_boliviensis,same-order,7,1,4,769,754,15,2,0,16550,93.70563735554643,0.969825754356141,1.0,0.9846817691477885,15974,0,497
Homo_sapiens,Saimiri_boliviensis,same-order,7,2,1,769,239,530,17,9,16545,91.99695568175166,0.9670153846153846,0.986131157828679,0.9764797265807053,15714,221,536
Homo_sapiens,Saimiri_boliviensis,same-order,7,2,2,769,739,30,3,0,16533,92.37754862901336,0.9671819408661514,0.9893950803212851,0.9781624170233885,15767,169,535
Homo_sapiens,Saimiri_boliviensis,same-order,7,2,3,769,739,30,3,0,16533,92.37754862901336,0.9671819408661514,0.9893950803212851,0.9781624170233885,15767,169,535
Homo_sapiens,Saimiri_boliviensis,same-order,8,0,1,879,263,616,13,7,16564,93.48221089033468,0.9697798856864891,0.9984349568048078,0.9838988278840222,15949,25,497
Homo_sapiens,Saimiri_boliviensis,same-order,8,0,2,879,855,24,2,0,16550,93.70563735554643,0.969825754356141,1.0,0.9846817691477885,15974,0,497
Homo_sapiens,Saimiri_boliviensis,same-order,8,0,3,879,855,24,2,0,16550,93.70563735554643,0.969825754356141,1.0,0.9846817691477885,15974,0,497
Homo_sapiens,Saimiri_boliviensis,same-order,8,1,1,879,289,590,13,9,16552,93.46117757447807,0.9695808237512928,0.997871141443867,0.9835225870155517,15937,34,500
Homo_sapiens,Saimiri_boliviensis,same-order,8,1,2,879,858,21,2,0,16550,93.69977122074265,0.9698239222829387,0.9999373982721923,0.9846504746640364,15973,1,497
Homo_sapiens,Saimiri_boliviensis,same-order,8,1,3,879,858,21,2,0,16550,93.69977122074265,0.9698239222829387,0.9999373982721923,0.9846504746640364,15973,1,497
Homo_sapiens,Saimiri_boliviensis,same-order,8,2,1,879,268,611,17,9,16560,93.36459554513482,0.9695641587533479,0.9973076200613612,0.9832402234636872,15928,43,500
Homo_sapiens,Saimiri_boliviensis,same-order,8,2,2,879,852,27,3,0,16551,93.62425948735996,0.9697448359659782,0.999311337882677,0.9843061079764438,15962,11,498
Homo_sapiens,Saimiri_boliviensis,same-order,8,2,3,879,854,25,2,0,16551,93.67081182543407,0.9698165917648488,0.9996869913609615,0.9845252774352651,15969,5,497
Homo_sapiens,Saimiri_boliviensis,same-order,8,2,4,879,854,25,2,0,16551,93.67081182543407,0.9698165917648488,0.9996869913609615,0.9845252774352651,15969,5,497
Homo_sapiens,Saimiri_sciureus,same-order,1,0,1,110,32,78,39,7,16575,76.6972797023948,0.9544994212962963,0.8327548122436099,0.8894806026492298,13195,2650,629
Homo_sapiens,Saimiri_sciureus,same-order,1,0,2,110,63,47,37,2,16572,77.24021631679945,0.9550618349151567,0.8380970408227648,0.8927647276271129,13283,2566,625
Homo_sapiens,Saimiri_sciureus,same-order,1,0,3,110,64,46,37,2,16569,77.41710296684118,0.9554167564074951,0.839462562291049,0.8936941776912228,13308,2545,621
Homo_sapiens,Saimiri_sciureus,same-order,1,0,4,110,64,46,37,2,16569,77.41710296684118,0.9554167564074951,0.839462562291049,0.8936941776912228,13308,2545,621
Homo_sapiens,Saimiri_sciureus,same-order,1,1,1,110,36,74,44,5,16578,75.8584626111208,0.9537584922200307,0.8241903920207058,0.8842533017270573,13056,2785,633
Homo_sapiens,Saimiri_sciureus,same-order,1,1,2,110,60,50,43,0,16578,76.25936900819244,0.9539904055822067,0.8285461776403005,0.8868542856177575,13125,2716,633
Homo_sapiens,Saimiri_sciureus,same-order,1,1,3,110,60,50,43,0,16578,76.25936900819244,0.9539904055822067,0.8285461776403005,0.8868542856177575,13125,2716,633
Homo_sapiens,Saimiri_sciureus,same-order,1,2,1,110,37,73,36,7,16585,78.22899697463346,0.957078795643818,0.847205595110579,0.8987967914438503,13446,2425,603
Homo_sapiens,Saimiri_sciureus,same-order,1,2,2,110,69,41,33,3,16583,78.50325884543761,0.957348662266695,0.8498708498708498,0.9004138299292485,13490,2383,601
Homo_sapiens,Saimiri_sciureus,same-order,1,2,3,110,70,40,33,3,16583,78.58472998137803,0.9573909961006736,0.8507528507528508,0.9009273467209287,13504,2369,601
Homo_sapiens,Saimiri_sciureus,same-order,1,2,4,110,70,40,33,3,16583,78.58472998137803,0.9573909961006736,0.8507528507528508,0.9009273467209287,13504,2369,601
Homo_sapiens,Saimiri_sciureus,same-order,2,0,1,220,80,140,37,14,16539,84.1847159787495,0.960692871419054,0.9078317804079576,0.9335145983038777,14420,1464,590
Homo_sapiens,Saimiri_sciureus,same-order,2,0,2,220,176,44,28,1,16542,84.67737226277372,0.961349774595598,0.9125291045245737,0.9363034705407587,14501,1390,583
Homo_sapiens,Saimiri_sciureus,same-order,2,0,3,220,176,44,28,1,16541,84.68231721560383,0.961349774595598,0.9125291045245737,0.9363034705407587,14501,1390,583
Homo_sapiens,Saimiri_sciureus,same-order,2,0,4,220,176,44,28,1,16541,84.68231721560383,0.961349774595598,0.9125291045245737,0.9363034705407587,14501,1390,583
Homo_sapiens,Saimiri_sciureus,same-order,2,1,1,220,52,168,43,13,16561,80.88440922861804,0.9583736020985779,0.8747400919916829,0.9146490101129887,13883,1988,603
Homo_sapiens,Saimiri_sciureus,same-order,2,1,2,220,143,77,36,1,16566,81.67356214672805,0.9592772568612689,0.882675231437748,0.9193834043948835,14016,1863,595
Homo_sapiens,Saimiri_sciureus,same-order,2,1,3,220,146,74,35,0,16561,81.95804195804196,0.959148878128623,0.8859212598425197,0.9210819307092802,14064,1811,599
Homo_sapiens,Saimiri_sciureus,same-order,2,1,4,220,147,73,35,0,16565,82.05128205128206,0.9594548551959114,0.8867057119465961,0.9216469202068469,14080,1799,595
Homo_sapiens,Saimiri_sciureus,same-order,2,1,5,220,147,73,35,0,16565,82.05128205128206,0.9594548551959114,0.8867057119465961,0.9216469202068469,14080,1799,595
Homo_sapiens,Saimiri_sciureus,same-order,2,2,1,220,76,144,41,11,16537,81.92588269623577,0.9591418420333424,0.8842277651801461,0.9201625589931831,14038,1838,598
Homo_sapiens,Saimiri_sciureus,same-order,2,2,2,220,166,54,32,1,16532,82.72621132516053,0.9595097840070418,0.8926051902242378,0.9248490781530428,14171,1705,598
Homo_sapiens,Saimiri_sciureus,same-order,2,2,3,220,168,52,31,1,16533,82.91301809690601,0.9596621621621622,0.8945644643194558,0.9259705968641001,14203,1674,597
Homo_sapiens,Saimiri_sciureus,same-order,2,2,4,220,168,52,31,1,16533,82.91301809690601,0.9596621621621622,0.8945644643194558,0.9259705968641001,14203,1674,597
Homo_sapiens,Saimiri_sciureus,same-order,3,0,1,330,88,242,31,15,16538,88.22153342300719,0.96414419020836,0.9479670709482813,0.9559871985804367,15085,828,561
Homo_sapiens,Saimiri_sciureus,same-order,3,0,2,330,286,44,13,0,16532,88.67957643479787,0.9643107067879636,0.952554515176271,0.9583965604451189,15158,755,561
Homo_sapiens,Saimiri_sciureus,same-order,3,0,3,330,286,44,13,0,16532,88.67957643479787,0.9643107067879636,0.952554515176271,0.9583965604451189,15158,755,561
Homo_sapiens,Saimiri_sciureus,same-order,3,1,1,330,96,234,32,16,16546,88.02314706570026,0.9640227898341975,0.9463926596279537,0.9551263755430818,15059,853,562
Homo_sapiens,Saimiri_sciureus,same-order,3,1,2,330,281,49,18,1,16540,88.24114138697229,0.9640963393598672,0.948403720462544,0.9561856486614921,15091,821,562
Homo_sapiens,Saimiri_sciureus,same-order,3,1,3,330,281,49,18,1,16540,88.24114138697229,0.9640963393598672,0.948403720462544,0.9561856486614921,15091,821,562
Homo_sapiens,Saimiri_sciureus,same-order,3,2,1,330,105,225,28,11,16571,87.93002915451895,0.9630244587776997,0.9487260144699591,0.9558217658616973,15080,815,579
Homo_sapiens,Saimiri_sciureus,same-order,3,2,2,330,286,44,10,0,16572,88.75794877778426,0.9639485522397516,0.9565545425966677,0.960237313809644,15214,691,569
Homo_sapiens,Saimiri_sciureus,same-order,3,2,3,330,289,41,9,0,16568,88.88953725856334,0.9639918997595242,0.9577491354919837,0.9608603778345477,15233,672,569
Homo_sapiens,Saimiri_sciureus,same-order,3,2,4,330,289,41,9,0,16568,88.88953725856334,0.9639918997595242,0.9577491354919837,0.9608603778345477,15233,672,569
Homo_sapiens,Saimiri_sciureus,same-order,4,0,1,440,142,298,26,11,16540,89.56969130028064,0.9644925711407706,0.9629164047768699,0.963703843492483,15320,590,564
Homo_sapiens,Saimiri_sciureus,same-order,4,0,2,440,402,38,8,0,16543,90.63103105444763,0.9653647293340809,0.9735519537630356,0.9694410559569611,15497,421,556
Homo_sapiens,Saimiri_sciureus,same-order,4,0,3,440,403,37,7,0,16543,90.67781741622318,0.9653819811966876,0.9740545294635005,0.9696988648800775,15505,413,556
Homo_sapiens,Saimiri_sciureus,same-order,4,0,4,440,403,37,7,0,16543,90.75384525410843,0.9654099788478288,0.9748712149767559,0.9701175293823456,15518,400,556
Homo_sapiens,Saimiri_sciureus,same-order,4,0,5,440,403,37,7,0,16543,90.75384525410843,0.9654099788478288,0.9748712149767559,0.9701175293823456,15518,400,556
Homo_sapiens,Saimiri_sciureus,same-order,4,1,1,440,125,315,20,12,16553,92.06070193941524,0.968322445457907,0.9844611528822055,0.9763251102964021,15712,248,514
Homo_sapiens,Saimiri_sciureus,same-order,4,1,2,440,423,17,3,0,16551,92.57327080890973,0.9687768371978899,0.9892264328217977,0.9788948461276227,15793,172,509
Homo_sapiens,Saimiri_sciureus,same-order,4,1,3,440,425,15,2,0,16551,92.6084407971864,0.9687883247485897,0.9896022549326652,0.9790846837914046,15799,166,509
Homo_sapiens,Saimiri_sciureus,same-order,4,1,4,440,425,15,2,0,16551,92.6084407971864,0.9687883247485897,0.9896022549326652,0.9790846837914046,15799,166,509
Homo_sapiens,Saimiri_sciureus,same-order,4,2,1,440,135,305,24,13,16585,90.73944073944074,0.9682272159800249,0.9715627936110242,0.9698921369391902,15511,454,509
Homo_sapiens,Saimiri_sciureus,same-order,4,2,2,440,409,31,10,0,16580,91.1160531398139,0.9684623040557353,0.9750735892778857,0.9717567019317792,15569,398,507
Homo_sapiens,Saimiri_sciureus,same-order,4,2,3,440,411,29,9,0,16580,91.20383917598174,0.9684917034367038,0.976013026867915,0.9722378189531474,15584,383,507
Homo_sapiens,Saimiri_sciureus,same-order,4,2,4,440,411,29,9,0,16580,91.20383917598174,0.9684917034367038,0.976013026867915,0.9722378189531474,15584,383,507
Homo_sapiens,Saimiri_sciureus,same-order,5,0,1,550,169,381,19,7,16572,92.39913333723722,0.968987963645296,0.9881019475233265,0.9784516169038538,15779,190,505
Homo_sapiens,Saimiri_sciureus,same-order,5,0,2,550,521,29,6,0,16560,93.2259009668913,0.969233581089314,0.9962427202705242,0.9825525738813575,15909,60,505
Homo_sapiens,Saimiri_sciureus,same-order,5,0,3,550,526,24,3,0,16560,93.30794022853794,0.9692598003408814,0.9971194188740685,0.9829922523690465,15923,46,505
Homo_sapiens,Saimiri_sciureus,same-order,5,0,4,550,526,24,3,0,16560,93.30794022853794,0.9692598003408814,0.9971194188740685,0.9829922523690465,15923,46,505
Homo_sapiens,Saimiri_sciureus,same-order,5,1,1,550,171,379,20,12,16540,90.4001404001404,0.9653901418129568,0.9706658291457286,0.9680207974441695,15453,467,554
Homo_sapiens,Saimiri_sciureus,same-order,5,1,2,550,470,80,4,0,16533,90.86439983613273,0.965547263681592,0.9752512562814071,0.970375,15526,394,554
Homo_sapiens,Saimiri_sciureus,same-order,5,1,3,550,474,76,3,0,16533,90.86439983613273,0.965547263681592,0.9752512562814071,0.970375,15526,394,554
Homo_sapiens,Saimiri_sciureus,same-order,5,1,4,550,474,76,3,0,16533,90.86439983613273,0.965547263681592,0.9752512562814071,0.970375,15526,394,554
Homo_sapiens,Saimiri_sciureus,same-order,5,2,1,550,162,388,22,14,16561,92.36314617278163,0.9691881918819188,0.9866023915357165,0.9778177644029411,15759,214,501
Homo_sapiens,Saimiri_sciureus,same-order,5,2,2,550,527,23,5,0,16557,92.85881801125704,0.9694558364448798,0.9914241001564945,0.9803169101262689,15838,137,499
Homo_sapiens,Saimiri_sciureus,same-order,5,2,3,550,529,21,3,0,16553,93.06988742964353,0.9692861940526348,0.9939264917663264,0.981451712625201,15874,97,503
Homo_sapiens,Saimiri_sciureus,same-order,5,2,4,550,529,21,3,0,16557,93.09333958724203,0.9695304390303474,0.9939280125195619,0.9815776458951533,15878,97,499
Homo_sapiens,Saimiri_sciureus,same-order,5,2,5,550,529,21,3,0,16557,93.09333958724203,0.9695304390303474,0.9939280125195619,0.9815776458951533,15878,97,499
Homo_sapiens,Saimiri_sciureus,same-order,6,0,1,659,187,472,16,9,16562,93.2372245663385,0.9694126249086035,0.9961182068620085,0.9825839920948617,15910,62,502
Homo_sapiens,Saimiri_sciureus,same-order,6,0,2,659,644,15,3,0,16556,93.54990031664126,0.9697301239970825,0.9986229344016024,0.9839644751449365,15954,22,498
Homo_sapiens,Saimiri_sciureus,same-order,6,0,3,659,647,12,2,0,16554,93.66019588293942,0.9698184247282444,0.9995618701883958,0.9844655406238442,15970,7,497
Homo_sapiens,Saimiri_sciureus,same-order,6,0,4,659,647,12,2,0,16554,93.66019588293942,0.9698184247282444,0.9995618701883958,0.9844655406238442,15970,7,497
Homo_sapiens,Saimiri_sciureus,same-order,6,1,1,659,209,450,17,9,16543,90.66612082577929,0.965377669842456,0.9739288855383842,0.9696344247427839,15503,415,556
Homo_sapiens,Saimiri_sciureus,same-order,6,1,2,659,584,75,3,1,16556,93.61989092828242,0.969809257684364,0.9992489203229643,0.9843090107586546,15965,12,497
Homo_sapiens,Saimiri_sciureus,same-order,6,1,3,659,634,25,2,0,16554,93.67192540026979,0.9698220899872487,0.9996870501345685,0.9845281390618258,15972,5,497
Homo_sapiens,Saimiri_sciureus,same-order,6,1,4,659,634,25,2,0,16554,93.67192540026979,0.9698220899872487,0.9996870501345685,0.9845281390618258,15972,5,497
Homo_sapiens,Saimiri_sciureus,same-order,6,2,1,659,201,458,17,11,16544,90.94683899643255,0.9655407922513349,0.9768829700358063,0.9711787665886027,15551,368,555
Homo_sapiens,Saimiri_sciureus,same-order,6,2,2,659,595,64,2,1,16554,93.54876546830099,0.9697835603112841,0.9983726606997559,0.9838704703161142,15951,26,497
Homo_sapiens,Saimiri_sciureus,same-order,6,2,3,659,642,17,2,0,16554,93.54876546830099,0.9697835603112841,0.9983726606997559,0.9838704703161142,15951,26,497
Homo_sapiens,Saimiri_sciureus,same-order,6,2,4,659,642,17,2,0,16554,93.54876546830099,0.9697835603112841,0.9983726606997559,0.9838704703161142,15951,26,497
Homo_sapiens,Saimiri_sciureus,same-order,7,0,1,769,245,524,15,9,16565,93.37709529949596,0.9697486152535151,0.997183451211116,0.9832747022156391,15932,45,497
Homo_sapiens,Saimiri_sciureus,same-order,7,0,2,769,742,27,2,0,16553,93.61876832844575,0.9698037547846163,0.9990611504037054,0.9842150696756691,15962,15,497
Homo_sapiens,Saimiri_sciureus,same-order,7,0,3,769,742,27,2,0,16553,93.61876832844575,0.9698037547846163,0.9990611504037054,0.9842150696756691,15962,15,497
Homo_sapiens,Saimiri_sciureus,same-order,7,1,1,769,246,523,17,8,16539,91.52720889409011,0.9659729512752424,0.9823525717515543,0.9740939095777806,15642,281,551
Homo_sapiens,Saimiri_sciureus,same-order,7,1,2,769,701,68,3,0,16533,91.90913880920321,0.966270696128516,0.9857465779228933,0.9759114785689864,15699,227,548
Homo_sapiens,Saimiri_sciureus,same-order,7,1,3,769,701,68,3,0,16533,91.90913880920321,0.966270696128516,0.9857465779228933,0.9759114785689864,15699,227,548
Homo_sapiens,Saimiri_sciureus,same-order,7,2,1,769,222,547,16,9,16566,93.35404090722616,0.9697430902228175,0.996995681291857,0.9831805697003363,15929,48,497
Homo_sapiens,Saimiri_sciureus,same-order,7,2,2,769,754,15,2,0,16554,93.67192540026979,0.9698220899872487,0.9996870501345685,0.9845281390618258,15972,5,497
Homo_sapiens,Saimiri_sciureus,same-order,7,2,3,769,754,15,2,0,16554,93.67192540026979,0.9698220899872487,0.9996870501345685,0.9845281390618258,15972,5,497
Homo_sapiens,Saimiri_sciureus,same-order,8,0,1,879,263,616,12,9,16558,93.52172128744797,0.9696674974165704,0.9985602503912363,0.9839018071917597,15952,23,499
Homo_sapiens,Saimiri_sciureus,same-order,8,0,2,879,854,25,2,0,16554,93.66019588293942,0.9698184247282444,0.9995618701883958,0.9844655406238442,15970,7,497
Homo_sapiens,Saimiri_sciureus,same-order,8,0,3,879,854,25,2,0,16554,93.66019588293942,0.9698184247282444,0.9995618701883958,0.9844655406238442,15970,7,497
Homo_sapiens,Saimiri_sciureus,same-order,8,1,1,879,289,590,16,7,16563,93.33528722157092,0.9697320341047503,0.9966201414533392,0.9829922523690465,15923,54,497
Homo_sapiens,Saimiri_sciureus,same-order,8,1,2,879,856,23,2,0,16554,93.67192540026979,0.9698220899872487,0.9996870501345685,0.9845281390618258,15972,5,497
Homo_sapiens,Saimiri_sciureus,same-order,8,1,3,879,856,23,2,0,16554,93.67192540026979,0.9698220899872487,0.9996870501345685,0.9845281390618258,15972,5,497
Homo_sapiens,Saimiri_sciureus,same-order,8,2,1,879,234,645,15,9,16565,93.5236197397726,0.9697945788258174,0.9987482005382737,0.9840584625820973,15957,20,497
Homo_sapiens,Saimiri_sciureus,same-order,8,2,2,879,864,15,2,0,16554,93.66019588293942,0.9698184247282444,0.9995618701883958,0.9844655406238442,15970,7,497
Homo_sapiens,Saimiri_sciureus,same-order,8,2,3,879,864,15,2,0,16554,93.66019588293942,0.9698184247282444,0.9995618701883958,0.9844655406238442,15970,7,497
Homo_sapiens,Aotus_azarai,same-order,1,0,1,111,25,86,43,8,16537,77.97387518142236,0.9512713364969191,0.846473813575345,0.8958180484225973,13431,2436,688
Homo_sapiens,Aotus_azarai,same-order,1,0,2,111,69,42,42,2,16538,78.31968878824827,0.9516720756314379,0.8499684940138627,0.8979496738117427,13489,2381,685
Homo_sapiens,Aotus_azarai,same-order,1,0,3,111,70,41,40,2,16538,78.41839400801254,0.9517299696991051,0.8510396975425331,0.8985729017664084,13506,2364,685
Homo_sapiens,Aotus_azarai,same-order,1,0,4,111,70,41,40,2,16538,78.41839400801254,0.9517299696991051,0.8510396975425331,0.8985729017664084,13506,2364,685
Homo_sapiens,Aotus_azarai,same-order,1,1,1,111,29,82,42,6,16569,76.12199930418647,0.9509597971749366,0.826804383423605,0.8845467102381834,13128,2750,677
Homo_sapiens,Aotus_azarai,same-order,1,1,2,111,56,55,42,4,16569,76.2437666705323,0.9510342832344858,0.8281269681320066,0.8853353083759763,13149,2729,677
Homo_sapiens,Aotus_azarai,same-order,1,1,3,111,56,55,42,4,16569,76.2437666705323,0.9510342832344858,0.8281269681320066,0.8853353083759763,13149,2729,677
Homo_sapiens,Aotus_azarai,same-order,1,2,1,111,30,81,45,4,16563,75.99467191753055,0.9490814407637784,0.8278342060437828,0.8843211914950974,13122,2729,704
Homo_sapiens,Aotus_azarai,same-order,1,2,2,111,58,53,39,1,16560,77.11339011530217,0.9500999428897773,0.8393668012108981,0.891307259576748,13309,2547,699
Homo_sapiens,Aotus_azarai,same-order,1,2,3,111,59,52,39,1,16560,77.21819762387713,0.9504244239960055,0.8401008827238335,0.8918638508651562,13324,2536,695
Homo_sapiens,Aotus_azarai,same-order,1,2,4,111,59,52,39,1,16560,77.21819762387713,0.9504244239960055,0.8401008827238335,0.8918638508651562,13324,2536,695
Homo_sapiens,Aotus_azarai,same-order,2,0,1,221,55,166,41,17,16570,84.89054061901167,0.9573673870333989,0.9192027162977867,0.9378969654199012,14619,1285,651
Homo_sapiens,Aotus_azarai,same-order,2,0,2,221,175,46,26,0,16568,85.35083643122677,0.9577630035197497,0.9237442635317784,0.9404460942750169,14694,1213,648
Homo_sapiens,Aotus_azarai,same-order,2,0,3,221,175,46,26,0,16568,85.35083643122677,0.9577630035197497,0.9237442635317784,0.9404460942750169,14694,1213,648
Homo_sapiens,Aotus_azarai,same-order,2,1,1,221,61,160,37,15,16575,84.41565985130111,0.957756689073415,0.9132210632147795,0.9349588265568708,14533,1381,641
Homo_sapiens,Aotus_azarai,same-order,2,1,2,221,178,43,22,0,16571,85.24780663529138,0.9582027168234065,0.9218975808985234,0.9396996189195248,14672,1243,640
Homo_sapiens,Aotus_azarai,same-order,2,1,3,221,178,43,22,0,16571,85.24780663529138,0.9582027168234065,0.9218975808985234,0.9396996189195248,14672,1243,640
Homo_sapiens,Aotus_azarai,same-order,2,2,1,221,65,156,44,16,16577,84.13628976085442,0.957018354681104,0.9114059356136821,0.9336553945249598,14495,1409,651
Homo_sapiens,Aotus_azarai,same-order,2,2,2,221,167,54,28,3,16573,84.75117588990186,0.9574886833300531,0.9175205884201924,0.9370786516853933,14595,1312,648
Homo_sapiens,Aotus_azarai,same-order,2,2,3,221,168,53,28,3,16573,84.82085825445677,0.9575221238938053,0.9182749732822028,0.9374879661125729,14607,1300,648
Homo_sapiens,Aotus_azarai,same-order,2,2,4,221,170,51,27,3,16573,84.97183671099239,0.9575943982723644,0.9199094738165587,0.9383737334872386,14633,1274,648
Homo_sapiens,Aotus_azarai,same-order,2,2,5,221,170,51,27,3,16573,84.97183671099239,0.9575943982723644,0.9199094738165587,0.9383737334872386,14633,1274,648
Homo_sapiens,Aotus_azarai,same-order,3,0,1,332,95,237,29,15,16552,89.08350305498982,0.9602935641701167,0.9614998115814596,0.960896309314587,15309,613,633
Homo_sapiens,Aotus_azarai,same-order,3,0,2,332,306,26,9,0,16549,90.06637941073716,0.9611632386752004,0.9709981167608286,0.966055647503357,15468,462,625
Homo_sapiens,Aotus_azarai,same-order,3,0,3,332,312,20,5,0,16551,90.35527082119977,0.9616314386660881,0.9735190763052208,0.9675387445819952,15514,422,619
Homo_sapiens,Aotus_azarai,same-order,3,0,4,332,312,20,5,0,16551,90.35527082119977,0.9616314386660881,0.9735190763052208,0.9675387445819952,15514,422,619
Homo_sapiens,Aotus_azarai,same-order,3,1,1,332,80,252,27,15,16553,88.70451237263464,0.9607744213911837,0.9561915521245214,0.9584775086505191,15235,698,622
Homo_sapiens,Aotus_azarai,same-order,3,1,2,332,301,31,10,0,16547,89.5567592754383,0.9611201400175022,0.9650411096466454,0.9630766339920455,15376,557,622
Homo_sapiens,Aotus_azarai,same-order,3,1,3,332,305,27,9,0,16548,89.68489719843905,0.9612335351769773,0.9663612401154763,0.9637905673958627,15398,536,621
Homo_sapiens,Aotus_azarai,same-order,3,1,4,332,305,27,9,0,16548,89.68489719843905,0.9612335351769773,0.9663612401154763,0.9637905673958627,15398,536,621
Homo_sapiens,Aotus_azarai,same-order,3,2,1,332,87,245,28,15,16543,88.40689414230815,0.960098646768686,0.9534664657121327,0.956771063078959,15183,741,631
Homo_sapiens,Aotus_azarai,same-order,3,2,2,332,293,39,14,0,16550,88.80801257788389,0.9607534332871362,0.9572558373085613,0.9590014462679999,15251,681,623
Homo_sapiens,Aotus_azarai,same-order,3,2,3,332,294,38,13,0,16546,88.92189411147999,0.9607929515418502,0.9582601054481547,0.9595248570171578,15267,665,623
Homo_sapiens,Aotus_azarai,same-order,3,2,4,332,294,38,13,0,16546,88.92189411147999,0.9607929515418502,0.9582601054481547,0.9595248570171578,15267,665,623
Homo_sapiens,Aotus_azarai,same-order,4,0,1,442,126,316,29,11,16577,89.96503496503496,0.9636102615317396,0.9665664913598798,0.9650861125871285,15438,534,583
Homo_sapiens,Aotus_azarai,same-order,4,0,2,442,420,22,10,0,16572,91.38675064147422,0.964547301040192,0.980724701170286,0.9725687333209209,15671,308,576
Homo_sapiens,Aotus_azarai,same-order,4,0,3,442,425,17,8,0,16571,91.46739764376531,0.9646327961618896,0.9814142678347935,0.9729511756312426,15683,297,575
Homo_sapiens,Aotus_azarai,same-order,4,0,4,442,425,17,8,0,16571,91.46739764376531,0.9646327961618896,0.9814142678347935,0.9729511756312426,15683,297,575
Homo_sapiens,Aotus_azarai,same-order,4,1,1,442,131,311,23,12,16538,89.56379942927028,0.9604671496377717,0.9658962441904283,0.963174046470846,15379,543,633
Homo_sapiens,Aotus_azarai,same-order,4,1,2,442,401,41,7,0,16540,89.84156570363467,0.9608771492648891,0.9684184089910215,0.964633040432784,15424,503,628
Homo_sapiens,Aotus_azarai,same-order,4,1,3,442,402,40,6,0,16540,89.91146318732525,0.960906374501992,0.9691718465498839,0.9650214122722016,15436,491,628
Homo_sapiens,Aotus_azarai,same-order,4,1,4,442,402,40,6,0,16540,89.91146318732525,0.960906374501992,0.9691718465498839,0.9650214122722016,15436,491,628
Homo_sapiens,Aotus_azarai,same-order,4,2,1,442,137,305,26,18,16604,91.75497845580529,0.9650906418422343,0.9857991867375665,0.975335004487358,15758,227,570
Homo_sapiens,Aotus_azarai,same-order,4,2,2,442,426,16,4,0,16599,92.17193779486283,0.9652333028362305,0.98999061620269,0.977455219271155,15825,160,570
Homo_sapiens,Aotus_azarai,same-order,4,2,3,442,426,16,4,0,16599,92.17193779486283,0.9652333028362305,0.98999061620269,0.977455219271155,15825,160,570
Homo_sapiens,Aotus_azarai,same-order,5,0,1,552,165,387,24,13,16596,90.99272197962155,0.964274696118961,0.9782173259889835,0.9711959730292391,15628,348,579
Homo_sapiens,Aotus_azarai,same-order,5,0,2,552,512,40,7,0,16600,91.83851800069905,0.9653419876308861,0.98599036837826,0.9755569306930694,15765,224,566
Homo_sapiens,Aotus_azarai,same-order,5,0,3,552,515,37,6,0,16600,91.83851800069905,0.9653419876308861,0.98599036837826,0.9755569306930694,15765,224,566
Homo_sapiens,Aotus_azarai,same-order,5,0,4,552,515,37,6,0,16600,91.83851800069905,0.9653419876308861,0.98599036837826,0.9755569306930694,15765,224,566
Homo_sapiens,Aotus_azarai,same-order,5,1,1,552,154,398,19,11,16572,89.67903244563321,0.9609944544831454,0.9682340385460481,0.9646006629557822,15423,506,626
Homo_sapiens,Aotus_azarai,same-order,5,1,2,552,489,63,3,1,16600,92.51209136996678,0.9658696842489506,0.9926222333375015,0.9790632419598533,15876,118,561
Homo_sapiens,Aotus_azarai,same-order,5,1,3,552,539,13,3,0,16600,92.51209136996678,0.9658696842489506,0.9926222333375015,0.9790632419598533,15876,118,561
Homo_sapiens,Aotus_azarai,same-order,5,1,4,552,539,13,3,0,16600,92.51209136996678,0.9658696842489506,0.9926222333375015,0.9790632419598533,15876,118,561
Homo_sapiens,Aotus_azarai,same-order,5,2,1,552,171,381,19,10,16540,90.24177104573259,0.9612162581445858,0.9723791588198368,0.966765486035263,15490,440,625
Homo_sapiens,Aotus_azarai,same-order,5,2,2,552,489,63,4,0,16546,90.86406805337062,0.9619417715272638,0.9784791065378341,0.9701399688958009,15595,343,617
Homo_sapiens,Aotus_azarai,same-order,5,2,3,552,491,61,4,0,16544,90.98537381271488,0.9619863224693488,0.979671226000753,0.9707482358792627,15614,324,617
Homo_sapiens,Aotus_azarai,same-order,5,2,4,552,493,59,3,0,16544,91.01450964396014,0.9619980290711998,0.9799849416488895,0.9709081867346305,15619,319,617
Homo_sapiens,Aotus_azarai,same-order,5,2,5,552,493,59,3,0,16544,91.01450964396014,0.9619980290711998,0.9799849416488895,0.9709081867346305,15619,319,617
Homo_sapiens,Aotus_azarai,same-order,6,0,1,663,194,469,16,9,16582,92.84172452015635,0.9660656832392399,0.9948737184296074,0.9802580923342264,15914,82,559
Homo_sapiens,Aotus_azarai,same-order,6,0,2,663,645,18,2,0,16575,93.25783667036367,0.9663682555044761,0.9985624101506344,0.9822015923273186,15976,23,556
Homo_sapiens,Aotus_azarai,same-order,6,0,3,663,645,18,2,0,16575,93.25783667036367,0.9663682555044761,0.9985624101506344,0.9822015923273186,15976,23,556
Homo_sapiens,Aotus_azarai,same-order,6,1,1,663,204,459,16,8,16547,91.31930274587536,0.9627535341118624,0.9821305410997555,0.9723455104131103,15664,285,606
Homo_sapiens,Aotus_azarai,same-order,6,1,2,663,624,39,4,0,16546,91.97131362602764,0.9630624580255205,0.9889655172413793,0.9758421231711466,15774,176,605
Homo_sapiens,Aotus_azarai,same-order,6,1,3,663,627,36,3,0,16546,91.97131362602764,0.9630624580255205,0.9889655172413793,0.9758421231711466,15774,176,605
Homo_sapiens,Aotus_azarai,same-order,6,1,4,663,627,36,3,0,16546,91.97131362602764,0.9630624580255205,0.9889655172413793,0.9758421231711466,15774,176,605
Homo_sapiens,Aotus_azarai,same-order,6,2,1,663,198,465,15,9,16579,92.89757805660928,0.9662498482457206,0.9949371835739734,0.9803837033843501,15918,81,556
Homo_sapiens,Aotus_azarai,same-order,6,2,2,663,633,30,3,0,16575,93.06520343237406,0.9663009879386629,0.9964997812363273,0.9811680718813466,15943,56,556
Homo_sapiens,Aotus_azarai,same-order,6,2,3,663,633,30,3,0,16575,93.06520343237406,0.9663009879386629,0.9964997812363273,0.9811680718813466,15943,56,556
Homo_sapiens,Aotus_azarai,same-order,7,0,1,773,214,559,14,9,16573,92.94426612197257,0.9659146045608927,0.9958106671668855,0.9806348326714078,15926,67,562
Homo_sapiens,Aotus_azarai,same-order,7,0,2,773,750,23,2,0,16575,93.32204774969354,0.9663906183884422,0.9992499531220701,0.9825456333353819,15987,12,556
Homo_sapiens,Aotus_azarai,same-order,7,0,3,773,750,23,2,0,16575,93.32204774969354,0.9663906183884422,0.9992499531220701,0.9825456333353819,15987,12,556
Homo_sapiens,Aotus_azarai,same-order,7,1,1,773,218,555,14,8,16575,92.81129653401797,0.9658145606897808,0.9946223111555778,0.9800067773636054,15906,86,563
Homo_sapiens,Aotus_azarai,same-order,7,1,2,773,741,32,3,0,16575,93.31621037884537,0.9663885866279772,0.999187449215576,0.982514366491503,15986,13,556
Homo_sapiens,Aotus_azarai,same-order,7,1,3,773,746,27,2,0,16575,93.31621037884537,0.9663885866279772,0.999187449215576,0.982514366491503,15986,13,556
Homo_sapiens,Aotus_azarai,same-order,7,1,4,773,746,27,2,0,16575,93.31621037884537,0.9663885866279772,0.999187449215576,0.982514366491503,15986,13,556
Homo_sapiens,Aotus_azarai,same-order,7,2,1,773,230,543,15,9,16578,93.11310843936033,0.9663234403391884,0.997187324207763,0.9815128118367221,15954,45,556
Homo_sapiens,Aotus_azarai,same-order,7,2,2,773,752,21,2,0,16575,93.24616192866733,0.9663641863278887,0.9984374023376461,0.9821390144179041,15974,25,556
Homo_sapiens,Aotus_azarai,same-order,7,2,3,773,752,21,2,0,16575,93.24616192866733,0.9663641863278887,0.9984374023376461,0.9821390144179041,15974,25,556
Homo_sapiens,Aotus_azarai,same-order,8,0,1,883,236,647,16,7,16545,91.37679892792636,0.9620882154469051,0.984062245090042,0.9729511756312427,15683,254,618
Homo_sapiens,Aotus_azarai,same-order,8,0,2,883,802,81,5,0,16545,91.76868368893552,0.9627545715858358,0.9872068230277186,0.9748273833482985,15742,204,609
Homo_sapiens,Aotus_azarai,same-order,8,0,3,883,808,75,4,0,16545,91.76868368893552,0.9627545715858358,0.9872068230277186,0.9748273833482985,15742,204,609
Homo_sapiens,Aotus_azarai,same-order,8,0,4,883,808,75,4,0,16545,91.76868368893552,0.9627545715858358,0.9872068230277186,0.9748273833482985,15742,204,609
Homo_sapiens,Aotus_azarai,same-order,8,1,1,883,259,624,13,9,16578,92.96966161026837,0.9659331999757532,0.9963734133683486,0.9809172052939367,15935,58,562
Homo_sapiens,Aotus_azarai,same-order,8,1,2,883,857,26,3,0,16575,93.35123460393439,0.9664007735073725,0.9995624726545409,0.9827019387347529,15992,7,556
Homo_sapiens,Aotus_azarai,same-order,8,1,3,883,860,23,2,0,16575,93.35123460393439,0.9664007735073725,0.9995624726545409,0.9827019387347529,15992,7,556
Homo_sapiens,Aotus_azarai,same-order,8,1,4,883,860,23,2,0,16575,93.35123460393439,0.9664007735073725,0.9995624726545409,0.9827019387347529,15992,7,556
Homo_sapiens,Aotus_azarai,same-order,8,2,1,883,264,619,14,8,16578,93.1139122315593,0.9662104880707278,0.9974370194411453,0.9815754667650949,15956,41,558
Homo_sapiens,Aotus_azarai,same-order,8,2,2,883,861,22,2,0,16575,93.39209619987157,0.9664149803684687,1.0,0.9829206856300301,15999,0,556
Homo_sapiens,Aotus_azarai,same-order,8,2,3,883,861,22,2,0,16575,93.39209619987157,0.9664149803684687,1.0,0.9829206856300301,15999,0,556
Homo_sapiens,Varecia_variegata,same-order,1,0,1,114,23,91,49,4,16588,71.59449706811006,0.917087967644085,0.8028071062780553,0.8561507602063178,12698,3119,1148
Homo_sapiens,Varecia_variegata,same-order,1,0,2,114,48,66,47,1,16591,71.92398782000677,0.9177579507842855,0.8061559853368727,0.8583445491251682,12755,3067,1143
Homo_sapiens,Varecia_variegata,same-order,1,0,3,114,48,66,47,1,16591,71.92398782000677,0.9177579507842855,0.8061559853368727,0.8583445491251682,12755,3067,1143
Homo_sapiens,Varecia_variegata,same-order,1,1,1,114,33,81,40,6,16575,73.67559019541399,0.9202172686230248,0.8238600479979791,0.8693768743752082,13045,2789,1131
Homo_sapiens,Varecia_variegata,same-order,1,1,2,114,74,40,40,1,16575,73.81678527052976,0.9203577212872333,0.8254389288872047,0.8703179623772266,13070,2764,1131
Homo_sapiens,Varecia_variegata,same-order,1,1,3,114,74,40,40,1,16575,73.81678527052976,0.9203577212872333,0.8254389288872047,0.8703179623772266,13070,2764,1131
Homo_sapiens,Varecia_variegata,same-order,1,2,1,114,20,94,50,6,16571,71.81556521248378,0.9172493332372234,0.8045141303660618,0.8571909733917142,12725,3092,1148
Homo_sapiens,Varecia_variegata,same-order,1,2,2,114,45,69,49,2,16566,72.40600654849271,0.9178474309431802,0.8108996649174939,0.8610654224430198,12826,2991,1148
Homo_sapiens,Varecia_variegata,same-order,1,2,3,114,46,68,49,2,16567,72.44552331489217,0.9179542203147353,0.811290934378556,0.8613329753674743,12833,2985,1147
Homo_sapiens,Varecia_variegata,same-order,1,2,4,114,46,68,49,2,16567,72.44552331489217,0.9179542203147353,0.811290934378556,0.8613329753674743,12833,2985,1147
Homo_sapiens,Varecia_variegata,same-order,2,0,1,227,33,194,44,16,16600,79.5079185520362,0.9286516482790513,0.8849228832231665,0.9062600734962284,14057,1828,1080
Homo_sapiens,Varecia_variegata,same-order,2,0,2,227,155,72,34,1,16601,80.39260055439271,0.9296133970039904,0.894392346906665,0.9116628175519631,14211,1678,1076
Homo_sapiens,Varecia_variegata,same-order,2,0,3,227,165,62,30,0,16599,80.4887707190134,0.9295701032274925,0.8955749984263863,0.9122559548616677,14228,1659,1078
Homo_sapiens,Varecia_variegata,same-order,2,0,4,227,165,62,30,0,16599,80.4887707190134,0.9295701032274925,0.8955749984263863,0.9122559548616677,14228,1659,1078
Homo_sapiens,Varecia_variegata,same-order,2,1,1,227,38,189,42,13,16607,80.42642235041285,0.9297201882845189,0.8949653870358716,0.9120118001667414,14221,1669,1075
Homo_sapiens,Varecia_variegata,same-order,2,1,2,227,162,65,37,0,16609,80.88609743676795,0.9307246565531611,0.8990000628891265,0.9145873320537428,14295,1606,1064
Homo_sapiens,Varecia_variegata,same-order,2,1,3,227,165,62,36,0,16613,81.04697226938313,0.9312654441409807,0.9002388735227559,0.9154893562615868,14321,1587,1057
Homo_sapiens,Varecia_variegata,same-order,2,1,4,227,165,62,36,0,16613,81.04697226938313,0.9312654441409807,0.9002388735227559,0.9154893562615868,14321,1587,1057
Homo_sapiens,Varecia_variegata,same-order,2,2,1,227,40,187,37,15,16575,80.10071291162159,0.9279627687467226,0.892285390142443,0.9097744360902256,14157,1709,1099
Homo_sapiens,Varecia_variegata,same-order,2,2,2,227,162,65,24,1,16576,80.64278843433486,0.9285295458987556,0.8981598185026468,0.9130922253900118,14252,1616,1097
Homo_sapiens,Varecia_variegata,same-order,2,2,3,227,163,64,24,1,16584,80.80579447713897,0.9292035398230089,0.899414247023997,0.914066250600096,14280,1597,1088
Homo_sapiens,Varecia_variegata,same-order,2,2,4,227,165,62,23,1,16584,80.89067451335445,0.9292725736202301,0.900359009888518,0.9145873320537428,14295,1582,1088
Homo_sapiens,Varecia_variegata,same-order,2,2,5,227,165,62,23,1,16584,80.89067451335445,0.9292725736202301,0.900359009888518,0.9145873320537428,14295,1582,1088
Homo_sapiens,Varecia_variegata,same-order,3,0,1,340,49,291,28,15,16601,85.68266939053456,0.9366625310173697,0.947002007024586,0.9418038922155688,15099,845,1021
Homo_sapiens,Varecia_variegata,same-order,3,0,2,340,282,58,15,1,16601,86.01747815230961,0.9368935039248408,0.9507024586051179,0.9437474706596519,15158,786,1021
Homo_sapiens,Varecia_variegata,same-order,3,0,3,340,283,57,15,1,16601,86.07990012484395,0.9369363804817789,0.951392373306573,0.9441090433808428,15169,775,1021
Homo_sapiens,Varecia_variegata,same-order,3,0,4,340,283,57,15,1,16601,86.07990012484395,0.9369363804817789,0.951392373306573,0.9441090433808428,15169,775,1021
Homo_sapiens,Varecia_variegata,same-order,3,1,1,340,59,281,26,16,16614,85.28511506631901,0.9360457882294388,0.9440923636819979,0.9400518571740963,15046,891,1028
Homo_sapiens,Varecia_variegata,same-order,3,1,2,340,282,58,11,0,16614,85.57986622831878,0.9362520153788912,0.947355211143879,0.9417708885631413,15098,839,1028
Homo_sapiens,Varecia_variegata,same-order,3,1,3,340,283,57,10,0,16614,85.6138759777803,0.936275725266551,0.9477316935433269,0.9419688796033553,15104,833,1028
Homo_sapiens,Varecia_variegata,same-order,3,1,4,340,283,57,10,0,16614,85.6138759777803,0.936275725266551,0.9477316935433269,0.9419688796033553,15104,833,1028
Homo_sapiens,Varecia_variegata,same-order,3,2,1,340,61,279,24,16,16614,85.9379431618356,0.9372100216517166,0.9498432601880877,0.9434843531060253,15150,800,1015
Homo_sapiens,Varecia_variegata,same-order,3,2,2,340,292,48,12,1,16589,86.9404680754374,0.9378063725490197,0.9595611285266458,0.9485590331577317,15305,645,1015
Homo_sapiens,Varecia_variegata,same-order,3,2,3,340,304,36,11,0,16589,86.9404680754374,0.9378063725490197,0.9595611285266458,0.9485590331577317,15305,645,1015
Homo_sapiens,Varecia_variegata,same-order,3,2,4,340,304,36,11,0,16589,86.9404680754374,0.9378063725490197,0.9595611285266458,0.9485590331577317,15305,645,1015
Homo_sapiens,Varecia_variegata,same-order,4,0,1,453,87,366,18,13,16588,87.26353462477987,0.938019052271617,0.9630721003134797,0.9503804986698015,15361,589,1015
Homo_sapiens,Varecia_variegata,same-order,4,0,2,453,403,50,9,0,16586,87.27345037213794,0.938019052271617,0.9630721003134797,0.9503804986698015,15361,589,1015
Homo_sapiens,Varecia_variegata,same-order,4,0,3,453,403,50,9,0,16586,87.27345037213794,0.938019052271617,0.9630721003134797,0.9503804986698015,15361,589,1015
Homo_sapiens,Varecia_variegata,same-order,4,1,1,453,69,384,15,10,16581,88.2215909090909,0.9384141182158829,0.9737238178853631,0.955742952111289,15527,419,1019
Homo_sapiens,Varecia_variegata,same-order,4,1,2,453,401,52,7,0,16583,88.58457866924257,0.9388172949536312,0.9774907517712709,0.9577637843649209,15590,359,1016
Homo_sapiens,Varecia_variegata,same-order,4,1,3,453,402,51,7,0,16581,88.62874353582997,0.9388393932097279,0.9778669509060129,0.9579558367372009,15596,353,1016
Homo_sapiens,Varecia_variegata,same-order,4,1,4,453,403,50,6,0,16585,88.78026599977265,0.9393228696854892,0.9789420907495613,0.9587233389596441,15620,336,1009
Homo_sapiens,Varecia_variegata,same-order,4,1,5,453,403,50,6,0,16585,88.78026599977265,0.9393228696854892,0.9789420907495613,0.9587233389596441,15620,336,1009
Homo_sapiens,Varecia_variegata,same-order,4,2,1,453,87,366,17,11,16580,87.19681908548708,0.9374084025403029,0.9630489335006274,0.9500556999628668,15351,589,1025
Homo_sapiens,Varecia_variegata,same-order,4,2,2,453,400,53,8,1,16581,88.68235561618917,0.939140380447869,0.9778738874263507,0.9581158263219308,15601,353,1011
Homo_sapiens,Varecia_variegata,same-order,4,2,3,453,414,39,4,0,16581,88.79540674208403,0.9392663860493085,0.9790034471952366,0.958723338959644,15620,335,1010
Homo_sapiens,Varecia_variegata,same-order,4,2,4,453,414,39,4,0,16581,88.79540674208403,0.9392663860493085,0.9790034471952366,0.958723338959644,15620,335,1010
Homo_sapiens,Varecia_variegata,same-order,5,0,1,566,109,457,13,10,16590,86.7984548966144,0.9377685037437093,0.9579336718701021,0.9477438362536827,15280,671,1014
Homo_sapiens,Varecia_variegata,same-order,5,0,2,566,464,102,9,0,16590,86.84883258535477,0.9378565732163671,0.9583751253761283,0.9480048367593712,15288,664,1013
Homo_sapiens,Varecia_variegata,same-order,5,0,3,566,464,102,9,0,16590,86.84883258535477,0.9378565732163671,0.9583751253761283,0.9480048367593712,15288,664,1013
Homo_sapiens,Varecia_variegata,same-order,5,1,1,566,85,481,10,9,16596,90.04893035958125,0.9416909620991254,0.9901157335001564,0.9652964137594535,15827,158,980
Homo_sapiens,Varecia_variegata,same-order,5,1,2,566,525,41,3,0,16597,90.06543385490754,0.9418099601356578,0.990116970038156,0.9653595169848144,15829,158,978
Homo_sapiens,Varecia_variegata,same-order,5,1,3,566,525,41,3,0,16597,90.06543385490754,0.9418099601356578,0.990116970038156,0.9653595169848144,15829,158,978
Homo_sapiens,Varecia_variegata,same-order,5,2,1,566,113,453,16,11,16594,87.10190178824865,0.937606942067954,0.9623055694932263,0.949795716231274,15343,601,1021
Homo_sapiens,Varecia_variegata,same-order,5,2,2,566,494,72,8,0,16595,87.29203338822327,0.9380071999511868,0.9638848830647689,0.9507699919599233,15373,576,1016
Homo_sapiens,Varecia_variegata,same-order,5,2,3,566,496,70,7,0,16599,87.44320763289414,0.9384981104473973,0.9649661569315618,0.9515481119831903,15397,559,1009
Homo_sapiens,Varecia_variegata,same-order,5,2,4,566,496,70,7,0,16599,87.44320763289414,0.9384981104473973,0.9649661569315618,0.9515481119831903,15397,559,1009
Homo_sapiens,Varecia_variegata,same-order,6,0,1,679,131,548,12,11,16598,89.49553546038787,0.9410920399497638,0.9847309136420526,0.9624170514663161,15736,244,985
Homo_sapiens,Varecia_variegata,same-order,6,0,2,679,623,56,3,0,16594,89.60573476702508,0.9412538098368494,0.9854836691277687,0.9628610729023384,15750,232,983
Homo_sapiens,Varecia_variegata,same-order,6,0,3,679,625,54,3,0,16594,89.73089833304887,0.9413309459862728,0.9868602177449631,0.9635580535785198,15772,210,983
Homo_sapiens,Varecia_variegata,same-order,6,0,4,679,626,53,2,0,16594,89.7821016100586,0.9413624433309473,0.987423351270179,0.963842912111403,15781,201,983
Homo_sapiens,Varecia_variegata,same-order,6,0,5,679,626,53,2,0,16594,89.7821016100586,0.9413624433309473,0.987423351270179,0.963842912111403,15781,201,983
Homo_sapiens,Varecia_variegata,same-order,6,1,1,679,116,563,10,10,16599,89.67969505603914,0.9415805507436832,0.9859886157502972,0.963273038376925,15763,224,978
Homo_sapiens,Varecia_variegata,same-order,6,1,2,679,625,54,2,0,16598,89.69048702776513,0.9415840401385737,0.9860511665728404,0.9633047144734027,15764,223,978
Homo_sapiens,Varecia_variegata,same-order,6,1,3,679,625,54,2,0,16598,89.69048702776513,0.9415840401385737,0.9860511665728404,0.9633047144734027,15764,223,978
Homo_sapiens,Varecia_variegata,same-order,6,2,1,679,123,556,10,8,16594,89.57124985784147,0.9407548972766364,0.986164152006511,0.9629244735152979,15752,221,992
Homo_sapiens,Varecia_variegata,same-order,6,2,2,679,615,64,4,0,16598,89.60536790628909,0.9410008360205422,0.9862927958940978,0.9631146288543228,15758,219,988
Homo_sapiens,Varecia_variegata,same-order,6,2,3,679,615,64,4,0,16598,89.60536790628909,0.9410008360205422,0.9862927958940978,0.9631146288543228,15758,219,988
Homo_sapiens,Varecia_variegata,same-order,7,0,1,792,147,645,7,6,16596,89.77421372917023,0.9411519198664441,0.987920891225435,0.963969465648855,15785,193,987
Homo_sapiens,Varecia_variegata,same-order,7,0,2,792,732,60,3,0,16593,89.88508362726135,0.9413166517724159,0.9887359198998749,0.9644437662139479,15800,180,985
Homo_sapiens,Varecia_variegata,same-order,7,0,3,792,736,56,2,0,16597,90.04836415362732,0.9417995715305879,0.989929317570526,0.9652648592601628,15826,161,978
Homo_sapiens,Varecia_variegata,same-order,7,0,4,792,736,56,2,0,16597,90.04836415362732,0.9417995715305879,0.989929317570526,0.9652648592601628,15826,161,978
Homo_sapiens,Varecia_variegata,same-order,7,1,1,792,145,647,9,8,16599,89.72185882486775,0.9413941274767248,0.9869236063317275,0.9636213690094383,15774,209,982
Homo_sapiens,Varecia_variegata,same-order,7,1,2,792,728,64,3,0,16597,89.74854932301741,0.9414573014262696,0.986986986986987,0.9636846767050486,15776,208,981
Homo_sapiens,Varecia_variegata,same-order,7,1,3,792,728,64,3,0,16597,89.74854932301741,0.9414573014262696,0.986986986986987,0.9636846767050486,15776,208,981
Homo_sapiens,Varecia_variegata,same-order,7,2,1,792,161,631,10,9,16620,89.33704482190535,0.9411694296486923,0.9839819797271931,0.9620996604570066,15726,256,983
Homo_sapiens,Varecia_variegata,same-order,7,2,2,792,721,71,3,0,16620,89.34780138620611,0.9412292776348076,0.9839829819182881,0.9621314082956075,15727,256,982
Homo_sapiens,Varecia_variegata,same-order,7,2,3,792,721,71,3,0,16620,89.34780138620611,0.9412292776348076,0.9839829819182881,0.9621314082956075,15727,256,982
Homo_sapiens,Varecia_variegata,same-order,8,0,1,905,148,757,5,5,16597,90.04836415362732,0.9417995715305879,0.989929317570526,0.9652648592601628,15826,161,978
Homo_sapiens,Varecia_variegata,same-order,8,0,2,905,828,77,2,0,16597,90.04836415362732,0.9417995715305879,0.989929317570526,0.9652648592601628,15826,161,978
Homo_sapiens,Varecia_variegata,same-order,8,0,3,905,828,77,2,0,16597,90.04836415362732,0.9417995715305879,0.989929317570526,0.9652648592601628,15826,161,978
Homo_sapiens,Varecia_variegata,same-order,8,1,1,905,184,721,6,5,16596,89.47098976109216,0.941123676180219,0.9842312746386334,0.9621948981464489,15729,252,984
Homo_sapiens,Varecia_variegata,same-order,8,1,2,905,816,89,3,0,16597,89.4931452301041,0.9412468589206653,0.9842958143026966,0.9622901183594825,15732,251,982
Homo_sapiens,Varecia_variegata,same-order,8,1,3,905,816,89,3,0,16597,89.4931452301041,0.9412468589206653,0.9842958143026966,0.9622901183594825,15732,251,982
Homo_sapiens,Varecia_variegata,same-order,8,2,1,905,176,729,7,6,16596,90.03242874210616,0.9416279900035701,0.9900525525525525,0.9652333028362304,15825,159,981
Homo_sapiens,Varecia_variegata,same-order,8,2,2,905,818,87,2,0,16597,90.07112375533428,0.9418134221799144,0.9901795208606993,0.9653910657112365,15830,157,978
Homo_sapiens,Varecia_variegata,same-order,8,2,3,905,818,87,2,0,16597,90.07112375533428,0.9418134221799144,0.9901795208606993,0.9653910657112365,15830,157,978
Gorilla_gorilla,Homo_sapiens,same-family,1,0,1,111,106,5,12,0,16372,89.34036939313984,0.9570979899497487,0.959146418229888,0.9581211092246746,15237,649,683
Gorilla_gorilla,Homo_sapiens,same-family,1,0,2,111,107,4,11,0,16372,89.51627088830256,0.95717868338558,0.9610348734734987,0.9591029023746703,15267,619,683
Gorilla_gorilla,Homo_sapiens,same-family,1,0,3,111,107,4,11,0,16372,89.51627088830256,0.95717868338558,0.9610348734734987,0.9591029023746703,15267,619,683
Gorilla_gorilla,Homo_sapiens,same-family,1,1,1,111,104,7,10,0,16365,89.28445747800586,0.9569399044505909,0.9583857970284563,0.9576623049823856,15223,661,685
Gorilla_gorilla,Homo_sapiens,same-family,1,1,2,111,104,7,10,0,16365,89.28445747800586,0.9569399044505909,0.9583857970284563,0.9576623049823856,15223,661,685
Gorilla_gorilla,Homo_sapiens,same-family,1,2,1,111,107,4,11,0,16362,89.65395894428153,0.956930011268311,0.9625338454757257,0.9597237482341862,15286,595,688
Gorilla_gorilla,Homo_sapiens,same-family,1,2,2,111,109,2,11,0,16362,89.92961876832844,0.9570563635228763,0.9654933568415087,0.9612563475644159,15333,548,688
Gorilla_gorilla,Homo_sapiens,same-family,1,2,3,111,110,1,11,0,16362,89.92961876832844,0.9570563635228763,0.9654933568415087,0.9612563475644159,15333,548,688
Gorilla_gorilla,Homo_sapiens,same-family,1,2,4,111,110,1,11,0,16362,89.92961876832844,0.9570563635228763,0.9654933568415087,0.9612563475644159,15333,548,688
Gorilla_gorilla,Homo_sapiens,same-family,2,0,1,221,210,11,5,0,16375,91.56308630393997,0.9582157319916554,0.9829431017119838,0.9704219225750326,15617,271,681
Gorilla_gorilla,Homo_sapiens,same-family,2,0,2,221,212,9,4,0,16372,91.63832531957313,0.958185162477008,0.9836973626235287,0.9707736745659534,15628,259,682
Gorilla_gorilla,Homo_sapiens,same-family,2,0,3,221,214,7,4,0,16372,91.63832531957313,0.958185162477008,0.9836973626235287,0.9707736745659534,15628,259,682
Gorilla_gorilla,Homo_sapiens,same-family,2,0,4,221,214,7,4,0,16372,91.63832531957313,0.958185162477008,0.9836973626235287,0.9707736745659534,15628,259,682
Gorilla_gorilla,Homo_sapiens,same-family,2,1,1,221,213,8,6,0,16373,91.68474755175042,0.9583205638982532,0.9840140978035119,0.9709973916283692,15635,254,680
Gorilla_gorilla,Homo_sapiens,same-family,2,1,2,221,214,7,5,0,16372,91.82500586441473,0.9583792385848942,0.9854616401283907,0.971731777701927,15658,231,680
Gorilla_gorilla,Homo_sapiens,same-family,2,1,3,221,214,7,5,0,16372,91.82500586441473,0.9583792385848942,0.9854616401283907,0.971731777701927,15658,231,680
Gorilla_gorilla,Homo_sapiens,same-family,2,2,1,221,209,12,5,1,16461,90.71286897678218,0.9580432505698971,0.9787260825780463,0.9682742302064199,15550,338,681
Gorilla_gorilla,Homo_sapiens,same-family,2,2,2,221,219,2,4,0,16459,90.88734612916399,0.9580591599532624,0.9806130798766287,0.9692049272116462,15579,308,682
Gorilla_gorilla,Homo_sapiens,same-family,2,2,3,221,219,2,4,0,16459,90.88734612916399,0.9580591599532624,0.9806130798766287,0.9692049272116462,15579,308,682
Gorilla_gorilla,Homo_sapiens,same-family,3,0,1,332,316,16,4,0,16375,92.50161224130855,0.9585662211421628,0.9931390445017939,0.975546418524129,15778,109,682
Gorilla_gorilla,Homo_sapiens,same-family,3,0,2,332,322,10,3,0,16372,92.67620499589539,0.9586340753320798,0.9948385472398816,0.9764008154692037,15805,82,682
Gorilla_gorilla,Homo_sapiens,same-family,3,0,3,332,322,10,3,0,16372,92.67620499589539,0.9586340753320798,0.9948385472398816,0.9764008154692037,15805,82,682
Gorilla_gorilla,Homo_sapiens,same-family,3,1,1,332,321,11,0,0,16376,92.21479657638645,0.9584450402144772,0.990117706300749,0.9740239635902039,15730,157,682
Gorilla_gorilla,Homo_sapiens,same-family,3,1,2,332,323,9,0,0,16376,92.31445655997186,0.9584880394424493,0.9911877635802858,0.974563683624211,15747,140,682
Gorilla_gorilla,Homo_sapiens,same-family,3,1,3,332,323,9,0,0,16375,92.34918215395439,0.9585006693440429,0.9915024863095613,0.9747223167600012,15752,135,682
Gorilla_gorilla,Homo_sapiens,same-family,3,1,4,332,323,9,0,0,16375,92.34918215395439,0.9585006693440429,0.9915024863095613,0.9747223167600012,15752,135,682
Gorilla_gorilla,Homo_sapiens,same-family,3,2,1,332,315,17,0,0,16376,92.27206097918499,0.9586379142300195,0.9903713027061045,0.9742462700427166,15737,153,679
Gorilla_gorilla,Homo_sapiens,same-family,3,2,2,332,317,15,0,0,16384,92.30543834974215,0.9586148134623578,0.9913147460507269,0.9746905940594058,15751,138,680
Gorilla_gorilla,Homo_sapiens,same-family,3,2,3,332,321,11,0,0,16383,92.31084803375725,0.9586148134623578,0.9913147460507269,0.9746905940594058,15751,138,680
Gorilla_gorilla,Homo_sapiens,same-family,3,2,4,332,321,11,0,0,16383,92.31084803375725,0.9586148134623578,0.9913147460507269,0.9746905940594058,15751,138,680
Gorilla_gorilla,Homo_sapiens,same-family,4,0,1,442,422,20,0,0,16376,92.80562884784521,0.9588659356636579,0.9960981749528005,0.9771275118066488,15828,62,679
Gorilla_gorilla,Homo_sapiens,same-family,4,0,2,442,429,13,0,0,16375,92.88771621225447,0.958842755114393,0.9970419787274215,0.9775693437413224,15842,47,680
Gorilla_gorilla,Homo_sapiens,same-family,4,0,3,442,430,12,0,0,16383,92.84416573873293,0.958842755114393,0.9970419787274215,0.9775693437413224,15842,47,680
Gorilla_gorilla,Homo_sapiens,same-family,4,0,4,442,432,10,0,0,16383,92.84416573873293,0.958842755114393,0.9970419787274215,0.9775693437413224,15842,47,680
Gorilla_gorilla,Homo_sapiens,same-family,4,0,5,442,432,10,0,0,16383,92.84416573873293,0.958842755114393,0.9970419787274215,0.9775693437413224,15842,47,680
Gorilla_gorilla,Homo_sapiens,same-family,4,1,1,442,425,17,0,0,16371,92.78761580860795,0.9586236142242684,0.9960971924965378,0.9770012039638193,15824,62,683
Gorilla_gorilla,Homo_sapiens,same-family,4,1,2,442,430,12,0,0,16370,92.8516976485076,0.958648665011806,0.9967266775777414,0.9773169151004536,15834,52,683
Gorilla_gorilla,Homo_sapiens,same-family,4,1,3,442,430,12,0,0,16370,92.8516976485076,0.958648665011806,0.9967266775777414,0.9773169151004536,15834,52,683
Gorilla_gorilla,Homo_sapiens,same-family,4,2,1,442,420,22,0,0,16375,92.57652163715258,0.9587660168822494,0.9935808684707363,0.9758630280928393,15788,102,679
Gorilla_gorilla,Homo_sapiens,same-family,4,2,2,442,427,15,0,0,16374,92.70552363081975,0.9587628865979382,0.9950280067971553,0.9765588807560456,15810,79,680
Gorilla_gorilla,Homo_sapiens,same-family,4,2,3,442,429,13,0,0,16383,92.65662544687335,0.9587628865979382,0.9950280067971553,0.9765588807560456,15810,79,680
Gorilla_gorilla,Homo_sapiens,same-family,4,2,4,442,431,11,0,0,16383,92.65662544687335,0.9587628865979382,0.9950280067971553,0.9765588807560456,15810,79,680
Gorilla_gorilla,Homo_sapiens,same-family,4,2,5,442,431,11,0,0,16383,92.65662544687335,0.9587628865979382,0.9950280067971553,0.9765588807560456,15810,79,680
Gorilla_gorilla,Homo_sapiens,same-family,5,0,1,553,522,31,0,0,16367,92.9635276181541,0.9584668399733994,0.9982369978592117,0.9779477531382045,15854,28,687
Gorilla_gorilla,Homo_sapiens,same-family,5,0,2,553,535,18,0,0,16372,93.042203985932,0.9584566149387115,0.9994962533845476,0.9785463288329943,15873,8,688
Gorilla_gorilla,Homo_sapiens,same-family,5,0,3,553,539,14,0,0,16372,93.042203985932,0.9584566149387115,0.9994962533845476,0.9785463288329943,15873,8,688
Gorilla_gorilla,Homo_sapiens,same-family,5,0,4,553,539,14,0,0,16372,93.042203985932,0.9584566149387115,0.9994962533845476,0.9785463288329943,15873,8,688
Gorilla_gorilla,Homo_sapiens,same-family,5,1,1,553,531,22,0,0,16368,93.03348384448483,0.9586102719033233,0.9988038277511961,0.9782943824381822,15865,19,685
Gorilla_gorilla,Homo_sapiens,same-family,5,1,2,553,544,9,0,0,16368,93.0921245528646,0.9586352657004831,0.9994333920926719,0.9786092960177536,15875,9,685
Gorilla_gorilla,Homo_sapiens,same-family,5,1,3,553,544,9,0,0,16368,93.0921245528646,0.9586352657004831,0.9994333920926719,0.9786092960177536,15875,9,685
Gorilla_gorilla,Homo_sapiens,same-family,5,2,1,553,528,25,0,0,16375,92.79976546467311,0.9588053553038105,0.9960979293851092,0.9770959377700951,15827,62,680
Gorilla_gorilla,Homo_sapiens,same-family,5,2,2,553,532,21,0,0,16383,92.88519017757721,0.9588601851291669,0.9974825350871672,0.9777901166018879,15849,40,680
Gorilla_gorilla,Homo_sapiens,same-family,5,2,3,553,533,20,0,0,16382,92.89063415777751,0.9588601851291669,0.9974825350871672,0.9777901166018879,15849,40,680
Gorilla_gorilla,Homo_sapiens,same-family,5,2,4,553,533,20,0,0,16382,92.89063415777751,0.9588601851291669,0.9974825350871672,0.9777901166018879,15849,40,680
Gorilla_gorilla,Homo_sapiens,same-family,6,0,1,663,625,38,0,0,16373,92.8516976485076,0.9588228170037544,0.9965384857448549,0.9773169151004537,15834,55,680
Gorilla_gorilla,Homo_sapiens,same-family,6,0,2,663,633,30,0,0,16373,92.97484313610508,0.958875113395827,0.9978601548240922,0.9779792746113989,15855,34,680
Gorilla_gorilla,Homo_sapiens,same-family,6,0,3,663,634,29,0,0,16382,92.92580002344391,0.958875113395827,0.9978601548240922,0.9779792746113989,15855,34,680
Gorilla_gorilla,Homo_sapiens,same-family,6,0,4,663,635,28,0,0,16382,92.92580002344391,0.958875113395827,0.9978601548240922,0.9779792746113989,15855,34,680
Gorilla_gorilla,Homo_sapiens,same-family,6,0,5,663,635,28,0,0,16382,92.92580002344391,0.958875113395827,0.9978601548240922,0.9779792746113989,15855,34,680
Gorilla_gorilla,Homo_sapiens,same-family,6,1,1,663,627,36,0,0,16372,93.00416349029496,0.9588295749954658,0.9982376636455186,0.9781368528169232,15860,28,681
Gorilla_gorilla,Homo_sapiens,same-family,6,1,2,663,644,19,0,0,16372,93.13317304873043,0.9588842600978084,0.9996223564954683,0.9788296200425256,15882,6,681
Gorilla_gorilla,Homo_sapiens,same-family,6,1,3,663,645,18,0,0,16381,93.08404641894268,0.9588842600978084,0.9996223564954683,0.9788296200425256,15882,6,681
Gorilla_gorilla,Homo_sapiens,same-family,6,1,4,663,647,16,0,0,16381,93.08404641894268,0.9588842600978084,0.9996223564954683,0.9788296200425256,15882,6,681
Gorilla_gorilla,Homo_sapiens,same-family,6,1,5,663,647,16,0,0,16381,93.08404641894268,0.9588842600978084,0.9996223564954683,0.9788296200425256,15882,6,681
Gorilla_gorilla,Homo_sapiens,same-family,6,2,1,663,636,27,0,0,16370,93.03389234197256,0.9586706948640483,0.9988039030531949,0.9783258825342994,15866,19,684
Gorilla_gorilla,Homo_sapiens,same-family,6,2,2,663,645,18,0,0,16369,93.10971676537852,0.9587006400193213,0.9995593327038086,0.9787037322402686,15878,7,684
Gorilla_gorilla,Homo_sapiens,same-family,6,2,3,663,646,17,0,0,16378,93.06060250849842,0.9587006400193213,0.9995593327038086,0.9787037322402686,15878,7,684
Gorilla_gorilla,Homo_sapiens,same-family,6,2,4,663,648,15,0,0,16378,93.06060250849842,0.9587006400193213,0.9995593327038086,0.9787037322402686,15878,7,684
Gorilla_gorilla,Homo_sapiens,same-family,6,2,5,663,648,15,0,0,16378,93.06060250849842,0.9587006400193213,0.9995593327038086,0.9787037322402686,15878,7,684
Gorilla_gorilla,Homo_sapiens,same-family,7,0,1,774,722,52,0,0,16372,92.98698252609358,0.9587666263603386,0.9981746081702021,0.9780738273660837,15858,29,682
Gorilla_gorilla,Homo_sapiens,same-family,7,0,2,774,744,30,0,0,16378,92.95427901524033,0.9587666263603386,0.9981746081702021,0.9780738273660837,15858,29,682
Gorilla_gorilla,Homo_sapiens,same-family,7,0,3,774,749,25,0,0,16378,92.95427901524033,0.9587666263603386,0.9981746081702021,0.9780738273660837,15858,29,682
Gorilla_gorilla,Homo_sapiens,same-family,7,0,4,774,749,25,0,0,16378,92.95427901524033,0.9587666263603386,0.9981746081702021,0.9780738273660837,15858,29,682
Gorilla_gorilla,Homo_sapiens,same-family,7,1,1,774,742,32,0,0,16377,93.09333958724203,0.9589901552213566,0.9992448080553807,0.9787037322402687,15878,12,679
Gorilla_gorilla,Homo_sapiens,same-family,7,1,2,774,753,21,0,0,16386,93.06768239085848,0.9590000603828271,0.9994965387035871,0.9788296200425257,15882,8,679
Gorilla_gorilla,Homo_sapiens,same-family,7,1,3,774,760,14,0,0,16385,93.09031237179863,0.9590629151068711,0.9995594990875338,0.9788925523064123,15884,7,678
Gorilla_gorilla,Homo_sapiens,same-family,7,1,4,774,760,14,0,0,16385,93.09031237179863,0.9590629151068711,0.9995594990875338,0.9788925523064123,15884,7,678
Gorilla_gorilla,Homo_sapiens,same-family,7,2,1,774,726,48,0,0,16376,93.06361770741718,0.9589752885022053,0.9988672120830712,0.9785148423291514,15872,18,679
Gorilla_gorilla,Homo_sapiens,same-family,7,2,2,774,747,27,0,0,16383,93.09617300591924,0.9589495925143374,0.9997482535087168,0.9789240155296728,15885,4,680
Gorilla_gorilla,Homo_sapiens,same-family,7,2,3,774,752,22,0,0,16383,93.09617300591924,0.9589495925143374,0.9997482535087168,0.9789240155296728,15885,4,680
Gorilla_gorilla,Homo_sapiens,same-family,7,2,4,774,752,22,0,0,16383,93.09617300591924,0.9589495925143374,0.9997482535087168,0.9789240155296728,15885,4,680
Gorilla_gorilla,Homo_sapiens,same-family,8,0,1,884,845,39,0,0,16370,93.06280419867473,0.9587385972331299,0.9989928238700743,0.9784518634976417,15870,16,683
Gorilla_gorilla,Homo_sapiens,same-family,8,0,2,884,858,26,0,0,16373,93.1624934029203,0.9589545481982253,0.9998741267543584,0.978986936159724,15887,2,680
Gorilla_gorilla,Homo_sapiens,same-family,8,0,3,884,861,23,0,0,16382,93.11921228460908,0.9589570255915016,0.9999370633771791,0.979018393566873,15888,1,680
Gorilla_gorilla,Homo_sapiens,same-family,8,0,4,884,862,22,0,0,16382,93.11921228460908,0.9589570255915016,0.9999370633771791,0.979018393566873,15888,1,680
Gorilla_gorilla,Homo_sapiens,same-family,8,0,5,884,862,22,0,0,16382,93.11921228460908,0.9589570255915016,0.9999370633771791,0.979018393566873,15888,1,680
Gorilla_gorilla,Homo_sapiens,same-family,8,1,1,884,851,33,0,0,16375,93.1277119737305,0.9590000603828271,0.9994965387035871,0.9788296200425257,15882,8,679
Gorilla_gorilla,Homo_sapiens,same-family,8,1,2,884,867,17,0,0,16374,93.16289433563973,0.9589570255915016,0.9999370633771791,0.979018393566873,15888,1,680
Gorilla_gorilla,Homo_sapiens,same-family,8,1,3,884,868,16,0,0,16374,93.16289433563973,0.9589570255915016,0.9999370633771791,0.979018393566873,15888,1,680
Gorilla_gorilla,Homo_sapiens,same-family,8,1,4,884,868,16,0,0,16374,93.16289433563973,0.9589570255915016,0.9999370633771791,0.979018393566873,15888,1,680
Gorilla_gorilla,Homo_sapiens,same-family,8,2,1,884,836,48,0,0,16374,93.11012079277589,0.9589347182800894,0.9993706337717918,0.9787352071005918,15879,10,680
Gorilla_gorilla,Homo_sapiens,same-family,8,2,2,884,855,29,0,0,16383,93.11375490828108,0.9589570255915016,0.9999370633771791,0.979018393566873,15888,1,680
Gorilla_gorilla,Homo_sapiens,same-family,8,2,3,884,863,21,0,0,16382,93.11921228460908,0.9589570255915016,0.9999370633771791,0.979018393566873,15888,1,680
Gorilla_gorilla,Homo_sapiens,same-family,8,2,4,884,863,21,0,0,16382,93.11921228460908,0.9589570255915016,0.9999370633771791,0.979018393566873,15888,1,680
Gorilla_gorilla,Saimiri_boliviensis,same-order,1,0,1,110,34,76,46,5,16350,80.50816914944738,0.9782497627910371,0.8287268904965065,0.8973020017406439,13403,2770,298
Gorilla_gorilla,Saimiri_boliviensis,same-order,1,0,2,110,63,47,36,1,16357,81.22672113420641,0.9790731354091238,0.835558027437894,0.9016404374499866,13521,2661,289
Gorilla_gorilla,Saimiri_boliviensis,same-order,1,0,3,110,65,45,36,1,16357,81.38892226360687,0.9791139697911397,0.8372265480163145,0.9026283353875879,13548,2634,289
Gorilla_gorilla,Saimiri_boliviensis,same-order,1,0,4,110,65,45,36,1,16357,81.38892226360687,0.9791139697911397,0.8372265480163145,0.9026283353875879,13548,2634,289
Gorilla_gorilla,Saimiri_boliviensis,same-order,1,1,1,110,19,91,51,5,16377,78.94421115776845,0.9782204712703486,0.8134503646927926,0.8882589180250413,13160,3018,293
Gorilla_gorilla,Saimiri_boliviensis,same-order,1,1,2,110,44,66,47,0,16377,79.44917796711869,0.978640059127864,0.8182548510690891,0.8912897145934303,13241,2941,289
Gorilla_gorilla,Saimiri_boliviensis,same-order,1,1,3,110,45,65,47,0,16377,79.49117964718589,0.9786511043805866,0.8186874304783093,0.8915508597193715,13248,2934,289
Gorilla_gorilla,Saimiri_boliviensis,same-order,1,1,4,110,45,65,47,0,16377,79.49117964718589,0.9786511043805866,0.8186874304783093,0.8915508597193715,13248,2934,289
Gorilla_gorilla,Saimiri_boliviensis,same-order,1,2,1,110,35,75,45,4,16364,78.585579636189,0.9781065530897407,0.8091235010508098,0.8856263319914753,13090,3088,293
Gorilla_gorilla,Saimiri_boliviensis,same-order,1,2,2,110,55,55,42,1,16361,79.26580149002643,0.9789997031760166,0.8149864096861873,0.8894956850053938,13193,2995,283
Gorilla_gorilla,Saimiri_boliviensis,same-order,1,2,3,110,56,54,41,1,16360,79.38100961538461,0.9792423456149455,0.8158236057068742,0.8900943396226415,13209,2982,280
Gorilla_gorilla,Saimiri_boliviensis,same-order,1,2,4,110,56,54,41,1,16360,79.38100961538461,0.9792423456149455,0.8158236057068742,0.8900943396226415,13209,2982,280
Gorilla_gorilla,Saimiri_boliviensis,same-order,2,0,1,220,70,150,40,10,16334,85.6729726473069,0.9817729908864954,0.8773986549022027,0.9266560229383207,14220,1987,264
Gorilla_gorilla,Saimiri_boliviensis,same-order,2,0,2,220,164,56,32,2,16338,86.84591270798167,0.9829421397379913,0.8881080081375994,0.9331217411017909,14406,1815,250
Gorilla_gorilla,Saimiri_boliviensis,same-order,2,0,3,220,169,51,29,2,16338,87.11330881022734,0.9833231230004765,0.8902995192900284,0.9345020538862114,14446,1780,245
Gorilla_gorilla,Saimiri_boliviensis,same-order,2,0,4,220,169,51,29,2,16338,87.11330881022734,0.9833231230004765,0.8902995192900284,0.9345020538862114,14446,1780,245
Gorilla_gorilla,Saimiri_boliviensis,same-order,2,1,1,220,58,162,38,10,16354,86.55386282892756,0.9827032200724687,0.8862991737575533,0.9320149132760576,14374,1844,253
Gorilla_gorilla,Saimiri_boliviensis,same-order,2,1,2,220,160,60,28,0,16352,87.49548247199132,0.9830806713589605,0.8955058257813945,0.9372519921282705,14526,1695,250
Gorilla_gorilla,Saimiri_boliviensis,same-order,2,1,3,220,165,55,28,0,16351,87.80796337570025,0.983138868280839,0.8986498982800074,0.9389976810100489,14577,1644,250
Gorilla_gorilla,Saimiri_boliviensis,same-order,2,1,4,220,170,50,25,0,16352,88.08577279845802,0.9831921473712518,0.9015473768571605,0.9406013828589804,14624,1597,250
Gorilla_gorilla,Saimiri_boliviensis,same-order,2,1,5,220,170,50,25,0,16352,88.08577279845802,0.9831921473712518,0.9015473768571605,0.9406013828589804,14624,1597,250
Gorilla_gorilla,Saimiri_boliviensis,same-order,2,2,1,220,68,152,33,18,16354,88.55886251355585,0.983671284213344,0.9058359524249707,0.9431504651908887,14699,1528,244
Gorilla_gorilla,Saimiri_boliviensis,same-order,2,2,2,220,190,30,21,1,16357,89.355421686747,0.9838816662244627,0.9140374661079615,0.9476744186046512,14833,1395,243
Gorilla_gorilla,Saimiri_boliviensis,same-order,2,2,3,220,194,26,19,1,16353,89.5624924671568,0.9840429053830365,0.9157116451016636,0.948648389876488,14862,1368,241
Gorilla_gorilla,Saimiri_boliviensis,same-order,2,2,4,220,194,26,19,1,16353,89.5624924671568,0.9840429053830365,0.9157116451016636,0.948648389876488,14862,1368,241
Gorilla_gorilla,Saimiri_boliviensis,same-order,3,0,1,330,87,243,32,17,16361,91.83907352675071,0.9858844858844859,0.9368116655386698,0.9607218348739629,15226,1027,218
Gorilla_gorilla,Saimiri_boliviensis,same-order,3,0,2,330,285,45,15,1,16357,92.48823458428865,0.9860414254470603,0.9430909314630245,0.9640880503144654,15329,925,217
Gorilla_gorilla,Saimiri_boliviensis,same-order,3,0,3,330,286,44,14,1,16356,92.49381524165811,0.9860414254470603,0.9430909314630245,0.9640880503144654,15329,925,217
Gorilla_gorilla,Saimiri_boliviensis,same-order,3,0,4,330,286,44,14,1,16356,92.49381524165811,0.9860414254470603,0.9430909314630245,0.9640880503144654,15329,925,217
Gorilla_gorilla,Saimiri_boliviensis,same-order,3,1,1,330,103,227,33,13,16366,88.87418015524399,0.98315915596086,0.9107164878530029,0.9455523190678915,14770,1448,253
Gorilla_gorilla,Saimiri_boliviensis,same-order,3,1,2,330,254,76,19,0,16364,89.60640346653828,0.9833564493758669,0.9179974104445403,0.9495535714285714,14889,1330,252
Gorilla_gorilla,Saimiri_boliviensis,same-order,3,1,3,330,254,76,19,0,16364,89.60640346653828,0.9833564493758669,0.9179974104445403,0.9495535714285714,14889,1330,252
Gorilla_gorilla,Saimiri_boliviensis,same-order,3,2,1,330,100,230,29,10,16342,88.17825956037338,0.9823549144582355,0.903381046396841,0.9412142834185067,14642,1566,263
Gorilla_gorilla,Saimiri_boliviensis,same-order,3,2,2,330,255,75,17,1,16484,92.17365088935786,0.9934364439823239,0.9338423946243127,0.9627180552931545,15287,1083,101
Gorilla_gorilla,Saimiri_boliviensis,same-order,3,2,3,330,288,42,16,0,16478,92.30954822365644,0.9934436871145732,0.9348808796579108,0.963273013375295,15304,1066,101
Gorilla_gorilla,Saimiri_boliviensis,same-order,3,2,4,330,289,41,15,0,16476,92.40513965132412,0.9934496400544782,0.9357361026267562,0.9637295919972316,15318,1052,101
Gorilla_gorilla,Saimiri_boliviensis,same-order,3,2,5,330,289,41,15,0,16476,92.40513965132412,0.9934496400544782,0.9357361026267562,0.9637295919972316,15318,1052,101
Gorilla_gorilla,Saimiri_boliviensis,same-order,4,0,1,440,141,299,18,7,16334,92.2046578979124,0.9845380749903363,0.9415316369909432,0.9625547192391269,15282,949,240
Gorilla_gorilla,Saimiri_boliviensis,same-order,4,0,2,440,365,75,7,0,16323,92.94039495138595,0.984896966594138,0.9479519556513705,0.9660713725244029,15390,845,236
Gorilla_gorilla,Saimiri_boliviensis,same-order,4,0,3,440,366,74,6,0,16321,93.07845624207285,0.9849172365309644,0.9492454573452418,0.9667523994730569,15411,824,236
Gorilla_gorilla,Saimiri_boliviensis,same-order,4,0,4,440,366,74,6,0,16321,93.07845624207285,0.9849172365309644,0.9492454573452418,0.9667523994730569,15411,824,236
Gorilla_gorilla,Saimiri_boliviensis,same-order,4,1,1,440,124,316,22,14,16323,92.68719806763285,0.9847940459386629,0.9454847850190957,0.9647391577624137,15349,885,237
Gorilla_gorilla,Saimiri_boliviensis,same-order,4,1,2,440,365,75,5,0,16321,93.29025244594757,0.9848890589135425,0.9515214980904275,0.9679177893351714,15447,787,237
Gorilla_gorilla,Saimiri_boliviensis,same-order,4,1,3,440,367,73,5,1,16447,95.92404450895017,0.994420412513322,0.9682578439750946,0.9811647542758172,15862,520,89
Gorilla_gorilla,Saimiri_boliviensis,same-order,4,1,4,440,401,39,5,0,16447,95.92404450895017,0.994420412513322,0.9682578439750946,0.9811647542758172,15862,520,89
Gorilla_gorilla,Saimiri_boliviensis,same-order,4,1,5,440,401,39,5,0,16447,95.92404450895017,0.994420412513322,0.9682578439750946,0.9811647542758172,15862,520,89
Gorilla_gorilla,Saimiri_boliviensis,same-order,4,2,1,440,132,308,20,13,16352,94.60944102378366,0.9865298671870082,0.9640770129790244,0.9751742160278746,15673,584,214
Gorilla_gorilla,Saimiri_boliviensis,same-order,4,2,2,440,411,29,6,1,16354,95.18865076969514,0.9867951686588647,0.9697416974169741,0.9781941127206178,15768,492,211
Gorilla_gorilla,Saimiri_boliviensis,same-order,4,2,3,440,414,26,5,1,16354,95.38563749471523,0.987309327331833,0.9708015736415048,0.9789858666005455,15793,475,203
Gorilla_gorilla,Saimiri_boliviensis,same-order,4,2,4,440,414,26,5,1,16354,95.38563749471523,0.987309327331833,0.9708015736415048,0.9789858666005455,15793,475,203
Gorilla_gorilla,Saimiri_boliviensis,same-order,5,0,1,550,163,387,17,9,16325,94.14893617021276,0.9861348528015195,0.9584051193699237,0.972072268855119,15576,676,219
Gorilla_gorilla,Saimiri_boliviensis,same-order,5,0,2,550,485,65,4,1,16452,97.4026760307562,0.9959759796941745,0.9806168474948189,0.9882367394576,16088,318,65
Gorilla_gorilla,Saimiri_boliviensis,same-order,5,0,3,550,532,18,3,0,16452,97.69258720930233,0.9962942375393737,0.9829382731094998,0.9895711919514141,16131,280,60
Gorilla_gorilla,Saimiri_boliviensis,same-order,5,0,4,550,534,16,2,0,16452,97.7046996124031,0.9962946952386834,0.983060142587289,0.9896331738437002,16133,278,60
Gorilla_gorilla,Saimiri_boliviensis,same-order,5,0,5,550,534,16,2,0,16452,97.7046996124031,0.9962946952386834,0.983060142587289,0.9896331738437002,16133,278,60
Gorilla_gorilla,Saimiri_boliviensis,same-order,5,1,1,550,163,387,20,11,16331,94.49885140853584,0.9866818153127564,0.9613776137761377,0.9738653708376165,15632,628,211
Gorilla_gorilla,Saimiri_boliviensis,same-order,5,1,2,550,477,73,2,1,16454,97.98365122615805,0.9962445361078619,0.9861060329067641,0.991149358405047,16182,228,61
Gorilla_gorilla,Saimiri_boliviensis,same-order,5,1,3,550,535,15,1,0,16454,98.01392673327278,0.9962456917774495,0.9864107251675808,0.9913038152979362,16187,223,61
Gorilla_gorilla,Saimiri_boliviensis,same-order,5,1,4,550,535,15,1,0,16454,98.01392673327278,0.9962456917774495,0.9864107251675808,0.9913038152979362,16187,223,61
Gorilla_gorilla,Saimiri_boliviensis,same-order,5,2,1,550,176,374,16,10,16331,96.21340430679894,0.9875209536226486,0.9776275353411186,0.9825493405812769,15906,364,201
Gorilla_gorilla,Saimiri_boliviensis,same-order,5,2,2,550,513,37,3,0,16329,96.68441432720232,0.9877001050744793,0.982055063913471,0.9848694955471325,15980,292,199
Gorilla_gorilla,Saimiri_boliviensis,same-order,5,2,3,550,516,34,2,0,16329,96.68441432720232,0.9877001050744793,0.982055063913471,0.9848694955471325,15980,292,199
Gorilla_gorilla,Saimiri_boliviensis,same-order,5,2,4,550,516,34,2,0,16329,96.68441432720232,0.9877001050744793,0.982055063913471,0.9848694955471325,15980,292,199
Gorilla_gorilla,Saimiri_boliviensis,same-order,6,0,1,659,173,486,17,10,16312,96.00750105861714,0.9863890615288999,0.9765567314792025,0.9814482715973037,15871,381,219
Gorilla_gorilla,Saimiri_boliviensis,same-order,6,0,2,659,622,37,3,0,16322,96.4367816091954,0.9871199455074617,0.9802004550205989,0.983648031593237,15941,322,208
Gorilla_gorilla,Saimiri_boliviensis,same-order,6,0,3,659,623,36,2,0,16323,96.46098003629764,0.987184249628529,0.9803861288735858,0.9837734452122409,15945,319,207
Gorilla_gorilla,Saimiri_boliviensis,same-order,6,0,4,659,623,36,2,0,16323,96.46098003629764,0.987184249628529,0.9803861288735858,0.9837734452122409,15945,319,207
Gorilla_gorilla,Saimiri_boliviensis,same-order,6,1,1,659,187,472,14,8,16330,94.82435455589818,0.9868487289202115,0.9643955233058664,0.9754929402251664,15683,579,209
Gorilla_gorilla,Saimiri_boliviensis,same-order,6,1,2,659,586,73,2,1,16454,98.15902622176468,0.9963732480944185,0.9876310017060688,0.991982864137087,16209,203,59
Gorilla_gorilla,Saimiri_boliviensis,same-order,6,1,3,659,644,15,1,0,16454,98.26197541331072,0.9963770340804421,0.9886668291494028,0.9925069578248769,16226,186,59
Gorilla_gorilla,Saimiri_boliviensis,same-order,6,1,4,659,644,15,1,0,16454,98.26197541331072,0.9963770340804421,0.9886668291494028,0.9925069578248769,16226,186,59
Gorilla_gorilla,Saimiri_boliviensis,same-order,6,2,1,659,177,482,15,9,16330,94.8987609549713,0.9864915807991957,0.9658587598425197,0.9760661444734552,15701,555,215
Gorilla_gorilla,Saimiri_boliviensis,same-order,6,2,2,659,578,81,2,1,16456,98.07529354799661,0.9959434542102028,0.9877476379152698,0.9918286151491966,16204,201,66
Gorilla_gorilla,Saimiri_boliviensis,same-order,6,2,3,659,641,18,2,0,16456,98.07529354799661,0.9959434542102028,0.9877476379152698,0.9918286151491966,16204,201,66
Gorilla_gorilla,Saimiri_boliviensis,same-order,6,2,4,659,641,18,2,0,16456,98.07529354799661,0.9959434542102028,0.9877476379152698,0.9918286151491966,16204,201,66
Gorilla_gorilla,Saimiri_boliviensis,same-order,7,0,1,769,225,544,14,7,16327,95.16207063376875,0.9868924427720288,0.9676546550239823,0.9771788741577918,15736,526,209
Gorilla_gorilla,Saimiri_boliviensis,same-order,7,0,2,769,683,86,1,1,16452,98.29820736434108,0.9963169848382543,0.9890317469989641,0.9926609993272583,16231,180,60
Gorilla_gorilla,Saimiri_boliviensis,same-order,7,0,3,769,749,20,1,0,16452,98.29820736434108,0.9963169848382543,0.9890317469989641,0.9926609993272583,16231,180,60
Gorilla_gorilla,Saimiri_boliviensis,same-order,7,0,4,769,749,20,1,0,16452,98.29820736434108,0.9963169848382543,0.9890317469989641,0.9926609993272583,16231,180,60
Gorilla_gorilla,Saimiri_boliviensis,same-order,7,1,1,769,235,534,14,6,16325,95.14304723885562,0.9869494290375204,0.9672262190247801,0.9769882922890593,15730,533,208
Gorilla_gorilla,Saimiri_boliviensis,same-order,7,1,2,769,681,88,1,1,16452,98.41317909272607,0.9963821437331372,0.9900682427492079,0.9932151589242054,16249,163,59
Gorilla_gorilla,Saimiri_boliviensis,same-order,7,1,3,769,756,13,1,0,16452,98.41317909272607,0.9963821437331372,0.9900682427492079,0.9932151589242054,16249,163,59
Gorilla_gorilla,Saimiri_boliviensis,same-order,7,1,4,769,756,13,1,0,16452,98.41317909272607,0.9963821437331372,0.9900682427492079,0.9932151589242054,16249,163,59
Gorilla_gorilla,Saimiri_boliviensis,same-order,7,2,1,769,242,527,15,10,16335,96.90110156155428,0.9884546520960672,0.9831736674035864,0.9858070872202211,16010,274,187
Gorilla_gorilla,Saimiri_boliviensis,same-order,7,2,2,769,750,19,1,1,16330,97.30580613912939,0.9884986776554524,0.9869810857283223,0.9877392987739299,16072,212,187
Gorilla_gorilla,Saimiri_boliviensis,same-order,7,2,3,769,750,19,1,1,16330,97.30580613912939,0.9884986776554524,0.9869810857283223,0.9877392987739299,16072,212,187
Gorilla_gorilla,Saimiri_boliviensis,same-order,8,0,1,879,256,623,10,7,16320,95.42238616435871,0.986434956554354,0.9708379475821336,0.9785743077734024,15780,474,217
Gorilla_gorilla,Saimiri_boliviensis,same-order,8,0,2,879,778,101,1,1,16452,98.41317909272607,0.9963821437331372,0.9900682427492079,0.9932151589242054,16249,163,59
Gorilla_gorilla,Saimiri_boliviensis,same-order,8,0,3,879,857,22,1,0,16452,98.41317909272607,0.9963821437331372,0.9900682427492079,0.9932151589242054,16249,163,59
Gorilla_gorilla,Saimiri_boliviensis,same-order,8,0,4,879,857,22,1,0,16452,98.41317909272607,0.9963821437331372,0.9900682427492079,0.9932151589242054,16249,163,59
Gorilla_gorilla,Saimiri_boliviensis,same-order,8,1,1,879,276,603,11,8,16321,95.39847623654613,0.986432412154558,0.9706533776301218,0.9784792855370876,15777,477,217
Gorilla_gorilla,Saimiri_boliviensis,same-order,8,1,2,879,795,84,1,1,16453,98.37088178294573,0.9963808121702858,0.989702656592737,0.9930305068166535,16243,169,59
Gorilla_gorilla,Saimiri_boliviensis,same-order,8,1,3,879,859,20,1,0,16453,98.37088178294573,0.9963808121702858,0.989702656592737,0.9930305068166535,16243,169,59
Gorilla_gorilla,Saimiri_boliviensis,same-order,8,1,4,879,859,20,1,0,16453,98.37088178294573,0.9963808121702858,0.989702656592737,0.9930305068166535,16243,169,59
Gorilla_gorilla,Saimiri_boliviensis,same-order,8,2,1,879,259,620,14,8,16315,95.17416545718433,0.9861520145372517,0.9684923076923077,0.9772423856686019,15738,512,221
Gorilla_gorilla,Saimiri_boliviensis,same-order,8,2,2,879,793,86,2,0,16325,95.62745690958573,0.9868930220946199,0.9723879220220158,0.9795867794195088,15812,449,210
Gorilla_gorilla,Saimiri_boliviensis,same-order,8,2,3,879,802,77,1,1,16453,98.37088178294573,0.9963808121702858,0.989702656592737,0.9930305068166535,16243,169,59
Gorilla_gorilla,Saimiri_boliviensis,same-order,8,2,4,879,857,22,1,0,16453,98.37088178294573,0.9963808121702858,0.989702656592737,0.9930305068166535,16243,169,59
Gorilla_gorilla,Saimiri_boliviensis,same-order,8,2,5,879,857,22,1,0,16453,98.37088178294573,0.9963808121702858,0.989702656592737,0.9930305068166535,16243,169,59
Gorilla_gorilla,Saimiri_sciureus,same-order,1,0,1,110,32,78,39,6,16371,80.5542226487524,0.9780787997960818,0.8303963395783095,0.8982075976457999,13430,2743,301
Gorilla_gorilla,Saimiri_sciureus,same-order,1,0,2,110,67,43,36,0,16371,81.13864059031735,0.9784417275555234,0.8361152324431256,0.9016967232241073,13525,2651,298
Gorilla_gorilla,Saimiri_sciureus,same-order,1,0,3,110,67,43,36,0,16371,81.13864059031735,0.9784417275555234,0.8361152324431256,0.9016967232241073,13525,2651,298
Gorilla_gorilla,Saimiri_sciureus,same-order,1,1,1,110,31,79,46,6,16374,79.03448275862068,0.9776706231454005,0.814876646262289,0.8888813947998516,13179,2994,301
Gorilla_gorilla,Saimiri_sciureus,same-order,1,1,2,110,54,56,45,0,16374,79.37031484257871,0.9777630023640662,0.8183392073208434,0.890975798579555,13235,2938,301
Gorilla_gorilla,Saimiri_sciureus,same-order,1,1,3,110,54,56,45,0,16374,79.37031484257871,0.9777630023640662,0.8183392073208434,0.890975798579555,13235,2938,301
Gorilla_gorilla,Saimiri_sciureus,same-order,1,2,1,110,30,80,41,6,16359,80.36850318089066,0.9778735212501826,0.828087316801682,0.8967687929013896,13391,2780,303
Gorilla_gorilla,Saimiri_sciureus,same-order,1,2,2,110,61,49,34,3,16362,80.74060737006361,0.9781865774740057,0.8317670335105726,0.8990543656230161,13453,2721,300
Gorilla_gorilla,Saimiri_sciureus,same-order,1,2,3,110,62,48,34,3,16362,80.81862921618053,0.9782071771030074,0.8325707926301471,0.8995323981295925,13466,2708,300
Gorilla_gorilla,Saimiri_sciureus,same-order,1,2,4,110,62,48,34,3,16362,80.81862921618053,0.9782071771030074,0.8325707926301471,0.8995323981295925,13466,2708,300
Gorilla_gorilla,Saimiri_sciureus,same-order,2,0,1,220,75,145,37,13,16328,87.94650924643094,0.9816445908693606,0.9011789395716314,0.9396923472999935,14600,1601,273
Gorilla_gorilla,Saimiri_sciureus,same-order,2,0,2,220,179,41,27,0,16338,89.0857590550232,0.983041830152291,0.91140020963068,0.9458663936524188,14782,1437,255
Gorilla_gorilla,Saimiri_sciureus,same-order,2,0,3,220,181,39,25,0,16335,89.26461723930079,0.983072225172597,0.9130649238547383,0.9467762043282294,14809,1410,255
Gorilla_gorilla,Saimiri_sciureus,same-order,2,0,4,220,181,39,25,0,16335,89.26461723930079,0.983072225172597,0.9130649238547383,0.9467762043282294,14809,1410,255
Gorilla_gorilla,Saimiri_sciureus,same-order,2,1,1,220,56,164,46,10,16365,83.6908839613004,0.9805674857424488,0.8597975058649215,0.9162198611887767,13927,2271,276
Gorilla_gorilla,Saimiri_sciureus,same-order,2,1,2,220,136,84,41,1,16362,84.55431252255504,0.9815668202764977,0.867242442936459,0.9208699069828377,14058,2152,264
Gorilla_gorilla,Saimiri_sciureus,same-order,2,1,3,220,141,79,38,1,16358,84.98375646733246,0.9816539263377345,0.8714373843306601,0.9232679738562091,14126,2084,264
Gorilla_gorilla,Saimiri_sciureus,same-order,2,1,4,220,141,79,38,1,16358,84.98375646733246,0.9816539263377345,0.8714373843306601,0.9232679738562091,14126,2084,264
Gorilla_gorilla,Saimiri_sciureus,same-order,2,2,1,220,75,145,43,11,16330,85.32971996386631,0.9809609526446967,0.87468362244583,0.9247789054596482,14169,2030,275
Gorilla_gorilla,Saimiri_sciureus,same-order,2,2,2,220,160,60,33,0,16327,85.80206011686043,0.9811268769803003,0.8792592592592593,0.9274041278729084,14244,1956,274
Gorilla_gorilla,Saimiri_sciureus,same-order,2,2,3,220,160,60,33,0,16327,85.80206011686043,0.9811268769803003,0.8792592592592593,0.9274041278729084,14244,1956,274
Gorilla_gorilla,Saimiri_sciureus,same-order,3,0,1,330,91,239,30,16,16341,90.08737571557698,0.9832938700342015,0.9217016029593095,0.9515020366598778,14950,1270,254
Gorilla_gorilla,Saimiri_sciureus,same-order,3,0,2,330,259,71,16,1,16350,90.55284258756858,0.9844661466867667,0.925047730492086,0.9538324760271798,15020,1217,237
Gorilla_gorilla,Saimiri_sciureus,same-order,3,0,3,330,260,70,15,1,16350,90.59504431181045,0.9844732704402516,0.9254788446141529,0.9540649503190376,15027,1210,237
Gorilla_gorilla,Saimiri_sciureus,same-order,3,0,4,330,260,70,15,1,16350,90.59504431181045,0.9844732704402516,0.9254788446141529,0.9540649503190376,15027,1210,237
Gorilla_gorilla,Saimiri_sciureus,same-order,3,1,1,330,89,241,33,14,16363,90.25610123531185,0.9847468770545693,0.9221770717891885,0.9524354572046293,14978,1264,232
Gorilla_gorilla,Saimiri_sciureus,same-order,3,1,2,330,266,64,20,1,16358,90.48221820373719,0.984779898970019,0.924208841275705,0.9535334286168016,15011,1231,232
Gorilla_gorilla,Saimiri_sciureus,same-order,3,1,3,330,266,64,20,1,16358,90.48221820373719,0.984779898970019,0.924208841275705,0.9535334286168016,15011,1231,232
Gorilla_gorilla,Saimiri_sciureus,same-order,3,2,1,330,95,235,26,13,16375,92.33827249728948,0.9854084977823487,0.943558810857389,0.9640296818010312,15330,917,227
Gorilla_gorilla,Saimiri_sciureus,same-order,3,2,2,330,295,35,10,1,16372,93.01344264271505,0.9861315268102512,0.9491296057083103,0.9672768304914744,15430,827,217
Gorilla_gorilla,Saimiri_sciureus,same-order,3,2,3,330,300,30,8,1,16368,93.28308712692191,0.98616777154513,0.9516515962354678,0.9686022851776491,15471,786,217
Gorilla_gorilla,Saimiri_sciureus,same-order,3,2,4,330,300,30,8,1,16368,93.28308712692191,0.98616777154513,0.9516515962354678,0.9686022851776491,15471,786,217
Gorilla_gorilla,Saimiri_sciureus,same-order,4,0,1,440,136,304,25,12,16335,93.76018345302033,0.9850377226906739,0.9568296588249784,0.970728811970885,15537,701,236
Gorilla_gorilla,Saimiri_sciureus,same-order,4,0,2,440,397,43,10,0,16345,94.81374147195557,0.9863082527320688,0.9660433070866141,0.9760706072471874,15704,552,218
Gorilla_gorilla,Saimiri_sciureus,same-order,4,0,3,440,401,39,7,0,16345,94.86807945420516,0.9863159876969431,0.9665969488188977,0.9763569142821636,15713,543,218
Gorilla_gorilla,Saimiri_sciureus,same-order,4,0,4,440,401,39,7,0,16345,94.86807945420516,0.9863159876969431,0.9665969488188977,0.9763569142821636,15713,543,218
Gorilla_gorilla,Saimiri_sciureus,same-order,4,1,1,440,111,329,16,11,16327,94.0206559159268,0.9854402734696461,0.9583230731346959,0.9716925189600825,15567,677,230
Gorilla_gorilla,Saimiri_sciureus,same-order,4,1,2,440,377,63,1,1,16451,97.22373434948285,0.994924486258975,0.9806002928257687,0.9877104583999017,16074,318,82
Gorilla_gorilla,Saimiri_sciureus,same-order,4,1,3,440,427,13,1,0,16451,97.22373434948285,0.994924486258975,0.9806002928257687,0.9877104583999017,16074,318,82
Gorilla_gorilla,Saimiri_sciureus,same-order,4,1,4,440,427,13,1,0,16451,97.22373434948285,0.994924486258975,0.9806002928257687,0.9877104583999017,16074,318,82
Gorilla_gorilla,Saimiri_sciureus,same-order,4,2,1,440,141,299,24,14,16364,91.82579362688995,0.9846909114398295,0.9388433823982263,0.9612207579292514,15244,993,237
Gorilla_gorilla,Saimiri_sciureus,same-order,4,2,2,440,362,78,9,0,16359,92.31093702922567,0.9848280295724847,0.9434043601428748,0.9636712483880099,15319,919,236
Gorilla_gorilla,Saimiri_sciureus,same-order,4,2,3,440,368,72,9,0,16359,92.47920935277811,0.984917527758167,0.9450089291212513,0.9645505971087366,15346,893,235
Gorilla_gorilla,Saimiri_sciureus,same-order,4,2,4,440,374,66,9,1,16485,94.94961684667834,0.9944388270980788,0.9603319907237886,0.97708786091276,15736,650,88
Gorilla_gorilla,Saimiri_sciureus,same-order,4,2,5,440,405,35,9,0,16485,94.94961684667834,0.9944388270980788,0.9603319907237886,0.97708786091276,15736,650,88
Gorilla_gorilla,Saimiri_sciureus,same-order,4,2,6,440,405,35,9,0,16485,94.94961684667834,0.9944388270980788,0.9603319907237886,0.97708786091276,15736,650,88
Gorilla_gorilla,Saimiri_sciureus,same-order,5,0,1,550,158,392,14,8,16345,94.69427174503531,0.986046511627907,0.965296578882599,0.9755612213170823,15688,564,222
Gorilla_gorilla,Saimiri_sciureus,same-order,5,0,2,550,485,65,1,0,16340,95.48804058951437,0.9865210608424337,0.9723828269159798,0.9794009230864542,15809,449,216
Gorilla_gorilla,Saimiri_sciureus,same-order,5,0,3,550,487,63,1,1,16466,98.14322003145034,0.9958269407793802,0.9890893575521151,0.9924467141677625,16227,179,68
Gorilla_gorilla,Saimiri_sciureus,same-order,5,0,4,550,529,21,1,0,16466,98.14322003145034,0.9958269407793802,0.9890893575521151,0.9924467141677625,16227,179,68
Gorilla_gorilla,Saimiri_sciureus,same-order,5,0,5,550,529,21,1,0,16466,98.14322003145034,0.9958269407793802,0.9890893575521151,0.9924467141677625,16227,179,68
Gorilla_gorilla,Saimiri_sciureus,same-order,5,1,1,550,174,376,17,10,16335,94.74383760270662,0.9863513428517516,0.9646306206557176,0.9753700709043414,15682,575,217
Gorilla_gorilla,Saimiri_sciureus,same-order,5,1,2,550,471,79,3,0,16330,94.9655505862444,0.9864398267311193,0.9664780415795301,0.9763569142821636,15713,545,216
Gorilla_gorilla,Saimiri_sciureus,same-order,5,1,3,550,471,79,3,0,16330,94.9655505862444,0.9864398267311193,0.9664780415795301,0.9763569142821636,15713,545,216
Gorilla_gorilla,Saimiri_sciureus,same-order,5,2,1,550,159,391,23,12,16357,91.57323688969258,0.9848946515397082,0.9354103811341666,0.9595149371565718,15192,1049,233
Gorilla_gorilla,Saimiri_sciureus,same-order,5,2,2,550,437,113,8,1,16485,94.76733659243165,0.9946788293424553,0.9580231848688224,0.9760069617105918,15702,688,84
Gorilla_gorilla,Saimiri_sciureus,same-order,5,2,3,550,482,68,7,0,16485,94.8820085702215,0.9946852261942424,0.959182428309945,0.9766112750427085,15721,669,84
Gorilla_gorilla,Saimiri_sciureus,same-order,5,2,4,550,482,68,7,0,16484,94.8877353935297,0.9946852261942424,0.959182428309945,0.9766112750427085,15721,669,84
Gorilla_gorilla,Saimiri_sciureus,same-order,5,2,5,550,482,68,7,0,16484,94.8877353935297,0.9946852261942424,0.959182428309945,0.9766112750427085,15721,669,84
Gorilla_gorilla,Saimiri_sciureus,same-order,6,0,1,659,183,476,12,8,16333,95.14140681653372,0.9865279779434801,0.9683252352543207,0.9773418585883668,15744,515,215
Gorilla_gorilla,Saimiri_sciureus,same-order,6,0,2,659,589,70,2,1,16459,98.21482602118003,0.9959499263622975,0.9891516333495856,0.9925391389432485,16230,178,66
Gorilla_gorilla,Saimiri_sciureus,same-order,6,0,3,659,647,12,1,0,16456,98.29923738046242,0.9959526583675722,0.9898220380302292,0.9928778847623414,16241,167,66
Gorilla_gorilla,Saimiri_sciureus,same-order,6,0,4,659,647,12,1,0,16456,98.29923738046242,0.9959526583675722,0.9898220380302292,0.9928778847623414,16241,167,66
Gorilla_gorilla,Saimiri_sciureus,same-order,6,1,1,659,183,476,12,7,16322,95.15924336737777,0.9859119654373552,0.9690442488768539,0.9774053382991928,15746,503,225
Gorilla_gorilla,Saimiri_sciureus,same-order,6,1,2,659,584,75,2,1,16457,98.2690794649882,0.9959516653376679,0.9895782545099951,0.9927547308244933,16237,171,66
Gorilla_gorilla,Saimiri_sciureus,same-order,6,1,3,659,634,25,1,0,16456,98.31739498850018,0.9959534028203556,0.9900048756704046,0.9929702304541842,16244,164,66
Gorilla_gorilla,Saimiri_sciureus,same-order,6,1,4,659,634,25,1,0,16456,98.31739498850018,0.9959534028203556,0.9900048756704046,0.9929702304541842,16244,164,66
Gorilla_gorilla,Saimiri_sciureus,same-order,6,2,1,659,195,464,15,9,16321,94.82331621866506,0.9853125784584484,0.9666256157635468,0.9758796468979237,15698,542,234
Gorilla_gorilla,Saimiri_sciureus,same-order,6,2,2,659,589,70,1,1,16456,98.1902917322358,0.9959481858923199,0.988725012189176,0.9923234547512002,16223,185,66
Gorilla_gorilla,Saimiri_sciureus,same-order,6,2,3,659,644,15,1,0,16456,98.1902917322358,0.9959481858923199,0.988725012189176,0.9923234547512002,16223,185,66
Gorilla_gorilla,Saimiri_sciureus,same-order,6,2,4,659,644,15,1,0,16456,98.1902917322358,0.9959481858923199,0.988725012189176,0.9923234547512002,16223,185,66
Gorilla_gorilla,Saimiri_sciureus,same-order,7,0,1,769,233,536,14,8,16336,95.23262839879155,0.98660406885759,0.9693111931119311,0.9778811850473088,15761,499,214
Gorilla_gorilla,Saimiri_sciureus,same-order,7,0,2,769,675,94,1,1,16455,98.25071121602808,0.9959504233648301,0.9892735251097026,0.9926007460404819,16232,176,66
Gorilla_gorilla,Saimiri_sciureus,same-order,7,0,3,769,743,26,1,0,16455,98.25071121602808,0.9959504233648301,0.9892735251097026,0.9926007460404819,16232,176,66
Gorilla_gorilla,Saimiri_sciureus,same-order,7,0,4,769,743,26,1,0,16455,98.25071121602808,0.9959504233648301,0.9892735251097026,0.9926007460404819,16232,176,66
Gorilla_gorilla,Saimiri_sciureus,same-order,7,1,1,769,226,543,15,10,16322,96.55234984576302,0.986954371213058,0.981553218963291,0.9842463853007368,15963,300,211
Gorilla_gorilla,Saimiri_sciureus,same-order,7,1,2,769,725,44,2,1,16331,96.78199854827002,0.9875933584346646,0.9832237448534382,0.9854037075814498,16000,273,201
Gorilla_gorilla,Saimiri_sciureus,same-order,7,1,3,769,725,44,2,1,16331,96.78199854827002,0.9875933584346646,0.9832237448534382,0.9854037075814498,16000,273,201
Gorilla_gorilla,Saimiri_sciureus,same-order,7,2,1,769,217,552,12,10,16322,95.37048229179258,0.9860034991252187,0.9710769230769231,0.9784832888944007,15780,470,224
Gorilla_gorilla,Saimiri_sciureus,same-order,7,2,2,769,692,77,1,0,16330,95.67819148936171,0.9866608489683975,0.9734932349323493,0.9800328142896945,15829,431,214
Gorilla_gorilla,Saimiri_sciureus,same-order,7,2,3,769,697,72,1,1,16456,98.31739498850018,0.9959534028203556,0.9900048756704046,0.9929702304541842,16244,164,66
Gorilla_gorilla,Saimiri_sciureus,same-order,7,2,4,769,755,14,1,0,16456,98.31739498850018,0.9959534028203556,0.9900048756704046,0.9929702304541842,16244,164,66
Gorilla_gorilla,Saimiri_sciureus,same-order,7,2,5,769,755,14,1,0,16456,98.31739498850018,0.9959534028203556,0.9900048756704046,0.9929702304541842,16244,164,66
Gorilla_gorilla,Saimiri_sciureus,same-order,8,0,1,879,243,636,12,7,16321,95.17103831741811,0.9859128474830954,0.9691057911256077,0.9774370751994039,15747,502,225
Gorilla_gorilla,Saimiri_sciureus,same-order,8,0,2,879,787,92,1,1,16456,98.29923738046242,0.9959526583675722,0.9898220380302292,0.9928778847623414,16241,167,66
Gorilla_gorilla,Saimiri_sciureus,same-order,8,0,3,879,856,23,1,0,16456,98.29923738046242,0.9959526583675722,0.9898220380302292,0.9928778847623414,16241,167,66
Gorilla_gorilla,Saimiri_sciureus,same-order,8,0,4,879,856,23,1,0,16456,98.29923738046242,0.9959526583675722,0.9898220380302292,0.9928778847623414,16241,167,66
Gorilla_gorilla,Saimiri_sciureus,same-order,8,1,1,879,269,610,10,7,16322,95.26226734348562,0.9858661663539713,0.9702117183653373,0.9779763012593834,15764,484,226
Gorilla_gorilla,Saimiri_sciureus,same-order,8,1,2,879,791,88,1,1,16456,98.31739498850018,0.9959534028203556,0.9900048756704046,0.9929702304541842,16244,164,66
Gorilla_gorilla,Saimiri_sciureus,same-order,8,1,3,879,861,18,1,0,16456,98.31739498850018,0.9959534028203556,0.9900048756704046,0.9929702304541842,16244,164,66
Gorilla_gorilla,Saimiri_sciureus,same-order,8,1,4,879,861,18,1,0,16456,98.31739498850018,0.9959534028203556,0.9900048756704046,0.9929702304541842,16244,164,66
Gorilla_gorilla,Saimiri_sciureus,same-order,8,2,1,879,232,647,12,7,16335,95.09365558912387,0.9865229110512129,0.9679562088689341,0.9771513721594436,15738,521,215
Gorilla_gorilla,Saimiri_sciureus,same-order,8,2,2,879,798,81,2,1,16454,98.26292216438688,0.9958289885297185,0.9895769840302329,0.9926931425601517,16235,171,68
Gorilla_gorilla,Saimiri_sciureus,same-order,8,2,3,879,865,14,1,0,16456,98.29923738046242,0.9959526583675722,0.9898220380302292,0.9928778847623414,16241,167,66
Gorilla_gorilla,Saimiri_sciureus,same-order,8,2,4,879,865,14,1,0,16456,98.29923738046242,0.9959526583675722,0.9898220380302292,0.9928778847623414,16241,167,66
Gorilla_gorilla,Aotus_azarai,same-order,1,0,1,111,31,80,41,7,16331,81.8655955877945,0.9750107096958447,0.842702869484727,0.9040415742610308,13656,2549,350
Gorilla_gorilla,Aotus_azarai,same-order,1,0,2,111,69,42,40,1,16332,82.1250824488817,0.975429100491418,0.8449105490438001,0.9054907275792535,13696,2514,345
Gorilla_gorilla,Aotus_azarai,same-order,1,0,3,111,69,42,40,1,16332,82.1250824488817,0.975429100491418,0.8449105490438001,0.9054907275792535,13696,2514,345
Gorilla_gorilla,Aotus_azarai,same-order,1,1,1,111,32,79,42,6,16362,80.13637179257132,0.9740458015267176,0.8271391529818496,0.8946015424164525,13398,2800,357
Gorilla_gorilla,Aotus_azarai,same-order,1,1,2,111,58,53,42,3,16362,80.44141396016508,0.974141677531508,0.8302876898382516,0.8964804692707639,13449,2749,357
Gorilla_gorilla,Aotus_azarai,same-order,1,1,3,111,58,53,42,3,16362,80.44141396016508,0.974141677531508,0.8302876898382516,0.8964804692707639,13449,2749,357
Gorilla_gorilla,Aotus_azarai,same-order,1,2,1,111,25,86,45,5,16360,79.56012431269424,0.9728149663840983,0.8225916084780325,0.8914186225600161,13312,2871,372
Gorilla_gorilla,Aotus_azarai,same-order,1,2,2,111,47,64,41,1,16360,80.01793185893604,0.9731046012938868,0.8271238801359283,0.8941954445260837,13387,2798,370
Gorilla_gorilla,Aotus_azarai,same-order,1,2,3,111,47,64,41,1,16360,80.01793185893604,0.9731046012938868,0.8271238801359283,0.8941954445260837,13387,2798,370
Gorilla_gorilla,Aotus_azarai,same-order,2,0,1,221,61,160,40,17,16364,89.33069449442246,0.9796119697467938,0.9168975069252078,0.9472178060413354,14895,1350,310
Gorilla_gorilla,Aotus_azarai,same-order,2,0,2,221,181,40,25,0,16363,89.87341772151899,0.9799829920847779,0.9219644285802203,0.9500887874175545,14981,1268,306
Gorilla_gorilla,Aotus_azarai,same-order,2,0,3,221,181,40,25,0,16363,89.87341772151899,0.9799829920847779,0.9219644285802203,0.9500887874175545,14981,1268,306
Gorilla_gorilla,Aotus_azarai,same-order,2,1,1,221,65,156,36,15,16377,88.97279156178833,0.9796106895414055,0.9138249415240675,0.9455749816884813,14846,1400,309
Gorilla_gorilla,Aotus_azarai,same-order,2,1,2,221,178,43,18,0,16373,89.82075415142977,0.9798574324766203,0.9222010217270881,0.9501553681273385,14983,1264,308
Gorilla_gorilla,Aotus_azarai,same-order,2,1,3,221,184,37,15,0,16373,90.26203753672723,0.9802044670182979,0.926281459602486,0.952480384712731,15053,1198,304
Gorilla_gorilla,Aotus_azarai,same-order,2,1,4,221,184,37,15,0,16373,90.26203753672723,0.9802044670182979,0.926281459602486,0.952480384712731,15053,1198,304
Gorilla_gorilla,Aotus_azarai,same-order,2,2,1,221,69,152,44,15,16358,88.30157017859283,0.9782233435134776,0.907992851420472,0.941800632810253,14734,1493,328
Gorilla_gorilla,Aotus_azarai,same-order,2,2,2,221,170,51,27,3,16363,89.14593946658675,0.9788102132140036,0.9162816484938089,0.9465143657131948,14874,1359,322
Gorilla_gorilla,Aotus_azarai,same-order,2,2,3,221,173,48,25,3,16363,89.31974827689541,0.9788505747126437,0.9180681328158689,0.947485536270583,14903,1330,322
Gorilla_gorilla,Aotus_azarai,same-order,2,2,4,221,173,48,25,3,16363,89.31974827689541,0.9788505747126437,0.9180681328158689,0.947485536270583,14903,1330,322
Gorilla_gorilla,Aotus_azarai,same-order,3,0,1,332,104,228,29,11,16347,93.3734215273602,0.9821010688760989,0.9542772861356932,0.9679892778106786,15528,744,283
Gorilla_gorilla,Aotus_azarai,same-order,3,0,2,332,309,23,6,0,16346,94.07625691604522,0.9822919937205652,0.9612855650463958,0.9716752593328779,15643,630,282
Gorilla_gorilla,Aotus_azarai,same-order,3,0,3,332,311,21,5,0,16347,94.2492781520693,0.9826277830040765,0.9625261088585821,0.9724730782360426,15668,610,277
Gorilla_gorilla,Aotus_azarai,same-order,3,0,4,332,311,21,5,0,16347,94.2492781520693,0.9826277830040765,0.9625261088585821,0.9724730782360426,15668,610,277
Gorilla_gorilla,Aotus_azarai,same-order,3,1,1,332,87,245,23,14,16346,94.11835458263171,0.9822997740396686,0.9617157254347692,0.9718987734823785,15650,623,282
Gorilla_gorilla,Aotus_azarai,same-order,3,1,2,332,304,28,8,0,16344,94.86253985441857,0.9826146560319042,0.9688498402555911,0.9756837025120654,15769,507,279
Gorilla_gorilla,Aotus_azarai,same-order,3,1,3,332,311,21,5,0,16344,94.988870841605,0.9826373763146431,0.9701400835586139,0.9763487401453085,15790,486,279
Gorilla_gorilla,Aotus_azarai,same-order,3,1,4,332,311,21,5,0,16344,94.988870841605,0.9826373763146431,0.9701400835586139,0.9763487401453085,15790,486,279
Gorilla_gorilla,Aotus_azarai,same-order,3,2,1,332,94,238,28,13,16343,92.40064931160946,0.9814802988696596,0.9449123885644021,0.9628492670091467,15369,896,290
Gorilla_gorilla,Aotus_azarai,same-order,3,2,2,332,292,40,14,0,16340,93.2291040288635,0.9816385969355451,0.9532124193052567,0.9672166942200319,15504,761,290
Gorilla_gorilla,Aotus_azarai,same-order,3,2,3,332,294,38,12,0,16337,93.32370985203897,0.9817146472635242,0.9538915529324973,0.9676031305540831,15516,750,289
Gorilla_gorilla,Aotus_azarai,same-order,3,2,4,332,294,38,12,0,16337,93.32370985203897,0.9817146472635242,0.9538915529324973,0.9676031305540831,15516,750,289
Gorilla_gorilla,Aotus_azarai,same-order,4,0,1,442,135,307,29,10,16338,93.00312575138254,0.9811033608116677,0.9517131081995448,0.9661847815905331,15472,785,298
Gorilla_gorilla,Aotus_azarai,same-order,4,0,2,442,399,43,11,0,16334,93.7225662918646,0.9813019390581718,0.9587280108254398,0.9698836413415469,15587,671,297
Gorilla_gorilla,Aotus_azarai,same-order,4,0,3,442,401,41,10,0,16338,93.83042693926639,0.9816305988928032,0.9594785709893624,0.9704281849559999,15604,659,292
Gorilla_gorilla,Aotus_azarai,same-order,4,0,4,442,401,41,10,0,16338,93.83042693926639,0.9816305988928032,0.9594785709893624,0.9704281849559999,15604,659,292
Gorilla_gorilla,Aotus_azarai,same-order,4,1,1,442,137,305,22,13,16335,94.61459774956376,0.9822588705647176,0.9663819064593449,0.9742557080454785,15724,547,284
Gorilla_gorilla,Aotus_azarai,same-order,4,1,2,442,408,34,5,0,16337,95.01655130905807,0.9826953003423592,0.9698961725133625,0.976253787644549,15787,490,278
Gorilla_gorilla,Aotus_azarai,same-order,4,1,3,442,409,33,4,0,16337,95.0827565452904,0.9827071410798706,0.9705719727222462,0.9766018607238895,15798,479,278
Gorilla_gorilla,Aotus_azarai,same-order,4,1,4,442,409,33,4,0,16337,95.0827565452904,0.9827071410798706,0.9705719727222462,0.9766018607238895,15798,479,278
Gorilla_gorilla,Aotus_azarai,same-order,4,2,1,442,146,296,26,15,16371,93.47029494803868,0.9825713564031321,0.9558326678542908,0.9690175930250661,15560,719,276
Gorilla_gorilla,Aotus_azarai,same-order,4,2,2,442,400,42,6,0,16370,94.18409036289354,0.9828213166144201,0.9628401203857256,0.9727281188917501,15676,605,274
Gorilla_gorilla,Aotus_azarai,same-order,4,2,3,442,400,42,6,0,16370,94.18409036289354,0.9828213166144201,0.9628401203857256,0.9727281188917501,15676,605,274
Gorilla_gorilla,Aotus_azarai,same-order,5,0,1,552,162,390,20,11,16370,94.60563464888568,0.9827155871708474,0.967502150141295,0.9750495294700348,15749,529,277
Gorilla_gorilla,Aotus_azarai,same-order,5,0,2,552,488,64,4,0,16369,95.07241151373114,0.9830982414714472,0.9716268500890499,0.9773288855942672,15821,462,272
Gorilla_gorilla,Aotus_azarai,same-order,5,0,3,552,488,64,4,0,16370,95.07842076798269,0.9831603802895669,0.9716285924834193,0.9773604719399573,15822,462,271
Gorilla_gorilla,Aotus_azarai,same-order,5,0,4,552,488,64,4,0,16370,95.07842076798269,0.9831603802895669,0.9716285924834193,0.9773604719399573,15822,462,271
Gorilla_gorilla,Aotus_azarai,same-order,5,1,1,552,155,397,19,8,16367,94.57429549960945,0.9827672327672328,0.9668898580993919,0.9747638953398359,15740,539,276
Gorilla_gorilla,Aotus_azarai,same-order,5,1,2,552,515,37,3,0,16367,95.52202921199735,0.9832941467640144,0.975867362603623,0.9795666779671465,15892,393,270
Gorilla_gorilla,Aotus_azarai,same-order,5,1,3,552,516,36,2,0,16367,95.63570784490533,0.983433269456636,0.9767913059495303,0.9801010349926073,15909,378,268
Gorilla_gorilla,Aotus_azarai,same-order,5,1,4,552,516,36,2,0,16367,95.63570784490533,0.983433269456636,0.9767913059495303,0.9801010349926073,15909,378,268
Gorilla_gorilla,Aotus_azarai,same-order,5,2,1,552,173,379,23,11,16344,94.56175178968898,0.982560320040005,0.9657778323912509,0.9740967961826857,15719,557,279
Gorilla_gorilla,Aotus_azarai,same-order,5,2,2,552,494,58,4,0,16343,95.70241964608162,0.9832416053428977,0.976418570375829,0.979818209828994,15900,384,271
Gorilla_gorilla,Aotus_azarai,same-order,5,2,3,552,503,49,3,0,16342,96.03900794606308,0.9833579881656804,0.97967454712926,0.9815128118367221,15954,331,270
Gorilla_gorilla,Aotus_azarai,same-order,5,2,4,552,506,46,1,0,16342,96.13532386226824,0.9833743842364532,0.9806570463616825,0.9820138355111453,15970,315,270
Gorilla_gorilla,Aotus_azarai,same-order,5,2,5,552,506,46,1,0,16342,96.13532386226824,0.9833743842364532,0.9806570463616825,0.9820138355111453,15970,315,270
Gorilla_gorilla,Aotus_azarai,same-order,6,0,1,663,208,455,19,9,16344,95.68306339936179,0.9835984403045119,0.9755678330263966,0.9795666779671465,15892,398,265
Gorilla_gorilla,Aotus_azarai,same-order,6,0,2,663,618,45,3,0,16342,96.32038542607648,0.9838223534477456,0.9817088141419101,0.9827644474484623,15994,298,263
Gorilla_gorilla,Aotus_azarai,same-order,6,0,3,663,621,42,1,0,16341,96.43459407371718,0.9838402457757296,0.9828136508715934,0.9833266803819817,16012,280,263
Gorilla_gorilla,Aotus_azarai,same-order,6,0,4,663,621,42,1,0,16341,96.43459407371718,0.9838402457757296,0.9828136508715934,0.9833266803819817,16012,280,263
Gorilla_gorilla,Aotus_azarai,same-order,6,1,1,663,215,448,16,7,16343,95.67154295346457,0.9834158415841584,0.9757475287038743,0.9795666779671465,15892,395,268
Gorilla_gorilla,Aotus_azarai,same-order,6,1,2,663,626,37,3,0,16341,96.248795761079,0.98357125276889,0.981397347740668,0.9824830977258758,15985,303,267
Gorilla_gorilla,Aotus_azarai,same-order,6,1,3,663,627,36,2,0,16341,96.39243555769694,0.9838332923530858,0.9823839921433832,0.9831081081081082,16005,287,263
Gorilla_gorilla,Aotus_azarai,same-order,6,1,4,663,627,36,2,0,16341,96.39243555769694,0.9838332923530858,0.9823839921433832,0.9831081081081082,16005,287,263
Gorilla_gorilla,Aotus_azarai,same-order,6,2,1,663,205,458,13,6,16350,96.07536266779029,0.9837894477317555,0.9796832801374908,0.9817320703653586,15961,331,263
Gorilla_gorilla,Aotus_azarai,same-order,6,2,2,663,618,45,2,0,16348,96.41803624104509,0.9838442164752135,0.9830591701448563,0.983451536643026,16016,276,263
Gorilla_gorilla,Aotus_azarai,same-order,6,2,3,663,621,42,1,0,16345,96.49566473988439,0.9838541346921236,0.9836729683280138,0.9837635431693319,16026,266,263
Gorilla_gorilla,Aotus_azarai,same-order,6,2,4,663,621,42,1,0,16344,96.5014752815078,0.9838541346921236,0.9836729683280138,0.9837635431693319,16026,266,263
Gorilla_gorilla,Aotus_azarai,same-order,6,2,5,663,621,42,1,0,16344,96.5014752815078,0.9838541346921236,0.9836729683280138,0.9837635431693319,16026,266,263
Gorilla_gorilla,Aotus_azarai,same-order,7,0,1,773,228,545,17,11,16341,96.12165010538995,0.9837288135593221,0.9797434166103984,0.9817320703653587,15961,330,264
Gorilla_gorilla,Aotus_azarai,same-order,7,0,2,773,716,57,2,0,16341,96.45266200915442,0.9838432239832904,0.9829977903265407,0.9834203254528707,16015,277,263
Gorilla_gorilla,Aotus_azarai,same-order,7,0,3,773,719,54,1,0,16341,96.48879788002891,0.9838491771063621,0.9833660692364351,0.9836075638506877,16021,271,263
Gorilla_gorilla,Aotus_azarai,same-order,7,0,4,773,719,54,1,0,16341,96.48879788002891,0.9838491771063621,0.9833660692364351,0.9836075638506877,16021,271,263
Gorilla_gorilla,Aotus_azarai,same-order,7,1,1,773,223,550,14,7,16343,95.97735758159702,0.9837664341707302,0.9782715443162289,0.9810112947404057,15938,354,263
Gorilla_gorilla,Aotus_azarai,same-order,7,1,2,773,709,64,1,0,16341,96.47675258973742,0.9838471932195062,0.9832433095998035,0.98354515871554,16019,273,263
Gorilla_gorilla,Aotus_azarai,same-order,7,1,3,773,709,64,1,0,16341,96.47675258973742,0.9838471932195062,0.9832433095998035,0.98354515871554,16019,273,263
Gorilla_gorilla,Aotus_azarai,same-order,7,2,1,773,236,537,16,8,16344,96.09850081281233,0.9836681868605941,0.9798035604665439,0.9817320703653586,15961,329,265
Gorilla_gorilla,Aotus_azarai,same-order,7,2,2,773,720,53,1,0,16341,96.40491388654704,0.9837163573798697,0.9827501534683856,0.9832330180567499,16009,281,265
Gorilla_gorilla,Aotus_azarai,same-order,7,2,3,773,720,53,1,0,16341,96.40491388654704,0.9837163573798697,0.9827501534683856,0.9832330180567499,16009,281,265
Gorilla_gorilla,Aotus_azarai,same-order,8,0,1,883,254,629,17,6,16344,95.76388471027137,0.9830142063001853,0.9775798525798526,0.9802894979981521,15915,365,275
Gorilla_gorilla,Aotus_azarai,same-order,8,0,2,883,808,75,3,0,16342,96.18927216904461,0.983443097187173,0.9810880510868231,0.982264162542649,15978,308,269
Gorilla_gorilla,Aotus_azarai,same-order,8,0,3,883,808,75,3,0,16342,96.18927216904461,0.983443097187173,0.9810880510868231,0.982264162542649,15978,308,269
Gorilla_gorilla,Aotus_azarai,same-order,8,1,1,883,259,624,14,9,16342,96.3337547408344,0.983467518898654,0.9825617094436939,0.9830144055041926,16002,284,269
Gorilla_gorilla,Aotus_azarai,same-order,8,1,2,883,824,59,1,0,16341,96.51891110575765,0.9838541346921236,0.9836729683280138,0.9837635431693319,16026,266,263
Gorilla_gorilla,Aotus_azarai,same-order,8,1,3,883,824,59,1,0,16341,96.51891110575765,0.9838541346921236,0.9836729683280138,0.9837635431693319,16026,266,263
Gorilla_gorilla,Aotus_azarai,same-order,8,2,1,883,276,607,17,7,16341,95.96604250707448,0.9834639353365829,0.9786332657948057,0.981042654028436,15939,348,268
Gorilla_gorilla,Aotus_azarai,same-order,8,2,2,883,830,53,2,0,16341,96.51891110575765,0.9838541346921236,0.9836729683280138,0.9837635431693319,16026,266,263
Gorilla_gorilla,Aotus_azarai,same-order,8,2,3,883,832,51,1,0,16341,96.51891110575765,0.9838541346921236,0.9836729683280138,0.9837635431693319,16026,266,263
Gorilla_gorilla,Aotus_azarai,same-order,8,2,4,883,832,51,1,0,16341,96.51891110575765,0.9838541346921236,0.9836729683280138,0.9837635431693319,16026,266,263
Gorilla_gorilla,Varecia_variegata,same-order,1,0,1,114,24,90,49,4,16371,74.86195873292648,0.9391862330465218,0.7984625875643172,0.8631261517842186,12880,3251,834
Gorilla_gorilla,Varecia_variegata,same-order,1,0,2,114,47,67,45,1,16376,75.2339436210404,0.9398097727437741,0.8021814576103123,0.865558861881039,12944,3192,829
Gorilla_gorilla,Varecia_variegata,same-order,1,0,3,114,48,66,45,1,16379,75.34437663469922,0.940097178910726,0.8032096164570296,0.8662790697674418,12963,3176,826
Gorilla_gorilla,Varecia_variegata,same-order,1,0,4,114,48,66,45,1,16379,75.34437663469922,0.940097178910726,0.8032096164570296,0.8662790697674418,12963,3176,826
Gorilla_gorilla,Varecia_variegata,same-order,1,1,1,114,32,82,40,5,16363,75.39973254258969,0.9394378441031586,0.804017608035216,0.8664684461965055,12968,3161,836
Gorilla_gorilla,Varecia_variegata,same-order,1,1,2,114,60,54,41,2,16363,75.52764695621839,0.9395342109069869,0.8053816107632216,0.8673009514271407,12990,3139,836
Gorilla_gorilla,Varecia_variegata,same-order,1,1,3,114,60,54,41,2,16363,75.52764695621839,0.9395342109069869,0.8053816107632216,0.8673009514271407,12990,3139,836
Gorilla_gorilla,Varecia_variegata,same-order,1,2,1,114,18,96,49,7,16371,75.50557880055788,0.9394793926247289,0.8056175595238095,0.8674143801321851,12993,3135,837
Gorilla_gorilla,Varecia_variegata,same-order,1,2,2,114,44,70,48,2,16370,75.8065453699936,0.9399596367305751,0.8083932556409621,0.8692261547690462,13041,3091,833
Gorilla_gorilla,Varecia_variegata,same-order,1,2,3,114,44,70,48,2,16370,75.8065453699936,0.9399596367305751,0.8083932556409621,0.8692261547690462,13041,3091,833
Gorilla_gorilla,Varecia_variegata,same-order,2,0,1,227,37,190,45,15,16388,82.24603914259086,0.9476510067114094,0.8724127278344146,0.9084767572784302,14120,2065,780
Gorilla_gorilla,Varecia_variegata,same-order,2,0,2,227,148,79,37,1,16390,82.5945127279082,0.948047606311848,0.8758957252285644,0.910544567171847,14179,2009,777
Gorilla_gorilla,Varecia_variegata,same-order,2,0,3,227,153,74,35,0,16390,82.87894675521379,0.9482770112644138,0.878806597072086,0.9122210823288022,14227,1962,776
Gorilla_gorilla,Varecia_variegata,same-order,2,0,4,227,154,73,34,0,16390,82.91972503786555,0.9483011325782812,0.8792389894372722,0.9124651431135613,14234,1955,776
Gorilla_gorilla,Varecia_variegata,same-order,2,0,5,227,154,73,34,0,16390,82.91972503786555,0.9483011325782812,0.8792389894372722,0.9124651431135613,14234,1955,776
Gorilla_gorilla,Varecia_variegata,same-order,2,1,1,227,43,184,41,13,16413,84.26540836537342,0.9505191220922592,0.8922403158154454,0.9204581609926822,14465,1747,753
Gorilla_gorilla,Varecia_variegata,same-order,2,1,2,227,163,64,33,2,16409,84.71315298507463,0.9513520591894192,0.8956972013315251,0.9226861406572472,14530,1692,743
Gorilla_gorilla,Varecia_variegata,same-order,2,1,3,227,163,64,33,2,16409,84.71315298507463,0.9513520591894192,0.8956972013315251,0.9226861406572472,14530,1692,743
Gorilla_gorilla,Varecia_variegata,same-order,2,2,1,227,37,190,38,14,16411,82.95295761527713,0.9490441617265037,0.8795061728395062,0.9129529362765515,14248,1952,765
Gorilla_gorilla,Varecia_variegata,same-order,2,2,2,227,155,72,32,1,16411,83.09268747088962,0.949125490456873,0.8809876543209877,0.9137881358645197,14272,1928,765
Gorilla_gorilla,Varecia_variegata,same-order,2,2,3,227,155,72,32,1,16411,83.09268747088962,0.949125490456873,0.8809876543209877,0.9137881358645197,14272,1928,765
Gorilla_gorilla,Varecia_variegata,same-order,3,0,1,340,53,287,29,16,16379,87.70515740902985,0.9529128061936794,0.925599457560254,0.9390575654294737,15016,1207,742
Gorilla_gorilla,Varecia_variegata,same-order,3,0,2,340,263,77,11,1,16385,88.27171310087027,0.9535617389109723,0.9312342103641629,0.9422657272897312,15113,1116,736
Gorilla_gorilla,Varecia_variegata,same-order,3,0,3,340,268,72,10,1,16384,88.38200934579439,0.9536144198651288,0.9323433360034507,0.9428589232303091,15131,1098,736
Gorilla_gorilla,Varecia_variegata,same-order,3,0,4,340,268,72,10,1,16384,88.38200934579439,0.9536144198651288,0.9323433360034507,0.9428589232303091,15131,1098,736
Gorilla_gorilla,Varecia_variegata,same-order,3,1,1,340,55,285,26,14,16412,89.24530502741165,0.9542279870291843,0.9427638469595219,0.9484612762264852,15302,929,734
Gorilla_gorilla,Varecia_variegata,same-order,3,1,2,340,281,59,10,0,16422,89.47859559080835,0.9549358894559941,0.944646265624038,0.949763209211626,15342,899,724
Gorilla_gorilla,Varecia_variegata,same-order,3,1,3,340,281,59,10,0,16422,89.47859559080835,0.9549358894559941,0.944646265624038,0.949763209211626,15342,899,724
Gorilla_gorilla,Varecia_variegata,same-order,3,2,1,340,67,273,24,14,16393,89.7196261682243,0.9548082302480263,0.9459293016381328,0.9503480278422274,15360,878,727
Gorilla_gorilla,Varecia_variegata,same-order,3,2,2,340,298,42,15,0,16402,90.27639805995442,0.9560024752475248,0.950473729543497,0.95323008576541,15449,805,711
Gorilla_gorilla,Varecia_variegata,same-order,3,2,3,340,304,36,13,0,16403,90.5265618607913,0.9562909001111248,0.952820323552931,0.9545524572484979,15490,767,708
Gorilla_gorilla,Varecia_variegata,same-order,3,2,4,340,305,35,12,0,16404,90.60143783973348,0.9564975934838948,0.9533210332103321,0.9549066715948993,15501,759,705
Gorilla_gorilla,Varecia_variegata,same-order,3,2,5,340,305,35,12,0,16404,90.60143783973348,0.9564975934838948,0.9533210332103321,0.9549066715948993,15501,759,705
Gorilla_gorilla,Varecia_variegata,same-order,4,0,1,453,88,365,20,14,16375,90.58424469267209,0.9553444766545365,0.9536974324241119,0.9545202440377148,15489,752,724
Gorilla_gorilla,Varecia_variegata,same-order,4,0,2,453,399,54,9,0,16381,90.82187774202983,0.9560344827586207,0.9553873607777983,0.9557108122249238,15526,725,714
Gorilla_gorilla,Varecia_variegata,same-order,4,0,3,453,401,52,8,0,16380,90.96174096174096,0.9560966611326324,0.9568026582979509,0.9564495294334748,15549,702,714
Gorilla_gorilla,Varecia_variegata,same-order,4,0,4,453,401,52,8,0,16380,90.96174096174096,0.9560966611326324,0.9568026582979509,0.9564495294334748,15549,702,714
Gorilla_gorilla,Varecia_variegata,same-order,4,1,1,453,69,384,15,12,16386,92.5717633274751,0.9585102511221643,0.9705792027516738,0.9645069734794153,15802,479,684
Gorilla_gorilla,Varecia_variegata,same-order,4,1,2,453,403,50,5,0,16383,92.67549513652877,0.9586035517304079,0.9713794374155509,0.9649492083829048,15816,466,683
Gorilla_gorilla,Varecia_variegata,same-order,4,1,3,453,404,49,4,0,16390,92.84542364936131,0.9590823800012106,0.9727423414574252,0.9658640658335873,15845,444,676
Gorilla_gorilla,Varecia_variegata,same-order,4,1,4,453,404,49,4,0,16390,92.84542364936131,0.9590823800012106,0.9727423414574252,0.9658640658335873,15845,444,676
Gorilla_gorilla,Varecia_variegata,same-order,4,2,1,453,79,374,19,11,16377,92.27435131494173,0.9576899696048632,0.9683447046530211,0.9629878663773344,15754,515,696
Gorilla_gorilla,Varecia_variegata,same-order,4,2,2,453,409,44,5,0,16387,93.0383826545561,0.9590456055572335,0.9748265487812365,0.9668716886913099,15877,410,678
Gorilla_gorilla,Varecia_variegata,same-order,4,2,3,453,420,33,2,0,16388,93.40015239434969,0.9594773603082851,0.9780874048612817,0.968693009118541,15935,357,673
Gorilla_gorilla,Varecia_variegata,same-order,4,2,4,453,420,33,2,0,16388,93.40015239434969,0.9594773603082851,0.9780874048612817,0.968693009118541,15935,357,673
Gorilla_gorilla,Varecia_variegata,same-order,5,0,1,566,108,458,16,13,16388,90.53216374269006,0.9560303834990428,0.9525010767242971,0.954262466868027,15481,772,712
Gorilla_gorilla,Varecia_variegata,same-order,5,0,2,566,463,103,8,0,16389,90.61128985083357,0.956408989874043,0.9527031182729565,0.9545524572484979,15490,769,706
Gorilla_gorilla,Varecia_variegata,same-order,5,0,3,566,463,103,8,0,16389,90.61128985083357,0.956408989874043,0.9527031182729565,0.9545524572484979,15490,769,706
Gorilla_gorilla,Varecia_variegata,same-order,5,1,1,566,87,479,14,11,16401,93.8525550867323,0.9602470320182276,0.9823947981842719,0.9711946634323833,16015,287,663
Gorilla_gorilla,Varecia_variegata,same-order,5,1,2,566,525,41,2,0,16393,94.07694112127609,0.9605412849529968,0.9838096406230835,0.9720362347380859,16042,264,659
Gorilla_gorilla,Varecia_variegata,same-order,5,1,3,566,525,41,2,0,16393,94.07694112127609,0.9605412849529968,0.9838096406230835,0.9720362347380859,16042,264,659
Gorilla_gorilla,Varecia_variegata,same-order,5,2,1,566,118,448,14,10,16394,90.4121601870798,0.9560459940652819,0.9514581026208934,0.9537465309898242,15465,789,711
Gorilla_gorilla,Varecia_variegata,same-order,5,2,2,566,484,82,9,0,16393,90.42329279700655,0.9560487111330902,0.9515196259382306,0.953778791896642,15466,788,711
Gorilla_gorilla,Varecia_variegata,same-order,5,2,3,566,484,82,9,0,16393,90.42329279700655,0.9560487111330902,0.9515196259382306,0.953778791896642,15466,788,711
Gorilla_gorilla,Varecia_variegata,same-order,6,0,1,679,122,557,12,9,16383,93.47443714821763,0.9594968704862783,0.9785784434078075,0.9689437218913335,15943,349,673
Gorilla_gorilla,Varecia_variegata,same-order,6,0,2,679,625,54,2,0,16392,93.79654060392846,0.960204081632653,0.9812906391853761,0.9706328499484255,15997,305,663
Gorilla_gorilla,Varecia_variegata,same-order,6,0,3,679,626,53,1,0,16391,93.85481411985458,0.9602255684204212,0.981842718684824,0.970913833368718,16006,296,663
Gorilla_gorilla,Varecia_variegata,same-order,6,0,4,679,626,53,1,0,16391,93.85481411985458,0.9602255684204212,0.981842718684824,0.970913833368718,16006,296,663
Gorilla_gorilla,Varecia_variegata,same-order,6,1,1,679,121,558,11,8,16389,93.32864345175284,0.9596720718548436,0.976926853215513,0.9682225938877909,15920,376,669
Gorilla_gorilla,Varecia_variegata,same-order,6,1,2,679,623,56,2,0,16394,93.67890231030843,0.9603270016830969,0.9798221404477154,0.9699766248747762,15976,329,660
Gorilla_gorilla,Varecia_variegata,same-order,6,1,3,679,625,54,1,0,16394,93.77235677006978,0.9604204204204204,0.9806819575616338,0.9704454424080593,15991,315,659
Gorilla_gorilla,Varecia_variegata,same-order,6,1,4,679,625,54,1,0,16394,93.77235677006978,0.9604204204204204,0.9806819575616338,0.9704454424080593,15991,315,659
Gorilla_gorilla,Varecia_variegata,same-order,6,2,1,679,138,541,12,10,16394,93.76062862839383,0.9604156655454109,0.9805593033239298,0.9703829580627542,15989,317,659
Gorilla_gorilla,Varecia_variegata,same-order,6,2,2,679,616,63,3,0,16394,93.7664926992318,0.9604180431257132,0.9806206304427818,0.9704142011834319,15990,316,659
Gorilla_gorilla,Varecia_variegata,same-order,6,2,3,679,616,63,3,0,16394,93.7664926992318,0.9604180431257132,0.9806206304427818,0.9704142011834319,15990,316,659
Gorilla_gorilla,Varecia_variegata,same-order,7,0,1,792,139,653,8,5,16383,93.44156605321767,0.9591505234027193,0.978938965983053,0.9689437218913335,15943,343,679
Gorilla_gorilla,Varecia_variegata,same-order,7,0,2,792,729,63,3,0,16391,93.83830685349123,0.960052783109405,0.9820234370206761,0.9709138333687181,16006,293,666
Gorilla_gorilla,Varecia_variegata,same-order,7,0,3,792,736,56,1,0,16393,94.06521229181328,0.9605365590753937,0.9836869863853797,0.9719739433419179,16040,266,659
Gorilla_gorilla,Varecia_variegata,same-order,7,0,4,792,736,56,1,0,16393,94.06521229181328,0.9605365590753937,0.9836869863853797,0.9719739433419179,16040,266,659
Gorilla_gorilla,Varecia_variegata,same-order,7,1,1,792,144,648,9,6,16389,93.45252051582649,0.9596123751053328,0.9784583282189763,0.9689437218913334,15943,351,671
Gorilla_gorilla,Varecia_variegata,same-order,7,1,2,792,725,67,3,0,16395,93.66791744840525,0.9602692793171846,0.9798822374877331,0.9699766248747761,15976,328,661
Gorilla_gorilla,Varecia_variegata,same-order,7,1,3,792,728,64,2,0,16394,93.75549692172383,0.960302684523452,0.9807409224730128,0.970414201183432,15990,314,661
Gorilla_gorilla,Varecia_variegata,same-order,7,1,4,792,728,64,2,0,16394,93.75549692172383,0.960302684523452,0.9807409224730128,0.970414201183432,15990,314,661
Gorilla_gorilla,Varecia_variegata,same-order,7,2,1,792,176,616,11,7,16416,92.93532338308458,0.9595697105215447,0.9743495336278841,0.9669031452668757,15878,418,669
Gorilla_gorilla,Varecia_variegata,same-order,7,2,2,792,721,71,2,0,16418,93.31342584460448,0.9601759248102181,0.9774901864573111,0.9687556987417179,15937,367,661
Gorilla_gorilla,Varecia_variegata,same-order,7,2,3,792,721,71,2,0,16418,93.31342584460448,0.9601759248102181,0.9774901864573111,0.9687556987417179,15937,367,661
Gorilla_gorilla,Varecia_variegata,same-order,8,0,1,905,155,750,7,6,16392,93.84344766930519,0.9602231821454283,0.9817813765182186,0.9708826205641492,16005,297,663
Gorilla_gorilla,Varecia_variegata,same-order,8,0,2,905,825,80,2,0,16394,93.99519146191285,0.9605105465004794,0.9830123880780081,0.9716312056737588,16029,277,659
Gorilla_gorilla,Varecia_variegata,same-order,8,0,3,905,828,77,1,0,16393,94.06521229181328,0.9605365590753937,0.9836869863853797,0.9719739433419179,16040,266,659
Gorilla_gorilla,Varecia_variegata,same-order,8,0,4,905,828,77,1,0,16393,94.06521229181328,0.9605365590753937,0.9836869863853797,0.9719739433419179,16040,266,659
Gorilla_gorilla,Varecia_variegata,same-order,8,1,1,905,167,738,7,6,16386,93.421669793621,0.9596482775234884,0.9778459650199448,0.9686616614486763,15934,361,670
Gorilla_gorilla,Varecia_variegata,same-order,8,1,2,905,816,89,2,0,16394,93.48578129580768,0.9601927130382415,0.9779195289499509,0.9689750524172719,15944,360,661
Gorilla_gorilla,Varecia_variegata,same-order,8,1,3,905,816,89,2,0,16394,93.48578129580768,0.9601927130382415,0.9779195289499509,0.9689750524172719,15944,360,661
Gorilla_gorilla,Varecia_variegata,same-order,8,2,1,905,180,725,7,6,16390,94.03693931398416,0.960186792791714,0.9839263803680982,0.971911644395964,16038,262,665
Gorilla_gorilla,Varecia_variegata,same-order,8,2,2,905,818,87,1,0,16393,94.09453436547032,0.9605483716475096,0.9839936219796394,0.972129657679491,16045,261,659
Gorilla_gorilla,Varecia_variegata,same-order,8,2,3,905,818,87,1,0,16393,94.09453436547032,0.9605483716475096,0.9839936219796394,0.972129657679491,16045,261,659
Saimiri_boliviensis,Homo_sapiens,same-order,1,0,1,111,39,72,49,7,16478,77.47585243803096,0.9495115167938387,0.8394804867284534,0.8911123008968009,13315,2546,708
Saimiri_boliviensis,Homo_sapiens,same-order,1,0,2,111,70,41,43,1,16477,78.06226360197847,0.9498690080011329,0.8457852594413972,0.8948105656350053,13415,2446,708
Saimiri_boliviensis,Homo_sapiens,same-order,1,0,3,111,70,41,43,1,16477,78.06808263020076,0.9498725573491928,0.8458483071685265,0.8948474237118559,13416,2445,708
Saimiri_boliviensis,Homo_sapiens,same-order,1,0,4,111,70,41,43,1,16477,78.06808263020076,0.9498725573491928,0.8458483071685265,0.8948474237118559,13416,2445,708
Saimiri_boliviensis,Homo_sapiens,same-order,1,1,1,111,34,77,41,2,16468,75.74576961097866,0.9470010905125409,0.8223484848484849,0.8802838317283326,13026,2814,729
Saimiri_boliviensis,Homo_sapiens,same-order,1,1,2,111,56,55,40,1,16471,76.37822749476622,0.947687423335017,0.828957334006564,0.8843551156448843,13134,2710,725
Saimiri_boliviensis,Homo_sapiens,same-order,1,1,3,111,56,55,40,1,16471,76.37822749476622,0.947687423335017,0.828957334006564,0.8843551156448843,13134,2710,725
Saimiri_boliviensis,Homo_sapiens,same-order,1,2,1,111,35,76,42,7,16479,77.65301373050966,0.9495589072282299,0.8415510718789407,0.8922984356197353,13347,2513,709
Saimiri_boliviensis,Homo_sapiens,same-order,1,2,2,111,68,43,40,1,16483,78.1657355679702,0.9503997735795655,0.8464834887824553,0.8954368187727075,13432,2436,701
Saimiri_boliviensis,Homo_sapiens,same-order,1,2,3,111,69,42,40,1,16483,78.1657355679702,0.9503997735795655,0.8464834887824553,0.8954368187727075,13432,2436,701
Saimiri_boliviensis,Homo_sapiens,same-order,1,2,4,111,69,42,40,1,16483,78.1657355679702,0.9503997735795655,0.8464834887824553,0.8954368187727075,13432,2436,701
Saimiri_boliviensis,Homo_sapiens,same-order,2,0,1,221,67,154,40,13,16504,84.10773625604851,0.9569514460068984,0.9062185929648241,0.9308943089430894,14427,1493,649
Saimiri_boliviensis,Homo_sapiens,same-order,2,0,2,221,180,41,22,1,16508,84.9737609329446,0.9578047978968124,0.9149871287750361,0.9359064928392524,14573,1354,642
Saimiri_boliviensis,Homo_sapiens,same-order,2,0,3,221,180,41,22,1,16508,84.9737609329446,0.9578047978968124,0.9149871287750361,0.9359064928392524,14573,1354,642
Saimiri_boliviensis,Homo_sapiens,same-order,2,1,1,221,61,160,36,8,16491,83.0048973880597,0.9556316284064975,0.8949585114407845,0.9243004609491656,14237,1671,661
Saimiri_boliviensis,Homo_sapiens,same-order,2,1,2,221,167,54,25,1,16498,84.37937470835277,0.9572525145579672,0.908497142498273,0.9322377960367327,14466,1457,646
Saimiri_boliviensis,Homo_sapiens,same-order,2,1,3,221,173,48,23,1,16507,84.71096074199382,0.958041958041958,0.9114416619594552,0.9341610112251134,14522,1411,636
Saimiri_boliviensis,Homo_sapiens,same-order,2,1,4,221,174,47,22,1,16508,84.76929358922008,0.9581327882903673,0.9120120497050332,0.9345037137069548,14532,1402,635
Saimiri_boliviensis,Homo_sapiens,same-order,2,1,5,221,174,47,22,1,16508,84.76929358922008,0.9581327882903673,0.9120120497050332,0.9345037137069548,14532,1402,635
Saimiri_boliviensis,Homo_sapiens,same-order,2,2,1,221,64,157,41,12,16464,81.3079209652037,0.9526736324523664,0.8786848072562359,0.9141846063108229,13950,1926,693
Saimiri_boliviensis,Homo_sapiens,same-order,2,2,2,221,145,76,34,2,16468,81.79539492859224,0.9533256335348869,0.8835159299836293,0.9170942126074312,14032,1850,687
Saimiri_boliviensis,Homo_sapiens,same-order,2,2,3,221,147,74,32,2,16467,81.86428821266178,0.9533604887983707,0.8842085379675104,0.9174833398667189,14043,1839,687
Saimiri_boliviensis,Homo_sapiens,same-order,2,2,4,221,147,74,32,2,16467,81.86428821266178,0.9533604887983707,0.8842085379675104,0.9174833398667189,14043,1839,687
Saimiri_boliviensis,Homo_sapiens,same-order,3,0,1,332,99,233,29,11,16507,88.73387426303194,0.9605687203791469,0.9533396048918156,0.9569405099150142,15201,744,624
Saimiri_boliviensis,Homo_sapiens,same-order,3,0,2,332,296,36,13,0,16514,89.39747781410556,0.9614466909456235,0.9596991538702601,0.9605721275995107,15312,643,614
Saimiri_boliviensis,Homo_sapiens,same-order,3,0,3,332,298,34,12,0,16514,89.56034331756875,0.9615722166499499,0.9613311606919027,0.9614516735614892,15339,617,613
Saimiri_boliviensis,Homo_sapiens,same-order,3,0,4,332,298,34,12,0,16514,89.56034331756875,0.9615722166499499,0.9613311606919027,0.9614516735614892,15339,617,613
Saimiri_boliviensis,Homo_sapiens,same-order,3,1,1,332,104,228,29,11,16461,87.23876240513718,0.9571510920386858,0.939874213836478,0.9484339796274553,14944,956,669
Saimiri_boliviensis,Homo_sapiens,same-order,3,1,2,332,278,54,16,0,16460,88.13222754351128,0.9579735906551549,0.9486389639781229,0.9532834265137876,15090,817,662
Saimiri_boliviensis,Homo_sapiens,same-order,3,1,3,332,287,45,14,0,16466,88.50601565237706,0.9585072738772928,0.9523031483692579,0.9553951391734703,15154,759,656
Saimiri_boliviensis,Homo_sapiens,same-order,3,1,4,332,289,43,14,0,16466,88.50601565237706,0.9585072738772928,0.9523031483692579,0.9553951391734703,15154,759,656
Saimiri_boliviensis,Homo_sapiens,same-order,3,1,5,332,289,43,14,0,16466,88.50601565237706,0.9585072738772928,0.9523031483692579,0.9553951391734703,15154,759,656
Saimiri_boliviensis,Homo_sapiens,same-order,3,2,1,332,98,234,32,13,16499,87.60870834062919,0.9594732804909231,0.9419516786946972,0.9506317489470851,15010,925,634
Saimiri_boliviensis,Homo_sapiens,same-order,3,2,2,332,285,47,20,0,16509,88.4179801517805,0.9606139405086573,0.9497115625783797,0.9551316411792526,15146,802,621
Saimiri_boliviensis,Homo_sapiens,same-order,3,2,3,332,287,45,19,0,16507,88.49769370000584,0.9607022881409647,0.9503417142140573,0.9554939166614134,15157,792,620
Saimiri_boliviensis,Homo_sapiens,same-order,3,2,4,332,287,45,19,0,16507,88.49769370000584,0.9607022881409647,0.9503417142140573,0.9554939166614134,15157,792,620
Saimiri_boliviensis,Homo_sapiens,same-order,4,0,1,442,124,318,24,11,16501,90.47785956303306,0.9616889164855635,0.970912738214644,0.9662788158592509,15488,464,617
Saimiri_boliviensis,Homo_sapiens,same-order,4,0,2,442,412,30,8,0,16508,90.99620216184633,0.9624868673135158,0.9756922691392056,0.9690445820240798,15574,388,607
Saimiri_boliviensis,Homo_sapiens,same-order,4,0,3,442,412,30,8,0,16508,90.99620216184633,0.9624868673135158,0.9756922691392056,0.9690445820240798,15574,388,607
Saimiri_boliviensis,Homo_sapiens,same-order,4,1,1,442,145,297,22,9,16505,90.38439069984811,0.9618899595896798,0.9696665831035347,0.9657626166474206,15472,484,613
Saimiri_boliviensis,Homo_sapiens,same-order,4,1,2,442,409,33,6,0,16506,90.94467488461763,0.9622326616392632,0.9754981827296654,0.9688200149365198,15567,391,611
Saimiri_boliviensis,Homo_sapiens,same-order,4,1,3,442,411,31,5,0,16506,90.94467488461763,0.9622326616392632,0.9754981827296654,0.9688200149365198,15567,391,611
Saimiri_boliviensis,Homo_sapiens,same-order,4,1,4,442,411,31,5,0,16506,90.94467488461763,0.9622326616392632,0.9754981827296654,0.9688200149365198,15567,391,611
Saimiri_boliviensis,Homo_sapiens,same-order,4,2,1,442,146,296,28,12,16499,89.13601868067717,0.960314465408805,0.9580248462793324,0.9591682894654187,15269,669,631
Saimiri_boliviensis,Homo_sapiens,same-order,4,2,2,442,398,44,10,0,16503,89.70794392523365,0.961377151799687,0.9627632898696088,0.9620697215522911,15358,594,617
Saimiri_boliviensis,Homo_sapiens,same-order,4,2,3,442,399,43,9,0,16503,89.7196261682243,0.9613819866057458,0.9628886659979939,0.9621347364464906,15360,592,617
Saimiri_boliviensis,Homo_sapiens,same-order,4,2,4,442,399,43,9,0,16503,89.7196261682243,0.9613819866057458,0.9628886659979939,0.9621347364464906,15360,592,617
Saimiri_boliviensis,Homo_sapiens,same-order,5,0,1,553,169,384,19,10,16483,92.6207906295754,0.9639178399463644,0.9898604243600175,0.9767168972332015,15815,162,592
Saimiri_boliviensis,Homo_sapiens,same-order,5,0,2,553,529,24,4,0,16487,93.03497158924492,0.964532977043605,0.9935564591804817,0.9788296200425256,15882,103,584
Saimiri_boliviensis,Homo_sapiens,same-order,5,0,3,553,531,22,3,0,16490,93.15798722980493,0.9647537005581169,0.9946835126344759,0.979490022172949,15903,85,581
Saimiri_boliviensis,Homo_sapiens,same-order,5,0,4,553,531,22,3,0,16490,93.15798722980493,0.9647537005581169,0.9946835126344759,0.979490022172949,15903,85,581
Saimiri_boliviensis,Homo_sapiens,same-order,5,1,1,553,163,390,20,8,16508,90.0239332204775,0.9611717045808663,0.9671390944437477,0.9641461661092182,15422,524,623
Saimiri_boliviensis,Homo_sapiens,same-order,5,1,2,553,497,56,5,1,16494,93.20058565153734,0.9647772052137011,0.9953715286464848,0.9798356063171505,15914,74,581
Saimiri_boliviensis,Homo_sapiens,same-order,5,1,3,553,543,10,4,0,16495,93.29428989751098,0.964869775893398,0.996309963099631,0.9803378565494324,15930,59,580
Saimiri_boliviensis,Homo_sapiens,same-order,5,1,4,553,543,10,4,0,16495,93.29428989751098,0.964869775893398,0.996309963099631,0.9803378565494324,15930,59,580
Saimiri_boliviensis,Homo_sapiens,same-order,5,2,1,553,163,390,23,10,16494,91.5502834102729,0.9619918948790372,0.982257053291536,0.9720188609008562,15667,283,619
Saimiri_boliviensis,Homo_sapiens,same-order,5,2,2,553,519,34,5,0,16504,91.92964001870033,0.9627884203439623,0.9855898753210952,0.9740557275541796,15731,230,608
Saimiri_boliviensis,Homo_sapiens,same-order,5,2,3,553,520,33,4,0,16507,91.9939223936419,0.9629901510980609,0.9860937108494112,0.9744050013927146,15742,222,605
Saimiri_boliviensis,Homo_sapiens,same-order,5,2,4,553,520,33,4,0,16507,91.9939223936419,0.9629901510980609,0.9860937108494112,0.9744050013927146,15742,222,605
Saimiri_boliviensis,Homo_sapiens,same-order,6,0,1,663,210,453,17,10,16488,93.0152224824356,0.9640754900175982,0.9943669024222319,0.9789869361597239,15887,90,592
Saimiri_boliviensis,Homo_sapiens,same-order,6,0,2,663,639,24,2,0,16495,93.46960290500175,0.9649897206433667,0.9980612883051907,0.9812469257255287,15959,31,579
Saimiri_boliviensis,Homo_sapiens,same-order,6,0,3,663,639,24,2,0,16495,93.46960290500175,0.9649897206433667,0.9980612883051907,0.9812469257255287,15959,31,579
Saimiri_boliviensis,Homo_sapiens,same-order,6,1,1,663,195,468,16,10,16465,92.72365106333119,0.9632402166636236,0.991356091450047,0.9770959377700951,15827,138,604
Saimiri_boliviensis,Homo_sapiens,same-order,6,1,2,663,634,29,3,0,16468,92.98101710803843,0.9635701275045537,0.9938004884463648,0.9784518634976417,15870,99,600
Saimiri_boliviensis,Homo_sapiens,same-order,6,1,3,663,634,29,3,0,16468,92.98101710803843,0.9635701275045537,0.9938004884463648,0.9784518634976417,15870,99,600
Saimiri_boliviensis,Homo_sapiens,same-order,6,2,1,663,212,451,16,8,16483,93.12243702401875,0.9643875508099253,0.9946189463146039,0.9792699830586786,15896,86,587
Saimiri_boliviensis,Homo_sapiens,same-order,6,2,2,663,642,21,2,0,16489,93.46730724162175,0.9649770142753448,0.9976860537836147,0.9810589754627637,15953,37,579
Saimiri_boliviensis,Homo_sapiens,same-order,6,2,3,663,642,21,2,0,16489,93.46730724162175,0.9649770142753448,0.9976860537836147,0.9810589754627637,15953,37,579
Saimiri_boliviensis,Homo_sapiens,same-order,7,0,1,774,233,541,14,8,16496,92.16110364178407,0.9626915796543933,0.987968417094874,0.9751662285449203,15766,192,611
Saimiri_boliviensis,Homo_sapiens,same-order,7,0,2,774,719,55,3,0,16507,92.38774555659495,0.9635953411793402,0.9893563736538943,0.9763059528590404,15802,170,597
Saimiri_boliviensis,Homo_sapiens,same-order,7,0,3,774,719,55,3,0,16507,92.38774555659495,0.9635953411793402,0.9893563736538943,0.9763059528590404,15802,170,597
Saimiri_boliviensis,Homo_sapiens,same-order,7,1,1,774,238,536,16,8,16501,91.00257069408741,0.9620159347785807,0.9763068822865739,0.9691087260849277,15576,378,615
Saimiri_boliviensis,Homo_sapiens,same-order,7,1,2,774,698,76,2,0,16503,91.65400350672121,0.9627355884339125,0.982458338554066,0.9724969768379276,15682,280,607
Saimiri_boliviensis,Homo_sapiens,same-order,7,1,3,774,712,62,2,1,16489,93.62475096683464,0.9651464814255512,0.9991245622811405,0.981841644391188,15978,14,577
Saimiri_boliviensis,Homo_sapiens,same-order,7,1,4,774,751,23,2,0,16489,93.62475096683464,0.9651464814255512,0.9991245622811405,0.981841644391188,15978,14,577
Saimiri_boliviensis,Homo_sapiens,same-order,7,1,5,774,751,23,2,0,16489,93.62475096683464,0.9651464814255512,0.9991245622811405,0.981841644391188,15978,14,577
Saimiri_boliviensis,Homo_sapiens,same-order,7,2,1,774,245,529,15,9,16487,93.12404826051306,0.9643961909383151,0.9948692278813666,0.9793957313129447,15900,82,587
Saimiri_boliviensis,Homo_sapiens,same-order,7,2,2,774,745,29,2,0,16491,93.60792125615187,0.9651443759816358,0.9990620310155077,0.9818103607202114,15977,15,577
Saimiri_boliviensis,Homo_sapiens,same-order,7,2,3,774,746,28,2,0,16491,93.60792125615187,0.9651443759816358,0.9990620310155077,0.9818103607202114,15977,15,577
Saimiri_boliviensis,Homo_sapiens,same-order,7,2,4,774,746,28,2,0,16491,93.60792125615187,0.9651443759816358,0.9990620310155077,0.9818103607202114,15977,15,577
Saimiri_boliviensis,Homo_sapiens,same-order,8,0,1,884,260,624,15,7,16474,93.28021559552406,0.9639765090512805,0.9967447101540002,0.9800867932658275,15922,52,595
Saimiri_boliviensis,Homo_sapiens,same-order,8,0,2,884,855,29,2,0,16489,93.63647017461619,0.9651506915504017,0.9992496248124062,0.9819042059663892,15980,12,577
Saimiri_boliviensis,Homo_sapiens,same-order,8,0,3,884,855,29,2,0,16489,93.63647017461619,0.9651506915504017,0.9992496248124062,0.9819042059663892,15980,12,577
Saimiri_boliviensis,Homo_sapiens,same-order,8,1,1,884,264,620,16,8,16501,90.89953271028037,0.9617452567826463,0.9756739811912226,0.9686595499673214,15562,388,619
Saimiri_boliviensis,Homo_sapiens,same-order,8,1,2,884,806,78,2,1,16480,93.65404898628853,0.9646327479027099,1.0,0.9819980339149669,15983,0,586
Saimiri_boliviensis,Homo_sapiens,same-order,8,1,3,884,860,24,2,0,16489,93.70678542130553,0.9651759309553987,1.0,0.9822794140229109,15992,0,577
Saimiri_boliviensis,Homo_sapiens,same-order,8,1,4,884,860,24,2,0,16489,93.70678542130553,0.9651759309553987,1.0,0.9822794140229109,15992,0,577
Saimiri_boliviensis,Homo_sapiens,same-order,8,2,1,884,277,607,16,7,16486,93.38644484798782,0.9646033762933381,0.9973723723723724,0.9807142198025284,15942,42,585
Saimiri_boliviensis,Homo_sapiens,same-order,8,2,2,884,855,29,2,0,16489,93.70678542130553,0.9651759309553987,1.0,0.9822794140229109,15992,0,577
Saimiri_boliviensis,Homo_sapiens,same-order,8,2,3,884,855,29,2,0,16489,93.70678542130553,0.9651759309553987,1.0,0.9822794140229109,15992,0,577
Saimiri_boliviensis,Gorilla_gorilla,same-order,1,0,1,110,35,75,44,9,16481,81.1952478099124,0.9865130859517387,0.83639285493541,0.9052716082419052,13532,2647,185
Saimiri_boliviensis,Gorilla_gorilla,same-order,1,0,2,110,66,44,41,2,16482,81.35725429017161,0.9866113657862184,0.8380098887515451,0.9062593991244193,13559,2621,184
Saimiri_boliviensis,Gorilla_gorilla,same-order,1,0,3,110,67,43,41,2,16482,81.50726029041162,0.9866356769320163,0.8395550061804697,0.9071724322158408,13584,2596,184
Saimiri_boliviensis,Gorilla_gorilla,same-order,1,0,4,110,68,42,40,2,16481,81.5961596159616,0.986649252648382,0.8404202719406675,0.9076830652159402,13598,2582,184
Saimiri_boliviensis,Gorilla_gorilla,same-order,1,0,5,110,68,42,40,2,16481,81.5961596159616,0.986649252648382,0.8404202719406675,0.9076830652159402,13598,2582,184
Saimiri_boliviensis,Gorilla_gorilla,same-order,1,1,1,110,35,75,51,4,16480,79.9639855942377,0.9866686416827136,0.8231586752347998,0.8975274540187294,13322,2862,180
Saimiri_boliviensis,Gorilla_gorilla,same-order,1,1,2,110,61,49,46,0,16476,80.90292369574352,0.9867467232920847,0.8327256998084409,0.9032171581769437,13476,2707,181
Saimiri_boliviensis,Gorilla_gorilla,same-order,1,1,3,110,61,49,46,0,16476,80.90292369574352,0.9867467232920847,0.8327256998084409,0.9032171581769437,13476,2707,181
Saimiri_boliviensis,Gorilla_gorilla,same-order,1,2,1,110,31,79,49,5,16460,79.8054988594069,0.9853246368218204,0.8223431894098726,0.8964866140670308,13294,2872,198
Saimiri_boliviensis,Gorilla_gorilla,same-order,1,2,2,110,56,54,46,3,16459,80.25454763762983,0.9854046881910659,0.8269206977607324,0.899233149468586,13368,2798,198
Saimiri_boliviensis,Gorilla_gorilla,same-order,1,2,3,110,58,52,46,3,16459,80.3794428434198,0.9854987118145013,0.8281066369765572,0.8999731110513578,13388,2779,197
Saimiri_boliviensis,Gorilla_gorilla,same-order,1,2,4,110,58,52,46,3,16459,80.3794428434198,0.9854987118145013,0.8281066369765572,0.8999731110513578,13388,2779,197
Saimiri_boliviensis,Gorilla_gorilla,same-order,2,0,1,219,60,159,35,14,16481,86.97534576067348,0.9898035995346609,0.892013567684243,0.9383677176592707,14464,1751,149
Saimiri_boliviensis,Gorilla_gorilla,same-order,2,0,2,219,172,47,22,0,16488,87.71950926148665,0.9904930055683825,0.8990384615384616,0.9425525040387722,14586,1638,140
Saimiri_boliviensis,Gorilla_gorilla,same-order,2,0,3,219,176,43,20,0,16482,87.84669995788461,0.9905698778833107,0.8999075500770416,0.9430647505247861,14601,1624,139
Saimiri_boliviensis,Gorilla_gorilla,same-order,2,0,4,219,176,43,20,0,16482,87.84669995788461,0.9905698778833107,0.8999075500770416,0.9430647505247861,14601,1624,139
Saimiri_boliviensis,Gorilla_gorilla,same-order,2,1,1,219,56,163,32,12,16469,86.76532515189797,0.9894354119503327,0.8897594077729797,0.9369539091174847,14423,1787,154
Saimiri_boliviensis,Gorilla_gorilla,same-order,2,1,2,219,160,59,25,1,16481,87.18195488721804,0.9901625905178303,0.8935881627620222,0.9393998314861625,14494,1726,144
Saimiri_boliviensis,Gorilla_gorilla,same-order,2,1,3,219,163,56,23,1,16473,87.40896780018056,0.9903170814865325,0.8952656885710764,0.9403956357043417,14523,1699,142
Saimiri_boliviensis,Gorilla_gorilla,same-order,2,1,4,219,164,55,22,1,16473,87.5827615264235,0.9904029403757146,0.8969364482524811,0.9413553291282549,14551,1672,141
Saimiri_boliviensis,Gorilla_gorilla,same-order,2,1,5,219,164,55,22,1,16473,87.5827615264235,0.9904029403757146,0.8969364482524811,0.9413553291282549,14551,1672,141
Saimiri_boliviensis,Gorilla_gorilla,same-order,2,2,1,219,66,153,36,16,16479,86.508747670294,0.9894107130578285,0.887661937075879,0.9357786232237505,14389,1821,154
Saimiri_boliviensis,Gorilla_gorilla,same-order,2,2,2,219,159,60,29,0,16478,86.7572768823671,0.9897091108671789,0.8897249290736401,0.9370574861968172,14426,1788,150
Saimiri_boliviensis,Gorilla_gorilla,same-order,2,2,3,219,160,59,28,0,16478,86.88356988212654,0.9897239158731246,0.8910201060811644,0.9377819609879589,14447,1767,150
Saimiri_boliviensis,Gorilla_gorilla,same-order,2,2,4,219,161,58,28,0,16478,86.96175126293,0.9897330595482546,0.8918218823239176,0.9382299506877757,14460,1754,150
Saimiri_boliviensis,Gorilla_gorilla,same-order,2,2,5,219,161,58,28,0,16478,86.96175126293,0.9897330595482546,0.8918218823239176,0.9382299506877757,14460,1754,150
Saimiri_boliviensis,Gorilla_gorilla,same-order,3,0,1,328,106,222,25,11,16366,93.89517207831692,0.9948460249967788,0.9482928027511668,0.9710117587876501,15442,842,80
Saimiri_boliviensis,Gorilla_gorilla,same-order,3,0,2,328,312,16,9,0,16381,94.69139556096079,0.995906881555385,0.9553374233128834,0.9752004008016032,15572,728,64
Saimiri_boliviensis,Gorilla_gorilla,same-order,3,0,3,328,313,15,8,0,16379,94.76372924648787,0.9959094976351783,0.9559509202453987,0.9755211920115193,15582,718,64
Saimiri_boliviensis,Gorilla_gorilla,same-order,3,0,4,328,313,15,8,0,16379,94.76372924648787,0.9959094976351783,0.9559509202453987,0.9755211920115193,15582,718,64
Saimiri_boliviensis,Gorilla_gorilla,same-order,3,1,1,328,116,212,31,15,16472,90.29693428898392,0.991337697546783,0.9235507915973634,0.956244418930986,14992,1241,131
Saimiri_boliviensis,Gorilla_gorilla,same-order,3,1,2,328,282,46,15,1,16468,91.2624284423019,0.9916841278156102,0.932746196957566,0.9613126408327779,15145,1092,127
Saimiri_boliviensis,Gorilla_gorilla,same-order,3,1,3,328,287,41,13,1,16470,91.42461130529107,0.9918927754168029,0.9341748768472906,0.9621690185508165,15171,1069,124
Saimiri_boliviensis,Gorilla_gorilla,same-order,3,1,4,328,287,41,13,1,16470,91.42461130529107,0.9918927754168029,0.9341748768472906,0.9621690185508165,15171,1069,124
Saimiri_boliviensis,Gorilla_gorilla,same-order,3,2,1,328,108,220,28,18,16475,91.24276759884282,0.9923308862087048,0.9318027943620361,0.9611148144621147,15139,1108,117
Saimiri_boliviensis,Gorilla_gorilla,same-order,3,2,2,328,289,39,10,0,16485,91.80080786157835,0.9933459455933199,0.936354691919813,0.964008736665506,15227,1035,102
Saimiri_boliviensis,Gorilla_gorilla,same-order,3,2,3,328,289,39,10,0,16485,91.80080786157835,0.9933459455933199,0.936354691919813,0.964008736665506,15227,1035,102
Saimiri_boliviensis,Gorilla_gorilla,same-order,4,0,1,437,110,327,20,9,16508,93.15770436460092,0.9948496748857272,0.9489683124539425,0.9713675079360091,15453,831,80
Saimiri_boliviensis,Gorilla_gorilla,same-order,4,0,2,437,380,57,7,0,16495,93.85218702865761,0.9948836019442313,0.9552935396708425,0.9746867167919798,15556,728,80
Saimiri_boliviensis,Gorilla_gorilla,same-order,4,0,3,437,382,55,6,0,16495,94.06938159879337,0.9948953547728433,0.9575042986981086,0.9758417824508699,15592,692,80
Saimiri_boliviensis,Gorilla_gorilla,same-order,4,0,4,437,383,54,5,0,16495,94.13574660633485,0.9948989351527131,0.9581798084008843,0.9761942002690275,15603,681,80
Saimiri_boliviensis,Gorilla_gorilla,same-order,4,0,5,437,383,54,5,0,16495,94.13574660633485,0.9948989351527131,0.9581798084008843,0.9761942002690275,15603,681,80
Saimiri_boliviensis,Gorilla_gorilla,same-order,4,1,1,437,120,317,19,13,16478,94.04245055475157,0.9932492676092217,0.959281584450732,0.9759699624530664,15596,662,106
Saimiri_boliviensis,Gorilla_gorilla,same-order,4,1,2,437,395,42,9,1,16352,96.2465020075435,0.9945935751555919,0.9719252979481509,0.9831287867018796,15821,457,86
Saimiri_boliviensis,Gorilla_gorilla,same-order,4,1,3,437,412,25,6,0,16352,96.33167051952792,0.9945983292506753,0.9727853544661507,0.9835709183515017,15835,443,86
Saimiri_boliviensis,Gorilla_gorilla,same-order,4,1,4,437,412,25,6,0,16352,96.33167051952792,0.9945983292506753,0.9727853544661507,0.9835709183515017,15835,443,86
Saimiri_boliviensis,Gorilla_gorilla,same-order,4,2,1,437,141,296,19,13,16470,93.15002411963339,0.9926744634365763,0.9506461538461538,0.9712058342763736,15448,802,114
Saimiri_boliviensis,Gorilla_gorilla,same-order,4,2,2,437,382,55,4,1,16356,96.46421616358325,0.9952282287938721,0.9731704322200393,0.9840757411143878,15851,437,76
Saimiri_boliviensis,Gorilla_gorilla,same-order,4,2,3,437,407,30,4,0,16356,96.46421616358325,0.9952282287938721,0.9731704322200393,0.9840757411143878,15851,437,76
Saimiri_boliviensis,Gorilla_gorilla,same-order,4,2,4,437,407,30,4,0,16356,96.46421616358325,0.9952282287938721,0.9731704322200393,0.9840757411143878,15851,437,76
Saimiri_boliviensis,Gorilla_gorilla,same-order,5,0,1,546,162,384,17,10,16512,93.84689630210532,0.9958392011266163,0.9544757347076508,0.9747188371291626,15557,742,65
Saimiri_boliviensis,Gorilla_gorilla,same-order,5,0,2,546,490,56,5,1,16385,97.0231935228587,0.9973717146433041,0.9764734713883103,0.9868119621076095,15938,384,42
Saimiri_boliviensis,Gorilla_gorilla,same-order,5,0,3,546,532,14,5,0,16385,97.0231935228587,0.9973717146433041,0.9764734713883103,0.9868119621076095,15938,384,42
Saimiri_boliviensis,Gorilla_gorilla,same-order,5,0,4,546,532,14,5,0,16385,97.0231935228587,0.9973717146433041,0.9764734713883103,0.9868119621076095,15938,384,42
Saimiri_boliviensis,Gorilla_gorilla,same-order,5,1,1,546,154,392,16,10,16349,97.29088031170096,0.9952048823016565,0.9812120095781912,0.9881589117328798,15981,306,77
Saimiri_boliviensis,Gorilla_gorilla,same-order,5,1,2,546,531,15,2,0,16346,97.81404128356573,0.9952295396815563,0.986308098483453,0.9907487356605402,16064,223,77
Saimiri_boliviensis,Gorilla_gorilla,same-order,5,1,3,546,532,14,1,0,16346,97.81404128356573,0.9952295396815563,0.986308098483453,0.9907487356605402,16064,223,77
Saimiri_boliviensis,Gorilla_gorilla,same-order,5,1,4,546,532,14,1,0,16346,97.81404128356573,0.9952295396815563,0.986308098483453,0.9907487356605402,16064,223,77
Saimiri_boliviensis,Gorilla_gorilla,same-order,5,2,1,546,152,394,15,10,16390,97.66380726409929,0.997080745341615,0.9838205552491267,0.9904062683160071,16053,264,47
Saimiri_boliviensis,Gorilla_gorilla,same-order,5,2,2,546,529,17,1,0,16382,97.92998477929984,0.9973338293650794,0.985540101709454,0.9914018922000678,16085,236,43
Saimiri_boliviensis,Gorilla_gorilla,same-order,5,2,3,546,529,17,1,0,16382,97.92998477929984,0.9973338293650794,0.985540101709454,0.9914018922000678,16085,236,43
Saimiri_boliviensis,Gorilla_gorilla,same-order,6,0,1,655,184,471,12,9,16509,95.57687665942554,0.9960382341843793,0.9716581804797252,0.9836971710710182,15839,462,63
Saimiri_boliviensis,Gorilla_gorilla,same-order,6,0,2,655,601,54,1,1,16383,98.39858734701333,0.9975308641975309,0.9899534427836315,0.9937277087689091,16160,164,40
Saimiri_boliviensis,Gorilla_gorilla,same-order,6,0,3,655,647,8,1,0,16383,98.39858734701333,0.9975308641975309,0.9899534427836315,0.9937277087689091,16160,164,40
Saimiri_boliviensis,Gorilla_gorilla,same-order,6,0,4,655,647,8,1,0,16383,98.39858734701333,0.9975308641975309,0.9899534427836315,0.9937277087689091,16160,164,40
Saimiri_boliviensis,Gorilla_gorilla,same-order,6,1,1,655,192,463,13,7,16381,97.49269717624148,0.9968265820421878,0.9820388647091277,0.9893774703557313,16020,293,51
Saimiri_boliviensis,Gorilla_gorilla,same-order,6,1,2,655,633,22,2,0,16382,97.92364367046216,0.9974570489363022,0.9852355571892422,0.9913086358873204,16082,241,41
Saimiri_boliviensis,Gorilla_gorilla,same-order,6,1,3,655,633,22,2,0,16382,97.92364367046216,0.9974570489363022,0.9852355571892422,0.9913086358873204,16082,241,41
Saimiri_boliviensis,Gorilla_gorilla,same-order,6,2,1,655,191,464,17,9,16355,97.5465725070011,0.9955884180439916,0.9834284662124839,0.9894710840769445,16023,270,71
Saimiri_boliviensis,Gorilla_gorilla,same-order,6,2,2,655,642,13,1,0,16362,98.05783866057838,0.9961036551425567,0.9880375437089749,0.992054203880505,16106,195,63
Saimiri_boliviensis,Gorilla_gorilla,same-order,6,2,3,655,642,13,1,0,16362,98.05783866057838,0.9961036551425567,0.9880375437089749,0.992054203880505,16106,195,63
Saimiri_boliviensis,Gorilla_gorilla,same-order,7,0,1,764,217,547,13,9,16373,97.97247929858743,0.9968405402056746,0.9863912217250046,0.9915883531042982,16091,222,51
Saimiri_boliviensis,Gorilla_gorilla,same-order,7,0,2,764,753,11,2,0,16374,98.21613394216133,0.9968485447692023,0.9889045546496659,0.9928606597735106,16132,181,51
Saimiri_boliviensis,Gorilla_gorilla,same-order,7,0,3,764,753,11,2,0,16374,98.21613394216133,0.9968485447692023,0.9889045546496659,0.9928606597735106,16132,181,51
Saimiri_boliviensis,Gorilla_gorilla,same-order,7,1,1,764,220,544,12,7,16511,95.28546452040754,0.995214407153202,0.9703462671905697,0.9826230221641953,15805,483,76
Saimiri_boliviensis,Gorilla_gorilla,same-order,7,1,2,764,707,57,2,0,16508,95.86602293301146,0.9961121214021446,0.9744203165255797,0.9851468262581785,15885,417,62
Saimiri_boliviensis,Gorilla_gorilla,same-order,7,1,3,764,707,57,2,0,16508,95.86602293301146,0.9961121214021446,0.9744203165255797,0.9851468262581785,15885,417,62
Saimiri_boliviensis,Gorilla_gorilla,same-order,7,2,1,764,244,520,13,10,16379,98.08886183810104,0.9968454258675079,0.9879237418010176,0.9923645320197044,16116,197,51
Saimiri_boliviensis,Gorilla_gorilla,same-order,7,2,2,764,752,12,1,0,16382,98.25853985264568,0.9974656941525528,0.9886050358390002,0.9930155995200147,16137,186,41
Saimiri_boliviensis,Gorilla_gorilla,same-order,7,2,3,764,752,12,1,0,16382,98.25853985264568,0.9974656941525528,0.9886050358390002,0.9930155995200147,16137,186,41
Saimiri_boliviensis,Gorilla_gorilla,same-order,8,0,1,873,276,597,15,11,16389,98.0102227090179,0.9972139673105498,0.9870090079048961,0.9920852452958024,16107,212,45
Saimiri_boliviensis,Gorilla_gorilla,same-order,8,0,2,873,858,15,1,0,16382,98.36205321804786,0.9974683544303797,0.9896465110580163,0.9935420382557352,16154,169,41
Saimiri_boliviensis,Gorilla_gorilla,same-order,8,0,3,873,858,15,1,0,16382,98.36205321804786,0.9974683544303797,0.9896465110580163,0.9935420382557352,16154,169,41
Saimiri_boliviensis,Gorilla_gorilla,same-order,8,1,1,873,257,616,13,9,16513,95.2593486127865,0.9957758022823278,0.9691354236976131,0.9822750171030538,15794,503,67
Saimiri_boliviensis,Gorilla_gorilla,same-order,8,1,2,873,784,89,1,1,16382,98.3133410460939,0.9974671032309879,0.989156405072597,0.9932943709627807,16146,177,41
Saimiri_boliviensis,Gorilla_gorilla,same-order,8,1,3,873,853,20,1,0,16382,98.3133410460939,0.9974671032309879,0.989156405072597,0.9932943709627807,16146,177,41
Saimiri_boliviensis,Gorilla_gorilla,same-order,8,1,4,873,853,20,1,0,16382,98.3133410460939,0.9974671032309879,0.989156405072597,0.9932943709627807,16146,177,41
Saimiri_boliviensis,Gorilla_gorilla,same-order,8,2,1,873,243,630,8,7,16389,98.29600778967868,0.9973448595245447,0.9896452423258378,0.9934801328576701,16152,169,43
Saimiri_boliviensis,Gorilla_gorilla,same-order,8,2,2,873,853,20,1,0,16382,98.36205321804786,0.9974683544303797,0.9896465110580163,0.9935420382557352,16154,169,41
Saimiri_boliviensis,Gorilla_gorilla,same-order,8,2,3,873,853,20,1,0,16382,98.36205321804786,0.9974683544303797,0.9896465110580163,0.9935420382557352,16154,169,41
Saimiri_boliviensis,Saimiri_sciureus,same-genus,1,0,1,110,110,0,13,0,16471,99.92109256449166,0.9997570751852302,0.9995142683667274,0.9996356570318193,16462,8,4
Saimiri_boliviensis,Saimiri_sciureus,same-genus,1,0,2,110,110,0,13,0,16471,99.92109256449166,0.9997570751852302,0.9995142683667274,0.9996356570318193,16462,8,4
Saimiri_boliviensis,Saimiri_sciureus,same-genus,1,1,1,110,110,0,12,0,16473,99.9453717754173,0.9998785523439397,0.9996357455075279,0.9997571341833636,16466,6,2
Saimiri_boliviensis,Saimiri_sciureus,same-genus,1,1,2,110,110,0,12,0,16473,99.9453717754173,0.9998785523439397,0.9996357455075279,0.9997571341833636,16466,6,2
Saimiri_boliviensis,Saimiri_sciureus,same-genus,1,2,1,110,110,0,14,0,16472,99.92716236722306,0.9998178063889226,0.9995142978568393,0.9996660290858306,16463,8,3
Saimiri_boliviensis,Saimiri_sciureus,same-genus,1,2,2,110,110,0,14,0,16472,99.92716236722306,0.9998178063889226,0.9995142978568393,0.9996660290858306,16463,8,3
Saimiri_boliviensis,Saimiri_sciureus,same-genus,2,0,1,220,220,0,0,0,16473,99.96965098634294,0.9998785818358427,0.9998785818358427,0.9998785818358427,16470,2,2
Saimiri_boliviensis,Saimiri_sciureus,same-genus,2,0,2,220,220,0,0,0,16473,99.96965098634294,0.9998785818358427,0.9998785818358427,0.9998785818358427,16470,2,2
Saimiri_boliviensis,Saimiri_sciureus,same-genus,2,1,1,220,220,0,0,0,16471,99.9575088017482,0.9998178506375228,0.9997571489284196,0.999787498861601,16467,4,3
Saimiri_boliviensis,Saimiri_sciureus,same-genus,2,1,2,220,220,0,0,0,16471,99.9575088017482,0.9998178506375228,0.9997571489284196,0.999787498861601,16467,4,3
Saimiri_boliviensis,Saimiri_sciureus,same-genus,2,2,1,220,220,0,2,0,16473,99.96357897292704,0.9999392798591292,0.9996964730164511,0.9998178616963148,16468,5,1
Saimiri_boliviensis,Saimiri_sciureus,same-genus,2,2,2,220,220,0,2,0,16473,99.96357897292704,0.9999392798591292,0.9996964730164511,0.9998178616963148,16468,5,1
Saimiri_boliviensis,Saimiri_sciureus,same-genus,3,0,1,330,330,0,0,0,16474,99.99392982882117,1.0,0.9999392982882117,0.9999696482229034,16473,1,0
Saimiri_boliviensis,Saimiri_sciureus,same-genus,3,0,2,330,330,0,0,0,16474,99.99392982882117,1.0,0.9999392982882117,0.9999696482229034,16473,1,0
Saimiri_boliviensis,Saimiri_sciureus,same-genus,3,1,1,330,330,0,0,0,16474,99.98786039453718,0.9999392982882117,1.0,0.9999696482229034,16473,0,1
Saimiri_boliviensis,Saimiri_sciureus,same-genus,3,1,2,330,330,0,0,0,16474,99.98786039453718,0.9999392982882117,1.0,0.9999696482229034,16473,0,1
Saimiri_boliviensis,Saimiri_sciureus,same-genus,3,2,1,330,330,0,0,0,16474,99.98179059180576,0.9999392946032902,0.9999392946032902,0.9999392946032902,16472,1,1
Saimiri_boliviensis,Saimiri_sciureus,same-genus,3,2,2,330,330,0,0,0,16474,99.98179059180576,0.9999392946032902,0.9999392946032902,0.9999392946032902,16472,1,1
Saimiri_boliviensis,Saimiri_sciureus,same-genus,4,0,1,440,440,0,0,0,16474,100.0,1.0,1.0,1.0,16474,0,0
Saimiri_boliviensis,Saimiri_sciureus,same-genus,4,0,2,440,440,0,0,0,16474,100.0,1.0,1.0,1.0,16474,0,0
Saimiri_boliviensis,Saimiri_sciureus,same-genus,4,1,1,440,440,0,0,0,16474,100.0,1.0,1.0,1.0,16474,0,0
Saimiri_boliviensis,Saimiri_sciureus,same-genus,4,1,2,440,440,0,0,0,16474,100.0,1.0,1.0,1.0,16474,0,0
Saimiri_boliviensis,Saimiri_sciureus,same-genus,4,2,1,440,440,0,0,0,16474,100.0,1.0,1.0,1.0,16474,0,0
Saimiri_boliviensis,Saimiri_sciureus,same-genus,4,2,2,440,440,0,0,0,16474,100.0,1.0,1.0,1.0,16474,0,0
Saimiri_boliviensis,Saimiri_sciureus,same-genus,5,0,1,550,550,0,0,0,16474,100.0,1.0,1.0,1.0,16474,0,0
Saimiri_boliviensis,Saimiri_sciureus,same-genus,5,0,2,550,550,0,0,0,16474,100.0,1.0,1.0,1.0,16474,0,0
Saimiri_boliviensis,Saimiri_sciureus,same-genus,5,1,1,550,550,0,0,0,16475,99.99393019726858,1.0,1.0,1.0,16474,0,0
Saimiri_boliviensis,Saimiri_sciureus,same-genus,5,1,2,550,550,0,0,0,16475,99.99393019726858,1.0,1.0,1.0,16474,0,0
Saimiri_boliviensis,Saimiri_sciureus,same-genus,5,2,1,550,550,0,0,0,16473,99.99392982882117,0.9999392982882117,1.0,0.9999696482229034,16473,0,1
Saimiri_boliviensis,Saimiri_sciureus,same-genus,5,2,2,550,550,0,0,0,16473,99.99392982882117,0.9999392982882117,1.0,0.9999696482229034,16473,0,1
Saimiri_boliviensis,Saimiri_sciureus,same-genus,6,0,1,659,659,0,0,0,16474,100.0,1.0,1.0,1.0,16474,0,0
Saimiri_boliviensis,Saimiri_sciureus,same-genus,6,0,2,659,659,0,0,0,16474,100.0,1.0,1.0,1.0,16474,0,0
Saimiri_boliviensis,Saimiri_sciureus,same-genus,6,1,1,659,659,0,0,0,16474,100.0,1.0,1.0,1.0,16474,0,0
Saimiri_boliviensis,Saimiri_sciureus,same-genus,6,1,2,659,659,0,0,0,16474,100.0,1.0,1.0,1.0,16474,0,0
Saimiri_boliviensis,Saimiri_sciureus,same-genus,6,2,1,659,659,0,0,0,16474,100.0,1.0,1.0,1.0,16474,0,0
Saimiri_boliviensis,Saimiri_sciureus,same-genus,6,2,2,659,659,0,0,0,16474,100.0,1.0,1.0,1.0,16474,0,0
Saimiri_boliviensis,Saimiri_sciureus,same-genus,7,0,1,769,769,0,0,0,16474,99.99392982882117,1.0,0.9999392982882117,0.9999696482229034,16473,1,0
Saimiri_boliviensis,Saimiri_sciureus,same-genus,7,0,2,769,769,0,0,0,16474,99.99392982882117,1.0,0.9999392982882117,0.9999696482229034,16473,1,0
Saimiri_boliviensis,Saimiri_sciureus,same-genus,7,1,1,769,769,0,0,0,16474,100.0,1.0,1.0,1.0,16474,0,0
Saimiri_boliviensis,Saimiri_sciureus,same-genus,7,1,2,769,769,0,0,0,16474,100.0,1.0,1.0,1.0,16474,0,0
Saimiri_boliviensis,Saimiri_sciureus,same-genus,7,2,1,769,769,0,0,0,16474,100.0,1.0,1.0,1.0,16474,0,0
Saimiri_boliviensis,Saimiri_sciureus,same-genus,7,2,2,769,769,0,0,0,16474,100.0,1.0,1.0,1.0,16474,0,0
Saimiri_boliviensis,Saimiri_sciureus,same-genus,8,0,1,879,879,0,0,0,16474,100.0,1.0,1.0,1.0,16474,0,0
Saimiri_boliviensis,Saimiri_sciureus,same-genus,8,0,2,879,879,0,0,0,16474,100.0,1.0,1.0,1.0,16474,0,0
Saimiri_boliviensis,Saimiri_sciureus,same-genus,8,1,1,879,879,0,0,0,16474,100.0,1.0,1.0,1.0,16474,0,0
Saimiri_boliviensis,Saimiri_sciureus,same-genus,8,1,2,879,879,0,0,0,16474,100.0,1.0,1.0,1.0,16474,0,0
Saimiri_boliviensis,Saimiri_sciureus,same-genus,8,2,1,879,879,0,0,0,16474,100.0,1.0,1.0,1.0,16474,0,0
Saimiri_boliviensis,Saimiri_sciureus,same-genus,8,2,2,879,879,0,0,0,16474,100.0,1.0,1.0,1.0,16474,0,0
Saimiri_boliviensis,Aotus_azarai,same-order,1,0,1,111,86,25,27,4,16487,90.56444818871104,0.9913707924379158,0.9163419386264003,0.9523809523809523,15050,1374,131
Saimiri_boliviensis,Aotus_azarai,same-order,1,0,2,111,103,8,21,0,16485,91.06283100625903,0.991416590224086,0.9212737457379445,0.9550590166003913,15131,1293,131
Saimiri_boliviensis,Aotus_azarai,same-order,1,0,3,111,103,8,21,0,16484,91.06831176647607,0.991416590224086,0.9212737457379445,0.9550590166003913,15131,1293,131
Saimiri_boliviensis,Aotus_azarai,same-order,1,0,4,111,103,8,21,0,16484,91.06831176647607,0.991416590224086,0.9212737457379445,0.9550590166003913,15131,1293,131
Saimiri_boliviensis,Aotus_azarai,same-order,1,1,1,111,81,30,30,4,16497,90.09996386848127,0.9927675668502421,0.9097652924723337,0.9494558492242282,14962,1484,109
Saimiri_boliviensis,Aotus_azarai,same-order,1,1,2,111,100,11,25,1,16495,90.99012286196097,0.9928369586646514,0.9186428310835462,0.9542999715756563,15108,1338,109
Saimiri_boliviensis,Aotus_azarai,same-order,1,1,3,111,101,10,24,1,16495,91.01421344254396,0.9928388410748308,0.9188860513194698,0.9544320586099093,15112,1334,109
Saimiri_boliviensis,Aotus_azarai,same-order,1,1,4,111,101,10,24,1,16495,91.01421344254396,0.9928388410748308,0.9188860513194698,0.9544320586099093,15112,1334,109
Saimiri_boliviensis,Aotus_azarai,same-order,1,2,1,111,81,30,24,3,16476,91.04917835430085,0.9910240450763284,0.9213058837860885,0.9548941005650073,15126,1292,137
Saimiri_boliviensis,Aotus_azarai,same-order,1,2,2,111,102,9,14,0,16475,92.07151887303594,0.9911860012961763,0.9314818198428649,0.9604069201544789,15294,1125,136
Saimiri_boliviensis,Aotus_azarai,same-order,1,2,3,111,103,8,13,0,16475,92.07151887303594,0.9911860012961763,0.9314818198428649,0.9604069201544789,15294,1125,136
Saimiri_boliviensis,Aotus_azarai,same-order,1,2,4,111,103,8,13,0,16475,92.07151887303594,0.9911860012961763,0.9314818198428649,0.9604069201544789,15294,1125,136
Saimiri_boliviensis,Aotus_azarai,same-order,2,0,1,221,163,58,27,3,16481,93.60062609114442,0.9917081260364843,0.9466057838660579,0.9686322150577829,15548,877,130
Saimiri_boliviensis,Aotus_azarai,same-order,2,0,2,221,203,18,14,1,16479,94.99036608863199,0.9918893429739076,0.9604285888225983,0.9759054777148866,15776,650,129
Saimiri_boliviensis,Aotus_azarai,same-order,2,0,3,221,204,17,13,1,16479,94.99036608863199,0.9918893429739076,0.9604285888225983,0.9759054777148866,15776,650,129
Saimiri_boliviensis,Aotus_azarai,same-order,2,0,4,221,204,17,13,1,16479,94.99036608863199,0.9918893429739076,0.9604285888225983,0.9759054777148866,15776,650,129
Saimiri_boliviensis,Aotus_azarai,same-order,2,1,1,221,168,53,21,4,16517,95.0409737286093,0.9950164017158718,0.9573318766690945,0.9758104429596633,15773,703,79
Saimiri_boliviensis,Aotus_azarai,same-order,2,1,2,221,214,7,0,0,16519,96.26393492015667,0.9952650925176002,0.969415619879847,0.9821703043344605,15975,504,76
Saimiri_boliviensis,Aotus_azarai,same-order,2,1,3,221,217,4,0,0,16519,96.43266043989154,0.9952733378941476,0.9711147521087444,0.9830456416241784,16003,476,76
Saimiri_boliviensis,Aotus_azarai,same-order,2,1,4,221,217,4,0,0,16519,96.43266043989154,0.9952733378941476,0.9711147521087444,0.9830456416241784,16003,476,76
Saimiri_boliviensis,Aotus_azarai,same-order,2,2,1,221,171,50,23,3,16489,94.92138080607266,0.9930669355855288,0.958102766798419,0.9752715793383058,15756,689,110
Saimiri_boliviensis,Aotus_azarai,same-order,2,2,2,221,210,11,6,0,16491,95.9214410506657,0.9932626325639426,0.9680792849759835,0.9805092834929334,15922,525,108
Saimiri_boliviensis,Aotus_azarai,same-order,2,2,3,221,210,11,6,0,16491,95.9214410506657,0.9932626325639426,0.9680792849759835,0.9805092834929334,15922,525,108
Saimiri_boliviensis,Aotus_azarai,same-order,3,0,1,332,260,72,19,3,16492,96.52970237377997,0.9934275793650794,0.9740409751352666,0.9836387635448323,16022,427,106
Saimiri_boliviensis,Aotus_azarai,same-order,3,0,2,332,317,15,4,0,16495,97.52379804795758,0.9936771025168816,0.9838925358619013,0.9887606132795798,16187,265,103
Saimiri_boliviensis,Aotus_azarai,same-order,3,0,3,332,324,8,2,0,16495,97.52379804795758,0.9936771025168816,0.9838925358619013,0.9887606132795798,16187,265,103
Saimiri_boliviensis,Aotus_azarai,same-order,3,0,4,332,324,8,2,0,16495,97.52379804795758,0.9936771025168816,0.9838925358619013,0.9887606132795798,16187,265,103
Saimiri_boliviensis,Aotus_azarai,same-order,3,1,1,332,263,69,20,3,16527,96.92113032475748,0.9956672443674177,0.975796178343949,0.9856315676603046,16086,399,70
Saimiri_boliviensis,Aotus_azarai,same-order,3,1,2,332,328,4,0,0,16526,98.19825248568846,0.9957836846929422,0.9884750697561567,0.9921159173236735,16296,190,69
Saimiri_boliviensis,Aotus_azarai,same-order,3,1,3,332,328,4,0,0,16526,98.19825248568846,0.9957836846929422,0.9884750697561567,0.9921159173236735,16296,190,69
Saimiri_boliviensis,Aotus_azarai,same-order,3,2,1,332,245,87,23,4,16496,96.60220495210555,0.9936175486429545,0.974653537563822,0.9840441853329241,16035,417,103
Saimiri_boliviensis,Aotus_azarai,same-order,3,2,2,332,319,13,5,0,16496,97.40932642487047,0.9937307928703134,0.9826779310763994,0.988173455978975,16168,285,102
Saimiri_boliviensis,Aotus_azarai,same-order,3,2,3,332,319,13,5,0,16496,97.40932642487047,0.9937307928703134,0.9826779310763994,0.988173455978975,16168,285,102
Saimiri_boliviensis,Aotus_azarai,same-order,4,0,1,442,354,88,22,2,16497,96.86163484127462,0.9935739001482946,0.9774481794419793,0.9854450743067258,16080,371,104
Saimiri_boliviensis,Aotus_azarai,same-order,4,0,2,442,431,11,4,0,16500,97.7293260254171,0.9936922040541368,0.9862630683199611,0.9899636984838779,16226,226,103
Saimiri_boliviensis,Aotus_azarai,same-order,4,0,3,442,431,11,4,0,16500,97.7293260254171,0.9936922040541368,0.9862630683199611,0.9899636984838779,16226,226,103
Saimiri_boliviensis,Aotus_azarai,same-order,4,1,1,442,336,106,25,2,16492,97.13872658273598,0.9932861102556205,0.9805423811261097,0.9868731066980815,16126,320,109
Saimiri_boliviensis,Aotus_azarai,same-order,4,1,2,442,428,14,4,0,16492,98.22289156626506,0.9934198501188083,0.9913662066030279,0.9923919659160073,16305,142,108
Saimiri_boliviensis,Aotus_azarai,same-order,4,1,3,442,433,9,2,0,16492,98.3132530120482,0.9934258582907232,0.9922782270322855,0.9928517110266158,16320,127,108
Saimiri_boliviensis,Aotus_azarai,same-order,4,1,4,442,433,9,2,0,16492,98.3132530120482,0.9934258582907232,0.9922782270322855,0.9928517110266158,16320,127,108
Saimiri_boliviensis,Aotus_azarai,same-order,4,2,1,442,348,94,23,2,16501,97.02463410227067,0.9937079760656344,0.9790919589132681,0.9863458241489101,16109,344,102
Saimiri_boliviensis,Aotus_azarai,same-order,4,2,2,442,432,10,4,0,16496,98.39137245451259,0.9937929775451835,0.9925849389169148,0.9931885908897403,16331,122,102
Saimiri_boliviensis,Aotus_azarai,same-order,4,2,3,442,434,8,2,0,16496,98.43957103265454,0.9937959978103522,0.9930711724305598,0.9934334529093453,16339,114,102
Saimiri_boliviensis,Aotus_azarai,same-order,4,2,4,442,434,8,2,0,16496,98.43957103265454,0.9937959978103522,0.9930711724305598,0.9934334529093453,16339,114,102
Saimiri_boliviensis,Aotus_azarai,same-order,5,0,1,552,398,154,21,5,16530,98.22816850479117,0.9961496149614961,0.9882973562939608,0.9922079503256833,16299,193,63
Saimiri_boliviensis,Aotus_azarai,same-order,5,0,2,552,550,2,0,0,16531,99.16229735430603,0.9962460644223783,0.997635360455951,0.9969402284225514,16454,39,62
Saimiri_boliviensis,Aotus_azarai,same-order,5,0,3,552,550,2,0,0,16531,99.16229735430603,0.9962460644223783,0.997635360455951,0.9969402284225514,16454,39,62
Saimiri_boliviensis,Aotus_azarai,same-order,5,1,1,552,416,136,25,6,16531,98.15618221258134,0.9960256802201162,0.9878714372346877,0.9919318008829351,16290,200,65
Saimiri_boliviensis,Aotus_azarai,same-order,5,1,2,552,551,1,0,0,16530,98.88513920694227,0.9961148546105749,0.9950275908071069,0.9955709258585124,16409,82,64
Saimiri_boliviensis,Aotus_azarai,same-order,5,1,3,552,552,0,0,0,16530,98.95142822707002,0.9961174472215482,0.9956946213085925,0.9959059893858985,16420,71,64
Saimiri_boliviensis,Aotus_azarai,same-order,5,1,4,552,552,0,0,0,16530,98.95142822707002,0.9961174472215482,0.9956946213085925,0.9959059893858985,16420,71,64
Saimiri_boliviensis,Aotus_azarai,same-order,5,2,1,552,424,128,21,5,16525,98.18598204061954,0.9958435207823961,0.9881724995450961,0.9919931805035468,16292,195,68
Saimiri_boliviensis,Aotus_azarai,same-order,5,2,2,552,547,5,0,0,16528,98.98752485988068,0.9960582171012735,0.9960582171012735,0.9960582171012735,16425,65,65
Saimiri_boliviensis,Aotus_azarai,same-order,5,2,3,552,550,2,0,0,16528,98.99355149761948,0.9960584561275847,0.9961188599151001,0.9960886571056062,16426,64,65
Saimiri_boliviensis,Aotus_azarai,same-order,5,2,4,552,550,2,0,0,16528,98.99355149761948,0.9960584561275847,0.9961188599151001,0.9960886571056062,16426,64,65
Saimiri_boliviensis,Aotus_azarai,same-order,6,0,1,663,500,163,20,5,16530,98.75248598806726,0.9961699799379902,0.993572641280621,0.9948696153729395,16386,106,63
Saimiri_boliviensis,Aotus_azarai,same-order,6,0,2,663,661,2,0,0,16530,99.15627071656722,0.9961855170743521,0.9976352170749454,0.9969098400387784,16453,39,63
Saimiri_boliviensis,Aotus_azarai,same-order,6,0,3,663,661,2,0,0,16530,99.15627071656722,0.9961855170743521,0.9976352170749454,0.9969098400387784,16453,39,63
Saimiri_boliviensis,Aotus_azarai,same-order,6,1,1,663,523,140,27,4,16531,98.06568243446821,0.9960827518668136,0.9868413073797829,0.9914404946845776,16274,217,64
Saimiri_boliviensis,Aotus_azarai,same-order,6,1,2,663,658,5,0,0,16531,99.11413764011088,0.9961841308298002,0.9972714043172447,0.9967274710623598,16447,45,63
Saimiri_boliviensis,Aotus_azarai,same-order,6,1,3,663,659,4,0,0,16531,99.11413764011088,0.9961841308298002,0.9972714043172447,0.9967274710623598,16447,45,63
Saimiri_boliviensis,Aotus_azarai,same-order,6,1,4,663,659,4,0,0,16531,99.11413764011088,0.9961841308298002,0.9972714043172447,0.9967274710623598,16447,45,63
Saimiri_boliviensis,Aotus_azarai,same-order,6,2,1,663,520,143,22,4,16527,98.4150897914909,0.995914135870228,0.9904779233381853,0.9931885908897403,16331,157,67
Saimiri_boliviensis,Aotus_azarai,same-order,6,2,2,663,659,4,0,0,16530,99.19845718073887,0.9961871330872117,0.9980596652922629,0.9971225200666364,16460,32,63
Saimiri_boliviensis,Aotus_azarai,same-order,6,2,3,663,659,4,0,0,16530,99.19845718073887,0.9961871330872117,0.9980596652922629,0.9971225200666364,16460,32,63
Saimiri_boliviensis,Aotus_azarai,same-order,7,0,1,773,583,190,24,5,16531,98.81282391225744,0.9961725394896719,0.9942396313364056,0.9952051468803108,16397,95,63
Saimiri_boliviensis,Aotus_azarai,same-order,7,0,2,773,769,4,0,0,16530,99.19845718073887,0.9961871330872117,0.9980596652922629,0.9971225200666364,16460,32,63
Saimiri_boliviensis,Aotus_azarai,same-order,7,0,3,773,769,4,0,0,16530,99.19845718073887,0.9961871330872117,0.9980596652922629,0.9971225200666364,16460,32,63
Saimiri_boliviensis,Aotus_azarai,same-order,7,1,1,773,602,171,25,3,16530,98.54784285369969,0.9959807563485781,0.9918733701255382,0.9939228198116075,16355,134,66
Saimiri_boliviensis,Aotus_azarai,same-order,7,1,2,773,768,5,0,0,16530,99.17435062978365,0.9961862098189963,0.9978171234537958,0.9970009996667777,16456,36,63
Saimiri_boliviensis,Aotus_azarai,same-order,7,1,3,773,768,5,0,0,16530,99.17435062978365,0.9961862098189963,0.9978171234537958,0.9970009996667777,16456,36,63
Saimiri_boliviensis,Aotus_azarai,same-order,7,2,1,773,603,170,24,4,16531,98.72845606845848,0.9961692812842029,0.9933907349017705,0.9947780678851175,16383,109,63
Saimiri_boliviensis,Aotus_azarai,same-order,7,2,2,773,768,5,0,0,16529,99.19243054300006,0.9961266113901833,0.9980595476320417,0.9970921427273277,16459,32,64
Saimiri_boliviensis,Aotus_azarai,same-order,7,2,3,773,768,5,0,0,16530,99.19845718073887,0.9961871330872117,0.9980596652922629,0.9971225200666364,16460,32,63
Saimiri_boliviensis,Aotus_azarai,same-order,7,2,4,773,768,5,0,0,16530,99.19845718073887,0.9961871330872117,0.9980596652922629,0.9971225200666364,16460,32,63
Saimiri_boliviensis,Aotus_azarai,same-order,8,0,1,883,658,225,24,6,16531,98.71029952389561,0.9962289398455082,0.9930879767173952,0.9946559786239145,16379,114,62
Saimiri_boliviensis,Aotus_azarai,same-order,8,0,2,883,879,4,0,0,16531,99.18037726752245,0.9962467461710758,0.9978172558054932,0.9970313825275657,16457,36,62
Saimiri_boliviensis,Aotus_azarai,same-order,8,0,3,883,879,4,0,0,16531,99.18037726752245,0.9962467461710758,0.9978172558054932,0.9970313825275657,16457,36,62
Saimiri_boliviensis,Aotus_azarai,same-order,8,1,1,883,680,203,25,7,16532,98.82487646137157,0.9962335216572504,0.9943006123810101,0.9952661285428173,16399,94,62
Saimiri_boliviensis,Aotus_azarai,same-order,8,1,2,883,883,0,0,0,16531,99.21051045621648,0.9962478818687969,0.998120414721397,0.9971832692249447,16462,31,62
Saimiri_boliviensis,Aotus_azarai,same-order,8,1,3,883,883,0,0,0,16531,99.21051045621648,0.9962478818687969,0.998120414721397,0.9971832692249447,16462,31,62
Saimiri_boliviensis,Aotus_azarai,same-order,8,2,1,883,688,195,24,5,16528,98.69832469567314,0.9959863780102165,0.9932682394323489,0.9946254516746121,16378,111,66
Saimiri_boliviensis,Aotus_azarai,same-order,8,2,2,883,882,1,0,0,16531,99.21653709395528,0.9962481089258699,0.9981810465045777,0.9972136410442789,16463,30,62
Saimiri_boliviensis,Aotus_azarai,same-order,8,2,3,883,882,1,0,0,16531,99.21653709395528,0.9962481089258699,0.9981810465045777,0.9972136410442789,16463,30,62
Saimiri_boliviensis,Varecia_variegata,same-order,1,0,1,114,16,98,49,5,16479,74.63431622939402,0.9449548026750937,0.792920572274297,0.8622874962277437,12858,3358,749
Saimiri_boliviensis,Varecia_variegata,same-order,1,0,2,114,39,75,49,2,16480,74.669143255166,0.9450484866294446,0.793241659986434,0.8625163431559892,12864,3353,748
Saimiri_boliviensis,Varecia_variegata,same-order,1,0,3,114,40,74,49,2,16483,74.83743613562471,0.9456386178563568,0.7945019723865878,0.863506950259588,12890,3334,741
Saimiri_boliviensis,Varecia_variegata,same-order,1,0,4,114,40,74,49,2,16483,74.83743613562471,0.9456386178563568,0.7945019723865878,0.863506950259588,12890,3334,741
Saimiri_boliviensis,Varecia_variegata,same-order,1,1,1,114,27,87,40,5,16479,76.27512489833856,0.9469888207717274,0.8089956869993838,0.8725701943844493,13130,3100,735
Saimiri_boliviensis,Varecia_variegata,same-order,1,1,2,114,68,46,42,0,16478,76.5003195259397,0.9471337121484572,0.8113370301910043,0.8739919689377095,13168,3062,735
Saimiri_boliviensis,Varecia_variegata,same-order,1,1,3,114,69,45,41,0,16478,76.61651077673851,0.947209653092006,0.8125693160813309,0.8747388319570192,13188,3042,735
Saimiri_boliviensis,Varecia_variegata,same-order,1,1,4,114,69,45,41,0,16478,76.61651077673851,0.947209653092006,0.8125693160813309,0.8747388319570192,13188,3042,735
Saimiri_boliviensis,Varecia_variegata,same-order,1,2,1,114,19,95,49,6,16473,75.37621288710709,0.946174604332288,0.7994700191039625,0.8666577593693634,12973,3254,738
Saimiri_boliviensis,Varecia_variegata,same-order,1,2,2,114,43,71,47,1,16474,75.53889954099122,0.9463531809579269,0.8011461671185605,0.8677167456450643,13001,3227,737
Saimiri_boliviensis,Varecia_variegata,same-order,1,2,3,114,43,71,47,1,16474,75.53889954099122,0.9463531809579269,0.8011461671185605,0.8677167456450643,13001,3227,737
Saimiri_boliviensis,Varecia_variegata,same-order,2,0,1,227,35,192,44,16,16501,82.84499330110096,0.9552659860290167,0.8725688692557826,0.9120466861192165,14222,2077,666
Saimiri_boliviensis,Varecia_variegata,same-order,2,0,2,227,157,70,35,0,16498,82.99347471451875,0.9553349875930521,0.8739799987729309,0.9128484460108939,14245,2054,666
Saimiri_boliviensis,Varecia_variegata,same-order,2,0,3,227,158,69,34,0,16498,83.1041715217898,0.9553918285331547,0.8751457144610099,0.913509878638445,14264,2035,666
Saimiri_boliviensis,Varecia_variegata,same-order,2,0,4,227,158,69,34,0,16498,83.1041715217898,0.9553918285331547,0.8751457144610099,0.913509878638445,14264,2035,666
Saimiri_boliviensis,Varecia_variegata,same-order,2,1,1,227,34,193,41,10,16513,83.33721879006877,0.9568388650963597,0.8761642156862746,0.9147262026612079,14299,2021,645
Saimiri_boliviensis,Varecia_variegata,same-order,2,1,2,227,154,73,34,1,16513,84.00769589552239,0.9575358851674641,0.88257993384785,0.9185312679288583,14409,1917,639
Saimiri_boliviensis,Varecia_variegata,same-order,2,1,3,227,155,72,34,1,16513,84.00769589552239,0.9575358851674641,0.88257993384785,0.9185312679288583,14409,1917,639
Saimiri_boliviensis,Varecia_variegata,same-order,2,1,4,227,155,72,34,1,16513,84.00769589552239,0.9575358851674641,0.88257993384785,0.9185312679288583,14409,1917,639
Saimiri_boliviensis,Varecia_variegata,same-order,2,2,1,227,46,181,38,14,16512,83.2528648711535,0.9547061570275499,0.8787916001473658,0.915177286824184,14312,1974,679
Saimiri_boliviensis,Varecia_variegata,same-order,2,2,2,227,152,75,31,1,16507,83.43615411477127,0.9550329758177336,0.880049109883364,0.9160090731925498,14336,1954,675
Saimiri_boliviensis,Varecia_variegata,same-order,2,2,3,227,152,75,31,1,16507,83.43615411477127,0.9550329758177336,0.880049109883364,0.9160090731925498,14336,1954,675
Saimiri_boliviensis,Varecia_variegata,same-order,3,0,1,340,40,300,28,14,16519,86.96994408201304,0.9583440308087291,0.9151139985290513,0.9362302483069977,14931,1385,649
Saimiri_boliviensis,Varecia_variegata,same-order,3,0,2,340,261,79,18,2,16524,89.24505167279733,0.962046827794562,0.9341767510084342,0.9479069767441861,15285,1077,603
Saimiri_boliviensis,Varecia_variegata,same-order,3,0,3,340,281,59,17,1,16524,89.24505167279733,0.962046827794562,0.9341767510084342,0.9479069767441861,15285,1077,603
Saimiri_boliviensis,Varecia_variegata,same-order,3,0,4,340,281,59,17,1,16524,89.24505167279733,0.962046827794562,0.9341767510084342,0.9479069767441861,15285,1077,603
Saimiri_boliviensis,Varecia_variegata,same-order,3,1,1,340,51,289,23,14,16533,90.83683964469378,0.9640885691248527,0.9486146710606616,0.9562890276538806,15544,842,579
Saimiri_boliviensis,Varecia_variegata,same-order,3,1,2,340,295,45,14,1,16530,91.03980361213397,0.9641597028783658,0.9505675576711827,0.9573153867428782,15576,810,579
Saimiri_boliviensis,Varecia_variegata,same-order,3,1,3,340,295,45,14,1,16530,91.03980361213397,0.9641597028783658,0.9505675576711827,0.9573153867428782,15576,810,579
Saimiri_boliviensis,Varecia_variegata,same-order,3,2,1,340,63,277,24,17,16536,90.71870260179675,0.9624930370737141,0.9506082278867901,0.9565137163242711,15551,808,606
Saimiri_boliviensis,Varecia_variegata,same-order,3,2,2,340,299,41,11,0,16535,90.84650837174027,0.9625417233279763,0.951891924934287,0.9571872022620401,15572,787,606
Saimiri_boliviensis,Varecia_variegata,same-order,3,2,3,340,299,41,11,0,16535,90.84650837174027,0.9625417233279763,0.951891924934287,0.9571872022620401,15572,787,606
Saimiri_boliviensis,Varecia_variegata,same-order,4,0,1,453,66,387,18,13,16520,90.15704361025162,0.9620608023922252,0.944179505991685,0.9530362873364601,15443,913,609
Saimiri_boliviensis,Varecia_variegata,same-order,4,0,2,453,379,74,11,0,16523,90.17455776752875,0.9622476949912784,0.9441897426493062,0.9531331955200395,15446,913,606
Saimiri_boliviensis,Varecia_variegata,same-order,4,0,3,453,379,74,11,0,16523,90.17455776752875,0.9622476949912784,0.9441897426493062,0.9531331955200395,15446,913,606
Saimiri_boliviensis,Varecia_variegata,same-order,4,1,1,453,59,394,13,9,16532,90.13829725156096,0.962309992524296,0.9441931540342299,0.9531654942613847,15447,913,605
Saimiri_boliviensis,Varecia_variegata,same-order,4,1,2,453,356,97,5,1,16529,93.242847949453,0.9658223245667192,0.9717700140235351,0.9687870406953772,15938,463,564
Saimiri_boliviensis,Varecia_variegata,same-order,4,1,3,453,405,48,3,0,16529,93.242847949453,0.9658223245667192,0.9717700140235351,0.9687870406953772,15938,463,564
Saimiri_boliviensis,Varecia_variegata,same-order,4,1,4,453,405,48,3,0,16529,93.242847949453,0.9658223245667192,0.9717700140235351,0.9687870406953772,15938,463,564
Saimiri_boliviensis,Varecia_variegata,same-order,4,2,1,453,84,369,17,14,16532,93.78769248785058,0.9669785692725626,0.9756364965282007,0.9712882393960525,16018,400,547
Saimiri_boliviensis,Varecia_variegata,same-order,4,2,2,453,426,27,5,0,16531,94.05598500819865,0.9671805371552451,0.9781364190012181,0.9726276267183432,16061,359,545
Saimiri_boliviensis,Varecia_variegata,same-order,4,2,3,453,427,26,4,0,16531,94.05598500819865,0.9671805371552451,0.9781364190012181,0.9726276267183432,16061,359,545
Saimiri_boliviensis,Varecia_variegata,same-order,4,2,4,453,427,26,4,0,16531,94.05598500819865,0.9671805371552451,0.9781364190012181,0.9726276267183432,16061,359,545
Saimiri_boliviensis,Varecia_variegata,same-order,5,0,1,566,96,470,12,8,16540,91.56873063205286,0.9652983234714004,0.9548225826118766,0.960031876417581,15661,741,563
Saimiri_boliviensis,Varecia_variegata,same-order,5,0,2,566,471,95,8,0,16540,91.7611975207578,0.965426022762227,0.9567152350179845,0.9610508910527283,15693,710,562
Saimiri_boliviensis,Varecia_variegata,same-order,5,0,3,566,472,94,8,0,16540,91.7611975207578,0.965426022762227,0.9567152350179845,0.9610508910527283,15693,710,562
Saimiri_boliviensis,Varecia_variegata,same-order,5,0,4,566,472,94,8,0,16540,91.7611975207578,0.965426022762227,0.9567152350179845,0.9610508910527283,15693,710,562
Saimiri_boliviensis,Varecia_variegata,same-order,5,1,1,566,84,482,11,9,16548,92.8312265917603,0.9670791928305797,0.9657838660578386,0.9664310954063604,15863,562,540
Saimiri_boliviensis,Varecia_variegata,same-order,5,1,2,566,496,70,4,1,16545,95.69349917859657,0.9703135225176989,0.9905259322239767,0.9803155522163788,16310,156,499
Saimiri_boliviensis,Varecia_variegata,same-order,5,1,3,566,548,18,2,0,16545,95.69349917859657,0.9703135225176989,0.9905259322239767,0.9803155522163788,16310,156,499
Saimiri_boliviensis,Varecia_variegata,same-order,5,1,4,566,548,18,2,0,16545,95.69349917859657,0.9703135225176989,0.9905259322239767,0.9803155522163788,16310,156,499
Saimiri_boliviensis,Varecia_variegata,same-order,5,2,1,566,94,472,15,9,16540,91.58306112925806,0.9629561484207299,0.9596601674714259,0.9613053327618931,15701,660,604
Saimiri_boliviensis,Varecia_variegata,same-order,5,2,2,566,496,70,6,0,16539,91.74301219583357,0.9633578431372549,0.9605914339830146,0.9619726496772418,15722,645,598
Saimiri_boliviensis,Varecia_variegata,same-order,5,2,3,566,496,70,6,0,16539,91.74301219583357,0.9633578431372549,0.9605914339830146,0.9619726496772418,15722,645,598
Saimiri_boliviensis,Varecia_variegata,same-order,6,0,1,679,106,573,10,9,16537,95.16043878688332,0.9695194836241932,0.9858401701610453,0.977611715430741,16222,233,510
Saimiri_boliviensis,Varecia_variegata,same-order,6,0,2,679,645,34,2,0,16541,95.26602921335132,0.9697838289740833,0.9866942098547907,0.9781659388646289,16240,219,506
Saimiri_boliviensis,Varecia_variegata,same-order,6,0,3,679,648,31,1,0,16542,95.40708587517598,0.9698288712658756,0.9882131356704539,0.9789346975624436,16265,194,506
Saimiri_boliviensis,Varecia_variegata,same-order,6,0,4,679,648,31,1,0,16541,95.41268258344577,0.9698288712658756,0.9882131356704539,0.9789346975624436,16265,194,506
Saimiri_boliviensis,Varecia_variegata,same-order,6,0,5,679,648,31,1,0,16541,95.41268258344577,0.9698288712658756,0.9882131356704539,0.9789346975624436,16265,194,506
Saimiri_boliviensis,Varecia_variegata,same-order,6,1,1,679,116,563,8,8,16543,94.6539407424757,0.9679640718562874,0.9838709677419355,0.975852701479022,16165,265,535
Saimiri_boliviensis,Varecia_variegata,same-order,6,1,2,679,632,47,3,0,16543,94.6539407424757,0.9679640718562874,0.9838709677419355,0.975852701479022,16165,265,535
Saimiri_boliviensis,Varecia_variegata,same-order,6,1,3,679,632,47,3,0,16543,94.6539407424757,0.9679640718562874,0.9838709677419355,0.975852701479022,16165,265,535
Saimiri_boliviensis,Varecia_variegata,same-order,6,2,1,679,115,564,11,10,16540,95.28556350416325,0.9693390598902409,0.9877818977569752,0.9784735812133072,16250,201,514
Saimiri_boliviensis,Varecia_variegata,same-order,6,2,2,679,643,36,3,0,16540,95.31992258518562,0.9695180147936053,0.9877841254406223,0.9785658377987838,16253,201,511
Saimiri_boliviensis,Varecia_variegata,same-order,6,2,3,679,643,36,3,0,16540,95.31992258518562,0.9695180147936053,0.9877841254406223,0.9785658377987838,16253,201,511
Saimiri_boliviensis,Varecia_variegata,same-order,7,0,1,792,121,671,7,7,16544,95.65906024520443,0.9700773349196906,0.9905843761389868,0.980223611445059,16307,155,503
Saimiri_boliviensis,Varecia_variegata,same-order,7,0,2,792,761,31,1,0,16544,95.69349917859657,0.9702558001189768,0.9905860917096873,0.9803155522163788,16310,155,500
Saimiri_boliviensis,Varecia_variegata,same-order,7,0,3,792,761,31,1,0,16544,95.69349917859657,0.9702558001189768,0.9905860917096873,0.9803155522163788,16310,155,500
Saimiri_boliviensis,Varecia_variegata,same-order,7,1,1,792,129,663,11,9,16547,93.91085634066448,0.9669356781498434,0.9780092592592593,0.9724409448818897,16055,361,549
Saimiri_boliviensis,Varecia_variegata,same-order,7,1,2,792,728,64,2,0,16547,93.93389880081895,0.9669998795616043,0.9781324237071328,0.9725342942797444,16058,359,548
Saimiri_boliviensis,Varecia_variegata,same-order,7,1,3,792,728,64,2,0,16547,93.93389880081895,0.9669998795616043,0.9781324237071328,0.9725342942797444,16058,359,548
Saimiri_boliviensis,Varecia_variegata,same-order,7,2,1,792,132,660,6,5,16534,93.72732592159157,0.9664534813563412,0.9761716131391309,0.9712882393960525,16018,391,556
Saimiri_boliviensis,Varecia_variegata,same-order,7,2,2,792,721,71,2,0,16540,93.76243417203042,0.9668154941474599,0.9761803228754188,0.9714753402649368,16024,391,550
Saimiri_boliviensis,Varecia_variegata,same-order,7,2,3,792,721,71,2,0,16540,93.76243417203042,0.9668154941474599,0.9761803228754188,0.9714753402649368,16024,391,550
Saimiri_boliviensis,Varecia_variegata,same-order,8,0,1,905,150,755,5,5,16544,95.69349917859657,0.9702558001189768,0.9905860917096873,0.9803155522163788,16310,155,500
Saimiri_boliviensis,Varecia_variegata,same-order,8,0,2,905,860,45,1,0,16544,95.69349917859657,0.9702558001189768,0.9905860917096873,0.9803155522163788,16310,155,500
Saimiri_boliviensis,Varecia_variegata,same-order,8,0,3,905,860,45,1,0,16544,95.69349917859657,0.9702558001189768,0.9905860917096873,0.9803155522163788,16310,155,500
Saimiri_boliviensis,Varecia_variegata,same-order,8,1,1,905,152,753,6,5,16535,93.76719143208287,0.966694823217087,0.9761774203375373,0.9714129808712522,16022,391,552
Saimiri_boliviensis,Varecia_variegata,same-order,8,1,2,905,816,89,2,0,16538,93.78474863931643,0.9668758296126463,0.9761817738791423,0.9715065171264019,16025,391,549
Saimiri_boliviensis,Varecia_variegata,same-order,8,1,3,905,816,89,2,0,16538,93.78474863931643,0.9668758296126463,0.9761817738791423,0.9715065171264019,16025,391,549
Saimiri_boliviensis,Varecia_variegata,same-order,8,2,1,905,148,757,5,5,16548,95.70012318883087,0.9703205852614049,0.9907688570387465,0.9804381141260254,16314,152,499
Saimiri_boliviensis,Varecia_variegata,same-order,8,2,2,905,851,54,1,0,16545,95.71696784792302,0.9703205852614049,0.9907688570387465,0.9804381141260254,16314,152,499
Saimiri_boliviensis,Varecia_variegata,same-order,8,2,3,905,851,54,1,0,16545,95.71696784792302,0.9703205852614049,0.9907688570387465,0.9804381141260254,16314,152,499
Saimiri_sciureus,Homo_sapiens,same-order,1,0,1,111,39,72,49,7,16478,77.50247193625313,0.9490740740740741,0.840481897312981,0.8914832407841038,13325,2529,715
Saimiri_sciureus,Homo_sapiens,same-order,1,0,2,111,70,41,43,1,16477,78.08864588180549,0.9494342291371994,0.8467894537656112,0.8951790358071614,13425,2429,715
Saimiri_sciureus,Homo_sapiens,same-order,1,0,3,111,70,41,43,1,16477,78.0944625407166,0.9494378049642882,0.8468525293301375,0.8952158693115518,13426,2428,715
Saimiri_sciureus,Homo_sapiens,same-order,1,0,4,111,70,41,43,1,16477,78.0944625407166,0.9494378049642882,0.8468525293301375,0.8952158693115518,13426,2428,715
Saimiri_sciureus,Homo_sapiens,same-order,1,1,1,111,34,77,41,2,16471,75.76726342710998,0.9467606042998257,0.8231245263955544,0.880624239967572,13035,2801,733
Saimiri_sciureus,Homo_sapiens,same-order,1,1,2,111,56,55,40,1,16474,76.39946520955647,0.9474480968858131,0.8297348484848485,0.8846930533117933,13143,2697,729
Saimiri_sciureus,Homo_sapiens,same-order,1,1,3,111,56,55,40,1,16474,76.39946520955647,0.9474480968858131,0.8297348484848485,0.8846930533117933,13143,2697,729
Saimiri_sciureus,Homo_sapiens,same-order,1,2,1,111,35,76,42,7,16479,77.67374236696715,0.9491188175099489,0.8424903803696461,0.8926315789473684,13356,2497,716
Saimiri_sciureus,Homo_sapiens,same-order,1,2,2,111,68,43,40,1,16483,78.18626025245769,0.9499611279949113,0.8474245003467625,0.8957680773075641,13441,2420,708
Saimiri_sciureus,Homo_sapiens,same-order,1,2,3,111,69,42,40,1,16483,78.18626025245769,0.9499611279949113,0.8474245003467625,0.8957680773075641,13441,2420,708
Saimiri_sciureus,Homo_sapiens,same-order,1,2,4,111,69,42,40,1,16483,78.18626025245769,0.9499611279949113,0.8474245003467625,0.8957680773075641,13441,2420,708
Saimiri_sciureus,Homo_sapiens,same-order,2,0,1,221,66,155,40,13,16506,83.95104895104895,0.9565737051792829,0.9051837888784166,0.9301694915254236,14406,1509,654
Saimiri_sciureus,Homo_sapiens,same-order,2,0,2,221,179,42,22,1,16510,84.81086437022789,0.9574286090275036,0.9138927270443412,0.9351542416452442,14551,1371,647
Saimiri_sciureus,Homo_sapiens,same-order,2,0,3,221,179,42,22,1,16510,84.81086437022789,0.9574286090275036,0.9138927270443412,0.9351542416452442,14551,1371,647
Saimiri_sciureus,Homo_sapiens,same-order,2,1,1,221,61,160,36,8,16491,83.01183052625444,0.9552038626609443,0.8957927174391548,0.924544834972252,14244,1657,668
Saimiri_sciureus,Homo_sapiens,same-order,2,1,2,221,167,54,25,1,16498,84.38575010203486,0.9568293005421129,0.9093365167127418,0.9324785774112493,14473,1443,653
Saimiri_sciureus,Homo_sapiens,same-order,2,1,3,221,173,48,23,1,16507,84.71720116618076,0.9576192987081465,0.9122818033404496,0.9344009261045726,14529,1397,643
Saimiri_sciureus,Homo_sapiens,same-order,2,1,4,221,174,47,22,1,16508,84.77551020408163,0.9577102957644424,0.9128523890249263,0.9347434743474348,14539,1388,642
Saimiri_sciureus,Homo_sapiens,same-order,2,1,5,221,174,47,22,1,16508,84.77551020408163,0.9577102957644424,0.9128523890249263,0.9347434743474348,14539,1388,642
Saimiri_sciureus,Homo_sapiens,same-order,2,2,1,221,63,158,41,12,16466,81.32828429944655,0.9523159833549355,0.8796471329552615,0.9145402731828753,13960,1910,699
Saimiri_sciureus,Homo_sapiens,same-order,2,2,2,221,145,76,34,2,16470,81.81553341490415,0.9529691211401425,0.8844797178130511,0.9174479762176995,14042,1834,693
Saimiri_sciureus,Homo_sapiens,same-order,2,2,3,221,147,74,32,2,16469,81.88439575807016,0.9530042045300421,0.8851725875535399,0.9178368493240153,14053,1823,693
Saimiri_sciureus,Homo_sapiens,same-order,2,2,4,221,147,74,32,2,16469,81.88439575807016,0.9530042045300421,0.8851725875535399,0.9178368493240153,14053,1823,693
Saimiri_sciureus,Homo_sapiens,same-order,3,0,1,332,99,233,29,11,16507,88.73847590150542,0.9601616263653009,0.9541975153720668,0.9571702803914781,15208,730,631
Saimiri_sciureus,Homo_sapiens,same-order,3,0,2,332,296,36,13,0,16514,89.40180916253283,0.9610414052697616,0.9605593177827941,0.9608003010536879,15319,629,621
Saimiri_sciureus,Homo_sapiens,same-order,3,0,3,332,298,34,12,0,16514,89.56460838099684,0.961167480896906,0.96219198695843,0.9616794610684631,15346,603,620
Saimiri_sciureus,Homo_sapiens,same-order,3,0,4,332,298,34,12,0,16514,89.56460838099684,0.961167480896906,0.96219198695843,0.9616794610684631,15346,603,620
Saimiri_sciureus,Homo_sapiens,same-order,3,1,1,332,104,228,29,11,16461,87.25564567894031,0.9567470727493762,0.940854464229535,0.9487342173719941,14953,940,676
Saimiri_sciureus,Homo_sapiens,same-order,3,1,2,332,278,54,16,0,16460,88.1487535758071,0.957572298325723,0.949622641509434,0.953580901856764,15099,801,669
Saimiri_sciureus,Homo_sapiens,same-order,3,1,3,332,287,45,14,0,16466,88.5223889310526,0.9581069126753444,0.9532880673959512,0.9556914156056977,15163,743,663
Saimiri_sciureus,Homo_sapiens,same-order,3,1,4,332,289,43,14,0,16466,88.5223889310526,0.9581069126753444,0.9532880673959512,0.9556914156056977,15163,743,663
Saimiri_sciureus,Homo_sapiens,same-order,3,1,5,332,289,43,14,0,16466,88.5223889310526,0.9581069126753444,0.9532880673959512,0.9556914156056977,15163,743,663
Saimiri_sciureus,Homo_sapiens,same-order,3,2,1,332,98,234,32,13,16499,87.60793465577596,0.959059845436546,0.9427423405323958,0.9508310907076144,15016,912,641
Saimiri_sciureus,Homo_sapiens,same-order,3,2,2,332,285,47,20,0,16509,88.41687576588667,0.9602027883396704,0.950504987140079,0.9553292771350209,15152,789,628
Saimiri_sciureus,Homo_sapiens,same-order,3,2,3,332,287,45,19,0,16507,88.49655655421968,0.9602913236225459,0.9511353657006649,0.9556914156056977,15163,779,627
Saimiri_sciureus,Homo_sapiens,same-order,3,2,4,332,287,45,19,0,16507,88.49655655421968,0.9602913236225459,0.9511353657006649,0.9556914156056977,15163,779,627
Saimiri_sciureus,Homo_sapiens,same-order,4,0,1,442,123,319,23,10,16501,90.48175182481752,0.9612879210869161,0.9717779868297272,0.9665044910179641,15495,450,624
Saimiri_sciureus,Homo_sapiens,same-order,4,0,2,442,412,30,8,0,16508,90.99988319121599,0.9620870639086138,0.9765590723911,0.9692690513219285,15581,374,614
Saimiri_sciureus,Homo_sapiens,same-order,4,0,3,442,412,30,8,0,16508,90.99988319121599,0.9620870639086138,0.9765590723911,0.9692690513219285,15581,374,614
Saimiri_sciureus,Homo_sapiens,same-order,4,1,1,442,144,298,22,9,16505,90.3883211678832,0.9614882911982111,0.9705310677785441,0.9659885172241638,15479,470,620
Saimiri_sciureus,Homo_sapiens,same-order,4,1,2,442,409,33,6,0,16506,90.94837654753562,0.9618330039525692,0.9763651181744091,0.96904458202408,15574,377,618
Saimiri_sciureus,Homo_sapiens,same-order,4,1,3,442,411,31,5,0,16506,90.94837654753562,0.9618330039525692,0.9763651181744091,0.96904458202408,15574,377,618
Saimiri_sciureus,Homo_sapiens,same-order,4,1,4,442,411,31,5,0,16506,90.94837654753562,0.9618330039525692,0.9763651181744091,0.96904458202408,15574,377,618
Saimiri_sciureus,Homo_sapiens,same-order,4,2,1,442,146,296,28,12,16499,89.12295034136663,0.9599019546225881,0.9586968802962776,0.9592990390050875,15273,658,638
Saimiri_sciureus,Homo_sapiens,same-order,4,2,2,442,398,44,10,0,16503,89.69463420330473,0.9609658451144751,0.963436814048291,0.9621997431962669,15362,583,624
Saimiri_sciureus,Homo_sapiens,same-order,4,2,3,442,399,43,9,0,16503,89.70631167162959,0.9609707280460346,0.9635622452179367,0.9622647418031502,15364,581,624
Saimiri_sciureus,Homo_sapiens,same-order,4,2,4,442,399,43,9,0,16503,89.70631167162959,0.9609707280460346,0.9635622452179367,0.9622647418031502,15364,581,624
Saimiri_sciureus,Homo_sapiens,same-order,5,0,1,553,168,385,18,9,16483,92.6207906295754,0.9639178399463644,0.9898604243600175,0.9767168972332015,15815,162,592
Saimiri_sciureus,Homo_sapiens,same-order,5,0,2,553,529,24,4,0,16487,93.03497158924492,0.964532977043605,0.9935564591804817,0.9788296200425256,15882,103,584
Saimiri_sciureus,Homo_sapiens,same-order,5,0,3,553,531,22,3,0,16490,93.15798722980493,0.9647537005581169,0.9946835126344759,0.979490022172949,15903,85,581
Saimiri_sciureus,Homo_sapiens,same-order,5,0,4,553,531,22,3,0,16490,93.15798722980493,0.9647537005581169,0.9946835126344759,0.979490022172949,15903,85,581
Saimiri_sciureus,Homo_sapiens,same-order,5,1,1,553,162,391,20,8,16508,90.02800793558175,0.9607696618718475,0.9680030114812723,0.9643727732983312,15429,510,630
Saimiri_sciureus,Homo_sapiens,same-order,5,1,2,553,497,56,5,1,16494,93.20058565153734,0.9647772052137011,0.9953715286464848,0.9798356063171505,15914,74,581
Saimiri_sciureus,Homo_sapiens,same-order,5,1,3,553,543,10,4,0,16495,93.29428989751098,0.964869775893398,0.996309963099631,0.9803378565494324,15930,59,580
Saimiri_sciureus,Homo_sapiens,same-order,5,1,4,553,543,10,4,0,16495,93.29428989751098,0.964869775893398,0.996309963099631,0.9803378565494324,15930,59,580
Saimiri_sciureus,Homo_sapiens,same-order,5,2,1,553,161,392,22,9,16494,91.54789719626169,0.9615927357506595,0.9830646678793201,0.9722101606600088,15673,270,626
Saimiri_sciureus,Homo_sapiens,same-order,5,2,2,553,519,34,5,0,16504,91.92709854547579,0.9623899217221135,0.9863983953867369,0.9742462700427166,15737,217,615
Saimiri_sciureus,Homo_sapiens,same-order,5,2,3,553,520,33,4,0,16507,91.99135463520065,0.9625916870415648,0.9869022999310647,0.9745954141782963,15748,209,612
Saimiri_sciureus,Homo_sapiens,same-order,5,2,4,553,520,33,4,0,16507,91.99135463520065,0.9625916870415648,0.9869022999310647,0.9745954141782963,15748,209,612
Saimiri_sciureus,Homo_sapiens,same-order,6,0,1,663,206,457,16,9,16488,93.0152224824356,0.9640754900175982,0.9943669024222319,0.9789869361597239,15887,90,592
Saimiri_sciureus,Homo_sapiens,same-order,6,0,2,663,639,24,2,0,16495,93.46960290500175,0.9649897206433667,0.9980612883051907,0.9812469257255287,15959,31,579
Saimiri_sciureus,Homo_sapiens,same-order,6,0,3,663,639,24,2,0,16495,93.46960290500175,0.9649897206433667,0.9980612883051907,0.9812469257255287,15959,31,579
Saimiri_sciureus,Homo_sapiens,same-order,6,1,1,663,193,470,16,10,16465,92.72950963735427,0.9632424537487828,0.9914187284685249,0.9771275118066487,15828,137,604
Saimiri_sciureus,Homo_sapiens,same-order,6,1,2,663,634,29,3,0,16468,92.98687602531052,0.963572339262947,0.9938631097751894,0.9784833538840938,15871,98,600
Saimiri_sciureus,Homo_sapiens,same-order,6,1,3,663,634,29,3,0,16468,92.98687602531052,0.963572339262947,0.9938631097751894,0.9784833538840938,15871,98,600
Saimiri_sciureus,Homo_sapiens,same-order,6,2,1,663,211,452,16,8,16483,93.12243702401875,0.9643875508099253,0.9946189463146039,0.9792699830586786,15896,86,587
Saimiri_sciureus,Homo_sapiens,same-order,6,2,2,663,642,21,2,0,16489,93.46730724162175,0.9649770142753448,0.9976860537836147,0.9810589754627637,15953,37,579
Saimiri_sciureus,Homo_sapiens,same-order,6,2,3,663,642,21,2,0,16489,93.46730724162175,0.9649770142753448,0.9976860537836147,0.9810589754627637,15953,37,579
Saimiri_sciureus,Homo_sapiens,same-order,7,0,1,774,231,543,14,8,16496,92.15846675236648,0.962294081757169,0.9887781330324118,0.9753563588015214,15772,179,618
Saimiri_sciureus,Homo_sapiens,same-order,7,0,2,774,719,55,3,0,16507,92.38501548711355,0.9631976602485985,0.9901659880989665,0.9764956604997375,15808,157,604
Saimiri_sciureus,Homo_sapiens,same-order,7,0,3,774,719,55,3,0,16507,92.38501548711355,0.9631976602485985,0.9901659880989665,0.9764956604997375,15808,157,604
Saimiri_sciureus,Homo_sapiens,same-order,7,1,1,774,237,537,16,8,16501,91.0062489049816,0.9616167849429188,0.9771743901674296,0.9693331674545906,15583,364,622
Saimiri_sciureus,Homo_sapiens,same-order,7,1,2,774,698,76,2,0,16503,91.65741660337676,0.9623382199595166,0.9833281103102476,0.9727199454398909,15689,266,614
Saimiri_sciureus,Homo_sapiens,same-order,7,1,3,774,712,62,2,1,16489,93.62475096683464,0.9651464814255512,0.9991245622811405,0.981841644391188,15978,14,577
Saimiri_sciureus,Homo_sapiens,same-order,7,1,4,774,751,23,2,0,16489,93.62475096683464,0.9651464814255512,0.9991245622811405,0.981841644391188,15978,14,577
Saimiri_sciureus,Homo_sapiens,same-order,7,1,5,774,751,23,2,0,16489,93.62475096683464,0.9651464814255512,0.9991245622811405,0.981841644391188,15978,14,577
Saimiri_sciureus,Homo_sapiens,same-order,7,2,1,774,244,530,15,9,16487,93.12404826051306,0.9643961909383151,0.9948692278813666,0.9793957313129447,15900,82,587
Saimiri_sciureus,Homo_sapiens,same-order,7,2,2,774,745,29,2,0,16491,93.60792125615187,0.9651443759816358,0.9990620310155077,0.9818103607202114,15977,15,577
Saimiri_sciureus,Homo_sapiens,same-order,7,2,3,774,746,28,2,0,16491,93.60792125615187,0.9651443759816358,0.9990620310155077,0.9818103607202114,15977,15,577
Saimiri_sciureus,Homo_sapiens,same-order,7,2,4,774,746,28,2,0,16491,93.60792125615187,0.9651443759816358,0.9990620310155077,0.9818103607202114,15977,15,577
Saimiri_sciureus,Homo_sapiens,same-order,8,0,1,884,259,625,15,7,16474,93.28021559552406,0.9639765090512805,0.9967447101540002,0.9800867932658275,15922,52,595
Saimiri_sciureus,Homo_sapiens,same-order,8,0,2,884,855,29,2,0,16489,93.63647017461619,0.9651506915504017,0.9992496248124062,0.9819042059663892,15980,12,577
Saimiri_sciureus,Homo_sapiens,same-order,8,0,3,884,855,29,2,0,16489,93.63647017461619,0.9651506915504017,0.9992496248124062,0.9819042059663892,15980,12,577
Saimiri_sciureus,Homo_sapiens,same-order,8,1,1,884,264,620,16,8,16501,90.90325217492848,0.961346094473603,0.9765414288402434,0.9688841869438048,15569,374,626
Saimiri_sciureus,Homo_sapiens,same-order,8,1,2,884,806,78,2,1,16480,93.65404898628853,0.9646327479027099,1.0,0.9819980339149669,15983,0,586
Saimiri_sciureus,Homo_sapiens,same-order,8,1,3,884,860,24,2,0,16489,93.70678542130553,0.9651759309553987,1.0,0.9822794140229109,15992,0,577
Saimiri_sciureus,Homo_sapiens,same-order,8,1,4,884,860,24,2,0,16489,93.70678542130553,0.9651759309553987,1.0,0.9822794140229109,15992,0,577
Saimiri_sciureus,Homo_sapiens,same-order,8,2,1,884,278,606,16,7,16486,93.38644484798782,0.9646033762933381,0.9973723723723724,0.9807142198025284,15942,42,585
Saimiri_sciureus,Homo_sapiens,same-order,8,2,2,884,855,29,2,0,16489,93.70678542130553,0.9651759309553987,1.0,0.9822794140229109,15992,0,577
Saimiri_sciureus,Homo_sapiens,same-order,8,2,3,884,855,29,2,0,16489,93.70678542130553,0.9651759309553987,1.0,0.9822794140229109,15992,0,577
Saimiri_sciureus,Gorilla_gorilla,same-order,1,0,1,110,35,75,44,9,16483,81.16228859301907,0.9860827747012533,0.8367649786681506,0.9053082249055089,13533,2640,191
Saimiri_sciureus,Gorilla_gorilla,same-order,1,0,2,110,66,44,41,2,16484,81.32421734436848,0.9861818181818182,0.8383825893409175,0.9062959497393397,13560,2614,190
Saimiri_sciureus,Gorilla_gorilla,same-order,1,0,3,110,67,43,41,2,16484,81.4741513733957,0.9862068965517241,0.8399282799554841,0.9072089218337841,13585,2589,190
Saimiri_sciureus,Gorilla_gorilla,same-order,1,0,4,110,68,42,40,2,16483,81.56300605769808,0.9862209007179636,0.8407938666996414,0.9077195207422487,13599,2575,190
Saimiri_sciureus,Gorilla_gorilla,same-order,1,0,5,110,68,42,40,2,16483,81.56300605769808,0.9862209007179636,0.8407938666996414,0.9077195207422487,13599,2575,190
Saimiri_sciureus,Gorilla_gorilla,same-order,1,1,1,110,35,75,51,5,16483,80.69354451643869,0.9864319765309865,0.831324556523889,0.9022606829006506,13450,2729,185
Saimiri_sciureus,Gorilla_gorilla,same-order,1,1,2,110,65,45,45,0,16479,81.63216321632163,0.9865119651921682,0.8408950426505131,0.907901761879338,13604,2574,186
Saimiri_sciureus,Gorilla_gorilla,same-order,1,1,3,110,65,45,45,0,16479,81.63216321632163,0.9865119651921682,0.8408950426505131,0.907901761879338,13604,2574,186
Saimiri_sciureus,Gorilla_gorilla,same-order,1,2,1,110,31,79,49,5,16463,79.7791911676467,0.9849618490258538,0.8227213662520884,0.896561024949427,13296,2865,203
Saimiri_sciureus,Gorilla_gorilla,same-order,1,2,2,110,56,54,46,3,16462,80.22802280228022,0.9850438370293966,0.8273002908235877,0.8993071904217395,13370,2791,203
Saimiri_sciureus,Gorilla_gorilla,same-order,1,2,3,110,58,52,46,3,16462,80.35285645703313,0.985138316656857,0.8284865734438807,0.9000470524971432,13390,2772,202
Saimiri_sciureus,Gorilla_gorilla,same-order,1,2,4,110,58,52,46,3,16462,80.35285645703313,0.985138316656857,0.8284865734438807,0.9000470524971432,13390,2772,202
Saimiri_sciureus,Gorilla_gorilla,same-order,2,0,1,219,60,159,35,14,16482,86.9507723748272,0.9893988099309213,0.8924671478808069,0.938436587739215,14466,1743,155
Saimiri_sciureus,Gorilla_gorilla,same-order,2,0,2,219,172,47,22,0,16488,87.6946197775774,0.9900237529691212,0.8995498550903372,0.942620832256397,14588,1629,147
Saimiri_sciureus,Gorilla_gorilla,same-order,2,0,3,219,176,43,20,0,16482,87.8217464517681,0.9901010237982236,0.90041928721174,0.9431330125617594,14603,1615,146
Saimiri_sciureus,Gorilla_gorilla,same-order,2,0,4,219,176,43,20,0,16482,87.8217464517681,0.9901010237982236,0.90041928721174,0.9431330125617594,14603,1615,146
Saimiri_sciureus,Gorilla_gorilla,same-order,2,1,1,219,53,166,32,12,16469,86.74082982561636,0.9889620183737831,0.8902672344627538,0.9370229627464355,14425,1778,161
Saimiri_sciureus,Gorilla_gorilla,same-order,2,1,2,219,160,59,25,1,16481,87.15728715728716,0.9896907216494846,0.8940973293036453,0.9394685677252107,14496,1717,151
Saimiri_sciureus,Gorilla_gorilla,same-order,2,1,3,219,163,56,23,1,16473,87.38418962820359,0.9898459860978601,0.8957755164970707,0.9404642429343779,14525,1690,149
Saimiri_sciureus,Gorilla_gorilla,same-order,2,1,4,219,164,55,22,1,16473,87.55790866975514,0.9899326576423373,0.8974469659595461,0.9414238121421871,14553,1663,148
Saimiri_sciureus,Gorilla_gorilla,same-order,2,1,5,219,164,55,22,1,16473,87.55790866975514,0.9899326576423373,0.8974469659595461,0.9414238121421871,14553,1663,148
Saimiri_sciureus,Gorilla_gorilla,same-order,2,2,1,219,66,153,36,16,16481,86.46715942551529,0.9890026805966046,0.8879906196000987,0.9357786232237506,14389,1815,160
Saimiri_sciureus,Gorilla_gorilla,same-order,2,2,2,219,159,60,29,0,16480,86.71555662418851,0.9893018790289397,0.8900542941757157,0.9370574861968172,14426,1782,156
Saimiri_sciureus,Gorilla_gorilla,same-order,2,2,3,219,160,59,28,0,16480,86.84178889156047,0.9893172635759775,0.8913499506416585,0.9377819609879589,14447,1761,156
Saimiri_sciureus,Gorilla_gorilla,same-order,2,2,4,219,161,58,28,0,16480,86.91993267612406,0.9893267651888341,0.892152023692004,0.9382299506877758,14460,1748,156
Saimiri_sciureus,Gorilla_gorilla,same-order,2,2,5,219,161,58,28,0,16480,86.91993267612406,0.9893267651888341,0.892152023692004,0.9382299506877758,14460,1748,156
Saimiri_sciureus,Gorilla_gorilla,same-order,3,0,1,328,105,223,25,11,16366,93.85522397131223,0.9943975787236783,0.9487006205074645,0.9710117587876502,15442,835,87
Saimiri_sciureus,Gorilla_gorilla,same-order,3,0,2,328,312,16,9,0,16381,94.65110624848043,0.9954612286645784,0.9557478671822255,0.9752004008016033,15572,721,71
Saimiri_sciureus,Gorilla_gorilla,same-order,3,0,3,328,313,15,8,0,16379,94.72340425531915,0.9954641282821185,0.9563616276928742,0.9755211920115194,15582,711,71
Saimiri_sciureus,Gorilla_gorilla,same-order,3,0,4,328,313,15,8,0,16379,94.72340425531915,0.9954641282821185,0.9563616276928742,0.9755211920115194,15582,711,71
Saimiri_sciureus,Gorilla_gorilla,same-order,3,1,1,328,115,213,31,14,16473,89.76055829623391,0.9901121507731103,0.9201356768424298,0.9538422196650044,14920,1295,149
Saimiri_sciureus,Gorilla_gorilla,same-order,3,1,2,328,275,53,15,0,16469,90.72469002046466,0.9904718096990406,0.9293421296010852,0.9589337404968669,15073,1146,145
Saimiri_sciureus,Gorilla_gorilla,same-order,3,1,3,328,280,48,13,0,16471,90.886655029194,0.9906830260481596,0.9307730242880039,0.9597940437974765,15099,1123,142
Saimiri_sciureus,Gorilla_gorilla,same-order,3,1,4,328,280,48,13,0,16471,90.886655029194,0.9906830260481596,0.9307730242880039,0.9597940437974765,15099,1123,142
Saimiri_sciureus,Gorilla_gorilla,same-order,3,2,1,328,106,222,28,17,16475,90.4432132963989,0.9913531353135313,0.9252140701041089,0.9571424019373546,15019,1214,131
Saimiri_sciureus,Gorilla_gorilla,same-order,3,2,2,328,279,49,12,0,16485,91.00054213601591,0.9923799513893451,0.9297759724273756,0.960058466524737,15107,1141,116
Saimiri_sciureus,Gorilla_gorilla,same-order,3,2,3,328,279,49,12,0,16485,91.00054213601591,0.9923799513893451,0.9297759724273756,0.960058466524737,15107,1141,116
Saimiri_sciureus,Gorilla_gorilla,same-order,4,0,1,437,110,327,20,9,16508,93.11238324796625,0.9944011841173821,0.9493149843337224,0.9713351772692985,15452,825,87
Saimiri_sciureus,Gorilla_gorilla,same-order,4,0,2,437,380,57,7,0,16495,93.80653720902183,0.9944380514000767,0.9556429317441789,0.9746545944421818,15555,722,87
Saimiri_sciureus,Gorilla_gorilla,same-order,4,0,3,437,382,55,6,0,16495,94.02364009166565,0.9944508228090317,0.9578546415187074,0.9758097324362384,15591,686,87
Saimiri_sciureus,Gorilla_gorilla,same-order,4,0,4,437,383,54,5,0,16495,94.08997708358461,0.9944547134935305,0.958530441727591,0.9761621723080773,15602,675,87
Saimiri_sciureus,Gorilla_gorilla,same-order,4,0,5,437,383,54,5,0,16495,94.08997708358461,0.9944547134935305,0.958530441727591,0.9761621723080773,15602,675,87
Saimiri_sciureus,Gorilla_gorilla,same-order,4,1,1,437,118,319,19,13,16478,94.00879995178109,0.9928071292170592,0.9597563226878346,0.9760020024404743,15597,654,113
Saimiri_sciureus,Gorilla_gorilla,same-order,4,1,2,437,395,42,9,1,16352,96.20553359683794,0.9941560889782581,0.9723434331018376,0.9831287867018796,15821,450,93
Saimiri_sciureus,Gorilla_gorilla,same-order,4,1,3,437,412,25,6,0,16352,96.29066585588325,0.9941612255148167,0.9732038596275583,0.9835709183515016,15835,436,93
Saimiri_sciureus,Gorilla_gorilla,same-order,4,1,4,437,412,25,6,0,16352,96.29066585588325,0.9941612255148167,0.9732038596275583,0.9835709183515016,15835,436,93
Saimiri_sciureus,Gorilla_gorilla,same-order,4,2,1,437,139,298,19,14,16343,95.90682398734947,0.9937610284850013,0.9695050722410083,0.981483210406747,15769,496,99
Saimiri_sciureus,Gorilla_gorilla,same-order,4,2,2,437,407,30,4,0,16356,96.41705699860088,0.994790685997615,0.9735274246053682,0.9840442043831874,15850,431,83
Saimiri_sciureus,Gorilla_gorilla,same-order,4,2,3,437,407,30,4,0,16356,96.41705699860088,0.994790685997615,0.9735274246053682,0.9840442043831874,15850,431,83
Saimiri_sciureus,Gorilla_gorilla,same-order,5,0,1,546,161,385,17,11,16385,96.59263766352296,0.9968602825745683,0.973090597033223,0.9848320357331183,15875,439,50
Saimiri_sciureus,Gorilla_gorilla,same-order,5,0,2,546,532,14,5,0,16385,96.98186686138493,0.9969350096953775,0.9768924302788845,0.9868119621076095,15938,377,49
Saimiri_sciureus,Gorilla_gorilla,same-order,5,0,3,546,532,14,5,0,16385,96.98186686138493,0.9969350096953775,0.9768924302788845,0.9868119621076095,15938,377,49
Saimiri_sciureus,Gorilla_gorilla,same-order,5,1,1,546,149,397,16,10,16349,97.23726647599342,0.99477059079873,0.9815110565110565,0.9880963423306435,15979,301,84
Saimiri_sciureus,Gorilla_gorilla,same-order,5,1,2,546,531,15,2,0,16346,97.76019476567255,0.9947974730583427,0.9866093366093366,0.990686486153087,16062,218,84
Saimiri_sciureus,Gorilla_gorilla,same-order,5,1,3,546,532,14,1,0,16346,97.76019476567255,0.9947974730583427,0.9866093366093366,0.990686486153087,16062,218,84
Saimiri_sciureus,Gorilla_gorilla,same-order,5,1,4,546,532,14,1,0,16346,97.76019476567255,0.9947974730583427,0.9866093366093366,0.990686486153087,16062,218,84
Saimiri_sciureus,Gorilla_gorilla,same-order,5,2,1,546,150,396,15,10,16390,97.61007054244709,0.9966470040360137,0.9841201716738197,0.9903439765540644,16051,259,54
Saimiri_sciureus,Gorilla_gorilla,same-order,5,2,2,546,529,17,1,0,16382,97.87609542356378,0.9969007624124465,0.9858403824935638,0.9913397232409775,16083,231,50
Saimiri_sciureus,Gorilla_gorilla,same-order,5,2,3,546,529,17,1,0,16382,97.87609542356378,0.9969007624124465,0.9858403824935638,0.9913397232409775,16083,231,50
Saimiri_sciureus,Gorilla_gorilla,same-order,6,0,1,655,183,472,12,10,16384,98.33850648165054,0.9970996605985807,0.9902555616841331,0.9936658262099503,16158,159,47
Saimiri_sciureus,Gorilla_gorilla,same-order,6,0,2,655,647,8,1,0,16383,98.34449178332319,0.9970996605985807,0.9902555616841331,0.9936658262099503,16158,159,47
Saimiri_sciureus,Gorilla_gorilla,same-order,6,0,3,655,647,8,1,0,16383,98.34449178332319,0.9970996605985807,0.9902555616841331,0.9936658262099503,16158,159,47
Saimiri_sciureus,Gorilla_gorilla,same-order,6,1,1,655,190,465,13,7,16381,97.43901697183527,0.9963921373475989,0.9823377897706366,0.989315051571861,16018,288,58
Saimiri_sciureus,Gorilla_gorilla,same-order,6,1,2,655,633,22,2,0,16382,97.86975045648205,0.9970238095238095,0.9855356705074774,0.9912464554308963,16080,236,48
Saimiri_sciureus,Gorilla_gorilla,same-order,6,1,3,655,633,22,2,0,16382,97.86975045648205,0.9970238095238095,0.9855356705074774,0.9912464554308963,16080,236,48
Saimiri_sciureus,Gorilla_gorilla,same-order,6,2,1,655,190,465,17,9,16355,97.4928497535447,0.9951549785700975,0.9837283556428834,0.9894086768565693,16021,265,78
Saimiri_sciureus,Gorilla_gorilla,same-order,6,2,2,655,642,13,1,0,16362,98.00389483933787,0.9956720662792136,0.98833926598748,0.9919921153135396,16104,190,70
Saimiri_sciureus,Gorilla_gorilla,same-order,6,2,3,655,642,13,1,0,16362,98.00389483933787,0.9956720662792136,0.98833926598748,0.9919921153135396,16104,190,70
Saimiri_sciureus,Gorilla_gorilla,same-order,7,0,1,764,217,547,13,9,16373,97.91856855943034,0.9964080014863442,0.9866920152091255,0.9915262071303116,16089,217,58
Saimiri_sciureus,Gorilla_gorilla,same-order,7,0,2,764,753,11,2,0,16374,98.16212268743914,0.9964170990857425,0.9892064270820556,0.992798670523789,16130,176,58
Saimiri_sciureus,Gorilla_gorilla,same-order,7,0,3,764,753,11,2,0,16374,98.16212268743914,0.9964170990857425,0.9892064270820556,0.992798670523789,16130,176,58
Saimiri_sciureus,Gorilla_gorilla,same-order,7,1,1,764,219,545,12,7,16511,95.23924309991563,0.9947756026940265,0.970702045328911,0.9825913951753296,15804,477,83
Saimiri_sciureus,Gorilla_gorilla,same-order,7,1,2,764,707,57,2,0,16508,95.81950895819509,0.9956747947094591,0.9747775391224301,0.9851153559910693,15884,411,69
Saimiri_sciureus,Gorilla_gorilla,same-order,7,1,3,764,707,57,2,0,16508,95.81950895819509,0.9956747947094591,0.9747775391224301,0.9851153559910693,15884,411,69
Saimiri_sciureus,Gorilla_gorilla,same-order,7,2,1,764,242,522,13,10,16379,98.04100504958326,0.9964137760464973,0.9882865202992763,0.9923335078050433,16115,191,58
Saimiri_sciureus,Gorilla_gorilla,same-order,7,2,2,764,752,12,1,0,16382,98.25319537431528,0.997035390031499,0.9893969110075999,0.9932014642999969,16143,173,48
Saimiri_sciureus,Gorilla_gorilla,same-order,7,2,3,764,752,12,1,0,16382,98.25319537431528,0.997035390031499,0.9893969110075999,0.9932014642999969,16143,173,48
Saimiri_sciureus,Gorilla_gorilla,same-order,8,0,1,873,273,600,15,11,16389,97.95632869046895,0.9967815807389986,0.987309955860716,0.992023160553143,16105,207,52
Saimiri_sciureus,Gorilla_gorilla,same-order,8,0,2,873,858,15,1,0,16382,98.30797321972003,0.997037037037037,0.9899485167933317,0.99348013285767,16152,164,48
Saimiri_sciureus,Gorilla_gorilla,same-order,8,0,3,873,858,15,1,0,16382,98.30797321972003,0.997037037037037,0.9899485167933317,0.99348013285767,16152,164,48
Saimiri_sciureus,Gorilla_gorilla,same-order,8,1,1,873,255,618,13,9,16513,95.21311870742147,0.9953362324320918,0.9694904849600983,0.9822433684734273,15793,497,74
Saimiri_sciureus,Gorilla_gorilla,same-order,8,1,2,873,784,89,1,1,16382,98.25928180158247,0.9970355731225297,0.9894582005393479,0.9932324350929002,16144,172,48
Saimiri_sciureus,Gorilla_gorilla,same-order,8,1,3,873,853,20,1,0,16382,98.25928180158247,0.9970355731225297,0.9894582005393479,0.9932324350929002,16144,172,48
Saimiri_sciureus,Gorilla_gorilla,same-order,8,1,4,873,853,20,1,0,16382,98.25928180158247,0.9970355731225297,0.9894582005393479,0.9932324350929002,16144,172,48
Saimiri_sciureus,Gorilla_gorilla,same-order,8,2,1,873,239,634,8,7,16389,98.24198552223372,0.9969135802469136,0.9899472845408851,0.9934182198437594,16150,164,50
Saimiri_sciureus,Gorilla_gorilla,same-order,8,2,2,873,853,20,1,0,16382,98.30797321972003,0.997037037037037,0.9899485167933317,0.99348013285767,16152,164,48
Saimiri_sciureus,Gorilla_gorilla,same-order,8,2,3,873,853,20,1,0,16382,98.30797321972003,0.997037037037037,0.9899485167933317,0.99348013285767,16152,164,48
Saimiri_sciureus,Saimiri_boliviensis,same-genus,1,0,1,110,110,0,4,0,16472,99.97571636716853,1.0,0.9998178616963147,0.9999089225538116,16468,3,0
Saimiri_sciureus,Saimiri_boliviensis,same-genus,1,0,2,110,110,0,4,0,16472,99.97571636716853,1.0,0.9998178616963147,0.9999089225538116,16468,3,0
Saimiri_sciureus,Saimiri_boliviensis,same-genus,1,1,1,110,110,0,13,0,16474,99.92716236722306,0.9999392614188533,0.9995749848208865,0.9997570899374507,16463,7,1
Saimiri_sciureus,Saimiri_boliviensis,same-genus,1,1,2,110,110,0,13,0,16474,99.92716236722306,0.9999392614188533,0.9995749848208865,0.9997570899374507,16463,7,1
Saimiri_sciureus,Saimiri_boliviensis,same-genus,1,2,1,110,110,0,10,0,16473,99.93929828821173,0.9999392651078044,0.9996357012750455,0.9997874601487778,16464,6,1
Saimiri_sciureus,Saimiri_boliviensis,same-genus,1,2,2,110,110,0,10,0,16473,99.93929828821173,0.9999392651078044,0.9996357012750455,0.9997874601487778,16464,6,1
Saimiri_sciureus,Saimiri_boliviensis,same-genus,2,0,1,220,220,0,2,0,16472,99.96964545896066,1.0,0.9997571489284196,0.9998785597182586,16467,4,0
Saimiri_sciureus,Saimiri_boliviensis,same-genus,2,0,2,220,220,0,2,0,16472,99.96964545896066,1.0,0.9997571489284196,0.9998785597182586,16467,4,0
Saimiri_sciureus,Saimiri_boliviensis,same-genus,2,1,1,220,220,0,0,0,16472,99.98178838098707,0.9999392872321049,1.0,0.9999696426945144,16470,0,1
Saimiri_sciureus,Saimiri_boliviensis,same-genus,2,1,2,220,220,0,0,0,16472,99.98178838098707,0.9999392872321049,1.0,0.9999696426945144,16470,0,1
Saimiri_sciureus,Saimiri_boliviensis,same-genus,2,2,1,220,220,0,3,1,16471,99.97571489284196,1.0,0.9997571489284196,0.9998785597182586,16467,4,0
Saimiri_sciureus,Saimiri_boliviensis,same-genus,2,2,2,220,220,0,3,1,16471,99.97571489284196,1.0,0.9997571489284196,0.9998785597182586,16467,4,0
Saimiri_sciureus,Saimiri_boliviensis,same-genus,3,0,1,330,330,0,0,0,16472,99.97571636716853,1.0,0.9998178616963147,0.9999089225538116,16468,3,0
Saimiri_sciureus,Saimiri_boliviensis,same-genus,3,0,2,330,330,0,0,0,16472,99.97571636716853,1.0,0.9998178616963147,0.9999089225538116,16468,3,0
Saimiri_sciureus,Saimiri_boliviensis,same-genus,3,1,1,330,330,0,0,0,16471,100.0,1.0,1.0,1.0,16471,0,0
Saimiri_sciureus,Saimiri_boliviensis,same-genus,3,1,2,330,330,0,0,0,16471,100.0,1.0,1.0,1.0,16471,0,0
Saimiri_sciureus,Saimiri_boliviensis,same-genus,3,2,1,330,330,0,0,0,16472,99.98178727537639,1.0,0.9998785744642098,0.9999392835458409,16469,2,0
Saimiri_sciureus,Saimiri_boliviensis,same-genus,3,2,2,330,330,0,0,0,16472,99.98178727537639,1.0,0.9998785744642098,0.9999392835458409,16469,2,0
Saimiri_sciureus,Saimiri_boliviensis,same-genus,4,0,1,440,440,0,0,0,16471,100.0,1.0,1.0,1.0,16471,0,0
Saimiri_sciureus,Saimiri_boliviensis,same-genus,4,0,2,440,440,0,0,0,16471,100.0,1.0,1.0,1.0,16471,0,0
Saimiri_sciureus,Saimiri_boliviensis,same-genus,4,1,1,440,440,0,0,0,16471,99.98785818358427,0.9999392872321049,1.0,0.9999696426945144,16470,0,1
Saimiri_sciureus,Saimiri_boliviensis,same-genus,4,1,2,440,440,0,0,0,16471,99.98785818358427,0.9999392872321049,1.0,0.9999696426945144,16470,0,1
Saimiri_sciureus,Saimiri_boliviensis,same-genus,4,2,1,440,440,0,0,0,16471,99.98785818358427,0.9999392872321049,1.0,0.9999696426945144,16470,0,1
Saimiri_sciureus,Saimiri_boliviensis,same-genus,4,2,2,440,440,0,0,0,16471,99.98785818358427,0.9999392872321049,1.0,0.9999696426945144,16470,0,1
Saimiri_sciureus,Saimiri_boliviensis,same-genus,5,0,1,550,550,0,0,0,16471,99.98785818358427,0.9999392872321049,1.0,0.9999696426945144,16470,0,1
Saimiri_sciureus,Saimiri_boliviensis,same-genus,5,0,2,550,550,0,0,0,16471,99.98785818358427,0.9999392872321049,1.0,0.9999696426945144,16470,0,1
Saimiri_sciureus,Saimiri_boliviensis,same-genus,5,1,1,550,550,0,0,0,16471,100.0,1.0,1.0,1.0,16471,0,0
Saimiri_sciureus,Saimiri_boliviensis,same-genus,5,1,2,550,550,0,0,0,16471,100.0,1.0,1.0,1.0,16471,0,0
Saimiri_sciureus,Saimiri_boliviensis,same-genus,5,2,1,550,550,0,0,0,16471,100.0,1.0,1.0,1.0,16471,0,0
Saimiri_sciureus,Saimiri_boliviensis,same-genus,5,2,2,550,550,0,0,0,16471,100.0,1.0,1.0,1.0,16471,0,0
Saimiri_sciureus,Saimiri_boliviensis,same-genus,6,0,1,659,659,0,0,0,16471,100.0,1.0,1.0,1.0,16471,0,0
Saimiri_sciureus,Saimiri_boliviensis,same-genus,6,0,2,659,659,0,0,0,16471,100.0,1.0,1.0,1.0,16471,0,0
Saimiri_sciureus,Saimiri_boliviensis,same-genus,6,1,1,659,659,0,0,0,16471,100.0,1.0,1.0,1.0,16471,0,0
Saimiri_sciureus,Saimiri_boliviensis,same-genus,6,1,2,659,659,0,0,0,16471,100.0,1.0,1.0,1.0,16471,0,0
Saimiri_sciureus,Saimiri_boliviensis,same-genus,6,2,1,659,659,0,0,0,16471,100.0,1.0,1.0,1.0,16471,0,0
Saimiri_sciureus,Saimiri_boliviensis,same-genus,6,2,2,659,659,0,0,0,16471,100.0,1.0,1.0,1.0,16471,0,0
Saimiri_sciureus,Saimiri_boliviensis,same-genus,7,0,1,769,769,0,0,0,16472,99.99392909179213,1.0,1.0,1.0,16471,0,0
Saimiri_sciureus,Saimiri_boliviensis,same-genus,7,0,2,769,769,0,0,0,16472,99.99392909179213,1.0,1.0,1.0,16471,0,0
Saimiri_sciureus,Saimiri_boliviensis,same-genus,7,1,1,769,769,0,0,0,16471,100.0,1.0,1.0,1.0,16471,0,0
Saimiri_sciureus,Saimiri_boliviensis,same-genus,7,1,2,769,769,0,0,0,16471,100.0,1.0,1.0,1.0,16471,0,0
Saimiri_sciureus,Saimiri_boliviensis,same-genus,7,2,1,769,769,0,0,0,16471,99.98785818358427,0.9999392872321049,1.0,0.9999696426945144,16470,0,1
Saimiri_sciureus,Saimiri_boliviensis,same-genus,7,2,2,769,769,0,0,0,16471,99.98785818358427,0.9999392872321049,1.0,0.9999696426945144,16470,0,1
Saimiri_sciureus,Saimiri_boliviensis,same-genus,8,0,1,879,879,0,0,0,16471,100.0,1.0,1.0,1.0,16471,0,0
Saimiri_sciureus,Saimiri_boliviensis,same-genus,8,0,2,879,879,0,0,0,16471,100.0,1.0,1.0,1.0,16471,0,0
Saimiri_sciureus,Saimiri_boliviensis,same-genus,8,1,1,879,879,0,0,0,16471,100.0,1.0,1.0,1.0,16471,0,0
Saimiri_sciureus,Saimiri_boliviensis,same-genus,8,1,2,879,879,0,0,0,16471,100.0,1.0,1.0,1.0,16471,0,0
Saimiri_sciureus,Saimiri_boliviensis,same-genus,8,2,1,879,879,0,0,0,16471,100.0,1.0,1.0,1.0,16471,0,0
Saimiri_sciureus,Saimiri_boliviensis,same-genus,8,2,2,879,879,0,0,0,16471,100.0,1.0,1.0,1.0,16471,0,0
Saimiri_sciureus,Aotus_azarai,same-order,1,0,1,111,87,24,26,4,16487,90.54639547478638,0.9913690868362103,0.9161592791037506,0.952281501170812,15047,1377,131
Saimiri_sciureus,Aotus_azarai,same-order,1,0,2,111,103,8,21,0,16485,91.04477611940298,0.9914149026803853,0.9210910862152947,0.9549600732253891,15128,1296,131
Saimiri_sciureus,Aotus_azarai,same-order,1,0,3,111,103,8,21,0,16484,91.05025579295817,0.9914149026803853,0.9210910862152947,0.9549600732253891,15128,1296,131
Saimiri_sciureus,Aotus_azarai,same-order,1,0,4,111,103,8,21,0,16484,91.05025579295817,0.9914149026803853,0.9210910862152947,0.9549600732253891,15128,1296,131
Saimiri_sciureus,Aotus_azarai,same-order,1,1,1,111,80,31,30,4,16499,90.10056000481724,0.9928339194479464,0.9097707788654465,0.9494891807855828,14963,1484,108
Saimiri_sciureus,Aotus_azarai,same-order,1,1,2,111,100,11,25,1,16497,90.99066546221017,0.992902674640205,0.9186477777102207,0.95433299646286,15109,1338,108
Saimiri_sciureus,Aotus_azarai,same-order,1,1,3,111,101,10,24,1,16497,91.01475459199037,0.9929045397805664,0.9188909831580228,0.9544650751547303,15113,1334,108
Saimiri_sciureus,Aotus_azarai,same-order,1,1,4,111,101,10,24,1,16497,91.01475459199037,0.9929045397805664,0.9188909831580228,0.9544650751547303,15113,1334,108
Saimiri_sciureus,Aotus_azarai,same-order,1,2,1,111,81,30,24,3,16477,91.0436980859516,0.9910240450763284,0.9213058837860885,0.9548941005650073,15126,1292,137
Saimiri_sciureus,Aotus_azarai,same-order,1,2,2,111,102,9,14,0,16476,92.0599566578377,0.9911854300343509,0.9314209147938364,0.9603742778196432,15293,1126,136
Saimiri_sciureus,Aotus_azarai,same-order,1,2,3,111,103,8,13,0,16476,92.0599566578377,0.9911854300343509,0.9314209147938364,0.9603742778196432,15293,1126,136
Saimiri_sciureus,Aotus_azarai,same-order,1,2,4,111,103,8,13,0,16476,92.0599566578377,0.9911854300343509,0.9314209147938364,0.9603742778196432,15293,1126,136
Saimiri_sciureus,Aotus_azarai,same-order,2,0,1,221,161,60,27,3,16481,93.5885858768286,0.991707068129625,0.9464840182648402,0.9685679573845052,15546,879,130
Saimiri_sciureus,Aotus_azarai,same-order,2,0,2,221,203,18,14,1,16479,95.00240847784201,0.9918903627333878,0.9605503470108365,0.9759688244208703,15778,648,129
Saimiri_sciureus,Aotus_azarai,same-order,2,0,3,221,204,17,13,1,16479,95.00240847784201,0.9918903627333878,0.9605503470108365,0.9759688244208703,15778,648,129
Saimiri_sciureus,Aotus_azarai,same-order,2,0,4,221,204,17,13,1,16479,95.00240847784201,0.9918903627333878,0.9605503470108365,0.9759688244208703,15778,648,129
Saimiri_sciureus,Aotus_azarai,same-order,2,1,1,221,167,54,21,4,16518,95.0409737286093,0.995079174815469,0.9572737755659404,0.9758104429596635,15773,704,78
Saimiri_sciureus,Aotus_azarai,same-order,2,1,2,221,214,7,0,0,16520,96.26393492015667,0.9953271028037384,0.9693567961165048,0.9821703043344605,15975,505,75
Saimiri_sciureus,Aotus_azarai,same-order,2,1,3,221,217,4,0,0,16520,96.43266043989154,0.9953352407015797,0.9710558252427185,0.9830456416241784,16003,477,75
Saimiri_sciureus,Aotus_azarai,same-order,2,1,4,221,217,4,0,0,16520,96.43266043989154,0.9953352407015797,0.9710558252427185,0.9830456416241784,16003,477,75
Saimiri_sciureus,Aotus_azarai,same-order,2,2,1,221,172,49,22,3,16489,94.92138080607266,0.9930669355855288,0.958102766798419,0.9752715793383058,15756,689,110
Saimiri_sciureus,Aotus_azarai,same-order,2,2,2,221,210,11,6,0,16491,95.9214410506657,0.9932626325639426,0.9680792849759835,0.9805092834929334,15922,525,108
Saimiri_sciureus,Aotus_azarai,same-order,2,2,3,221,210,11,6,0,16491,95.9214410506657,0.9932626325639426,0.9680792849759835,0.9805092834929334,15922,525,108
Saimiri_sciureus,Aotus_azarai,same-order,3,0,1,332,260,72,19,3,16492,96.52970237377997,0.9934275793650794,0.9740409751352666,0.9836387635448323,16022,427,106
Saimiri_sciureus,Aotus_azarai,same-order,3,0,2,332,317,15,4,0,16495,97.52379804795758,0.9936771025168816,0.9838925358619013,0.9887606132795798,16187,265,103
Saimiri_sciureus,Aotus_azarai,same-order,3,0,3,332,324,8,2,0,16495,97.52379804795758,0.9936771025168816,0.9838925358619013,0.9887606132795798,16187,265,103
Saimiri_sciureus,Aotus_azarai,same-order,3,0,4,332,324,8,2,0,16495,97.52379804795758,0.9936771025168816,0.9838925358619013,0.9887606132795798,16187,265,103
Saimiri_sciureus,Aotus_azarai,same-order,3,1,1,332,258,74,21,3,16527,96.92113032475748,0.9956672443674177,0.975796178343949,0.9856315676603046,16086,399,70
Saimiri_sciureus,Aotus_azarai,same-order,3,1,2,332,328,4,0,0,16526,98.19825248568846,0.9957836846929422,0.9884750697561567,0.9921159173236735,16296,190,69
Saimiri_sciureus,Aotus_azarai,same-order,3,1,3,332,328,4,0,0,16526,98.19825248568846,0.9957836846929422,0.9884750697561567,0.9921159173236735,16296,190,69
Saimiri_sciureus,Aotus_azarai,same-order,3,2,1,332,244,88,23,4,16496,96.60822941141032,0.9936179441105397,0.9747143204473621,0.9840753582277316,16036,416,103
Saimiri_sciureus,Aotus_azarai,same-order,3,2,2,332,319,13,5,0,16496,97.4153512471382,0.9937311781697499,0.9827387102656051,0.988204375993155,16169,284,102
Saimiri_sciureus,Aotus_azarai,same-order,3,2,3,332,319,13,5,0,16496,97.4153512471382,0.9937311781697499,0.9827387102656051,0.988204375993155,16169,284,102
Saimiri_sciureus,Aotus_azarai,same-order,4,0,1,442,352,90,23,2,16497,96.86163484127462,0.9935739001482946,0.9774481794419793,0.9854450743067258,16080,371,104
Saimiri_sciureus,Aotus_azarai,same-order,4,0,2,442,431,11,4,0,16500,97.7293260254171,0.9936922040541368,0.9862630683199611,0.9899636984838779,16226,226,103
Saimiri_sciureus,Aotus_azarai,same-order,4,0,3,442,431,11,4,0,16500,97.7293260254171,0.9936922040541368,0.9862630683199611,0.9899636984838779,16226,226,103
Saimiri_sciureus,Aotus_azarai,same-order,4,1,1,442,338,104,24,2,16492,97.22289156626506,0.993352618945036,0.9812731805192436,0.9872759527742092,16139,308,108
Saimiri_sciureus,Aotus_azarai,same-order,4,1,2,442,428,14,4,0,16492,98.22289156626506,0.9934198501188083,0.9913662066030279,0.9923919659160073,16305,142,108
Saimiri_sciureus,Aotus_azarai,same-order,4,1,3,442,433,9,2,0,16492,98.3132530120482,0.9934258582907232,0.9922782270322855,0.9928517110266158,16320,127,108
Saimiri_sciureus,Aotus_azarai,same-order,4,1,4,442,433,9,2,0,16492,98.3132530120482,0.9934258582907232,0.9922782270322855,0.9928517110266158,16320,127,108
Saimiri_sciureus,Aotus_azarai,same-order,5,0,1,552,398,154,21,5,16530,98.22816850479117,0.9961496149614961,0.9882973562939608,0.9922079503256833,16299,193,63
Saimiri_sciureus,Aotus_azarai,same-order,5,0,2,552,550,2,0,0,16531,99.16229735430603,0.9962460644223783,0.997635360455951,0.9969402284225514,16454,39,62
Saimiri_sciureus,Aotus_azarai,same-order,5,0,3,552,550,2,0,0,16531,99.16229735430603,0.9962460644223783,0.997635360455951,0.9969402284225514,16454,39,62
Saimiri_sciureus,Aotus_azarai,same-order,4,2,1,442,346,96,24,2,16501,97.01861109438053,0.9937075879086983,0.9790311797240625,0.9863147904356611,16108,345,102
Saimiri_sciureus,Aotus_azarai,same-order,4,2,2,442,432,10,4,0,16496,98.38534763224484,0.993792599805258,0.9925241597277092,0.9931579747605292,16330,123,102
Saimiri_sciureus,Aotus_azarai,same-order,4,2,3,442,434,8,2,0,16496,98.4335462103868,0.9937956204379562,0.9930103932413542,0.9934028516705682,16338,115,102
Saimiri_sciureus,Aotus_azarai,same-order,4,2,4,442,434,8,2,0,16496,98.4335462103868,0.9937956204379562,0.9930103932413542,0.9934028516705682,16338,115,102
Saimiri_sciureus,Aotus_azarai,same-order,5,1,1,552,414,138,26,6,16531,98.15618221258134,0.9960256802201162,0.9878714372346877,0.9919318008829351,16290,200,65
Saimiri_sciureus,Aotus_azarai,same-order,5,1,2,552,551,1,0,0,16530,98.88513920694227,0.9961148546105749,0.9950275908071069,0.9955709258585124,16409,82,64
Saimiri_sciureus,Aotus_azarai,same-order,5,1,3,552,552,0,0,0,16530,98.95142822707002,0.9961174472215482,0.9956946213085925,0.9959059893858985,16420,71,64
Saimiri_sciureus,Aotus_azarai,same-order,5,1,4,552,552,0,0,0,16530,98.95142822707002,0.9961174472215482,0.9956946213085925,0.9959059893858985,16420,71,64
Saimiri_sciureus,Aotus_azarai,same-order,5,2,1,552,422,130,21,5,16525,98.18598204061954,0.9958435207823961,0.9881724995450961,0.9919931805035468,16292,195,68
Saimiri_sciureus,Aotus_azarai,same-order,5,2,2,552,547,5,0,0,16528,98.98752485988068,0.9960582171012735,0.9960582171012735,0.9960582171012735,16425,65,65
Saimiri_sciureus,Aotus_azarai,same-order,5,2,3,552,550,2,0,0,16528,98.99355149761948,0.9960584561275847,0.9961188599151001,0.9960886571056062,16426,64,65
Saimiri_sciureus,Aotus_azarai,same-order,5,2,4,552,550,2,0,0,16528,98.99355149761948,0.9960584561275847,0.9961188599151001,0.9960886571056062,16426,64,65
Saimiri_sciureus,Aotus_azarai,same-order,6,0,1,663,499,164,20,5,16530,98.75248598806726,0.9961699799379902,0.993572641280621,0.9948696153729395,16386,106,63
Saimiri_sciureus,Aotus_azarai,same-order,6,0,2,663,661,2,0,0,16530,99.15627071656722,0.9961855170743521,0.9976352170749454,0.9969098400387784,16453,39,63
Saimiri_sciureus,Aotus_azarai,same-order,6,0,3,663,661,2,0,0,16530,99.15627071656722,0.9961855170743521,0.9976352170749454,0.9969098400387784,16453,39,63
Saimiri_sciureus,Aotus_azarai,same-order,6,1,1,663,522,141,27,4,16532,98.16209701717385,0.996147495872317,0.9877516371574097,0.991931800882935,16290,202,63
Saimiri_sciureus,Aotus_azarai,same-order,6,1,2,663,658,5,0,0,16531,99.11413764011088,0.9961841308298002,0.9972714043172447,0.9967274710623598,16447,45,63
Saimiri_sciureus,Aotus_azarai,same-order,6,1,3,663,659,4,0,0,16531,99.11413764011088,0.9961841308298002,0.9972714043172447,0.9967274710623598,16447,45,63
Saimiri_sciureus,Aotus_azarai,same-order,6,1,4,663,659,4,0,0,16531,99.11413764011088,0.9961841308298002,0.9972714043172447,0.9967274710623598,16447,45,63
Saimiri_sciureus,Aotus_azarai,same-order,6,2,1,663,518,145,22,4,16527,98.4150897914909,0.995914135870228,0.9904779233381853,0.9931885908897403,16331,157,67
Saimiri_sciureus,Aotus_azarai,same-order,6,2,2,663,659,4,0,0,16530,99.19845718073887,0.9961871330872117,0.9980596652922629,0.9971225200666364,16460,32,63
Saimiri_sciureus,Aotus_azarai,same-order,6,2,3,663,659,4,0,0,16530,99.19845718073887,0.9961871330872117,0.9980596652922629,0.9971225200666364,16460,32,63
Saimiri_sciureus,Aotus_azarai,same-order,7,0,1,773,582,191,24,5,16531,98.81282391225744,0.9961725394896719,0.9942396313364056,0.9952051468803108,16397,95,63
Saimiri_sciureus,Aotus_azarai,same-order,7,0,2,773,769,4,0,0,16530,99.19845718073887,0.9961871330872117,0.9980596652922629,0.9971225200666364,16460,32,63
Saimiri_sciureus,Aotus_azarai,same-order,7,0,3,773,769,4,0,0,16530,99.19845718073887,0.9961871330872117,0.9980596652922629,0.9971225200666364,16460,32,63
Saimiri_sciureus,Aotus_azarai,same-order,7,1,1,773,600,173,25,3,16530,98.54784285369969,0.9959807563485781,0.9918733701255382,0.9939228198116075,16355,134,66
Saimiri_sciureus,Aotus_azarai,same-order,7,1,2,773,768,5,0,0,16530,99.17435062978365,0.9961862098189963,0.9978171234537958,0.9970009996667777,16456,36,63
Saimiri_sciureus,Aotus_azarai,same-order,7,1,3,773,768,5,0,0,16530,99.17435062978365,0.9961862098189963,0.9978171234537958,0.9970009996667777,16456,36,63
Saimiri_sciureus,Aotus_azarai,same-order,8,0,1,883,659,224,23,6,16531,98.72235279937323,0.9962293985282491,0.9932092402837568,0.9947170269613798,16381,112,62
Saimiri_sciureus,Aotus_azarai,same-order,8,0,2,883,879,4,0,0,16531,99.18037726752245,0.9962467461710758,0.9978172558054932,0.9970313825275657,16457,36,62
Saimiri_sciureus,Aotus_azarai,same-order,8,0,3,883,879,4,0,0,16531,99.18037726752245,0.9962467461710758,0.9978172558054932,0.9970313825275657,16457,36,62
Saimiri_sciureus,Aotus_azarai,same-order,7,2,1,773,601,172,24,4,16531,98.72845606845848,0.9961692812842029,0.9933907349017705,0.9947780678851175,16383,109,63
Saimiri_sciureus,Aotus_azarai,same-order,7,2,2,773,768,5,0,0,16529,99.19243054300006,0.9961266113901833,0.9980595476320417,0.9970921427273277,16459,32,64
Saimiri_sciureus,Aotus_azarai,same-order,7,2,3,773,768,5,0,0,16530,99.19845718073887,0.9961871330872117,0.9980596652922629,0.9971225200666364,16460,32,63
Saimiri_sciureus,Aotus_azarai,same-order,7,2,4,773,768,5,0,0,16530,99.19845718073887,0.9961871330872117,0.9980596652922629,0.9971225200666364,16460,32,63
Saimiri_sciureus,Aotus_azarai,same-order,8,1,1,883,678,205,24,6,16532,98.82487646137157,0.9962335216572504,0.9943006123810101,0.9952661285428173,16399,94,62
Saimiri_sciureus,Aotus_azarai,same-order,8,1,2,883,883,0,0,0,16531,99.21051045621648,0.9962478818687969,0.998120414721397,0.9971832692249447,16462,31,62
Saimiri_sciureus,Aotus_azarai,same-order,8,1,3,883,883,0,0,0,16531,99.21051045621648,0.9962478818687969,0.998120414721397,0.9971832692249447,16462,31,62
Saimiri_sciureus,Aotus_azarai,same-order,8,2,1,883,684,199,24,5,16528,98.75248598806726,0.9960488724089721,0.9936931473620376,0.9948696153729395,16386,104,65
Saimiri_sciureus,Aotus_azarai,same-order,8,2,2,883,882,1,0,0,16531,99.21653709395528,0.9962481089258699,0.9981810465045777,0.9972136410442789,16463,30,62
Saimiri_sciureus,Aotus_azarai,same-order,8,2,3,883,882,1,0,0,16531,99.21653709395528,0.9962481089258699,0.9981810465045777,0.9972136410442789,16463,30,62
Saimiri_sciureus,Varecia_variegata,same-order,1,0,1,114,16,98,49,5,16482,74.42911788570767,0.9432936682826503,0.7930587290804668,0.8616767873318347,12842,3351,772
Saimiri_sciureus,Varecia_variegata,same-order,1,0,2,114,39,75,49,2,16483,74.4638924307407,0.9433879139437551,0.7933802642954181,0.8619058799852414,12848,3346,771
Saimiri_sciureus,Varecia_variegata,same-order,1,0,3,114,40,74,49,2,16486,74.63188405797102,0.9439800557266461,0.7946423060304919,0.8628975501859982,12874,3327,764
Saimiri_sciureus,Varecia_variegata,same-order,1,0,4,114,40,74,49,2,16486,74.63188405797102,0.9439800557266461,0.7946423060304919,0.8628975501859982,12874,3327,764
Saimiri_sciureus,Varecia_variegata,same-order,1,1,1,114,27,87,40,5,16480,76.07749869481988,0.9452933544759983,0.8092681722818709,0.8720079787234043,13115,3091,759
Saimiri_sciureus,Varecia_variegata,same-order,1,1,2,114,68,46,42,0,16479,76.30235526163128,0.9454427832087406,0.8116129828458596,0.8734311707284681,13153,3053,759
Saimiri_sciureus,Varecia_variegata,same-order,1,1,3,114,69,45,41,0,16479,76.4183780020884,0.9455211024978467,0.8128470936690114,0.8741787776229345,13173,3033,759
Saimiri_sciureus,Varecia_variegata,same-order,1,1,4,114,69,45,41,0,16479,76.4183780020884,0.9455211024978467,0.8128470936690114,0.8741787776229345,13173,3033,759
Saimiri_sciureus,Varecia_variegata,same-order,1,2,1,114,19,95,49,6,16474,75.17405430494314,0.9444565930461404,0.7996667283836326,0.8660517345097252,12957,3246,762
Saimiri_sciureus,Varecia_variegata,same-order,1,2,2,114,43,71,47,1,16475,75.33650498955674,0.9446384402735342,0.8013453468279437,0.8671118530884807,12985,3219,761
Saimiri_sciureus,Varecia_variegata,same-order,1,2,3,114,43,71,47,1,16475,75.33650498955674,0.9446384402735342,0.8013453468279437,0.8671118530884807,12985,3219,761
Saimiri_sciureus,Varecia_variegata,same-order,2,0,1,227,35,192,44,16,16501,82.64789715548834,0.9536850583971003,0.8729953917050691,0.9115580791069194,14208,2067,690
Saimiri_sciureus,Varecia_variegata,same-order,2,0,2,227,157,70,35,0,16498,82.79613683965557,0.9537564506400376,0.8744086021505376,0.9123605590460315,14231,2044,690
Saimiri_sciureus,Varecia_variegata,same-order,2,0,3,227,158,69,34,0,16498,82.9066790784268,0.9538152610441767,0.8755760368663594,0.913022585295531,14250,2025,690
Saimiri_sciureus,Varecia_variegata,same-order,2,0,4,227,158,69,34,0,16498,82.9066790784268,0.9538152610441767,0.8755760368663594,0.913022585295531,14250,2025,690
Saimiri_sciureus,Varecia_variegata,same-order,2,1,1,227,34,193,41,10,16515,83.14129422718808,0.9552687884461086,0.8767182130584192,0.9143094841930117,14287,2009,669
Saimiri_sciureus,Varecia_variegata,same-order,2,1,2,227,154,73,34,1,16515,83.8106880894167,0.9559760956175298,0.8831431726168568,0.9181174669982782,14397,1905,663
Saimiri_sciureus,Varecia_variegata,same-order,2,1,3,227,155,72,34,1,16515,83.8106880894167,0.9559760956175298,0.8831431726168568,0.9181174669982782,14397,1905,663
Saimiri_sciureus,Varecia_variegata,same-order,2,1,4,227,155,72,34,1,16515,83.8106880894167,0.9559760956175298,0.8831431726168568,0.9181174669982782,14397,1905,663
Saimiri_sciureus,Varecia_variegata,same-order,2,2,1,227,46,181,38,14,16512,83.03804821376707,0.9531270836111482,0.8790431681220022,0.9145873320537428,14295,1967,703
Saimiri_sciureus,Varecia_variegata,same-order,2,2,2,227,152,75,31,1,16507,83.22096942926886,0.9534558529764283,0.8803024714127629,0.9154200230149598,14319,1947,699
Saimiri_sciureus,Varecia_variegata,same-order,2,2,3,227,152,75,31,1,16507,83.22096942926886,0.9534558529764283,0.8803024714127629,0.9154200230149598,14319,1947,699
Saimiri_sciureus,Varecia_variegata,same-order,3,1,1,340,50,290,23,14,16533,90.62208216619982,0.9626208777584925,0.9490893533797824,0.955807225949406,15529,833,603
Saimiri_sciureus,Varecia_variegata,same-order,3,1,2,340,295,45,14,1,16530,90.82472421642444,0.9626948775055679,0.9510451045104511,0.9568345323741008,15561,801,603
Saimiri_sciureus,Varecia_variegata,same-order,3,1,3,340,295,45,14,1,16530,90.82472421642444,0.9626948775055679,0.9510451045104511,0.9568345323741008,15561,801,603
Saimiri_sciureus,Varecia_variegata,same-order,3,0,1,340,40,300,28,14,16519,86.77873429502094,0.956836839404823,0.915725509452492,0.9358298833270606,14919,1373,673
Saimiri_sciureus,Varecia_variegata,same-order,3,0,2,340,261,79,18,2,16524,89.05020115445164,0.960566037735849,0.9348145427836945,0.9475153545505304,15273,1065,627
Saimiri_sciureus,Varecia_variegata,same-order,3,0,3,340,281,59,17,1,16524,89.05020115445164,0.960566037735849,0.9348145427836945,0.9475153545505304,15273,1065,627
Saimiri_sciureus,Varecia_variegata,same-order,3,0,4,340,281,59,17,1,16524,89.05020115445164,0.960566037735849,0.9348145427836945,0.9475153545505304,15273,1065,627
Saimiri_sciureus,Varecia_variegata,same-order,3,2,1,340,62,278,24,17,16539,90.49449589376201,0.9610317313045091,0.9511478420569329,0.9560642422004799,15537,798,630
Saimiri_sciureus,Varecia_variegata,same-order,3,2,2,340,299,41,11,0,16535,90.6379260122342,0.9610822831727205,0.9524334251606978,0.9567383082741444,15558,777,630
Saimiri_sciureus,Varecia_variegata,same-order,3,2,3,340,299,41,11,0,16535,90.6379260122342,0.9610822831727205,0.9524334251606978,0.9567383082741444,15558,777,630
Saimiri_sciureus,Varecia_variegata,same-order,4,0,1,453,66,387,18,13,16520,89.9376202413572,0.960585305105853,0.9445873132500612,0.9525191405285255,15427,905,633
Saimiri_sciureus,Varecia_variegata,same-order,4,0,2,453,379,74,11,0,16523,89.95510989331312,0.960772104607721,0.9445974900520355,0.9526161444667388,15430,905,630
Saimiri_sciureus,Varecia_variegata,same-order,4,0,3,453,379,74,11,0,16523,89.95510989331312,0.960772104607721,0.9445974900520355,0.9526161444667388,15430,905,630
Saimiri_sciureus,Varecia_variegata,same-order,4,1,1,453,58,395,13,9,16532,89.91317522288911,0.9608319322498288,0.944539666993144,0.9526161444667387,15430,906,629
Saimiri_sciureus,Varecia_variegata,same-order,4,1,2,453,356,97,5,1,16529,93.01863644330199,0.9643852210781345,0.9722171337851866,0.9682853407121356,15922,455,588
Saimiri_sciureus,Varecia_variegata,same-order,4,1,3,453,405,48,3,0,16529,93.01863644330199,0.9643852210781345,0.9722171337851866,0.9682853407121356,15922,455,588
Saimiri_sciureus,Varecia_variegata,same-order,4,1,4,453,405,48,3,0,16529,93.01863644330199,0.9643852210781345,0.9722171337851866,0.9682853407121356,15922,455,588
Saimiri_sciureus,Varecia_variegata,same-order,4,2,1,453,84,369,17,14,16532,93.58007367128575,0.9655526061776062,0.9762718067585702,0.9708826205641492,16005,389,571
Saimiri_sciureus,Varecia_variegata,same-order,4,2,2,453,426,27,5,0,16531,93.84795321637426,0.9657579587169766,0.978775311051476,0.9722230636415957,16048,348,569
Saimiri_sciureus,Varecia_variegata,same-order,4,2,3,453,427,26,4,0,16531,93.84795321637426,0.9657579587169766,0.978775311051476,0.9722230636415957,16048,348,569
Saimiri_sciureus,Varecia_variegata,same-order,4,2,4,453,427,26,4,0,16531,93.84795321637426,0.9657579587169766,0.978775311051476,0.9722230636415957,16048,348,569
Saimiri_sciureus,Varecia_variegata,same-order,5,0,1,566,95,471,12,8,16543,91.33683596030356,0.9638390932051993,0.955305898156063,0.9595535248842416,15646,732,587
Saimiri_sciureus,Varecia_variegata,same-order,5,0,2,566,471,95,8,0,16540,91.5450192689478,0.9639695031972455,0.9572012943403139,0.960573476702509,15678,701,586
Saimiri_sciureus,Varecia_variegata,same-order,5,0,3,566,472,94,8,0,16540,91.5450192689478,0.9639695031972455,0.9572012943403139,0.960573476702509,15678,701,586
Saimiri_sciureus,Varecia_variegata,same-order,5,0,4,566,472,94,8,0,16540,91.5450192689478,0.9639695031972455,0.9572012943403139,0.960573476702509,15678,701,586
Saimiri_sciureus,Varecia_variegata,same-order,5,1,1,566,84,482,11,9,16548,92.61921458625525,0.9656369950648875,0.9663435156392903,0.965990126165661,15849,552,564
Saimiri_sciureus,Varecia_variegata,same-order,5,1,2,566,496,70,4,1,16545,95.48277478322007,0.9689060642092747,0.9911811215180635,0.979917022427996,16297,145,523
Saimiri_sciureus,Varecia_variegata,same-order,5,1,3,566,548,18,2,0,16545,95.48277478322007,0.9689060642092747,0.9911811215180635,0.979917022427996,16297,145,523
Saimiri_sciureus,Varecia_variegata,same-order,5,1,4,566,548,18,2,0,16545,95.48277478322007,0.9689060642092747,0.9911811215180635,0.979917022427996,16297,145,523
Saimiri_sciureus,Varecia_variegata,same-order,5,2,1,566,94,472,15,9,16540,91.36766076421249,0.9615054554370479,0.9601518026565465,0.9608281522771125,15686,651,628
Saimiri_sciureus,Varecia_variegata,same-order,5,2,2,566,496,70,6,0,16539,91.52730027387682,0.9619082613754669,0.9610842562565013,0.9614960822722821,15707,636,622
Saimiri_sciureus,Varecia_variegata,same-order,5,2,3,566,496,70,6,0,16539,91.52730027387682,0.9619082613754669,0.9610842562565013,0.9614960822722821,15707,636,622
Saimiri_sciureus,Varecia_variegata,same-order,6,1,1,679,115,564,8,8,16543,94.44509414103614,0.9665489797139608,0.9845178593197611,0.975450674879971,16152,254,559
Saimiri_sciureus,Varecia_variegata,same-order,6,1,2,679,632,47,3,0,16543,94.44509414103614,0.9665489797139608,0.9845178593197611,0.975450674879971,16152,254,559
Saimiri_sciureus,Varecia_variegata,same-order,6,1,3,679,632,47,3,0,16543,94.44509414103614,0.9665489797139608,0.9845178593197611,0.975450674879971,16152,254,559
Saimiri_sciureus,Varecia_variegata,same-order,6,0,1,679,103,576,10,9,16537,94.9505008493937,0.9681060741802544,0.9864889538068286,0.9772110689093868,16209,222,534
Saimiri_sciureus,Varecia_variegata,same-order,6,0,2,679,645,34,2,0,16541,95.05594282701658,0.9683714268663842,0.9873440827502282,0.9777657266811279,16227,208,530
Saimiri_sciureus,Varecia_variegata,same-order,6,0,3,679,648,31,1,0,16542,95.19681349578256,0.9684185436777499,0.9888652266504412,0.9785350874552187,16252,183,530
Saimiri_sciureus,Varecia_variegata,same-order,6,0,4,679,648,31,1,0,16541,95.20239001815945,0.9684185436777499,0.9888652266504412,0.9785350874552187,16252,183,530
Saimiri_sciureus,Varecia_variegata,same-order,6,0,5,679,648,31,1,0,16541,95.20239001815945,0.9684185436777499,0.9888652266504412,0.9785350874552187,16252,183,530
Saimiri_sciureus,Varecia_variegata,same-order,6,2,1,679,113,566,11,10,16540,95.07553577702308,0.9679284649776453,0.9884336762646861,0.9780736100234925,16237,190,538
Saimiri_sciureus,Varecia_variegata,same-order,6,2,2,679,643,36,3,0,16540,95.10980966325036,0.968107302533532,0.9884357881923311,0.9781659388646288,16240,190,535
Saimiri_sciureus,Varecia_variegata,same-order,6,2,3,679,643,36,3,0,16540,95.10980966325036,0.968107302533532,0.9884357881923311,0.9781659388646288,16240,190,535
Saimiri_sciureus,Varecia_variegata,same-order,7,0,1,792,121,671,7,7,16544,95.44842129927947,0.9686701147375305,0.9912398101958876,0.9798250097717911,16294,144,527
Saimiri_sciureus,Varecia_variegata,same-order,7,0,2,792,761,31,1,0,16544,95.48277478322007,0.9688484632304857,0.9912414086734384,0.9799170224279958,16297,144,524
Saimiri_sciureus,Varecia_variegata,same-order,7,0,3,792,761,31,1,0,16544,95.48277478322007,0.9688484632304857,0.9912414086734384,0.9799170224279958,16297,144,524
Saimiri_sciureus,Varecia_variegata,same-order,7,1,1,792,129,663,11,9,16547,93.69742990654206,0.9655110148067895,0.9785871156661786,0.9720050899836393,16041,351,573
Saimiri_sciureus,Varecia_variegata,same-order,7,1,2,792,728,64,2,0,16547,93.72042759506981,0.9655753490611458,0.9787104251814799,0.9720985185858401,16044,349,572
Saimiri_sciureus,Varecia_variegata,same-order,7,1,3,792,728,64,2,0,16547,93.72042759506981,0.9655753490611458,0.9787104251814799,0.9720985185858401,16044,349,572
Saimiri_sciureus,Varecia_variegata,same-order,7,2,1,792,132,660,6,5,16534,93.51408203809747,0.9650265315967197,0.9767470247177297,0.9708514058661167,16004,381,580
Saimiri_sciureus,Varecia_variegata,same-order,7,2,2,792,721,71,2,0,16540,93.54914105410775,0.9653883260974433,0.9767555365749496,0.9710386656557999,16010,381,574
Saimiri_sciureus,Varecia_variegata,same-order,7,2,3,792,721,71,2,0,16540,93.54914105410775,0.9653883260974433,0.9767555365749496,0.9710386656557999,16010,381,574
Saimiri_sciureus,Varecia_variegata,same-order,8,0,1,905,148,757,5,5,16544,95.48277478322007,0.9688484632304857,0.9912414086734384,0.9799170224279958,16297,144,524
Saimiri_sciureus,Varecia_variegata,same-order,8,0,2,905,860,45,1,0,16544,95.48277478322007,0.9688484632304857,0.9912414086734384,0.9799170224279958,16297,144,524
Saimiri_sciureus,Varecia_variegata,same-order,8,0,3,905,860,45,1,0,16544,95.48277478322007,0.9688484632304857,0.9912414086734384,0.9799170224279958,16297,144,524
Saimiri_sciureus,Varecia_variegata,same-order,8,1,1,905,149,756,6,5,16535,93.54801005201332,0.96526563348007,0.9766916834462139,0.9709450442799952,16007,382,576
Saimiri_sciureus,Varecia_variegata,same-order,8,1,2,905,816,89,2,0,16538,93.56554263339372,0.9654465416390279,0.9766959492435334,0.9710386656557999,16010,382,573
Saimiri_sciureus,Varecia_variegata,same-order,8,1,3,905,816,89,2,0,16538,93.56554263339372,0.9654465416390279,0.9766959492435334,0.9710386656557999,16010,382,573
Aotus_azarai,Homo_sapiens,same-order,1,0,1,111,34,77,50,7,16553,76.96231884057971,0.950118084877979,0.8364415322580645,0.8896632601775841,13276,2596,697
Aotus_azarai,Homo_sapiens,same-order,1,0,2,111,66,45,44,0,16550,77.60190178001972,0.9505006746679924,0.8432459677419355,0.8936667445664875,13384,2488,697
Aotus_azarai,Homo_sapiens,same-order,1,0,3,111,67,44,43,0,16550,77.62509421928452,0.9505147319843805,0.8434979838709677,0.8938144674032781,13388,2484,697
Aotus_azarai,Homo_sapiens,same-order,1,0,4,111,67,44,43,0,16550,77.62509421928452,0.9505147319843805,0.8434979838709677,0.8938144674032781,13388,2484,697
Saimiri_sciureus,Varecia_variegata,same-order,8,2,1,905,148,757,5,5,16548,95.48942651279948,0.9689134569662388,0.9914244009244617,0.9800396801539109,16301,141,523
Saimiri_sciureus,Varecia_variegata,same-order,8,2,2,905,851,54,1,0,16545,95.50621045230841,0.9689134569662388,0.9914244009244617,0.9800396801539109,16301,141,523
Saimiri_sciureus,Varecia_variegata,same-order,8,2,3,905,851,54,1,0,16545,95.50621045230841,0.9689134569662388,0.9914244009244617,0.9800396801539109,16301,141,523
Aotus_azarai,Homo_sapiens,same-order,1,1,1,111,33,78,44,3,16551,75.90361445783132,0.9483969023666498,0.8264379414732593,0.8832271762208067,13104,2752,713
Aotus_azarai,Homo_sapiens,same-order,1,1,2,111,58,53,41,2,16552,76.57861198007184,0.9490272094191974,0.8335330096475188,0.8875386061501277,13219,2640,710
Aotus_azarai,Homo_sapiens,same-order,1,1,3,111,58,53,41,2,16552,76.57861198007184,0.9490272094191974,0.8335330096475188,0.8875386061501277,13219,2640,710
Aotus_azarai,Homo_sapiens,same-order,1,2,1,111,31,80,43,9,16555,77.64842166232262,0.9497024652876169,0.8453244214641529,0.8944787322768974,13406,2453,710
Aotus_azarai,Homo_sapiens,same-order,1,2,2,111,67,44,42,1,16555,78.08155699721965,0.9500317147085771,0.849936948297604,0.8972012379779694,13480,2380,709
Aotus_azarai,Homo_sapiens,same-order,1,2,3,111,67,44,42,1,16555,78.08155699721965,0.9500317147085771,0.849936948297604,0.8972012379779694,13480,2380,709
Aotus_azarai,Homo_sapiens,same-order,2,0,1,221,62,159,40,12,16582,83.30818340104469,0.9568057592321024,0.901576534137303,0.9283704685832552,14354,1567,648
Aotus_azarai,Homo_sapiens,same-order,2,0,2,221,172,49,25,1,16583,83.85691887811393,0.9576895019563632,0.906471659029565,0.9313769751693002,14441,1490,638
Aotus_azarai,Homo_sapiens,same-order,2,0,3,221,172,49,25,1,16582,83.86178861788618,0.9576895019563632,0.906471659029565,0.9313769751693002,14441,1490,638
Aotus_azarai,Homo_sapiens,same-order,2,0,4,221,172,49,25,1,16582,83.86178861788618,0.9576895019563632,0.906471659029565,0.9313769751693002,14441,1490,638
Aotus_azarai,Homo_sapiens,same-order,2,1,1,221,65,156,37,12,16585,84.2587757470264,0.9571579224887952,0.9122432313587537,0.9341610112251135,14522,1397,650
Aotus_azarai,Homo_sapiens,same-order,2,1,2,221,185,36,18,0,16587,85.18690503830973,0.9581510739700986,0.9213962832747363,0.9394143062890062,14676,1252,641
Aotus_azarai,Homo_sapiens,same-order,2,1,3,221,188,33,16,0,16586,85.27311778022872,0.9581892896745157,0.9222752385735811,0.9398893118781791,14690,1238,641
Aotus_azarai,Homo_sapiens,same-order,2,1,4,221,188,33,16,0,16586,85.27311778022872,0.9581892896745157,0.9222752385735811,0.9398893118781791,14690,1238,641
Aotus_azarai,Homo_sapiens,same-order,2,2,1,221,58,163,38,14,16549,83.1561210853524,0.9557900360625083,0.8997296787577795,0.9269129885690229,14312,1595,662
Aotus_azarai,Homo_sapiens,same-order,2,2,2,221,163,58,31,2,16550,83.81472656477015,0.9564294714503614,0.9063599798893917,0.9307218224645865,14422,1490,657
Aotus_azarai,Homo_sapiens,same-order,2,2,3,221,165,56,29,2,16550,83.89608880106933,0.9564698867024448,0.9072398190045249,0.9312046444121915,14436,1476,657
Aotus_azarai,Homo_sapiens,same-order,2,2,4,221,165,56,29,2,16550,83.89608880106933,0.9564698867024448,0.9072398190045249,0.9312046444121915,14436,1476,657
Aotus_azarai,Homo_sapiens,same-order,3,0,1,332,95,237,27,12,16585,88.97930713787491,0.9611351792553525,0.9597492163009405,0.9604416977758258,15308,642,619
Aotus_azarai,Homo_sapiens,same-order,3,0,2,332,298,34,13,0,16580,89.38212706539446,0.9619309999373865,0.9625336758348474,0.9622322435174746,15363,598,608
Aotus_azarai,Homo_sapiens,same-order,3,0,3,332,299,33,12,0,16580,89.51594135443332,0.9619857446542454,0.9639746883027379,0.9629791894852135,15386,575,608
Aotus_azarai,Homo_sapiens,same-order,3,0,4,332,299,33,12,0,16580,89.51594135443332,0.9619857446542454,0.9639746883027379,0.9629791894852135,15386,575,608
Aotus_azarai,Homo_sapiens,same-order,3,1,1,332,92,240,29,11,16550,87.22328743245599,0.9578255598800485,0.9436761377923057,0.9506982046166998,15012,896,661
Aotus_azarai,Homo_sapiens,same-order,3,1,2,332,289,43,11,0,16547,88.61046511627907,0.9589153139549516,0.9575898466951496,0.958252121974222,15241,675,653
Aotus_azarai,Homo_sapiens,same-order,3,1,3,332,291,41,10,0,16546,88.80167451596023,0.9589978651262088,0.9596004021110832,0.9592990390050876,15273,643,653
Aotus_azarai,Homo_sapiens,same-order,3,1,4,332,293,39,10,0,16546,88.80167451596023,0.9589978651262088,0.9596004021110832,0.9592990390050876,15273,643,653
Aotus_azarai,Homo_sapiens,same-order,3,1,5,332,293,39,10,0,16546,88.80167451596023,0.9589978651262088,0.9596004021110832,0.9592990390050876,15273,643,653
Aotus_azarai,Homo_sapiens,same-order,3,2,1,332,98,234,31,14,16578,87.50217985235133,0.9601352213292512,0.9441169091821375,0.9520586933147809,15053,891,625
Aotus_azarai,Homo_sapiens,same-order,3,2,2,332,287,45,16,0,16582,88.14091384722707,0.9607147383094665,0.950655213493009,0.9556585043017868,15162,787,620
Aotus_azarai,Homo_sapiens,same-order,3,2,3,332,287,45,16,0,16579,88.21100383854834,0.961031554936003,0.9506706781998245,0.9558230400806654,15167,787,615
Aotus_azarai,Homo_sapiens,same-order,3,2,4,332,287,45,16,0,16579,88.21100383854834,0.961031554936003,0.9506706781998245,0.9558230400806654,15167,787,615
Aotus_azarai,Homo_sapiens,same-order,4,1,1,442,139,303,23,12,16574,90.2437605445343,0.9618651950145718,0.9722953491287452,0.9670521492472179,15512,442,615
Aotus_azarai,Homo_sapiens,same-order,4,1,2,442,411,31,5,0,16574,90.67372585524785,0.9620964257052904,0.9768097774992165,0.9693972756111214,15585,370,614
Aotus_azarai,Homo_sapiens,same-order,4,1,3,442,411,31,5,0,16574,90.67372585524785,0.9620964257052904,0.9768097774992165,0.9693972756111214,15585,370,614
Aotus_azarai,Homo_sapiens,same-order,4,0,1,442,129,313,25,11,16578,90.00407284575552,0.9621221544968279,0.9692355889724311,0.9656657718958737,15469,491,609
Aotus_azarai,Homo_sapiens,same-order,4,0,2,442,406,36,10,0,16581,90.7122905027933,0.962757087270706,0.9763246899661782,0.9694934228939268,15588,378,603
Aotus_azarai,Homo_sapiens,same-order,4,0,3,442,409,33,9,0,16581,90.7122905027933,0.962757087270706,0.9763246899661782,0.9694934228939268,15588,378,603
Aotus_azarai,Homo_sapiens,same-order,4,0,4,442,409,33,9,0,16581,90.7122905027933,0.962757087270706,0.9763246899661782,0.9694934228939268,15588,378,603
Aotus_azarai,Homo_sapiens,same-order,4,2,1,442,132,310,28,13,16580,88.39290903807033,0.9605254847470474,0.9538384345208228,0.9571702803914782,15208,736,625
Aotus_azarai,Homo_sapiens,same-order,4,2,2,442,399,43,11,0,16577,89.27989762680316,0.9614758205963417,0.9620784756174,0.9617770537001065,15349,605,615
Aotus_azarai,Homo_sapiens,same-order,4,2,3,442,399,43,11,0,16577,89.27989762680316,0.9614758205963417,0.9620784756174,0.9617770537001065,15349,605,615
Aotus_azarai,Homo_sapiens,same-order,5,0,1,553,161,392,16,10,16545,92.36694677871148,0.9640051160241184,0.9906120916259857,0.9771275118066489,15828,150,591
Aotus_azarai,Homo_sapiens,same-order,5,0,2,553,527,26,4,0,16547,92.97641289117234,0.9648006785411366,0.9960595446584939,0.9801809564842741,15925,63,581
Aotus_azarai,Homo_sapiens,same-order,5,0,3,553,531,22,3,0,16545,92.9872708163027,0.9648006785411366,0.9960595446584939,0.9801809564842741,15925,63,581
Aotus_azarai,Homo_sapiens,same-order,5,0,4,553,531,22,3,0,16545,92.9872708163027,0.9648006785411366,0.9960595446584939,0.9801809564842741,15925,63,581
Aotus_azarai,Homo_sapiens,same-order,5,1,1,553,140,413,20,11,16560,92.41576308732657,0.9638839910013984,0.9923630672926448,0.9779162297205601,15853,122,594
Aotus_azarai,Homo_sapiens,same-order,5,1,2,553,534,19,5,0,16550,92.82212885154061,0.9644676206645646,0.9951823812801102,0.9795842956120092,15906,77,586
Aotus_azarai,Homo_sapiens,same-order,5,1,3,553,541,12,5,0,16552,92.96761015465421,0.9646944831345001,0.9964969348179658,0.9803378565494323,15930,56,583
Aotus_azarai,Homo_sapiens,same-order,5,1,4,553,543,10,4,0,16556,93.01429822001751,0.9649452079675486,0.9967479674796748,0.9805887962592672,15938,52,579
Aotus_azarai,Homo_sapiens,same-order,5,1,5,553,543,10,4,0,16556,93.01429822001751,0.9649452079675486,0.9967479674796748,0.9805887962592672,15938,52,579
Aotus_azarai,Homo_sapiens,same-order,5,2,1,553,157,396,22,10,16567,90.94082736952348,0.9618461538461538,0.9799987460028842,0.9708376036522872,15630,319,620
Aotus_azarai,Homo_sapiens,same-order,5,2,2,553,515,38,5,0,16579,91.66569665929461,0.9631260319207485,0.9864712514092446,0.9746588693957116,15750,216,603
Aotus_azarai,Homo_sapiens,same-order,5,2,3,553,520,33,4,0,16581,91.76415808160176,0.9633386288647195,0.9872878702486066,0.9751662285449204,15766,203,600
Aotus_azarai,Homo_sapiens,same-order,5,2,4,553,520,33,4,0,16580,91.76949941792782,0.9633386288647195,0.9872878702486066,0.9751662285449204,15766,203,600
Aotus_azarai,Homo_sapiens,same-order,5,2,5,553,520,33,4,0,16580,91.76949941792782,0.9633386288647195,0.9872878702486066,0.9751662285449204,15766,203,600
Aotus_azarai,Homo_sapiens,same-order,6,0,1,663,206,457,17,10,16555,92.73172723560637,0.9643312101910828,0.9947437582128777,0.9793014230271669,15897,84,588
Aotus_azarai,Homo_sapiens,same-order,6,0,2,663,639,24,2,0,16555,93.11270647288858,0.9650353880587986,0.9976236633106123,0.9810589754627637,15953,38,578
Aotus_azarai,Homo_sapiens,same-order,6,0,3,663,639,24,2,0,16554,93.11814148961008,0.9650353880587986,0.9976236633106123,0.9810589754627637,15953,38,578
Aotus_azarai,Homo_sapiens,same-order,6,0,4,663,639,24,2,0,16554,93.11814148961008,0.9650353880587986,0.9976236633106123,0.9810589754627637,15953,38,578
Aotus_azarai,Homo_sapiens,same-order,6,1,1,663,175,488,17,11,16531,92.53984005603876,0.9635324864766304,0.9927359258563466,0.9779162297205601,15853,116,600
Aotus_azarai,Homo_sapiens,same-order,6,1,2,663,634,29,3,0,16527,92.66654989198342,0.963572339262947,0.9938631097751894,0.9784833538840938,15871,98,600
Aotus_azarai,Homo_sapiens,same-order,6,1,3,663,634,29,3,0,16527,92.66654989198342,0.963572339262947,0.9938631097751894,0.9784833538840938,15871,98,600
Aotus_azarai,Homo_sapiens,same-order,7,0,1,774,231,543,15,4,16575,91.16208663251048,0.96303585706378,0.9805861723446894,0.971731777701927,15658,310,601
Aotus_azarai,Homo_sapiens,same-order,7,0,2,774,708,66,7,0,16577,91.63270059392104,0.9634504714093303,0.9852867518156775,0.9742462700427166,15737,235,597
Aotus_azarai,Homo_sapiens,same-order,7,0,3,774,711,63,6,0,16577,91.63270059392104,0.9634504714093303,0.9852867518156775,0.9742462700427166,15737,235,597
Aotus_azarai,Homo_sapiens,same-order,7,0,4,774,711,63,6,0,16577,91.63270059392104,0.9634504714093303,0.9852867518156775,0.9742462700427166,15737,235,597
Aotus_azarai,Homo_sapiens,same-order,6,2,1,663,200,463,16,8,16547,92.17254261031987,0.9642769907181241,0.9879254254254254,0.9759579728059332,15791,193,585
Aotus_azarai,Homo_sapiens,same-order,6,2,2,663,633,30,5,0,16549,92.62697022767075,0.9646765564202334,0.992431823867901,0.9783573806881243,15867,121,581
Aotus_azarai,Homo_sapiens,same-order,6,2,3,663,638,25,4,0,16549,92.87799182720373,0.9647686616942575,0.9951213410057543,0.9797099664398534,15910,78,581
Aotus_azarai,Homo_sapiens,same-order,6,2,4,663,641,22,3,0,16550,92.94220665499124,0.9648506151142355,0.9957470761148289,0.9800554016620499,15921,68,580
Aotus_azarai,Homo_sapiens,same-order,6,2,5,663,641,22,3,0,16550,92.94220665499124,0.9648506151142355,0.9957470761148289,0.9800554016620499,15921,68,580
Aotus_azarai,Homo_sapiens,same-order,7,1,1,774,233,541,14,8,16556,93.15396288082175,0.9650523006227705,0.9981239447189044,0.9813095604057793,15961,30,578
Aotus_azarai,Homo_sapiens,same-order,7,1,2,774,751,23,2,0,16548,93.2963503649635,0.9651443759816358,0.9990620310155077,0.9818103607202114,15977,15,577
Aotus_azarai,Homo_sapiens,same-order,7,1,3,774,751,23,2,0,16548,93.2963503649635,0.9651443759816358,0.9990620310155077,0.9818103607202114,15977,15,577
Aotus_azarai,Homo_sapiens,same-order,7,2,1,774,249,525,15,9,16551,92.89716353449282,0.9646666666666667,0.9956837232578506,0.9799298159207043,15917,69,583
Aotus_azarai,Homo_sapiens,same-order,7,2,2,774,739,35,3,0,16548,93.16204379562043,0.9650958804670013,0.997623811905953,0.9810903053223872,15954,38,577
Aotus_azarai,Homo_sapiens,same-order,7,2,3,774,746,28,2,0,16548,93.27883211678832,0.9651380581233763,0.9988744372186094,0.9817164981716499,15974,18,577
Aotus_azarai,Homo_sapiens,same-order,7,2,4,774,746,28,2,0,16548,93.27883211678832,0.9651380581233763,0.9988744372186094,0.9817164981716499,15974,18,577
Aotus_azarai,Homo_sapiens,same-order,8,0,1,884,255,629,13,8,16554,93.1143140573029,0.9647521160822249,0.9981859126735894,0.9811842833425567,15957,29,583
Aotus_azarai,Homo_sapiens,same-order,8,0,2,884,855,29,2,0,16548,93.31970802919707,0.9651527962314289,0.999312156078039,0.9819354838709677,15981,11,577
Aotus_azarai,Homo_sapiens,same-order,8,0,3,884,855,29,2,0,16548,93.31970802919707,0.9651527962314289,0.999312156078039,0.9819354838709677,15981,11,577
Aotus_azarai,Homo_sapiens,same-order,8,1,1,884,235,649,11,7,16557,93.1143140573029,0.9649271330954828,0.9979986240540372,0.9811842833425567,15957,32,580
Aotus_azarai,Homo_sapiens,same-order,8,1,2,884,860,24,2,0,16548,93.38394160583941,0.9651759309553987,1.0,0.9822794140229109,15992,0,577
Aotus_azarai,Homo_sapiens,same-order,8,1,3,884,860,24,2,0,16548,93.38394160583941,0.9651759309553987,1.0,0.9822794140229109,15992,0,577
Aotus_azarai,Gorilla_gorilla,same-order,1,0,1,110,40,70,45,7,16550,81.42874237166447,0.9880935095106723,0.8401234567901235,0.9081203709881899,13610,2590,164
Aotus_azarai,Gorilla_gorilla,same-order,1,0,2,110,69,41,39,3,16552,82.0864256643524,0.9887535145267105,0.8461870681145114,0.9119319126300741,13715,2493,156
Aotus_azarai,Gorilla_gorilla,same-order,1,0,3,110,69,41,39,3,16552,82.0864256643524,0.9887535145267105,0.8461870681145114,0.9119319126300741,13715,2493,156
Aotus_azarai,Homo_sapiens,same-order,8,2,1,884,265,619,13,8,16554,93.25396825396825,0.9648593165076682,0.9995621442421968,0.9819042059663892,15980,7,582
Aotus_azarai,Homo_sapiens,same-order,8,2,2,884,855,29,2,0,16548,93.38394160583941,0.9651759309553987,1.0,0.9822794140229109,15992,0,577
Aotus_azarai,Homo_sapiens,same-order,8,2,3,884,855,29,2,0,16548,93.38394160583941,0.9651759309553987,1.0,0.9822794140229109,15992,0,577
Aotus_azarai,Gorilla_gorilla,same-order,1,1,1,110,36,74,50,4,16558,80.39696299396186,0.9875890431078799,0.830379746835443,0.9021870387763318,13448,2747,169
Aotus_azarai,Gorilla_gorilla,same-order,1,1,2,110,58,52,49,0,16554,80.9424146385218,0.9876687340386721,0.8358135226921889,0.905418060200669,13536,2659,169
Aotus_azarai,Gorilla_gorilla,same-order,1,1,3,110,59,51,49,0,16554,80.97231358009927,0.987673231218089,0.8361222599567768,0.9056010700551748,13541,2654,169
Aotus_azarai,Gorilla_gorilla,same-order,1,1,4,110,59,51,49,0,16554,80.97231358009927,0.987673231218089,0.8361222599567768,0.9056010700551748,13541,2654,169
Aotus_azarai,Gorilla_gorilla,same-order,1,2,1,110,31,79,52,7,16551,81.19842124147829,0.9875627318350425,0.8385104674859507,0.9069534433237594,13578,2615,171
Aotus_azarai,Gorilla_gorilla,same-order,1,2,2,110,63,47,47,3,16546,81.8187256954831,0.9877934272300469,0.8444581661006484,0.9105193075898802,13676,2519,169
Aotus_azarai,Gorilla_gorilla,same-order,1,2,3,110,66,44,47,3,16546,82.03302620557616,0.9878953815116363,0.8465670535934798,0.9117871986699916,13711,2485,168
Aotus_azarai,Gorilla_gorilla,same-order,1,2,4,110,66,44,47,3,16546,82.03302620557616,0.9878953815116363,0.8465670535934798,0.9117871986699916,13711,2485,168
Aotus_azarai,Gorilla_gorilla,same-order,2,0,1,219,61,158,34,14,16555,87.49550844412505,0.9903070561919609,0.9006842981320511,0.9433718602699037,14610,1611,143
Aotus_azarai,Gorilla_gorilla,same-order,2,0,2,219,177,42,20,0,16553,88.04530201342281,0.9908956029134071,0.9053546121141167,0.9461957046720546,14693,1536,135
Aotus_azarai,Gorilla_gorilla,same-order,2,0,3,219,177,42,20,0,16553,88.04530201342281,0.9908956029134071,0.9053546121141167,0.9461957046720546,14693,1536,135
Aotus_azarai,Gorilla_gorilla,same-order,2,1,1,219,61,158,37,13,16575,88.42370441458733,0.993463171372734,0.9062519210671912,0.947855719153861,14742,1525,97
Aotus_azarai,Gorilla_gorilla,same-order,2,1,2,219,181,38,23,1,16579,89.08883690240538,0.9938436830835118,0.9127335299901671,0.951563300871348,14852,1420,92
Aotus_azarai,Gorilla_gorilla,same-order,2,1,3,219,184,35,20,1,16576,89.43357734309372,0.9939979993331111,0.915878087747327,0.9533403690556141,14905,1369,90
Aotus_azarai,Gorilla_gorilla,same-order,2,1,4,219,184,35,20,1,16576,89.43357734309372,0.9939979993331111,0.915878087747327,0.9533403690556141,14905,1369,90
Aotus_azarai,Gorilla_gorilla,same-order,2,2,1,219,53,166,40,15,16548,85.74167265756051,0.9900387382401771,0.8823674475955611,0.9331073151649498,14312,1908,144
Aotus_azarai,Gorilla_gorilla,same-order,2,2,2,219,157,62,29,0,16548,86.54721955896453,0.990399780566413,0.8902243589743589,0.9376440419385205,14443,1781,140
Aotus_azarai,Gorilla_gorilla,same-order,2,2,3,219,163,56,25,0,16549,86.99065196548418,0.9905158296943232,0.8947303543913714,0.940189760694278,14517,1708,139
Aotus_azarai,Gorilla_gorilla,same-order,2,2,4,219,163,56,25,0,16549,86.99065196548418,0.9905158296943232,0.8947303543913714,0.940189760694278,14517,1708,139
Aotus_azarai,Gorilla_gorilla,same-order,3,0,1,328,106,222,29,12,16576,92.1390823925054,0.9950710162786173,0.9419818271119843,0.9677989087583183,15343,945,76
Aotus_azarai,Gorilla_gorilla,same-order,3,0,2,328,303,25,9,0,16573,93.57087063630355,0.9955251550214154,0.9557505830367006,0.9752324889626452,15573,721,70
Aotus_azarai,Gorilla_gorilla,same-order,3,0,3,328,311,17,5,0,16573,93.81084004326404,0.9955997704228047,0.9580853022399509,0.9764823617713286,15612,683,69
Aotus_azarai,Gorilla_gorilla,same-order,3,0,4,328,311,17,5,0,16573,93.81084004326404,0.9955997704228047,0.9580853022399509,0.9764823617713286,15612,683,69
Aotus_azarai,Gorilla_gorilla,same-order,3,1,1,328,106,222,33,16,16554,90.79728837962685,0.9924590163934426,0.9314419348883008,0.9609828883456618,15135,1114,115
Aotus_azarai,Gorilla_gorilla,same-order,3,1,2,328,284,44,14,0,16544,91.71068427370949,0.9924650860669049,0.9403618906942393,0.9657112157507189,15279,969,116
Aotus_azarai,Gorilla_gorilla,same-order,3,1,3,328,292,36,11,0,16550,91.9798295113459,0.99300064808814,0.9425442913385826,0.9671148141134885,15322,934,108
Aotus_azarai,Gorilla_gorilla,same-order,3,1,4,328,292,36,11,0,16550,91.9798295113459,0.99300064808814,0.9425442913385826,0.9671148141134885,15322,934,108
Aotus_azarai,Gorilla_gorilla,same-order,3,2,1,328,118,210,31,12,16560,89.40774487471526,0.9918866795238412,0.9182982391331117,0.9536749896096424,14915,1327,122
Aotus_azarai,Gorilla_gorilla,same-order,3,2,2,328,276,52,14,0,16554,90.57045168256253,0.9923107255520505,0.9293408013787161,0.9597940437974765,15099,1148,117
Aotus_azarai,Gorilla_gorilla,same-order,3,2,3,328,279,49,12,0,16553,90.64187162567487,0.9923162802915874,0.930017849449129,0.9601575903920696,15110,1137,117
Aotus_azarai,Gorilla_gorilla,same-order,3,2,4,328,279,49,12,0,16553,90.64187162567487,0.9923162802915874,0.930017849449129,0.9601575903920696,15110,1137,117
Aotus_azarai,Gorilla_gorilla,same-order,4,0,1,437,122,315,21,10,16576,94.20881893548,0.9955561198577958,0.9624401620228304,0.9787180927416839,15682,612,70
Aotus_azarai,Gorilla_gorilla,same-order,4,0,2,437,396,41,5,0,16569,94.92605506793315,0.9959003468937244,0.9687710902509357,0.9821484107731543,15790,509,65
Aotus_azarai,Gorilla_gorilla,same-order,4,0,3,437,397,40,5,0,16569,95.0402789467356,0.9959052538742598,0.9699368059390147,0.9827495104590805,15809,490,65
Aotus_azarai,Gorilla_gorilla,same-order,4,0,4,437,398,39,4,0,16573,95.1304556931586,0.9961598992760465,0.970618904496105,0.9832235615757424,15824,479,61
Aotus_azarai,Gorilla_gorilla,same-order,4,0,5,437,398,39,4,0,16573,95.1304556931586,0.9961598992760465,0.970618904496105,0.9832235615757424,15824,479,61
Aotus_azarai,Gorilla_gorilla,same-order,4,1,1,437,132,305,18,11,16552,94.0572046629011,0.9942831734739249,0.9618409733316947,0.9777930474435456,15653,621,90
Aotus_azarai,Gorilla_gorilla,same-order,4,1,2,437,403,34,5,0,16552,94.56763415660117,0.9943763427271578,0.9669431643625191,0.9804678981963179,15737,538,89
Aotus_azarai,Gorilla_gorilla,same-order,4,1,3,437,403,34,5,0,16549,94.58468565933406,0.9943763427271578,0.9669431643625191,0.9804678981963179,15737,538,89
Aotus_azarai,Gorilla_gorilla,same-order,4,1,4,437,403,34,5,0,16549,94.58468565933406,0.9943763427271578,0.9669431643625191,0.9804678981963179,15737,538,89
Aotus_azarai,Gorilla_gorilla,same-order,4,2,1,437,146,291,18,9,16550,94.10633823971162,0.9939716987118472,0.9628127112914131,0.9781441238915949,15664,605,95
Aotus_azarai,Gorilla_gorilla,same-order,4,2,2,437,393,44,5,0,16557,94.47281465905678,0.9944349585783848,0.9661464733349717,0.9800866340490509,15725,551,88
Aotus_azarai,Gorilla_gorilla,same-order,4,2,3,437,395,42,4,0,16553,94.56129807692308,0.9945013272658324,0.9667014806168213,0.9804043739680363,15735,542,87
Aotus_azarai,Gorilla_gorilla,same-order,4,2,4,437,395,42,4,0,16553,94.56129807692308,0.9945013272658324,0.9667014806168213,0.9804043739680363,15735,542,87
Aotus_azarai,Gorilla_gorilla,same-order,5,0,1,546,177,369,24,11,16580,94.64038935288109,0.9960161881876818,0.9662597386663395,0.9809123462556438,15751,550,63
Aotus_azarai,Gorilla_gorilla,same-order,5,0,2,546,511,35,6,0,16581,95.28619528619528,0.9967922510849739,0.9714951265861583,0.9839811250465665,15848,465,51
Aotus_azarai,Gorilla_gorilla,same-order,5,0,3,546,513,33,5,0,16581,95.31625781625782,0.9967932595573441,0.9718016306013609,0.9841388087034796,15853,460,51
Aotus_azarai,Gorilla_gorilla,same-order,5,0,4,546,513,33,5,0,16581,95.31625781625782,0.9967932595573441,0.9718016306013609,0.9841388087034796,15853,460,51
Aotus_azarai,Gorilla_gorilla,same-order,5,1,1,546,166,380,18,9,16550,94.82064531634921,0.9941413632354794,0.9698850715997788,0.9818634313268004,15781,490,93
Aotus_azarai,Gorilla_gorilla,same-order,5,1,2,546,515,31,2,0,16550,95.78548668309986,0.9948173587261941,0.9785639702720963,0.9866237304929403,15932,349,83
Aotus_azarai,Gorilla_gorilla,same-order,5,1,3,546,519,27,1,0,16554,95.88769314014309,0.995071125530322,0.979367516119128,0.9871568718472441,15949,336,79
Aotus_azarai,Gorilla_gorilla,same-order,5,1,4,546,519,27,1,0,16554,95.88769314014309,0.995071125530322,0.979367516119128,0.9871568718472441,15949,336,79
Aotus_azarai,Gorilla_gorilla,same-order,5,2,1,546,160,386,17,10,16583,95.77397054403366,0.9967467467467468,0.9767042667974497,0.9866237304929403,15932,380,52
Aotus_azarai,Gorilla_gorilla,same-order,5,2,2,546,501,45,1,0,16581,96.13950691521347,0.9969445656918376,0.9799570946981305,0.9883778437190899,15988,327,49
Aotus_azarai,Gorilla_gorilla,same-order,5,2,3,546,501,45,1,0,16581,96.13950691521347,0.9969445656918376,0.9799570946981305,0.9883778437190899,15988,327,49
Aotus_azarai,Gorilla_gorilla,same-order,6,0,1,655,218,437,14,7,16575,96.0728891027183,0.9966932867481907,0.979400404634909,0.9879711803086056,15975,336,53
Aotus_azarai,Gorilla_gorilla,same-order,6,0,2,655,630,25,1,0,16578,96.52372646899622,0.9969561436203255,0.9836959852896108,0.9902816771048654,16049,266,49
Aotus_azarai,Gorilla_gorilla,same-order,6,0,3,655,630,25,1,0,16578,96.52372646899622,0.9969561436203255,0.9836959852896108,0.9902816771048654,16049,266,49
Aotus_azarai,Gorilla_gorilla,same-order,6,1,1,655,196,459,16,7,16583,95.64224319288333,0.9966178128523112,0.9755977927651748,0.9859957863427935,15912,398,54
Aotus_azarai,Gorilla_gorilla,same-order,6,1,2,655,616,39,3,0,16578,96.45155470018645,0.9969538729329852,0.9829604658289918,0.9899077188975648,16037,278,49
Aotus_azarai,Gorilla_gorilla,same-order,6,1,3,655,621,34,1,0,16578,96.49966921272629,0.9969553871007829,0.9834508121360711,0.9901570551390045,16045,270,49
Aotus_azarai,Gorilla_gorilla,same-order,6,1,4,655,621,34,1,0,16578,96.49966921272629,0.9969553871007829,0.9834508121360711,0.9901570551390045,16045,270,49
Aotus_azarai,Gorilla_gorilla,same-order,6,2,1,655,218,437,16,10,16557,95.91677190450417,0.9955061790038697,0.9790081021360176,0.9871882156340904,15950,342,72
Aotus_azarai,Gorilla_gorilla,same-order,6,2,2,655,625,30,1,0,16558,96.08515244452462,0.9955760483519223,0.9806665439145645,0.9880650547275988,15978,315,71
Aotus_azarai,Gorilla_gorilla,same-order,6,2,3,655,625,30,1,0,16558,96.08515244452462,0.9955760483519223,0.9806665439145645,0.9880650547275988,15978,315,71
Aotus_azarai,Gorilla_gorilla,same-order,7,0,1,764,230,534,16,7,16574,95.92928867777043,0.9964399475360689,0.978352854602318,0.9873135713843678,15954,353,57
Aotus_azarai,Gorilla_gorilla,same-order,7,0,2,764,730,34,3,0,16581,96.42814191220685,0.9969536835561081,0.9828991725406068,0.9898765432098764,16036,279,49
Aotus_azarai,Gorilla_gorilla,same-order,7,0,3,764,731,33,2,0,16580,96.45799506885561,0.9969544409223693,0.9831443456941464,0.9900012344155042,16040,275,49
Aotus_azarai,Gorilla_gorilla,same-order,7,0,4,764,731,33,2,0,16580,96.45799506885561,0.9969544409223693,0.9831443456941464,0.9900012344155042,16040,275,49
Aotus_azarai,Gorilla_gorilla,same-order,7,1,1,764,239,525,15,10,16581,96.296518968316,0.9967639554421557,0.9819151544874939,0.9892838392884716,16017,295,52
Aotus_azarai,Gorilla_gorilla,same-order,7,1,2,764,728,36,1,0,16578,96.42148312984904,0.9969529258130714,0.9826539993870671,0.9897518212124954,16032,283,49
Aotus_azarai,Gorilla_gorilla,same-order,7,1,3,764,728,36,1,0,16578,96.42148312984904,0.9969529258130714,0.9826539993870671,0.9897518212124954,16032,283,49
Aotus_azarai,Gorilla_gorilla,same-order,8,0,1,873,273,600,16,9,16578,96.14043525309607,0.9965104685942173,0.9806230071130734,0.9885029051798739,15992,316,56
Aotus_azarai,Gorilla_gorilla,same-order,8,0,2,873,838,35,1,0,16578,96.52372646899622,0.9969561436203255,0.9836959852896108,0.9902816771048654,16049,266,49
Aotus_azarai,Gorilla_gorilla,same-order,8,0,3,873,838,35,1,0,16578,96.52372646899622,0.9969561436203255,0.9836959852896108,0.9902816771048654,16049,266,49
Aotus_azarai,Gorilla_gorilla,same-order,7,2,1,764,240,524,16,10,16580,96.00192388625022,0.9966918419574309,0.9789712463981363,0.987752072250402,15968,343,53
Aotus_azarai,Gorilla_gorilla,same-order,7,2,2,764,725,39,2,0,16577,96.37938293137668,0.9968895800933126,0.9822851538555841,0.9895334835901077,16025,289,50
Aotus_azarai,Gorilla_gorilla,same-order,7,2,3,764,729,35,1,0,16579,96.46379600673562,0.9969544409223693,0.9831443456941464,0.9900012344155042,16040,275,49
Aotus_azarai,Gorilla_gorilla,same-order,7,2,4,764,729,35,1,0,16578,96.46959764238889,0.9969544409223693,0.9831443456941464,0.9900012344155042,16040,275,49
Aotus_azarai,Gorilla_gorilla,same-order,7,2,5,764,729,35,1,0,16578,96.46959764238889,0.9969544409223693,0.9831443456941464,0.9900012344155042,16040,275,49
Aotus_azarai,Gorilla_gorilla,same-order,8,1,1,873,270,603,14,8,16580,95.99567099567099,0.996753652141341,0.9787886218734674,0.9876894525208784,15966,346,52
Aotus_azarai,Gorilla_gorilla,same-order,8,1,2,873,822,51,1,0,16578,96.38539724544415,0.9969517884914464,0.9822862396567575,0.9895646804569311,16026,289,49
Aotus_azarai,Gorilla_gorilla,same-order,8,1,3,873,822,51,1,0,16578,96.38539724544415,0.9969517884914464,0.9822862396567575,0.9895646804569311,16026,289,49
Aotus_azarai,Gorilla_gorilla,same-order,8,2,1,873,273,600,17,10,16582,95.96129575094658,0.9964428357463805,0.9791500582571901,0.9877207633540565,15967,340,57
Aotus_azarai,Gorilla_gorilla,same-order,8,2,2,873,828,45,1,0,16578,96.52372646899622,0.9969561436203255,0.9836959852896108,0.9902816771048654,16049,266,49
Aotus_azarai,Gorilla_gorilla,same-order,8,2,3,873,828,45,1,0,16578,96.52372646899622,0.9969561436203255,0.9836959852896108,0.9902816771048654,16049,266,49
Aotus_azarai,Saimiri_boliviensis,same-order,1,0,1,110,85,25,22,2,16543,91.26506024096386,0.9962517261787335,0.92299256732058,0.9582239650864931,15150,1264,57
Aotus_azarai,Saimiri_boliviensis,same-order,1,0,2,110,99,11,18,0,16542,91.80071088619796,0.9962732919254659,0.9283538442792738,0.961115140811757,15238,1176,57
Aotus_azarai,Saimiri_boliviensis,same-order,1,0,3,110,99,11,18,0,16542,91.80071088619796,0.9962732919254659,0.9283538442792738,0.961115140811757,15238,1176,57
Aotus_azarai,Saimiri_boliviensis,same-order,1,1,1,110,85,25,26,5,16556,91.08368452739313,0.996443390634262,0.9215447402083207,0.9575316455696202,15129,1288,54
Aotus_azarai,Saimiri_boliviensis,same-order,1,1,2,110,96,14,22,0,16554,91.23916184971098,0.9964490037482738,0.9230066394590972,0.9583227928155831,15153,1264,54
Aotus_azarai,Saimiri_boliviensis,same-order,1,1,3,110,97,13,21,0,16554,91.28733140655106,0.9964508708511337,0.9234939392093562,0.9585862417804755,15161,1256,54
Aotus_azarai,Saimiri_boliviensis,same-order,1,1,4,110,97,13,21,0,16554,91.28733140655106,0.9964508708511337,0.9234939392093562,0.9585862417804755,15161,1256,54
Aotus_azarai,Saimiri_boliviensis,same-order,1,2,1,110,95,15,21,1,16517,90.88221095824282,0.9963614712887007,0.9174585769980507,0.9552835215019662,15061,1355,55
Aotus_azarai,Saimiri_boliviensis,same-order,1,2,2,110,101,9,18,0,16516,91.15321947981413,0.9963720316622692,0.9201388888888888,0.9567392956675956,15105,1311,55
Aotus_azarai,Saimiri_boliviensis,same-order,1,2,3,110,102,8,17,0,16516,91.29201617283205,0.9963775274978595,0.9215399610136452,0.9574986550207285,15128,1288,55
Aotus_azarai,Saimiri_boliviensis,same-order,1,2,4,110,102,8,17,0,16516,91.29201617283205,0.9963775274978595,0.9215399610136452,0.9574986550207285,15128,1288,55
Aotus_azarai,Saimiri_boliviensis,same-order,2,0,1,220,174,46,20,3,16543,93.84151852967761,0.996672,0.9484743285218344,0.9719760329546874,15573,846,52
Aotus_azarai,Saimiri_boliviensis,same-order,2,0,2,220,210,10,5,0,16543,94.84753525370616,0.9967701076630779,0.9585261875761266,0.9772741384663148,15739,681,51
Aotus_azarai,Saimiri_boliviensis,same-order,2,0,3,220,212,8,5,0,16543,94.88971917560563,0.9967715388997911,0.958952496954933,0.9774963528571873,15746,674,51
Aotus_azarai,Saimiri_boliviensis,same-order,2,0,4,220,212,8,5,0,16543,94.88971917560563,0.9967715388997911,0.958952496954933,0.9774963528571873,15746,674,51
Aotus_azarai,Saimiri_boliviensis,same-order,2,1,1,220,174,46,20,3,16511,94.96194273287423,0.9972720928757216,0.9569028487947406,0.9766704979652698,15720,708,43
Aotus_azarai,Saimiri_boliviensis,same-order,2,1,2,220,214,6,5,0,16511,96.09134295898025,0.9973664409330324,0.9681660478422301,0.9825493405812769,15906,523,42
Aotus_azarai,Saimiri_boliviensis,same-order,2,1,3,220,215,5,4,0,16511,96.18800217483236,0.9973690804309697,0.969139935479944,0.9830518939277004,15922,507,42
Aotus_azarai,Saimiri_boliviensis,same-order,2,1,4,220,215,5,4,0,16511,96.18800217483236,0.9973690804309697,0.969139935479944,0.9830518939277004,15922,507,42
Aotus_azarai,Saimiri_boliviensis,same-order,2,2,1,220,170,50,23,7,16512,94.05444558459588,0.9964827012854128,0.9491959064327485,0.9722646866127976,15582,834,55
Aotus_azarai,Saimiri_boliviensis,same-order,2,2,2,220,212,8,12,1,16512,94.73048832015452,0.9965077147755413,0.9560185185185185,0.9758433079434168,15694,722,55
Aotus_azarai,Saimiri_boliviensis,same-order,2,2,3,220,213,7,11,1,16512,94.83279005191356,0.9965744734838874,0.9569348845708716,0.9763525061371616,15710,707,54
Aotus_azarai,Saimiri_boliviensis,same-order,2,2,4,220,213,7,11,1,16512,94.83279005191356,0.9965744734838874,0.9569348845708716,0.9763525061371616,15710,707,54
Aotus_azarai,Saimiri_boliviensis,same-order,3,0,1,330,252,78,24,5,16538,95.78738022057495,0.9965515079315318,0.9682017543859649,0.9821720994901901,15894,522,55
Aotus_azarai,Saimiri_boliviensis,same-order,3,0,2,330,307,23,8,1,16539,96.42620382088833,0.9966363523109505,0.974599500517756,0.9854947491607897,16000,417,54
Aotus_azarai,Saimiri_boliviensis,same-order,3,0,3,330,310,20,8,1,16538,96.52242044358727,0.996639492189931,0.9755131875494913,0.9859631841408606,16015,402,54
Aotus_azarai,Saimiri_boliviensis,same-order,3,0,4,330,311,19,7,1,16538,96.6188524590164,0.9966428349393845,0.9764877870500092,0.9864623715463664,16031,386,54
Aotus_azarai,Saimiri_boliviensis,same-order,3,0,5,330,311,19,7,1,16538,96.6188524590164,0.9966428349393845,0.9764877870500092,0.9864623715463664,16031,386,54
Aotus_azarai,Saimiri_boliviensis,same-order,3,1,1,330,250,80,25,5,16506,96.18311390264525,0.9967455250970084,0.9699738108289178,0.983177454702596,15926,493,52
Aotus_azarai,Saimiri_boliviensis,same-order,3,1,2,330,318,12,6,0,16508,97.4267592872244,0.9970944609297725,0.9820384802727715,0.9895092024539877,16129,295,47
Aotus_azarai,Saimiri_boliviensis,same-order,3,1,3,330,319,11,5,0,16508,97.4267592872244,0.9970944609297725,0.9820384802727715,0.9895092024539877,16129,295,47
Aotus_azarai,Saimiri_boliviensis,same-order,3,1,4,330,319,11,5,0,16508,97.4267592872244,0.9970944609297725,0.9820384802727715,0.9895092024539877,16129,295,47
Aotus_azarai,Saimiri_boliviensis,same-order,3,2,1,330,258,72,21,4,16500,97.01934703748489,0.9975135202337291,0.9766295417199197,0.9869610677163418,16047,384,40
Aotus_azarai,Saimiri_boliviensis,same-order,3,2,2,330,328,2,0,0,16496,97.72603568188691,0.9975922953451043,0.9833860759493671,0.9904382470119522,16159,273,39
Aotus_azarai,Saimiri_boliviensis,same-order,3,2,3,330,328,2,0,0,16496,97.72603568188691,0.9975922953451043,0.9833860759493671,0.9904382470119522,16159,273,39
Aotus_azarai,Saimiri_boliviensis,same-order,4,1,1,440,347,93,18,5,16498,97.61760793324464,0.9975284231339595,0.9825330168583775,0.9899739383719148,16144,287,40
Aotus_azarai,Saimiri_boliviensis,same-order,4,1,2,440,439,1,0,0,16498,98.69391703954528,0.9975553110866642,0.9933661980402897,0.9954563473912115,16322,109,40
Aotus_azarai,Saimiri_boliviensis,same-order,4,1,3,440,439,1,0,0,16498,98.69391703954528,0.9975553110866642,0.9933661980402897,0.9954563473912115,16322,109,40
Aotus_azarai,Saimiri_boliviensis,same-order,4,0,1,440,353,87,22,3,16503,97.56996917125068,0.9975279648971015,0.9823504351530643,0.9898810253894271,16141,290,40
Aotus_azarai,Saimiri_boliviensis,same-order,4,0,2,440,436,4,0,0,16496,98.76028059990324,0.9975566550607782,0.993913943156229,0.9957319675629536,16331,100,40
Aotus_azarai,Saimiri_boliviensis,same-order,4,0,3,440,438,2,0,0,16496,98.79656507014998,0.9975575502228735,0.9942791065668554,0.9959156303340647,16337,94,40
Aotus_azarai,Saimiri_boliviensis,same-order,4,0,4,440,438,2,0,0,16496,98.79656507014998,0.9975575502228735,0.9942791065668554,0.9959156303340647,16337,94,40
Aotus_azarai,Saimiri_boliviensis,same-order,4,2,1,440,341,99,24,5,16498,98.07692307692308,0.9976624015748031,0.9869165703158279,0.9922603934045092,16218,215,38
Aotus_azarai,Saimiri_boliviensis,same-order,4,2,2,440,439,1,0,0,16497,98.97187783489568,0.9976833506065964,0.9958619850301224,0.9967718357899867,16365,68,38
Aotus_azarai,Saimiri_boliviensis,same-order,4,2,3,440,439,1,0,0,16496,98.97786379581468,0.9976833506065964,0.9958619850301224,0.9967718357899867,16365,68,38
Aotus_azarai,Saimiri_boliviensis,same-order,4,2,4,440,439,1,0,0,16496,98.97786379581468,0.9976833506065964,0.9958619850301224,0.9967718357899867,16365,68,38
Aotus_azarai,Saimiri_boliviensis,same-order,5,0,1,550,432,118,21,5,16495,98.3670013305915,0.9976078022449856,0.9897760467380721,0.9936764930502522,16264,168,39
Aotus_azarai,Saimiri_boliviensis,same-order,5,0,2,550,548,2,0,0,16497,99.06864227396431,0.9976856081369145,0.99683563561127,0.9972604407646414,16381,52,38
Aotus_azarai,Saimiri_boliviensis,same-order,5,0,3,550,548,2,0,0,16495,99.08062662553681,0.9976856081369145,0.99683563561127,0.9972604407646414,16381,52,38
Aotus_azarai,Saimiri_boliviensis,same-order,5,0,4,550,548,2,0,0,16495,99.08062662553681,0.9976856081369145,0.99683563561127,0.9972604407646414,16381,52,38
Aotus_azarai,Saimiri_boliviensis,same-order,5,1,1,550,432,118,21,2,16499,98.01656890608938,0.997661106665846,0.9863688918639323,0.9919828641370868,16209,224,38
Aotus_azarai,Saimiri_boliviensis,same-order,5,1,2,550,545,5,0,0,16498,99.05055636187711,0.9976853261862704,0.9967139292886266,0.9971993911719941,16379,54,38
Aotus_azarai,Saimiri_boliviensis,same-order,5,1,3,550,546,4,0,0,16498,99.09893565553944,0.9976864535768646,0.9972007545792004,0.9974435449510013,16387,46,38
Aotus_azarai,Saimiri_boliviensis,same-order,5,1,4,550,546,4,0,0,16498,99.09893565553944,0.9976864535768646,0.9972007545792004,0.9974435449510013,16387,46,38
Aotus_azarai,Saimiri_boliviensis,same-order,5,2,1,550,429,121,23,3,16496,97.91389527149595,0.9974129966122575,0.9856351573437214,0.9914891011511144,16193,236,42
Aotus_azarai,Saimiri_boliviensis,same-order,5,2,2,550,545,5,0,0,16496,99.15930809241563,0.9976875798697742,0.9976875798697742,0.9976875798697742,16395,38,38
Aotus_azarai,Saimiri_boliviensis,same-order,5,2,3,550,548,2,0,0,16496,99.15930809241563,0.9976875798697742,0.9976875798697742,0.9976875798697742,16395,38,38
Aotus_azarai,Saimiri_boliviensis,same-order,5,2,4,550,548,2,0,0,16496,99.15930809241563,0.9976875798697742,0.9976875798697742,0.9976875798697742,16395,38,38
Aotus_azarai,Saimiri_boliviensis,same-order,6,0,1,659,507,152,22,6,16496,98.54266190965713,0.9974903593070943,0.9918441874619598,0.9946592608417005,16296,134,41
Aotus_azarai,Saimiri_boliviensis,same-order,6,0,2,659,654,5,0,0,16496,99.05648965767509,0.9976851851851852,0.9966530761273048,0.9971688635879327,16378,55,38
Aotus_azarai,Saimiri_boliviensis,same-order,6,0,3,659,654,5,0,0,16496,99.05648965767509,0.9976851851851852,0.9966530761273048,0.9971688635879327,16378,55,38
Aotus_azarai,Saimiri_boliviensis,same-order,6,1,1,659,521,138,21,6,16499,98.802684888432,0.9976796727117299,0.9942798028357573,0.9959768363303871,16339,94,38
Aotus_azarai,Saimiri_boliviensis,same-order,6,1,2,659,654,5,0,0,16496,99.14721180597556,0.9976872983993671,0.9975658735471308,0.9976265822784811,16393,40,38
Aotus_azarai,Saimiri_boliviensis,same-order,6,1,3,659,654,5,0,0,16496,99.14721180597556,0.9976872983993671,0.9975658735471308,0.9976265822784811,16393,40,38
Aotus_azarai,Saimiri_boliviensis,same-order,6,2,1,659,507,152,22,3,16495,98.45763019415715,0.9976709977935768,0.9905677599951318,0.9941066902806193,16278,155,38
Aotus_azarai,Saimiri_boliviensis,same-order,6,2,2,659,652,7,0,0,16495,99.1955482973447,0.997688283246137,0.9979918456763829,0.9978400413738553,16400,33,38
Aotus_azarai,Saimiri_boliviensis,same-order,6,2,3,659,657,2,0,0,16495,99.1955482973447,0.997688283246137,0.9979918456763829,0.9978400413738553,16400,33,38
Aotus_azarai,Saimiri_boliviensis,same-order,6,2,4,659,657,2,0,0,16495,99.1955482973447,0.997688283246137,0.9979918456763829,0.9978400413738553,16400,33,38
Aotus_azarai,Saimiri_boliviensis,same-order,7,0,1,769,585,184,26,5,16497,98.42757786513457,0.9976705694844602,0.9903852005111665,0.9940145361265498,16275,158,38
Aotus_azarai,Saimiri_boliviensis,same-order,7,0,2,769,766,3,0,0,16496,99.18350066529575,0.9976881426050983,0.9979309925150611,0.9978095527836933,16399,34,38
Aotus_azarai,Saimiri_boliviensis,same-order,7,0,3,769,767,2,0,0,16496,99.18350066529575,0.9976881426050983,0.9979309925150611,0.9978095527836933,16399,34,38
Aotus_azarai,Saimiri_boliviensis,same-order,7,0,4,769,767,2,0,0,16496,99.18350066529575,0.9976881426050983,0.9979309925150611,0.9978095527836933,16399,34,38
Aotus_azarai,Saimiri_boliviensis,same-order,7,1,1,769,601,168,25,6,16496,98.45195621938683,0.9974880529346893,0.9909312233718807,0.9941988275525159,16281,149,41
Aotus_azarai,Saimiri_boliviensis,same-order,7,1,2,769,765,4,0,0,16495,99.21369382447227,0.9976887050666018,0.998174405160348,0.997931496015088,16403,30,38
Aotus_azarai,Saimiri_boliviensis,same-order,7,1,3,769,768,1,0,0,16495,99.21369382447227,0.9976887050666018,0.998174405160348,0.997931496015088,16403,30,38
Aotus_azarai,Saimiri_boliviensis,same-order,7,1,4,769,768,1,0,0,16495,99.21369382447227,0.9976887050666018,0.998174405160348,0.997931496015088,16403,30,38
Aotus_azarai,Saimiri_boliviensis,same-order,7,2,1,769,609,160,23,6,16496,98.82082602648606,0.9974974058475249,0.9946439440048691,0.9960686313351416,16342,88,41
Aotus_azarai,Saimiri_boliviensis,same-order,7,2,2,769,768,1,0,0,16496,99.19559695173582,0.9976884238700651,0.9980526988377046,0.997870528109029,16401,32,38
Aotus_azarai,Saimiri_boliviensis,same-order,7,2,3,769,768,1,0,0,16496,99.19559695173582,0.9976884238700651,0.9980526988377046,0.997870528109029,16401,32,38
Aotus_azarai,Saimiri_boliviensis,same-order,8,0,1,879,683,196,23,4,16495,98.74795862819815,0.9976778293815693,0.9934887117385748,0.9955788639204806,16326,107,38
Aotus_azarai,Saimiri_boliviensis,same-order,8,0,2,879,876,3,0,0,16495,99.21369382447227,0.9976887050666018,0.998174405160348,0.997931496015088,16403,30,38
Aotus_azarai,Saimiri_boliviensis,same-order,8,0,3,879,876,3,0,0,16495,99.21369382447227,0.9976887050666018,0.998174405160348,0.997931496015088,16403,30,38
Aotus_azarai,Saimiri_boliviensis,same-order,8,1,1,879,672,207,24,6,16498,98.4459091733688,0.9976101476806177,0.9907497565725414,0.994168117004061,16280,152,39
Aotus_azarai,Saimiri_boliviensis,same-order,8,1,2,879,874,5,0,0,16495,99.20764531542974,0.9976885644768857,0.9981135519990264,0.9979010129893834,16402,31,38
Aotus_azarai,Saimiri_boliviensis,same-order,8,1,3,879,874,5,0,0,16495,99.20764531542974,0.9976885644768857,0.9981135519990264,0.9979010129893834,16402,31,38
Aotus_azarai,Saimiri_sciureus,same-order,1,0,1,110,86,24,31,2,16544,90.04396795759803,0.9960690252515157,0.9107523606457508,0.9515020366598779,14950,1465,59
Aotus_azarai,Saimiri_sciureus,same-order,1,0,2,110,103,7,24,0,16546,90.91237579042458,0.9961068954140547,0.9196466646360036,0.9563509661070637,15096,1319,59
Aotus_azarai,Saimiri_sciureus,same-order,1,0,3,110,104,6,23,0,16546,90.96055404998495,0.9961089494163424,0.9201340237587572,0.9566153651276205,15104,1311,59
Aotus_azarai,Saimiri_sciureus,same-order,1,0,4,110,104,6,23,0,16546,90.96055404998495,0.9961089494163424,0.9201340237587572,0.9566153651276205,15104,1311,59
Aotus_azarai,Saimiri_boliviensis,same-order,8,2,1,879,691,188,25,6,16496,99.02624894157493,0.9976844799220035,0.9963488103206961,0.9970161977834612,16373,60,38
Aotus_azarai,Saimiri_boliviensis,same-order,8,2,2,879,874,5,0,0,16496,99.19559695173582,0.9976884238700651,0.9980526988377046,0.997870528109029,16401,32,38
Aotus_azarai,Saimiri_boliviensis,same-order,8,2,3,879,874,5,0,0,16496,99.19559695173582,0.9976884238700651,0.9980526988377046,0.997870528109029,16401,32,38
Aotus_azarai,Saimiri_sciureus,same-order,1,2,1,110,84,26,24,3,16559,90.17094017094017,0.9963421122639,0.9124185394969243,0.9525353679860118,14981,1438,55
Aotus_azarai,Saimiri_sciureus,same-order,1,2,2,110,100,10,20,0,16559,90.56819549777296,0.9963580982651304,0.9164382727328095,0.9547285936359886,15047,1372,55
Aotus_azarai,Saimiri_sciureus,same-order,1,2,3,110,100,10,20,0,16559,90.56819549777296,0.9963580982651304,0.9164382727328095,0.9547285936359886,15047,1372,55
Aotus_azarai,Saimiri_sciureus,same-order,1,1,1,110,91,19,21,3,16552,90.69725433526011,0.996296051326146,0.9174686319892801,0.9552589022418112,15063,1355,56
Aotus_azarai,Saimiri_sciureus,same-order,1,1,2,110,102,8,15,0,16550,91.24412862820667,0.9963177275118359,0.9228895115117554,0.9581989502308227,15152,1266,56
Aotus_azarai,Saimiri_sciureus,same-order,1,1,3,110,105,5,14,0,16550,91.27423822714681,0.996318937750608,0.9231940553051529,0.9583636306155353,15157,1261,56
Aotus_azarai,Saimiri_sciureus,same-order,1,1,4,110,105,5,14,0,16550,91.27423822714681,0.996318937750608,0.9231940553051529,0.9583636306155353,15157,1261,56
Aotus_azarai,Saimiri_sciureus,same-order,2,0,1,220,184,36,18,3,16534,94.92251100524634,0.9968967701076631,0.9583561643835616,0.977246624243365,15741,684,49
Aotus_azarai,Saimiri_sciureus,same-order,2,0,2,220,208,12,7,0,16530,95.45207792991134,0.9969131913821343,0.9634703196347032,0.979906498653209,15825,600,49
Aotus_azarai,Saimiri_sciureus,same-order,2,0,3,220,208,12,7,0,16530,95.5123951987454,0.9969151347267691,0.9640791476407915,0.9802222291002507,15835,590,49
Aotus_azarai,Saimiri_sciureus,same-order,2,0,4,220,208,12,7,0,16530,95.5123951987454,0.9969151347267691,0.9640791476407915,0.9802222291002507,15835,590,49
Aotus_azarai,Saimiri_sciureus,same-order,2,1,1,220,170,50,20,2,16537,94.5606946873304,0.9970750937877535,0.9545288531775018,0.9753382055667859,15681,747,46
Aotus_azarai,Saimiri_sciureus,same-order,2,1,2,220,212,8,8,0,16535,95.40437850551837,0.9971005357705641,0.9629291453615778,0.9797169665252532,15819,609,46
Aotus_azarai,Saimiri_sciureus,same-order,2,1,3,220,213,7,7,0,16535,95.5069054942404,0.9971036393401335,0.963963963963964,0.9802537913958527,15836,592,46
Aotus_azarai,Saimiri_sciureus,same-order,2,1,4,220,213,7,7,0,16535,95.5069054942404,0.9971036393401335,0.963963963963964,0.9802537913958527,15836,592,46
Aotus_azarai,Saimiri_sciureus,same-order,2,2,1,220,186,34,18,1,16544,93.40361445783132,0.9964012595591543,0.9443903033256182,0.9696988648800776,15505,913,56
Aotus_azarai,Saimiri_sciureus,same-order,2,2,2,220,207,13,11,0,16544,94.05421686746988,0.9964260642032038,0.9509684492630041,0.9731667030261477,15613,805,56
Aotus_azarai,Saimiri_sciureus,same-order,2,2,3,220,211,9,9,0,16544,94.2948370383758,0.9964983765200229,0.953285827395091,0.9744132478366433,15652,767,55
Aotus_azarai,Saimiri_sciureus,same-order,2,2,4,220,211,9,9,0,16544,94.2948370383758,0.9964983765200229,0.953285827395091,0.9744132478366433,15652,767,55
Aotus_azarai,Saimiri_sciureus,same-order,3,0,1,330,245,85,21,5,16506,96.77945619335347,0.9972604445551335,0.9748630553864881,0.9859345664953371,16017,413,44
Aotus_azarai,Saimiri_sciureus,same-order,3,0,2,330,328,2,0,0,16506,97.80638143582306,0.9974117212053984,0.9849683544303798,0.9911509844147096,16185,247,42
Aotus_azarai,Saimiri_sciureus,same-order,3,0,3,330,329,1,0,0,16506,97.80638143582306,0.9974117212053984,0.9849683544303798,0.9911509844147096,16185,247,42
Aotus_azarai,Saimiri_sciureus,same-order,3,0,4,330,329,1,0,0,16506,97.80638143582306,0.9974117212053984,0.9849683544303798,0.9911509844147096,16185,247,42
Aotus_azarai,Saimiri_sciureus,same-order,3,1,1,330,266,64,21,3,16508,96.34529418871571,0.9971241012816505,0.9708424640857073,0.9838077907658143,15949,479,46
Aotus_azarai,Saimiri_sciureus,same-order,3,1,2,330,323,7,6,0,16506,97.43217932451212,0.9972172407395956,0.981557002860795,0.9893251533742332,16126,303,45
Aotus_azarai,Saimiri_sciureus,same-order,3,1,3,330,327,3,3,0,16506,97.6012084592145,0.9972834475520158,0.9831405964698722,0.9901615226652772,16153,277,44
Aotus_azarai,Saimiri_sciureus,same-order,3,1,4,330,327,3,3,0,16506,97.6012084592145,0.9972834475520158,0.9831405964698722,0.9901615226652772,16153,277,44
Aotus_azarai,Saimiri_sciureus,same-order,3,2,1,330,261,69,20,3,16501,96.63865546218487,0.9975039001560062,0.9726785931605209,0.9849348408761822,15985,449,40
Aotus_azarai,Saimiri_sciureus,same-order,3,2,2,330,323,7,4,0,16499,97.47264042566056,0.9975249056370274,0.9809541195083363,0.9891701181162756,16121,313,40
Aotus_azarai,Saimiri_sciureus,same-order,3,2,3,330,327,3,3,0,16499,97.6056593506258,0.9975282704072175,0.9822928075940124,0.9898519177116228,16143,291,40
Aotus_azarai,Saimiri_sciureus,same-order,3,2,4,330,327,3,3,0,16499,97.6056593506258,0.9975282704072175,0.9822928075940124,0.9898519177116228,16143,291,40
Aotus_azarai,Saimiri_sciureus,same-order,4,0,1,440,336,104,24,4,16500,97.44256348246675,0.9975242928761527,0.9807107216745771,0.989046055659538,16117,317,40
Aotus_azarai,Saimiri_sciureus,same-order,4,0,2,440,432,8,0,0,16500,98.31912449362113,0.9976073619631902,0.9894128384545178,0.9934932029937377,16261,174,39
Aotus_azarai,Saimiri_sciureus,same-order,4,0,3,440,433,7,0,0,16500,98.36144869701917,0.9976083890353836,0.9898387587465775,0.9937083867815039,16268,167,39
Aotus_azarai,Saimiri_sciureus,same-order,4,0,4,440,433,7,0,0,16500,98.36144869701917,0.9976083890353836,0.9898387587465775,0.9937083867815039,16268,167,39
Aotus_azarai,Saimiri_sciureus,same-order,4,1,1,440,325,115,23,3,16498,97.2850405127585,0.9975199950399901,0.9790069368382621,0.9881767650400762,16089,345,40
Aotus_azarai,Saimiri_sciureus,same-order,4,1,2,440,427,13,0,0,16499,98.4156739432787,0.9976705694844602,0.9902044293015332,0.9939234785794986,16275,161,38
Aotus_azarai,Saimiri_sciureus,same-order,4,1,3,440,430,10,0,0,16499,98.48219144947693,0.9976721391815732,0.9908736918958384,0.9942612942612943,16286,150,38
Aotus_azarai,Saimiri_sciureus,same-order,4,1,4,440,430,10,0,0,16499,98.48219144947693,0.9976721391815732,0.9908736918958384,0.9942612942612943,16286,150,38
Aotus_azarai,Saimiri_sciureus,same-order,4,2,1,440,343,97,21,2,16505,97.11056035785529,0.9976401912687077,0.977427597955707,0.9874304680537201,16065,371,38
Aotus_azarai,Saimiri_sciureus,same-order,4,2,2,440,435,5,0,0,16498,98.53652636671505,0.9976732794513837,0.9913604283280604,0.9945068359375,16294,142,38
Aotus_azarai,Saimiri_sciureus,same-order,4,2,3,440,438,2,0,0,16498,98.62119013062409,0.9976752722378563,0.9922122170844487,0.9949362455005796,16308,128,38
Aotus_azarai,Saimiri_sciureus,same-order,4,2,4,440,438,2,0,0,16498,98.62119013062409,0.9976752722378563,0.9922122170844487,0.9949362455005796,16308,128,38
Aotus_azarai,Saimiri_sciureus,same-order,5,0,1,550,409,141,22,4,16506,98.23500967117988,0.9976672805402087,0.9888050620588951,0.9932164028601111,16252,184,38
Aotus_azarai,Saimiri_sciureus,same-order,5,0,2,550,547,3,0,0,16505,99.02677869793871,0.9976857490864799,0.9967145290825018,0.9971999026053079,16382,54,38
Aotus_azarai,Saimiri_sciureus,same-order,5,0,3,550,548,2,0,0,16505,99.02677869793871,0.9976857490864799,0.9967145290825018,0.9971999026053079,16382,54,38
Aotus_azarai,Saimiri_sciureus,same-order,5,0,4,550,548,2,0,0,16505,99.02677869793871,0.9976857490864799,0.9967145290825018,0.9971999026053079,16382,54,38
Aotus_azarai,Saimiri_sciureus,same-order,5,1,1,550,404,146,24,4,16503,98.18643453028655,0.9976045697438732,0.988256769090356,0.9929086685413865,16242,193,39
Aotus_azarai,Saimiri_sciureus,same-order,5,1,2,550,547,3,0,0,16499,99.0445667291528,0.9976853261862704,0.9965320029204185,0.9971083310504368,16379,57,38
Aotus_azarai,Saimiri_sciureus,same-order,5,1,3,550,547,3,0,0,16499,99.0445667291528,0.9976853261862704,0.9965320029204185,0.9971083310504368,16379,57,38
Aotus_azarai,Saimiri_sciureus,same-order,5,2,1,550,428,122,24,2,16504,97.75735960829354,0.9975942261427426,0.9839975661697596,0.9907492495252099,16172,263,39
Aotus_azarai,Saimiri_sciureus,same-order,5,2,2,550,546,4,0,0,16501,98.8693391377955,0.9976815131177548,0.9948892674616695,0.9962834338634009,16352,84,38
Aotus_azarai,Saimiri_sciureus,same-order,5,2,3,550,546,4,0,0,16499,98.88129648666626,0.9976815131177548,0.9948892674616695,0.9962834338634009,16352,84,38
Aotus_azarai,Saimiri_sciureus,same-order,5,2,4,550,546,4,0,0,16499,98.88129648666626,0.9976815131177548,0.9948892674616695,0.9962834338634009,16352,84,38
Aotus_azarai,Saimiri_sciureus,same-order,6,0,1,659,508,151,24,5,16503,98.49492263056092,0.9974902056807052,0.9916022637376012,0.9945375202172786,16295,138,41
Aotus_azarai,Saimiri_sciureus,same-order,6,0,2,659,658,1,0,0,16500,99.17160478897085,0.9976884238700651,0.997870528109029,0.9977794676806083,16401,35,38
Aotus_azarai,Saimiri_sciureus,same-order,6,0,3,659,658,1,0,0,16500,99.17160478897085,0.9976884238700651,0.997870528109029,0.9977794676806083,16401,35,38
Aotus_azarai,Saimiri_sciureus,same-order,6,1,1,659,510,149,23,4,16501,98.19226118500605,0.9976044226044226,0.9881959233343475,0.9928778847623414,16241,194,39
Aotus_azarai,Saimiri_sciureus,same-order,6,1,2,659,650,9,0,0,16499,99.17760174154925,0.9976884238700651,0.997870528109029,0.9977794676806083,16401,35,38
Aotus_azarai,Saimiri_sciureus,same-order,6,1,3,659,654,5,0,0,16499,99.19574287960332,0.9976888456392167,0.9980530542711122,0.9978709167224284,16404,32,38
Aotus_azarai,Saimiri_sciureus,same-order,6,1,4,659,654,5,0,0,16499,99.19574287960332,0.9976888456392167,0.9980530542711122,0.9978709167224284,16404,32,38
Aotus_azarai,Saimiri_sciureus,same-order,6,2,1,659,516,143,24,4,16499,98.39148575920663,0.9976699981605248,0.9899610610854223,0.9938005802412582,16271,165,38
Aotus_azarai,Saimiri_sciureus,same-order,6,2,2,659,654,5,0,0,16499,99.08689605127896,0.9976863127131028,0.9969578972986128,0.9973219720024347,16386,50,38
Aotus_azarai,Saimiri_sciureus,same-order,6,2,3,659,654,5,0,0,16499,99.08689605127896,0.9976863127131028,0.9969578972986128,0.9973219720024347,16386,50,38
Aotus_azarai,Saimiri_sciureus,same-order,7,0,1,769,589,180,22,6,16502,98.66384522370012,0.9976768356055511,0.992881479678754,0.9952733815143476,16319,117,38
Aotus_azarai,Saimiri_sciureus,same-order,7,0,2,769,763,6,0,0,16498,99.18359941944847,0.9976884238700651,0.997870528109029,0.9977794676806083,16401,35,38
Aotus_azarai,Saimiri_sciureus,same-order,7,0,3,769,763,6,0,0,16498,99.18359941944847,0.9976884238700651,0.997870528109029,0.9977794676806083,16401,35,38
Aotus_azarai,Saimiri_sciureus,same-order,7,1,1,769,607,162,25,3,16500,98.1980892490023,0.9976655608797149,0.9880749574105622,0.9928470991013022,16240,196,38
Aotus_azarai,Saimiri_sciureus,same-order,7,1,2,769,762,7,0,0,16499,98.97200217693657,0.9976836330387077,0.9958018982720857,0.9967418775311349,16367,69,38
Aotus_azarai,Saimiri_sciureus,same-order,7,1,3,769,764,5,0,0,16499,98.97200217693657,0.9976836330387077,0.9958018982720857,0.9967418775311349,16367,69,38
Aotus_azarai,Saimiri_sciureus,same-order,7,1,4,769,764,5,0,0,16499,98.97200217693657,0.9976836330387077,0.9958018982720857,0.9967418775311349,16367,69,38
Aotus_azarai,Saimiri_sciureus,same-order,7,2,1,769,608,161,22,5,16499,98.55484339097835,0.9976129269188395,0.9917249771828415,0.9946602386110518,16299,136,39
Aotus_azarai,Saimiri_sciureus,same-order,7,2,2,769,768,1,0,0,16499,99.19574287960332,0.9976888456392167,0.9980530542711122,0.9978709167224284,16404,32,38
Aotus_azarai,Saimiri_sciureus,same-order,7,2,3,769,768,1,0,0,16499,99.19574287960332,0.9976888456392167,0.9980530542711122,0.9978709167224284,16404,32,38
Aotus_azarai,Saimiri_sciureus,same-order,8,0,1,879,673,206,26,6,16502,98.85731559854898,0.9976813716517177,0.9948284254076417,0.9962528560548363,16351,85,38
Aotus_azarai,Saimiri_sciureus,same-order,8,0,2,879,877,2,0,0,16499,99.19574287960332,0.9976888456392167,0.9980530542711122,0.9978709167224284,16404,32,38
Aotus_azarai,Saimiri_sciureus,same-order,8,0,3,879,877,2,0,0,16499,99.19574287960332,0.9976888456392167,0.9980530542711122,0.9978709167224284,16404,32,38
Aotus_azarai,Saimiri_sciureus,same-order,8,1,1,879,682,197,24,5,16498,98.73632021283028,0.9974955714372976,0.9937321243838617,0.9956102914278746,16330,103,41
Aotus_azarai,Saimiri_sciureus,same-order,8,1,2,879,878,1,0,0,16499,99.19574287960332,0.9976888456392167,0.9980530542711122,0.9978709167224284,16404,32,38
Aotus_azarai,Saimiri_sciureus,same-order,8,1,3,879,878,1,0,0,16499,99.19574287960332,0.9976888456392167,0.9980530542711122,0.9978709167224284,16404,32,38
Aotus_azarai,Saimiri_sciureus,same-order,8,2,1,879,679,200,22,5,16496,98.60321683395816,0.9974310355373417,0.9923928919182083,0.9949055855526067,16307,125,42
Aotus_azarai,Saimiri_sciureus,same-order,8,2,2,879,875,4,0,0,16499,99.19574287960332,0.9976888456392167,0.9980530542711122,0.9978709167224284,16404,32,38
Aotus_azarai,Saimiri_sciureus,same-order,8,2,3,879,875,4,0,0,16499,99.19574287960332,0.9976888456392167,0.9980530542711122,0.9978709167224284,16404,32,38
Aotus_azarai,Varecia_variegata,same-order,1,0,1,114,32,82,48,3,16558,76.08519504572288,0.9480744266551276,0.8092336103416435,0.8731692736873569,13146,3099,720
Aotus_azarai,Varecia_variegata,same-order,1,0,2,114,53,61,47,1,16565,76.41678726483357,0.9489612536841349,0.812119347892956,0.8752237618510906,13201,3054,710
Aotus_azarai,Varecia_variegata,same-order,1,0,3,114,54,60,46,1,16565,76.41678726483357,0.9489612536841349,0.812119347892956,0.8752237618510906,13201,3054,710
Aotus_azarai,Varecia_variegata,same-order,1,0,4,114,54,60,46,1,16565,76.41678726483357,0.9489612536841349,0.812119347892956,0.8752237618510906,13201,3054,710
Aotus_azarai,Varecia_variegata,same-order,1,1,1,114,36,78,40,4,16555,77.1494785631518,0.9497182797232723,0.8189421894218942,0.8794953931508207,13316,2944,705
Aotus_azarai,Varecia_variegata,same-order,1,1,2,114,67,47,41,0,16555,77.16106604866744,0.9497254510447123,0.8190651906519065,0.8795693953703398,13318,2942,705
Aotus_azarai,Varecia_variegata,same-order,1,1,3,114,67,47,41,0,16555,77.16106604866744,0.9497254510447123,0.8190651906519065,0.8795693953703398,13318,2942,705
Aotus_azarai,Varecia_variegata,same-order,1,2,1,114,26,88,48,6,16554,76.91283713392754,0.9483336901448655,0.8182377932393325,0.8784954055662062,13289,2952,724
Aotus_azarai,Varecia_variegata,same-order,1,2,2,114,54,60,44,0,16557,77.79771898338447,0.9494135933305072,0.8270047387531541,0.8839917113442752,13438,2811,716
Aotus_azarai,Varecia_variegata,same-order,1,2,3,114,56,58,42,0,16557,77.93087477566144,0.9494956619877266,0.8284202104744908,0.8848353381975943,13461,2788,716
Aotus_azarai,Varecia_variegata,same-order,1,2,4,114,56,58,42,0,16557,77.93087477566144,0.9494956619877266,0.8284202104744908,0.8848353381975943,13461,2788,716
Aotus_azarai,Varecia_variegata,same-order,2,0,1,227,64,163,41,13,16576,85.0978570184099,0.9579628661087866,0.8977453743413797,0.9268770953254474,14653,1669,643
Aotus_azarai,Varecia_variegata,same-order,2,0,2,227,174,53,28,0,16581,85.58731265249216,0.9588051542366263,0.9020940484937546,0.9295854628052244,14733,1599,633
Aotus_azarai,Varecia_variegata,same-order,2,0,3,227,175,52,27,0,16581,85.59312187754153,0.9588078349710418,0.9021552779818761,0.9296192308905644,14734,1598,633
Aotus_azarai,Varecia_variegata,same-order,2,0,4,227,175,52,27,0,16581,85.59312187754153,0.9588078349710418,0.9021552779818761,0.9296192308905644,14734,1598,633
Aotus_azarai,Varecia_variegata,same-order,2,1,1,227,59,168,40,8,16576,83.98373983739837,0.9573679332715477,0.8860976655842167,0.9203551086645242,14462,1859,644
Aotus_azarai,Varecia_variegata,same-order,2,1,2,227,165,62,32,0,16584,84.92187953766626,0.9585026878195883,0.8952363458241489,0.9257899069207877,14621,1711,633
Aotus_azarai,Varecia_variegata,same-order,2,1,3,227,165,62,32,0,16584,84.92187953766626,0.9585026878195883,0.8952363458241489,0.9257899069207877,14621,1711,633
Aotus_azarai,Varecia_variegata,same-order,2,2,1,227,67,160,38,13,16598,84.6359152886568,0.9581581713084604,0.8933733463988242,0.9246323529411764,14587,1741,637
Aotus_azarai,Varecia_variegata,same-order,2,2,2,227,172,55,26,1,16592,85.5210449927431,0.958799791720906,0.9019715895175117,0.9295179202423018,14731,1601,633
Aotus_azarai,Varecia_variegata,same-order,2,2,3,227,172,55,26,1,16592,85.53265602322206,0.9588051542366263,0.9020940484937546,0.9295854628052244,14733,1599,633
Aotus_azarai,Varecia_variegata,same-order,2,2,4,227,172,55,26,1,16592,85.53265602322206,0.9588051542366263,0.9020940484937546,0.9295854628052244,14733,1599,633
Aotus_azarai,Varecia_variegata,same-order,3,0,1,340,72,268,30,15,16597,89.53948133503896,0.9624375,0.9410290882424835,0.9516129032258065,15399,965,601
Aotus_azarai,Varecia_variegata,same-order,3,0,2,340,293,47,10,1,16597,89.96976392603791,0.9626104267761603,0.9455512099731117,0.9540045625500956,15473,891,601
Aotus_azarai,Varecia_variegata,same-order,3,0,3,340,293,47,10,1,16597,89.96976392603791,0.9626104267761603,0.9455512099731117,0.9540045625500956,15473,891,601
Aotus_azarai,Varecia_variegata,same-order,3,1,1,340,90,250,28,14,16601,90.2373749127298,0.963533577685283,0.9470020759555501,0.9551963048498845,15510,868,587
Aotus_azarai,Varecia_variegata,same-order,3,1,2,340,293,47,13,0,16605,90.89903986034332,0.9641997407567434,0.9533719865730851,0.9587552936844044,15621,764,580
Aotus_azarai,Varecia_variegata,same-order,3,1,3,340,296,44,12,0,16605,91.00378236834449,0.9642394722239349,0.9544705523344522,0.9593301435406697,15639,746,580
Aotus_azarai,Varecia_variegata,same-order,3,1,4,340,297,43,11,0,16605,91.00378236834449,0.9642394722239349,0.9544705523344522,0.9593301435406697,15639,746,580
Aotus_azarai,Varecia_variegata,same-order,3,1,5,340,297,43,11,0,16605,91.00378236834449,0.9642394722239349,0.9544705523344522,0.9593301435406697,15639,746,580
Aotus_azarai,Varecia_variegata,same-order,3,2,1,340,95,245,28,13,16606,88.98768014876802,0.9621740496387057,0.935830837865917,0.9488196294689882,15313,1050,602
Aotus_azarai,Varecia_variegata,same-order,3,2,2,340,282,58,15,1,16605,91.01332867702695,0.9644729538025042,0.9541155653182012,0.9592663026808173,15637,752,576
Aotus_azarai,Varecia_variegata,same-order,3,2,3,340,300,40,13,0,16605,91.07153250683895,0.9644948529865006,0.9547257306730124,0.9595854286765607,15647,742,576
Aotus_azarai,Varecia_variegata,same-order,3,2,4,340,300,40,13,0,16605,91.07153250683895,0.9644948529865006,0.9547257306730124,0.9595854286765607,15647,742,576
Aotus_azarai,Varecia_variegata,same-order,4,0,1,453,111,342,25,14,16601,89.77834661702252,0.9632958801498127,0.9422971240153875,0.9526808037781276,15432,945,588
Aotus_azarai,Varecia_variegata,same-order,4,0,2,453,384,69,10,0,16599,90.13732107529384,0.9634904838910312,0.9458419831481255,0.954584668474242,15491,887,587
Aotus_azarai,Varecia_variegata,same-order,4,0,3,453,384,69,10,0,16599,90.13732107529384,0.9634904838910312,0.9458419831481255,0.954584668474242,15491,887,587
Aotus_azarai,Varecia_variegata,same-order,4,1,1,453,116,337,18,8,16607,92.483393543876,0.9662141596152676,0.9672151127361365,0.9667143770746415,15872,538,555
Aotus_azarai,Varecia_variegata,same-order,4,1,2,453,402,51,5,0,16606,93.13439794847885,0.9666102105008468,0.9736184731615183,0.9701016846258916,15980,433,552
Aotus_azarai,Varecia_variegata,same-order,4,1,3,453,405,48,3,0,16606,93.18102342930412,0.9666263603385732,0.9741058916712362,0.9703517130458532,15988,425,552
Aotus_azarai,Varecia_variegata,same-order,4,1,4,453,405,48,3,0,16606,93.18102342930412,0.9666263603385732,0.9741058916712362,0.9703517130458532,15988,425,552
Aotus_azarai,Varecia_variegata,same-order,4,2,1,453,117,336,20,12,16585,93.17531671434409,0.9670382937469705,0.9719261920711284,0.9694760820045557,15960,461,544
Aotus_azarai,Varecia_variegata,same-order,4,2,2,453,425,28,5,0,16591,93.7036388061445,0.9680202739395403,0.9761484636446608,0.9720673776054289,16043,392,530
Aotus_azarai,Varecia_variegata,same-order,4,2,3,453,429,24,3,0,16591,93.8730214356638,0.9680761354053729,0.9779129905689078,0.9729697006386777,16072,363,530
Aotus_azarai,Varecia_variegata,same-order,4,2,4,453,429,24,3,0,16591,93.8730214356638,0.9680761354053729,0.9779129905689078,0.9729697006386777,16072,363,530
Aotus_azarai,Varecia_variegata,same-order,5,0,1,566,158,408,18,11,16588,91.88542760471357,0.9660226924256363,0.9597830723295351,0.9628927741777723,15751,660,554
Aotus_azarai,Varecia_variegata,same-order,5,0,2,566,479,87,9,0,16597,92.3803967327888,0.9668437442755083,0.9641943734015346,0.9655172413793104,15834,588,543
Aotus_azarai,Varecia_variegata,same-order,5,0,3,566,485,81,8,1,16606,93.84893977451954,0.9690572410881235,0.9765378069535618,0.9727831431079895,16066,386,513
Aotus_azarai,Varecia_variegata,same-order,5,0,4,566,515,51,7,0,16606,93.84893977451954,0.9690572410881235,0.9765378069535618,0.9727831431079895,16066,386,513
Aotus_azarai,Varecia_variegata,same-order,5,0,5,566,515,51,7,0,16606,93.84893977451954,0.9690572410881235,0.9765378069535618,0.9727831431079895,16066,386,513
Aotus_azarai,Varecia_variegata,same-order,5,1,1,566,135,431,16,9,16592,94.71038634636741,0.969080796603074,0.9851653696498055,0.9770568904700173,16204,244,517
Aotus_azarai,Varecia_variegata,same-order,5,1,2,566,542,24,4,0,16594,95.03069277988892,0.9695216509602768,0.9879056764312629,0.9786273329319687,16255,199,511
Aotus_azarai,Varecia_variegata,same-order,5,1,3,566,544,22,3,0,16593,95.12394761459308,0.9695488945831595,0.9888173088610672,0.9790883105160223,16270,184,511
Aotus_azarai,Varecia_variegata,same-order,5,1,4,566,544,22,3,0,16593,95.12394761459308,0.9695488945831595,0.9888173088610672,0.9790883105160223,16270,184,511
Aotus_azarai,Varecia_variegata,same-order,5,2,1,566,162,404,23,11,16602,90.5982905982906,0.9631003152234378,0.9519794721407625,0.9575076043875012,15582,786,597
Aotus_azarai,Varecia_variegata,same-order,5,2,2,566,489,77,8,0,16596,91.1063285248953,0.9633433790516022,0.9568696927118333,0.9600956233909524,15663,706,596
Aotus_azarai,Varecia_variegata,same-order,5,2,3,566,496,70,6,0,16604,91.38452588714368,0.9640380484811292,0.9590939617803285,0.9615596498745178,15709,670,586
Aotus_azarai,Varecia_variegata,same-order,5,2,4,566,496,70,6,0,16604,91.38452588714368,0.9640380484811292,0.9590939617803285,0.9615596498745178,15709,670,586
Aotus_azarai,Varecia_variegata,same-order,6,0,1,679,185,494,15,10,16599,94.89127893383213,0.9695992355014036,0.9865094798249878,0.9779812644959186,16234,222,509
Aotus_azarai,Varecia_variegata,same-order,6,0,2,679,643,36,2,0,16599,95.1356407857811,0.9698992668534303,0.9885783718104496,0.9791497427565665,16272,188,505
Aotus_azarai,Varecia_variegata,same-order,6,0,3,679,648,31,1,0,16599,95.2230602818219,0.9699821322215605,0.9893688111293361,0.9795795615169468,16286,175,504
Aotus_azarai,Varecia_variegata,same-order,6,0,4,679,648,31,1,0,16599,95.2230602818219,0.9699821322215605,0.9893688111293361,0.9795795615169468,16286,175,504
Aotus_azarai,Varecia_variegata,same-order,6,1,1,679,178,501,15,12,16602,94.15508583440383,0.9685266382365307,0.9807797579222675,0.9746146872166818,16125,316,524
Aotus_azarai,Varecia_variegata,same-order,6,1,2,679,629,50,3,0,16605,94.47429906542057,0.9691413505902091,0.9832218844984802,0.9761308428136032,16174,276,515
Aotus_azarai,Varecia_variegata,same-order,6,1,3,679,629,50,3,0,16605,94.47429906542057,0.9691413505902091,0.9832218844984802,0.9761308428136032,16174,276,515
Aotus_azarai,Varecia_variegata,same-order,6,2,1,679,193,486,16,8,16594,94.32628257566904,0.9687931344895877,0.981635755548799,0.9751721638274738,16143,302,520
Aotus_azarai,Varecia_variegata,same-order,6,2,2,679,639,40,4,0,16599,94.7396107311941,0.9694957832406245,0.9850501367365543,0.9772110689093869,16209,246,510
Aotus_azarai,Varecia_variegata,same-order,6,2,3,679,641,38,3,0,16599,94.86819802443159,0.9695358700197121,0.9863871163780006,0.9778889022773828,16231,224,510
Aotus_azarai,Varecia_variegata,same-order,6,2,4,679,641,38,3,0,16599,94.86819802443159,0.9695358700197121,0.9863871163780006,0.9778889022773828,16231,224,510
Aotus_azarai,Varecia_variegata,same-order,7,0,1,792,201,591,15,9,16603,95.13207106124356,0.9696807243269001,0.9892440447253281,0.9793646973890026,16279,177,509
Aotus_azarai,Varecia_variegata,same-order,7,0,2,792,761,31,1,0,16605,95.34611786716557,0.9703099898851669,0.9904044698165918,0.9802542602109818,16308,158,499
Aotus_azarai,Varecia_variegata,same-order,7,0,3,792,761,31,1,0,16605,95.34611786716557,0.9703099898851669,0.9904044698165918,0.9802542602109818,16308,158,499
Aotus_azarai,Varecia_variegata,same-order,7,1,1,792,205,587,17,10,16621,93.55270821199767,0.9669516012521069,0.9784965886939572,0.9726898389245489,16063,353,549
Aotus_azarai,Varecia_variegata,same-order,7,1,2,792,728,64,2,0,16607,93.78060153882024,0.9670032455824017,0.9800804093567251,0.9734979125068071,16089,327,549
Aotus_azarai,Varecia_variegata,same-order,7,1,3,792,728,64,2,0,16607,93.78060153882024,0.9670032455824017,0.9800804093567251,0.9734979125068071,16089,327,549
Aotus_azarai,Varecia_variegata,same-order,7,2,1,792,208,584,11,7,16608,93.43469649306769,0.9663794661685847,0.9775705491558481,0.9719427948127499,16039,368,558
Aotus_azarai,Varecia_variegata,same-order,7,2,2,792,721,71,2,0,16608,93.5656836461126,0.966875451698386,0.9780079195857447,0.9724098246464158,16054,361,550
Aotus_azarai,Varecia_variegata,same-order,7,2,3,792,721,71,2,0,16608,93.5656836461126,0.966875451698386,0.9780079195857447,0.9724098246464158,16054,361,550
Aotus_azarai,Varecia_variegata,same-order,8,0,1,905,222,683,13,9,16598,95.14761765565625,0.9697890597068287,0.9888807874589866,0.9792418772563176,16275,183,507
Aotus_azarai,Varecia_variegata,same-order,8,0,2,905,858,47,2,0,16605,95.4335496696486,0.9703923900118906,0.9911945102325864,0.9806831495779134,16322,145,498
Aotus_azarai,Varecia_variegata,same-order,8,0,3,905,860,45,1,0,16605,95.4335496696486,0.9703923900118906,0.9911945102325864,0.9806831495779134,16322,145,498
Aotus_azarai,Varecia_variegata,same-order,8,0,4,905,860,45,1,0,16605,95.4335496696486,0.9703923900118906,0.9911945102325864,0.9806831495779134,16322,145,498
Aotus_azarai,Varecia_variegata,same-order,8,1,1,905,237,668,13,8,16610,93.35236541598695,0.9665802014839838,0.9763573213088782,0.9714441615132776,16023,388,554
Aotus_azarai,Varecia_variegata,same-order,8,1,2,905,816,89,2,0,16607,93.47205222358221,0.966841502381383,0.9769722814498933,0.9718804920913884,16037,378,550
Aotus_azarai,Varecia_variegata,same-order,8,1,3,905,816,89,2,0,16607,93.47205222358221,0.966841502381383,0.9769722814498933,0.9718804920913884,16037,378,550
Varecia_variegata,Homo_sapiens,same-order,1,0,1,111,23,88,48,8,16938,72.89841144213918,0.9449655576725781,0.8152105196611455,0.8753054575074668,12895,2923,751
Varecia_variegata,Homo_sapiens,same-order,1,0,2,111,57,54,43,1,16939,73.13584713663859,0.9452034777526119,0.8178140211138505,0.8769063919202875,12937,2882,750
Varecia_variegata,Homo_sapiens,same-order,1,0,3,111,58,53,43,1,16939,73.29979083045961,0.9453193350831146,0.8196472596245021,0.8780091416962924,12966,2853,750
Varecia_variegata,Homo_sapiens,same-order,1,0,4,111,58,53,43,1,16939,73.29979083045961,0.9453193350831146,0.8196472596245021,0.8780091416962924,12966,2853,750
Aotus_azarai,Varecia_variegata,same-order,8,2,1,905,234,671,14,8,16597,95.26509615946688,0.9696555006842387,0.9903980553023397,0.9799170224279959,16297,158,510
Aotus_azarai,Varecia_variegata,same-order,8,2,2,905,850,55,1,0,16605,95.45693737940712,0.9703994293865906,0.9914374202951357,0.9808056231413896,16326,141,498
Aotus_azarai,Varecia_variegata,same-order,8,2,3,905,850,55,1,0,16605,95.45693737940712,0.9703994293865906,0.9914374202951357,0.9808056231413896,16326,141,498
Varecia_variegata,Homo_sapiens,same-order,1,1,1,111,25,86,45,5,16949,72.3937461195462,0.9435044872737972,0.8117207771660021,0.8726654192889947,12826,2975,768
Varecia_variegata,Homo_sapiens,same-order,1,1,2,111,52,59,43,2,16947,72.70674569573808,0.943728018757327,0.8151382823871907,0.8747325885429047,12880,2921,768
Varecia_variegata,Homo_sapiens,same-order,1,1,3,111,52,59,43,2,16947,72.70674569573808,0.943728018757327,0.8151382823871907,0.8747325885429047,12880,2921,768
Varecia_variegata,Homo_sapiens,same-order,1,2,1,111,17,94,44,7,16949,72.23508157850166,0.9436536617744672,0.8095539386270167,0.8714752758479771,12795,3010,764
Varecia_variegata,Homo_sapiens,same-order,1,2,2,111,45,66,46,1,16949,72.23508157850166,0.9436536617744672,0.8095539386270167,0.8714752758479771,12795,3010,764
Varecia_variegata,Homo_sapiens,same-order,1,2,3,111,45,66,46,1,16949,72.23508157850166,0.9436536617744672,0.8095539386270167,0.8714752758479771,12795,3010,764
Varecia_variegata,Homo_sapiens,same-order,2,0,1,221,40,181,36,10,16933,77.47834456207892,0.9493583073187651,0.8640065660710904,0.9046737621471541,13685,2154,730
Varecia_variegata,Homo_sapiens,same-order,2,0,2,221,134,87,32,2,16933,77.94709114598085,0.9502762430939227,0.8681935768818222,0.9073823733060767,13760,2089,720
Varecia_variegata,Homo_sapiens,same-order,2,0,3,221,137,84,31,2,16941,78.2485555681432,0.9509189784539134,0.8712159434914228,0.9093242931902709,13814,2042,713
Varecia_variegata,Homo_sapiens,same-order,2,0,4,221,137,84,31,2,16941,78.2485555681432,0.9509189784539134,0.8712159434914228,0.9093242931902709,13814,2042,713
Varecia_variegata,Homo_sapiens,same-order,2,1,1,221,28,193,36,12,16958,78.57587945391718,0.9522861458190306,0.8738188232329596,0.9113666228646518,13871,2003,695
Varecia_variegata,Homo_sapiens,same-order,2,1,2,221,135,86,30,1,16955,80.42073032433659,0.9541846071044133,0.8926863041289023,0.9224115504682623,14183,1705,681
Varecia_variegata,Homo_sapiens,same-order,2,1,3,221,153,68,28,0,16956,80.7825347320669,0.9545058626465661,0.8965387035871617,0.9246146357293525,14246,1644,679
Varecia_variegata,Homo_sapiens,same-order,2,1,4,221,159,62,28,0,16956,80.8108874397505,0.9545210984594775,0.8968533668974198,0.9247890979883193,14251,1639,679
Varecia_variegata,Homo_sapiens,same-order,2,1,5,221,159,62,28,0,16956,80.8108874397505,0.9545210984594775,0.8968533668974198,0.9247890979883193,14251,1639,679
Varecia_variegata,Homo_sapiens,same-order,2,2,1,221,48,173,38,13,16926,78.23376034463213,0.9506819121091059,0.8706238566832776,0.9088933522109908,13802,2051,716
Varecia_variegata,Homo_sapiens,same-order,2,2,2,221,143,78,38,2,16925,78.44226517771101,0.9508039027071595,0.8728947202422255,0.9101851547341072,13838,2015,716
Varecia_variegata,Homo_sapiens,same-order,2,2,3,221,143,78,38,2,16924,78.44671201814059,0.9508039027071595,0.8728947202422255,0.9101851547341072,13838,2015,716
Varecia_variegata,Homo_sapiens,same-order,2,2,4,221,143,78,38,2,16924,78.44671201814059,0.9508039027071595,0.8728947202422255,0.9101851547341072,13838,2015,716
Varecia_variegata,Homo_sapiens,same-order,3,0,1,332,49,283,25,13,16957,85.34575828172055,0.9590090665304559,0.9430526778426571,0.9509639431447656,15020,907,642
Varecia_variegata,Homo_sapiens,same-order,3,0,2,332,281,51,17,0,16956,85.47314578005115,0.9592422502870264,0.9440677966101695,0.9515945330296127,15039,891,639
Varecia_variegata,Homo_sapiens,same-order,3,0,3,332,281,51,17,0,16956,85.47314578005115,0.9592422502870264,0.9440677966101695,0.9515945330296127,15039,891,639
Varecia_variegata,Homo_sapiens,same-order,3,1,1,332,62,270,26,13,16923,83.7543282057104,0.9550779985759597,0.9294488188976378,0.9420891329332142,14755,1120,694
Varecia_variegata,Homo_sapiens,same-order,3,1,2,332,272,60,14,0,16916,84.36683702441795,0.9553726448459906,0.9358740157480315,0.9455228155030866,14857,1018,694
Varecia_variegata,Homo_sapiens,same-order,3,1,3,332,273,59,13,0,16916,84.50312322544009,0.9554414125200642,0.9373858267716535,0.9463275039745628,14881,994,694
Varecia_variegata,Homo_sapiens,same-order,3,1,4,332,273,59,13,0,16916,84.50312322544009,0.9554414125200642,0.9373858267716535,0.9463275039745628,14881,994,694
Varecia_variegata,Homo_sapiens,same-order,3,2,1,332,60,272,27,14,16936,84.76039064274359,0.9566777749295052,0.9392814446611716,0.9478997999809505,14928,965,676
Varecia_variegata,Homo_sapiens,same-order,3,2,2,332,281,51,19,0,16933,85.39370526076583,0.9573885350318472,0.9453459119496855,0.9513291139240506,15031,869,669
Varecia_variegata,Homo_sapiens,same-order,3,2,3,332,284,48,17,0,16939,85.6323145097148,0.9578673106253177,0.9476298252231862,0.9527210669363503,15073,833,663
Varecia_variegata,Homo_sapiens,same-order,3,2,4,332,286,46,17,0,16939,85.6323145097148,0.9578673106253177,0.9476298252231862,0.9527210669363503,15073,833,663
Varecia_variegata,Homo_sapiens,same-order,3,2,5,332,286,46,17,0,16939,85.6323145097148,0.9578673106253177,0.9476298252231862,0.9527210669363503,15073,833,663
Varecia_variegata,Homo_sapiens,same-order,4,0,1,442,83,359,18,11,16933,88.36759095826453,0.9609907120743034,0.9737122780601042,0.9673096699803672,15520,419,630
Varecia_variegata,Homo_sapiens,same-order,4,0,2,442,411,31,8,0,16933,88.71675115338611,0.9614814814814815,0.9768579492003763,0.9691087260849277,15576,369,624
Varecia_variegata,Homo_sapiens,same-order,4,0,3,442,412,30,8,0,16934,88.80788289571112,0.9615787850755473,0.9778000752539822,0.9696215913684275,15592,354,623
Varecia_variegata,Homo_sapiens,same-order,4,0,4,442,412,30,8,0,16934,88.80788289571112,0.9615787850755473,0.9778000752539822,0.9696215913684275,15592,354,623
Varecia_variegata,Homo_sapiens,same-order,4,1,1,442,90,352,16,10,16936,88.08060109289617,0.9607599652303489,0.9709481081759428,0.965827169740661,15474,463,632
Varecia_variegata,Homo_sapiens,same-order,4,1,2,442,407,35,5,0,16934,88.64024598565084,0.9612225995677678,0.976538485665893,0.9688200149365198,15567,374,628
Varecia_variegata,Homo_sapiens,same-order,4,1,3,442,412,30,4,0,16930,88.82939333523213,0.9614649485171712,0.9780481685900653,0.9696856636507789,15594,350,625
Varecia_variegata,Homo_sapiens,same-order,4,1,4,442,412,30,4,0,16930,88.82939333523213,0.9614649485171712,0.9780481685900653,0.9696856636507789,15594,350,625
Varecia_variegata,Homo_sapiens,same-order,4,2,1,442,96,346,22,13,16943,87.05989420397019,0.9599849473156046,0.9607683133513276,0.9603764705882353,15306,625,638
Varecia_variegata,Homo_sapiens,same-order,4,2,2,442,396,46,12,0,16947,87.26176253057973,0.9605460921843687,0.9622937449024406,0.9614191243300843,15338,601,630
Varecia_variegata,Homo_sapiens,same-order,4,2,3,442,397,45,11,0,16947,87.26745178358081,0.9605485628405035,0.9623564840956146,0.9614516735614893,15339,600,630
Varecia_variegata,Homo_sapiens,same-order,4,2,4,442,397,45,11,0,16947,87.26745178358081,0.9605485628405035,0.9623564840956146,0.9614516735614893,15339,600,630
Varecia_variegata,Homo_sapiens,same-order,5,0,1,553,96,457,10,7,16937,87.2425173551838,0.9601102135387313,0.9623399447652523,0.9612237860882104,15332,600,637
Varecia_variegata,Homo_sapiens,same-order,5,0,2,553,470,83,5,1,16928,89.47398415683593,0.9620687542128807,0.9843260188087775,0.9730701292261924,15700,250,619
Varecia_variegata,Homo_sapiens,same-order,5,0,3,553,509,44,3,0,16929,89.58796375448794,0.9621740727139185,0.9855181493323303,0.9737062157391062,15720,231,618
Varecia_variegata,Homo_sapiens,same-order,5,0,4,553,511,42,3,0,16929,89.58796375448794,0.9621740727139185,0.9855181493323303,0.9737062157391062,15720,231,618
Varecia_variegata,Homo_sapiens,same-order,5,0,5,553,511,42,3,0,16929,89.58796375448794,0.9621740727139185,0.9855181493323303,0.9737062157391062,15720,231,618
Varecia_variegata,Homo_sapiens,same-order,5,1,1,553,85,468,15,9,16951,86.9456447577894,0.9600100445727917,0.9598292744162692,0.9599196509839615,15292,640,637
Varecia_variegata,Homo_sapiens,same-order,5,1,2,553,478,75,8,0,16947,87.12961383154183,0.9601403860616696,0.9615263917655181,0.9608328890840103,15320,613,636
Varecia_variegata,Homo_sapiens,same-order,5,1,3,553,480,73,8,0,16947,87.16942501279645,0.9601578650629581,0.961965731500659,0.961060948081264,15327,606,636
Varecia_variegata,Homo_sapiens,same-order,5,1,4,553,480,73,8,0,16947,87.16942501279645,0.9601578650629581,0.961965731500659,0.961060948081264,15327,606,636
Varecia_variegata,Homo_sapiens,same-order,5,2,1,553,106,447,12,8,16945,89.04444823857493,0.9615290068829891,0.9813711346672521,0.9713487505820271,15646,297,626
Varecia_variegata,Homo_sapiens,same-order,5,2,2,553,518,35,5,0,16940,89.22227283079025,0.9617060447990181,0.982815929758545,0.9721464019851118,15671,274,624
Varecia_variegata,Homo_sapiens,same-order,5,2,3,553,518,35,5,0,16940,89.22227283079025,0.9617060447990181,0.982815929758545,0.9721464019851118,15671,274,624
Varecia_variegata,Homo_sapiens,same-order,6,1,1,663,104,559,10,7,16909,88.54409838865797,0.9596420857759951,0.9771284951303801,0.9683063511830635,15551,364,654
Varecia_variegata,Homo_sapiens,same-order,6,1,2,663,600,63,6,0,16912,88.70223791355845,0.9600024651793418,0.9784547738693468,0.9691407951222548,15577,343,649
Varecia_variegata,Homo_sapiens,same-order,6,1,3,663,600,63,6,0,16912,88.70223791355845,0.9600024651793418,0.9784547738693468,0.9691407951222548,15577,343,649
Varecia_variegata,Homo_sapiens,same-order,6,0,1,663,124,539,11,9,16934,89.17302654060828,0.9616731159019716,0.9819379115710254,0.9716998696704524,15657,288,624
Varecia_variegata,Homo_sapiens,same-order,6,0,2,663,609,54,3,0,16937,89.45029906009684,0.9621346731205196,0.9844523854303805,0.9731655924640554,15703,248,618
Varecia_variegata,Homo_sapiens,same-order,6,0,3,663,615,48,3,0,16937,89.4901737396753,0.9621509064184224,0.984891229390007,0.9733882710121132,15710,241,618
Varecia_variegata,Homo_sapiens,same-order,6,0,4,663,616,47,3,0,16937,89.4901737396753,0.9621509064184224,0.984891229390007,0.9733882710121132,15710,241,618
Varecia_variegata,Homo_sapiens,same-order,6,0,5,663,616,47,3,0,16937,89.4901737396753,0.9621509064184224,0.984891229390007,0.9733882710121132,15710,241,618
Varecia_variegata,Homo_sapiens,same-order,6,2,1,663,133,530,11,8,16933,89.17502278942571,0.9619568557556388,0.9813166144200627,0.9715402998044753,15652,298,619
Varecia_variegata,Homo_sapiens,same-order,6,2,2,663,626,37,3,0,16938,89.5903367329497,0.9624778111036298,0.9854600150413637,0.9738333384944106,15724,232,613
Varecia_variegata,Homo_sapiens,same-order,6,2,3,663,628,35,3,0,16938,89.61882513816876,0.9624892913964019,0.985773376786162,0.9739921976592978,15729,227,613
Varecia_variegata,Homo_sapiens,same-order,6,2,4,663,628,35,3,0,16938,89.61882513816876,0.9624892913964019,0.985773376786162,0.9739921976592978,15729,227,613
Varecia_variegata,Homo_sapiens,same-order,7,0,1,774,154,620,10,8,16938,89.83359927057215,0.9627458165384145,0.9877811892975751,0.9751028361117126,15764,195,610
Varecia_variegata,Homo_sapiens,same-order,7,0,2,774,718,56,4,0,16937,89.99829030603522,0.9628094134861602,0.9895356851933078,0.9759896171317327,15792,167,610
Varecia_variegata,Homo_sapiens,same-order,7,0,3,774,719,55,3,0,16937,90.01538724568302,0.962816214568729,0.9897236668964221,0.9760845383759733,15795,164,610
Varecia_variegata,Homo_sapiens,same-order,7,0,4,774,719,55,3,0,16937,90.01538724568302,0.962816214568729,0.9897236668964221,0.9760845383759733,15795,164,610
Varecia_variegata,Homo_sapiens,same-order,7,1,1,774,135,639,7,7,16941,89.99487208706057,0.962816214568729,0.9897236668964221,0.9760845383759733,15795,164,610
Varecia_variegata,Homo_sapiens,same-order,7,1,2,774,732,42,2,0,16937,90.02678520544822,0.9628207472420308,0.9898489880318315,0.9761478094296483,15797,162,610
Varecia_variegata,Homo_sapiens,same-order,7,1,3,774,732,42,2,0,16937,90.02678520544822,0.9628207472420308,0.9898489880318315,0.9761478094296483,15797,162,610
Varecia_variegata,Homo_sapiens,same-order,7,2,1,774,130,644,10,8,16934,89.56814038286235,0.9621763877838301,0.9855808413265627,0.9737379993806132,15721,230,618
Varecia_variegata,Homo_sapiens,same-order,7,2,2,774,706,68,3,0,16931,89.74811944381126,0.9622998900158866,0.9872743229689067,0.9746271427687356,15749,203,617
Varecia_variegata,Homo_sapiens,same-order,7,2,3,774,709,65,3,0,16931,89.788010029633,0.9623160080620534,0.9877131394182548,0.9748491879350348,15756,196,617
Varecia_variegata,Homo_sapiens,same-order,7,2,4,774,711,63,3,0,16931,89.788010029633,0.9623160080620534,0.9877131394182548,0.9748491879350348,15756,196,617
Varecia_variegata,Homo_sapiens,same-order,7,2,5,774,711,63,3,0,16931,89.788010029633,0.9623160080620534,0.9877131394182548,0.9748491879350348,15756,196,617
Varecia_variegata,Homo_sapiens,same-order,8,0,1,884,135,749,5,5,16939,90.03362014929625,0.9628275441803779,0.9900369697349458,0.9762427013500573,15800,159,610
Varecia_variegata,Homo_sapiens,same-order,8,0,2,884,829,55,2,0,16937,90.05528010486123,0.9628320740921277,0.9901622908703552,0.9763059528590405,15802,157,610
Varecia_variegata,Homo_sapiens,same-order,8,0,3,884,829,55,2,0,16937,90.05528010486123,0.9628320740921277,0.9901622908703552,0.9763059528590405,15802,157,610
Varecia_variegata,Homo_sapiens,same-order,8,1,1,884,148,736,9,6,16940,89.3690923585013,0.9618802475945333,0.9841976547312974,0.9729109843788742,15695,252,622
Varecia_variegata,Homo_sapiens,same-order,8,1,2,884,822,62,3,0,16939,89.66735019366598,0.9622837581759276,0.9868355065195586,0.9744050013927145,15742,210,617
Varecia_variegata,Homo_sapiens,same-order,8,1,3,884,826,58,3,0,16940,89.75848712690818,0.9623793819469891,0.9877765937441234,0.9749126117486931,15758,195,616
Varecia_variegata,Homo_sapiens,same-order,8,1,4,884,827,57,3,0,16940,89.75848712690818,0.9623793819469891,0.9877765937441234,0.9749126117486931,15758,195,616
Varecia_variegata,Homo_sapiens,same-order,8,1,5,884,827,57,3,0,16940,89.75848712690818,0.9623793819469891,0.9877765937441234,0.9749126117486931,15758,195,616
Varecia_variegata,Homo_sapiens,same-order,8,2,1,884,158,726,8,6,16935,89.5921157570924,0.9621314082956075,0.9860188087774294,0.9739286598959623,15727,223,619
Varecia_variegata,Homo_sapiens,same-order,8,2,2,884,818,66,3,0,16931,89.75381809892865,0.9623021934380155,0.9873370110330993,0.9746588693957116,15750,202,617
Varecia_variegata,Homo_sapiens,same-order,8,2,3,884,823,61,3,0,16932,89.84499658080694,0.9623977536320352,0.9882780668212875,0.9751662285449204,15766,187,616
Varecia_variegata,Homo_sapiens,same-order,8,2,4,884,826,58,3,0,16932,89.84499658080694,0.9623977536320352,0.9882780668212875,0.9751662285449204,15766,187,616
Varecia_variegata,Homo_sapiens,same-order,8,2,5,884,826,58,3,0,16932,89.84499658080694,0.9623977536320352,0.9882780668212875,0.9751662285449204,15766,187,616
Varecia_variegata,Gorilla_gorilla,same-order,1,0,1,110,21,89,45,10,16941,77.09848176371356,0.9814869668246445,0.8225145835919077,0.8949962860422715,13254,2860,250
Varecia_variegata,Gorilla_gorilla,same-order,1,0,2,110,59,51,43,3,16939,77.27219830094263,0.9817402232571893,0.8239746851150959,0.8959654567534745,13280,2837,247
Varecia_variegata,Gorilla_gorilla,same-order,1,0,3,110,59,51,43,3,16939,77.27219830094263,0.9817402232571893,0.8239746851150959,0.8959654567534745,13280,2837,247
Varecia_variegata,Gorilla_gorilla,same-order,1,1,1,110,30,80,51,6,16954,75.57132057917079,0.981645139360979,0.8061534644252838,0.8852861035422342,12996,3125,243
Varecia_variegata,Gorilla_gorilla,same-order,1,1,2,110,47,63,51,2,16954,75.72832470779787,0.9816824966078698,0.8078282984926494,0.8863102732500766,13023,3098,243
Varecia_variegata,Gorilla_gorilla,same-order,1,1,3,110,47,63,51,2,16954,75.72832470779787,0.9816824966078698,0.8078282984926494,0.8863102732500766,13023,3098,243
Varecia_variegata,Gorilla_gorilla,same-order,1,2,1,110,19,91,53,5,16940,75.44339128917835,0.9805759201874386,0.8054882970137207,0.8844502011043697,12974,3133,257
Varecia_variegata,Gorilla_gorilla,same-order,1,2,2,110,49,61,51,2,16928,75.86267093395404,0.9806679705130134,0.8093996399081145,0.8868405836536172,13037,3070,257
Varecia_variegata,Gorilla_gorilla,same-order,1,2,3,110,50,60,51,2,16928,75.92668024439918,0.980683953400977,0.8100825727944372,0.8872569019447843,13048,3059,257
Varecia_variegata,Gorilla_gorilla,same-order,1,2,4,110,50,60,51,2,16928,75.92668024439918,0.980683953400977,0.8100825727944372,0.8872569019447843,13048,3059,257
Varecia_variegata,Gorilla_gorilla,same-order,2,0,1,219,43,176,31,15,16954,84.87007299270073,0.9883713022781367,0.8975483233495956,0.9407728655576414,14534,1659,171
Varecia_variegata,Gorilla_gorilla,same-order,2,0,2,219,174,45,24,0,16947,84.91646220352845,0.9883728836608418,0.897671833508306,0.9408414239482201,14536,1657,171
Varecia_variegata,Gorilla_gorilla,same-order,2,0,3,219,174,45,24,0,16947,84.91646220352845,0.9883728836608418,0.897671833508306,0.9408414239482201,14536,1657,171
Varecia_variegata,Gorilla_gorilla,same-order,2,2,1,219,45,174,39,15,16939,82.09887351894005,0.9863955119214586,0.8698824984539271,0.9244824186657904,14066,2104,194
Varecia_variegata,Gorilla_gorilla,same-order,2,2,2,219,143,76,33,1,16938,82.28734894039349,0.9866302673946521,0.8715142521486428,0.9255064184641648,14095,2078,191
Varecia_variegata,Gorilla_gorilla,same-order,2,2,3,219,143,76,33,1,16938,82.28734894039349,0.9866302673946521,0.8715142521486428,0.9255064184641648,14095,2078,191
Varecia_variegata,Gorilla_gorilla,same-order,2,1,1,219,36,183,36,13,16947,80.0361600373265,0.9857060767131159,0.8489328796783173,0.9122212251138366,13723,2442,199
Varecia_variegata,Gorilla_gorilla,same-order,2,1,2,219,121,98,32,2,16941,80.61260210035006,0.9858019406392694,0.8547479121558924,0.9156091580795865,13817,2348,199
Varecia_variegata,Gorilla_gorilla,same-order,2,1,3,219,122,97,31,2,16941,80.7117852975496,0.9858191405971638,0.8557995669656666,0.9162196171931916,13834,2331,199
Varecia_variegata,Gorilla_gorilla,same-order,2,1,4,219,122,97,31,2,16941,80.7117852975496,0.9858191405971638,0.8557995669656666,0.9162196171931916,13834,2331,199
Varecia_variegata,Gorilla_gorilla,same-order,3,0,1,328,65,263,24,15,16918,89.89277553172789,0.9903815118455878,0.9461609620721554,0.9677663533716016,15342,873,149
Varecia_variegata,Gorilla_gorilla,same-order,3,0,2,328,295,33,13,0,16908,90.34414023568037,0.990423549071277,0.950354609929078,0.9699754516271166,15410,805,149
Varecia_variegata,Gorilla_gorilla,same-order,3,0,3,328,298,30,11,0,16905,90.4655799225988,0.990434615137703,0.9514646931853222,0.9705586311021641,15428,787,149
Varecia_variegata,Gorilla_gorilla,same-order,3,0,4,328,298,30,11,0,16905,90.4655799225988,0.990434615137703,0.9514646931853222,0.9705586311021641,15428,787,149
Varecia_variegata,Gorilla_gorilla,same-order,3,1,1,328,65,263,33,17,16934,86.25080310729514,0.9874949846194998,0.9128392161711071,0.9487006520831326,14767,1410,187
Varecia_variegata,Gorilla_gorilla,same-order,3,1,2,328,258,70,20,0,16920,86.71148786904413,0.9876806286208963,0.9167439273131838,0.9508911398897294,14832,1347,185
Varecia_variegata,Gorilla_gorilla,same-order,3,1,3,328,261,67,19,0,16916,86.91889363195135,0.9877068243737125,0.9187217998640212,0.9519661841936724,14864,1315,185
Varecia_variegata,Gorilla_gorilla,same-order,3,1,4,328,263,65,18,0,16916,86.91889363195135,0.9877068243737125,0.9187217998640212,0.9519661841936724,14864,1315,185
Varecia_variegata,Gorilla_gorilla,same-order,3,1,5,328,263,65,18,0,16916,86.91889363195135,0.9877068243737125,0.9187217998640212,0.9519661841936724,14864,1315,185
Varecia_variegata,Gorilla_gorilla,same-order,3,2,1,328,65,263,28,18,16938,89.29848209576276,0.9918630386668402,0.9382966931461297,0.9643365716274802,15237,1002,125
Varecia_variegata,Gorilla_gorilla,same-order,3,2,2,328,292,36,12,0,16940,89.706313382965,0.9922837504863182,0.9420129270544783,0.9664950895253733,15303,942,119
Varecia_variegata,Gorilla_gorilla,same-order,3,2,3,328,294,34,11,0,16938,89.72269449492877,0.9922842507942683,0.9420744844567559,0.9665277251484148,15304,941,119
Varecia_variegata,Gorilla_gorilla,same-order,3,2,4,328,294,34,11,0,16938,89.72269449492877,0.9922842507942683,0.9420744844567559,0.9665277251484148,15304,941,119
Varecia_variegata,Gorilla_gorilla,same-order,4,0,1,437,63,374,17,10,16925,90.48986288526896,0.9909522587268994,0.9519201134192197,0.9710441097871537,15443,780,141
Varecia_variegata,Gorilla_gorilla,same-order,4,0,2,437,380,57,9,1,16932,92.46390421410963,0.9933165195460277,0.9689998769836389,0.9810075347157358,15754,504,106
Varecia_variegata,Gorilla_gorilla,same-order,4,0,3,437,397,40,4,0,16926,92.63108449298338,0.9933883256721869,0.9702933759763823,0.9817050404480397,15776,483,105
Varecia_variegata,Gorilla_gorilla,same-order,4,0,4,437,397,40,4,0,16926,92.63108449298338,0.9933883256721869,0.9702933759763823,0.9817050404480397,15776,483,105
Varecia_variegata,Gorilla_gorilla,same-order,4,1,1,437,80,357,15,9,16919,90.9511809177753,0.99080635893507,0.9567817509247842,0.9734968478499515,15519,701,144
Varecia_variegata,Gorilla_gorilla,same-order,4,1,2,437,393,44,8,0,16913,91.42723114811774,0.991037945719189,0.9611046045737534,0.97584178245087,15592,631,141
Varecia_variegata,Gorilla_gorilla,same-order,4,1,3,437,397,40,7,0,16909,91.5425219941349,0.9910470506063878,0.9620908586574616,0.9763543100212685,15608,615,141
Varecia_variegata,Gorilla_gorilla,same-order,4,1,4,437,397,40,7,0,16909,91.5425219941349,0.9910470506063878,0.9620908586574616,0.9763543100212685,15608,615,141
Varecia_variegata,Gorilla_gorilla,same-order,4,2,1,437,77,360,17,15,16904,92.20024649333881,0.991479962133165,0.9680202107338715,0.9796096526781817,15710,519,135
Varecia_variegata,Gorilla_gorilla,same-order,4,2,2,437,395,42,4,0,16911,92.37631316391807,0.9919334509705067,0.969450603596945,0.9805631696984799,15740,496,128
Varecia_variegata,Gorilla_gorilla,same-order,4,2,3,437,395,42,4,0,16911,92.37631316391807,0.9919334509705067,0.969450603596945,0.9805631696984799,15740,496,128
Varecia_variegata,Gorilla_gorilla,same-order,5,0,1,546,103,443,13,9,16939,91.83877024172729,0.9933367178575961,0.9627283350759579,0.9777930474435456,15653,606,105
Varecia_variegata,Gorilla_gorilla,same-order,5,0,2,546,508,38,7,0,16935,92.12210155562079,0.993668080795289,0.9648917855386129,0.9790685341735035,15693,571,100
Varecia_variegata,Gorilla_gorilla,same-order,5,0,3,546,510,36,6,0,16935,92.15145289110654,0.9936700848208634,0.9651992129857354,0.9792277462416568,15698,566,100
Varecia_variegata,Gorilla_gorilla,same-order,5,0,4,546,510,36,6,0,16935,92.15145289110654,0.9936700848208634,0.9651992129857354,0.9792277462416568,15698,566,100
Varecia_variegata,Gorilla_gorilla,same-order,5,1,1,546,87,459,13,11,16913,93.17874963310831,0.9923726164426383,0.9772811230144071,0.9847690541923876,15873,369,122
Varecia_variegata,Gorilla_gorilla,same-order,5,1,2,546,515,31,2,0,16913,93.5389133627019,0.9930161501527717,0.9798793994585282,0.9864040385270526,15925,327,112
Varecia_variegata,Gorilla_gorilla,same-order,5,1,3,546,519,27,1,0,16913,93.69713345864662,0.9930892790437056,0.9814188149880022,0.9872195574810458,15951,302,111
Varecia_variegata,Gorilla_gorilla,same-order,5,1,4,546,519,27,1,0,16913,93.69713345864662,0.9930892790437056,0.9814188149880022,0.9872195574810458,15951,302,111
Varecia_variegata,Gorilla_gorilla,same-order,5,2,1,546,90,456,13,9,16938,93.15020250044022,0.9938004884463648,0.9757147248693514,0.9846745672271515,15870,395,99
Varecia_variegata,Gorilla_gorilla,same-order,5,2,2,546,498,48,2,0,16937,93.44214172488698,0.9940044966275293,0.978362429309073,0.9861214374225526,15916,352,96
Varecia_variegata,Gorilla_gorilla,same-order,5,2,3,546,501,45,1,0,16938,93.54781893970528,0.9940732422484247,0.979408691376237,0.9866864821351168,15934,335,95
Varecia_variegata,Gorilla_gorilla,same-order,5,2,4,546,501,45,1,0,16938,93.54781893970528,0.9940732422484247,0.979408691376237,0.9866864821351168,15934,335,95
Varecia_variegata,Gorilla_gorilla,same-order,6,0,1,655,117,538,10,7,16943,93.70559567846867,0.9945161089300181,0.9805234701400836,0.9874702224422238,15959,317,88
Varecia_variegata,Gorilla_gorilla,same-order,6,0,2,655,624,31,2,0,16935,93.97873465311638,0.9945294044510755,0.9829196362742688,0.9886904394042395,15998,278,88
Varecia_variegata,Gorilla_gorilla,same-order,6,0,3,655,629,26,1,0,16936,94.08447394701287,0.9945972800099361,0.9839651041346685,0.9892526250772081,16016,261,87
Varecia_variegata,Gorilla_gorilla,same-order,6,0,4,655,629,26,1,0,16936,94.08447394701287,0.9945972800099361,0.9839651041346685,0.9892526250772081,16016,261,87
Varecia_variegata,Gorilla_gorilla,same-order,6,1,1,655,118,537,12,7,16942,92.84247579935465,0.9935334003013561,0.9731873808498862,0.9832551492745968,15825,436,103
Varecia_variegata,Gorilla_gorilla,same-order,6,1,2,655,605,50,4,0,16937,93.19556155697764,0.9939887288666249,0.9757806737152692,0.9848005459395743,15874,394,96
Varecia_variegata,Gorilla_gorilla,same-order,6,1,3,655,614,41,2,0,16936,93.41595207329966,0.9943732416380119,0.9773257957478186,0.9857758219963433,15905,369,90
Varecia_variegata,Gorilla_gorilla,same-order,6,1,4,655,614,41,2,0,16936,93.41595207329966,0.9943732416380119,0.9773257957478186,0.9857758219963433,15905,369,90
Varecia_variegata,Gorilla_gorilla,same-order,6,2,1,655,110,545,9,7,16926,93.43781182133004,0.9930754834684966,0.9794499477019627,0.9862156552984542,15919,334,111
Varecia_variegata,Gorilla_gorilla,same-order,6,2,2,655,623,32,2,0,16915,93.6978738400094,0.9930901394422311,0.9815418691933797,0.9872822353560047,15953,300,111
Varecia_variegata,Gorilla_gorilla,same-order,6,2,3,655,625,30,1,0,16916,93.77422765182662,0.9931575018661358,0.982281284606866,0.9876894525208785,15966,288,110
Varecia_variegata,Gorilla_gorilla,same-order,6,2,4,655,625,30,1,0,16916,93.77422765182662,0.9931575018661358,0.982281284606866,0.9876894525208785,15966,288,110
Varecia_variegata,Gorilla_gorilla,same-order,7,0,1,764,151,613,7,4,16941,93.64874383658136,0.9940806280765156,0.9806380232343721,0.9873135713843679,15954,315,95
Varecia_variegata,Gorilla_gorilla,same-order,7,0,2,764,730,34,3,0,16931,93.88582168448255,0.994092039800995,0.9825434876144815,0.9882840273269653,15985,284,95
Varecia_variegata,Gorilla_gorilla,same-order,7,0,3,764,731,33,2,0,16931,93.88582168448255,0.994092039800995,0.9825434876144815,0.9882840273269653,15985,284,95
Varecia_variegata,Gorilla_gorilla,same-order,7,0,4,764,731,33,2,0,16931,93.88582168448255,0.994092039800995,0.9825434876144815,0.9882840273269653,15985,284,95
Varecia_variegata,Gorilla_gorilla,same-order,7,1,1,764,140,624,10,7,16943,93.4781332550631,0.9942557442557443,0.9786135693215339,0.9863726461843408,15924,348,92
Varecia_variegata,Gorilla_gorilla,same-order,7,1,2,764,721,43,2,0,16936,93.84985902255639,0.9945222533457827,0.981629392971246,0.9880337651896973,15977,299,88
Varecia_variegata,Gorilla_gorilla,same-order,7,1,3,764,727,37,1,0,16936,93.99635786876578,0.9945922426653406,0.9830435583952817,0.9887841804418354,16001,276,87
Varecia_variegata,Gorilla_gorilla,same-order,7,1,4,764,727,37,1,0,16936,93.99635786876578,0.9945922426653406,0.9830435583952817,0.9887841804418354,16001,276,87
Varecia_variegata,Gorilla_gorilla,same-order,7,2,1,764,150,614,9,9,16938,93.91038816137178,0.9943418516445937,0.9827321329810115,0.9885029051798738,15992,281,91
Varecia_variegata,Gorilla_gorilla,same-order,7,2,2,764,729,35,1,0,16935,93.96698584268343,0.9945287241979607,0.9827967559596953,0.988627935723115,15996,280,88
Varecia_variegata,Gorilla_gorilla,same-order,7,2,3,764,729,35,1,0,16935,93.96698584268343,0.9945287241979607,0.9827967559596953,0.988627935723115,15996,280,88
Varecia_variegata,Gorilla_gorilla,same-order,8,0,1,873,169,704,8,6,16946,93.74779852060584,0.9945195241950551,0.9811378717129516,0.987783379210095,15969,307,88
Varecia_variegata,Gorilla_gorilla,same-order,8,0,2,873,836,37,2,0,16935,93.97873465311638,0.9945294044510755,0.9829196362742688,0.9886904394042395,15998,278,88
Varecia_variegata,Gorilla_gorilla,same-order,8,0,3,873,838,35,1,0,16936,94.05510192093051,0.994595601938129,0.9836579222215396,0.9890965250965251,16011,266,87
Varecia_variegata,Gorilla_gorilla,same-order,8,0,4,873,838,35,1,0,16936,94.05510192093051,0.994595601938129,0.9836579222215396,0.9890965250965251,16011,266,87
Varecia_variegata,Gorilla_gorilla,same-order,8,1,1,873,155,718,11,8,16943,93.54819772220266,0.9943217271933109,0.9792293983899711,0.9867178550419518,15935,338,91
Varecia_variegata,Gorilla_gorilla,same-order,8,1,2,873,819,54,2,0,16935,93.83774892792106,0.9945212302328477,0.9814450724993856,0.9879398849650567,15974,302,88
Varecia_variegata,Gorilla_gorilla,same-order,8,1,3,873,822,51,1,0,16936,93.91411619573518,0.9945875326614408,0.9821834490385206,0.9883465735216841,15987,290,87
Varecia_variegata,Gorilla_gorilla,same-order,8,1,4,873,822,51,1,0,16936,93.91411619573518,0.9945875326614408,0.9821834490385206,0.9883465735216841,15987,290,87
Varecia_variegata,Gorilla_gorilla,same-order,8,2,1,873,171,702,5,5,16940,93.99882560187903,0.9944092433842714,0.9836549096718692,0.9890028419621896,16008,266,90
Varecia_variegata,Gorilla_gorilla,same-order,8,2,2,873,828,45,1,0,16936,94.05510192093051,0.994595601938129,0.9836579222215396,0.9890965250965251,16011,266,87
Varecia_variegata,Gorilla_gorilla,same-order,8,2,3,873,828,45,1,0,16936,94.05510192093051,0.994595601938129,0.9836579222215396,0.9890965250965251,16011,266,87
Varecia_variegata,Saimiri_boliviensis,same-order,1,0,1,110,21,89,49,4,16945,75.06247457430116,0.9801183791167096,0.796841261027824,0.8790281416953075,12916,3293,262
Varecia_variegata,Saimiri_boliviensis,same-order,1,0,2,110,42,68,48,1,16945,75.13221363398617,0.9801364670204701,0.7975815904744278,0.8794856967924078,12928,3281,262
Varecia_variegata,Saimiri_boliviensis,same-order,1,0,3,110,42,68,48,1,16945,75.13221363398617,0.9801364670204701,0.7975815904744278,0.8794856967924078,12928,3281,262
Varecia_variegata,Saimiri_boliviensis,same-order,1,1,1,110,15,95,51,6,16963,75.49372676579925,0.9809056603773585,0.8013935133801948,0.8821094068141714,12997,3221,253
Varecia_variegata,Saimiri_boliviensis,same-order,1,1,2,110,41,69,48,1,16956,75.72217378668992,0.9812457633501545,0.8031068918752312,0.8832841791247161,13028,3194,249
Varecia_variegata,Saimiri_boliviensis,same-order,1,1,3,110,41,69,48,1,16956,75.72217378668992,0.9812457633501545,0.8031068918752312,0.8832841791247161,13028,3194,249
Varecia_variegata,Saimiri_boliviensis,same-order,1,2,1,110,26,84,47,5,16941,75.03488372093024,0.9803266236232434,0.7960769800148039,0.8786465602341968,12906,3306,259
Varecia_variegata,Saimiri_boliviensis,same-order,1,2,2,110,53,57,43,1,16936,75.79388158659998,0.98058690744921,0.8037994202183433,0.8834355828220859,13032,3181,258
Varecia_variegata,Saimiri_boliviensis,same-order,1,2,3,110,55,55,42,1,16936,75.89856926834942,0.9806131650135257,0.8049096404120151,0.8841163917211476,13050,3163,258
Varecia_variegata,Saimiri_boliviensis,same-order,1,2,4,110,55,55,42,1,16936,75.89856926834942,0.9806131650135257,0.8049096404120151,0.8841163917211476,13050,3163,258
Varecia_variegata,Saimiri_boliviensis,same-order,2,0,1,220,35,185,42,13,16945,80.34267731219768,0.9847142857142858,0.848003936765701,0.9112602042502562,13786,2471,214
Varecia_variegata,Saimiri_boliviensis,same-order,2,0,2,220,126,94,37,1,16943,80.67844028676342,0.9847751849743882,0.8514486067540137,0.9132715336654241,13842,2415,214
Varecia_variegata,Saimiri_boliviensis,same-order,2,0,3,220,127,93,37,1,16943,80.81832488197237,0.9848011363636363,0.852924893891862,0.9141312588588193,13866,2391,214
Varecia_variegata,Saimiri_boliviensis,same-order,2,0,4,220,129,91,37,1,16943,80.81832488197237,0.9848011363636363,0.852924893891862,0.9141312588588193,13866,2391,214
Varecia_variegata,Saimiri_boliviensis,same-order,2,0,5,220,129,91,37,1,16943,80.81832488197237,0.9848011363636363,0.852924893891862,0.9141312588588193,13866,2391,214
Varecia_variegata,Saimiri_boliviensis,same-order,2,1,1,220,30,190,38,14,16934,83.58714043993231,0.9858922304039639,0.8807328169187262,0.9303503588011818,14326,1940,205
Varecia_variegata,Saimiri_boliviensis,same-order,2,1,2,220,154,66,28,0,16933,83.84781467001226,0.9860015096411171,0.8833220630724781,0.9318417639429313,14369,1898,204
Varecia_variegata,Saimiri_boliviensis,same-order,2,1,3,220,154,66,28,0,16933,83.84781467001226,0.9860015096411171,0.8833220630724781,0.9318417639429313,14369,1898,204
Varecia_variegata,Saimiri_boliviensis,same-order,2,2,1,220,36,184,33,16,16936,84.5798761248101,0.9878523169316863,0.8884183391640582,0.9355005493440186,14475,1818,178
Varecia_variegata,Saimiri_boliviensis,same-order,2,2,2,220,172,48,26,2,16936,84.64415098749562,0.987861429350791,0.8890934757257718,0.9358787996252868,14486,1807,178
Varecia_variegata,Saimiri_boliviensis,same-order,2,2,3,220,174,46,25,2,16932,84.81005260081824,0.9878820886377562,0.8906278770023937,0.9367374604609128,14511,1782,178
Varecia_variegata,Saimiri_boliviensis,same-order,2,2,4,220,174,46,25,2,16932,84.81005260081824,0.9878820886377562,0.8906278770023937,0.9367374604609128,14511,1782,178
Varecia_variegata,Saimiri_boliviensis,same-order,3,0,1,330,45,285,28,15,16901,87.84320598200725,0.9857742231545824,0.9251261228005414,0.9544877491430748,15037,1217,217
Varecia_variegata,Saimiri_boliviensis,same-order,3,0,2,330,261,69,18,0,16899,87.85931292358028,0.9857751556866601,0.9251876461178786,0.9545209305277856,15038,1216,217
Varecia_variegata,Saimiri_boliviensis,same-order,3,0,3,330,261,69,18,0,16899,87.85931292358028,0.9857751556866601,0.9251876461178786,0.9545209305277856,15038,1216,217
Varecia_variegata,Saimiri_boliviensis,same-order,3,1,1,330,49,281,28,14,16922,87.13843277040846,0.9873535059259749,0.9159705159705159,0.9503234235095434,14912,1368,191
Varecia_variegata,Saimiri_boliviensis,same-order,3,1,2,330,270,60,19,1,16922,87.35974754558205,0.987449633397186,0.9181868435599779,0.9515595162316997,14949,1332,190
Varecia_variegata,Saimiri_boliviensis,same-order,3,1,3,330,270,60,19,1,16922,87.35974754558205,0.987449633397186,0.9181868435599779,0.9515595162316997,14949,1332,190
Varecia_variegata,Saimiri_boliviensis,same-order,3,2,1,330,63,267,28,14,16910,86.38966806919122,0.9865198531865198,0.9086606429405618,0.9459909131631151,14783,1486,202
Varecia_variegata,Saimiri_boliviensis,same-order,3,2,2,330,267,63,13,1,16910,89.79998826910669,0.9910026538934559,0.9374234631398481,0.9634687391837892,15310,1022,139
Varecia_variegata,Saimiri_boliviensis,same-order,3,2,3,330,298,32,13,0,16910,89.8469118423368,0.99100731060361,0.93791329904482,0.9637295919972316,15318,1014,139
Varecia_variegata,Saimiri_boliviensis,same-order,3,2,4,330,299,31,12,0,16910,89.9876825620271,0.9910212518571152,0.9393828067597355,0.9645113632791626,15342,990,139
Varecia_variegata,Saimiri_boliviensis,same-order,3,2,5,330,299,31,12,0,16910,89.9876825620271,0.9910212518571152,0.9393828067597355,0.9645113632791626,15342,990,139
Varecia_variegata,Saimiri_boliviensis,same-order,4,0,1,440,75,365,18,10,16904,89.45182238343182,0.9877899089088442,0.9390738238545633,0.9628160322407985,15290,992,189
Varecia_variegata,Saimiri_boliviensis,same-order,4,0,2,440,361,79,8,0,16899,89.89112619995318,0.9880967700424655,0.9429571411027877,0.9649993716224707,15357,929,185
Varecia_variegata,Saimiri_boliviensis,same-order,4,0,3,440,363,77,8,0,16895,90.05854800936768,0.988115886169461,0.9444922018911949,0.9658116974853233,15382,904,185
Varecia_variegata,Saimiri_boliviensis,same-order,4,0,4,440,364,76,7,0,16895,90.07025761124122,0.9881174128075021,0.9446150067542675,0.9658766284727672,15384,902,185
Varecia_variegata,Saimiri_boliviensis,same-order,4,0,5,440,364,76,7,0,16895,90.07025761124122,0.9881174128075021,0.9446150067542675,0.9658766284727672,15384,902,185
Varecia_variegata,Saimiri_boliviensis,same-order,4,1,1,440,68,372,17,14,16911,90.37392474691322,0.9886058123159647,0.9478917326459215,0.9678207739307535,15444,849,178
Varecia_variegata,Saimiri_boliviensis,same-order,4,1,2,440,364,76,5,1,16904,93.11883513386566,0.9919939954966225,0.9704460625344185,0.981101728990752,15860,483,128
Varecia_variegata,Saimiri_boliviensis,same-order,4,1,3,440,400,40,5,0,16904,93.11883513386566,0.9919939954966225,0.9704460625344185,0.981101728990752,15860,483,128
Varecia_variegata,Saimiri_boliviensis,same-order,4,1,4,440,400,40,5,0,16904,93.11883513386566,0.9919939954966225,0.9704460625344185,0.981101728990752,15860,483,128
Varecia_variegata,Saimiri_boliviensis,same-order,4,2,1,440,72,368,15,12,16912,91.57247437774524,0.9896828913222356,0.9587932303164092,0.9739932102033825,15636,672,163
Varecia_variegata,Saimiri_boliviensis,same-order,4,2,2,440,394,46,6,0,16906,91.61052199894546,0.9896835443037975,0.9588545499141525,0.9740251650678958,15637,671,163
Varecia_variegata,Saimiri_boliviensis,same-order,4,2,3,440,394,46,6,0,16906,91.61052199894546,0.9896835443037975,0.9588545499141525,0.9740251650678958,15637,671,163
Varecia_variegata,Saimiri_boliviensis,same-order,5,0,1,550,83,467,11,10,16895,95.07627068731964,0.9948234424107968,0.9851101482882773,0.9899429692769975,16143,244,84
Varecia_variegata,Saimiri_boliviensis,same-order,5,0,2,550,534,16,2,0,16891,95.10456553755523,0.9948237614000492,0.9851711722707024,0.9899739383719147,16144,243,84
Varecia_variegata,Saimiri_boliviensis,same-order,5,0,3,550,534,16,2,0,16891,95.10456553755523,0.9948237614000492,0.9851711722707024,0.9899739383719147,16144,243,84
Varecia_variegata,Saimiri_boliviensis,same-order,5,1,1,550,90,460,12,10,16902,94.56931042598258,0.9941856868930538,0.9814373816938389,0.9877704031465092,16073,304,94
Varecia_variegata,Saimiri_boliviensis,same-order,5,1,2,550,530,20,3,0,16898,94.72011301430338,0.9943768151764197,0.9824175824175824,0.9883610232472437,16092,288,91
Varecia_variegata,Saimiri_boliviensis,same-order,5,1,3,550,530,20,3,0,16898,94.72011301430338,0.9943768151764197,0.9824175824175824,0.9883610232472437,16092,288,91
Varecia_variegata,Saimiri_boliviensis,same-order,5,2,1,550,101,449,9,7,16908,93.88653981677237,0.9925498230582976,0.9777383646260167,0.9850884219606876,15987,364,120
Varecia_variegata,Saimiri_boliviensis,same-order,5,2,2,550,510,40,3,0,16901,94.10624045128688,0.9927473344904537,0.9792711263299498,0.9859631841408607,16015,339,117
Varecia_variegata,Saimiri_boliviensis,same-order,5,2,3,550,515,35,2,0,16901,94.1826301563051,0.9927531743573862,0.9800660388895683,0.9863688113480414,16028,326,117
Varecia_variegata,Saimiri_boliviensis,same-order,5,2,4,550,515,35,2,0,16901,94.1826301563051,0.9927531743573862,0.9800660388895683,0.9863688113480414,16028,326,117
Varecia_variegata,Saimiri_boliviensis,same-order,6,0,1,659,98,561,10,9,16902,93.3563973261405,0.9905431468923038,0.9756112506893805,0.9830204988886143,15921,398,152
Varecia_variegata,Saimiri_boliviensis,same-order,6,0,2,659,615,44,3,0,16901,93.4017595307918,0.9907303720293642,0.975677000367602,0.9831460674157303,15925,397,149
Varecia_variegata,Saimiri_boliviensis,same-order,6,0,3,659,615,44,3,0,16901,93.4017595307918,0.9907303720293642,0.975677000367602,0.9831460674157303,15925,397,149
Varecia_variegata,Saimiri_boliviensis,same-order,6,1,1,659,111,548,11,8,16894,95.14162887933573,0.9946438465800652,0.986083984375,0.9903454194378889,16156,228,87
Varecia_variegata,Saimiri_boliviensis,same-order,6,1,2,659,641,18,2,0,16891,95.22912003769584,0.9946478006767149,0.98681640625,0.9907166273476516,16168,216,87
Varecia_variegata,Saimiri_boliviensis,same-order,6,1,3,659,641,18,2,0,16891,95.22912003769584,0.9946478006767149,0.98681640625,0.9907166273476516,16168,216,87
Varecia_variegata,Saimiri_boliviensis,same-order,6,2,1,659,104,555,9,7,16902,95.2131417804993,0.9949547775795238,0.9866983952651168,0.9908093866797378,16171,218,82
Varecia_variegata,Saimiri_boliviensis,same-order,6,2,2,659,638,21,2,0,16899,95.30651905070373,0.9949588097872863,0.9874916102263713,0.9912111468381565,16184,205,82
Varecia_variegata,Saimiri_boliviensis,same-order,6,2,3,659,641,18,1,0,16892,95.49310710498409,0.9949665459456142,0.9890170236133993,0.9919828641370869,16209,180,82
Varecia_variegata,Saimiri_boliviensis,same-order,6,2,4,659,641,18,1,0,16892,95.49310710498409,0.9949665459456142,0.9890170236133993,0.9919828641370869,16209,180,82
Varecia_variegata,Saimiri_boliviensis,same-order,7,0,1,769,120,649,6,4,16908,94.91435634822533,0.9950018511662347,0.9838316046369737,0.9893852006381151,16125,265,81
Varecia_variegata,Saimiri_boliviensis,same-order,7,0,2,769,735,34,4,0,16902,95.08920685391274,0.9950092421441774,0.9852959121415498,0.9901287553648068,16149,241,81
Varecia_variegata,Saimiri_boliviensis,same-order,7,0,3,769,741,28,3,0,16895,95.27568331762488,0.9950169178714242,0.9868212324588164,0.9909021289630879,16174,216,81
Varecia_variegata,Saimiri_boliviensis,same-order,7,0,4,769,741,28,3,0,16895,95.27568331762488,0.9950169178714242,0.9868212324588164,0.9909021289630879,16174,216,81
Varecia_variegata,Saimiri_boliviensis,same-order,7,1,1,769,156,613,6,5,16894,95.58173784977909,0.9950325033729915,0.9899328859060402,0.9924761438708098,16225,165,81
Varecia_variegata,Saimiri_boliviensis,same-order,7,1,2,769,755,14,1,0,16891,95.70418385385975,0.9951593137254902,0.9907881893606637,0.9929689410613841,16241,151,79
Varecia_variegata,Saimiri_boliviensis,same-order,7,1,3,769,755,14,1,0,16891,95.70418385385975,0.9951593137254902,0.9907881893606637,0.9929689410613841,16241,151,79
Varecia_variegata,Saimiri_boliviensis,same-order,7,2,1,769,126,643,8,7,16904,94.27144535840188,0.9928222263473795,0.9810455518190155,0.9868987575347521,16045,310,116
Varecia_variegata,Saimiri_boliviensis,same-order,7,2,2,769,739,30,2,0,16901,94.28806487630017,0.9928222263473795,0.9810455518190155,0.9868987575347521,16045,310,116
Varecia_variegata,Saimiri_boliviensis,same-order,7,2,3,769,739,30,2,0,16901,94.28806487630017,0.9928222263473795,0.9810455518190155,0.9868987575347521,16045,310,116
Varecia_variegata,Saimiri_boliviensis,same-order,8,0,1,879,144,735,5,5,16893,95.65832106038292,0.9949754901960784,0.9907865031423516,0.9928765783117796,16238,151,82
Varecia_variegata,Saimiri_boliviensis,same-order,8,0,2,879,855,24,1,0,16891,95.70418385385975,0.9951593137254902,0.9907881893606637,0.9929689410613841,16241,151,79
Varecia_variegata,Saimiri_boliviensis,same-order,8,0,3,879,855,24,1,0,16891,95.70418385385975,0.9951593137254902,0.9907881893606637,0.9929689410613841,16241,151,79
Varecia_variegata,Saimiri_boliviensis,same-order,8,1,1,879,152,727,4,4,16892,95.65806527630494,0.9949751823028372,0.9907254866068704,0.992845786963434,16237,152,82
Varecia_variegata,Saimiri_boliviensis,same-order,8,1,2,879,858,21,1,0,16891,95.6982911019446,0.9951590170966358,0.9907271839921913,0.9929381553605819,16240,152,79
Varecia_variegata,Saimiri_boliviensis,same-order,8,1,3,879,858,21,1,0,16891,95.6982911019446,0.9951590170966358,0.9907271839921913,0.9929381553605819,16240,152,79
Varecia_variegata,Saimiri_boliviensis,same-order,8,2,1,879,143,736,4,4,16893,95.62886597938144,0.9949739503524364,0.990481420464946,0.992722602739726,16233,156,82
Varecia_variegata,Saimiri_boliviensis,same-order,8,2,2,879,854,25,1,0,16892,95.67497495728007,0.9951581269919098,0.990544167886774,0.992845786963434,16237,155,79
Varecia_variegata,Saimiri_boliviensis,same-order,8,2,3,879,854,25,1,0,16892,95.67497495728007,0.9951581269919098,0.990544167886774,0.992845786963434,16237,155,79
Varecia_variegata,Saimiri_sciureus,same-order,1,0,1,110,17,93,42,7,16951,76.31945249971001,0.978364312267658,0.8131372427856393,0.8881314750447136,13159,3024,291
Varecia_variegata,Saimiri_sciureus,same-order,1,0,2,110,57,53,40,3,16961,76.91415313225058,0.9793928650565035,0.8187712256869404,0.89190825317818,13260,2935,279
Varecia_variegata,Saimiri_sciureus,same-order,1,0,3,110,57,53,40,3,16961,76.91415313225058,0.9793928650565035,0.8187712256869404,0.89190825317818,13260,2935,279
Varecia_variegata,Saimiri_sciureus,same-order,1,1,1,110,19,91,45,4,16958,75.15225334957368,0.9786253776435045,0.8002594033722439,0.8805001529000034,12957,3234,283
Varecia_variegata,Saimiri_sciureus,same-order,1,1,2,110,47,63,46,2,16955,75.48877414863375,0.9787874228975477,0.803606719367589,0.8825883470121415,13012,3180,282
Varecia_variegata,Saimiri_sciureus,same-order,1,1,3,110,47,63,46,2,16955,75.48877414863375,0.9787874228975477,0.803606719367589,0.8825883470121415,13012,3180,282
Varecia_variegata,Saimiri_sciureus,same-order,2,0,1,220,48,172,39,16,16920,83.99113857634234,0.9840846994535519,0.8870759189705067,0.9330656390660924,14407,1834,233
Varecia_variegata,Saimiri_sciureus,same-order,2,0,2,220,165,55,34,0,16917,84.13901685229459,0.9841757042493691,0.8883758157862333,0.9338251949648902,14429,1813,232
Varecia_variegata,Saimiri_sciureus,same-order,2,0,3,220,165,55,34,0,16917,84.13901685229459,0.9841757042493691,0.8883758157862333,0.9338251949648902,14429,1813,232
Varecia_variegata,Saimiri_sciureus,same-order,1,2,1,110,19,91,41,7,16930,76.37694631652336,0.9789991063449508,0.8118824110671937,0.8876434841323431,13146,3046,282
Varecia_variegata,Saimiri_sciureus,same-order,1,2,2,110,55,55,33,0,16938,76.8515288919893,0.9804212399881341,0.8155459592843923,0.8904155721694618,13220,2990,264
Varecia_variegata,Saimiri_sciureus,same-order,1,2,3,110,56,54,32,0,16938,76.9271014998256,0.980440097799511,0.8163479333744602,0.8909011344127648,13233,2977,264
Varecia_variegata,Saimiri_sciureus,same-order,1,2,4,110,56,54,32,0,16938,76.9271014998256,0.980440097799511,0.8163479333744602,0.8909011344127648,13233,2977,264
Varecia_variegata,Saimiri_sciureus,same-order,2,2,1,220,27,193,41,16,16934,82.77910430376798,0.9835997508822919,0.8754080187226705,0.9263555787278415,14214,2023,237
Varecia_variegata,Saimiri_sciureus,same-order,2,2,2,220,161,59,34,1,16930,82.88277790724773,0.9838174273858921,0.8759852216748768,0.9267752442996743,14226,2014,234
Varecia_variegata,Saimiri_sciureus,same-order,2,2,3,220,161,59,34,1,16930,82.88277790724773,0.9838174273858921,0.8759852216748768,0.9267752442996743,14226,2014,234
Varecia_variegata,Saimiri_sciureus,same-order,2,1,1,220,31,189,47,15,16918,81.2328846938181,0.9827306689222528,0.8590794257193912,0.9167543398211468,13942,2287,245
Varecia_variegata,Saimiri_sciureus,same-order,2,1,2,220,138,82,44,2,16917,81.892884200711,0.9830698195046873,0.8656973878758009,0.9206577999082749,14052,2180,242
Varecia_variegata,Saimiri_sciureus,same-order,2,1,3,220,143,77,43,2,16925,82.45890171388598,0.9840684569361347,0.8707294552169899,0.9239361180966066,14145,2100,229
Varecia_variegata,Saimiri_sciureus,same-order,2,1,4,220,144,76,42,2,16926,82.49970852279351,0.9841446453407511,0.8711067339652837,0.9241820675243257,14152,2094,228
Varecia_variegata,Saimiri_sciureus,same-order,2,1,5,220,144,76,42,2,16926,82.49970852279351,0.9841446453407511,0.8711067339652837,0.9241820675243257,14152,2094,228
Varecia_variegata,Saimiri_sciureus,same-order,3,0,1,330,57,273,27,17,16926,88.23495066269632,0.9868738979951676,0.9286548270140724,0.9568796302159186,15112,1161,201
Varecia_variegata,Saimiri_sciureus,same-order,3,0,2,330,276,54,21,0,16924,88.2919708029197,0.9868807519091443,0.9291464388864991,0.9571437614736974,15120,1153,201
Varecia_variegata,Saimiri_sciureus,same-order,3,0,3,330,276,54,21,0,16924,88.2919708029197,0.9868807519091443,0.9291464388864991,0.9571437614736974,15120,1153,201
Varecia_variegata,Saimiri_sciureus,same-order,3,1,1,330,55,275,28,14,16918,87.3627015657864,0.9869315556728929,0.9187146719095601,0.9516021255608236,14953,1323,198
Varecia_variegata,Saimiri_sciureus,same-order,3,1,2,330,264,66,21,1,16918,87.36854405234868,0.9869324181626188,0.9187761120668468,0.9516354842815324,14954,1322,198
Varecia_variegata,Saimiri_sciureus,same-order,3,1,3,330,264,66,21,1,16918,87.36854405234868,0.9869324181626188,0.9187761120668468,0.9516354842815324,14954,1322,198
Varecia_variegata,Saimiri_sciureus,same-order,3,2,1,330,51,279,23,15,16909,89.93213993213993,0.9881090114410592,0.9437657314752287,0.9654284547995101,15373,916,185
Varecia_variegata,Saimiri_sciureus,same-order,3,2,2,330,284,46,10,0,16899,90.2774525872161,0.9881471040492056,0.9468352876174105,0.967050192808101,15423,866,185
Varecia_variegata,Saimiri_sciureus,same-order,3,2,3,330,286,44,9,0,16899,90.33598688831655,0.9881546933025995,0.9474491988458469,0.9673739304854734,15433,856,185
Varecia_variegata,Saimiri_sciureus,same-order,3,2,4,330,286,44,9,0,16899,90.33598688831655,0.9881546933025995,0.9474491988458469,0.9673739304854734,15433,856,185
Varecia_variegata,Saimiri_sciureus,same-order,4,0,1,440,70,370,22,11,16918,90.90270460133473,0.9895488146826409,0.952053954629062,0.9704393475407787,15528,782,164
Varecia_variegata,Saimiri_sciureus,same-order,4,0,2,440,387,53,11,0,16904,91.66861963909069,0.9896268184693232,0.9592887798896382,0.9742216687422167,15646,664,164
Varecia_variegata,Saimiri_sciureus,same-order,4,0,3,440,390,50,9,0,16904,91.75650339817201,0.9896366508688783,0.9602084610668301,0.9747004823401274,15661,649,164
Varecia_variegata,Saimiri_sciureus,same-order,4,0,4,440,390,50,9,0,16904,91.75650339817201,0.9896366508688783,0.9602084610668301,0.9747004823401274,15661,649,164
Varecia_variegata,Saimiri_sciureus,same-order,4,1,1,440,62,378,12,9,16914,91.85910209822998,0.9906453447948929,0.9600024500796276,0.9750832114971848,15673,653,148
Varecia_variegata,Saimiri_sciureus,same-order,4,1,2,440,394,46,5,0,16913,92.05790985288084,0.9906648164501072,0.9620237657723876,0.9761342448725916,15706,620,148
Varecia_variegata,Saimiri_sciureus,same-order,4,1,3,440,397,43,4,0,16914,92.19317782206072,0.9906789268169794,0.9634938135489404,0.9768972798410135,15730,596,148
Varecia_variegata,Saimiri_sciureus,same-order,4,1,4,440,397,43,4,0,16906,92.24228919901489,0.9906795138232887,0.96355506553963,0.976929048284428,15731,595,148
Varecia_variegata,Saimiri_sciureus,same-order,4,1,5,440,397,43,4,0,16906,92.24228919901489,0.9906795138232887,0.96355506553963,0.976929048284428,15731,595,148
Varecia_variegata,Saimiri_sciureus,same-order,4,2,1,440,75,365,18,13,16911,91.66666666666667,0.9903133903133903,0.9583971570369463,0.9740939095777805,15642,679,153
Varecia_variegata,Saimiri_sciureus,same-order,4,2,2,440,396,44,10,0,16904,91.85671571788708,0.9903293091460716,0.9599901966791251,0.974923775745131,15668,653,153
Varecia_variegata,Saimiri_sciureus,same-order,4,2,3,440,399,41,10,0,16899,92.0419892094769,0.9903457849570924,0.9616445070767723,0.9757841400105692,15695,626,153
Varecia_variegata,Saimiri_sciureus,same-order,4,2,4,440,400,40,9,0,16899,92.0478536242083,0.9903463940942646,0.9617057778322406,0.9758159776188996,15696,625,153
Varecia_variegata,Saimiri_sciureus,same-order,4,2,5,440,400,40,9,0,16899,92.0478536242083,0.9903463940942646,0.9617057778322406,0.9758159776188996,15696,625,153
Varecia_variegata,Saimiri_sciureus,same-order,5,0,1,550,92,458,9,7,16898,94.68641626991125,0.9929117357001972,0.9847178922917049,0.9887978393640856,16109,250,115
Varecia_variegata,Saimiri_sciureus,same-order,5,0,2,550,524,26,2,0,16896,94.81450996531248,0.9930418719211823,0.9856976957398692,0.9893561547191805,16127,234,113
Varecia_variegata,Saimiri_sciureus,same-order,5,0,3,550,524,26,2,0,16896,94.81450996531248,0.9930418719211823,0.9856976957398692,0.9893561547191805,16127,234,113
Varecia_variegata,Saimiri_sciureus,same-order,5,1,1,550,85,465,6,4,16903,92.49076733688962,0.9902096146604744,0.9669077092780978,0.9784199429492745,15778,540,156
Varecia_variegata,Saimiri_sciureus,same-order,5,1,2,550,474,76,2,0,16900,92.62343145303154,0.9903448275862069,0.9678921568627451,0.9789897737837,15796,524,154
Varecia_variegata,Saimiri_sciureus,same-order,5,1,3,550,474,76,2,0,16900,92.62343145303154,0.9903448275862069,0.9678921568627451,0.9789897737837,15796,524,154
Varecia_variegata,Saimiri_sciureus,same-order,5,2,1,550,91,459,17,12,16906,88.74152839448469,0.9863627508279759,0.933903098868667,0.9594163534725073,15189,1075,210
Varecia_variegata,Saimiri_sciureus,same-order,5,2,2,550,441,109,9,2,16898,93.49397590361446,0.9926989079563182,0.9725499786024332,0.9825211537273794,15908,449,117
Varecia_variegata,Saimiri_sciureus,same-order,5,2,3,550,515,35,5,0,16898,93.82716049382717,0.9930313588850174,0.9754308764209755,0.9841524326324228,15960,402,112
Varecia_variegata,Saimiri_sciureus,same-order,5,2,4,550,515,35,5,0,16898,93.82716049382717,0.9930313588850174,0.9754308764209755,0.9841524326324228,15960,402,112
Varecia_variegata,Saimiri_sciureus,same-order,6,0,1,659,98,561,7,6,16909,94.17390283970899,0.9916594587915483,0.9823734622681927,0.9869946195234435,16051,288,135
Varecia_variegata,Saimiri_sciureus,same-order,6,0,2,659,631,28,4,0,16906,94.19048177923831,0.9916594587915483,0.9823734622681927,0.9869946195234435,16051,288,135
Varecia_variegata,Saimiri_sciureus,same-order,6,0,3,659,631,28,4,0,16906,94.19048177923831,0.9916594587915483,0.9823734622681927,0.9869946195234435,16051,288,135
Varecia_variegata,Saimiri_sciureus,same-order,6,1,1,659,105,554,4,4,16896,95.45855638566975,0.993692590324556,0.9912039582188016,0.9924467141677625,16227,144,103
Varecia_variegata,Saimiri_sciureus,same-order,6,1,2,659,634,25,1,0,16895,95.46417225555948,0.993692590324556,0.9912039582188016,0.9924467141677625,16227,144,103
Varecia_variegata,Saimiri_sciureus,same-order,6,1,3,659,634,25,1,0,16895,95.46417225555948,0.993692590324556,0.9912039582188016,0.9924467141677625,16227,144,103
Varecia_variegata,Saimiri_sciureus,same-order,6,2,1,659,109,550,12,10,16902,94.93179680150517,0.9934777258183608,0.9864369501466276,0.9899448191293685,16146,222,106
Varecia_variegata,Saimiri_sciureus,same-order,6,2,2,659,642,17,1,0,16893,95.2817978585716,0.9935586773817557,0.9894312419817949,0.991490664217937,16196,173,105
Varecia_variegata,Saimiri_sciureus,same-order,6,2,3,659,642,17,1,0,16893,95.2817978585716,0.9935586773817557,0.9894312419817949,0.991490664217937,16196,173,105
Varecia_variegata,Saimiri_sciureus,same-order,7,0,1,769,125,644,4,4,16900,95.42433688172676,0.9936918177364037,0.9910817909718405,0.9923850882289977,16225,146,103
Varecia_variegata,Saimiri_sciureus,same-order,7,0,2,769,743,26,1,0,16897,95.44117647058823,0.9936918177364037,0.9910817909718405,0.9923850882289977,16225,146,103
Varecia_variegata,Saimiri_sciureus,same-order,7,0,3,769,743,26,1,0,16897,95.44117647058823,0.9936918177364037,0.9910817909718405,0.9923850882289977,16225,146,103
Varecia_variegata,Saimiri_sciureus,same-order,7,1,1,769,125,644,8,7,16903,93.60666314739868,0.9909344923936666,0.9774007839294464,0.9841211112138872,15959,369,146
Varecia_variegata,Saimiri_sciureus,same-order,7,1,2,769,701,68,2,0,16901,93.62351146829354,0.9909350552589097,0.9774620284174425,0.9841524326324228,15960,368,146
Varecia_variegata,Saimiri_sciureus,same-order,7,1,3,769,701,68,2,0,16901,93.62351146829354,0.9909350552589097,0.9774620284174425,0.9841524326324228,15960,368,146
Varecia_variegata,Saimiri_sciureus,same-order,8,0,1,879,137,742,7,7,16899,95.4240677567345,0.9936914313713481,0.9910207073483599,0.9923542724325647,16224,147,103
Varecia_variegata,Saimiri_sciureus,same-order,8,0,2,879,855,24,1,0,16895,95.4465231203671,0.9936914313713481,0.9910207073483599,0.9923542724325647,16224,147,103
Varecia_variegata,Saimiri_sciureus,same-order,8,0,3,879,855,24,1,0,16895,95.4465231203671,0.9936914313713481,0.9910207073483599,0.9923542724325647,16224,147,103
Varecia_variegata,Saimiri_sciureus,same-order,7,2,1,769,125,644,5,4,16903,90.22749868413358,0.9874551971326165,0.9477822828357292,0.967212087016488,15428,850,196
Varecia_variegata,Saimiri_sciureus,same-order,7,2,2,769,625,144,3,2,16895,95.43475703023886,0.9936906584992343,0.9908985401013988,0.9922926351847322,16222,149,103
Varecia_variegata,Saimiri_sciureus,same-order,7,2,3,769,755,14,1,0,16895,95.43475703023886,0.9936906584992343,0.9908985401013988,0.9922926351847322,16222,149,103
Varecia_variegata,Saimiri_sciureus,same-order,7,2,4,769,755,14,1,0,16895,95.43475703023886,0.9936906584992343,0.9908985401013988,0.9922926351847322,16222,149,103
Varecia_variegata,Saimiri_sciureus,same-order,8,1,1,879,149,730,8,8,16896,95.41818609575344,0.9935084818421214,0.9911412512218963,0.9923234547512004,16223,145,106
Varecia_variegata,Saimiri_sciureus,same-order,8,1,2,879,857,22,1,0,16895,95.46417225555948,0.993692590324556,0.9912039582188016,0.9924467141677625,16227,144,103
Varecia_variegata,Saimiri_sciureus,same-order,8,1,3,879,857,22,1,0,16895,95.46417225555948,0.993692590324556,0.9912039582188016,0.9924467141677625,16227,144,103
Varecia_variegata,Saimiri_sciureus,same-order,8,2,1,879,123,756,5,4,16905,89.98304192737267,0.9874229979466119,0.9453249784985871,0.9659155106396334,15388,890,196
Varecia_variegata,Saimiri_sciureus,same-order,8,2,2,879,734,145,3,2,16895,95.4465231203671,0.9936914313713481,0.9910207073483599,0.9923542724325647,16224,147,103
Varecia_variegata,Saimiri_sciureus,same-order,8,2,3,879,864,15,1,0,16895,95.4465231203671,0.9936914313713481,0.9910207073483599,0.9923542724325647,16224,147,103
Varecia_variegata,Saimiri_sciureus,same-order,8,2,4,879,864,15,1,0,16895,95.4465231203671,0.9936914313713481,0.9910207073483599,0.9923542724325647,16224,147,103
Varecia_variegata,Aotus_azarai,same-order,1,0,1,111,27,84,41,6,16949,77.88650839606254,0.9766918385129247,0.8285696685967722,0.8965540225288275,13451,2783,321
Varecia_variegata,Aotus_azarai,same-order,1,0,2,111,66,45,41,1,16942,78.40296691197774,0.9772481040086674,0.833128078817734,0.8994515539305302,13530,2710,315
Varecia_variegata,Aotus_azarai,same-order,1,0,3,111,66,45,41,1,16942,78.40296691197774,0.9772481040086674,0.833128078817734,0.8994515539305302,13530,2710,315
Varecia_variegata,Aotus_azarai,same-order,1,1,1,111,27,84,39,5,16947,76.47876716296854,0.9767665556788753,0.8128194076719414,0.8872832369942196,13201,3040,314
Varecia_variegata,Aotus_azarai,same-order,1,1,2,111,53,58,38,3,16946,76.82368619271105,0.9769378131447097,0.8163403521733776,0.8894479103776749,13259,2983,313
Varecia_variegata,Aotus_azarai,same-order,1,1,3,111,53,58,38,3,16946,76.82368619271105,0.9769378131447097,0.8163403521733776,0.8894479103776749,13259,2983,313
Varecia_variegata,Aotus_azarai,same-order,1,2,1,111,28,83,42,5,16943,77.76361529548088,0.9769269961423684,0.826579628033009,0.8954865396804217,13422,2816,317
Varecia_variegata,Aotus_azarai,same-order,1,2,2,111,60,51,39,1,16942,78.29991887820141,0.9771494685082074,0.8321325204753988,0.8988293202075296,13513,2726,316
Varecia_variegata,Aotus_azarai,same-order,1,2,3,111,61,50,39,1,16942,78.46795688955847,0.9771972867657671,0.8339183447256604,0.899890354520384,13542,2697,316
Varecia_variegata,Aotus_azarai,same-order,1,2,4,111,61,50,39,1,16942,78.46795688955847,0.9771972867657671,0.8339183447256604,0.899890354520384,13542,2697,316
Varecia_variegata,Aotus_azarai,same-order,2,0,1,221,54,167,38,17,16920,85.37549407114625,0.981031258348918,0.9027103435560199,0.9402426143456134,14688,1583,284
Varecia_variegata,Aotus_azarai,same-order,2,0,2,221,164,57,32,1,16913,85.66610455311972,0.9810868407032499,0.9054145412082847,0.9417329881420399,14732,1539,284
Varecia_variegata,Aotus_azarai,same-order,2,0,3,221,166,55,31,1,16918,85.7998488108391,0.9814420646534522,0.9065495207667732,0.9425103800702651,14755,1521,279
Varecia_variegata,Aotus_azarai,same-order,2,0,4,221,166,55,31,1,16918,85.7998488108391,0.9814420646534522,0.9065495207667732,0.9425103800702651,14755,1521,279
Varecia_variegata,Aotus_azarai,same-order,2,1,1,221,49,172,36,16,16923,86.83551673944687,0.9833838850059343,0.914800956879102,0.9478534430709586,14914,1389,252
Varecia_variegata,Aotus_azarai,same-order,2,1,2,221,183,38,21,0,16920,87.2859638905067,0.9835925707160202,0.9191659000306655,0.9502885042166002,14987,1318,250
Varecia_variegata,Aotus_azarai,same-order,2,1,3,221,185,36,20,0,16920,87.3900634865164,0.9836753425555629,0.9201520912547528,0.9508539560822585,15004,1302,249
Varecia_variegata,Aotus_azarai,same-order,2,1,4,221,185,36,20,0,16920,87.3900634865164,0.9836753425555629,0.9201520912547528,0.9508539560822585,15004,1302,249
Varecia_variegata,Aotus_azarai,same-order,2,2,1,221,67,154,42,16,16927,85.79231797315359,0.9812574770703177,0.9072697105635101,0.9428142661004503,14764,1509,282
Varecia_variegata,Aotus_azarai,same-order,2,2,2,221,168,53,23,3,16932,86.05718935255143,0.9818314435382269,0.9094650205761317,0.9442637586888591,14807,1474,274
Varecia_variegata,Aotus_azarai,same-order,2,2,3,221,168,53,23,3,16932,86.05718935255143,0.9818314435382269,0.9094650205761317,0.9442637586888591,14807,1474,274
Varecia_variegata,Aotus_azarai,same-order,3,0,1,332,82,250,27,15,16928,89.76093294460641,0.9857838114754098,0.9425090307965469,0.9636608344549125,15394,939,222
Varecia_variegata,Aotus_azarai,same-order,3,0,2,332,289,43,10,0,16920,90.13418903150524,0.9859595379411576,0.9457606366697275,0.9654418197725283,15449,886,220
Varecia_variegata,Aotus_azarai,same-order,3,0,3,332,289,43,10,0,16920,90.14585764294048,0.9859613298449365,0.9458830731558004,0.9655064675373367,15451,884,220
Varecia_variegata,Aotus_azarai,same-order,3,0,4,332,289,43,10,0,16920,90.14585764294048,0.9859613298449365,0.9458830731558004,0.9655064675373367,15451,884,220
Varecia_variegata,Aotus_azarai,same-order,3,1,1,332,87,245,28,12,16943,89.70656730321379,0.9851032542676299,0.9440019605440509,0.9641147576885775,15408,914,233
Varecia_variegata,Aotus_azarai,same-order,3,1,2,332,284,48,16,0,16937,90.28667987414055,0.9856870229007634,0.9488671157379057,0.9669266770670827,15495,835,225
Varecia_variegata,Aotus_azarai,same-order,3,1,3,332,288,44,14,0,16937,90.45510168405104,0.9857750682669715,0.9505235441797808,0.967828418230563,15523,808,224
Varecia_variegata,Aotus_azarai,same-order,3,1,4,332,288,44,14,0,16937,90.45510168405104,0.9857750682669715,0.9505235441797808,0.967828418230563,15523,808,224
Varecia_variegata,Aotus_azarai,same-order,3,2,1,332,86,246,27,17,16918,90.07526693506038,0.985886710517913,0.9451450961185258,0.9650861125871284,15438,896,221
Varecia_variegata,Aotus_azarai,same-order,3,2,2,332,294,38,10,0,16913,90.72971395213077,0.9862300907417983,0.9512792263434937,0.9684394180141447,15542,796,217
Varecia_variegata,Aotus_azarai,same-order,3,2,3,332,294,38,10,0,16913,90.72971395213077,0.9862300907417983,0.9512792263434937,0.9684394180141447,15542,796,217
Varecia_variegata,Aotus_azarai,same-order,4,0,1,442,120,322,26,12,16933,92.04299818893497,0.9884559884559885,0.9623724879359844,0.975239863819251,15755,616,184
Varecia_variegata,Aotus_azarai,same-order,4,0,2,442,419,23,12,0,16926,92.41476109714019,0.9891705790297339,0.9645952875106825,0.9767283740767067,15802,580,173
Varecia_variegata,Aotus_azarai,same-order,4,0,3,442,419,23,12,0,16926,92.41476109714019,0.9891705790297339,0.9645952875106825,0.9767283740767067,15802,580,173
Varecia_variegata,Aotus_azarai,same-order,4,1,1,442,125,317,24,11,16910,90.7164126817306,0.9862257204519487,0.9509731913330886,0.9682786987411193,15537,801,217
Varecia_variegata,Aotus_azarai,same-order,4,1,2,442,390,52,9,0,16906,91.0179291012089,0.9862675610682192,0.9539111274329783,0.9698195395146235,15585,753,217
Varecia_variegata,Aotus_azarai,same-order,4,1,3,442,390,52,9,0,16907,91.02376919932254,0.9863308441969371,0.9539139482220454,0.9698515914252824,15586,753,216
Varecia_variegata,Aotus_azarai,same-order,4,1,4,442,390,52,9,0,16907,91.02376919932254,0.9863308441969371,0.9539139482220454,0.9698515914252824,15586,753,216
Varecia_variegata,Aotus_azarai,same-order,4,2,1,442,137,305,27,16,16925,92.60081823495032,0.9884584191153534,0.9678680513133782,0.9780548782369827,15844,526,185
Varecia_variegata,Aotus_azarai,same-order,4,2,2,442,410,32,8,0,16921,93.39810371064029,0.9897661725485332,0.9736424649176327,0.9816381139851752,15958,432,165
Varecia_variegata,Aotus_azarai,same-order,4,2,3,442,410,32,8,0,16921,93.39810371064029,0.9897661725485332,0.9736424649176327,0.9816381139851752,15958,432,165
Varecia_variegata,Aotus_azarai,same-order,5,0,1,552,146,406,22,12,16927,93.68525779832622,0.9901039089559623,0.9763952424519671,0.9832017934465498,16008,387,160
Varecia_variegata,Aotus_azarai,same-order,5,0,2,552,529,23,3,0,16918,94.57069228066065,0.9904312089799423,0.984633209342033,0.987523698856339,16147,252,156
Varecia_variegata,Aotus_azarai,same-order,5,0,3,552,533,19,1,0,16916,94.62277413308341,0.9904353157572041,0.9850600646380877,0.9877403772661959,16154,245,156
Varecia_variegata,Aotus_azarai,same-order,5,0,4,552,533,19,1,0,16916,94.62277413308341,0.9904353157572041,0.9850600646380877,0.9877403772661959,16154,245,156
Varecia_variegata,Aotus_azarai,same-order,5,1,1,552,140,412,22,12,16933,90.97270818754373,0.9864053114132153,0.9547123623011016,0.9703001088477685,15600,740,215
Varecia_variegata,Aotus_azarai,same-order,5,1,2,552,477,75,6,0,16922,91.71677076644679,0.986872683876641,0.9612137526000245,0.9738742368363963,15712,634,209
Varecia_variegata,Aotus_azarai,same-order,5,1,3,552,483,69,4,0,16919,91.88463334890238,0.9868940866620681,0.9628043558057017,0.974700399467377,15738,608,209
Varecia_variegata,Aotus_azarai,same-order,5,1,4,552,483,69,4,0,16919,91.88463334890238,0.9868940866620681,0.9628043558057017,0.974700399467377,15738,608,209
Varecia_variegata,Aotus_azarai,same-order,5,2,1,552,147,405,16,9,16922,91.75660696575463,0.9862670094688656,0.9627815866797258,0.9743828020939814,15728,608,219
Varecia_variegata,Aotus_azarai,same-order,5,2,2,552,483,69,5,0,16914,92.13660245183888,0.9864991561972624,0.9659709896566497,0.976127156905189,15783,556,216
Varecia_variegata,Aotus_azarai,same-order,5,2,3,552,489,63,4,0,16906,92.3076923076923,0.9865784381047507,0.9671970624235006,0.9767916190240737,15804,536,215
Varecia_variegata,Aotus_azarai,same-order,5,2,4,552,489,63,4,0,16906,92.3076923076923,0.9865784381047507,0.9671970624235006,0.9767916190240737,15804,536,215
Varecia_variegata,Aotus_azarai,same-order,6,0,1,663,180,483,12,7,16925,94.71463729051916,0.9913523459061637,0.9847690995491654,0.9880497570219139,16164,250,141
Varecia_variegata,Aotus_azarai,same-order,6,0,2,663,638,25,3,0,16923,95.12952760520454,0.991508857666463,0.9887305068226121,0.9901177331787959,16231,185,139
Varecia_variegata,Aotus_azarai,same-order,6,0,3,663,645,18,1,0,16915,95.30287925878145,0.9915802318486883,0.9899494426509107,0.9907641661840462,16252,165,138
Varecia_variegata,Aotus_azarai,same-order,6,0,4,663,645,18,1,0,16915,95.30287925878145,0.9915802318486883,0.9899494426509107,0.9907641661840462,16252,165,138
Varecia_variegata,Aotus_azarai,same-order,6,2,1,663,196,467,11,6,16924,95.10723075120121,0.9913271849996946,0.9889112289039176,0.9901177331787958,16231,182,142
Varecia_variegata,Aotus_azarai,same-order,6,2,2,663,641,22,1,0,16915,95.42016067554096,0.9915904936014626,0.9911676920265579,0.9913790477350961,16272,145,138
Varecia_variegata,Aotus_azarai,same-order,6,2,3,663,641,22,1,0,16915,95.42016067554096,0.9915904936014626,0.9911676920265579,0.9913790477350961,16272,145,138
Varecia_variegata,Aotus_azarai,same-order,6,1,1,663,196,467,16,9,16926,93.36993983293416,0.9880694813624281,0.976897689768977,0.9824518270383232,15984,378,193
Varecia_variegata,Aotus_azarai,same-order,6,1,2,663,625,38,3,0,16921,93.73355936166482,0.9885333826521177,0.979595577005315,0.9840441853329241,16035,334,186
Varecia_variegata,Aotus_azarai,same-order,6,1,3,663,627,36,2,0,16913,93.90571996724763,0.9886090757958254,0.9808185705558949,0.9846984146453651,16056,314,185
Varecia_variegata,Aotus_azarai,same-order,6,1,4,663,627,36,2,0,16913,93.90571996724763,0.9886090757958254,0.9808185705558949,0.9846984146453651,16056,314,185
Varecia_variegata,Aotus_azarai,same-order,7,0,1,773,184,589,13,8,16928,95.01962852288041,0.9915015896307166,0.9878776803118908,0.989686317588185,16217,199,139
Varecia_variegata,Aotus_azarai,same-order,7,0,2,773,750,23,1,0,16915,95.39084032135108,0.9915879305089912,0.990863129682646,0.9912253975991714,16267,150,138
Varecia_variegata,Aotus_azarai,same-order,7,0,3,773,750,23,1,0,16915,95.39084032135108,0.9915879305089912,0.990863129682646,0.9912253975991714,16267,150,138
Varecia_variegata,Aotus_azarai,same-order,7,1,1,773,207,566,14,9,16923,94.96777973052139,0.9910135713412398,0.9879936616284739,0.9895013123359581,16211,197,147
Varecia_variegata,Aotus_azarai,same-order,7,1,2,773,746,27,1,0,16915,95.39670439218905,0.9915884432524686,0.9909240421514284,0.9912561313712945,16268,149,138
Varecia_variegata,Aotus_azarai,same-order,7,1,3,773,746,27,1,0,16915,95.39670439218905,0.9915884432524686,0.9909240421514284,0.9912561313712945,16268,149,138
Varecia_variegata,Aotus_azarai,same-order,8,0,1,883,220,663,13,7,16927,93.38316883723647,0.9878907698010626,0.9774436090225563,0.9826394223383007,15990,369,196
Varecia_variegata,Aotus_azarai,same-order,8,0,2,883,808,75,3,0,16913,93.69774919614147,0.988162032184475,0.9794658681170935,0.9837947332883187,16027,336,192
Varecia_variegata,Aotus_azarai,same-order,8,0,3,883,808,75,3,0,16913,93.69774919614147,0.988162032184475,0.9794658681170935,0.9837947332883187,16027,336,192
Varecia_variegata,Aotus_azarai,same-order,7,2,1,773,214,559,13,7,16925,94.86383601756954,0.9908245656961097,0.9873818957634868,0.9891002350929686,16198,207,150
Varecia_variegata,Aotus_azarai,same-order,7,2,2,773,751,22,2,0,16923,95.15911621637461,0.9914514257800574,0.9891562595187329,0.990302512808002,16237,178,140
Varecia_variegata,Aotus_azarai,same-order,7,2,3,773,752,21,1,0,16915,95.33247332004223,0.991522839543819,0.9903752436647173,0.9909487093530004,16258,158,139
Varecia_variegata,Aotus_azarai,same-order,7,2,4,773,752,21,1,0,16915,95.33247332004223,0.991522839543819,0.9903752436647173,0.9909487093530004,16258,158,139
Varecia_variegata,Aotus_azarai,same-order,8,1,1,883,205,678,13,8,16930,94.93381750029285,0.9911942762795817,0.9876911827432819,0.9894396288609448,16209,202,144
Varecia_variegata,Aotus_azarai,same-order,8,1,2,883,860,23,1,0,16915,95.44361695889286,0.9915925429511393,0.9914113419016872,0.9915019341476043,16276,141,138
Varecia_variegata,Aotus_azarai,same-order,8,1,3,883,860,23,1,0,16915,95.44361695889286,0.9915925429511393,0.9914113419016872,0.9915019341476043,16276,141,138
Varecia_variegata,Aotus_azarai,same-order,8,2,1,883,226,657,8,6,16922,95.20600128933951,0.9913950933723911,0.9897039112952358,0.9905487804878049,16245,169,141
Varecia_variegata,Aotus_azarai,same-order,8,2,2,883,861,22,1,0,16915,95.44361695889286,0.9915925429511393,0.9914113419016872,0.9915019341476043,16276,141,138
Varecia_variegata,Aotus_azarai,same-order,8,2,3,883,861,22,1,0,16915,95.44361695889286,0.9915925429511393,0.9914113419016872,0.9915019341476043,16276,141,138
