reference,target,divergence,depth,replicate,n_reads,theta_len,runtime_s,error,identity_pct,recall,precision,f1,c_theta,w_theta,u_t
Homo_sapiens,Gorilla_gorilla,same-family,1,1,110,0,0.7472002506256104,"no contig produced for gadc5b6f7; stdout tail:


-----------------------------------------------
NOVOPlasty: The Organelle Assembler
Version 4.3.5
Author: Nicolas Dierckxsens, (c) 2015-2024
-----------------------------------------------


Input parameters from the configuration file:   *** Verify i",nan,nan,nan,nan,0,0,0
Homo_sapiens,Gorilla_gorilla,same-family,1,0,110,0,0.7781403064727783,"no contig produced for gdac28661; stdout tail:


-----------------------------------------------
NOVOPlasty: The Organelle Assembler
Version 4.3.5
Author: Nicolas Dierckxsens, (c) 2015-2024
-----------------------------------------------


Input parameters from the configuration file:   *** Verify i",nan,nan,nan,nan,0,0,0
Homo_sapiens,Gorilla_gorilla,same-family,2,2,219,0,0.7645809650421143,"no contig produced for g368a5914; stdout tail:


-----------------------------------------------
NOVOPlasty: The Organelle Assembler
Version 4.3.5
Author: Nicolas Dierckxsens, (c) 2015-2024
-----------------------------------------------


Input parameters from the configuration file:   *** Verify i",nan,nan,nan,nan,0,0,0
Homo_sapiens,Gorilla_gorilla,same-family,3,0,328,0,0.7525572776794434,"no contig produced for gd946520f; stdout tail:


-----------------------------------------------
NOVOPlasty: The Organelle Assembler
Version 4.3.5
Author: Nicolas Dierckxsens, (c) 2015-2024
-----------------------------------------------


Input parameters from the configuration file:   *** Verify i",nan,nan,nan,nan,0,0,0
Homo_sapiens,Gorilla_gorilla,same-family,1,2,110,0,0.7873568534851074,"no contig produced for g34cce74d; stdout tail:


-----------------------------------------------
NOVOPlasty: The Organelle Assembler
Version 4.3.5
Author: Nicolas Dierckxsens, (c) 2015-2024
-----------------------------------------------


Input parameters from the configuration file:   *** Verify i",nan,nan,nan,nan,0,0,0
Homo_sapiens,Gorilla_gorilla,same-family,2,1,219,0,0.776909589767456,"no contig produced for gaf8308ae; stdout tail:


-----------------------------------------------
NOVOPlasty: The Organelle Assembler
Version 4.3.5
Author: Nicolas Dierckxsens, (c) 2015-2024
-----------------------------------------------


Input parameters from the configuration file:   *** Verify i",nan,nan,nan,nan,0,0,0
Homo_sapiens,Gorilla_gorilla,same-family,2,0,219,0,0.7914876937866211,"no contig produced for gd8843838; stdout tail:


-----------------------------------------------
NOVOPlasty: The Organelle Assembler
Version 4.3.5
Author: Nicolas Dierckxsens, (c) 2015-2024
-----------------------------------------------


Input parameters from the configuration file:   *** Verify i",nan,nan,nan,nan,0,0,0
Homo_sapiens,Gorilla_gorilla,same-family,4,0,437,0,0.777503252029419,"no contig produced for gdc09448a; stdout tail:


-----------------------------------------------
NOVOPlasty: The Organelle Assembler
Version 4.3.5
Author: Nicolas Dierckxsens, (c) 2015-2024
-----------------------------------------------


Input parameters from the configuration file:   *** Verify i",nan,nan,nan,nan,0,0,0
Homo_sapiens,Gorilla_gorilla,same-family,3,1,328,0,0.7884972095489502,"no contig produced for gae416299; stdout tail:


-----------------------------------------------
NOVOPlasty: The Organelle Assembler
Version 4.3.5
Author: Nicolas Dierckxsens, (c) 2015-2024
-----------------------------------------------


Input parameters from the configuration file:   *** Verify i",nan,nan,nan,nan,0,0,0
Homo_sapiens,Gorilla_gorilla,same-family,3,2,328,0,0.7942960262298584,"no contig produced for g37483323; stdout tail:


-----------------------------------------------
NOVOPlasty: The Organelle Assembler
Version 4.3.5
Author: Nicolas Dierckxsens, (c) 2015-2024
-----------------------------------------------


Input parameters from the configuration file:   *** Verify i",nan,nan,nan,nan,0,0,0
Homo_sapiens,Gorilla_gorilla,same-family,4,1,437,0,0.7865028381347656,"no contig produced for gab0e741c; stdout tail:


-----------------------------------------------
NOVOPlasty: The Organelle Assembler
Version 4.3.5
Author: Nicolas Dierckxsens, (c) 2015-2024
-----------------------------------------------


Input parameters from the configuration file:   *** Verify i",nan,nan,nan,nan,0,0,0
Homo_sapiens,Gorilla_gorilla,same-family,4,2,437,0,0.8148071765899658,"no contig produced for g320725a6; stdout tail:


-----------------------------------------------
NOVOPlasty: The Organelle Assembler
Version 4.3.5
Author: Nicolas Dierckxsens, (c) 2015-2024
-----------------------------------------------


Input parameters from the configuration file:   *** Verify i",nan,nan,nan,nan,0,0,0
Homo_sapiens,Gorilla_gorilla,same-family,5,1,546,0,0.7979111671447754,"no contig produced for gaacc1e2b; stdout tail:


-----------------------------------------------
NOVOPlasty: The Organelle Assembler
Version 4.3.5
Author: Nicolas Dierckxsens, (c) 2015-2024
-----------------------------------------------


Input parameters from the configuration file:   *** Verify i",nan,nan,nan,nan,0,0,0
Homo_sapiens,Gorilla_gorilla,same-family,6,0,655,0,0.9011619091033936,"no contig produced for gdf8d90e4; stdout tail:


-----------------------------------------------
NOVOPlasty: The Organelle Assembler
Version 4.3.5
Author: Nicolas Dierckxsens, (c) 2015-2024
-----------------------------------------------


Input parameters from the configuration file:   *** Verify i",nan,nan,nan,nan,0,0,0
Homo_sapiens,Gorilla_gorilla,same-family,6,2,655,253,17.91411852836609,,1.5460767538499145,0.015460767538499145,1.0,0.030450743214780043,253,0,16111
Homo_sapiens,Gorilla_gorilla,same-family,7,1,764,282,31.82060480117798,,1.723295037888047,0.01723295037888047,1.0,0.033882013696984264,282,0,16082
Homo_sapiens,Gorilla_gorilla,same-family,5,0,546,559,81.39524412155151,,3.416035199217795,0.03416035199217795,1.0,0.06606393665425751,559,0,15805
Homo_sapiens,Gorilla_gorilla,same-family,8,1,873,756,82.7589967250824,,4.619897335614764,0.04619897335614764,1.0,0.0883177570093458,756,0,15608
Homo_sapiens,Gorilla_gorilla,same-family,5,2,546,1060,119.23949432373047,,6.477633830359325,0.06477633830359325,1.0,0.12167125803489438,1060,0,15304
Homo_sapiens,Gorilla_gorilla,same-family,10,2,1091,3355,157.21933722496033,,20.50232217061843,0.2050232217061843,1.0,0.3402809473097013,3355,0,13009
Homo_sapiens,Gorilla_gorilla,same-family,6,1,655,1078,164.27060198783875,,6.587631385969201,0.065876313859692,1.0,0.12360967778924434,1078,0,15286
Homo_sapiens,Gorilla_gorilla,same-family,7,0,764,1698,175.89791655540466,,10.37643607919824,0.1037643607919824,1.0,0.18801904550991028,1698,0,14666
Homo_sapiens,Gorilla_gorilla,same-family,7,2,764,1458,180.93498468399048,,8.909802004399902,0.08909802004399903,1.0,0.1636180002244417,1458,0,14906
Homo_sapiens,Gorilla_gorilla,same-family,8,0,873,2358,200.60114192962646,,14.409679784893669,0.1440967978489367,1.0,0.25189616493964323,2358,0,14006
Homo_sapiens,Gorilla_gorilla,same-family,8,2,873,2569,250.7819263935089,,15.699095575653875,0.15699095575653874,1.0,0.271378017218613,2569,0,13795
Homo_sapiens,Gorilla_gorilla,same-family,10,0,1091,5168,270.18570733070374,,31.58152041065754,0.31581520410657543,1.0,0.4800297232026751,5168,0,11196
Homo_sapiens,Saimiri_boliviensis,same-order,1,0,110,0,132.1294515132904,"no contig produced for g2c6a6400; stdout tail:


-----------------------------------------------
NOVOPlasty: The Organelle Assembler
Version 4.3.5
Author: Nicolas Dierckxsens, (c) 2015-2024
-----------------------------------------------


Input parameters from the configuration file:   *** Verify i",nan,nan,nan,nan,0,0,0
Homo_sapiens,Saimiri_boliviensis,same-order,1,1,110,0,137.67996668815613,"no contig produced for g5b6d5496; stdout tail:


-----------------------------------------------
NOVOPlasty: The Organelle Assembler
Version 4.3.5
Author: Nicolas Dierckxsens, (c) 2015-2024
-----------------------------------------------


Input parameters from the configuration file:   *** Verify i",nan,nan,nan,nan,0,0,0
Homo_sapiens,Saimiri_boliviensis,same-order,1,2,110,0,134.12085676193237,"no contig produced for gc264052c; stdout tail:


-----------------------------------------------
NOVOPlasty: The Organelle Assembler
Version 4.3.5
Author: Nicolas Dierckxsens, (c) 2015-2024
-----------------------------------------------


Input parameters from the configuration file:   *** Verify i",nan,nan,nan,nan,0,0,0
Homo_sapiens,Gorilla_gorilla,same-family,10,1,1091,6030,391.97378754615784,,36.849181129308235,0.3684918112930824,1.0,0.5385371081539698,6030,0,10334
Homo_sapiens,Saimiri_boliviensis,same-order,2,0,220,0,142.3865451812744,"no contig produced for g2e2cda59; stdout tail:


-----------------------------------------------
NOVOPlasty: The Organelle Assembler
Version 4.3.5
Author: Nicolas Dierckxsens, (c) 2015-2024
-----------------------------------------------


Input parameters from the configuration file:   *** Verify i",nan,nan,nan,nan,0,0,0
Homo_sapiens,Saimiri_boliviensis,same-order,2,1,220,0,139.73742532730103,"no contig produced for g592beacf; stdout tail:


-----------------------------------------------
NOVOPlasty: The Organelle Assembler
Version 4.3.5
Author: Nicolas Dierckxsens, (c) 2015-2024
-----------------------------------------------


Input parameters from the configuration file:   *** Verify i",nan,nan,nan,nan,0,0,0
Homo_sapiens,Saimiri_boliviensis,same-order,2,2,220,0,134.56405234336853,"no contig produced for gc022bb75; stdout tail:


-----------------------------------------------
NOVOPlasty: The Organelle Assembler
Version 4.3.5
Author: Nicolas Dierckxsens, (c) 2015-2024
-----------------------------------------------


Input parameters from the configuration file:   *** Verify i",nan,nan,nan,nan,0,0,0
Homo_sapiens,Gorilla_gorilla,same-family,15,2,1637,16316,472.4300057888031,,99.70667318504033,0.9970667318504033,1.0,0.998531211750306,16316,0,48
Homo_sapiens,Saimiri_boliviensis,same-order,3,0,330,0,142.98189735412598,"no contig produced for g2feeb06e; stdout tail:


-----------------------------------------------
NOVOPlasty: The Organelle Assembler
Version 4.3.5
Author: Nicolas Dierckxsens, (c) 2015-2024
-----------------------------------------------


Input parameters from the configuration file:   *** Verify i",nan,nan,nan,nan,0,0,0
Homo_sapiens,Saimiri_boliviensis,same-order,3,1,330,0,138.8146321773529,"no contig produced for g58e980f8; stdout tail:


-----------------------------------------------
NOVOPlasty: The Organelle Assembler
Version 4.3.5
Author: Nicolas Dierckxsens, (c) 2015-2024
-----------------------------------------------


Input parameters from the configuration file:   *** Verify i",nan,nan,nan,nan,0,0,0
Homo_sapiens,Gorilla_gorilla,same-family,15,0,1637,16341,532.6256191730499,,99.85944756783182,0.9985944756783183,1.0,0.9992967436171839,16341,0,23
Homo_sapiens,Saimiri_boliviensis,same-order,3,2,330,0,139.7634470462799,"no contig produced for gc1e0d142; stdout tail:


-----------------------------------------------
NOVOPlasty: The Organelle Assembler
Version 4.3.5
Author: Nicolas Dierckxsens, (c) 2015-2024
-----------------------------------------------


Input parameters from the configuration file:   *** Verify i",nan,nan,nan,nan,0,0,0
Homo_sapiens,Gorilla_gorilla,same-family,20,0,2182,16330,471.9223506450653,,99.79222683940357,0.9979222683940356,1.0,0.9989600538325075,16330,0,34
Homo_sapiens,Gorilla_gorilla,same-family,20,2,2182,16348,450.8045144081116,,99.90222439501345,0.9990222439501344,1.0,0.9995108828564441,16348,0,16
Homo_sapiens,Saimiri_boliviensis,same-order,4,0,440,0,137.60224318504333,"no contig produced for g2aa1a6eb; stdout tail:


-----------------------------------------------
NOVOPlasty: The Organelle Assembler
Version 4.3.5
Author: Nicolas Dierckxsens, (c) 2015-2024
-----------------------------------------------


Input parameters from the configuration file:   *** Verify i",nan,nan,nan,nan,0,0,0
Homo_sapiens,Saimiri_boliviensis,same-order,6,1,659,552,51.88222646713257,,3.351344787808876,0.03351344787808876,1.0,0.06485343358984903,552,0,15919
Homo_sapiens,Saimiri_boliviensis,same-order,4,1,440,0,137.1212170124054,"no contig produced for g5da6967d; stdout tail:


-----------------------------------------------
NOVOPlasty: The Organelle Assembler
Version 4.3.5
Author: Nicolas Dierckxsens, (c) 2015-2024
-----------------------------------------------


Input parameters from the configuration file:   *** Verify i",nan,nan,nan,nan,0,0,0
Homo_sapiens,Gorilla_gorilla,same-family,30,2,3273,16340,441.98273372650146,,99.85333659252017,0.9985333659252017,1.0,0.9992661448140899,16340,0,24
Homo_sapiens,Gorilla_gorilla,same-family,30,1,3273,16357,456.59857201576233,,99.95722317281839,0.9995722317281838,1.0,0.9997860701078817,16357,0,7
Homo_sapiens,Gorilla_gorilla,same-family,30,0,3273,16358,464.08700942993164,,99.96333414813004,0.9996333414813005,1.0,0.9998166371248702,16358,0,6
Homo_sapiens,Saimiri_boliviensis,same-order,6,2,659,668,54.135671854019165,,4.055612895391901,0.04055612895391901,1.0,0.07795087227959625,668,0,15803
Homo_sapiens,Saimiri_boliviensis,same-order,4,2,440,0,142.4007647037506,"no contig produced for gc4afc7c7; stdout tail:


-----------------------------------------------
NOVOPlasty: The Organelle Assembler
Version 4.3.5
Author: Nicolas Dierckxsens, (c) 2015-2024
-----------------------------------------------


Input parameters from the configuration file:   *** Verify i",nan,nan,nan,nan,0,0,0
Homo_sapiens,Saimiri_boliviensis,same-order,8,1,879,233,37.837812662124634,,1.4146074919555582,0.014146074919555583,1.0,0.02789750957854406,233,0,16238
Homo_sapiens,Saimiri_boliviensis,same-order,5,1,550,0,140.09872698783875,"no contig produced for g5c64fc4a; stdout tail:


-----------------------------------------------
NOVOPlasty: The Organelle Assembler
Version 4.3.5
Author: Nicolas Dierckxsens, (c) 2015-2024
-----------------------------------------------


Input parameters from the configuration file:   *** Verify i",nan,nan,nan,nan,0,0,0
Homo_sapiens,Saimiri_boliviensis,same-order,5,0,550,244,151.64896845817566,,1.4813915366401553,0.014813915366401554,1.0,0.02919533353275501,244,0,16227
Homo_sapiens,Saimiri_boliviensis,same-order,5,2,550,0,147.25841784477234,"no contig produced for gc56dadf0; stdout tail:


-----------------------------------------------
NOVOPlasty: The Organelle Assembler
Version 4.3.5
Author: Nicolas Dierckxsens, (c) 2015-2024
-----------------------------------------------


Input parameters from the configuration file:   *** Verify i",nan,nan,nan,nan,0,0,0
Homo_sapiens,Saimiri_boliviensis,same-order,7,1,769,550,93.91809368133545,,3.3392022342298584,0.033392022342298586,1.0,0.06462605017331532,550,0,15921
Homo_sapiens,Saimiri_boliviensis,same-order,6,0,659,0,148.99810004234314,"no contig produced for g29257285; stdout tail:


-----------------------------------------------
NOVOPlasty: The Organelle Assembler
Version 4.3.5
Author: Nicolas Dierckxsens, (c) 2015-2024
-----------------------------------------------


Input parameters from the configuration file:   *** Verify i",nan,nan,nan,nan,0,0,0
Homo_sapiens,Saimiri_boliviensis,same-order,8,0,879,650,95.64657974243164,,3.946329913180742,0.03946329913180742,1.0,0.07593014426727411,650,0,15821
Homo_sapiens,Saimiri_boliviensis,same-order,10,2,1099,2735,171.27137398719788,,16.60494201930666,0.1660494201930666,1.0,0.28480683119858374,2735,0,13736
Homo_sapiens,Gorilla_gorilla,same-family,15,1,1637,16331,903.6317527294159,,99.79833781471523,0.9979833781471523,1.0,0.9989906713564766,16331,0,33
Homo_sapiens,Saimiri_boliviensis,same-order,7,2,769,1276,311.8957223892212,,7.746949183413272,0.07746949183413272,1.0,0.1437989519355384,1276,0,15195
Homo_sapiens,Saimiri_boliviensis,same-order,7,0,769,0,346.6230483055115,"no contig produced for g28e718b2; stdout tail:


-----------------------------------------------
NOVOPlasty: The Organelle Assembler
Version 4.3.5
Author: Nicolas Dierckxsens, (c) 2015-2024
-----------------------------------------------


Input parameters from the configuration file:   *** Verify i",nan,nan,nan,nan,0,0,0
Homo_sapiens,Saimiri_boliviensis,same-order,10,1,1099,3750,302.5237319469452,,22.767287960658127,0.22767287960658125,1.0,0.3709015380050443,3750,0,12721
Homo_sapiens,Saimiri_boliviensis,same-order,8,2,879,2301,372.2863702774048,,13.970007892659826,0.13970007892659828,1.0,0.24515235457063714,2301,0,14170
Homo_sapiens,Gorilla_gorilla,same-family,20,1,2182,16334,932.580235004425,,99.81667074065021,0.998166707406502,1.0,0.9990825126919077,16334,0,30
Homo_sapiens,Saimiri_sciureus,same-order,1,0,110,0,284.9759373664856,"no contig produced for g8f7ff6f2; stdout tail:


-----------------------------------------------
NOVOPlasty: The Organelle Assembler
Version 4.3.5
Author: Nicolas Dierckxsens, (c) 2015-2024
-----------------------------------------------


Input parameters from the configuration file:   *** Verify i",nan,nan,nan,nan,0,0,0
Homo_sapiens,Saimiri_sciureus,same-order,1,1,110,0,302.6909976005554,"no contig produced for gf878c664; stdout tail:


-----------------------------------------------
NOVOPlasty: The Organelle Assembler
Version 4.3.5
Author: Nicolas Dierckxsens, (c) 2015-2024
-----------------------------------------------


Input parameters from the configuration file:   *** Verify i",nan,nan,nan,nan,0,0,0
Homo_sapiens,Saimiri_sciureus,same-order,1,2,110,0,308.24881649017334,"no contig produced for g617197de; stdout tail:


-----------------------------------------------
NOVOPlasty: The Organelle Assembler
Version 4.3.5
Author: Nicolas Dierckxsens, (c) 2015-2024
-----------------------------------------------


Input parameters from the configuration file:   *** Verify i",nan,nan,nan,nan,0,0,0
Homo_sapiens,Saimiri_sciureus,same-order,2,0,220,0,324.51755833625793,"no contig produced for g8d3948ab; stdout tail:


-----------------------------------------------
NOVOPlasty: The Organelle Assembler
Version 4.3.5
Author: Nicolas Dierckxsens, (c) 2015-2024
-----------------------------------------------


Input parameters from the configuration file:   *** Verify i",nan,nan,nan,nan,0,0,0
Homo_sapiens,Saimiri_sciureus,same-order,2,1,220,0,397.7440576553345,"no contig produced for gfa3e783d; stdout tail:


-----------------------------------------------
NOVOPlasty: The Organelle Assembler
Version 4.3.5
Author: Nicolas Dierckxsens, (c) 2015-2024
-----------------------------------------------


Input parameters from the configuration file:   *** Verify i",nan,nan,nan,nan,0,0,0
Homo_sapiens,Saimiri_sciureus,same-order,2,2,220,0,429.640753030777,"no contig produced for g63372987; stdout tail:


-----------------------------------------------
NOVOPlasty: The Organelle Assembler
Version 4.3.5
Author: Nicolas Dierckxsens, (c) 2015-2024
-----------------------------------------------


Input parameters from the configuration file:   *** Verify i",nan,nan,nan,nan,0,0,0
Homo_sapiens,Saimiri_sciureus,same-order,3,0,330,0,439.6725227832794,"no contig produced for g8cfb229c; stdout tail:


-----------------------------------------------
NOVOPlasty: The Organelle Assembler
Version 4.3.5
Author: Nicolas Dierckxsens, (c) 2015-2024
-----------------------------------------------


Input parameters from the configuration file:   *** Verify i",nan,nan,nan,nan,0,0,0
Homo_sapiens,Saimiri_sciureus,same-order,3,1,330,0,485.646612405777,"no contig produced for gfbfc120a; stdout tail:


-----------------------------------------------
NOVOPlasty: The Organelle Assembler
Version 4.3.5
Author: Nicolas Dierckxsens, (c) 2015-2024
-----------------------------------------------


Input parameters from the configuration file:   *** Verify i",nan,nan,nan,nan,0,0,0
Homo_sapiens,Saimiri_boliviensis,same-order,15,2,1648,10831,1380.6405937671661,,65.75799890717018,0.6575799890717018,1.0,0.7934217273459819,10831,0,5640
Homo_sapiens,Saimiri_sciureus,same-order,3,2,330,0,599.4499988555908,"no contig produced for g62f543b0; stdout tail:


-----------------------------------------------
NOVOPlasty: The Organelle Assembler
Version 4.3.5
Author: Nicolas Dierckxsens, (c) 2015-2024
-----------------------------------------------


Input parameters from the configuration file:   *** Verify i",nan,nan,nan,nan,0,0,0
Homo_sapiens,Saimiri_boliviensis,same-order,10,0,1099,7029,1622.3720507621765,,42.67500455345759,0.4267500455345759,1.0,0.5982127659574468,7029,0,9442
Homo_sapiens,Saimiri_sciureus,same-order,4,0,440,0,567.1375513076782,"no contig produced for g89b43419; stdout tail:


-----------------------------------------------
NOVOPlasty: The Organelle Assembler
Version 4.3.5
Author: Nicolas Dierckxsens, (c) 2015-2024
-----------------------------------------------


Input parameters from the configuration file:   *** Verify i",nan,nan,nan,nan,0,0,0
Homo_sapiens,Saimiri_sciureus,same-order,4,1,440,0,534.5861530303955,"no contig produced for gfeb3048f; stdout tail:


-----------------------------------------------
NOVOPlasty: The Organelle Assembler
Version 4.3.5
Author: Nicolas Dierckxsens, (c) 2015-2024
-----------------------------------------------


Input parameters from the configuration file:   *** Verify i",nan,nan,nan,nan,0,0,0
Homo_sapiens,Saimiri_sciureus,same-order,4,2,440,0,482.1085557937622,"no contig produced for g67ba5535; stdout tail:


-----------------------------------------------
NOVOPlasty: The Organelle Assembler
Version 4.3.5
Author: Nicolas Dierckxsens, (c) 2015-2024
-----------------------------------------------


Input parameters from the configuration file:   *** Verify i",nan,nan,nan,nan,0,0,0
Homo_sapiens,Saimiri_sciureus,same-order,5,0,550,950,290.8202977180481,,5.766662619885881,0.05766662619885881,1.0,0.10904499540863179,950,0,15524
Homo_sapiens,Saimiri_sciureus,same-order,5,1,550,0,227.69105434417725,"no contig produced for gff716eb8; stdout tail:


-----------------------------------------------
NOVOPlasty: The Organelle Assembler
Version 4.3.5
Author: Nicolas Dierckxsens, (c) 2015-2024
-----------------------------------------------


Input parameters from the configuration file:   *** Verify i",nan,nan,nan,nan,0,0,0
Homo_sapiens,Saimiri_sciureus,same-order,6,0,659,0,215.29173231124878,"no contig produced for g8a30e077; stdout tail:


-----------------------------------------------
NOVOPlasty: The Organelle Assembler
Version 4.3.5
Author: Nicolas Dierckxsens, (c) 2015-2024
-----------------------------------------------


Input parameters from the configuration file:   *** Verify i",nan,nan,nan,nan,0,0,0
Homo_sapiens,Saimiri_sciureus,same-order,5,2,550,0,221.02836799621582,"no contig produced for g66783f02; stdout tail:


-----------------------------------------------
NOVOPlasty: The Organelle Assembler
Version 4.3.5
Author: Nicolas Dierckxsens, (c) 2015-2024
-----------------------------------------------


Input parameters from the configuration file:   *** Verify i",nan,nan,nan,nan,0,0,0
Homo_sapiens,Saimiri_boliviensis,same-order,15,1,1648,16405,1788.8737757205963,,99.59929573189241,0.9959929573189241,1.0,0.9979924565032242,16405,0,66
Homo_sapiens,Saimiri_boliviensis,same-order,15,0,1648,16397,725.2700967788696,,99.55072551757635,0.9955072551757634,1.0,0.9977485700377265,16397,0,74
Homo_sapiens,Saimiri_sciureus,same-order,6,1,659,0,215.32952213287354,"no contig produced for gfd37d0e1; stdout tail:


-----------------------------------------------
NOVOPlasty: The Organelle Assembler
Version 4.3.5
Author: Nicolas Dierckxsens, (c) 2015-2024
-----------------------------------------------


Input parameters from the configuration file:   *** Verify i",nan,nan,nan,nan,0,0,0
Homo_sapiens,Saimiri_boliviensis,same-order,20,0,2197,16446,644.1635646820068,,99.84821808026228,0.9984821808026227,1.0,0.9992405140201112,16446,0,25
Homo_sapiens,Saimiri_boliviensis,same-order,20,1,2197,16442,653.8895573616028,,99.82393297310425,0.9982393297310425,1.0,0.9991188891927203,16442,0,29
Homo_sapiens,Saimiri_boliviensis,same-order,20,2,2197,16436,697.2178499698639,,99.78750531236719,0.9978750531236719,1.0,0.9989363965113806,16436,0,35
Homo_sapiens,Saimiri_sciureus,same-order,6,2,659,0,206.83135795593262,"no contig produced for g643e815b; stdout tail:


-----------------------------------------------
NOVOPlasty: The Organelle Assembler
Version 4.3.5
Author: Nicolas Dierckxsens, (c) 2015-2024
-----------------------------------------------


Input parameters from the configuration file:   *** Verify i",nan,nan,nan,nan,0,0,0
Homo_sapiens,Saimiri_sciureus,same-order,7,0,769,1151,162.92932558059692,,6.986767026830156,0.06986767026830157,1.0,0.13060992907801416,1151,0,15323
Homo_sapiens,Saimiri_sciureus,same-order,8,1,879,856,82.59343695640564,,5.19606652907612,0.051960665290761196,1.0,0.09878822850548181,856,0,15618
Homo_sapiens,Saimiri_sciureus,same-order,10,2,1099,812,84.42896270751953,,4.928978997207722,0.04928978997207721,1.0,0.09394886034941571,812,0,15662
Homo_sapiens,Saimiri_sciureus,same-order,7,1,769,2327,144.71842765808105,,14.125288333130994,0.14125288333130995,1.0,0.24754002446678366,2327,0,14147
Homo_sapiens,Saimiri_sciureus,same-order,10,1,1099,1315,104.61978363990784,,7.982275100157825,0.07982275100157825,1.0,0.147844173365563,1315,0,15159
Homo_sapiens,Saimiri_sciureus,same-order,7,2,769,956,142.36575198173523,,5.803083646958844,0.05803083646958844,1.0,0.10969592656339643,956,0,15518
Homo_sapiens,Saimiri_sciureus,same-order,8,2,879,0,157.31437182426453,"no contig produced for g6ea0ac51; stdout tail:


-----------------------------------------------
NOVOPlasty: The Organelle Assembler
Version 4.3.5
Author: Nicolas Dierckxsens, (c) 2015-2024
-----------------------------------------------


Input parameters from the configuration file:   *** Verify i",nan,nan,nan,nan,0,0,0
Homo_sapiens,Saimiri_sciureus,same-order,10,0,1099,2689,139.3054895401001,,16.322690299866455,0.16322690299866457,1.0,0.28064499295517403,2689,0,13785
Homo_sapiens,Saimiri_boliviensis,same-order,30,0,3295,16435,1802.285453081131,,99.78143403557767,0.9978143403557769,1.0,0.998905974594299,16435,0,36
Homo_sapiens,Saimiri_sciureus,same-order,8,0,879,2625,212.60670280456543,,15.934199344421513,0.15934199344421512,1.0,0.27488350175401854,2625,0,13849
Homo_sapiens,Saimiri_boliviensis,same-order,30,1,3295,16455,1765.3497529029846,,99.90285957136786,0.9990285957136786,1.0,0.9995140618356314,16455,0,16
Homo_sapiens,Saimiri_boliviensis,same-order,30,2,3295,16447,1768.6068358421326,,99.85428935705178,0.9985428935705178,1.0,0.9992709156084817,16447,0,24
Homo_sapiens,Aotus_azarai,same-order,1,0,111,0,117.73090505599976,"no contig produced for g5c163b5b; stdout tail:


-----------------------------------------------
NOVOPlasty: The Organelle Assembler
Version 4.3.5
Author: Nicolas Dierckxsens, (c) 2015-2024
-----------------------------------------------


Input parameters from the configuration file:   *** Verify i",nan,nan,nan,nan,0,0,0
Homo_sapiens,Aotus_azarai,same-order,1,1,111,0,116.49666619300842,"no contig produced for g2b110bcd; stdout tail:


-----------------------------------------------
NOVOPlasty: The Organelle Assembler
Version 4.3.5
Author: Nicolas Dierckxsens, (c) 2015-2024
-----------------------------------------------


Input parameters from the configuration file:   *** Verify i",nan,nan,nan,nan,0,0,0
Homo_sapiens,Saimiri_sciureus,same-order,15,0,1648,5842,243.9696228504181,,35.46194002670875,0.35461940026708755,1.0,0.5235705323534684,5842,0,10632
Homo_sapiens,Aotus_azarai,same-order,1,2,111,0,117.39418339729309,"no contig produced for gb2185a77; stdout tail:


-----------------------------------------------
NOVOPlasty: The Organelle Assembler
Version 4.3.5
Author: Nicolas Dierckxsens, (c) 2015-2024
-----------------------------------------------


Input parameters from the configuration file:   *** Verify i",nan,nan,nan,nan,0,0,0
Homo_sapiens,Aotus_azarai,same-order,2,0,221,0,116.09292578697205,"no contig produced for g5e508502; stdout tail:


-----------------------------------------------
NOVOPlasty: The Organelle Assembler
Version 4.3.5
Author: Nicolas Dierckxsens, (c) 2015-2024
-----------------------------------------------


Input parameters from the configuration file:   *** Verify i",nan,nan,nan,nan,0,0,0
Homo_sapiens,Aotus_azarai,same-order,2,1,221,0,117.03542304039001,"no contig produced for g2957b594; stdout tail:


-----------------------------------------------
NOVOPlasty: The Organelle Assembler
Version 4.3.5
Author: Nicolas Dierckxsens, (c) 2015-2024
-----------------------------------------------


Input parameters from the configuration file:   *** Verify i",nan,nan,nan,nan,0,0,0
Homo_sapiens,Aotus_azarai,same-order,2,2,221,0,116.34885382652283,"no contig produced for gb05ee42e; stdout tail:


-----------------------------------------------
NOVOPlasty: The Organelle Assembler
Version 4.3.5
Author: Nicolas Dierckxsens, (c) 2015-2024
-----------------------------------------------


Input parameters from the configuration file:   *** Verify i",nan,nan,nan,nan,0,0,0
Homo_sapiens,Aotus_azarai,same-order,3,0,332,0,119.52398347854614,"no contig produced for g5f92ef35; stdout tail:


-----------------------------------------------
NOVOPlasty: The Organelle Assembler
Version 4.3.5
Author: Nicolas Dierckxsens, (c) 2015-2024
-----------------------------------------------


Input parameters from the configuration file:   *** Verify i",nan,nan,nan,nan,0,0,0
Homo_sapiens,Aotus_azarai,same-order,3,1,332,0,120.95609664916992,"no contig produced for g2895dfa3; stdout tail:


-----------------------------------------------
NOVOPlasty: The Organelle Assembler
Version 4.3.5
Author: Nicolas Dierckxsens, (c) 2015-2024
-----------------------------------------------


Input parameters from the configuration file:   *** Verify i",nan,nan,nan,nan,0,0,0
Homo_sapiens,Aotus_azarai,same-order,3,2,332,0,123.72924780845642,"no contig produced for gb19c8e19; stdout tail:


-----------------------------------------------
NOVOPlasty: The Organelle Assembler
Version 4.3.5
Author: Nicolas Dierckxsens, (c) 2015-2024
-----------------------------------------------


Input parameters from the configuration file:   *** Verify i",nan,nan,nan,nan,0,0,0
Homo_sapiens,Aotus_azarai,same-order,4,0,442,0,123.4533908367157,"no contig produced for g5addf9b0; stdout tail:


-----------------------------------------------
NOVOPlasty: The Organelle Assembler
Version 4.3.5
Author: Nicolas Dierckxsens, (c) 2015-2024
-----------------------------------------------


Input parameters from the configuration file:   *** Verify i",nan,nan,nan,nan,0,0,0
Homo_sapiens,Aotus_azarai,same-order,4,1,442,0,122.6811351776123,"no contig produced for g2ddac926; stdout tail:


-----------------------------------------------
NOVOPlasty: The Organelle Assembler
Version 4.3.5
Author: Nicolas Dierckxsens, (c) 2015-2024
-----------------------------------------------


Input parameters from the configuration file:   *** Verify i",nan,nan,nan,nan,0,0,0
Homo_sapiens,Aotus_azarai,same-order,4,2,442,0,115.05514216423035,"no contig produced for gb4d3989c; stdout tail:


-----------------------------------------------
NOVOPlasty: The Organelle Assembler
Version 4.3.5
Author: Nicolas Dierckxsens, (c) 2015-2024
-----------------------------------------------


Input parameters from the configuration file:   *** Verify i",nan,nan,nan,nan,0,0,0
Homo_sapiens,Aotus_azarai,same-order,5,1,552,0,119.57305574417114,"no contig produced for g2c18a311; stdout tail:


-----------------------------------------------
NOVOPlasty: The Organelle Assembler
Version 4.3.5
Author: Nicolas Dierckxsens, (c) 2015-2024
-----------------------------------------------


Input parameters from the configuration file:   *** Verify i",nan,nan,nan,nan,0,0,0
Homo_sapiens,Aotus_azarai,same-order,6,0,663,0,124.67198157310486,"no contig produced for g59592dde; stdout tail:


-----------------------------------------------
NOVOPlasty: The Organelle Assembler
Version 4.3.5
Author: Nicolas Dierckxsens, (c) 2015-2024
-----------------------------------------------


Input parameters from the configuration file:   *** Verify i",nan,nan,nan,nan,0,0,0
Homo_sapiens,Aotus_azarai,same-order,5,2,552,841,141.23682069778442,,5.0800362428269406,0.05080036242826941,1.0,0.09668889399862038,841,0,15714
Homo_sapiens,Aotus_azarai,same-order,5,0,552,748,198.859516620636,,4.51827242524917,0.045182724252491695,1.0,0.08645899554990465,748,0,15807
Homo_sapiens,Aotus_azarai,same-order,6,1,663,0,145.60906291007996,"no contig produced for g2e5e1d48; stdout tail:


-----------------------------------------------
NOVOPlasty: The Organelle Assembler
Version 4.3.5
Author: Nicolas Dierckxsens, (c) 2015-2024
-----------------------------------------------


Input parameters from the configuration file:   *** Verify i",nan,nan,nan,nan,0,0,0
Homo_sapiens,Aotus_azarai,same-order,7,0,773,654,79.39447975158691,,3.9504681365146483,0.03950468136514648,1.0,0.07600674065895752,654,0,15901
Homo_sapiens,Aotus_azarai,same-order,6,2,663,0,122.06218910217285,"no contig produced for gb7574cf2; stdout tail:


-----------------------------------------------
NOVOPlasty: The Organelle Assembler
Version 4.3.5
Author: Nicolas Dierckxsens, (c) 2015-2024
-----------------------------------------------


Input parameters from the configuration file:   *** Verify i",nan,nan,nan,nan,0,0,0
Homo_sapiens,Aotus_azarai,same-order,7,1,773,572,66.20739412307739,,3.4551495016611296,0.0345514950166113,1.0,0.06679511881824021,572,0,15983
Homo_sapiens,Aotus_azarai,same-order,10,1,1104,0,0.8009920120239258,"no contig produced for g5a75055d; stdout tail:


-----------------------------------------------
NOVOPlasty: The Organelle Assembler
Version 4.3.5
Author: Nicolas Dierckxsens, (c) 2015-2024
-----------------------------------------------


Input parameters from the configuration file:   *** Verify i",nan,nan,nan,nan,0,0,0
Homo_sapiens,Aotus_azarai,same-order,10,0,1104,979,44.19952464103699,,5.913621262458472,0.05913621262458472,1.0,0.11166875784190716,979,0,15576
Homo_sapiens,Saimiri_sciureus,same-order,20,0,2197,16441,630.3634371757507,,99.7996843510987,0.997996843510987,1.0,0.9989974175907642,16441,0,33
Homo_sapiens,Saimiri_sciureus,same-order,15,1,1648,16430,667.817538022995,,99.7329124681316,0.997329124681316,1.0,0.99866277656212,16430,0,44
Homo_sapiens,Saimiri_sciureus,same-order,15,2,1648,16438,673.6273510456085,,99.78147383756222,0.9978147383756222,1.0,0.9989061740398639,16438,0,36
Homo_sapiens,Saimiri_sciureus,same-order,20,1,2197,16458,612.7271285057068,,99.90287726113877,0.9990287726113877,1.0,0.9995141503704603,16458,0,16
Homo_sapiens,Saimiri_sciureus,same-order,20,2,2197,16425,631.8396382331848,,99.70256161223746,0.9970256161223746,1.0,0.9985105930271436,16425,0,49
Homo_sapiens,Aotus_azarai,same-order,8,1,883,2351,149.35881638526917,,14.201147689519782,0.14201147689519783,1.0,0.2487041150957368,2351,0,14204
Homo_sapiens,Saimiri_sciureus,same-order,30,1,3295,16446,630.1563684940338,,99.83003520699283,0.9983003520699284,1.0,0.9991494532199272,16446,0,28
Homo_sapiens,Aotus_azarai,same-order,7,2,773,1738,182.97340297698975,,10.498338870431894,0.10498338870431893,1.0,0.19001803968731207,1738,0,14817
Homo_sapiens,Saimiri_sciureus,same-order,30,0,3295,16459,648.8567967414856,,99.90894743231759,0.999089474323176,1.0,0.9995445298029333,16459,0,15
Homo_sapiens,Saimiri_sciureus,same-order,30,2,3295,16440,639.6136729717255,,99.79361417991987,0.9979361417991988,1.0,0.9989670049219177,16440,0,34
Homo_sapiens,Aotus_azarai,same-order,8,0,883,2918,202.0482063293457,,17.62609483539716,0.1762609483539716,1.0,0.29969701638165663,2918,0,13637
Homo_sapiens,Aotus_azarai,same-order,8,2,883,2738,232.42682194709778,,16.53881002718212,0.16538810027182121,1.0,0.28383351474628105,2738,0,13817
Homo_sapiens,Varecia_variegata,same-order,1,0,114,0,102.93091583251953,"no contig produced for g55b8de99; stdout tail:


-----------------------------------------------
NOVOPlasty: The Organelle Assembler
Version 4.3.5
Author: Nicolas Dierckxsens, (c) 2015-2024
-----------------------------------------------


Input parameters from the configuration file:   *** Verify i",nan,nan,nan,nan,0,0,0
Homo_sapiens,Varecia_variegata,same-order,1,1,114,0,102.6422655582428,"no contig produced for g22bfee0f; stdout tail:


-----------------------------------------------
NOVOPlasty: The Organelle Assembler
Version 4.3.5
Author: Nicolas Dierckxsens, (c) 2015-2024
-----------------------------------------------


Input parameters from the configuration file:   *** Verify i",nan,nan,nan,nan,0,0,0
Homo_sapiens,Varecia_variegata,same-order,1,2,114,0,101.5739860534668,"no contig produced for gbbb6bfb5; stdout tail:


-----------------------------------------------
NOVOPlasty: The Organelle Assembler
Version 4.3.5
Author: Nicolas Dierckxsens, (c) 2015-2024
-----------------------------------------------


Input parameters from the configuration file:   *** Verify i",nan,nan,nan,nan,0,0,0
Homo_sapiens,Varecia_variegata,same-order,2,0,227,0,99.56813073158264,"no contig produced for g57fe60c0; stdout tail:


-----------------------------------------------
NOVOPlasty: The Organelle Assembler
Version 4.3.5
Author: Nicolas Dierckxsens, (c) 2015-2024
-----------------------------------------------


Input parameters from the configuration file:   *** Verify i",nan,nan,nan,nan,0,0,0
Homo_sapiens,Varecia_variegata,same-order,2,1,227,0,98.65523219108582,"no contig produced for g20f95056; stdout tail:


-----------------------------------------------
NOVOPlasty: The Organelle Assembler
Version 4.3.5
Author: Nicolas Dierckxsens, (c) 2015-2024
-----------------------------------------------


Input parameters from the configuration file:   *** Verify i",nan,nan,nan,nan,0,0,0
Homo_sapiens,Varecia_variegata,same-order,3,0,340,0,99.55501437187195,"no contig produced for g563c0af7; stdout tail:


-----------------------------------------------
NOVOPlasty: The Organelle Assembler
Version 4.3.5
Author: Nicolas Dierckxsens, (c) 2015-2024
-----------------------------------------------


Input parameters from the configuration file:   *** Verify i",nan,nan,nan,nan,0,0,0
Homo_sapiens,Varecia_variegata,same-order,2,2,227,0,99.91586637496948,"no contig produced for gb9f001ec; stdout tail:


-----------------------------------------------
NOVOPlasty: The Organelle Assembler
Version 4.3.5
Author: Nicolas Dierckxsens, (c) 2015-2024
-----------------------------------------------


Input parameters from the configuration file:   *** Verify i",nan,nan,nan,nan,0,0,0
Homo_sapiens,Varecia_variegata,same-order,3,1,340,0,104.68731474876404,"no contig produced for g213b3a61; stdout tail:


-----------------------------------------------
NOVOPlasty: The Organelle Assembler
Version 4.3.5
Author: Nicolas Dierckxsens, (c) 2015-2024
-----------------------------------------------


Input parameters from the configuration file:   *** Verify i",nan,nan,nan,nan,0,0,0
Homo_sapiens,Varecia_variegata,same-order,3,2,340,0,101.59701442718506,"no contig produced for gb8326bdb; stdout tail:


-----------------------------------------------
NOVOPlasty: The Organelle Assembler
Version 4.3.5
Author: Nicolas Dierckxsens, (c) 2015-2024
-----------------------------------------------


Input parameters from the configuration file:   *** Verify i",nan,nan,nan,nan,0,0,0
Homo_sapiens,Varecia_variegata,same-order,4,0,453,0,102.30041575431824,"no contig produced for g53731c72; stdout tail:


-----------------------------------------------
NOVOPlasty: The Organelle Assembler
Version 4.3.5
Author: Nicolas Dierckxsens, (c) 2015-2024
-----------------------------------------------


Input parameters from the configuration file:   *** Verify i",nan,nan,nan,nan,0,0,0
Homo_sapiens,Varecia_variegata,same-order,4,1,453,0,104.00235509872437,"no contig produced for g24742ce4; stdout tail:


-----------------------------------------------
NOVOPlasty: The Organelle Assembler
Version 4.3.5
Author: Nicolas Dierckxsens, (c) 2015-2024
-----------------------------------------------


Input parameters from the configuration file:   *** Verify i",nan,nan,nan,nan,0,0,0
Homo_sapiens,Varecia_variegata,same-order,4,2,453,354,136.83276200294495,,2.0866489832007074,0.020866489832007073,1.0,0.040879958427160926,354,0,16611
Homo_sapiens,Varecia_variegata,same-order,5,0,566,0,104.84152746200562,"no contig produced for g52b17645; stdout tail:


-----------------------------------------------
NOVOPlasty: The Organelle Assembler
Version 4.3.5
Author: Nicolas Dierckxsens, (c) 2015-2024
-----------------------------------------------


Input parameters from the configuration file:   *** Verify i",nan,nan,nan,nan,0,0,0
Homo_sapiens,Varecia_variegata,same-order,5,1,566,0,105.58833599090576,"no contig produced for g25b646d3; stdout tail:


-----------------------------------------------
NOVOPlasty: The Organelle Assembler
Version 4.3.5
Author: Nicolas Dierckxsens, (c) 2015-2024
-----------------------------------------------


Input parameters from the configuration file:   *** Verify i",nan,nan,nan,nan,0,0,0
Homo_sapiens,Varecia_variegata,same-order,5,2,566,0,106.98726177215576,"no contig produced for gbcbf1769; stdout tail:


-----------------------------------------------
NOVOPlasty: The Organelle Assembler
Version 4.3.5
Author: Nicolas Dierckxsens, (c) 2015-2024
-----------------------------------------------


Input parameters from the configuration file:   *** Verify i",nan,nan,nan,nan,0,0,0
Homo_sapiens,Aotus_azarai,same-order,15,0,1656,16518,580.907229423523,,99.77650256720024,0.9977650256720024,1.0,0.9988812626613853,16518,0,37
Homo_sapiens,Aotus_azarai,same-order,20,0,2208,16546,560.8090591430664,,99.94563575958925,0.9994563575958925,1.0,0.999728104891091,16546,0,9
Homo_sapiens,Aotus_azarai,same-order,20,1,2208,16541,560.8394536972046,,99.9154334038055,0.999154334038055,1.0,0.9995769881556684,16541,0,14
Homo_sapiens,Aotus_azarai,same-order,10,2,1104,12831,642.9971721172333,,77.50528541226215,0.7750528541226216,1.0,0.8732729871367318,12831,0,3724
Homo_sapiens,Varecia_variegata,same-order,6,1,679,0,106.76570868492126,"no contig produced for g27f0f88a; stdout tail:


-----------------------------------------------
NOVOPlasty: The Organelle Assembler
Version 4.3.5
Author: Nicolas Dierckxsens, (c) 2015-2024
-----------------------------------------------


Input parameters from the configuration file:   *** Verify i",nan,nan,nan,nan,0,0,0
Homo_sapiens,Aotus_azarai,same-order,20,2,2208,16530,546.8163661956787,,99.84898822108124,0.9984898822108125,1.0,0.999244370560677,16530,0,25
Homo_sapiens,Aotus_azarai,same-order,30,0,3311,16525,549.9690008163452,,99.8187858652975,0.9981878586529749,1.0,0.9990931076178959,16525,0,30
Homo_sapiens,Aotus_azarai,same-order,15,2,1656,16526,596.0627510547638,,99.82482633645424,0.9982482633645424,1.0,0.9991233638644539,16526,0,29
Homo_sapiens,Aotus_azarai,same-order,15,1,1656,16523,606.0685834884644,,99.806704922984,0.9980670492298399,1.0,0.9990325896366165,16523,0,32
Homo_sapiens,Varecia_variegata,same-order,7,0,792,0,107.76054263114929,"no contig produced for g5135a22b; stdout tail:


-----------------------------------------------
NOVOPlasty: The Organelle Assembler
Version 4.3.5
Author: Nicolas Dierckxsens, (c) 2015-2024
-----------------------------------------------


Input parameters from the configuration file:   *** Verify i",nan,nan,nan,nan,0,0,0
Homo_sapiens,Varecia_variegata,same-order,6,2,679,1228,119.01968264579773,,7.238432066018273,0.07238432066018273,1.0,0.1349969768592316,1228,0,15737
Homo_sapiens,Aotus_azarai,same-order,30,1,3311,16545,563.455340385437,,99.9395952884325,0.9993959528843249,1.0,0.9996978851963746,16545,0,10
Homo_sapiens,Varecia_variegata,same-order,7,2,792,743,61.055859088897705,,4.379605069260242,0.043796050692602416,1.0,0.08391687372938784,743,0,16222
Homo_sapiens,Aotus_azarai,same-order,30,2,3311,16544,566.2652237415314,,99.93355481727575,0.9993355481727575,1.0,0.9996676636756398,16544,0,11
Homo_sapiens,Varecia_variegata,same-order,6,0,679,1321,166.41524863243103,,7.786619510757442,0.07786619510757442,1.0,0.1444821174669146,1321,0,15644
Homo_sapiens,Varecia_variegata,same-order,8,2,905,580,63.70289921760559,,3.4188034188034186,0.03418803418803419,1.0,0.06611570247933884,580,0,16385
Homo_sapiens,Varecia_variegata,same-order,8,0,905,1699,151.55087566375732,,10.014736221632774,0.10014736221632774,1.0,0.18206172310330046,1699,0,15266
Homo_sapiens,Varecia_variegata,same-order,7,1,792,2478,224.78472781181335,,14.606542882404952,0.14606542882404952,1.0,0.2548989353494831,2478,0,14487
Gorilla_gorilla,Homo_sapiens,same-family,1,0,111,0,0.7462358474731445,"no contig produced for g69d8b3a1; stdout tail:


-----------------------------------------------
NOVOPlasty: The Organelle Assembler
Version 4.3.5
Author: Nicolas Dierckxsens, (c) 2015-2024
-----------------------------------------------


Input parameters from the configuration file:   *** Verify i",nan,nan,nan,nan,0,0,0
Gorilla_gorilla,Homo_sapiens,same-family,1,1,111,0,0.7709414958953857,"no contig produced for g1edf8337; stdout tail:


-----------------------------------------------
NOVOPlasty: The Organelle Assembler
Version 4.3.5
Author: Nicolas Dierckxsens, (c) 2015-2024
-----------------------------------------------


Input parameters from the configuration file:   *** Verify i",nan,nan,nan,nan,0,0,0
Homo_sapiens,Varecia_variegata,same-order,8,1,905,3477,219.10804080963135,,20.495137046861185,0.20495137046861184,1.0,0.34018197828001173,3477,0,13488
Gorilla_gorilla,Homo_sapiens,same-family,2,0,221,0,0.7602179050445557,"no contig produced for g6b9e0df8; stdout tail:


-----------------------------------------------
NOVOPlasty: The Organelle Assembler
Version 4.3.5
Author: Nicolas Dierckxsens, (c) 2015-2024
-----------------------------------------------


Input parameters from the configuration file:   *** Verify i",nan,nan,nan,nan,0,0,0
Gorilla_gorilla,Homo_sapiens,same-family,2,1,221,0,0.7830650806427002,"no contig produced for g1c993d6e; stdout tail:


-----------------------------------------------
NOVOPlasty: The Organelle Assembler
Version 4.3.5
Author: Nicolas Dierckxsens, (c) 2015-2024
-----------------------------------------------


Input parameters from the configuration file:   *** Verify i",nan,nan,nan,nan,0,0,0
Gorilla_gorilla,Homo_sapiens,same-family,2,2,221,0,0.7708122730255127,"no contig produced for g85906cd4; stdout tail:


-----------------------------------------------
NOVOPlasty: The Organelle Assembler
Version 4.3.5
Author: Nicolas Dierckxsens, (c) 2015-2024
-----------------------------------------------


Input parameters from the configuration file:   *** Verify i",nan,nan,nan,nan,0,0,0
Gorilla_gorilla,Homo_sapiens,same-family,3,0,332,0,0.7983887195587158,"no contig produced for g6a5c67cf; stdout tail:


-----------------------------------------------
NOVOPlasty: The Organelle Assembler
Version 4.3.5
Author: Nicolas Dierckxsens, (c) 2015-2024
-----------------------------------------------


Input parameters from the configuration file:   *** Verify i",nan,nan,nan,nan,0,0,0
Gorilla_gorilla,Homo_sapiens,same-family,3,1,332,0,0.7792844772338867,"no contig produced for g1d5b5759; stdout tail:


-----------------------------------------------
NOVOPlasty: The Organelle Assembler
Version 4.3.5
Author: Nicolas Dierckxsens, (c) 2015-2024
-----------------------------------------------


Input parameters from the configuration file:   *** Verify i",nan,nan,nan,nan,0,0,0
Gorilla_gorilla,Homo_sapiens,same-family,3,2,332,0,0.7766315937042236,"no contig produced for g845206e3; stdout tail:


-----------------------------------------------
NOVOPlasty: The Organelle Assembler
Version 4.3.5
Author: Nicolas Dierckxsens, (c) 2015-2024
-----------------------------------------------


Input parameters from the configuration file:   *** Verify i",nan,nan,nan,nan,0,0,0
Gorilla_gorilla,Homo_sapiens,same-family,4,0,442,0,0.7783215045928955,"no contig produced for g6f13714a; stdout tail:


-----------------------------------------------
NOVOPlasty: The Organelle Assembler
Version 4.3.5
Author: Nicolas Dierckxsens, (c) 2015-2024
-----------------------------------------------


Input parameters from the configuration file:   *** Verify i",nan,nan,nan,nan,0,0,0
Gorilla_gorilla,Homo_sapiens,same-family,4,1,442,0,0.8195016384124756,"no contig produced for g181441dc; stdout tail:


-----------------------------------------------
NOVOPlasty: The Organelle Assembler
Version 4.3.5
Author: Nicolas Dierckxsens, (c) 2015-2024
-----------------------------------------------


Input parameters from the configuration file:   *** Verify i",nan,nan,nan,nan,0,0,0
Gorilla_gorilla,Homo_sapiens,same-family,4,2,442,0,0.7743279933929443,"no contig produced for g811d1066; stdout tail:


-----------------------------------------------
NOVOPlasty: The Organelle Assembler
Version 4.3.5
Author: Nicolas Dierckxsens, (c) 2015-2024
-----------------------------------------------


Input parameters from the configuration file:   *** Verify i",nan,nan,nan,nan,0,0,0
Gorilla_gorilla,Homo_sapiens,same-family,5,0,553,0,0.7701396942138672,"no contig produced for g6ed11b7d; stdout tail:


-----------------------------------------------
NOVOPlasty: The Organelle Assembler
Version 4.3.5
Author: Nicolas Dierckxsens, (c) 2015-2024
-----------------------------------------------


Input parameters from the configuration file:   *** Verify i",nan,nan,nan,nan,0,0,0
Gorilla_gorilla,Homo_sapiens,same-family,5,1,553,0,0.8085958957672119,"no contig produced for g19d62beb; stdout tail:


-----------------------------------------------
NOVOPlasty: The Organelle Assembler
Version 4.3.5
Author: Nicolas Dierckxsens, (c) 2015-2024
-----------------------------------------------


Input parameters from the configuration file:   *** Verify i",nan,nan,nan,nan,0,0,0
Gorilla_gorilla,Homo_sapiens,same-family,5,2,553,398,53.463297605514526,,2.4020761663347217,0.024020761663347216,1.0,0.04691459892732952,398,0,16171
Homo_sapiens,Varecia_variegata,same-order,10,1,1131,6569,269.2782053947449,,38.72089596227527,0.3872089596227527,1.0,0.5582561400526898,6569,0,10396
Homo_sapiens,Varecia_variegata,same-order,10,0,1131,6204,278.3913869857788,,36.56940760389036,0.36569407603890364,1.0,0.535543182701023,6204,0,10761
Gorilla_gorilla,Homo_sapiens,same-family,1,2,111,0,102.34193563461304,"no contig produced for g87d6d28d; stdout tail:


-----------------------------------------------
NOVOPlasty: The Organelle Assembler
Version 4.3.5
Author: Nicolas Dierckxsens, (c) 2015-2024
-----------------------------------------------


Input parameters from the configuration file:   *** Verify i",nan,nan,nan,nan,0,0,0
Homo_sapiens,Varecia_variegata,same-order,10,2,1131,7040,354.5863564014435,,41.497200117889776,0.4149720011788977,1.0,0.5865444699021037,7040,0,9925
Gorilla_gorilla,Homo_sapiens,same-family,7,0,774,961,81.8574287891388,,5.7999879292654954,0.05799987929265496,1.0,0.1096406160867085,961,0,15608
Gorilla_gorilla,Homo_sapiens,same-family,6,1,663,1033,99.61871600151062,,6.234534371416501,0.06234534371416501,1.0,0.11737302579252358,1033,0,15536
Gorilla_gorilla,Homo_sapiens,same-family,6,2,663,1552,112.31611633300781,,9.366889975254994,0.09366889975254994,1.0,0.1712929750013796,1552,0,15017
Gorilla_gorilla,Homo_sapiens,same-family,7,2,774,371,35.45453977584839,,2.2391212505280946,0.022391212505280946,1.0,0.04380165289256198,371,0,16198
Gorilla_gorilla,Homo_sapiens,same-family,6,0,663,2463,171.29680919647217,,14.865109541915626,0.14865109541915625,1.0,0.25882723833543503,2463,0,14106
Gorilla_gorilla,Homo_sapiens,same-family,7,1,774,938,91.84352493286133,,5.661174482467258,0.05661174482467258,1.0,0.10715713714514194,938,0,15631
Gorilla_gorilla,Homo_sapiens,same-family,8,1,884,1161,80.53327631950378,,7.007061379684954,0.07007061379684953,1.0,0.13096446700507614,1161,0,15408
Gorilla_gorilla,Homo_sapiens,same-family,8,0,884,2307,132.620512008667,,13.923592250588449,0.13923592250588449,1.0,0.24443738080101715,2307,0,14262
Gorilla_gorilla,Homo_sapiens,same-family,8,2,884,1524,107.09865117073059,,9.19789969219627,0.09197899692196271,1.0,0.16846294146907645,1524,0,15045
Gorilla_gorilla,Homo_sapiens,same-family,10,0,1105,2790,100.24318027496338,,16.838674633351438,0.1683867463335144,1.0,0.28823802882380284,2790,0,13779
Homo_sapiens,Varecia_variegata,same-order,20,0,2262,16452,557.666873216629,,96.9761273209549,0.9697612732095491,1.0,0.9846485321842177,16452,0,513
Homo_sapiens,Varecia_variegata,same-order,15,0,1697,16383,582.3420324325562,,96.56940760389037,0.9656940760389037,1.0,0.9825476790212306,16383,0,582
Gorilla_gorilla,Homo_sapiens,same-family,10,1,1105,3075,148.15195536613464,,18.558754300199165,0.18558754300199168,1.0,0.3130726939523519,3075,0,13494
Gorilla_gorilla,Homo_sapiens,same-family,15,1,1657,3102,107.22795820236206,,18.721709216005795,0.18721709216005794,1.0,0.315388134817752,3102,0,13467
Gorilla_gorilla,Homo_sapiens,same-family,10,2,1105,3048,147.81080317497253,,18.39579938439254,0.18395799384392542,1.0,0.3107508793393486,3048,0,13521
Gorilla_gorilla,Homo_sapiens,same-family,15,0,1657,3105,114.20021748542786,,18.739815317762087,0.18739815317762085,1.0,0.31564501372369624,3105,0,13464
Homo_sapiens,Varecia_variegata,same-order,15,2,1697,16709,596.3650579452515,,97.36270190895742,0.9812929197253137,0.9956153522734098,0.9884022539578426,16576,73,316
Homo_sapiens,Varecia_variegata,same-order,15,1,1697,16943,610.6540653705597,,99.8703212496316,0.998703212496316,1.0,0.9993511855609296,16943,0,22
Homo_sapiens,Varecia_variegata,same-order,20,2,2262,16950,605.3568251132965,,99.91158267020336,0.9991158267020336,1.0,0.9995577178239716,16950,0,15
Gorilla_gorilla,Saimiri_boliviensis,same-order,1,0,110,0,109.04191040992737,"no contig produced for g2c6a6400; stdout tail:


-----------------------------------------------
NOVOPlasty: The Organelle Assembler
Version 4.3.5
Author: Nicolas Dierckxsens, (c) 2015-2024
-----------------------------------------------


Input parameters from the configuration file:   *** Verify i",nan,nan,nan,nan,0,0,0
Gorilla_gorilla,Saimiri_boliviensis,same-order,1,1,110,0,110.63026404380798,"no contig produced for g5b6d5496; stdout tail:


-----------------------------------------------
NOVOPlasty: The Organelle Assembler
Version 4.3.5
Author: Nicolas Dierckxsens, (c) 2015-2024
-----------------------------------------------


Input parameters from the configuration file:   *** Verify i",nan,nan,nan,nan,0,0,0
Gorilla_gorilla,Homo_sapiens,same-family,30,1,3314,3079,111.24114966392517,,18.582895769207557,0.18582895769207555,1.0,0.31341612377850164,3079,0,13490
Gorilla_gorilla,Saimiri_boliviensis,same-order,1,2,110,0,112.28392291069031,"no contig produced for gc264052c; stdout tail:


-----------------------------------------------
NOVOPlasty: The Organelle Assembler
Version 4.3.5
Author: Nicolas Dierckxsens, (c) 2015-2024
-----------------------------------------------


Input parameters from the configuration file:   *** Verify i",nan,nan,nan,nan,0,0,0
Gorilla_gorilla,Homo_sapiens,same-family,30,0,3314,3092,112.85386109352112,,18.66135554348482,0.1866135554348482,1.0,0.31453130563043585,3092,0,13477
Gorilla_gorilla,Homo_sapiens,same-family,30,2,3314,3098,114.45879888534546,,18.697567746997404,0.18697567746997404,1.0,0.3150455077032593,3098,0,13471
Gorilla_gorilla,Homo_sapiens,same-family,20,0,2210,3102,117.58709836006165,,18.721709216005795,0.18721709216005794,1.0,0.315388134817752,3102,0,13467
Gorilla_gorilla,Homo_sapiens,same-family,20,1,2210,3097,119.53784370422363,,18.691532379745308,0.18691532379745307,1.0,0.31495982914675075,3097,0,13472
Gorilla_gorilla,Homo_sapiens,same-family,15,2,1657,3077,120.26860451698303,,18.57082503470336,0.18570825034703362,1.0,0.31324442634633004,3077,0,13492
Gorilla_gorilla,Homo_sapiens,same-family,20,2,2210,3097,122.04350233078003,,18.691532379745308,0.18691532379745307,1.0,0.31495982914675075,3097,0,13472
Gorilla_gorilla,Saimiri_boliviensis,same-order,2,0,220,0,113.02773523330688,"no contig produced for g2e2cda59; stdout tail:


-----------------------------------------------
NOVOPlasty: The Organelle Assembler
Version 4.3.5
Author: Nicolas Dierckxsens, (c) 2015-2024
-----------------------------------------------


Input parameters from the configuration file:   *** Verify i",nan,nan,nan,nan,0,0,0
Gorilla_gorilla,Saimiri_boliviensis,same-order,3,0,330,0,112.3922815322876,"no contig produced for g2feeb06e; stdout tail:


-----------------------------------------------
NOVOPlasty: The Organelle Assembler
Version 4.3.5
Author: Nicolas Dierckxsens, (c) 2015-2024
-----------------------------------------------


Input parameters from the configuration file:   *** Verify i",nan,nan,nan,nan,0,0,0
Gorilla_gorilla,Saimiri_boliviensis,same-order,2,1,220,0,114.1650538444519,"no contig produced for g592beacf; stdout tail:


-----------------------------------------------
NOVOPlasty: The Organelle Assembler
Version 4.3.5
Author: Nicolas Dierckxsens, (c) 2015-2024
-----------------------------------------------


Input parameters from the configuration file:   *** Verify i",nan,nan,nan,nan,0,0,0
Gorilla_gorilla,Saimiri_boliviensis,same-order,3,1,330,0,113.01131916046143,"no contig produced for g58e980f8; stdout tail:


-----------------------------------------------
NOVOPlasty: The Organelle Assembler
Version 4.3.5
Author: Nicolas Dierckxsens, (c) 2015-2024
-----------------------------------------------


Input parameters from the configuration file:   *** Verify i",nan,nan,nan,nan,0,0,0
Gorilla_gorilla,Saimiri_boliviensis,same-order,3,2,330,0,112.51981735229492,"no contig produced for gc1e0d142; stdout tail:


-----------------------------------------------
NOVOPlasty: The Organelle Assembler
Version 4.3.5
Author: Nicolas Dierckxsens, (c) 2015-2024
-----------------------------------------------


Input parameters from the configuration file:   *** Verify i",nan,nan,nan,nan,0,0,0
Gorilla_gorilla,Saimiri_boliviensis,same-order,2,2,220,0,116.15723013877869,"no contig produced for gc022bb75; stdout tail:


-----------------------------------------------
NOVOPlasty: The Organelle Assembler
Version 4.3.5
Author: Nicolas Dierckxsens, (c) 2015-2024
-----------------------------------------------


Input parameters from the configuration file:   *** Verify i",nan,nan,nan,nan,0,0,0
Gorilla_gorilla,Saimiri_boliviensis,same-order,4,2,440,0,110.28876209259033,"no contig produced for gc4afc7c7; stdout tail:


-----------------------------------------------
NOVOPlasty: The Organelle Assembler
Version 4.3.5
Author: Nicolas Dierckxsens, (c) 2015-2024
-----------------------------------------------


Input parameters from the configuration file:   *** Verify i",nan,nan,nan,nan,0,0,0
Gorilla_gorilla,Saimiri_boliviensis,same-order,4,0,440,0,114.5349473953247,"no contig produced for g2aa1a6eb; stdout tail:


-----------------------------------------------
NOVOPlasty: The Organelle Assembler
Version 4.3.5
Author: Nicolas Dierckxsens, (c) 2015-2024
-----------------------------------------------


Input parameters from the configuration file:   *** Verify i",nan,nan,nan,nan,0,0,0
Gorilla_gorilla,Saimiri_boliviensis,same-order,5,0,550,244,111.69983458518982,,1.4813915366401553,0.014813915366401554,1.0,0.02919533353275501,244,0,16227
Gorilla_gorilla,Saimiri_boliviensis,same-order,4,1,440,0,114.6437656879425,"no contig produced for g5da6967d; stdout tail:


-----------------------------------------------
NOVOPlasty: The Organelle Assembler
Version 4.3.5
Author: Nicolas Dierckxsens, (c) 2015-2024
-----------------------------------------------


Input parameters from the configuration file:   *** Verify i",nan,nan,nan,nan,0,0,0
Gorilla_gorilla,Saimiri_boliviensis,same-order,6,2,659,258,25.978084564208984,,1.566389411693279,0.01566389411693279,1.0,0.03084464104250105,258,0,16213
Gorilla_gorilla,Saimiri_boliviensis,same-order,6,1,659,552,45.677162885665894,,3.351344787808876,0.03351344787808876,1.0,0.06485343358984903,552,0,15919
Gorilla_gorilla,Saimiri_boliviensis,same-order,8,1,879,233,40.085877418518066,,1.4146074919555582,0.014146074919555583,1.0,0.02789750957854406,233,0,16238
Gorilla_gorilla,Saimiri_boliviensis,same-order,7,1,769,550,83.25798535346985,,3.3392022342298584,0.033392022342298586,1.0,0.06462605017331532,550,0,15921
Gorilla_gorilla,Saimiri_boliviensis,same-order,8,0,879,650,82.94161868095398,,3.946329913180742,0.03946329913180742,1.0,0.07593014426727411,650,0,15821
Gorilla_gorilla,Saimiri_boliviensis,same-order,5,1,550,0,144.448548078537,"no contig produced for g5c64fc4a; stdout tail:


-----------------------------------------------
NOVOPlasty: The Organelle Assembler
Version 4.3.5
Author: Nicolas Dierckxsens, (c) 2015-2024
-----------------------------------------------


Input parameters from the configuration file:   *** Verify i",nan,nan,nan,nan,0,0,0
Gorilla_gorilla,Saimiri_boliviensis,same-order,5,2,550,0,145.62775588035583,"no contig produced for gc56dadf0; stdout tail:


-----------------------------------------------
NOVOPlasty: The Organelle Assembler
Version 4.3.5
Author: Nicolas Dierckxsens, (c) 2015-2024
-----------------------------------------------


Input parameters from the configuration file:   *** Verify i",nan,nan,nan,nan,0,0,0
Gorilla_gorilla,Saimiri_boliviensis,same-order,6,0,659,0,145.6105010509491,"no contig produced for g29257285; stdout tail:


-----------------------------------------------
NOVOPlasty: The Organelle Assembler
Version 4.3.5
Author: Nicolas Dierckxsens, (c) 2015-2024
-----------------------------------------------


Input parameters from the configuration file:   *** Verify i",nan,nan,nan,nan,0,0,0
Gorilla_gorilla,Saimiri_boliviensis,same-order,7,2,769,1306,143.70401334762573,,7.929087487098537,0.07929087487098536,1.0,0.14693142824998595,1306,0,15165
Gorilla_gorilla,Saimiri_boliviensis,same-order,8,2,879,2301,162.68947076797485,,13.970007892659826,0.13970007892659828,1.0,0.24515235457063714,2301,0,14170
Gorilla_gorilla,Saimiri_boliviensis,same-order,10,2,1099,2735,158.30637955665588,,16.60494201930666,0.1660494201930666,1.0,0.28480683119858374,2735,0,13736
Gorilla_gorilla,Saimiri_boliviensis,same-order,10,1,1099,3750,202.98520827293396,,22.767287960658127,0.22767287960658125,1.0,0.3709015380050443,3750,0,12721
Gorilla_gorilla,Saimiri_boliviensis,same-order,7,0,769,2594,301.77729201316833,,15.748891991985914,0.15748891991985914,1.0,0.27212168895882505,2594,0,13877
Gorilla_gorilla,Saimiri_boliviensis,same-order,15,2,1648,10831,491.27492117881775,,65.75799890717018,0.6575799890717018,1.0,0.7934217273459819,10831,0,5640
Gorilla_gorilla,Saimiri_boliviensis,same-order,10,0,1099,7029,579.8869922161102,,42.67500455345759,0.4267500455345759,1.0,0.5982127659574468,7029,0,9442
Gorilla_gorilla,Saimiri_sciureus,same-order,1,0,110,0,119.73672389984131,"no contig produced for g8f7ff6f2; stdout tail:


-----------------------------------------------
NOVOPlasty: The Organelle Assembler
Version 4.3.5
Author: Nicolas Dierckxsens, (c) 2015-2024
-----------------------------------------------


Input parameters from the configuration file:   *** Verify i",nan,nan,nan,nan,0,0,0
Gorilla_gorilla,Saimiri_boliviensis,same-order,30,2,3295,16447,684.9571721553802,,99.85428935705178,0.9985428935705178,1.0,0.9992709156084817,16447,0,24
Gorilla_gorilla,Saimiri_boliviensis,same-order,15,1,1648,16405,687.9006078243256,,99.59929573189241,0.9959929573189241,1.0,0.9979924565032242,16405,0,66
Gorilla_gorilla,Saimiri_boliviensis,same-order,30,1,3295,16455,687.9801585674286,,99.90285957136786,0.9990285957136786,1.0,0.9995140618356314,16455,0,16
Gorilla_gorilla,Saimiri_sciureus,same-order,1,1,110,0,118.87686133384705,"no contig produced for gf878c664; stdout tail:


-----------------------------------------------
NOVOPlasty: The Organelle Assembler
Version 4.3.5
Author: Nicolas Dierckxsens, (c) 2015-2024
-----------------------------------------------


Input parameters from the configuration file:   *** Verify i",nan,nan,nan,nan,0,0,0
Gorilla_gorilla,Saimiri_boliviensis,same-order,20,2,2197,16436,700.1812217235565,,99.78750531236719,0.9978750531236719,1.0,0.9989363965113806,16436,0,35
Gorilla_gorilla,Saimiri_boliviensis,same-order,20,0,2197,16446,709.5983865261078,,99.84821808026228,0.9984821808026227,1.0,0.9992405140201112,16446,0,25
Gorilla_gorilla,Saimiri_boliviensis,same-order,20,1,2197,16442,715.3758068084717,,99.82393297310425,0.9982393297310425,1.0,0.9991188891927203,16442,0,29
Gorilla_gorilla,Saimiri_sciureus,same-order,1,2,110,0,120.72474598884583,"no contig produced for g617197de; stdout tail:


-----------------------------------------------
NOVOPlasty: The Organelle Assembler
Version 4.3.5
Author: Nicolas Dierckxsens, (c) 2015-2024
-----------------------------------------------


Input parameters from the configuration file:   *** Verify i",nan,nan,nan,nan,0,0,0
Gorilla_gorilla,Saimiri_boliviensis,same-order,30,0,3295,16435,732.8841288089752,,99.78143403557767,0.9978143403557769,1.0,0.998905974594299,16435,0,36
Gorilla_gorilla,Saimiri_boliviensis,same-order,15,0,1648,16397,735.5094616413116,,99.55072551757635,0.9955072551757634,1.0,0.9977485700377265,16397,0,74
Gorilla_gorilla,Saimiri_sciureus,same-order,5,0,550,950,87.63819885253906,,5.766662619885881,0.05766662619885881,1.0,0.10904499540863179,950,0,15524
Gorilla_gorilla,Saimiri_sciureus,same-order,2,0,220,0,107.62559461593628,"no contig produced for g8d3948ab; stdout tail:


-----------------------------------------------
NOVOPlasty: The Organelle Assembler
Version 4.3.5
Author: Nicolas Dierckxsens, (c) 2015-2024
-----------------------------------------------


Input parameters from the configuration file:   *** Verify i",nan,nan,nan,nan,0,0,0
Gorilla_gorilla,Saimiri_sciureus,same-order,2,2,220,0,108.65189671516418,"no contig produced for g63372987; stdout tail:


-----------------------------------------------
NOVOPlasty: The Organelle Assembler
Version 4.3.5
Author: Nicolas Dierckxsens, (c) 2015-2024
-----------------------------------------------


Input parameters from the configuration file:   *** Verify i",nan,nan,nan,nan,0,0,0
Gorilla_gorilla,Saimiri_sciureus,same-order,2,1,220,0,108.75510215759277,"no contig produced for gfa3e783d; stdout tail:


-----------------------------------------------
NOVOPlasty: The Organelle Assembler
Version 4.3.5
Author: Nicolas Dierckxsens, (c) 2015-2024
-----------------------------------------------


Input parameters from the configuration file:   *** Verify i",nan,nan,nan,nan,0,0,0
Gorilla_gorilla,Saimiri_sciureus,same-order,3,1,330,0,109.50239443778992,"no contig produced for gfbfc120a; stdout tail:


-----------------------------------------------
NOVOPlasty: The Organelle Assembler
Version 4.3.5
Author: Nicolas Dierckxsens, (c) 2015-2024
-----------------------------------------------


Input parameters from the configuration file:   *** Verify i",nan,nan,nan,nan,0,0,0
Gorilla_gorilla,Saimiri_sciureus,same-order,3,0,330,0,110.83442664146423,"no contig produced for g8cfb229c; stdout tail:


-----------------------------------------------
NOVOPlasty: The Organelle Assembler
Version 4.3.5
Author: Nicolas Dierckxsens, (c) 2015-2024
-----------------------------------------------


Input parameters from the configuration file:   *** Verify i",nan,nan,nan,nan,0,0,0
Gorilla_gorilla,Saimiri_sciureus,same-order,4,2,440,0,110.88765001296997,"no contig produced for g67ba5535; stdout tail:


-----------------------------------------------
NOVOPlasty: The Organelle Assembler
Version 4.3.5
Author: Nicolas Dierckxsens, (c) 2015-2024
-----------------------------------------------


Input parameters from the configuration file:   *** Verify i",nan,nan,nan,nan,0,0,0
Gorilla_gorilla,Saimiri_sciureus,same-order,4,1,440,0,111.93543314933777,"no contig produced for gfeb3048f; stdout tail:


-----------------------------------------------
NOVOPlasty: The Organelle Assembler
Version 4.3.5
Author: Nicolas Dierckxsens, (c) 2015-2024
-----------------------------------------------


Input parameters from the configuration file:   *** Verify i",nan,nan,nan,nan,0,0,0
Gorilla_gorilla,Saimiri_sciureus,same-order,4,0,440,0,113.21598482131958,"no contig produced for g89b43419; stdout tail:


-----------------------------------------------
NOVOPlasty: The Organelle Assembler
Version 4.3.5
Author: Nicolas Dierckxsens, (c) 2015-2024
-----------------------------------------------


Input parameters from the configuration file:   *** Verify i",nan,nan,nan,nan,0,0,0
Gorilla_gorilla,Saimiri_sciureus,same-order,3,2,330,0,113.46494722366333,"no contig produced for g62f543b0; stdout tail:


-----------------------------------------------
NOVOPlasty: The Organelle Assembler
Version 4.3.5
Author: Nicolas Dierckxsens, (c) 2015-2024
-----------------------------------------------


Input parameters from the configuration file:   *** Verify i",nan,nan,nan,nan,0,0,0
Gorilla_gorilla,Saimiri_sciureus,same-order,8,1,879,868,98.47036814689636,,5.268908583222047,0.05268908583222047,1.0,0.1001037942567178,868,0,15606
Gorilla_gorilla,Saimiri_sciureus,same-order,7,0,769,1151,114.09703373908997,,6.986767026830156,0.06986767026830157,1.0,0.13060992907801416,1151,0,15323
Gorilla_gorilla,Saimiri_sciureus,same-order,5,1,550,0,140.81538009643555,"no contig produced for gff716eb8; stdout tail:


-----------------------------------------------
NOVOPlasty: The Organelle Assembler
Version 4.3.5
Author: Nicolas Dierckxsens, (c) 2015-2024
-----------------------------------------------


Input parameters from the configuration file:   *** Verify i",nan,nan,nan,nan,0,0,0
Gorilla_gorilla,Saimiri_sciureus,same-order,5,2,550,0,141.75794434547424,"no contig produced for g66783f02; stdout tail:


-----------------------------------------------
NOVOPlasty: The Organelle Assembler
Version 4.3.5
Author: Nicolas Dierckxsens, (c) 2015-2024
-----------------------------------------------


Input parameters from the configuration file:   *** Verify i",nan,nan,nan,nan,0,0,0
Gorilla_gorilla,Saimiri_sciureus,same-order,7,2,769,956,138.55373692512512,,5.803083646958844,0.05803083646958844,1.0,0.10969592656339643,956,0,15518
Gorilla_gorilla,Saimiri_sciureus,same-order,6,0,659,0,144.97492814064026,"no contig produced for g8a30e077; stdout tail:


-----------------------------------------------
NOVOPlasty: The Organelle Assembler
Version 4.3.5
Author: Nicolas Dierckxsens, (c) 2015-2024
-----------------------------------------------


Input parameters from the configuration file:   *** Verify i",nan,nan,nan,nan,0,0,0
Gorilla_gorilla,Saimiri_sciureus,same-order,6,1,659,0,148.19039058685303,"no contig produced for gfd37d0e1; stdout tail:


-----------------------------------------------
NOVOPlasty: The Organelle Assembler
Version 4.3.5
Author: Nicolas Dierckxsens, (c) 2015-2024
-----------------------------------------------


Input parameters from the configuration file:   *** Verify i",nan,nan,nan,nan,0,0,0
Gorilla_gorilla,Saimiri_sciureus,same-order,7,1,769,2327,147.13779425621033,,14.125288333130994,0.14125288333130995,1.0,0.24754002446678366,2327,0,14147
Gorilla_gorilla,Saimiri_sciureus,same-order,6,2,659,251,168.57164978981018,,1.5236129658856379,0.01523612965885638,1.0,0.03001494768310912,251,0,16223
Gorilla_gorilla,Saimiri_sciureus,same-order,10,2,1099,812,99.47925329208374,,4.928978997207722,0.04928978997207721,1.0,0.09394886034941571,812,0,15662
Gorilla_gorilla,Saimiri_sciureus,same-order,10,1,1099,1315,121.45308589935303,,7.982275100157825,0.07982275100157825,1.0,0.147844173365563,1315,0,15159
Gorilla_gorilla,Saimiri_sciureus,same-order,8,0,879,2625,237.92364382743835,,15.934199344421513,0.15934199344421512,1.0,0.27488350175401854,2625,0,13849
Gorilla_gorilla,Saimiri_sciureus,same-order,8,2,879,0,148.97890210151672,"no contig produced for g6ea0ac51; stdout tail:


-----------------------------------------------
NOVOPlasty: The Organelle Assembler
Version 4.3.5
Author: Nicolas Dierckxsens, (c) 2015-2024
-----------------------------------------------


Input parameters from the configuration file:   *** Verify i",nan,nan,nan,nan,0,0,0
Gorilla_gorilla,Saimiri_sciureus,same-order,10,0,1099,3744,230.85784530639648,,22.726720893529198,0.22726720893529198,1.0,0.370363042833119,3744,0,12730
Gorilla_gorilla,Saimiri_sciureus,same-order,15,0,1648,5842,297.7063798904419,,35.46194002670875,0.35461940026708755,1.0,0.5235705323534684,5842,0,10632
Gorilla_gorilla,Aotus_azarai,same-order,1,0,111,0,144.15659093856812,"no contig produced for g5c163b5b; stdout tail:


-----------------------------------------------
NOVOPlasty: The Organelle Assembler
Version 4.3.5
Author: Nicolas Dierckxsens, (c) 2015-2024
-----------------------------------------------


Input parameters from the configuration file:   *** Verify i",nan,nan,nan,nan,0,0,0
Gorilla_gorilla,Aotus_azarai,same-order,1,1,111,0,148.02767252922058,"no contig produced for g2b110bcd; stdout tail:


-----------------------------------------------
NOVOPlasty: The Organelle Assembler
Version 4.3.5
Author: Nicolas Dierckxsens, (c) 2015-2024
-----------------------------------------------


Input parameters from the configuration file:   *** Verify i",nan,nan,nan,nan,0,0,0
Gorilla_gorilla,Aotus_azarai,same-order,1,2,111,0,159.25509214401245,"no contig produced for gb2185a77; stdout tail:


-----------------------------------------------
NOVOPlasty: The Organelle Assembler
Version 4.3.5
Author: Nicolas Dierckxsens, (c) 2015-2024
-----------------------------------------------


Input parameters from the configuration file:   *** Verify i",nan,nan,nan,nan,0,0,0
Gorilla_gorilla,Aotus_azarai,same-order,2,0,221,0,185.86472296714783,"no contig produced for g5e508502; stdout tail:


-----------------------------------------------
NOVOPlasty: The Organelle Assembler
Version 4.3.5
Author: Nicolas Dierckxsens, (c) 2015-2024
-----------------------------------------------


Input parameters from the configuration file:   *** Verify i",nan,nan,nan,nan,0,0,0
Gorilla_gorilla,Aotus_azarai,same-order,2,1,221,0,108.0795431137085,"no contig produced for g2957b594; stdout tail:


-----------------------------------------------
NOVOPlasty: The Organelle Assembler
Version 4.3.5
Author: Nicolas Dierckxsens, (c) 2015-2024
-----------------------------------------------


Input parameters from the configuration file:   *** Verify i",nan,nan,nan,nan,0,0,0
Gorilla_gorilla,Aotus_azarai,same-order,2,2,221,0,111.91245865821838,"no contig produced for gb05ee42e; stdout tail:


-----------------------------------------------
NOVOPlasty: The Organelle Assembler
Version 4.3.5
Author: Nicolas Dierckxsens, (c) 2015-2024
-----------------------------------------------


Input parameters from the configuration file:   *** Verify i",nan,nan,nan,nan,0,0,0
Gorilla_gorilla,Aotus_azarai,same-order,3,0,332,0,134.79478216171265,"no contig produced for g5f92ef35; stdout tail:


-----------------------------------------------
NOVOPlasty: The Organelle Assembler
Version 4.3.5
Author: Nicolas Dierckxsens, (c) 2015-2024
-----------------------------------------------


Input parameters from the configuration file:   *** Verify i",nan,nan,nan,nan,0,0,0
Gorilla_gorilla,Aotus_azarai,same-order,3,1,332,0,135.52443075180054,"no contig produced for g2895dfa3; stdout tail:


-----------------------------------------------
NOVOPlasty: The Organelle Assembler
Version 4.3.5
Author: Nicolas Dierckxsens, (c) 2015-2024
-----------------------------------------------


Input parameters from the configuration file:   *** Verify i",nan,nan,nan,nan,0,0,0
Homo_sapiens,Varecia_variegata,same-order,20,1,2262,0,844.019642829895,malformed contig for g3da3a7ca: unresolved-merge marker(s) ['*'] in NOVOPlasty output (len=16560),nan,nan,nan,nan,0,0,0
Homo_sapiens,Varecia_variegata,same-order,30,0,3393,16949,911.8712954521179,,99.90568818155025,0.9990568818155025,1.0,0.9995282184348647,16949,0,16
Homo_sapiens,Varecia_variegata,same-order,30,1,3393,0,1200.0075147151947,timed out after 1200s for g851fc0af,nan,nan,nan,nan,0,0,0
Homo_sapiens,Varecia_variegata,same-order,30,2,3393,16935,902.5059566497803,,99.82316534040672,0.9982316534040672,1.0,0.9991150442477876,16935,0,30
Gorilla_gorilla,Saimiri_sciureus,same-order,15,1,1648,16430,691.4048020839691,,99.7329124681316,0.997329124681316,1.0,0.99866277656212,16430,0,44
Gorilla_gorilla,Saimiri_sciureus,same-order,15,2,1648,16438,629.5382332801819,,99.78147383756222,0.9978147383756222,1.0,0.9989061740398639,16438,0,36
Gorilla_gorilla,Saimiri_sciureus,same-order,20,0,2197,16441,638.6141192913055,,99.7996843510987,0.997996843510987,1.0,0.9989974175907642,16441,0,33
Gorilla_gorilla,Saimiri_sciureus,same-order,20,2,2197,16425,650.3547217845917,,99.70256161223746,0.9970256161223746,1.0,0.9985105930271436,16425,0,49
Gorilla_gorilla,Saimiri_sciureus,same-order,20,1,2197,16458,653.584721326828,,99.90287726113877,0.9990287726113877,1.0,0.9995141503704603,16458,0,16
Gorilla_gorilla,Saimiri_sciureus,same-order,30,0,3295,16459,682.2254192829132,,99.90894743231759,0.999089474323176,1.0,0.9995445298029333,16459,0,15
Gorilla_gorilla,Saimiri_sciureus,same-order,30,1,3295,16446,659.3584797382355,,99.83003520699283,0.9983003520699284,1.0,0.9991494532199272,16446,0,28
Gorilla_gorilla,Saimiri_sciureus,same-order,30,2,3295,16440,656.2050077915192,,99.79361417991987,0.9979361417991988,1.0,0.9989670049219177,16440,0,34
Gorilla_gorilla,Aotus_azarai,same-order,4,1,442,250,40.56411528587341,,1.5101177891875566,0.015101177891875567,1.0,0.029753049687592983,250,0,16305
Gorilla_gorilla,Aotus_azarai,same-order,3,2,332,0,130.62385487556458,"no contig produced for gb19c8e19; stdout tail:


-----------------------------------------------
NOVOPlasty: The Organelle Assembler
Version 4.3.5
Author: Nicolas Dierckxsens, (c) 2015-2024
-----------------------------------------------


Input parameters from the configuration file:   *** Verify i",nan,nan,nan,nan,0,0,0
Gorilla_gorilla,Aotus_azarai,same-order,7,0,773,654,76.8475353717804,,3.9504681365146483,0.03950468136514648,1.0,0.07600674065895752,654,0,15901
Gorilla_gorilla,Aotus_azarai,same-order,7,1,773,572,78.48167181015015,,3.4551495016611296,0.0345514950166113,1.0,0.06679511881824021,572,0,15983
Gorilla_gorilla,Aotus_azarai,same-order,10,1,1104,0,0.8765044212341309,"no contig produced for g5a75055d; stdout tail:


-----------------------------------------------
NOVOPlasty: The Organelle Assembler
Version 4.3.5
Author: Nicolas Dierckxsens, (c) 2015-2024
-----------------------------------------------


Input parameters from the configuration file:   *** Verify i",nan,nan,nan,nan,0,0,0
Gorilla_gorilla,Aotus_azarai,same-order,4,0,442,0,134.2326738834381,"no contig produced for g5addf9b0; stdout tail:


-----------------------------------------------
NOVOPlasty: The Organelle Assembler
Version 4.3.5
Author: Nicolas Dierckxsens, (c) 2015-2024
-----------------------------------------------


Input parameters from the configuration file:   *** Verify i",nan,nan,nan,nan,0,0,0
Gorilla_gorilla,Aotus_azarai,same-order,4,2,442,0,122.31935930252075,"no contig produced for gb4d3989c; stdout tail:


-----------------------------------------------
NOVOPlasty: The Organelle Assembler
Version 4.3.5
Author: Nicolas Dierckxsens, (c) 2015-2024
-----------------------------------------------


Input parameters from the configuration file:   *** Verify i",nan,nan,nan,nan,0,0,0
Gorilla_gorilla,Aotus_azarai,same-order,5,0,552,0,124.45502972602844,"no contig produced for g5b1f9387; stdout tail:


-----------------------------------------------
NOVOPlasty: The Organelle Assembler
Version 4.3.5
Author: Nicolas Dierckxsens, (c) 2015-2024
-----------------------------------------------


Input parameters from the configuration file:   *** Verify i",nan,nan,nan,nan,0,0,0
Gorilla_gorilla,Aotus_azarai,same-order,10,0,1104,979,49.33016610145569,,5.913621262458472,0.05913621262458472,1.0,0.11166875784190716,979,0,15576
Gorilla_gorilla,Aotus_azarai,same-order,5,1,552,0,126.24562525749207,"no contig produced for g2c18a311; stdout tail:


-----------------------------------------------
NOVOPlasty: The Organelle Assembler
Version 4.3.5
Author: Nicolas Dierckxsens, (c) 2015-2024
-----------------------------------------------


Input parameters from the configuration file:   *** Verify i",nan,nan,nan,nan,0,0,0
Gorilla_gorilla,Aotus_azarai,same-order,6,2,663,0,127.00701904296875,"no contig produced for gb7574cf2; stdout tail:


-----------------------------------------------
NOVOPlasty: The Organelle Assembler
Version 4.3.5
Author: Nicolas Dierckxsens, (c) 2015-2024
-----------------------------------------------


Input parameters from the configuration file:   *** Verify i",nan,nan,nan,nan,0,0,0
Gorilla_gorilla,Aotus_azarai,same-order,6,0,663,0,127.5617733001709,"no contig produced for g59592dde; stdout tail:


-----------------------------------------------
NOVOPlasty: The Organelle Assembler
Version 4.3.5
Author: Nicolas Dierckxsens, (c) 2015-2024
-----------------------------------------------


Input parameters from the configuration file:   *** Verify i",nan,nan,nan,nan,0,0,0
Gorilla_gorilla,Aotus_azarai,same-order,6,1,663,0,128.13509678840637,"no contig produced for g2e5e1d48; stdout tail:


-----------------------------------------------
NOVOPlasty: The Organelle Assembler
Version 4.3.5
Author: Nicolas Dierckxsens, (c) 2015-2024
-----------------------------------------------


Input parameters from the configuration file:   *** Verify i",nan,nan,nan,nan,0,0,0
Gorilla_gorilla,Aotus_azarai,same-order,5,2,552,841,131.5732228755951,,5.0800362428269406,0.05080036242826941,1.0,0.09668889399862038,841,0,15714
Gorilla_gorilla,Aotus_azarai,same-order,8,1,883,2351,155.70863461494446,,14.201147689519782,0.14201147689519783,1.0,0.2487041150957368,2351,0,14204
Gorilla_gorilla,Aotus_azarai,same-order,7,2,773,1738,223.32688856124878,,10.498338870431894,0.10498338870431893,1.0,0.19001803968731207,1738,0,14817
Gorilla_gorilla,Aotus_azarai,same-order,8,0,883,2918,257.2866609096527,,17.62609483539716,0.1762609483539716,1.0,0.29969701638165663,2918,0,13637
Gorilla_gorilla,Varecia_variegata,same-order,1,0,114,0,128.32361006736755,"no contig produced for g55b8de99; stdout tail:


-----------------------------------------------
NOVOPlasty: The Organelle Assembler
Version 4.3.5
Author: Nicolas Dierckxsens, (c) 2015-2024
-----------------------------------------------


Input parameters from the configuration file:   *** Verify i",nan,nan,nan,nan,0,0,0
Gorilla_gorilla,Varecia_variegata,same-order,1,1,114,0,122.34812593460083,"no contig produced for g22bfee0f; stdout tail:


-----------------------------------------------
NOVOPlasty: The Organelle Assembler
Version 4.3.5
Author: Nicolas Dierckxsens, (c) 2015-2024
-----------------------------------------------


Input parameters from the configuration file:   *** Verify i",nan,nan,nan,nan,0,0,0
Gorilla_gorilla,Aotus_azarai,same-order,8,2,883,2738,293.41962599754333,,16.53881002718212,0.16538810027182121,1.0,0.28383351474628105,2738,0,13817
Gorilla_gorilla,Varecia_variegata,same-order,1,2,114,0,117.01864647865295,"no contig produced for gbbb6bfb5; stdout tail:


-----------------------------------------------
NOVOPlasty: The Organelle Assembler
Version 4.3.5
Author: Nicolas Dierckxsens, (c) 2015-2024
-----------------------------------------------


Input parameters from the configuration file:   *** Verify i",nan,nan,nan,nan,0,0,0
Gorilla_gorilla,Aotus_azarai,same-order,10,2,1104,12831,935.8536763191223,,77.50528541226215,0.7750528541226216,1.0,0.8732729871367318,12831,0,3724
Gorilla_gorilla,Aotus_azarai,same-order,15,0,1656,16518,702.2190041542053,,99.77650256720024,0.9977650256720024,1.0,0.9988812626613853,16518,0,37
Gorilla_gorilla,Aotus_azarai,same-order,15,1,1656,16523,722.5858192443848,,99.806704922984,0.9980670492298399,1.0,0.9990325896366165,16523,0,32
Gorilla_gorilla,Aotus_azarai,same-order,15,2,1656,16526,679.5563442707062,,99.82482633645424,0.9982482633645424,1.0,0.9991233638644539,16526,0,29
Gorilla_gorilla,Aotus_azarai,same-order,20,0,2208,16546,683.6250584125519,,99.94563575958925,0.9994563575958925,1.0,0.999728104891091,16546,0,9
Gorilla_gorilla,Aotus_azarai,same-order,20,1,2208,16541,683.7852919101715,,99.9154334038055,0.999154334038055,1.0,0.9995769881556684,16541,0,14
Gorilla_gorilla,Aotus_azarai,same-order,20,2,2208,16530,656.955785036087,,99.84898822108124,0.9984898822108125,1.0,0.999244370560677,16530,0,25
Gorilla_gorilla,Aotus_azarai,same-order,30,0,3311,16525,662.3550417423248,,99.8187858652975,0.9981878586529749,1.0,0.9990931076178959,16525,0,30
Gorilla_gorilla,Aotus_azarai,same-order,30,1,3311,16545,825.9073357582092,,99.9395952884325,0.9993959528843249,1.0,0.9996978851963746,16545,0,10
Gorilla_gorilla,Aotus_azarai,same-order,30,2,3311,16544,842.1554553508759,,99.93355481727575,0.9993355481727575,1.0,0.9996676636756398,16544,0,11
Gorilla_gorilla,Varecia_variegata,same-order,2,0,227,0,132.75088739395142,"no contig produced for g57fe60c0; stdout tail:


-----------------------------------------------
NOVOPlasty: The Organelle Assembler
Version 4.3.5
Author: Nicolas Dierckxsens, (c) 2015-2024
-----------------------------------------------


Input parameters from the configuration file:   *** Verify i",nan,nan,nan,nan,0,0,0
Gorilla_gorilla,Varecia_variegata,same-order,2,1,227,0,138.35120940208435,"no contig produced for g20f95056; stdout tail:


-----------------------------------------------
NOVOPlasty: The Organelle Assembler
Version 4.3.5
Author: Nicolas Dierckxsens, (c) 2015-2024
-----------------------------------------------


Input parameters from the configuration file:   *** Verify i",nan,nan,nan,nan,0,0,0
Gorilla_gorilla,Varecia_variegata,same-order,2,2,227,0,140.39136862754822,"no contig produced for gb9f001ec; stdout tail:


-----------------------------------------------
NOVOPlasty: The Organelle Assembler
Version 4.3.5
Author: Nicolas Dierckxsens, (c) 2015-2024
-----------------------------------------------


Input parameters from the configuration file:   *** Verify i",nan,nan,nan,nan,0,0,0
Gorilla_gorilla,Varecia_variegata,same-order,3,0,340,0,141.73550629615784,"no contig produced for g563c0af7; stdout tail:


-----------------------------------------------
NOVOPlasty: The Organelle Assembler
Version 4.3.5
Author: Nicolas Dierckxsens, (c) 2015-2024
-----------------------------------------------


Input parameters from the configuration file:   *** Verify i",nan,nan,nan,nan,0,0,0
Gorilla_gorilla,Varecia_variegata,same-order,3,1,340,0,144.01562070846558,"no contig produced for g213b3a61; stdout tail:


-----------------------------------------------
NOVOPlasty: The Organelle Assembler
Version 4.3.5
Author: Nicolas Dierckxsens, (c) 2015-2024
-----------------------------------------------


Input parameters from the configuration file:   *** Verify i",nan,nan,nan,nan,0,0,0
Gorilla_gorilla,Varecia_variegata,same-order,3,2,340,0,142.3261411190033,"no contig produced for gb8326bdb; stdout tail:


-----------------------------------------------
NOVOPlasty: The Organelle Assembler
Version 4.3.5
Author: Nicolas Dierckxsens, (c) 2015-2024
-----------------------------------------------


Input parameters from the configuration file:   *** Verify i",nan,nan,nan,nan,0,0,0
Gorilla_gorilla,Varecia_variegata,same-order,4,0,453,0,140.05380058288574,"no contig produced for g53731c72; stdout tail:


-----------------------------------------------
NOVOPlasty: The Organelle Assembler
Version 4.3.5
Author: Nicolas Dierckxsens, (c) 2015-2024
-----------------------------------------------


Input parameters from the configuration file:   *** Verify i",nan,nan,nan,nan,0,0,0
Gorilla_gorilla,Varecia_variegata,same-order,4,1,453,0,140.92289972305298,"no contig produced for g24742ce4; stdout tail:


-----------------------------------------------
NOVOPlasty: The Organelle Assembler
Version 4.3.5
Author: Nicolas Dierckxsens, (c) 2015-2024
-----------------------------------------------


Input parameters from the configuration file:   *** Verify i",nan,nan,nan,nan,0,0,0
Gorilla_gorilla,Varecia_variegata,same-order,6,0,679,0,141.40833520889282,"no contig produced for g50f7c81c; stdout tail:


-----------------------------------------------
NOVOPlasty: The Organelle Assembler
Version 4.3.5
Author: Nicolas Dierckxsens, (c) 2015-2024
-----------------------------------------------


Input parameters from the configuration file:   *** Verify i",nan,nan,nan,nan,0,0,0
Gorilla_gorilla,Varecia_variegata,same-order,5,2,566,0,142.44623160362244,"no contig produced for gbcbf1769; stdout tail:


-----------------------------------------------
NOVOPlasty: The Organelle Assembler
Version 4.3.5
Author: Nicolas Dierckxsens, (c) 2015-2024
-----------------------------------------------


Input parameters from the configuration file:   *** Verify i",nan,nan,nan,nan,0,0,0
Gorilla_gorilla,Varecia_variegata,same-order,4,2,453,0,144.70536851882935,"no contig produced for gbd7d7d5e; stdout tail:


-----------------------------------------------
NOVOPlasty: The Organelle Assembler
Version 4.3.5
Author: Nicolas Dierckxsens, (c) 2015-2024
-----------------------------------------------


Input parameters from the configuration file:   *** Verify i",nan,nan,nan,nan,0,0,0
Gorilla_gorilla,Varecia_variegata,same-order,5,0,566,0,145.5895881652832,"no contig produced for g52b17645; stdout tail:


-----------------------------------------------
NOVOPlasty: The Organelle Assembler
Version 4.3.5
Author: Nicolas Dierckxsens, (c) 2015-2024
-----------------------------------------------


Input parameters from the configuration file:   *** Verify i",nan,nan,nan,nan,0,0,0
Gorilla_gorilla,Varecia_variegata,same-order,5,1,566,0,145.37003540992737,"no contig produced for g25b646d3; stdout tail:


-----------------------------------------------
NOVOPlasty: The Organelle Assembler
Version 4.3.5
Author: Nicolas Dierckxsens, (c) 2015-2024
-----------------------------------------------


Input parameters from the configuration file:   *** Verify i",nan,nan,nan,nan,0,0,0
Gorilla_gorilla,Varecia_variegata,same-order,6,1,679,0,144.00764274597168,"no contig produced for g27f0f88a; stdout tail:


-----------------------------------------------
NOVOPlasty: The Organelle Assembler
Version 4.3.5
Author: Nicolas Dierckxsens, (c) 2015-2024
-----------------------------------------------


Input parameters from the configuration file:   *** Verify i",nan,nan,nan,nan,0,0,0
Gorilla_gorilla,Varecia_variegata,same-order,7,2,792,743,79.79386353492737,,4.379605069260242,0.043796050692602416,1.0,0.08391687372938784,743,0,16222
Gorilla_gorilla,Varecia_variegata,same-order,8,1,905,916,74.46477723121643,,5.399351606248158,0.05399351606248158,1.0,0.10245511995973379,916,0,16049
Gorilla_gorilla,Varecia_variegata,same-order,6,2,679,1228,166.04948163032532,,7.238432066018273,0.07238432066018273,1.0,0.1349969768592316,1228,0,15737
Gorilla_gorilla,Varecia_variegata,same-order,8,2,905,580,97.9790608882904,,3.4188034188034186,0.03418803418803419,1.0,0.06611570247933884,580,0,16385
Gorilla_gorilla,Varecia_variegata,same-order,7,0,792,4142,562.159951210022,,24.4149720011789,0.24414972001178897,1.0,0.392476429620505,4142,0,12823
Gorilla_gorilla,Varecia_variegata,same-order,7,1,792,2478,334.6867642402649,,14.606542882404952,0.14606542882404952,1.0,0.2548989353494831,2478,0,14487
Gorilla_gorilla,Varecia_variegata,same-order,8,0,905,3498,535.2864744663239,,20.618921308576482,0.20618921308576482,1.0,0.34188535405365783,3498,0,13467
Gorilla_gorilla,Varecia_variegata,same-order,10,0,1131,6204,462.713933467865,,36.56940760389036,0.36569407603890364,1.0,0.535543182701023,6204,0,10761
Gorilla_gorilla,Varecia_variegata,same-order,10,1,1131,4250,379.2457573413849,,25.051576775714707,0.25051576775714707,1.0,0.4006599104407259,4250,0,12715
Gorilla_gorilla,Varecia_variegata,same-order,10,2,1131,7040,507.91279768943787,,41.497200117889776,0.4149720011788977,1.0,0.5865444699021037,7040,0,9925
Gorilla_gorilla,Varecia_variegata,same-order,15,0,1697,16383,751.8069226741791,,96.56940760389037,0.9656940760389037,1.0,0.9825476790212306,16383,0,582
Gorilla_gorilla,Varecia_variegata,same-order,15,1,1697,16943,834.5409491062164,,99.8703212496316,0.998703212496316,1.0,0.9993511855609296,16943,0,22
Gorilla_gorilla,Varecia_variegata,same-order,15,2,1697,16709,848.8542840480804,,97.36270190895742,0.9812929197253137,0.9956153522734098,0.9884022539578426,16576,73,316
Gorilla_gorilla,Varecia_variegata,same-order,20,0,2262,16452,881.0058500766754,,96.9761273209549,0.9697612732095491,1.0,0.9846485321842177,16452,0,513
Gorilla_gorilla,Varecia_variegata,same-order,20,1,2262,0,804.3360481262207,malformed contig for g3da3a7ca: unresolved-merge marker(s) ['*'] in NOVOPlasty output (len=16560),nan,nan,nan,nan,0,0,0
Gorilla_gorilla,Varecia_variegata,same-order,20,2,2262,16950,836.1467905044556,,99.91158267020336,0.9991158267020336,1.0,0.9995577178239716,16950,0,15
Gorilla_gorilla,Varecia_variegata,same-order,30,0,3393,16949,874.2694456577301,,99.90568818155025,0.9990568818155025,1.0,0.9995282184348647,16949,0,16
Saimiri_boliviensis,Homo_sapiens,same-order,1,0,111,0,145.53209972381592,"no contig produced for g69d8b3a1; stdout tail:


-----------------------------------------------
NOVOPlasty: The Organelle Assembler
Version 4.3.5
Author: Nicolas Dierckxsens, (c) 2015-2024
-----------------------------------------------


Input parameters from the configuration file:   *** Verify i",nan,nan,nan,nan,0,0,0
Gorilla_gorilla,Varecia_variegata,same-order,30,1,3393,0,1200.013885974884,timed out after 1200s for g851fc0af,nan,nan,nan,nan,0,0,0
Saimiri_boliviensis,Homo_sapiens,same-order,3,0,332,254,96.07827877998352,,1.5329832820327116,0.015329832820327117,1.0,0.030196754443321643,254,0,16315
Saimiri_boliviensis,Homo_sapiens,same-order,1,1,111,0,150.9139895439148,"no contig produced for g1edf8337; stdout tail:


-----------------------------------------------
NOVOPlasty: The Organelle Assembler
Version 4.3.5
Author: Nicolas Dierckxsens, (c) 2015-2024
-----------------------------------------------


Input parameters from the configuration file:   *** Verify i",nan,nan,nan,nan,0,0,0
Saimiri_boliviensis,Homo_sapiens,same-order,4,1,442,245,96.40927171707153,,1.478664976763836,0.014786649767638362,1.0,0.02914238134887594,245,0,16324
Saimiri_boliviensis,Homo_sapiens,same-order,5,2,553,217,39.22536897659302,,1.309674693705112,0.01309674693705112,1.0,0.025854879065888244,217,0,16352
Saimiri_boliviensis,Homo_sapiens,same-order,1,2,111,0,149.20211791992188,"no contig produced for g87d6d28d; stdout tail:


-----------------------------------------------
NOVOPlasty: The Organelle Assembler
Version 4.3.5
Author: Nicolas Dierckxsens, (c) 2015-2024
-----------------------------------------------


Input parameters from the configuration file:   *** Verify i",nan,nan,nan,nan,0,0,0
Saimiri_boliviensis,Homo_sapiens,same-order,2,1,221,0,154.89336156845093,"no contig produced for g1c993d6e; stdout tail:


-----------------------------------------------
NOVOPlasty: The Organelle Assembler
Version 4.3.5
Author: Nicolas Dierckxsens, (c) 2015-2024
-----------------------------------------------


Input parameters from the configuration file:   *** Verify i",nan,nan,nan,nan,0,0,0
Saimiri_boliviensis,Homo_sapiens,same-order,2,0,221,0,155.6239297389984,"no contig produced for g6b9e0df8; stdout tail:


-----------------------------------------------
NOVOPlasty: The Organelle Assembler
Version 4.3.5
Author: Nicolas Dierckxsens, (c) 2015-2024
-----------------------------------------------


Input parameters from the configuration file:   *** Verify i",nan,nan,nan,nan,0,0,0
Saimiri_boliviensis,Homo_sapiens,same-order,3,1,332,0,157.74815106391907,"no contig produced for g1d5b5759; stdout tail:


-----------------------------------------------
NOVOPlasty: The Organelle Assembler
Version 4.3.5
Author: Nicolas Dierckxsens, (c) 2015-2024
-----------------------------------------------


Input parameters from the configuration file:   *** Verify i",nan,nan,nan,nan,0,0,0
Saimiri_boliviensis,Homo_sapiens,same-order,3,2,332,0,155.89556908607483,"no contig produced for g845206e3; stdout tail:


-----------------------------------------------
NOVOPlasty: The Organelle Assembler
Version 4.3.5
Author: Nicolas Dierckxsens, (c) 2015-2024
-----------------------------------------------


Input parameters from the configuration file:   *** Verify i",nan,nan,nan,nan,0,0,0
Saimiri_boliviensis,Homo_sapiens,same-order,2,2,221,0,162.0829997062683,"no contig produced for g85906cd4; stdout tail:


-----------------------------------------------
NOVOPlasty: The Organelle Assembler
Version 4.3.5
Author: Nicolas Dierckxsens, (c) 2015-2024
-----------------------------------------------


Input parameters from the configuration file:   *** Verify i",nan,nan,nan,nan,0,0,0
Saimiri_boliviensis,Homo_sapiens,same-order,4,2,442,519,130.49197721481323,,3.1323556038384934,0.031323556038384937,1.0,0.06074438202247191,519,0,16050
Saimiri_boliviensis,Homo_sapiens,same-order,4,0,442,0,162.57359528541565,"no contig produced for g6f13714a; stdout tail:


-----------------------------------------------
NOVOPlasty: The Organelle Assembler
Version 4.3.5
Author: Nicolas Dierckxsens, (c) 2015-2024
-----------------------------------------------


Input parameters from the configuration file:   *** Verify i",nan,nan,nan,nan,0,0,0
Gorilla_gorilla,Varecia_variegata,same-order,30,2,3393,16935,855.3024492263794,,99.82316534040672,0.9982316534040672,1.0,0.9991150442477876,16935,0,30
Saimiri_boliviensis,Homo_sapiens,same-order,7,2,774,371,62.31805896759033,,2.2391212505280946,0.022391212505280946,1.0,0.04380165289256198,371,0,16198
Saimiri_boliviensis,Homo_sapiens,same-order,8,0,884,154,58.67794322967529,,0.9294465568229827,0.009294465568229826,1.0,0.018417748011720383,154,0,16415
Saimiri_boliviensis,Homo_sapiens,same-order,7,1,774,938,83.90261459350586,,5.661174482467258,0.05661174482467258,1.0,0.10715713714514194,938,0,15631
Saimiri_boliviensis,Homo_sapiens,same-order,5,0,553,0,163.87857031822205,"no contig produced for g6ed11b7d; stdout tail:


-----------------------------------------------
NOVOPlasty: The Organelle Assembler
Version 4.3.5
Author: Nicolas Dierckxsens, (c) 2015-2024
-----------------------------------------------


Input parameters from the configuration file:   *** Verify i",nan,nan,nan,nan,0,0,0
Saimiri_boliviensis,Homo_sapiens,same-order,6,0,663,550,150.8101830482483,,3.3194519886535097,0.033194519886535094,1.0,0.0642560897248671,550,0,16019
Saimiri_boliviensis,Homo_sapiens,same-order,5,1,553,0,170.68991088867188,"no contig produced for g19d62beb; stdout tail:


-----------------------------------------------
NOVOPlasty: The Organelle Assembler
Version 4.3.5
Author: Nicolas Dierckxsens, (c) 2015-2024
-----------------------------------------------


Input parameters from the configuration file:   *** Verify i",nan,nan,nan,nan,0,0,0
Saimiri_boliviensis,Homo_sapiens,same-order,7,0,774,961,130.9362325668335,,5.7999879292654954,0.05799987929265496,1.0,0.1096406160867085,961,0,15608
Saimiri_boliviensis,Homo_sapiens,same-order,6,1,663,0,155.4734091758728,"no contig produced for g1b9095b2; stdout tail:


-----------------------------------------------
NOVOPlasty: The Organelle Assembler
Version 4.3.5
Author: Nicolas Dierckxsens, (c) 2015-2024
-----------------------------------------------


Input parameters from the configuration file:   *** Verify i",nan,nan,nan,nan,0,0,0
Saimiri_boliviensis,Homo_sapiens,same-order,8,1,884,1161,123.88310313224792,,7.007061379684954,0.07007061379684953,1.0,0.13096446700507614,1161,0,15408
Saimiri_boliviensis,Homo_sapiens,same-order,6,2,663,443,161.51072645187378,,2.6736676926790994,0.026736676926790996,1.0,0.0520808840818246,443,0,16126
Saimiri_boliviensis,Homo_sapiens,same-order,10,2,1105,1840,99.20693826675415,,11.105075743859015,0.11105075743859014,1.0,0.19990222173936661,1840,0,14729
Saimiri_boliviensis,Homo_sapiens,same-order,15,2,1657,3077,96.70965194702148,,18.57082503470336,0.18570825034703362,1.0,0.31324442634633004,3077,0,13492
Saimiri_boliviensis,Homo_sapiens,same-order,10,0,1105,2790,157.75834846496582,,16.838674633351438,0.1683867463335144,1.0,0.28823802882380284,2790,0,13779
Saimiri_boliviensis,Homo_sapiens,same-order,15,1,1657,3102,132.03242349624634,,18.721709216005795,0.18721709216005794,1.0,0.315388134817752,3102,0,13467
Saimiri_boliviensis,Homo_sapiens,same-order,15,0,1657,3105,142.3094563484192,,18.739815317762087,0.18739815317762085,1.0,0.31564501372369624,3105,0,13464
Saimiri_boliviensis,Homo_sapiens,same-order,20,0,2210,3102,114.03355813026428,,18.721709216005795,0.18721709216005794,1.0,0.315388134817752,3102,0,13467
Saimiri_boliviensis,Homo_sapiens,same-order,10,1,1105,3075,183.20891761779785,,18.558754300199165,0.18558754300199168,1.0,0.3130726939523519,3075,0,13494
Saimiri_boliviensis,Homo_sapiens,same-order,20,2,2210,3097,121.69406366348267,,18.691532379745308,0.18691532379745307,1.0,0.31495982914675075,3097,0,13472
Saimiri_boliviensis,Homo_sapiens,same-order,8,2,884,1824,221.12464094161987,,11.008509867825458,0.11008509867825457,1.0,0.19833632360137007,1824,0,14745
Saimiri_boliviensis,Homo_sapiens,same-order,20,1,2210,3097,131.43857336044312,,18.691532379745308,0.18691532379745307,1.0,0.31495982914675075,3097,0,13472
Saimiri_boliviensis,Homo_sapiens,same-order,30,2,3314,3098,101.4849967956543,,18.697567746997404,0.18697567746997404,1.0,0.3150455077032593,3098,0,13471
Saimiri_boliviensis,Homo_sapiens,same-order,30,0,3314,3092,125.02097010612488,,18.66135554348482,0.1866135554348482,1.0,0.31453130563043585,3092,0,13477
Saimiri_boliviensis,Homo_sapiens,same-order,30,1,3314,3079,121.92677450180054,,18.582895769207557,0.18582895769207555,1.0,0.31341612377850164,3079,0,13490
Saimiri_boliviensis,Gorilla_gorilla,same-order,1,0,110,0,136.25067472457886,"no contig produced for gdac28661; stdout tail:


-----------------------------------------------
NOVOPlasty: The Organelle Assembler
Version 4.3.5
Author: Nicolas Dierckxsens, (c) 2015-2024
-----------------------------------------------


Input parameters from the configuration file:   *** Verify i",nan,nan,nan,nan,0,0,0
Saimiri_boliviensis,Gorilla_gorilla,same-order,1,1,110,0,132.9579107761383,"no contig produced for gadc5b6f7; stdout tail:


-----------------------------------------------
NOVOPlasty: The Organelle Assembler
Version 4.3.5
Author: Nicolas Dierckxsens, (c) 2015-2024
-----------------------------------------------


Input parameters from the configuration file:   *** Verify i",nan,nan,nan,nan,0,0,0
Saimiri_boliviensis,Gorilla_gorilla,same-order,1,2,110,0,139.30244541168213,"no contig produced for g34cce74d; stdout tail:


-----------------------------------------------
NOVOPlasty: The Organelle Assembler
Version 4.3.5
Author: Nicolas Dierckxsens, (c) 2015-2024
-----------------------------------------------


Input parameters from the configuration file:   *** Verify i",nan,nan,nan,nan,0,0,0
Saimiri_boliviensis,Gorilla_gorilla,same-order,2,0,219,0,143.1405382156372,"no contig produced for gd8843838; stdout tail:


-----------------------------------------------
NOVOPlasty: The Organelle Assembler
Version 4.3.5
Author: Nicolas Dierckxsens, (c) 2015-2024
-----------------------------------------------


Input parameters from the configuration file:   *** Verify i",nan,nan,nan,nan,0,0,0
Saimiri_boliviensis,Gorilla_gorilla,same-order,2,1,219,0,148.5355544090271,"no contig produced for gaf8308ae; stdout tail:


-----------------------------------------------
NOVOPlasty: The Organelle Assembler
Version 4.3.5
Author: Nicolas Dierckxsens, (c) 2015-2024
-----------------------------------------------


Input parameters from the configuration file:   *** Verify i",nan,nan,nan,nan,0,0,0
Saimiri_boliviensis,Gorilla_gorilla,same-order,6,2,655,253,21.818393230438232,,1.5460767538499145,0.015460767538499145,1.0,0.030450743214780043,253,0,16111
Saimiri_boliviensis,Gorilla_gorilla,same-order,5,1,546,241,107.40571331977844,,1.4727450501099975,0.014727450501099975,1.0,0.029027401385124964,241,0,16123
Saimiri_boliviensis,Gorilla_gorilla,same-order,2,2,219,0,151.90866804122925,"no contig produced for g368a5914; stdout tail:


-----------------------------------------------
NOVOPlasty: The Organelle Assembler
Version 4.3.5
Author: Nicolas Dierckxsens, (c) 2015-2024
-----------------------------------------------


Input parameters from the configuration file:   *** Verify i",nan,nan,nan,nan,0,0,0
Saimiri_boliviensis,Gorilla_gorilla,same-order,3,0,328,0,154.58606839179993,"no contig produced for gd946520f; stdout tail:


-----------------------------------------------
NOVOPlasty: The Organelle Assembler
Version 4.3.5
Author: Nicolas Dierckxsens, (c) 2015-2024
-----------------------------------------------


Input parameters from the configuration file:   *** Verify i",nan,nan,nan,nan,0,0,0
Saimiri_boliviensis,Gorilla_gorilla,same-order,3,1,328,0,154.8415834903717,"no contig produced for gae416299; stdout tail:


-----------------------------------------------
NOVOPlasty: The Organelle Assembler
Version 4.3.5
Author: Nicolas Dierckxsens, (c) 2015-2024
-----------------------------------------------


Input parameters from the configuration file:   *** Verify i",nan,nan,nan,nan,0,0,0
Saimiri_boliviensis,Gorilla_gorilla,same-order,3,2,328,0,151.42099523544312,"no contig produced for g37483323; stdout tail:


-----------------------------------------------
NOVOPlasty: The Organelle Assembler
Version 4.3.5
Author: Nicolas Dierckxsens, (c) 2015-2024
-----------------------------------------------


Input parameters from the configuration file:   *** Verify i",nan,nan,nan,nan,0,0,0
Saimiri_boliviensis,Gorilla_gorilla,same-order,4,0,437,0,152.53706860542297,"no contig produced for gdc09448a; stdout tail:


-----------------------------------------------
NOVOPlasty: The Organelle Assembler
Version 4.3.5
Author: Nicolas Dierckxsens, (c) 2015-2024
-----------------------------------------------


Input parameters from the configuration file:   *** Verify i",nan,nan,nan,nan,0,0,0
Saimiri_boliviensis,Gorilla_gorilla,same-order,4,1,437,0,154.85659670829773,"no contig produced for gab0e741c; stdout tail:


-----------------------------------------------
NOVOPlasty: The Organelle Assembler
Version 4.3.5
Author: Nicolas Dierckxsens, (c) 2015-2024
-----------------------------------------------


Input parameters from the configuration file:   *** Verify i",nan,nan,nan,nan,0,0,0
Saimiri_boliviensis,Gorilla_gorilla,same-order,4,2,437,0,156.82686161994934,"no contig produced for g320725a6; stdout tail:


-----------------------------------------------
NOVOPlasty: The Organelle Assembler
Version 4.3.5
Author: Nicolas Dierckxsens, (c) 2015-2024
-----------------------------------------------


Input parameters from the configuration file:   *** Verify i",nan,nan,nan,nan,0,0,0
Saimiri_boliviensis,Gorilla_gorilla,same-order,5,0,546,0,154.9857099056244,"no contig produced for gddcb2ebd; stdout tail:


-----------------------------------------------
NOVOPlasty: The Organelle Assembler
Version 4.3.5
Author: Nicolas Dierckxsens, (c) 2015-2024
-----------------------------------------------


Input parameters from the configuration file:   *** Verify i",nan,nan,nan,nan,0,0,0
Saimiri_boliviensis,Gorilla_gorilla,same-order,5,2,546,0,161.21016597747803,"no contig produced for g33c54f91; stdout tail:


-----------------------------------------------
NOVOPlasty: The Organelle Assembler
Version 4.3.5
Author: Nicolas Dierckxsens, (c) 2015-2024
-----------------------------------------------


Input parameters from the configuration file:   *** Verify i",nan,nan,nan,nan,0,0,0
Saimiri_boliviensis,Gorilla_gorilla,same-order,6,0,655,0,163.99033784866333,"no contig produced for gdf8d90e4; stdout tail:


-----------------------------------------------
NOVOPlasty: The Organelle Assembler
Version 4.3.5
Author: Nicolas Dierckxsens, (c) 2015-2024
-----------------------------------------------


Input parameters from the configuration file:   *** Verify i",nan,nan,nan,nan,0,0,0
Saimiri_boliviensis,Gorilla_gorilla,same-order,7,1,764,738,125.1967043876648,,4.509899780004889,0.04509899780004889,1.0,0.08630569524032278,738,0,15626
Saimiri_boliviensis,Gorilla_gorilla,same-order,6,1,655,1078,178.1334159374237,,6.587631385969201,0.065876313859692,1.0,0.12360967778924434,1078,0,15286
Saimiri_boliviensis,Gorilla_gorilla,same-order,8,2,873,1818,155.0395007133484,,11.109753116597409,0.1110975311659741,1.0,0.19997800021999781,1818,0,14546
Saimiri_boliviensis,Gorilla_gorilla,same-order,8,0,873,2358,224.3170006275177,,14.409679784893669,0.1440967978489367,1.0,0.25189616493964323,2358,0,14006
Saimiri_boliviensis,Gorilla_gorilla,same-order,10,0,1091,3145,220.94259428977966,,19.219017355169886,0.19219017355169885,1.0,0.3224152955046389,3145,0,13219
Saimiri_boliviensis,Gorilla_gorilla,same-order,8,1,873,2384,242.46895670890808,,14.568565142996823,0.14568565142996823,1.0,0.25432046084915727,2384,0,13980
Saimiri_boliviensis,Saimiri_sciureus,same-genus,1,0,110,0,0.8437347412109375,"no contig produced for g8f7ff6f2; stdout tail:


-----------------------------------------------
NOVOPlasty: The Organelle Assembler
Version 4.3.5
Author: Nicolas Dierckxsens, (c) 2015-2024
-----------------------------------------------


Input parameters from the configuration file:   *** Verify i",nan,nan,nan,nan,0,0,0
Saimiri_boliviensis,Saimiri_sciureus,same-genus,1,1,110,0,0.863131046295166,"no contig produced for gf878c664; stdout tail:


-----------------------------------------------
NOVOPlasty: The Organelle Assembler
Version 4.3.5
Author: Nicolas Dierckxsens, (c) 2015-2024
-----------------------------------------------


Input parameters from the configuration file:   *** Verify i",nan,nan,nan,nan,0,0,0
Saimiri_boliviensis,Saimiri_sciureus,same-genus,1,2,110,0,0.8307716846466064,"no contig produced for g617197de; stdout tail:


-----------------------------------------------
NOVOPlasty: The Organelle Assembler
Version 4.3.5
Author: Nicolas Dierckxsens, (c) 2015-2024
-----------------------------------------------


Input parameters from the configuration file:   *** Verify i",nan,nan,nan,nan,0,0,0
Saimiri_boliviensis,Saimiri_sciureus,same-genus,2,0,220,0,0.9053525924682617,"no contig produced for g8d3948ab; stdout tail:


-----------------------------------------------
NOVOPlasty: The Organelle Assembler
Version 4.3.5
Author: Nicolas Dierckxsens, (c) 2015-2024
-----------------------------------------------


Input parameters from the configuration file:   *** Verify i",nan,nan,nan,nan,0,0,0
Saimiri_boliviensis,Saimiri_sciureus,same-genus,2,1,220,0,0.9125185012817383,"no contig produced for gfa3e783d; stdout tail:


-----------------------------------------------
NOVOPlasty: The Organelle Assembler
Version 4.3.5
Author: Nicolas Dierckxsens, (c) 2015-2024
-----------------------------------------------


Input parameters from the configuration file:   *** Verify i",nan,nan,nan,nan,0,0,0
Saimiri_boliviensis,Saimiri_sciureus,same-genus,2,2,220,0,0.8993656635284424,"no contig produced for g63372987; stdout tail:


-----------------------------------------------
NOVOPlasty: The Organelle Assembler
Version 4.3.5
Author: Nicolas Dierckxsens, (c) 2015-2024
-----------------------------------------------


Input parameters from the configuration file:   *** Verify i",nan,nan,nan,nan,0,0,0
Saimiri_boliviensis,Gorilla_gorilla,same-order,7,0,764,2084,276.4659447669983,,12.7352725494989,0.127352725494989,1.0,0.22593235039028617,2084,0,14280
Saimiri_boliviensis,Saimiri_sciureus,same-genus,3,1,330,0,0.938178539276123,"no contig produced for gfbfc120a; stdout tail:


-----------------------------------------------
NOVOPlasty: The Organelle Assembler
Version 4.3.5
Author: Nicolas Dierckxsens, (c) 2015-2024
-----------------------------------------------


Input parameters from the configuration file:   *** Verify i",nan,nan,nan,nan,0,0,0
Saimiri_boliviensis,Saimiri_sciureus,same-genus,3,2,330,0,0.9659936428070068,"no contig produced for g62f543b0; stdout tail:


-----------------------------------------------
NOVOPlasty: The Organelle Assembler
Version 4.3.5
Author: Nicolas Dierckxsens, (c) 2015-2024
-----------------------------------------------


Input parameters from the configuration file:   *** Verify i",nan,nan,nan,nan,0,0,0
Saimiri_boliviensis,Gorilla_gorilla,same-order,7,2,764,3881,554.3314225673676,,23.716695184551455,0.23716695184551453,1.0,0.38340330945912565,3881,0,12483
Saimiri_boliviensis,Saimiri_sciureus,same-genus,4,0,440,311,34.5221734046936,,1.8878232366152725,0.018878232366152724,1.0,0.03705689603812928,311,0,16163
Saimiri_boliviensis,Saimiri_sciureus,same-genus,3,0,330,244,50.04078149795532,,1.4811217676338473,0.014811217676338473,1.0,0.02919009450891255,244,0,16230
Saimiri_boliviensis,Gorilla_gorilla,same-order,10,1,1091,6030,327.88168001174927,,36.849181129308235,0.3684918112930824,1.0,0.5385371081539698,6030,0,10334
Saimiri_boliviensis,Gorilla_gorilla,same-order,10,2,1091,5850,281.85529351234436,,35.74920557320949,0.35749205573209486,1.0,0.5266948771045287,5850,0,10514
Saimiri_boliviensis,Gorilla_gorilla,same-order,15,0,1637,16341,908.0295779705048,,99.85944756783182,0.9985944756783183,1.0,0.9992967436171839,16341,0,23
Saimiri_boliviensis,Saimiri_sciureus,same-genus,4,1,440,274,41.29931640625,,1.6632269029986646,0.016632269029986647,1.0,0.03272032481490327,274,0,16200
Saimiri_boliviensis,Gorilla_gorilla,same-order,15,1,1637,16331,832.556890964508,,99.79833781471523,0.9979833781471523,1.0,0.9989906713564766,16331,0,33
Saimiri_boliviensis,Saimiri_sciureus,same-genus,6,0,659,263,20.43182897567749,,1.5964550200315648,0.01596455020031565,1.0,0.03142737647129115,263,0,16211
Saimiri_boliviensis,Saimiri_sciureus,same-genus,6,2,659,240,19.216411352157593,,1.4568410829185383,0.014568410829185382,1.0,0.02871843963144669,240,0,16234
Saimiri_boliviensis,Saimiri_sciureus,same-genus,7,0,769,278,26.347310066223145,,1.6875075877139736,0.016875075877139736,1.0,0.03319006685768864,278,0,16196
Saimiri_boliviensis,Gorilla_gorilla,same-order,15,2,1637,16316,749.4973094463348,,99.70667318504033,0.9970667318504033,1.0,0.998531211750306,16316,0,48
Saimiri_boliviensis,Saimiri_sciureus,same-genus,4,2,440,387,96.2338936328888,,2.330945732669661,0.023313702871713922,0.9922480620155039,0.045557005575987665,384,3,16087
Saimiri_boliviensis,Gorilla_gorilla,same-order,20,0,2182,16330,721.5650770664215,,99.79222683940357,0.9979222683940356,1.0,0.9989600538325075,16330,0,34
Saimiri_boliviensis,Saimiri_sciureus,same-genus,8,0,879,283,22.238152742385864,,1.7178584436081097,0.0171785844360811,1.0,0.033776929044578394,283,0,16191
Saimiri_boliviensis,Saimiri_sciureus,same-genus,5,2,550,574,79.42727136611938,,3.4842782566468373,0.034842782566468375,1.0,0.06733927733458471,574,0,15900
Saimiri_boliviensis,Gorilla_gorilla,same-order,20,1,2182,16334,752.0279161930084,,99.81667074065021,0.998166707406502,1.0,0.9990825126919077,16334,0,30
Saimiri_boliviensis,Saimiri_sciureus,same-genus,10,0,1099,217,22.24403214454651,,1.3172271458055118,0.013172271458055117,1.0,0.026002037025942126,217,0,16257
Saimiri_boliviensis,Gorilla_gorilla,same-order,20,2,2182,16348,733.0858223438263,,99.90222439501345,0.9990222439501344,1.0,0.9995108828564441,16348,0,16
Saimiri_boliviensis,Saimiri_sciureus,same-genus,5,1,550,827,133.79591512680054,,5.02003156489013,0.050200315648901296,1.0,0.09560141032310271,827,0,15647
Saimiri_boliviensis,Saimiri_sciureus,same-genus,5,0,550,950,164.26590180397034,,5.766662619885881,0.05766662619885881,1.0,0.10904499540863179,950,0,15524
Saimiri_boliviensis,Gorilla_gorilla,same-order,30,0,3273,16358,737.8334534168243,,99.96333414813004,0.9996333414813005,1.0,0.9998166371248702,16358,0,6
Saimiri_boliviensis,Gorilla_gorilla,same-order,30,1,3273,16357,710.2358031272888,,99.95722317281839,0.9995722317281838,1.0,0.9997860701078817,16357,0,7
Saimiri_boliviensis,Saimiri_sciureus,same-genus,10,2,1099,1061,114.26748013496399,,6.440451620735705,0.06440451620735704,1.0,0.1210151126318791,1061,0,15413
Saimiri_boliviensis,Gorilla_gorilla,same-order,30,2,3273,16340,716.265439748764,,99.85333659252017,0.9985333659252017,1.0,0.9992661448140899,16340,0,24
Saimiri_boliviensis,Saimiri_sciureus,same-genus,6,1,659,1000,271.89412689208984,,6.070171178827243,0.06070171178827243,1.0,0.11445576284765939,1000,0,15474
Saimiri_boliviensis,Saimiri_sciureus,same-genus,10,1,1099,1763,202.59899187088013,,10.70171178827243,0.10701711788272429,1.0,0.19334320337774852,1763,0,14711
Saimiri_boliviensis,Saimiri_sciureus,same-genus,8,1,879,1286,240.97653460502625,,7.8062401359718345,0.07806240135971834,1.0,0.1448198198198198,1286,0,15188
Saimiri_boliviensis,Saimiri_sciureus,same-genus,7,1,769,2327,250.1082034111023,,14.125288333130994,0.14125288333130995,1.0,0.24754002446678366,2327,0,14147
Saimiri_boliviensis,Saimiri_sciureus,same-genus,7,2,769,2499,295.5853705406189,,15.151147262352799,0.1515390686661405,0.9987995198079231,0.2631523458091724,2496,3,13975
Saimiri_boliviensis,Saimiri_sciureus,same-genus,8,2,879,3860,530.2235944271088,,23.43086075027316,0.23430860750273158,1.0,0.37965968328907246,3860,0,12614
Saimiri_boliviensis,Aotus_azarai,same-order,2,1,221,0,1.1363484859466553,"no contig produced for g2957b594; stdout tail:


-----------------------------------------------
NOVOPlasty: The Organelle Assembler
Version 4.3.5
Author: Nicolas Dierckxsens, (c) 2015-2024
-----------------------------------------------


Input parameters from the configuration file:   *** Verify i",nan,nan,nan,nan,0,0,0
Saimiri_boliviensis,Aotus_azarai,same-order,2,2,221,0,1.0367114543914795,"no contig produced for gb05ee42e; stdout tail:


-----------------------------------------------
NOVOPlasty: The Organelle Assembler
Version 4.3.5
Author: Nicolas Dierckxsens, (c) 2015-2024
-----------------------------------------------


Input parameters from the configuration file:   *** Verify i",nan,nan,nan,nan,0,0,0
Saimiri_boliviensis,Aotus_azarai,same-order,3,0,332,0,0.9552433490753174,"no contig produced for g5f92ef35; stdout tail:


-----------------------------------------------
NOVOPlasty: The Organelle Assembler
Version 4.3.5
Author: Nicolas Dierckxsens, (c) 2015-2024
-----------------------------------------------


Input parameters from the configuration file:   *** Verify i",nan,nan,nan,nan,0,0,0
Saimiri_boliviensis,Aotus_azarai,same-order,3,1,332,0,0.9561834335327148,"no contig produced for g2895dfa3; stdout tail:


-----------------------------------------------
NOVOPlasty: The Organelle Assembler
Version 4.3.5
Author: Nicolas Dierckxsens, (c) 2015-2024
-----------------------------------------------


Input parameters from the configuration file:   *** Verify i",nan,nan,nan,nan,0,0,0
Saimiri_boliviensis,Aotus_azarai,same-order,3,2,332,0,1.0519728660583496,"no contig produced for gb19c8e19; stdout tail:


-----------------------------------------------
NOVOPlasty: The Organelle Assembler
Version 4.3.5
Author: Nicolas Dierckxsens, (c) 2015-2024
-----------------------------------------------


Input parameters from the configuration file:   *** Verify i",nan,nan,nan,nan,0,0,0
Saimiri_boliviensis,Aotus_azarai,same-order,4,0,442,0,0.9535074234008789,"no contig produced for g5addf9b0; stdout tail:


-----------------------------------------------
NOVOPlasty: The Organelle Assembler
Version 4.3.5
Author: Nicolas Dierckxsens, (c) 2015-2024
-----------------------------------------------


Input parameters from the configuration file:   *** Verify i",nan,nan,nan,nan,0,0,0
Saimiri_boliviensis,Aotus_azarai,same-order,4,1,442,0,0.8251311779022217,"no contig produced for g2ddac926; stdout tail:


-----------------------------------------------
NOVOPlasty: The Organelle Assembler
Version 4.3.5
Author: Nicolas Dierckxsens, (c) 2015-2024
-----------------------------------------------


Input parameters from the configuration file:   *** Verify i",nan,nan,nan,nan,0,0,0
Saimiri_boliviensis,Aotus_azarai,same-order,4,2,442,0,0.8632996082305908,"no contig produced for gb4d3989c; stdout tail:


-----------------------------------------------
NOVOPlasty: The Organelle Assembler
Version 4.3.5
Author: Nicolas Dierckxsens, (c) 2015-2024
-----------------------------------------------


Input parameters from the configuration file:   *** Verify i",nan,nan,nan,nan,0,0,0
Saimiri_boliviensis,Aotus_azarai,same-order,5,0,552,0,0.9112534523010254,"no contig produced for g5b1f9387; stdout tail:


-----------------------------------------------
NOVOPlasty: The Organelle Assembler
Version 4.3.5
Author: Nicolas Dierckxsens, (c) 2015-2024
-----------------------------------------------


Input parameters from the configuration file:   *** Verify i",nan,nan,nan,nan,0,0,0
Saimiri_boliviensis,Aotus_azarai,same-order,5,1,552,0,0.8454608917236328,"no contig produced for g2c18a311; stdout tail:


-----------------------------------------------
NOVOPlasty: The Organelle Assembler
Version 4.3.5
Author: Nicolas Dierckxsens, (c) 2015-2024
-----------------------------------------------


Input parameters from the configuration file:   *** Verify i",nan,nan,nan,nan,0,0,0
Saimiri_boliviensis,Saimiri_sciureus,same-genus,15,0,1648,10588,920.4873516559601,,64.24669175670753,0.6426229508196721,0.9996222138269739,0.7823194618966663,10584,4,5886
Saimiri_boliviensis,Aotus_azarai,same-order,6,0,663,0,0.8136944770812988,"no contig produced for g59592dde; stdout tail:


-----------------------------------------------
NOVOPlasty: The Organelle Assembler
Version 4.3.5
Author: Nicolas Dierckxsens, (c) 2015-2024
-----------------------------------------------


Input parameters from the configuration file:   *** Verify i",nan,nan,nan,nan,0,0,0
Saimiri_boliviensis,Aotus_azarai,same-order,6,1,663,0,0.8129255771636963,"no contig produced for g2e5e1d48; stdout tail:


-----------------------------------------------
NOVOPlasty: The Organelle Assembler
Version 4.3.5
Author: Nicolas Dierckxsens, (c) 2015-2024
-----------------------------------------------


Input parameters from the configuration file:   *** Verify i",nan,nan,nan,nan,0,0,0
Saimiri_boliviensis,Aotus_azarai,same-order,6,2,663,0,0.8348488807678223,"no contig produced for gb7574cf2; stdout tail:


-----------------------------------------------
NOVOPlasty: The Organelle Assembler
Version 4.3.5
Author: Nicolas Dierckxsens, (c) 2015-2024
-----------------------------------------------


Input parameters from the configuration file:   *** Verify i",nan,nan,nan,nan,0,0,0
Saimiri_boliviensis,Aotus_azarai,same-order,7,0,773,0,0.8336887359619141,"no contig produced for g589b47e9; stdout tail:


-----------------------------------------------
NOVOPlasty: The Organelle Assembler
Version 4.3.5
Author: Nicolas Dierckxsens, (c) 2015-2024
-----------------------------------------------


Input parameters from the configuration file:   *** Verify i",nan,nan,nan,nan,0,0,0
Saimiri_boliviensis,Saimiri_sciureus,same-genus,15,1,1648,16430,802.281928062439,,99.7329124681316,0.997329124681316,1.0,0.99866277656212,16430,0,44
Saimiri_boliviensis,Aotus_azarai,same-order,1,0,111,0,138.7790288925171,"no contig produced for g5c163b5b; stdout tail:


-----------------------------------------------
NOVOPlasty: The Organelle Assembler
Version 4.3.5
Author: Nicolas Dierckxsens, (c) 2015-2024
-----------------------------------------------


Input parameters from the configuration file:   *** Verify i",nan,nan,nan,nan,0,0,0
Saimiri_boliviensis,Saimiri_sciureus,same-genus,15,2,1648,16438,759.7578451633453,,99.78147383756222,0.9978147383756222,1.0,0.9989061740398639,16438,0,36
Saimiri_boliviensis,Aotus_azarai,same-order,8,1,883,0,0.8460793495178223,"no contig produced for g24c03042; stdout tail:


-----------------------------------------------
NOVOPlasty: The Organelle Assembler
Version 4.3.5
Author: Nicolas Dierckxsens, (c) 2015-2024
-----------------------------------------------


Input parameters from the configuration file:   *** Verify i",nan,nan,nan,nan,0,0,0
Saimiri_boliviensis,Saimiri_sciureus,same-genus,20,0,2197,16441,754.8861017227173,,99.7996843510987,0.997996843510987,1.0,0.9989974175907642,16441,0,33
Saimiri_boliviensis,Saimiri_sciureus,same-genus,20,1,2197,16458,738.4103009700775,,99.90287726113877,0.9990287726113877,1.0,0.9995141503704603,16458,0,16
Saimiri_boliviensis,Aotus_azarai,same-order,1,1,111,0,132.62465381622314,"no contig produced for g2b110bcd; stdout tail:


-----------------------------------------------
NOVOPlasty: The Organelle Assembler
Version 4.3.5
Author: Nicolas Dierckxsens, (c) 2015-2024
-----------------------------------------------


Input parameters from the configuration file:   *** Verify i",nan,nan,nan,nan,0,0,0
Saimiri_boliviensis,Aotus_azarai,same-order,1,2,111,0,134.65120220184326,"no contig produced for gb2185a77; stdout tail:


-----------------------------------------------
NOVOPlasty: The Organelle Assembler
Version 4.3.5
Author: Nicolas Dierckxsens, (c) 2015-2024
-----------------------------------------------


Input parameters from the configuration file:   *** Verify i",nan,nan,nan,nan,0,0,0
Saimiri_boliviensis,Aotus_azarai,same-order,2,0,221,0,134.43409991264343,"no contig produced for g5e508502; stdout tail:


-----------------------------------------------
NOVOPlasty: The Organelle Assembler
Version 4.3.5
Author: Nicolas Dierckxsens, (c) 2015-2024
-----------------------------------------------


Input parameters from the configuration file:   *** Verify i",nan,nan,nan,nan,0,0,0
Saimiri_boliviensis,Aotus_azarai,same-order,10,0,1104,979,48.792702436447144,,5.913621262458472,0.05913621262458472,1.0,0.11166875784190716,979,0,15576
Saimiri_boliviensis,Aotus_azarai,same-order,5,2,552,841,107.58775997161865,,5.0800362428269406,0.05080036242826941,1.0,0.09668889399862038,841,0,15714
Saimiri_boliviensis,Saimiri_sciureus,same-genus,20,2,2197,16425,790.050888299942,,99.70256161223746,0.9970256161223746,1.0,0.9985105930271436,16425,0,49
Saimiri_boliviensis,Saimiri_sciureus,same-genus,30,0,3295,16459,784.5950520038605,,99.90894743231759,0.999089474323176,1.0,0.9995445298029333,16459,0,15
Saimiri_boliviensis,Saimiri_sciureus,same-genus,30,1,3295,16446,816.4157266616821,,99.83003520699283,0.9983003520699284,1.0,0.9991494532199272,16446,0,28
Saimiri_boliviensis,Aotus_azarai,same-order,7,1,773,1422,128.92128539085388,,8.589549984898822,0.08589549984898823,1.0,0.15820214718807366,1422,0,15133
Saimiri_boliviensis,Saimiri_sciureus,same-genus,30,2,3295,16440,788.866631269455,,99.79361417991987,0.9979361417991988,1.0,0.9989670049219177,16440,0,34
Saimiri_boliviensis,Aotus_azarai,same-order,10,2,1104,3735,216.92146825790405,,22.561159770462098,0.22561159770462097,1.0,0.3681616559881715,3735,0,12820
Saimiri_boliviensis,Aotus_azarai,same-order,8,2,883,2738,247.2621054649353,,16.53881002718212,0.16538810027182121,1.0,0.28383351474628105,2738,0,13817
Saimiri_boliviensis,Aotus_azarai,same-order,8,0,883,2918,256.6444425582886,,17.62609483539716,0.1762609483539716,1.0,0.29969701638165663,2918,0,13637
Saimiri_boliviensis,Aotus_azarai,same-order,7,2,773,2185,285.7127480506897,,13.198429477499245,0.13198429477499246,1.0,0.23319103521878337,2185,0,14370
Saimiri_boliviensis,Aotus_azarai,same-order,10,1,1104,5248,336.5067481994629,,31.70039263062519,0.3170039263062519,1.0,0.4814016419758749,5248,0,11307
Saimiri_boliviensis,Aotus_azarai,same-order,15,0,1656,16518,829.0436999797821,,99.77650256720024,0.9977650256720024,1.0,0.9988812626613853,16518,0,37
Saimiri_boliviensis,Varecia_variegata,same-order,1,0,114,0,119.84660005569458,"no contig produced for g55b8de99; stdout tail:


-----------------------------------------------
NOVOPlasty: The Organelle Assembler
Version 4.3.5
Author: Nicolas Dierckxsens, (c) 2015-2024
-----------------------------------------------


Input parameters from the configuration file:   *** Verify i",nan,nan,nan,nan,0,0,0
Saimiri_boliviensis,Aotus_azarai,same-order,15,1,1656,16523,873.1708352565765,,99.806704922984,0.9980670492298399,1.0,0.9990325896366165,16523,0,32
Saimiri_boliviensis,Aotus_azarai,same-order,15,2,1656,16526,831.2286205291748,,99.82482633645424,0.9982482633645424,1.0,0.9991233638644539,16526,0,29
Saimiri_boliviensis,Aotus_azarai,same-order,20,0,2208,16546,798.071483373642,,99.94563575958925,0.9994563575958925,1.0,0.999728104891091,16546,0,9
Saimiri_boliviensis,Aotus_azarai,same-order,20,1,2208,16541,855.5504698753357,,99.9154334038055,0.999154334038055,1.0,0.9995769881556684,16541,0,14
Saimiri_boliviensis,Aotus_azarai,same-order,20,2,2208,16530,890.1741812229156,,99.84898822108124,0.9984898822108125,1.0,0.999244370560677,16530,0,25
Saimiri_boliviensis,Varecia_variegata,same-order,1,1,114,0,128.53597211837769,"no contig produced for g22bfee0f; stdout tail:


-----------------------------------------------
NOVOPlasty: The Organelle Assembler
Version 4.3.5
Author: Nicolas Dierckxsens, (c) 2015-2024
-----------------------------------------------


Input parameters from the configuration file:   *** Verify i",nan,nan,nan,nan,0,0,0
Saimiri_boliviensis,Varecia_variegata,same-order,1,2,114,0,129.4506311416626,"no contig produced for gbbb6bfb5; stdout tail:


-----------------------------------------------
NOVOPlasty: The Organelle Assembler
Version 4.3.5
Author: Nicolas Dierckxsens, (c) 2015-2024
-----------------------------------------------


Input parameters from the configuration file:   *** Verify i",nan,nan,nan,nan,0,0,0
Saimiri_boliviensis,Aotus_azarai,same-order,30,0,3311,16525,885.8142805099487,,99.8187858652975,0.9981878586529749,1.0,0.9990931076178959,16525,0,30
Saimiri_boliviensis,Aotus_azarai,same-order,30,1,3311,16545,864.397712469101,,99.9395952884325,0.9993959528843249,1.0,0.9996978851963746,16545,0,10
Saimiri_boliviensis,Varecia_variegata,same-order,2,0,227,0,136.7268521785736,"no contig produced for g57fe60c0; stdout tail:


-----------------------------------------------
NOVOPlasty: The Organelle Assembler
Version 4.3.5
Author: Nicolas Dierckxsens, (c) 2015-2024
-----------------------------------------------


Input parameters from the configuration file:   *** Verify i",nan,nan,nan,nan,0,0,0
Saimiri_boliviensis,Aotus_azarai,same-order,30,2,3311,16544,890.1707682609558,,99.93355481727575,0.9993355481727575,1.0,0.9996676636756398,16544,0,11
Saimiri_boliviensis,Varecia_variegata,same-order,2,1,227,0,146.42128443717957,"no contig produced for g20f95056; stdout tail:


-----------------------------------------------
NOVOPlasty: The Organelle Assembler
Version 4.3.5
Author: Nicolas Dierckxsens, (c) 2015-2024
-----------------------------------------------


Input parameters from the configuration file:   *** Verify i",nan,nan,nan,nan,0,0,0
Saimiri_boliviensis,Varecia_variegata,same-order,5,0,566,593,107.9719386100769,,3.4954317712938403,0.0349543177129384,1.0,0.06754755666932452,593,0,16372
Saimiri_boliviensis,Varecia_variegata,same-order,2,2,227,0,155.96993970870972,"no contig produced for gb9f001ec; stdout tail:


-----------------------------------------------
NOVOPlasty: The Organelle Assembler
Version 4.3.5
Author: Nicolas Dierckxsens, (c) 2015-2024
-----------------------------------------------


Input parameters from the configuration file:   *** Verify i",nan,nan,nan,nan,0,0,0
Saimiri_boliviensis,Varecia_variegata,same-order,3,0,340,0,164.05281043052673,"no contig produced for g563c0af7; stdout tail:


-----------------------------------------------
NOVOPlasty: The Organelle Assembler
Version 4.3.5
Author: Nicolas Dierckxsens, (c) 2015-2024
-----------------------------------------------


Input parameters from the configuration file:   *** Verify i",nan,nan,nan,nan,0,0,0
Saimiri_boliviensis,Varecia_variegata,same-order,3,2,340,0,160.12363982200623,"no contig produced for gb8326bdb; stdout tail:


-----------------------------------------------
NOVOPlasty: The Organelle Assembler
Version 4.3.5
Author: Nicolas Dierckxsens, (c) 2015-2024
-----------------------------------------------


Input parameters from the configuration file:   *** Verify i",nan,nan,nan,nan,0,0,0
Saimiri_boliviensis,Varecia_variegata,same-order,3,1,340,0,163.09349250793457,"no contig produced for g213b3a61; stdout tail:


-----------------------------------------------
NOVOPlasty: The Organelle Assembler
Version 4.3.5
Author: Nicolas Dierckxsens, (c) 2015-2024
-----------------------------------------------


Input parameters from the configuration file:   *** Verify i",nan,nan,nan,nan,0,0,0
Saimiri_boliviensis,Varecia_variegata,same-order,4,0,453,0,161.590514421463,"no contig produced for g53731c72; stdout tail:


-----------------------------------------------
NOVOPlasty: The Organelle Assembler
Version 4.3.5
Author: Nicolas Dierckxsens, (c) 2015-2024
-----------------------------------------------


Input parameters from the configuration file:   *** Verify i",nan,nan,nan,nan,0,0,0
Saimiri_boliviensis,Varecia_variegata,same-order,4,1,453,0,158.4074993133545,"no contig produced for g24742ce4; stdout tail:


-----------------------------------------------
NOVOPlasty: The Organelle Assembler
Version 4.3.5
Author: Nicolas Dierckxsens, (c) 2015-2024
-----------------------------------------------


Input parameters from the configuration file:   *** Verify i",nan,nan,nan,nan,0,0,0
Saimiri_boliviensis,Varecia_variegata,same-order,6,0,679,996,129.6898274421692,,5.870910698496905,0.058709106984969055,1.0,0.11090696509103057,996,0,15969
Saimiri_boliviensis,Varecia_variegata,same-order,5,1,566,0,158.54199719429016,"no contig produced for g25b646d3; stdout tail:


-----------------------------------------------
NOVOPlasty: The Organelle Assembler
Version 4.3.5
Author: Nicolas Dierckxsens, (c) 2015-2024
-----------------------------------------------


Input parameters from the configuration file:   *** Verify i",nan,nan,nan,nan,0,0,0
Saimiri_boliviensis,Varecia_variegata,same-order,4,2,453,0,165.28835654258728,"no contig produced for gbd7d7d5e; stdout tail:


-----------------------------------------------
NOVOPlasty: The Organelle Assembler
Version 4.3.5
Author: Nicolas Dierckxsens, (c) 2015-2024
-----------------------------------------------


Input parameters from the configuration file:   *** Verify i",nan,nan,nan,nan,0,0,0
Saimiri_boliviensis,Varecia_variegata,same-order,5,2,566,0,157.7587010860443,"no contig produced for gbcbf1769; stdout tail:


-----------------------------------------------
NOVOPlasty: The Organelle Assembler
Version 4.3.5
Author: Nicolas Dierckxsens, (c) 2015-2024
-----------------------------------------------


Input parameters from the configuration file:   *** Verify i",nan,nan,nan,nan,0,0,0
Saimiri_boliviensis,Varecia_variegata,same-order,7,2,792,743,93.23524403572083,,4.379605069260242,0.043796050692602416,1.0,0.08391687372938784,743,0,16222
Saimiri_boliviensis,Varecia_variegata,same-order,6,1,679,1786,230.41734194755554,,10.527556734453286,0.10527556734453286,1.0,0.19049650685296782,1786,0,15179
Saimiri_boliviensis,Varecia_variegata,same-order,6,2,679,1228,193.79921960830688,,7.238432066018273,0.07238432066018273,1.0,0.1349969768592316,1228,0,15737
Saimiri_boliviensis,Varecia_variegata,same-order,8,2,905,1039,137.06684803962708,,6.124373710580607,0.06124373710580607,1.0,0.11541879582315041,1039,0,15926
Saimiri_boliviensis,Varecia_variegata,same-order,8,0,905,1699,227.91002130508423,,10.014736221632774,0.10014736221632774,1.0,0.18206172310330046,1699,0,15266
Saimiri_boliviensis,Varecia_variegata,same-order,7,0,792,2968,416.65231227874756,,17.49484232242853,0.1749484232242853,1.0,0.2977976220338133,2968,0,13997
Saimiri_boliviensis,Varecia_variegata,same-order,10,1,1131,2582,240.8617422580719,,15.219569702328323,0.15219569702328323,1.0,0.2641837622141505,2582,0,14383
Saimiri_boliviensis,Varecia_variegata,same-order,7,1,792,2478,352.29020953178406,,14.606542882404952,0.14606542882404952,1.0,0.2548989353494831,2478,0,14487
Saimiri_boliviensis,Varecia_variegata,same-order,8,1,905,3477,323.2769362926483,,20.495137046861185,0.20495137046861184,1.0,0.34018197828001173,3477,0,13488
Saimiri_boliviensis,Varecia_variegata,same-order,10,0,1131,6204,445.9990005493164,,36.56940760389036,0.36569407603890364,1.0,0.535543182701023,6204,0,10761
Saimiri_boliviensis,Varecia_variegata,same-order,10,2,1131,7040,547.1294162273407,,41.497200117889776,0.4149720011788977,1.0,0.5865444699021037,7040,0,9925
Saimiri_boliviensis,Varecia_variegata,same-order,15,0,1697,16383,933.6678297519684,,96.56940760389037,0.9656940760389037,1.0,0.9825476790212306,16383,0,582
Saimiri_boliviensis,Varecia_variegata,same-order,15,1,1697,16943,1014.7426164150238,,99.8703212496316,0.998703212496316,1.0,0.9993511855609296,16943,0,22
Saimiri_boliviensis,Varecia_variegata,same-order,15,2,1697,16709,992.3426020145416,,97.36270190895742,0.9812929197253137,0.9956153522734098,0.9884022539578426,16576,73,316
Saimiri_boliviensis,Varecia_variegata,same-order,20,0,2262,16452,889.0339195728302,,96.9761273209549,0.9697612732095491,1.0,0.9846485321842177,16452,0,513
Saimiri_sciureus,Homo_sapiens,same-order,1,0,111,0,129.72798585891724,"no contig produced for g69d8b3a1; stdout tail:


-----------------------------------------------
NOVOPlasty: The Organelle Assembler
Version 4.3.5
Author: Nicolas Dierckxsens, (c) 2015-2024
-----------------------------------------------


Input parameters from the configuration file:   *** Verify i",nan,nan,nan,nan,0,0,0
Saimiri_sciureus,Homo_sapiens,same-order,1,1,111,0,137.88001561164856,"no contig produced for g1edf8337; stdout tail:


-----------------------------------------------
NOVOPlasty: The Organelle Assembler
Version 4.3.5
Author: Nicolas Dierckxsens, (c) 2015-2024
-----------------------------------------------


Input parameters from the configuration file:   *** Verify i",nan,nan,nan,nan,0,0,0
Saimiri_sciureus,Homo_sapiens,same-order,3,0,332,254,82.31373643875122,,1.5329832820327116,0.015329832820327117,1.0,0.030196754443321643,254,0,16315
Saimiri_boliviensis,Varecia_variegata,same-order,20,1,2262,0,950.9153227806091,malformed contig for g3da3a7ca: unresolved-merge marker(s) ['*'] in NOVOPlasty output (len=16560),nan,nan,nan,nan,0,0,0
Saimiri_boliviensis,Varecia_variegata,same-order,20,2,2262,16950,900.1947250366211,,99.91158267020336,0.9991158267020336,1.0,0.9995577178239716,16950,0,15
Saimiri_boliviensis,Varecia_variegata,same-order,30,0,3393,16949,1045.802324295044,,99.90568818155025,0.9990568818155025,1.0,0.9995282184348647,16949,0,16
Saimiri_sciureus,Homo_sapiens,same-order,1,2,111,0,140.20898723602295,"no contig produced for g87d6d28d; stdout tail:


-----------------------------------------------
NOVOPlasty: The Organelle Assembler
Version 4.3.5
Author: Nicolas Dierckxsens, (c) 2015-2024
-----------------------------------------------


Input parameters from the configuration file:   *** Verify i",nan,nan,nan,nan,0,0,0
Saimiri_sciureus,Homo_sapiens,same-order,2,0,221,0,142.32818818092346,"no contig produced for g6b9e0df8; stdout tail:


-----------------------------------------------
NOVOPlasty: The Organelle Assembler
Version 4.3.5
Author: Nicolas Dierckxsens, (c) 2015-2024
-----------------------------------------------


Input parameters from the configuration file:   *** Verify i",nan,nan,nan,nan,0,0,0
Saimiri_sciureus,Homo_sapiens,same-order,2,1,221,0,147.6319522857666,"no contig produced for g1c993d6e; stdout tail:


-----------------------------------------------
NOVOPlasty: The Organelle Assembler
Version 4.3.5
Author: Nicolas Dierckxsens, (c) 2015-2024
-----------------------------------------------


Input parameters from the configuration file:   *** Verify i",nan,nan,nan,nan,0,0,0
Saimiri_sciureus,Homo_sapiens,same-order,2,2,221,0,150.79143929481506,"no contig produced for g85906cd4; stdout tail:


-----------------------------------------------
NOVOPlasty: The Organelle Assembler
Version 4.3.5
Author: Nicolas Dierckxsens, (c) 2015-2024
-----------------------------------------------


Input parameters from the configuration file:   *** Verify i",nan,nan,nan,nan,0,0,0
Saimiri_sciureus,Homo_sapiens,same-order,5,2,553,217,42.84428834915161,,1.309674693705112,0.01309674693705112,1.0,0.025854879065888244,217,0,16352
Saimiri_sciureus,Homo_sapiens,same-order,3,1,332,0,157.08598613739014,"no contig produced for g1d5b5759; stdout tail:


-----------------------------------------------
NOVOPlasty: The Organelle Assembler
Version 4.3.5
Author: Nicolas Dierckxsens, (c) 2015-2024
-----------------------------------------------


Input parameters from the configuration file:   *** Verify i",nan,nan,nan,nan,0,0,0
Saimiri_sciureus,Homo_sapiens,same-order,4,1,442,245,97.78981304168701,,1.478664976763836,0.014786649767638362,1.0,0.02914238134887594,245,0,16324
Saimiri_boliviensis,Varecia_variegata,same-order,30,1,3393,0,1200.018869638443,timed out after 1200s for g851fc0af,nan,nan,nan,nan,0,0,0
Saimiri_sciureus,Homo_sapiens,same-order,3,2,332,0,160.37734699249268,"no contig produced for g845206e3; stdout tail:


-----------------------------------------------
NOVOPlasty: The Organelle Assembler
Version 4.3.5
Author: Nicolas Dierckxsens, (c) 2015-2024
-----------------------------------------------


Input parameters from the configuration file:   *** Verify i",nan,nan,nan,nan,0,0,0
Saimiri_sciureus,Homo_sapiens,same-order,7,2,774,371,54.017749547958374,,2.2391212505280946,0.022391212505280946,1.0,0.04380165289256198,371,0,16198
Saimiri_sciureus,Homo_sapiens,same-order,4,0,442,0,159.26520204544067,"no contig produced for g6f13714a; stdout tail:


-----------------------------------------------
NOVOPlasty: The Organelle Assembler
Version 4.3.5
Author: Nicolas Dierckxsens, (c) 2015-2024
-----------------------------------------------


Input parameters from the configuration file:   *** Verify i",nan,nan,nan,nan,0,0,0
Saimiri_sciureus,Homo_sapiens,same-order,4,2,442,519,133.18003821372986,,3.1323556038384934,0.031323556038384937,1.0,0.06074438202247191,519,0,16050
Saimiri_boliviensis,Varecia_variegata,same-order,30,2,3393,16935,952.6770985126495,,99.82316534040672,0.9982316534040672,1.0,0.9991150442477876,16935,0,30
Saimiri_sciureus,Homo_sapiens,same-order,7,1,774,938,71.20434904098511,,5.661174482467258,0.05661174482467258,1.0,0.10715713714514194,938,0,15631
Saimiri_sciureus,Homo_sapiens,same-order,8,0,884,154,49.48112511634827,,0.9294465568229827,0.009294465568229826,1.0,0.018417748011720383,154,0,16415
Saimiri_sciureus,Homo_sapiens,same-order,6,2,663,670,94.71866536140442,,4.0436960589051845,0.04043696058905184,1.0,0.07773072684030397,670,0,15899
Saimiri_sciureus,Homo_sapiens,same-order,5,0,553,0,156.90317392349243,"no contig produced for g6ed11b7d; stdout tail:


-----------------------------------------------
NOVOPlasty: The Organelle Assembler
Version 4.3.5
Author: Nicolas Dierckxsens, (c) 2015-2024
-----------------------------------------------


Input parameters from the configuration file:   *** Verify i",nan,nan,nan,nan,0,0,0
Saimiri_sciureus,Homo_sapiens,same-order,6,0,663,550,138.948224067688,,3.3194519886535097,0.033194519886535094,1.0,0.0642560897248671,550,0,16019
Saimiri_sciureus,Homo_sapiens,same-order,5,1,553,0,155.38971495628357,"no contig produced for g19d62beb; stdout tail:


-----------------------------------------------
NOVOPlasty: The Organelle Assembler
Version 4.3.5
Author: Nicolas Dierckxsens, (c) 2015-2024
-----------------------------------------------


Input parameters from the configuration file:   *** Verify i",nan,nan,nan,nan,0,0,0
Saimiri_sciureus,Homo_sapiens,same-order,7,0,774,961,125.00502467155457,,5.7999879292654954,0.05799987929265496,1.0,0.1096406160867085,961,0,15608
Saimiri_sciureus,Homo_sapiens,same-order,6,1,663,0,164.19413805007935,"no contig produced for g1b9095b2; stdout tail:


-----------------------------------------------
NOVOPlasty: The Organelle Assembler
Version 4.3.5
Author: Nicolas Dierckxsens, (c) 2015-2024
-----------------------------------------------


Input parameters from the configuration file:   *** Verify i",nan,nan,nan,nan,0,0,0
Saimiri_sciureus,Homo_sapiens,same-order,8,1,884,1161,150.67675518989563,,7.007061379684954,0.07007061379684953,1.0,0.13096446700507614,1161,0,15408
Saimiri_sciureus,Homo_sapiens,same-order,10,2,1105,1840,135.23875403404236,,11.105075743859015,0.11105075743859014,1.0,0.19990222173936661,1840,0,14729
Saimiri_sciureus,Homo_sapiens,same-order,15,2,1657,3077,143.59860730171204,,18.57082503470336,0.18570825034703362,1.0,0.31324442634633004,3077,0,13492
Saimiri_sciureus,Homo_sapiens,same-order,20,0,2210,3102,168.6589424610138,,18.721709216005795,0.18721709216005794,1.0,0.315388134817752,3102,0,13467
Saimiri_sciureus,Homo_sapiens,same-order,10,0,1105,2790,194.3542618751526,,16.838674633351438,0.1683867463335144,1.0,0.28823802882380284,2790,0,13779
Saimiri_sciureus,Homo_sapiens,same-order,15,1,1657,3102,183.22527384757996,,18.721709216005795,0.18721709216005794,1.0,0.315388134817752,3102,0,13467
Saimiri_sciureus,Homo_sapiens,same-order,15,0,1657,3105,198.20487904548645,,18.739815317762087,0.18739815317762085,1.0,0.31564501372369624,3105,0,13464
Saimiri_sciureus,Homo_sapiens,same-order,20,1,2210,3097,175.74407982826233,,18.691532379745308,0.18691532379745307,1.0,0.31495982914675075,3097,0,13472
Saimiri_sciureus,Homo_sapiens,same-order,20,2,2210,3097,173.63602447509766,,18.691532379745308,0.18691532379745307,1.0,0.31495982914675075,3097,0,13472
Saimiri_sciureus,Homo_sapiens,same-order,30,2,3314,3098,145.294536113739,,18.697567746997404,0.18697567746997404,1.0,0.3150455077032593,3098,0,13471
Saimiri_sciureus,Homo_sapiens,same-order,30,0,3314,3092,173.04379963874817,,18.66135554348482,0.1866135554348482,1.0,0.31453130563043585,3092,0,13477
Saimiri_sciureus,Homo_sapiens,same-order,30,1,3314,3079,169.32746696472168,,18.582895769207557,0.18582895769207555,1.0,0.31341612377850164,3079,0,13490
Saimiri_sciureus,Homo_sapiens,same-order,10,1,1105,3075,232.57361221313477,,18.558754300199165,0.18558754300199168,1.0,0.3130726939523519,3075,0,13494
Saimiri_sciureus,Homo_sapiens,same-order,8,2,884,1824,266.91887855529785,,11.008509867825458,0.11008509867825457,1.0,0.19833632360137007,1824,0,14745
Saimiri_sciureus,Gorilla_gorilla,same-order,1,0,110,0,136.57946920394897,"no contig produced for gdac28661; stdout tail:


-----------------------------------------------
NOVOPlasty: The Organelle Assembler
Version 4.3.5
Author: Nicolas Dierckxsens, (c) 2015-2024
-----------------------------------------------


Input parameters from the configuration file:   *** Verify i",nan,nan,nan,nan,0,0,0
Saimiri_sciureus,Gorilla_gorilla,same-order,1,1,110,0,143.8211224079132,"no contig produced for gadc5b6f7; stdout tail:


-----------------------------------------------
NOVOPlasty: The Organelle Assembler
Version 4.3.5
Author: Nicolas Dierckxsens, (c) 2015-2024
-----------------------------------------------


Input parameters from the configuration file:   *** Verify i",nan,nan,nan,nan,0,0,0
Saimiri_sciureus,Gorilla_gorilla,same-order,1,2,110,0,140.42171907424927,"no contig produced for g34cce74d; stdout tail:


-----------------------------------------------
NOVOPlasty: The Organelle Assembler
Version 4.3.5
Author: Nicolas Dierckxsens, (c) 2015-2024
-----------------------------------------------


Input parameters from the configuration file:   *** Verify i",nan,nan,nan,nan,0,0,0
Saimiri_sciureus,Gorilla_gorilla,same-order,2,0,219,0,137.16533374786377,"no contig produced for gd8843838; stdout tail:


-----------------------------------------------
NOVOPlasty: The Organelle Assembler
Version 4.3.5
Author: Nicolas Dierckxsens, (c) 2015-2024
-----------------------------------------------


Input parameters from the configuration file:   *** Verify i",nan,nan,nan,nan,0,0,0
Saimiri_sciureus,Gorilla_gorilla,same-order,2,1,219,0,135.57160449028015,"no contig produced for gaf8308ae; stdout tail:


-----------------------------------------------
NOVOPlasty: The Organelle Assembler
Version 4.3.5
Author: Nicolas Dierckxsens, (c) 2015-2024
-----------------------------------------------


Input parameters from the configuration file:   *** Verify i",nan,nan,nan,nan,0,0,0
Saimiri_sciureus,Gorilla_gorilla,same-order,2,2,219,0,138.6001172065735,"no contig produced for g368a5914; stdout tail:


-----------------------------------------------
NOVOPlasty: The Organelle Assembler
Version 4.3.5
Author: Nicolas Dierckxsens, (c) 2015-2024
-----------------------------------------------


Input parameters from the configuration file:   *** Verify i",nan,nan,nan,nan,0,0,0
Saimiri_sciureus,Gorilla_gorilla,same-order,3,0,328,0,136.04446578025818,"no contig produced for gd946520f; stdout tail:


-----------------------------------------------
NOVOPlasty: The Organelle Assembler
Version 4.3.5
Author: Nicolas Dierckxsens, (c) 2015-2024
-----------------------------------------------


Input parameters from the configuration file:   *** Verify i",nan,nan,nan,nan,0,0,0
Saimiri_sciureus,Gorilla_gorilla,same-order,6,2,655,253,16.845983743667603,,1.5460767538499145,0.015460767538499145,1.0,0.030450743214780043,253,0,16111
Saimiri_sciureus,Gorilla_gorilla,same-order,3,2,328,0,135.1779284477234,"no contig produced for g37483323; stdout tail:


-----------------------------------------------
NOVOPlasty: The Organelle Assembler
Version 4.3.5
Author: Nicolas Dierckxsens, (c) 2015-2024
-----------------------------------------------


Input parameters from the configuration file:   *** Verify i",nan,nan,nan,nan,0,0,0
Saimiri_sciureus,Gorilla_gorilla,same-order,3,1,328,0,136.42658972740173,"no contig produced for gae416299; stdout tail:


-----------------------------------------------
NOVOPlasty: The Organelle Assembler
Version 4.3.5
Author: Nicolas Dierckxsens, (c) 2015-2024
-----------------------------------------------


Input parameters from the configuration file:   *** Verify i",nan,nan,nan,nan,0,0,0
Saimiri_sciureus,Gorilla_gorilla,same-order,4,0,437,0,138.28062200546265,"no contig produced for gdc09448a; stdout tail:


-----------------------------------------------
NOVOPlasty: The Organelle Assembler
Version 4.3.5
Author: Nicolas Dierckxsens, (c) 2015-2024
-----------------------------------------------


Input parameters from the configuration file:   *** Verify i",nan,nan,nan,nan,0,0,0
Saimiri_sciureus,Gorilla_gorilla,same-order,5,1,546,241,96.38431286811829,,1.4727450501099975,0.014727450501099975,1.0,0.029027401385124964,241,0,16123
Saimiri_sciureus,Gorilla_gorilla,same-order,4,1,437,0,139.22276616096497,"no contig produced for gab0e741c; stdout tail:


-----------------------------------------------
NOVOPlasty: The Organelle Assembler
Version 4.3.5
Author: Nicolas Dierckxsens, (c) 2015-2024
-----------------------------------------------


Input parameters from the configuration file:   *** Verify i",nan,nan,nan,nan,0,0,0
Saimiri_sciureus,Gorilla_gorilla,same-order,4,2,437,0,138.3687868118286,"no contig produced for g320725a6; stdout tail:


-----------------------------------------------
NOVOPlasty: The Organelle Assembler
Version 4.3.5
Author: Nicolas Dierckxsens, (c) 2015-2024
-----------------------------------------------


Input parameters from the configuration file:   *** Verify i",nan,nan,nan,nan,0,0,0
Saimiri_sciureus,Gorilla_gorilla,same-order,5,0,546,0,139.625470161438,"no contig produced for gddcb2ebd; stdout tail:


-----------------------------------------------
NOVOPlasty: The Organelle Assembler
Version 4.3.5
Author: Nicolas Dierckxsens, (c) 2015-2024
-----------------------------------------------


Input parameters from the configuration file:   *** Verify i",nan,nan,nan,nan,0,0,0
Saimiri_sciureus,Gorilla_gorilla,same-order,5,2,546,0,136.5363438129425,"no contig produced for g33c54f91; stdout tail:


-----------------------------------------------
NOVOPlasty: The Organelle Assembler
Version 4.3.5
Author: Nicolas Dierckxsens, (c) 2015-2024
-----------------------------------------------


Input parameters from the configuration file:   *** Verify i",nan,nan,nan,nan,0,0,0
Saimiri_sciureus,Gorilla_gorilla,same-order,6,0,655,0,136.36867952346802,"no contig produced for gdf8d90e4; stdout tail:


-----------------------------------------------
NOVOPlasty: The Organelle Assembler
Version 4.3.5
Author: Nicolas Dierckxsens, (c) 2015-2024
-----------------------------------------------


Input parameters from the configuration file:   *** Verify i",nan,nan,nan,nan,0,0,0
Saimiri_sciureus,Gorilla_gorilla,same-order,6,1,655,1078,148.98340344429016,,6.587631385969201,0.065876313859692,1.0,0.12360967778924434,1078,0,15286
Saimiri_sciureus,Gorilla_gorilla,same-order,8,2,873,1818,147.7299873828888,,11.109753116597409,0.1110975311659741,1.0,0.19997800021999781,1818,0,14546
Saimiri_sciureus,Gorilla_gorilla,same-order,8,0,873,2358,224.07321667671204,,14.409679784893669,0.1440967978489367,1.0,0.25189616493964323,2358,0,14006
Saimiri_sciureus,Gorilla_gorilla,same-order,10,0,1091,3145,218.3426012992859,,19.219017355169886,0.19219017355169885,1.0,0.3224152955046389,3145,0,13219
Saimiri_sciureus,Gorilla_gorilla,same-order,8,1,873,2384,254.03508758544922,,14.568565142996823,0.14568565142996823,1.0,0.25432046084915727,2384,0,13980
Saimiri_sciureus,Gorilla_gorilla,same-order,7,1,764,818,268.8846764564514,,4.998777804937668,0.04998777804937668,1.0,0.09521592364101966,818,0,15546
Saimiri_sciureus,Saimiri_boliviensis,same-genus,1,0,110,0,0.9604709148406982,"no contig produced for g2c6a6400; stdout tail:


-----------------------------------------------
NOVOPlasty: The Organelle Assembler
Version 4.3.5
Author: Nicolas Dierckxsens, (c) 2015-2024
-----------------------------------------------


Input parameters from the configuration file:   *** Verify i",nan,nan,nan,nan,0,0,0
Saimiri_sciureus,Saimiri_boliviensis,same-genus,1,1,110,0,0.9338643550872803,"no contig produced for g5b6d5496; stdout tail:


-----------------------------------------------
NOVOPlasty: The Organelle Assembler
Version 4.3.5
Author: Nicolas Dierckxsens, (c) 2015-2024
-----------------------------------------------


Input parameters from the configuration file:   *** Verify i",nan,nan,nan,nan,0,0,0
Saimiri_sciureus,Saimiri_boliviensis,same-genus,1,2,110,0,0.860936164855957,"no contig produced for gc264052c; stdout tail:


-----------------------------------------------
NOVOPlasty: The Organelle Assembler
Version 4.3.5
Author: Nicolas Dierckxsens, (c) 2015-2024
-----------------------------------------------


Input parameters from the configuration file:   *** Verify i",nan,nan,nan,nan,0,0,0
Saimiri_sciureus,Saimiri_boliviensis,same-genus,2,0,220,0,0.9625639915466309,"no contig produced for g2e2cda59; stdout tail:


-----------------------------------------------
NOVOPlasty: The Organelle Assembler
Version 4.3.5
Author: Nicolas Dierckxsens, (c) 2015-2024
-----------------------------------------------


Input parameters from the configuration file:   *** Verify i",nan,nan,nan,nan,0,0,0
Saimiri_sciureus,Saimiri_boliviensis,same-genus,2,1,220,0,0.8913016319274902,"no contig produced for g592beacf; stdout tail:


-----------------------------------------------
NOVOPlasty: The Organelle Assembler
Version 4.3.5
Author: Nicolas Dierckxsens, (c) 2015-2024
-----------------------------------------------


Input parameters from the configuration file:   *** Verify i",nan,nan,nan,nan,0,0,0
Saimiri_sciureus,Saimiri_boliviensis,same-genus,2,2,220,0,0.994516134262085,"no contig produced for gc022bb75; stdout tail:


-----------------------------------------------
NOVOPlasty: The Organelle Assembler
Version 4.3.5
Author: Nicolas Dierckxsens, (c) 2015-2024
-----------------------------------------------


Input parameters from the configuration file:   *** Verify i",nan,nan,nan,nan,0,0,0
Saimiri_sciureus,Saimiri_boliviensis,same-genus,3,0,330,0,1.008718729019165,"no contig produced for g2feeb06e; stdout tail:


-----------------------------------------------
NOVOPlasty: The Organelle Assembler
Version 4.3.5
Author: Nicolas Dierckxsens, (c) 2015-2024
-----------------------------------------------


Input parameters from the configuration file:   *** Verify i",nan,nan,nan,nan,0,0,0
Saimiri_sciureus,Gorilla_gorilla,same-order,7,0,764,2084,285.7747390270233,,12.7352725494989,0.127352725494989,1.0,0.22593235039028617,2084,0,14280
Saimiri_sciureus,Saimiri_boliviensis,same-genus,3,2,330,0,1.3414361476898193,"no contig produced for gc1e0d142; stdout tail:


-----------------------------------------------
NOVOPlasty: The Organelle Assembler
Version 4.3.5
Author: Nicolas Dierckxsens, (c) 2015-2024
-----------------------------------------------


Input parameters from the configuration file:   *** Verify i",nan,nan,nan,nan,0,0,0
Saimiri_sciureus,Gorilla_gorilla,same-order,7,2,764,3881,572.4224054813385,,23.716695184551455,0.23716695184551453,1.0,0.38340330945912565,3881,0,12483
Saimiri_sciureus,Saimiri_boliviensis,same-genus,3,1,330,248,26.89407181739807,,1.5056766437981908,0.015056766437981907,1.0,0.029666846103235837,248,0,16223
Saimiri_sciureus,Gorilla_gorilla,same-order,10,1,1091,6030,382.0270450115204,,36.849181129308235,0.3684918112930824,1.0,0.5385371081539698,6030,0,10334
Saimiri_sciureus,Gorilla_gorilla,same-order,10,2,1091,5850,331.2777223587036,,35.74920557320949,0.35749205573209486,1.0,0.5266948771045287,5850,0,10514
Saimiri_sciureus,Saimiri_boliviensis,same-genus,4,1,440,252,22.85081934928894,,1.529961750956226,0.01529961750956226,1.0,0.030138133110087898,252,0,16219
Saimiri_sciureus,Saimiri_boliviensis,same-genus,4,0,440,232,48.40490794181824,,1.4085362151660494,0.014085362151660494,1.0,0.027779440819014546,232,0,16239
Saimiri_sciureus,Gorilla_gorilla,same-order,15,0,1637,16341,959.4255356788635,,99.85944756783182,0.9985944756783183,1.0,0.9992967436171839,16341,0,23
Saimiri_sciureus,Gorilla_gorilla,same-order,15,1,1637,16331,933.7378916740417,,99.79833781471523,0.9979833781471523,1.0,0.9989906713564766,16331,0,33
Saimiri_sciureus,Gorilla_gorilla,same-order,15,2,1637,16316,851.0127854347229,,99.70667318504033,0.9970667318504033,1.0,0.998531211750306,16316,0,48
Saimiri_sciureus,Gorilla_gorilla,same-order,20,0,2182,16330,885.2262630462646,,99.79222683940357,0.9979222683940356,1.0,0.9989600538325075,16330,0,34
Saimiri_sciureus,Saimiri_boliviensis,same-genus,5,0,550,454,62.69705390930176,,2.7563596624370104,0.027563596624370103,1.0,0.05364844903988183,454,0,16017
Saimiri_sciureus,Saimiri_boliviensis,same-genus,6,2,659,668,55.56232810020447,,4.055612895391901,0.04055612895391901,1.0,0.07795087227959625,668,0,15803
Saimiri_sciureus,Saimiri_boliviensis,same-genus,6,0,659,476,76.37170720100403,,2.889927751806205,0.02889927751806205,1.0,0.05617513424204874,476,0,15995
Saimiri_sciureus,Saimiri_boliviensis,same-genus,5,2,550,485,87.94673919677734,,2.9445692429117845,0.029445692429117844,1.0,0.05720688841707951,485,0,15986
Saimiri_sciureus,Gorilla_gorilla,same-order,20,1,2182,16334,922.9310865402222,,99.81667074065021,0.998166707406502,1.0,0.9990825126919077,16334,0,30
Saimiri_sciureus,Saimiri_boliviensis,same-genus,5,1,550,1017,112.27906489372253,,6.1744884949304835,0.061744884949304836,1.0,0.11630832570905765,1017,0,15454
Saimiri_sciureus,Gorilla_gorilla,same-order,20,2,2182,16348,861.2626647949219,,99.90222439501345,0.9990222439501344,1.0,0.9995108828564441,16348,0,16
Saimiri_sciureus,Saimiri_boliviensis,same-genus,4,2,440,872,159.9637758731842,,5.294153360451703,0.05294153360451703,1.0,0.10055930346537507,872,0,15599
Saimiri_sciureus,Saimiri_boliviensis,same-genus,10,1,1099,274,27.559653520584106,,1.6635298403254204,0.016635298403254204,1.0,0.03272618692146909,274,0,16197
Saimiri_sciureus,Gorilla_gorilla,same-order,30,0,3273,16358,906.8187417984009,,99.96333414813004,0.9996333414813005,1.0,0.9998166371248702,16358,0,6
Saimiri_sciureus,Gorilla_gorilla,same-order,30,1,3273,16357,887.2901034355164,,99.95722317281839,0.9995722317281838,1.0,0.9997860701078817,16357,0,7
Saimiri_sciureus,Saimiri_boliviensis,same-genus,7,2,769,1306,162.85259199142456,,7.929087487098537,0.07929087487098536,1.0,0.14693142824998595,1306,0,15165
Saimiri_sciureus,Saimiri_boliviensis,same-genus,6,1,659,876,218.31396913528442,,5.318438467609738,0.05318438467609738,1.0,0.1009972905977979,876,0,15595
Saimiri_sciureus,Gorilla_gorilla,same-order,30,2,3273,16340,868.1662755012512,,99.85333659252017,0.9985333659252017,1.0,0.9992661448140899,16340,0,24
Saimiri_sciureus,Saimiri_boliviensis,same-genus,8,1,879,797,179.7142722606659,,4.838807601238541,0.04838807601238541,1.0,0.09230947417187862,797,0,15674
Saimiri_sciureus,Saimiri_boliviensis,same-genus,8,2,879,2083,247.84851479530334,,12.6464695525469,0.12646469552546902,1.0,0.2245337932521289,2083,0,14388
Saimiri_sciureus,Saimiri_boliviensis,same-genus,7,0,769,1554,294.44503235816956,,9.434764130896728,0.09434764130896728,1.0,0.17242718446601943,1554,0,14917
Saimiri_sciureus,Saimiri_boliviensis,same-genus,7,1,769,1733,212.5259690284729,,10.521522676218808,0.10521522676218809,1.0,0.1903977147879587,1733,0,14738
Saimiri_sciureus,Saimiri_boliviensis,same-genus,10,2,1099,2593,219.91820907592773,,15.742820715196405,0.15742820715196407,1.0,0.272031053294167,2593,0,13878
Saimiri_sciureus,Saimiri_boliviensis,same-genus,8,0,879,1985,269.8578760623932,,12.051484427175035,0.12051484427175035,1.0,0.21510619852622456,1985,0,14486
Saimiri_sciureus,Saimiri_boliviensis,same-genus,10,0,1099,0,1200.014945268631,timed out after 1200s for gd1bbc1e8,nan,nan,nan,nan,0,0,0
Saimiri_sciureus,Aotus_azarai,same-order,2,1,221,0,0.915823221206665,"no contig produced for g2957b594; stdout tail:


-----------------------------------------------
NOVOPlasty: The Organelle Assembler
Version 4.3.5
Author: Nicolas Dierckxsens, (c) 2015-2024
-----------------------------------------------


Input parameters from the configuration file:   *** Verify i",nan,nan,nan,nan,0,0,0
Saimiri_sciureus,Aotus_azarai,same-order,2,2,221,0,0.8813505172729492,"no contig produced for gb05ee42e; stdout tail:


-----------------------------------------------
NOVOPlasty: The Organelle Assembler
Version 4.3.5
Author: Nicolas Dierckxsens, (c) 2015-2024
-----------------------------------------------


Input parameters from the configuration file:   *** Verify i",nan,nan,nan,nan,0,0,0
Saimiri_sciureus,Aotus_azarai,same-order,3,0,332,0,0.918696403503418,"no contig produced for g5f92ef35; stdout tail:


-----------------------------------------------
NOVOPlasty: The Organelle Assembler
Version 4.3.5
Author: Nicolas Dierckxsens, (c) 2015-2024
-----------------------------------------------


Input parameters from the configuration file:   *** Verify i",nan,nan,nan,nan,0,0,0
Saimiri_sciureus,Aotus_azarai,same-order,3,1,332,0,0.9324185848236084,"no contig produced for g2895dfa3; stdout tail:


-----------------------------------------------
NOVOPlasty: The Organelle Assembler
Version 4.3.5
Author: Nicolas Dierckxsens, (c) 2015-2024
-----------------------------------------------


Input parameters from the configuration file:   *** Verify i",nan,nan,nan,nan,0,0,0
Saimiri_sciureus,Aotus_azarai,same-order,3,2,332,0,0.9881019592285156,"no contig produced for gb19c8e19; stdout tail:


-----------------------------------------------
NOVOPlasty: The Organelle Assembler
Version 4.3.5
Author: Nicolas Dierckxsens, (c) 2015-2024
-----------------------------------------------


Input parameters from the configuration file:   *** Verify i",nan,nan,nan,nan,0,0,0
Saimiri_sciureus,Aotus_azarai,same-order,4,0,442,0,1.0241198539733887,"no contig produced for g5addf9b0; stdout tail:


-----------------------------------------------
NOVOPlasty: The Organelle Assembler
Version 4.3.5
Author: Nicolas Dierckxsens, (c) 2015-2024
-----------------------------------------------


Input parameters from the configuration file:   *** Verify i",nan,nan,nan,nan,0,0,0
Saimiri_sciureus,Aotus_azarai,same-order,4,1,442,0,1.0586118698120117,"no contig produced for g2ddac926; stdout tail:


-----------------------------------------------
NOVOPlasty: The Organelle Assembler
Version 4.3.5
Author: Nicolas Dierckxsens, (c) 2015-2024
-----------------------------------------------


Input parameters from the configuration file:   *** Verify i",nan,nan,nan,nan,0,0,0
Saimiri_sciureus,Aotus_azarai,same-order,4,2,442,0,1.0252785682678223,"no contig produced for gb4d3989c; stdout tail:


-----------------------------------------------
NOVOPlasty: The Organelle Assembler
Version 4.3.5
Author: Nicolas Dierckxsens, (c) 2015-2024
-----------------------------------------------


Input parameters from the configuration file:   *** Verify i",nan,nan,nan,nan,0,0,0
Saimiri_sciureus,Aotus_azarai,same-order,5,0,552,0,1.067201852798462,"no contig produced for g5b1f9387; stdout tail:


-----------------------------------------------
NOVOPlasty: The Organelle Assembler
Version 4.3.5
Author: Nicolas Dierckxsens, (c) 2015-2024
-----------------------------------------------


Input parameters from the configuration file:   *** Verify i",nan,nan,nan,nan,0,0,0
Saimiri_sciureus,Aotus_azarai,same-order,5,1,552,0,0.9963085651397705,"no contig produced for g2c18a311; stdout tail:


-----------------------------------------------
NOVOPlasty: The Organelle Assembler
Version 4.3.5
Author: Nicolas Dierckxsens, (c) 2015-2024
-----------------------------------------------


Input parameters from the configuration file:   *** Verify i",nan,nan,nan,nan,0,0,0
Saimiri_sciureus,Saimiri_boliviensis,same-genus,15,0,1648,16397,949.6197090148926,,99.55072551757635,0.9955072551757634,1.0,0.9977485700377265,16397,0,74
Saimiri_sciureus,Saimiri_boliviensis,same-genus,15,1,1648,16405,950.2280299663544,,99.59929573189241,0.9959929573189241,1.0,0.9979924565032242,16405,0,66
Saimiri_sciureus,Aotus_azarai,same-order,6,0,663,0,0.9768178462982178,"no contig produced for g59592dde; stdout tail:


-----------------------------------------------
NOVOPlasty: The Organelle Assembler
Version 4.3.5
Author: Nicolas Dierckxsens, (c) 2015-2024
-----------------------------------------------


Input parameters from the configuration file:   *** Verify i",nan,nan,nan,nan,0,0,0
Saimiri_sciureus,Aotus_azarai,same-order,6,1,663,0,1.1692121028900146,"no contig produced for g2e5e1d48; stdout tail:


-----------------------------------------------
NOVOPlasty: The Organelle Assembler
Version 4.3.5
Author: Nicolas Dierckxsens, (c) 2015-2024
-----------------------------------------------


Input parameters from the configuration file:   *** Verify i",nan,nan,nan,nan,0,0,0
Saimiri_sciureus,Aotus_azarai,same-order,6,2,663,0,1.1426327228546143,"no contig produced for gb7574cf2; stdout tail:


-----------------------------------------------
NOVOPlasty: The Organelle Assembler
Version 4.3.5
Author: Nicolas Dierckxsens, (c) 2015-2024
-----------------------------------------------


Input parameters from the configuration file:   *** Verify i",nan,nan,nan,nan,0,0,0
Saimiri_sciureus,Aotus_azarai,same-order,7,0,773,0,1.2091538906097412,"no contig produced for g589b47e9; stdout tail:


-----------------------------------------------
NOVOPlasty: The Organelle Assembler
Version 4.3.5
Author: Nicolas Dierckxsens, (c) 2015-2024
-----------------------------------------------


Input parameters from the configuration file:   *** Verify i",nan,nan,nan,nan,0,0,0
Saimiri_sciureus,Saimiri_boliviensis,same-genus,15,2,1648,10831,1045.628163576126,,65.75799890717018,0.6575799890717018,1.0,0.7934217273459819,10831,0,5640
Saimiri_sciureus,Saimiri_boliviensis,same-genus,20,0,2197,16446,986.7438158988953,,99.84821808026228,0.9984821808026227,1.0,0.9992405140201112,16446,0,25
Saimiri_sciureus,Aotus_azarai,same-order,8,1,883,0,1.2191474437713623,"no contig produced for g24c03042; stdout tail:


-----------------------------------------------
NOVOPlasty: The Organelle Assembler
Version 4.3.5
Author: Nicolas Dierckxsens, (c) 2015-2024
-----------------------------------------------


Input parameters from the configuration file:   *** Verify i",nan,nan,nan,nan,0,0,0
Saimiri_sciureus,Aotus_azarai,same-order,1,0,111,0,175.68345260620117,"no contig produced for g5c163b5b; stdout tail:


-----------------------------------------------
NOVOPlasty: The Organelle Assembler
Version 4.3.5
Author: Nicolas Dierckxsens, (c) 2015-2024
-----------------------------------------------


Input parameters from the configuration file:   *** Verify i",nan,nan,nan,nan,0,0,0
Saimiri_sciureus,Saimiri_boliviensis,same-genus,20,1,2197,16442,981.3705339431763,,99.82393297310425,0.9982393297310425,1.0,0.9991188891927203,16442,0,29
Saimiri_sciureus,Saimiri_boliviensis,same-genus,20,2,2197,16436,1025.9469947814941,,99.78750531236719,0.9978750531236719,1.0,0.9989363965113806,16436,0,35
Saimiri_sciureus,Aotus_azarai,same-order,1,1,111,0,178.6024250984192,"no contig produced for g2b110bcd; stdout tail:


-----------------------------------------------
NOVOPlasty: The Organelle Assembler
Version 4.3.5
Author: Nicolas Dierckxsens, (c) 2015-2024
-----------------------------------------------


Input parameters from the configuration file:   *** Verify i",nan,nan,nan,nan,0,0,0
Saimiri_sciureus,Aotus_azarai,same-order,1,2,111,0,182.9474241733551,"no contig produced for gb2185a77; stdout tail:


-----------------------------------------------
NOVOPlasty: The Organelle Assembler
Version 4.3.5
Author: Nicolas Dierckxsens, (c) 2015-2024
-----------------------------------------------


Input parameters from the configuration file:   *** Verify i",nan,nan,nan,nan,0,0,0
Saimiri_sciureus,Saimiri_boliviensis,same-genus,30,0,3295,16435,983.7099695205688,,99.78143403557767,0.9978143403557769,1.0,0.998905974594299,16435,0,36
Saimiri_sciureus,Aotus_azarai,same-order,5,2,552,841,154.99118876457214,,5.0800362428269406,0.05080036242826941,1.0,0.09668889399862038,841,0,15714
Saimiri_sciureus,Aotus_azarai,same-order,2,0,221,0,192.89738726615906,"no contig produced for g5e508502; stdout tail:


-----------------------------------------------
NOVOPlasty: The Organelle Assembler
Version 4.3.5
Author: Nicolas Dierckxsens, (c) 2015-2024
-----------------------------------------------


Input parameters from the configuration file:   *** Verify i",nan,nan,nan,nan,0,0,0
Saimiri_sciureus,Saimiri_boliviensis,same-genus,30,1,3295,16455,1011.2195391654968,,99.90285957136786,0.9990285957136786,1.0,0.9995140618356314,16455,0,16
Saimiri_sciureus,Aotus_azarai,same-order,10,0,1104,979,75.62726950645447,,5.913621262458472,0.05913621262458472,1.0,0.11166875784190716,979,0,15576
Saimiri_sciureus,Saimiri_boliviensis,same-genus,30,2,3295,16447,1029.8302118778229,,99.85428935705178,0.9985428935705178,1.0,0.9992709156084817,16447,0,24
Saimiri_sciureus,Aotus_azarai,same-order,7,1,773,1422,215.800363779068,,8.589549984898822,0.08589549984898823,1.0,0.15820214718807366,1422,0,15133
Saimiri_sciureus,Aotus_azarai,same-order,7,2,773,2185,366.1773934364319,,13.198429477499245,0.13198429477499246,1.0,0.23319103521878337,2185,0,14370
Saimiri_sciureus,Aotus_azarai,same-order,8,0,883,2918,330.1236209869385,,17.62609483539716,0.1762609483539716,1.0,0.29969701638165663,2918,0,13637
Saimiri_sciureus,Aotus_azarai,same-order,8,2,883,2738,316.06873893737793,,16.53881002718212,0.16538810027182121,1.0,0.28383351474628105,2738,0,13817
Saimiri_sciureus,Aotus_azarai,same-order,10,1,1104,5248,406.72798800468445,,31.70039263062519,0.3170039263062519,1.0,0.4814016419758749,5248,0,11307
Saimiri_sciureus,Aotus_azarai,same-order,10,2,1104,3735,312.21405696868896,,22.561159770462098,0.22561159770462097,1.0,0.3681616559881715,3735,0,12820
Saimiri_sciureus,Aotus_azarai,same-order,15,0,1656,16518,987.7029144763947,,99.77650256720024,0.9977650256720024,1.0,0.9988812626613853,16518,0,37
Saimiri_sciureus,Aotus_azarai,same-order,15,1,1656,16523,1127.6263151168823,,99.806704922984,0.9980670492298399,1.0,0.9990325896366165,16523,0,32
Saimiri_sciureus,Aotus_azarai,same-order,15,2,1656,16526,1069.8324856758118,,99.82482633645424,0.9982482633645424,1.0,0.9991233638644539,16526,0,29
Saimiri_sciureus,Aotus_azarai,same-order,20,0,2208,16546,979.4126210212708,,99.94563575958925,0.9994563575958925,1.0,0.999728104891091,16546,0,9
Saimiri_sciureus,Aotus_azarai,same-order,20,1,2208,16541,1011.3818912506104,,99.9154334038055,0.999154334038055,1.0,0.9995769881556684,16541,0,14
Saimiri_sciureus,Aotus_azarai,same-order,20,2,2208,16530,1003.8881223201752,,99.84898822108124,0.9984898822108125,1.0,0.999244370560677,16530,0,25
Saimiri_sciureus,Varecia_variegata,same-order,1,0,114,0,144.5423777103424,"no contig produced for g55b8de99; stdout tail:


-----------------------------------------------
NOVOPlasty: The Organelle Assembler
Version 4.3.5
Author: Nicolas Dierckxsens, (c) 2015-2024
-----------------------------------------------


Input parameters from the configuration file:   *** Verify i",nan,nan,nan,nan,0,0,0
Saimiri_sciureus,Aotus_azarai,same-order,30,0,3311,16525,1008.4841256141663,,99.8187858652975,0.9981878586529749,1.0,0.9990931076178959,16525,0,30
Saimiri_sciureus,Varecia_variegata,same-order,1,1,114,0,123.69296669960022,"no contig produced for g22bfee0f; stdout tail:


-----------------------------------------------
NOVOPlasty: The Organelle Assembler
Version 4.3.5
Author: Nicolas Dierckxsens, (c) 2015-2024
-----------------------------------------------


Input parameters from the configuration file:   *** Verify i",nan,nan,nan,nan,0,0,0
Saimiri_sciureus,Varecia_variegata,same-order,1,2,114,0,121.06969594955444,"no contig produced for gbbb6bfb5; stdout tail:


-----------------------------------------------
NOVOPlasty: The Organelle Assembler
Version 4.3.5
Author: Nicolas Dierckxsens, (c) 2015-2024
-----------------------------------------------


Input parameters from the configuration file:   *** Verify i",nan,nan,nan,nan,0,0,0
Saimiri_sciureus,Aotus_azarai,same-order,30,1,3311,16545,1020.0031208992004,,99.9395952884325,0.9993959528843249,1.0,0.9996978851963746,16545,0,10
Saimiri_sciureus,Varecia_variegata,same-order,2,1,227,0,121.92188024520874,"no contig produced for g20f95056; stdout tail:


-----------------------------------------------
NOVOPlasty: The Organelle Assembler
Version 4.3.5
Author: Nicolas Dierckxsens, (c) 2015-2024
-----------------------------------------------


Input parameters from the configuration file:   *** Verify i",nan,nan,nan,nan,0,0,0
Saimiri_sciureus,Varecia_variegata,same-order,2,0,227,0,123.20733714103699,"no contig produced for g57fe60c0; stdout tail:


-----------------------------------------------
NOVOPlasty: The Organelle Assembler
Version 4.3.5
Author: Nicolas Dierckxsens, (c) 2015-2024
-----------------------------------------------


Input parameters from the configuration file:   *** Verify i",nan,nan,nan,nan,0,0,0
Saimiri_sciureus,Varecia_variegata,same-order,2,2,227,0,118.10632824897766,"no contig produced for gb9f001ec; stdout tail:


-----------------------------------------------
NOVOPlasty: The Organelle Assembler
Version 4.3.5
Author: Nicolas Dierckxsens, (c) 2015-2024
-----------------------------------------------


Input parameters from the configuration file:   *** Verify i",nan,nan,nan,nan,0,0,0
Saimiri_sciureus,Aotus_azarai,same-order,30,2,3311,16544,991.2871336936951,,99.93355481727575,0.9993355481727575,1.0,0.9996676636756398,16544,0,11
Saimiri_sciureus,Varecia_variegata,same-order,3,0,340,0,123.57454991340637,"no contig produced for g563c0af7; stdout tail:


-----------------------------------------------
NOVOPlasty: The Organelle Assembler
Version 4.3.5
Author: Nicolas Dierckxsens, (c) 2015-2024
-----------------------------------------------


Input parameters from the configuration file:   *** Verify i",nan,nan,nan,nan,0,0,0
Saimiri_sciureus,Varecia_variegata,same-order,3,1,340,0,122.58552026748657,"no contig produced for g213b3a61; stdout tail:


-----------------------------------------------
NOVOPlasty: The Organelle Assembler
Version 4.3.5
Author: Nicolas Dierckxsens, (c) 2015-2024
-----------------------------------------------


Input parameters from the configuration file:   *** Verify i",nan,nan,nan,nan,0,0,0
Saimiri_sciureus,Varecia_variegata,same-order,3,2,340,0,122.12161898612976,"no contig produced for gb8326bdb; stdout tail:


-----------------------------------------------
NOVOPlasty: The Organelle Assembler
Version 4.3.5
Author: Nicolas Dierckxsens, (c) 2015-2024
-----------------------------------------------


Input parameters from the configuration file:   *** Verify i",nan,nan,nan,nan,0,0,0
Saimiri_sciureus,Varecia_variegata,same-order,5,0,566,593,83.6488184928894,,3.4954317712938403,0.0349543177129384,1.0,0.06754755666932452,593,0,16372
Saimiri_sciureus,Varecia_variegata,same-order,4,1,453,0,124.39948463439941,"no contig produced for g24742ce4; stdout tail:


-----------------------------------------------
NOVOPlasty: The Organelle Assembler
Version 4.3.5
Author: Nicolas Dierckxsens, (c) 2015-2024
-----------------------------------------------


Input parameters from the configuration file:   *** Verify i",nan,nan,nan,nan,0,0,0
Saimiri_sciureus,Varecia_variegata,same-order,4,0,453,0,126.35140371322632,"no contig produced for g53731c72; stdout tail:


-----------------------------------------------
NOVOPlasty: The Organelle Assembler
Version 4.3.5
Author: Nicolas Dierckxsens, (c) 2015-2024
-----------------------------------------------


Input parameters from the configuration file:   *** Verify i",nan,nan,nan,nan,0,0,0
Saimiri_sciureus,Varecia_variegata,same-order,4,2,453,0,130.22083520889282,"no contig produced for gbd7d7d5e; stdout tail:


-----------------------------------------------
NOVOPlasty: The Organelle Assembler
Version 4.3.5
Author: Nicolas Dierckxsens, (c) 2015-2024
-----------------------------------------------


Input parameters from the configuration file:   *** Verify i",nan,nan,nan,nan,0,0,0
Saimiri_sciureus,Varecia_variegata,same-order,7,2,792,743,72.626953125,,4.379605069260242,0.043796050692602416,1.0,0.08391687372938784,743,0,16222
Saimiri_sciureus,Varecia_variegata,same-order,6,0,679,996,103.01031303405762,,5.870910698496905,0.058709106984969055,1.0,0.11090696509103057,996,0,15969
Saimiri_sciureus,Varecia_variegata,same-order,8,1,905,916,65.00043177604675,,5.399351606248158,0.05399351606248158,1.0,0.10245511995973379,916,0,16049
Saimiri_sciureus,Varecia_variegata,same-order,5,1,566,0,137.73757815361023,"no contig produced for g25b646d3; stdout tail:


-----------------------------------------------
NOVOPlasty: The Organelle Assembler
Version 4.3.5
Author: Nicolas Dierckxsens, (c) 2015-2024
-----------------------------------------------


Input parameters from the configuration file:   *** Verify i",nan,nan,nan,nan,0,0,0
Saimiri_sciureus,Varecia_variegata,same-order,5,2,566,0,135.48331356048584,"no contig produced for gbcbf1769; stdout tail:


-----------------------------------------------
NOVOPlasty: The Organelle Assembler
Version 4.3.5
Author: Nicolas Dierckxsens, (c) 2015-2024
-----------------------------------------------


Input parameters from the configuration file:   *** Verify i",nan,nan,nan,nan,0,0,0
Saimiri_sciureus,Varecia_variegata,same-order,8,2,905,1039,122.55969977378845,,6.124373710580607,0.06124373710580607,1.0,0.11541879582315041,1039,0,15926
Saimiri_sciureus,Varecia_variegata,same-order,6,2,679,1228,169.47294878959656,,7.238432066018273,0.07238432066018273,1.0,0.1349969768592316,1228,0,15737
Saimiri_sciureus,Varecia_variegata,same-order,6,1,679,1786,200.04546666145325,,10.527556734453286,0.10527556734453286,1.0,0.19049650685296782,1786,0,15179
Saimiri_sciureus,Varecia_variegata,same-order,8,0,905,1699,201.20324087142944,,10.014736221632774,0.10014736221632774,1.0,0.18206172310330046,1699,0,15266
Saimiri_sciureus,Varecia_variegata,same-order,10,1,1131,2582,213.24527978897095,,15.219569702328323,0.15219569702328323,1.0,0.2641837622141505,2582,0,14383
Saimiri_sciureus,Varecia_variegata,same-order,7,0,792,2968,481.4416377544403,,17.49484232242853,0.1749484232242853,1.0,0.2977976220338133,2968,0,13997
Saimiri_sciureus,Varecia_variegata,same-order,7,1,792,2478,376.54761576652527,,14.606542882404952,0.14606542882404952,1.0,0.2548989353494831,2478,0,14487
Saimiri_sciureus,Varecia_variegata,same-order,10,0,1131,6204,516.3973467350006,,36.56940760389036,0.36569407603890364,1.0,0.535543182701023,6204,0,10761
Saimiri_sciureus,Varecia_variegata,same-order,10,2,1131,7040,622.2121932506561,,41.497200117889776,0.4149720011788977,1.0,0.5865444699021037,7040,0,9925
Saimiri_sciureus,Varecia_variegata,same-order,15,0,1697,16383,1192.9182393550873,,96.56940760389037,0.9656940760389037,1.0,0.9825476790212306,16383,0,582
Saimiri_sciureus,Varecia_variegata,same-order,15,1,1697,0,1200.0135288238525,timed out after 1200s for g29ddcacf,nan,nan,nan,nan,0,0,0
Saimiri_sciureus,Varecia_variegata,same-order,15,2,1697,0,1200.0146207809448,timed out after 1200s for gb0d49b75,nan,nan,nan,nan,0,0,0
Aotus_azarai,Homo_sapiens,same-order,1,0,111,0,147.82622146606445,"no contig produced for g69d8b3a1; stdout tail:


-----------------------------------------------
NOVOPlasty: The Organelle Assembler
Version 4.3.5
Author: Nicolas Dierckxsens, (c) 2015-2024
-----------------------------------------------


Input parameters from the configuration file:   *** Verify i",nan,nan,nan,nan,0,0,0
Saimiri_sciureus,Varecia_variegata,same-order,20,0,2262,0,1200.0177612304688,timed out after 1200s for g4aa4975c,nan,nan,nan,nan,0,0,0
Saimiri_sciureus,Varecia_variegata,same-order,20,1,2262,0,1200.0150752067566,timed out after 1200s for g3da3a7ca,nan,nan,nan,nan,0,0,0
Saimiri_sciureus,Varecia_variegata,same-order,20,2,2262,0,1200.0175557136536,timed out after 1200s for ga4aaf670,nan,nan,nan,nan,0,0,0
Aotus_azarai,Homo_sapiens,same-order,1,1,111,0,152.66378712654114,"no contig produced for g1edf8337; stdout tail:


-----------------------------------------------
NOVOPlasty: The Organelle Assembler
Version 4.3.5
Author: Nicolas Dierckxsens, (c) 2015-2024
-----------------------------------------------


Input parameters from the configuration file:   *** Verify i",nan,nan,nan,nan,0,0,0
Aotus_azarai,Homo_sapiens,same-order,1,2,111,0,151.14171028137207,"no contig produced for g87d6d28d; stdout tail:


-----------------------------------------------
NOVOPlasty: The Organelle Assembler
Version 4.3.5
Author: Nicolas Dierckxsens, (c) 2015-2024
-----------------------------------------------


Input parameters from the configuration file:   *** Verify i",nan,nan,nan,nan,0,0,0
Saimiri_sciureus,Varecia_variegata,same-order,30,0,3393,0,1200.018804550171,timed out after 1200s for gf218f039,nan,nan,nan,nan,0,0,0
Aotus_azarai,Homo_sapiens,same-order,3,0,332,254,84.03618168830872,,1.5329832820327116,0.015329832820327117,1.0,0.030196754443321643,254,0,16315
Aotus_azarai,Homo_sapiens,same-order,2,0,221,0,149.49168968200684,"no contig produced for g6b9e0df8; stdout tail:


-----------------------------------------------
NOVOPlasty: The Organelle Assembler
Version 4.3.5
Author: Nicolas Dierckxsens, (c) 2015-2024
-----------------------------------------------


Input parameters from the configuration file:   *** Verify i",nan,nan,nan,nan,0,0,0
Saimiri_sciureus,Varecia_variegata,same-order,30,1,3393,0,1200.0205581188202,timed out after 1200s for g851fc0af,nan,nan,nan,nan,0,0,0
Aotus_azarai,Homo_sapiens,same-order,4,1,442,245,85.15265464782715,,1.478664976763836,0.014786649767638362,1.0,0.02914238134887594,245,0,16324
Aotus_azarai,Homo_sapiens,same-order,2,1,221,0,140.9553725719452,"no contig produced for g1c993d6e; stdout tail:


-----------------------------------------------
NOVOPlasty: The Organelle Assembler
Version 4.3.5
Author: Nicolas Dierckxsens, (c) 2015-2024
-----------------------------------------------


Input parameters from the configuration file:   *** Verify i",nan,nan,nan,nan,0,0,0
Saimiri_sciureus,Varecia_variegata,same-order,30,2,3393,0,1200.0173501968384,timed out after 1200s for g1c169115,nan,nan,nan,nan,0,0,0
Aotus_azarai,Homo_sapiens,same-order,2,2,221,0,140.33382940292358,"no contig produced for g85906cd4; stdout tail:


-----------------------------------------------
NOVOPlasty: The Organelle Assembler
Version 4.3.5
Author: Nicolas Dierckxsens, (c) 2015-2024
-----------------------------------------------


Input parameters from the configuration file:   *** Verify i",nan,nan,nan,nan,0,0,0
Aotus_azarai,Homo_sapiens,same-order,3,1,332,0,142.41771531105042,"no contig produced for g1d5b5759; stdout tail:


-----------------------------------------------
NOVOPlasty: The Organelle Assembler
Version 4.3.5
Author: Nicolas Dierckxsens, (c) 2015-2024
-----------------------------------------------


Input parameters from the configuration file:   *** Verify i",nan,nan,nan,nan,0,0,0
Aotus_azarai,Homo_sapiens,same-order,3,2,332,0,145.23787665367126,"no contig produced for g845206e3; stdout tail:


-----------------------------------------------
NOVOPlasty: The Organelle Assembler
Version 4.3.5
Author: Nicolas Dierckxsens, (c) 2015-2024
-----------------------------------------------


Input parameters from the configuration file:   *** Verify i",nan,nan,nan,nan,0,0,0
Aotus_azarai,Homo_sapiens,same-order,6,0,663,550,86.60685873031616,,3.3194519886535097,0.033194519886535094,1.0,0.0642560897248671,550,0,16019
Aotus_azarai,Homo_sapiens,same-order,4,0,442,0,148.3492829799652,"no contig produced for g6f13714a; stdout tail:


-----------------------------------------------
NOVOPlasty: The Organelle Assembler
Version 4.3.5
Author: Nicolas Dierckxsens, (c) 2015-2024
-----------------------------------------------


Input parameters from the configuration file:   *** Verify i",nan,nan,nan,nan,0,0,0
Aotus_azarai,Homo_sapiens,same-order,4,2,442,519,118.93268299102783,,3.1323556038384934,0.031323556038384937,1.0,0.06074438202247191,519,0,16050
Aotus_azarai,Homo_sapiens,same-order,7,1,774,938,72.53764486312866,,5.661174482467258,0.05661174482467258,1.0,0.10715713714514194,938,0,15631
Aotus_azarai,Homo_sapiens,same-order,5,0,553,0,141.78844141960144,"no contig produced for g6ed11b7d; stdout tail:


-----------------------------------------------
NOVOPlasty: The Organelle Assembler
Version 4.3.5
Author: Nicolas Dierckxsens, (c) 2015-2024
-----------------------------------------------


Input parameters from the configuration file:   *** Verify i",nan,nan,nan,nan,0,0,0
Aotus_azarai,Homo_sapiens,same-order,5,1,553,0,141.3374366760254,"no contig produced for g19d62beb; stdout tail:


-----------------------------------------------
NOVOPlasty: The Organelle Assembler
Version 4.3.5
Author: Nicolas Dierckxsens, (c) 2015-2024
-----------------------------------------------


Input parameters from the configuration file:   *** Verify i",nan,nan,nan,nan,0,0,0
Aotus_azarai,Homo_sapiens,same-order,5,2,553,0,142.78934001922607,"no contig produced for g80df7a51; stdout tail:


-----------------------------------------------
NOVOPlasty: The Organelle Assembler
Version 4.3.5
Author: Nicolas Dierckxsens, (c) 2015-2024
-----------------------------------------------


Input parameters from the configuration file:   *** Verify i",nan,nan,nan,nan,0,0,0
Aotus_azarai,Homo_sapiens,same-order,8,0,884,786,94.53151869773865,,4.74379866014847,0.047437986601484704,1.0,0.09057908383751082,786,0,15783
Aotus_azarai,Homo_sapiens,same-order,7,0,774,961,121.40740132331848,,5.7999879292654954,0.05799987929265496,1.0,0.1096406160867085,961,0,15608
Aotus_azarai,Homo_sapiens,same-order,8,1,884,1161,110.82403182983398,,7.007061379684954,0.07007061379684953,1.0,0.13096446700507614,1161,0,15408
Aotus_azarai,Homo_sapiens,same-order,6,2,663,443,152.40136408805847,,2.6736676926790994,0.026736676926790996,1.0,0.0520808840818246,443,0,16126
Aotus_azarai,Homo_sapiens,same-order,6,1,663,887,180.13147449493408,,5.353370752610297,0.05353370752610297,1.0,0.10162694775435382,887,0,15682
Aotus_azarai,Homo_sapiens,same-order,8,2,884,1145,125.65882015228271,,6.910495503651397,0.06910495503651397,1.0,0.12927627864965563,1145,0,15424
Aotus_azarai,Homo_sapiens,same-order,7,2,774,1649,158.03590965270996,,9.95232059870843,0.09952320598708432,1.0,0.18102975079591613,1649,0,14920
Aotus_azarai,Homo_sapiens,same-order,10,0,1105,2790,197.54235863685608,,16.838674633351438,0.1683867463335144,1.0,0.28823802882380284,2790,0,13779
Aotus_azarai,Homo_sapiens,same-order,15,2,1657,3077,165.88267922401428,,18.57082503470336,0.18570825034703362,1.0,0.31324442634633004,3077,0,13492
Aotus_azarai,Homo_sapiens,same-order,15,0,1657,3105,217.99177527427673,,18.739815317762087,0.18739815317762085,1.0,0.31564501372369624,3105,0,13464
Aotus_azarai,Homo_sapiens,same-order,20,0,2210,3102,192.8779227733612,,18.721709216005795,0.18721709216005794,1.0,0.315388134817752,3102,0,13467
Aotus_azarai,Homo_sapiens,same-order,15,1,1657,3102,205.59193420410156,,18.721709216005795,0.18721709216005794,1.0,0.315388134817752,3102,0,13467
Aotus_azarai,Homo_sapiens,same-order,20,1,2210,3097,192.3104009628296,,18.691532379745308,0.18691532379745307,1.0,0.31495982914675075,3097,0,13472
Aotus_azarai,Homo_sapiens,same-order,20,2,2210,3097,196.47334265708923,,18.691532379745308,0.18691532379745307,1.0,0.31495982914675075,3097,0,13472
Aotus_azarai,Gorilla_gorilla,same-order,1,0,110,0,168.02316236495972,"no contig produced for gdac28661; stdout tail:


-----------------------------------------------
NOVOPlasty: The Organelle Assembler
Version 4.3.5
Author: Nicolas Dierckxsens, (c) 2015-2024
-----------------------------------------------


Input parameters from the configuration file:   *** Verify i",nan,nan,nan,nan,0,0,0
Aotus_azarai,Homo_sapiens,same-order,30,0,3314,3092,192.94733572006226,,18.66135554348482,0.1866135554348482,1.0,0.31453130563043585,3092,0,13477
Aotus_azarai,Homo_sapiens,same-order,30,1,3314,3079,188.6518816947937,,18.582895769207557,0.18582895769207555,1.0,0.31341612377850164,3079,0,13490
Aotus_azarai,Homo_sapiens,same-order,10,1,1105,3075,270.9001450538635,,18.558754300199165,0.18558754300199168,1.0,0.3130726939523519,3075,0,13494
Aotus_azarai,Homo_sapiens,same-order,10,2,1105,3048,268.74962186813354,,18.39579938439254,0.18395799384392542,1.0,0.3107508793393486,3048,0,13521
Aotus_azarai,Gorilla_gorilla,same-order,1,1,110,0,164.65195035934448,"no contig produced for gadc5b6f7; stdout tail:


-----------------------------------------------
NOVOPlasty: The Organelle Assembler
Version 4.3.5
Author: Nicolas Dierckxsens, (c) 2015-2024
-----------------------------------------------


Input parameters from the configuration file:   *** Verify i",nan,nan,nan,nan,0,0,0
Aotus_azarai,Homo_sapiens,same-order,30,2,3314,3098,179.8088948726654,,18.697567746997404,0.18697567746997404,1.0,0.3150455077032593,3098,0,13471
Aotus_azarai,Gorilla_gorilla,same-order,1,2,110,0,136.64090871810913,"no contig produced for g34cce74d; stdout tail:


-----------------------------------------------
NOVOPlasty: The Organelle Assembler
Version 4.3.5
Author: Nicolas Dierckxsens, (c) 2015-2024
-----------------------------------------------


Input parameters from the configuration file:   *** Verify i",nan,nan,nan,nan,0,0,0
Aotus_azarai,Gorilla_gorilla,same-order,2,0,219,0,135.87917065620422,"no contig produced for gd8843838; stdout tail:


-----------------------------------------------
NOVOPlasty: The Organelle Assembler
Version 4.3.5
Author: Nicolas Dierckxsens, (c) 2015-2024
-----------------------------------------------


Input parameters from the configuration file:   *** Verify i",nan,nan,nan,nan,0,0,0
Aotus_azarai,Gorilla_gorilla,same-order,5,0,546,559,77.73966121673584,,3.416035199217795,0.03416035199217795,1.0,0.06606393665425751,559,0,15805
Aotus_azarai,Gorilla_gorilla,same-order,6,2,655,253,18.985018968582153,,1.5460767538499145,0.015460767538499145,1.0,0.030450743214780043,253,0,16111
Aotus_azarai,Gorilla_gorilla,same-order,2,1,219,0,136.19453811645508,"no contig produced for gaf8308ae; stdout tail:


-----------------------------------------------
NOVOPlasty: The Organelle Assembler
Version 4.3.5
Author: Nicolas Dierckxsens, (c) 2015-2024
-----------------------------------------------


Input parameters from the configuration file:   *** Verify i",nan,nan,nan,nan,0,0,0
Aotus_azarai,Gorilla_gorilla,same-order,2,2,219,0,137.0064718723297,"no contig produced for g368a5914; stdout tail:


-----------------------------------------------
NOVOPlasty: The Organelle Assembler
Version 4.3.5
Author: Nicolas Dierckxsens, (c) 2015-2024
-----------------------------------------------


Input parameters from the configuration file:   *** Verify i",nan,nan,nan,nan,0,0,0
Aotus_azarai,Gorilla_gorilla,same-order,3,0,328,0,136.78183484077454,"no contig produced for gd946520f; stdout tail:


-----------------------------------------------
NOVOPlasty: The Organelle Assembler
Version 4.3.5
Author: Nicolas Dierckxsens, (c) 2015-2024
-----------------------------------------------


Input parameters from the configuration file:   *** Verify i",nan,nan,nan,nan,0,0,0
Aotus_azarai,Gorilla_gorilla,same-order,3,1,328,0,139.3416292667389,"no contig produced for gae416299; stdout tail:


-----------------------------------------------
NOVOPlasty: The Organelle Assembler
Version 4.3.5
Author: Nicolas Dierckxsens, (c) 2015-2024
-----------------------------------------------


Input parameters from the configuration file:   *** Verify i",nan,nan,nan,nan,0,0,0
Aotus_azarai,Gorilla_gorilla,same-order,3,2,328,0,139.43213295936584,"no contig produced for g37483323; stdout tail:


-----------------------------------------------
NOVOPlasty: The Organelle Assembler
Version 4.3.5
Author: Nicolas Dierckxsens, (c) 2015-2024
-----------------------------------------------


Input parameters from the configuration file:   *** Verify i",nan,nan,nan,nan,0,0,0
Aotus_azarai,Gorilla_gorilla,same-order,4,0,437,0,136.7784550189972,"no contig produced for gdc09448a; stdout tail:


-----------------------------------------------
NOVOPlasty: The Organelle Assembler
Version 4.3.5
Author: Nicolas Dierckxsens, (c) 2015-2024
-----------------------------------------------


Input parameters from the configuration file:   *** Verify i",nan,nan,nan,nan,0,0,0
Aotus_azarai,Gorilla_gorilla,same-order,4,2,437,0,137.03042554855347,"no contig produced for g320725a6; stdout tail:


-----------------------------------------------
NOVOPlasty: The Organelle Assembler
Version 4.3.5
Author: Nicolas Dierckxsens, (c) 2015-2024
-----------------------------------------------


Input parameters from the configuration file:   *** Verify i",nan,nan,nan,nan,0,0,0
Aotus_azarai,Gorilla_gorilla,same-order,4,1,437,0,138.31856489181519,"no contig produced for gab0e741c; stdout tail:


-----------------------------------------------
NOVOPlasty: The Organelle Assembler
Version 4.3.5
Author: Nicolas Dierckxsens, (c) 2015-2024
-----------------------------------------------


Input parameters from the configuration file:   *** Verify i",nan,nan,nan,nan,0,0,0
Aotus_azarai,Gorilla_gorilla,same-order,5,1,546,0,142.47387766838074,"no contig produced for gaacc1e2b; stdout tail:


-----------------------------------------------
NOVOPlasty: The Organelle Assembler
Version 4.3.5
Author: Nicolas Dierckxsens, (c) 2015-2024
-----------------------------------------------


Input parameters from the configuration file:   *** Verify i",nan,nan,nan,nan,0,0,0
Aotus_azarai,Gorilla_gorilla,same-order,5,2,546,932,153.01766991615295,,5.695428990466879,0.05695428990466878,1.0,0.10777058279370952,932,0,15432
Aotus_azarai,Gorilla_gorilla,same-order,6,0,655,0,148.67543268203735,"no contig produced for gdf8d90e4; stdout tail:


-----------------------------------------------
NOVOPlasty: The Organelle Assembler
Version 4.3.5
Author: Nicolas Dierckxsens, (c) 2015-2024
-----------------------------------------------


Input parameters from the configuration file:   *** Verify i",nan,nan,nan,nan,0,0,0
Aotus_azarai,Gorilla_gorilla,same-order,10,0,1091,1025,115.73134875297546,,6.263749694451234,0.06263749694451234,1.0,0.11789062050721721,1025,0,15339
Aotus_azarai,Gorilla_gorilla,same-order,8,1,873,990,155.01012539863586,,6.049865558543144,0.06049865558543144,1.0,0.11409473320271984,990,0,15374
Aotus_azarai,Gorilla_gorilla,same-order,6,1,655,1078,209.95227980613708,,6.587631385969201,0.065876313859692,1.0,0.12360967778924434,1078,0,15286
Aotus_azarai,Gorilla_gorilla,same-order,7,0,764,1698,213.1487910747528,,10.37643607919824,0.1037643607919824,1.0,0.18801904550991028,1698,0,14666
Aotus_azarai,Gorilla_gorilla,same-order,7,1,764,0,220.66137290000916,"no contig produced for ga948ca45; stdout tail:


-----------------------------------------------
NOVOPlasty: The Organelle Assembler
Version 4.3.5
Author: Nicolas Dierckxsens, (c) 2015-2024
-----------------------------------------------


Input parameters from the configuration file:   *** Verify i",nan,nan,nan,nan,0,0,0
Aotus_azarai,Gorilla_gorilla,same-order,8,2,873,1818,200.70576453208923,,11.109753116597409,0.1110975311659741,1.0,0.19997800021999781,1818,0,14546
Aotus_azarai,Gorilla_gorilla,same-order,7,2,764,1458,227.86964559555054,,8.909802004399902,0.08909802004399903,1.0,0.1636180002244417,1458,0,14906
Aotus_azarai,Gorilla_gorilla,same-order,8,0,873,2358,251.43461418151855,,14.409679784893669,0.1440967978489367,1.0,0.25189616493964323,2358,0,14006
Aotus_azarai,Saimiri_boliviensis,same-order,1,2,110,0,0.9405860900878906,"no contig produced for gc264052c; stdout tail:


-----------------------------------------------
NOVOPlasty: The Organelle Assembler
Version 4.3.5
Author: Nicolas Dierckxsens, (c) 2015-2024
-----------------------------------------------


Input parameters from the configuration file:   *** Verify i",nan,nan,nan,nan,0,0,0
Aotus_azarai,Gorilla_gorilla,same-order,10,1,1091,3421,258.6252501010895,,20.905646541187973,0.20905646541187975,1.0,0.3458175385392974,3421,0,12943
Aotus_azarai,Gorilla_gorilla,same-order,10,2,1091,5850,514.0612797737122,,35.74920557320949,0.35749205573209486,1.0,0.5266948771045287,5850,0,10514
Aotus_azarai,Saimiri_boliviensis,same-order,2,2,220,0,0.8016200065612793,"no contig produced for gc022bb75; stdout tail:


-----------------------------------------------
NOVOPlasty: The Organelle Assembler
Version 4.3.5
Author: Nicolas Dierckxsens, (c) 2015-2024
-----------------------------------------------


Input parameters from the configuration file:   *** Verify i",nan,nan,nan,nan,0,0,0
Aotus_azarai,Gorilla_gorilla,same-order,15,0,1637,0,1200.0175604820251,timed out after 1200s for ged33fa2f,nan,nan,nan,nan,0,0,0
Aotus_azarai,Saimiri_boliviensis,same-order,3,0,330,0,0.7986915111541748,"no contig produced for g2feeb06e; stdout tail:


-----------------------------------------------
NOVOPlasty: The Organelle Assembler
Version 4.3.5
Author: Nicolas Dierckxsens, (c) 2015-2024
-----------------------------------------------


Input parameters from the configuration file:   *** Verify i",nan,nan,nan,nan,0,0,0
Aotus_azarai,Saimiri_boliviensis,same-order,3,2,330,0,0.7896864414215088,"no contig produced for gc1e0d142; stdout tail:


-----------------------------------------------
NOVOPlasty: The Organelle Assembler
Version 4.3.5
Author: Nicolas Dierckxsens, (c) 2015-2024
-----------------------------------------------


Input parameters from the configuration file:   *** Verify i",nan,nan,nan,nan,0,0,0
Aotus_azarai,Saimiri_boliviensis,same-order,4,0,440,0,0.8012685775756836,"no contig produced for g2aa1a6eb; stdout tail:


-----------------------------------------------
NOVOPlasty: The Organelle Assembler
Version 4.3.5
Author: Nicolas Dierckxsens, (c) 2015-2024
-----------------------------------------------


Input parameters from the configuration file:   *** Verify i",nan,nan,nan,nan,0,0,0
Aotus_azarai,Saimiri_boliviensis,same-order,4,1,440,0,0.8149030208587646,"no contig produced for g5da6967d; stdout tail:


-----------------------------------------------
NOVOPlasty: The Organelle Assembler
Version 4.3.5
Author: Nicolas Dierckxsens, (c) 2015-2024
-----------------------------------------------


Input parameters from the configuration file:   *** Verify i",nan,nan,nan,nan,0,0,0
Aotus_azarai,Saimiri_boliviensis,same-order,4,2,440,0,0.8057286739349365,"no contig produced for gc4afc7c7; stdout tail:


-----------------------------------------------
NOVOPlasty: The Organelle Assembler
Version 4.3.5
Author: Nicolas Dierckxsens, (c) 2015-2024
-----------------------------------------------


Input parameters from the configuration file:   *** Verify i",nan,nan,nan,nan,0,0,0
Aotus_azarai,Saimiri_boliviensis,same-order,5,0,550,0,0.8117034435272217,"no contig produced for g2b63ccdc; stdout tail:


-----------------------------------------------
NOVOPlasty: The Organelle Assembler
Version 4.3.5
Author: Nicolas Dierckxsens, (c) 2015-2024
-----------------------------------------------


Input parameters from the configuration file:   *** Verify i",nan,nan,nan,nan,0,0,0
Aotus_azarai,Saimiri_boliviensis,same-order,5,1,550,0,0.8450429439544678,"no contig produced for g5c64fc4a; stdout tail:


-----------------------------------------------
NOVOPlasty: The Organelle Assembler
Version 4.3.5
Author: Nicolas Dierckxsens, (c) 2015-2024
-----------------------------------------------


Input parameters from the configuration file:   *** Verify i",nan,nan,nan,nan,0,0,0
Aotus_azarai,Saimiri_boliviensis,same-order,5,2,550,0,0.8590209484100342,"no contig produced for gc56dadf0; stdout tail:


-----------------------------------------------
NOVOPlasty: The Organelle Assembler
Version 4.3.5
Author: Nicolas Dierckxsens, (c) 2015-2024
-----------------------------------------------


Input parameters from the configuration file:   *** Verify i",nan,nan,nan,nan,0,0,0
Aotus_azarai,Gorilla_gorilla,same-order,15,1,1637,0,1200.0138380527496,timed out after 1200s for g9a34cab9,nan,nan,nan,nan,0,0,0
Aotus_azarai,Saimiri_boliviensis,same-order,6,1,659,0,0.7930943965911865,"no contig produced for g5e224213; stdout tail:


-----------------------------------------------
NOVOPlasty: The Organelle Assembler
Version 4.3.5
Author: Nicolas Dierckxsens, (c) 2015-2024
-----------------------------------------------


Input parameters from the configuration file:   *** Verify i",nan,nan,nan,nan,0,0,0
Aotus_azarai,Gorilla_gorilla,same-order,15,2,1637,16316,1145.647479057312,,99.70667318504033,0.9970667318504033,1.0,0.998531211750306,16316,0,48
Aotus_azarai,Gorilla_gorilla,same-order,20,0,2182,0,1200.015121936798,timed out after 1200s for gf94d972a,nan,nan,nan,nan,0,0,0
Aotus_azarai,Saimiri_boliviensis,same-order,7,0,769,0,0.8653230667114258,"no contig produced for g28e718b2; stdout tail:


-----------------------------------------------
NOVOPlasty: The Organelle Assembler
Version 4.3.5
Author: Nicolas Dierckxsens, (c) 2015-2024
-----------------------------------------------


Input parameters from the configuration file:   *** Verify i",nan,nan,nan,nan,0,0,0
Aotus_azarai,Saimiri_boliviensis,same-order,1,0,110,0,149.42783617973328,"no contig produced for g2c6a6400; stdout tail:


-----------------------------------------------
NOVOPlasty: The Organelle Assembler
Version 4.3.5
Author: Nicolas Dierckxsens, (c) 2015-2024
-----------------------------------------------


Input parameters from the configuration file:   *** Verify i",nan,nan,nan,nan,0,0,0
Aotus_azarai,Saimiri_boliviensis,same-order,1,1,110,0,145.70737290382385,"no contig produced for g5b6d5496; stdout tail:


-----------------------------------------------
NOVOPlasty: The Organelle Assembler
Version 4.3.5
Author: Nicolas Dierckxsens, (c) 2015-2024
-----------------------------------------------


Input parameters from the configuration file:   *** Verify i",nan,nan,nan,nan,0,0,0
Aotus_azarai,Saimiri_boliviensis,same-order,6,2,659,668,35.75744128227234,,4.055612895391901,0.04055612895391901,1.0,0.07795087227959625,668,0,15803
Aotus_azarai,Saimiri_boliviensis,same-order,2,0,220,0,143.43675875663757,"no contig produced for g2e2cda59; stdout tail:


-----------------------------------------------
NOVOPlasty: The Organelle Assembler
Version 4.3.5
Author: Nicolas Dierckxsens, (c) 2015-2024
-----------------------------------------------


Input parameters from the configuration file:   *** Verify i",nan,nan,nan,nan,0,0,0
Aotus_azarai,Saimiri_boliviensis,same-order,7,2,769,660,42.82579731941223,,4.007042681075831,0.0400704268107583,1.0,0.07705329519584378,660,0,15811
Aotus_azarai,Saimiri_boliviensis,same-order,6,0,659,476,56.4765899181366,,2.889927751806205,0.02889927751806205,1.0,0.05617513424204874,476,0,15995
Aotus_azarai,Saimiri_boliviensis,same-order,7,1,769,550,58.360005378723145,,3.3392022342298584,0.033392022342298586,1.0,0.06462605017331532,550,0,15921
Aotus_azarai,Saimiri_boliviensis,same-order,2,1,220,0,129.43331050872803,"no contig produced for g592beacf; stdout tail:


-----------------------------------------------
NOVOPlasty: The Organelle Assembler
Version 4.3.5
Author: Nicolas Dierckxsens, (c) 2015-2024
-----------------------------------------------


Input parameters from the configuration file:   *** Verify i",nan,nan,nan,nan,0,0,0
Aotus_azarai,Saimiri_boliviensis,same-order,8,0,879,650,58.569908618927,,3.946329913180742,0.03946329913180742,1.0,0.07593014426727411,650,0,15821
Aotus_azarai,Saimiri_boliviensis,same-order,8,1,879,699,58.28497648239136,,4.243822475866675,0.04243822475866675,1.0,0.08142108328479908,699,0,15772
Aotus_azarai,Gorilla_gorilla,same-order,20,1,2182,16334,1192.8827278614044,,99.81667074065021,0.998166707406502,1.0,0.9990825126919077,16334,0,30
Aotus_azarai,Gorilla_gorilla,same-order,20,2,2182,16348,1143.3637204170227,,99.90222439501345,0.9990222439501344,1.0,0.9995108828564441,16348,0,16
Aotus_azarai,Saimiri_boliviensis,same-order,3,1,330,0,126.53193879127502,"no contig produced for g58e980f8; stdout tail:


-----------------------------------------------
NOVOPlasty: The Organelle Assembler
Version 4.3.5
Author: Nicolas Dierckxsens, (c) 2015-2024
-----------------------------------------------


Input parameters from the configuration file:   *** Verify i",nan,nan,nan,nan,0,0,0
Aotus_azarai,Gorilla_gorilla,same-order,30,0,3273,0,1200.008487701416,timed out after 1200s for g41f1f04f,nan,nan,nan,nan,0,0,0
Aotus_azarai,Gorilla_gorilla,same-order,30,1,3273,0,1200.0208232402802,timed out after 1200s for g36f6c0d9,nan,nan,nan,nan,0,0,0
Aotus_azarai,Gorilla_gorilla,same-order,30,2,3273,0,1200.0151777267456,timed out after 1200s for gafff9163,nan,nan,nan,nan,0,0,0
Aotus_azarai,Saimiri_boliviensis,same-order,8,2,879,2301,172.37038111686707,,13.970007892659826,0.13970007892659828,1.0,0.24515235457063714,2301,0,14170
Aotus_azarai,Saimiri_boliviensis,same-order,10,2,1099,2735,205.4042308330536,,16.60494201930666,0.1660494201930666,1.0,0.28480683119858374,2735,0,13736
Aotus_azarai,Saimiri_sciureus,same-order,1,1,110,0,121.9049916267395,"no contig produced for gf878c664; stdout tail:


-----------------------------------------------
NOVOPlasty: The Organelle Assembler
Version 4.3.5
Author: Nicolas Dierckxsens, (c) 2015-2024
-----------------------------------------------


Input parameters from the configuration file:   *** Verify i",nan,nan,nan,nan,0,0,0
Aotus_azarai,Saimiri_sciureus,same-order,2,0,220,0,0.7182285785675049,"no contig produced for g8d3948ab; stdout tail:


-----------------------------------------------
NOVOPlasty: The Organelle Assembler
Version 4.3.5
Author: Nicolas Dierckxsens, (c) 2015-2024
-----------------------------------------------


Input parameters from the configuration file:   *** Verify i",nan,nan,nan,nan,0,0,0
Aotus_azarai,Saimiri_sciureus,same-order,1,0,110,0,123.7925124168396,"no contig produced for g8f7ff6f2; stdout tail:


-----------------------------------------------
NOVOPlasty: The Organelle Assembler
Version 4.3.5
Author: Nicolas Dierckxsens, (c) 2015-2024
-----------------------------------------------


Input parameters from the configuration file:   *** Verify i",nan,nan,nan,nan,0,0,0
Aotus_azarai,Saimiri_sciureus,same-order,1,2,110,0,126.29892301559448,"no contig produced for g617197de; stdout tail:


-----------------------------------------------
NOVOPlasty: The Organelle Assembler
Version 4.3.5
Author: Nicolas Dierckxsens, (c) 2015-2024
-----------------------------------------------


Input parameters from the configuration file:   *** Verify i",nan,nan,nan,nan,0,0,0
Aotus_azarai,Saimiri_sciureus,same-order,3,0,330,0,0.7505817413330078,"no contig produced for g8cfb229c; stdout tail:


-----------------------------------------------
NOVOPlasty: The Organelle Assembler
Version 4.3.5
Author: Nicolas Dierckxsens, (c) 2015-2024
-----------------------------------------------


Input parameters from the configuration file:   *** Verify i",nan,nan,nan,nan,0,0,0
Aotus_azarai,Saimiri_sciureus,same-order,3,1,330,0,0.7954690456390381,"no contig produced for gfbfc120a; stdout tail:


-----------------------------------------------
NOVOPlasty: The Organelle Assembler
Version 4.3.5
Author: Nicolas Dierckxsens, (c) 2015-2024
-----------------------------------------------


Input parameters from the configuration file:   *** Verify i",nan,nan,nan,nan,0,0,0
Aotus_azarai,Saimiri_sciureus,same-order,3,2,330,0,0.8197283744812012,"no contig produced for g62f543b0; stdout tail:


-----------------------------------------------
NOVOPlasty: The Organelle Assembler
Version 4.3.5
Author: Nicolas Dierckxsens, (c) 2015-2024
-----------------------------------------------


Input parameters from the configuration file:   *** Verify i",nan,nan,nan,nan,0,0,0
Aotus_azarai,Saimiri_sciureus,same-order,4,0,440,0,0.7287619113922119,"no contig produced for g89b43419; stdout tail:


-----------------------------------------------
NOVOPlasty: The Organelle Assembler
Version 4.3.5
Author: Nicolas Dierckxsens, (c) 2015-2024
-----------------------------------------------


Input parameters from the configuration file:   *** Verify i",nan,nan,nan,nan,0,0,0
Aotus_azarai,Saimiri_sciureus,same-order,4,1,440,0,0.700554370880127,"no contig produced for gfeb3048f; stdout tail:


-----------------------------------------------
NOVOPlasty: The Organelle Assembler
Version 4.3.5
Author: Nicolas Dierckxsens, (c) 2015-2024
-----------------------------------------------


Input parameters from the configuration file:   *** Verify i",nan,nan,nan,nan,0,0,0
Aotus_azarai,Saimiri_sciureus,same-order,4,2,440,0,0.8336150646209717,"no contig produced for g67ba5535; stdout tail:


-----------------------------------------------
NOVOPlasty: The Organelle Assembler
Version 4.3.5
Author: Nicolas Dierckxsens, (c) 2015-2024
-----------------------------------------------


Input parameters from the configuration file:   *** Verify i",nan,nan,nan,nan,0,0,0
Aotus_azarai,Saimiri_sciureus,same-order,5,0,550,950,85.13648796081543,,5.766662619885881,0.05766662619885881,1.0,0.10904499540863179,950,0,15524
Aotus_azarai,Saimiri_sciureus,same-order,5,1,550,0,0.6555914878845215,"no contig produced for gff716eb8; stdout tail:


-----------------------------------------------
NOVOPlasty: The Organelle Assembler
Version 4.3.5
Author: Nicolas Dierckxsens, (c) 2015-2024
-----------------------------------------------


Input parameters from the configuration file:   *** Verify i",nan,nan,nan,nan,0,0,0
Aotus_azarai,Saimiri_sciureus,same-order,5,2,550,0,0.7095956802368164,"no contig produced for g66783f02; stdout tail:


-----------------------------------------------
NOVOPlasty: The Organelle Assembler
Version 4.3.5
Author: Nicolas Dierckxsens, (c) 2015-2024
-----------------------------------------------


Input parameters from the configuration file:   *** Verify i",nan,nan,nan,nan,0,0,0
Aotus_azarai,Saimiri_sciureus,same-order,6,0,659,0,0.8613581657409668,"no contig produced for g8a30e077; stdout tail:


-----------------------------------------------
NOVOPlasty: The Organelle Assembler
Version 4.3.5
Author: Nicolas Dierckxsens, (c) 2015-2024
-----------------------------------------------


Input parameters from the configuration file:   *** Verify i",nan,nan,nan,nan,0,0,0
Aotus_azarai,Saimiri_boliviensis,same-order,10,1,1099,3750,229.39920139312744,,22.767287960658127,0.22767287960658125,1.0,0.3709015380050443,3750,0,12721
Aotus_azarai,Saimiri_sciureus,same-order,6,2,659,235,15.776870250701904,,1.426490227024402,0.014264902270244021,1.0,0.028128553474175592,235,0,16239
Aotus_azarai,Saimiri_sciureus,same-order,2,2,220,0,130.4804539680481,"no contig produced for g63372987; stdout tail:


-----------------------------------------------
NOVOPlasty: The Organelle Assembler
Version 4.3.5
Author: Nicolas Dierckxsens, (c) 2015-2024
-----------------------------------------------


Input parameters from the configuration file:   *** Verify i",nan,nan,nan,nan,0,0,0
Aotus_azarai,Saimiri_sciureus,same-order,2,1,220,0,135.00986623764038,"no contig produced for gfa3e783d; stdout tail:


-----------------------------------------------
NOVOPlasty: The Organelle Assembler
Version 4.3.5
Author: Nicolas Dierckxsens, (c) 2015-2024
-----------------------------------------------


Input parameters from the configuration file:   *** Verify i",nan,nan,nan,nan,0,0,0
Aotus_azarai,Saimiri_sciureus,same-order,6,1,659,546,59.621718645095825,,3.3143134636396745,0.033143134636396746,1.0,0.06415981198589893,546,0,15928
Aotus_azarai,Saimiri_boliviensis,same-order,10,0,1099,7029,953.8838171958923,,42.67500455345759,0.4267500455345759,1.0,0.5982127659574468,7029,0,9442
Aotus_azarai,Saimiri_boliviensis,same-order,15,2,1648,10831,855.1666674613953,,65.75799890717018,0.6575799890717018,1.0,0.7934217273459819,10831,0,5640
Aotus_azarai,Saimiri_boliviensis,same-order,15,1,1648,0,1200.0158121585846,timed out after 1200s for ga0773395,nan,nan,nan,nan,0,0,0
Aotus_azarai,Saimiri_boliviensis,same-order,20,0,2197,16446,1181.4019830226898,,99.84821808026228,0.9984821808026227,1.0,0.9992405140201112,16446,0,25
Aotus_azarai,Saimiri_boliviensis,same-order,15,0,1648,0,1200.0233092308044,timed out after 1200s for gd7700303,nan,nan,nan,nan,0,0,0
Aotus_azarai,Saimiri_boliviensis,same-order,20,2,2197,16436,1176.332103729248,,99.78750531236719,0.9978750531236719,1.0,0.9989363965113806,16436,0,35
Aotus_azarai,Saimiri_boliviensis,same-order,20,1,2197,16442,1196.0642669200897,,99.82393297310425,0.9982393297310425,1.0,0.9991188891927203,16442,0,29
Aotus_azarai,Saimiri_boliviensis,same-order,30,0,3295,16435,1174.0301706790924,,99.78143403557767,0.9978143403557769,1.0,0.998905974594299,16435,0,36
Aotus_azarai,Saimiri_boliviensis,same-order,30,1,3295,0,1200.0185403823853,timed out after 1200s for g0cb539f5,nan,nan,nan,nan,0,0,0
Aotus_azarai,Saimiri_boliviensis,same-order,30,2,3295,0,1200.0159611701965,timed out after 1200s for g95bc684f,nan,nan,nan,nan,0,0,0
Aotus_azarai,Saimiri_sciureus,same-order,7,0,769,1151,99.81376719474792,,6.986767026830156,0.06986767026830157,1.0,0.13060992907801416,1151,0,15323
Aotus_azarai,Saimiri_sciureus,same-order,7,2,769,1168,112.14672493934631,,7.08995993687022,0.0708995993687022,1.0,0.13241129123682122,1168,0,15306
Aotus_azarai,Saimiri_sciureus,same-order,7,1,769,2327,130.32094645500183,,14.125288333130994,0.14125288333130995,1.0,0.24754002446678366,2327,0,14147
Aotus_azarai,Saimiri_sciureus,same-order,10,0,1099,2689,114.42440414428711,,16.322690299866455,0.16322690299866457,1.0,0.28064499295517403,2689,0,13785
Aotus_azarai,Saimiri_sciureus,same-order,10,1,1099,1315,125.81349015235901,,7.982275100157825,0.07982275100157825,1.0,0.147844173365563,1315,0,15159
Aotus_azarai,Saimiri_sciureus,same-order,8,0,879,2625,192.48571228981018,,15.934199344421513,0.15934199344421512,1.0,0.27488350175401854,2625,0,13849
Aotus_azarai,Varecia_variegata,same-order,1,0,114,0,122.47728419303894,"no contig produced for g55b8de99; stdout tail:


-----------------------------------------------
NOVOPlasty: The Organelle Assembler
Version 4.3.5
Author: Nicolas Dierckxsens, (c) 2015-2024
-----------------------------------------------


Input parameters from the configuration file:   *** Verify i",nan,nan,nan,nan,0,0,0
Aotus_azarai,Saimiri_sciureus,same-order,15,0,1648,5842,280.35178685188293,,35.46194002670875,0.35461940026708755,1.0,0.5235705323534684,5842,0,10632
Aotus_azarai,Varecia_variegata,same-order,1,1,114,0,118.9359221458435,"no contig produced for g22bfee0f; stdout tail:


-----------------------------------------------
NOVOPlasty: The Organelle Assembler
Version 4.3.5
Author: Nicolas Dierckxsens, (c) 2015-2024
-----------------------------------------------


Input parameters from the configuration file:   *** Verify i",nan,nan,nan,nan,0,0,0
Aotus_azarai,Saimiri_sciureus,same-order,10,2,1099,8716,1109.2025735378265,,52.90761199465825,0.5290761199465825,1.0,0.6920206431123462,8716,0,7758
Aotus_azarai,Saimiri_sciureus,same-order,8,2,879,4124,617.4713153839111,,25.03338594148355,0.2503338594148355,1.0,0.40042722594426644,4124,0,12350
Aotus_azarai,Saimiri_sciureus,same-order,15,1,1648,0,1200.017181634903,timed out after 1200s for gf367b537,nan,nan,nan,nan,0,0,0
Aotus_azarai,Saimiri_sciureus,same-order,8,1,879,3682,545.627756357193,,22.350370280441908,0.22350370280441909,1.0,0.3653502679102997,3682,0,12792
Aotus_azarai,Saimiri_sciureus,same-order,20,1,2197,0,1200.0197973251343,timed out after 1200s for ge719d832,nan,nan,nan,nan,0,0,0
Aotus_azarai,Saimiri_sciureus,same-order,15,2,1648,0,1200.0269010066986,timed out after 1200s for g6a6ee48d,nan,nan,nan,nan,0,0,0
Aotus_azarai,Saimiri_sciureus,same-order,20,0,2197,0,1200.0140619277954,timed out after 1200s for g901ee8a4,nan,nan,nan,nan,0,0,0
Aotus_azarai,Saimiri_sciureus,same-order,20,2,2197,0,1200.0125796794891,timed out after 1200s for g7e108988,nan,nan,nan,nan,0,0,0
Aotus_azarai,Varecia_variegata,same-order,1,2,114,0,120.56396079063416,"no contig produced for gbbb6bfb5; stdout tail:


-----------------------------------------------
NOVOPlasty: The Organelle Assembler
Version 4.3.5
Author: Nicolas Dierckxsens, (c) 2015-2024
-----------------------------------------------


Input parameters from the configuration file:   *** Verify i",nan,nan,nan,nan,0,0,0
Aotus_azarai,Saimiri_sciureus,same-order,30,0,3295,0,1200.0275361537933,timed out after 1200s for g28a28fc1,nan,nan,nan,nan,0,0,0
Aotus_azarai,Varecia_variegata,same-order,4,0,453,295,72.09955883026123,,1.7388741526672562,0.017388741526672562,1.0,0.034183082271147164,295,0,16670
Aotus_azarai,Saimiri_sciureus,same-order,30,1,3295,0,1200.0157642364502,timed out after 1200s for g5fa5bf57,nan,nan,nan,nan,0,0,0
Aotus_azarai,Varecia_variegata,same-order,2,0,227,0,122.00375199317932,"no contig produced for g57fe60c0; stdout tail:


-----------------------------------------------
NOVOPlasty: The Organelle Assembler
Version 4.3.5
Author: Nicolas Dierckxsens, (c) 2015-2024
-----------------------------------------------


Input parameters from the configuration file:   *** Verify i",nan,nan,nan,nan,0,0,0
Aotus_azarai,Saimiri_sciureus,same-order,30,2,3295,0,1200.0202441215515,timed out after 1200s for gc6aceeed,nan,nan,nan,nan,0,0,0
Aotus_azarai,Varecia_variegata,same-order,2,1,227,0,125.66963839530945,"no contig produced for g20f95056; stdout tail:


-----------------------------------------------
NOVOPlasty: The Organelle Assembler
Version 4.3.5
Author: Nicolas Dierckxsens, (c) 2015-2024
-----------------------------------------------


Input parameters from the configuration file:   *** Verify i",nan,nan,nan,nan,0,0,0
Aotus_azarai,Varecia_variegata,same-order,3,0,340,0,122.0833625793457,"no contig produced for g563c0af7; stdout tail:


-----------------------------------------------
NOVOPlasty: The Organelle Assembler
Version 4.3.5
Author: Nicolas Dierckxsens, (c) 2015-2024
-----------------------------------------------


Input parameters from the configuration file:   *** Verify i",nan,nan,nan,nan,0,0,0
Aotus_azarai,Varecia_variegata,same-order,3,1,340,0,122.99838328361511,"no contig produced for g213b3a61; stdout tail:


-----------------------------------------------
NOVOPlasty: The Organelle Assembler
Version 4.3.5
Author: Nicolas Dierckxsens, (c) 2015-2024
-----------------------------------------------


Input parameters from the configuration file:   *** Verify i",nan,nan,nan,nan,0,0,0
Aotus_azarai,Varecia_variegata,same-order,2,2,227,0,124.99846935272217,"no contig produced for gb9f001ec; stdout tail:


-----------------------------------------------
NOVOPlasty: The Organelle Assembler
Version 4.3.5
Author: Nicolas Dierckxsens, (c) 2015-2024
-----------------------------------------------


Input parameters from the configuration file:   *** Verify i",nan,nan,nan,nan,0,0,0
Aotus_azarai,Varecia_variegata,same-order,4,1,453,0,126.23063206672668,"no contig produced for g24742ce4; stdout tail:


-----------------------------------------------
NOVOPlasty: The Organelle Assembler
Version 4.3.5
Author: Nicolas Dierckxsens, (c) 2015-2024
-----------------------------------------------


Input parameters from the configuration file:   *** Verify i",nan,nan,nan,nan,0,0,0
Aotus_azarai,Varecia_variegata,same-order,4,2,453,0,128.03618454933167,"no contig produced for gbd7d7d5e; stdout tail:


-----------------------------------------------
NOVOPlasty: The Organelle Assembler
Version 4.3.5
Author: Nicolas Dierckxsens, (c) 2015-2024
-----------------------------------------------


Input parameters from the configuration file:   *** Verify i",nan,nan,nan,nan,0,0,0
Aotus_azarai,Varecia_variegata,same-order,3,2,340,0,128.59359669685364,"no contig produced for gb8326bdb; stdout tail:


-----------------------------------------------
NOVOPlasty: The Organelle Assembler
Version 4.3.5
Author: Nicolas Dierckxsens, (c) 2015-2024
-----------------------------------------------


Input parameters from the configuration file:   *** Verify i",nan,nan,nan,nan,0,0,0
Aotus_azarai,Varecia_variegata,same-order,5,0,566,0,128.2778024673462,"no contig produced for g52b17645; stdout tail:


-----------------------------------------------
NOVOPlasty: The Organelle Assembler
Version 4.3.5
Author: Nicolas Dierckxsens, (c) 2015-2024
-----------------------------------------------


Input parameters from the configuration file:   *** Verify i",nan,nan,nan,nan,0,0,0
Aotus_azarai,Varecia_variegata,same-order,8,1,905,916,56.20581936836243,,5.399351606248158,0.05399351606248158,1.0,0.10245511995973379,916,0,16049
Aotus_azarai,Varecia_variegata,same-order,7,2,792,743,63.41632413864136,,4.379605069260242,0.043796050692602416,1.0,0.08391687372938784,743,0,16222
Aotus_azarai,Varecia_variegata,same-order,5,1,566,0,128.855327129364,"no contig produced for g25b646d3; stdout tail:


-----------------------------------------------
NOVOPlasty: The Organelle Assembler
Version 4.3.5
Author: Nicolas Dierckxsens, (c) 2015-2024
-----------------------------------------------


Input parameters from the configuration file:   *** Verify i",nan,nan,nan,nan,0,0,0
Aotus_azarai,Varecia_variegata,same-order,5,2,566,0,129.1747019290924,"no contig produced for gbcbf1769; stdout tail:


-----------------------------------------------
NOVOPlasty: The Organelle Assembler
Version 4.3.5
Author: Nicolas Dierckxsens, (c) 2015-2024
-----------------------------------------------


Input parameters from the configuration file:   *** Verify i",nan,nan,nan,nan,0,0,0
Aotus_azarai,Varecia_variegata,same-order,7,1,792,1148,100.35304474830627,,6.766872973769526,0.06766872973769525,1.0,0.12675978578921215,1148,0,15817
Aotus_azarai,Varecia_variegata,same-order,8,2,905,1039,99.38991904258728,,6.124373710580607,0.06124373710580607,1.0,0.11541879582315041,1039,0,15926
Aotus_azarai,Varecia_variegata,same-order,6,2,679,1228,139.68414950370789,,7.238432066018273,0.07238432066018273,1.0,0.1349969768592316,1228,0,15737
Aotus_azarai,Varecia_variegata,same-order,7,0,792,0,130.52344369888306,"no contig produced for g5135a22b; stdout tail:


-----------------------------------------------
NOVOPlasty: The Organelle Assembler
Version 4.3.5
Author: Nicolas Dierckxsens, (c) 2015-2024
-----------------------------------------------


Input parameters from the configuration file:   *** Verify i",nan,nan,nan,nan,0,0,0
Aotus_azarai,Varecia_variegata,same-order,6,1,679,1786,166.65464901924133,,10.527556734453286,0.10527556734453286,1.0,0.19049650685296782,1786,0,15179
Aotus_azarai,Varecia_variegata,same-order,6,0,679,1321,192.41486144065857,,7.786619510757442,0.07786619510757442,1.0,0.1444821174669146,1321,0,15644
Aotus_azarai,Varecia_variegata,same-order,8,0,905,1699,168.19766545295715,,10.014736221632774,0.10014736221632774,1.0,0.18206172310330046,1699,0,15266
Aotus_azarai,Varecia_variegata,same-order,10,1,1131,2582,176.21301460266113,,15.219569702328323,0.15219569702328323,1.0,0.2641837622141505,2582,0,14383
Varecia_variegata,Homo_sapiens,same-order,1,0,111,0,125.65790224075317,"no contig produced for g69d8b3a1; stdout tail:


-----------------------------------------------
NOVOPlasty: The Organelle Assembler
Version 4.3.5
Author: Nicolas Dierckxsens, (c) 2015-2024
-----------------------------------------------


Input parameters from the configuration file:   *** Verify i",nan,nan,nan,nan,0,0,0
Varecia_variegata,Homo_sapiens,same-order,1,1,111,0,122.40128993988037,"no contig produced for g1edf8337; stdout tail:


-----------------------------------------------
NOVOPlasty: The Organelle Assembler
Version 4.3.5
Author: Nicolas Dierckxsens, (c) 2015-2024
-----------------------------------------------


Input parameters from the configuration file:   *** Verify i",nan,nan,nan,nan,0,0,0
Varecia_variegata,Homo_sapiens,same-order,1,2,111,0,122.34794187545776,"no contig produced for g87d6d28d; stdout tail:


-----------------------------------------------
NOVOPlasty: The Organelle Assembler
Version 4.3.5
Author: Nicolas Dierckxsens, (c) 2015-2024
-----------------------------------------------


Input parameters from the configuration file:   *** Verify i",nan,nan,nan,nan,0,0,0
Aotus_azarai,Varecia_variegata,same-order,10,0,1131,6204,706.6637690067291,,36.56940760389036,0.36569407603890364,1.0,0.535543182701023,6204,0,10761
Aotus_azarai,Varecia_variegata,same-order,10,2,1131,7040,899.0521280765533,,41.497200117889776,0.4149720011788977,1.0,0.5865444699021037,7040,0,9925
Aotus_azarai,Varecia_variegata,same-order,15,0,1697,0,1200.0270478725433,timed out after 1200s for g5edafa59,nan,nan,nan,nan,0,0,0
Aotus_azarai,Varecia_variegata,same-order,15,1,1697,0,1200.019767522812,timed out after 1200s for g29ddcacf,nan,nan,nan,nan,0,0,0
Aotus_azarai,Varecia_variegata,same-order,15,2,1697,0,1200.0130105018616,timed out after 1200s for gb0d49b75,nan,nan,nan,nan,0,0,0
Aotus_azarai,Varecia_variegata,same-order,20,0,2262,0,1200.0115418434143,timed out after 1200s for g4aa4975c,nan,nan,nan,nan,0,0,0
Varecia_variegata,Homo_sapiens,same-order,2,0,221,0,121.73051238059998,"no contig produced for g6b9e0df8; stdout tail:


-----------------------------------------------
NOVOPlasty: The Organelle Assembler
Version 4.3.5
Author: Nicolas Dierckxsens, (c) 2015-2024
-----------------------------------------------


Input parameters from the configuration file:   *** Verify i",nan,nan,nan,nan,0,0,0
Aotus_azarai,Varecia_variegata,same-order,20,1,2262,0,1200.0159797668457,timed out after 1200s for g3da3a7ca,nan,nan,nan,nan,0,0,0
Aotus_azarai,Varecia_variegata,same-order,20,2,2262,0,1200.014778137207,timed out after 1200s for ga4aaf670,nan,nan,nan,nan,0,0,0
Varecia_variegata,Homo_sapiens,same-order,2,1,221,0,123.61208128929138,"no contig produced for g1c993d6e; stdout tail:


-----------------------------------------------
NOVOPlasty: The Organelle Assembler
Version 4.3.5
Author: Nicolas Dierckxsens, (c) 2015-2024
-----------------------------------------------


Input parameters from the configuration file:   *** Verify i",nan,nan,nan,nan,0,0,0
Aotus_azarai,Varecia_variegata,same-order,30,0,3393,0,1200.0129849910736,timed out after 1200s for gf218f039,nan,nan,nan,nan,0,0,0
Aotus_azarai,Varecia_variegata,same-order,30,1,3393,0,1200.040756225586,timed out after 1200s for g851fc0af,nan,nan,nan,nan,0,0,0
Aotus_azarai,Varecia_variegata,same-order,30,2,3393,16935,1166.1831526756287,,99.82316534040672,0.9982316534040672,1.0,0.9991150442477876,16935,0,30
Varecia_variegata,Homo_sapiens,same-order,2,2,221,0,124.58858060836792,"no contig produced for g85906cd4; stdout tail:


-----------------------------------------------
NOVOPlasty: The Organelle Assembler
Version 4.3.5
Author: Nicolas Dierckxsens, (c) 2015-2024
-----------------------------------------------


Input parameters from the configuration file:   *** Verify i",nan,nan,nan,nan,0,0,0
Varecia_variegata,Homo_sapiens,same-order,3,0,332,0,130.54975175857544,"no contig produced for g6a5c67cf; stdout tail:


-----------------------------------------------
NOVOPlasty: The Organelle Assembler
Version 4.3.5
Author: Nicolas Dierckxsens, (c) 2015-2024
-----------------------------------------------


Input parameters from the configuration file:   *** Verify i",nan,nan,nan,nan,0,0,0
Varecia_variegata,Homo_sapiens,same-order,3,1,332,0,130.20263409614563,"no contig produced for g1d5b5759; stdout tail:


-----------------------------------------------
NOVOPlasty: The Organelle Assembler
Version 4.3.5
Author: Nicolas Dierckxsens, (c) 2015-2024
-----------------------------------------------


Input parameters from the configuration file:   *** Verify i",nan,nan,nan,nan,0,0,0
Varecia_variegata,Homo_sapiens,same-order,7,2,774,371,45.0284309387207,,2.2391212505280946,0.022391212505280946,1.0,0.04380165289256198,371,0,16198
Varecia_variegata,Homo_sapiens,same-order,3,2,332,0,123.6651222705841,"no contig produced for g845206e3; stdout tail:


-----------------------------------------------
NOVOPlasty: The Organelle Assembler
Version 4.3.5
Author: Nicolas Dierckxsens, (c) 2015-2024
-----------------------------------------------


Input parameters from the configuration file:   *** Verify i",nan,nan,nan,nan,0,0,0
Varecia_variegata,Homo_sapiens,same-order,4,0,442,0,125.93066453933716,"no contig produced for g6f13714a; stdout tail:


-----------------------------------------------
NOVOPlasty: The Organelle Assembler
Version 4.3.5
Author: Nicolas Dierckxsens, (c) 2015-2024
-----------------------------------------------


Input parameters from the configuration file:   *** Verify i",nan,nan,nan,nan,0,0,0
Varecia_variegata,Homo_sapiens,same-order,8,0,884,154,8.056016445159912,,0.9294465568229827,0.009294465568229826,1.0,0.018417748011720383,154,0,16415
Varecia_variegata,Homo_sapiens,same-order,4,2,442,0,124.2550790309906,"no contig produced for g811d1066; stdout tail:


-----------------------------------------------
NOVOPlasty: The Organelle Assembler
Version 4.3.5
Author: Nicolas Dierckxsens, (c) 2015-2024
-----------------------------------------------


Input parameters from the configuration file:   *** Verify i",nan,nan,nan,nan,0,0,0
Varecia_variegata,Homo_sapiens,same-order,4,1,442,0,131.52150464057922,"no contig produced for g181441dc; stdout tail:


-----------------------------------------------
NOVOPlasty: The Organelle Assembler
Version 4.3.5
Author: Nicolas Dierckxsens, (c) 2015-2024
-----------------------------------------------


Input parameters from the configuration file:   *** Verify i",nan,nan,nan,nan,0,0,0
Varecia_variegata,Homo_sapiens,same-order,5,0,553,0,127.91966485977173,"no contig produced for g6ed11b7d; stdout tail:


-----------------------------------------------
NOVOPlasty: The Organelle Assembler
Version 4.3.5
Author: Nicolas Dierckxsens, (c) 2015-2024
-----------------------------------------------


Input parameters from the configuration file:   *** Verify i",nan,nan,nan,nan,0,0,0
Varecia_variegata,Homo_sapiens,same-order,5,1,553,0,130.4824562072754,"no contig produced for g19d62beb; stdout tail:


-----------------------------------------------
NOVOPlasty: The Organelle Assembler
Version 4.3.5
Author: Nicolas Dierckxsens, (c) 2015-2024
-----------------------------------------------


Input parameters from the configuration file:   *** Verify i",nan,nan,nan,nan,0,0,0
Varecia_variegata,Homo_sapiens,same-order,5,2,553,0,125.95289897918701,"no contig produced for g80df7a51; stdout tail:


-----------------------------------------------
NOVOPlasty: The Organelle Assembler
Version 4.3.5
Author: Nicolas Dierckxsens, (c) 2015-2024
-----------------------------------------------


Input parameters from the configuration file:   *** Verify i",nan,nan,nan,nan,0,0,0
Varecia_variegata,Homo_sapiens,same-order,7,0,774,961,107.47842073440552,,5.7999879292654954,0.05799987929265496,1.0,0.1096406160867085,961,0,15608
Varecia_variegata,Homo_sapiens,same-order,6,1,663,1033,128.01604223251343,,6.234534371416501,0.06234534371416501,1.0,0.11737302579252358,1033,0,15536
Varecia_variegata,Homo_sapiens,same-order,7,1,774,0,132.61012268066406,"no contig produced for g1a52ff85; stdout tail:


-----------------------------------------------
NOVOPlasty: The Organelle Assembler
Version 4.3.5
Author: Nicolas Dierckxsens, (c) 2015-2024
-----------------------------------------------


Input parameters from the configuration file:   *** Verify i",nan,nan,nan,nan,0,0,0
Varecia_variegata,Homo_sapiens,same-order,8,1,884,1161,100.09629511833191,,7.007061379684954,0.07007061379684953,1.0,0.13096446700507614,1161,0,15408
Varecia_variegata,Homo_sapiens,same-order,10,2,1105,1840,93.7065942287445,,11.105075743859015,0.11105075743859014,1.0,0.19990222173936661,1840,0,14729
Varecia_variegata,Homo_sapiens,same-order,10,0,1105,2790,108.58359479904175,,16.838674633351438,0.1683867463335144,1.0,0.28823802882380284,2790,0,13779
Varecia_variegata,Homo_sapiens,same-order,8,2,884,1323,116.10137891769409,,7.984790874524715,0.07984790874524715,1.0,0.147887323943662,1323,0,15246
Varecia_variegata,Homo_sapiens,same-order,6,2,663,1122,182.35885071754456,,6.77168205685316,0.0677168205685316,1.0,0.1268441580464643,1122,0,15447
Varecia_variegata,Homo_sapiens,same-order,20,1,2210,3097,93.77852582931519,,18.691532379745308,0.18691532379745307,1.0,0.31495982914675075,3097,0,13472
Varecia_variegata,Homo_sapiens,same-order,15,1,1657,3102,124.19462466239929,,18.721709216005795,0.18721709216005794,1.0,0.315388134817752,3102,0,13467
Varecia_variegata,Homo_sapiens,same-order,15,0,1657,3105,135.57993006706238,,18.739815317762087,0.18739815317762085,1.0,0.31564501372369624,3105,0,13464
Varecia_variegata,Homo_sapiens,same-order,20,0,2210,3102,114.88060212135315,,18.721709216005795,0.18721709216005794,1.0,0.315388134817752,3102,0,13467
Varecia_variegata,Homo_sapiens,same-order,10,1,1105,3075,155.63311886787415,,18.558754300199165,0.18558754300199168,1.0,0.3130726939523519,3075,0,13494
Varecia_variegata,Homo_sapiens,same-order,6,0,663,2463,231.66247510910034,,14.865109541915626,0.14865109541915625,1.0,0.25882723833543503,2463,0,14106
Varecia_variegata,Homo_sapiens,same-order,15,2,1657,3077,123.7448217868805,,18.57082503470336,0.18570825034703362,1.0,0.31324442634633004,3077,0,13492
Varecia_variegata,Homo_sapiens,same-order,20,2,2210,3097,118.40512919425964,,18.691532379745308,0.18691532379745307,1.0,0.31495982914675075,3097,0,13472
Varecia_variegata,Homo_sapiens,same-order,30,0,3314,3092,115.89426231384277,,18.66135554348482,0.1866135554348482,1.0,0.31453130563043585,3092,0,13477
Varecia_variegata,Homo_sapiens,same-order,30,2,3314,3098,95.4200336933136,,18.697567746997404,0.18697567746997404,1.0,0.3150455077032593,3098,0,13471
Varecia_variegata,Homo_sapiens,same-order,30,1,3314,3079,111.09143328666687,,18.582895769207557,0.18582895769207555,1.0,0.31341612377850164,3079,0,13490
Varecia_variegata,Gorilla_gorilla,same-order,1,1,110,0,120.60735583305359,"no contig produced for gadc5b6f7; stdout tail:


-----------------------------------------------
NOVOPlasty: The Organelle Assembler
Version 4.3.5
Author: Nicolas Dierckxsens, (c) 2015-2024
-----------------------------------------------


Input parameters from the configuration file:   *** Verify i",nan,nan,nan,nan,0,0,0
Varecia_variegata,Gorilla_gorilla,same-order,1,0,110,0,127.21057152748108,"no contig produced for gdac28661; stdout tail:


-----------------------------------------------
NOVOPlasty: The Organelle Assembler
Version 4.3.5
Author: Nicolas Dierckxsens, (c) 2015-2024
-----------------------------------------------


Input parameters from the configuration file:   *** Verify i",nan,nan,nan,nan,0,0,0
Varecia_variegata,Gorilla_gorilla,same-order,1,2,110,0,124.12255859375,"no contig produced for g34cce74d; stdout tail:


-----------------------------------------------
NOVOPlasty: The Organelle Assembler
Version 4.3.5
Author: Nicolas Dierckxsens, (c) 2015-2024
-----------------------------------------------


Input parameters from the configuration file:   *** Verify i",nan,nan,nan,nan,0,0,0
Varecia_variegata,Gorilla_gorilla,same-order,2,0,219,0,127.57872796058655,"no contig produced for gd8843838; stdout tail:


-----------------------------------------------
NOVOPlasty: The Organelle Assembler
Version 4.3.5
Author: Nicolas Dierckxsens, (c) 2015-2024
-----------------------------------------------


Input parameters from the configuration file:   *** Verify i",nan,nan,nan,nan,0,0,0
Varecia_variegata,Gorilla_gorilla,same-order,2,1,219,0,124.55557346343994,"no contig produced for gaf8308ae; stdout tail:


-----------------------------------------------
NOVOPlasty: The Organelle Assembler
Version 4.3.5
Author: Nicolas Dierckxsens, (c) 2015-2024
-----------------------------------------------


Input parameters from the configuration file:   *** Verify i",nan,nan,nan,nan,0,0,0
Varecia_variegata,Gorilla_gorilla,same-order,3,0,328,0,122.87637710571289,"no contig produced for gd946520f; stdout tail:


-----------------------------------------------
NOVOPlasty: The Organelle Assembler
Version 4.3.5
Author: Nicolas Dierckxsens, (c) 2015-2024
-----------------------------------------------


Input parameters from the configuration file:   *** Verify i",nan,nan,nan,nan,0,0,0
Varecia_variegata,Gorilla_gorilla,same-order,2,2,219,0,125.25132369995117,"no contig produced for g368a5914; stdout tail:


-----------------------------------------------
NOVOPlasty: The Organelle Assembler
Version 4.3.5
Author: Nicolas Dierckxsens, (c) 2015-2024
-----------------------------------------------


Input parameters from the configuration file:   *** Verify i",nan,nan,nan,nan,0,0,0
Varecia_variegata,Gorilla_gorilla,same-order,3,1,328,0,123.41441750526428,"no contig produced for gae416299; stdout tail:


-----------------------------------------------
NOVOPlasty: The Organelle Assembler
Version 4.3.5
Author: Nicolas Dierckxsens, (c) 2015-2024
-----------------------------------------------


Input parameters from the configuration file:   *** Verify i",nan,nan,nan,nan,0,0,0
Varecia_variegata,Gorilla_gorilla,same-order,4,0,437,0,122.76163673400879,"no contig produced for gdc09448a; stdout tail:


-----------------------------------------------
NOVOPlasty: The Organelle Assembler
Version 4.3.5
Author: Nicolas Dierckxsens, (c) 2015-2024
-----------------------------------------------


Input parameters from the configuration file:   *** Verify i",nan,nan,nan,nan,0,0,0
Varecia_variegata,Gorilla_gorilla,same-order,3,2,328,0,124.457590341568,"no contig produced for g37483323; stdout tail:


-----------------------------------------------
NOVOPlasty: The Organelle Assembler
Version 4.3.5
Author: Nicolas Dierckxsens, (c) 2015-2024
-----------------------------------------------


Input parameters from the configuration file:   *** Verify i",nan,nan,nan,nan,0,0,0
Varecia_variegata,Gorilla_gorilla,same-order,6,2,655,249,13.392021179199219,,1.5216328526032754,0.015216328526032755,1.0,0.02997652440859568,249,0,16115
Varecia_variegata,Gorilla_gorilla,same-order,4,1,437,0,127.11667561531067,"no contig produced for gab0e741c; stdout tail:


-----------------------------------------------
NOVOPlasty: The Organelle Assembler
Version 4.3.5
Author: Nicolas Dierckxsens, (c) 2015-2024
-----------------------------------------------


Input parameters from the configuration file:   *** Verify i",nan,nan,nan,nan,0,0,0
Varecia_variegata,Gorilla_gorilla,same-order,4,2,437,0,121.39273405075073,"no contig produced for g320725a6; stdout tail:


-----------------------------------------------
NOVOPlasty: The Organelle Assembler
Version 4.3.5
Author: Nicolas Dierckxsens, (c) 2015-2024
-----------------------------------------------


Input parameters from the configuration file:   *** Verify i",nan,nan,nan,nan,0,0,0
Varecia_variegata,Gorilla_gorilla,same-order,5,1,546,0,120.74543166160583,"no contig produced for gaacc1e2b; stdout tail:


-----------------------------------------------
NOVOPlasty: The Organelle Assembler
Version 4.3.5
Author: Nicolas Dierckxsens, (c) 2015-2024
-----------------------------------------------


Input parameters from the configuration file:   *** Verify i",nan,nan,nan,nan,0,0,0
Varecia_variegata,Gorilla_gorilla,same-order,5,0,546,0,127.71232557296753,"no contig produced for gddcb2ebd; stdout tail:


-----------------------------------------------
NOVOPlasty: The Organelle Assembler
Version 4.3.5
Author: Nicolas Dierckxsens, (c) 2015-2024
-----------------------------------------------


Input parameters from the configuration file:   *** Verify i",nan,nan,nan,nan,0,0,0
Varecia_variegata,Gorilla_gorilla,same-order,10,0,1091,1025,58.2461040019989,,6.263749694451234,0.06263749694451234,1.0,0.11789062050721721,1025,0,15339
Varecia_variegata,Gorilla_gorilla,same-order,5,2,546,0,128.15075373649597,"no contig produced for g33c54f91; stdout tail:


-----------------------------------------------
NOVOPlasty: The Organelle Assembler
Version 4.3.5
Author: Nicolas Dierckxsens, (c) 2015-2024
-----------------------------------------------


Input parameters from the configuration file:   *** Verify i",nan,nan,nan,nan,0,0,0
Varecia_variegata,Gorilla_gorilla,same-order,6,0,655,0,125.79858112335205,"no contig produced for gdf8d90e4; stdout tail:


-----------------------------------------------
NOVOPlasty: The Organelle Assembler
Version 4.3.5
Author: Nicolas Dierckxsens, (c) 2015-2024
-----------------------------------------------


Input parameters from the configuration file:   *** Verify i",nan,nan,nan,nan,0,0,0
Varecia_variegata,Gorilla_gorilla,same-order,8,0,873,272,87.0736026763916,,1.6621852847714496,0.016621852847714495,1.0,0.03270016830968983,272,0,16092
Varecia_variegata,Gorilla_gorilla,same-order,6,1,655,1078,128.83664226531982,,6.587631385969201,0.065876313859692,1.0,0.12360967778924434,1078,0,15286
Varecia_variegata,Gorilla_gorilla,same-order,8,1,873,990,91.23248147964478,,6.049865558543144,0.06049865558543144,1.0,0.11409473320271984,990,0,15374
Varecia_variegata,Gorilla_gorilla,same-order,7,1,764,738,95.42271590232849,,4.509899780004889,0.04509899780004889,1.0,0.08630569524032278,738,0,15626
Varecia_variegata,Gorilla_gorilla,same-order,8,2,873,1659,118.54711270332336,,10.13810804204351,0.1013810804204351,1.0,0.18409809687621373,1659,0,14705
Varecia_variegata,Gorilla_gorilla,same-order,7,0,764,0,130.36977553367615,"no contig produced for gde4ffad3; stdout tail:


-----------------------------------------------
NOVOPlasty: The Organelle Assembler
Version 4.3.5
Author: Nicolas Dierckxsens, (c) 2015-2024
-----------------------------------------------


Input parameters from the configuration file:   *** Verify i",nan,nan,nan,nan,0,0,0
Varecia_variegata,Saimiri_boliviensis,same-order,1,0,110,0,128.94736623764038,"no contig produced for g2c6a6400; stdout tail:


-----------------------------------------------
NOVOPlasty: The Organelle Assembler
Version 4.3.5
Author: Nicolas Dierckxsens, (c) 2015-2024
-----------------------------------------------


Input parameters from the configuration file:   *** Verify i",nan,nan,nan,nan,0,0,0
Varecia_variegata,Saimiri_boliviensis,same-order,1,1,110,0,123.43365287780762,"no contig produced for g5b6d5496; stdout tail:


-----------------------------------------------
NOVOPlasty: The Organelle Assembler
Version 4.3.5
Author: Nicolas Dierckxsens, (c) 2015-2024
-----------------------------------------------


Input parameters from the configuration file:   *** Verify i",nan,nan,nan,nan,0,0,0
Varecia_variegata,Gorilla_gorilla,same-order,7,2,764,3881,674.3104829788208,,23.716695184551455,0.23716695184551453,1.0,0.38340330945912565,3881,0,12483
Varecia_variegata,Gorilla_gorilla,same-order,10,1,1091,6030,282.73855543136597,,36.849181129308235,0.3684918112930824,1.0,0.5385371081539698,6030,0,10334
Varecia_variegata,Gorilla_gorilla,same-order,10,2,1091,5850,609.3947196006775,,35.74920557320949,0.35749205573209486,1.0,0.5266948771045287,5850,0,10514
Varecia_variegata,Gorilla_gorilla,same-order,15,0,1637,16341,987.3525967597961,,99.85944756783182,0.9985944756783183,1.0,0.9992967436171839,16341,0,23
Varecia_variegata,Gorilla_gorilla,same-order,15,1,1637,16331,993.386839389801,,99.79833781471523,0.9979833781471523,1.0,0.9989906713564766,16331,0,33
Varecia_variegata,Gorilla_gorilla,same-order,15,2,1637,16316,960.2079951763153,,99.70667318504033,0.9970667318504033,1.0,0.998531211750306,16316,0,48
Varecia_variegata,Saimiri_boliviensis,same-order,1,2,110,0,125.93495392799377,"no contig produced for gc264052c; stdout tail:


-----------------------------------------------
NOVOPlasty: The Organelle Assembler
Version 4.3.5
Author: Nicolas Dierckxsens, (c) 2015-2024
-----------------------------------------------


Input parameters from the configuration file:   *** Verify i",nan,nan,nan,nan,0,0,0
Varecia_variegata,Saimiri_boliviensis,same-order,2,0,220,0,125.26424789428711,"no contig produced for g2e2cda59; stdout tail:


-----------------------------------------------
NOVOPlasty: The Organelle Assembler
Version 4.3.5
Author: Nicolas Dierckxsens, (c) 2015-2024
-----------------------------------------------


Input parameters from the configuration file:   *** Verify i",nan,nan,nan,nan,0,0,0
Varecia_variegata,Gorilla_gorilla,same-order,20,0,2182,16330,924.4760706424713,,99.79222683940357,0.9979222683940356,1.0,0.9989600538325075,16330,0,34
Varecia_variegata,Gorilla_gorilla,same-order,20,1,2182,16334,862.4305958747864,,99.81667074065021,0.998166707406502,1.0,0.9990825126919077,16334,0,30
Varecia_variegata,Gorilla_gorilla,same-order,20,2,2182,16348,805.5362451076508,,99.90222439501345,0.9990222439501344,1.0,0.9995108828564441,16348,0,16
Varecia_variegata,Gorilla_gorilla,same-order,30,0,3273,16358,818.1942989826202,,99.96333414813004,0.9996333414813005,1.0,0.9998166371248702,16358,0,6
Varecia_variegata,Gorilla_gorilla,same-order,30,1,3273,16357,802.6321771144867,,99.95722317281839,0.9995722317281838,1.0,0.9997860701078817,16357,0,7
Varecia_variegata,Gorilla_gorilla,same-order,30,2,3273,16340,778.4103662967682,,99.85333659252017,0.9985333659252017,1.0,0.9992661448140899,16340,0,24
Varecia_variegata,Saimiri_boliviensis,same-order,4,0,440,224,39.0822970867157,,1.3599660008499788,0.013599660008499787,1.0,0.026834381551362682,224,0,16247
Varecia_variegata,Saimiri_boliviensis,same-order,6,2,659,258,24.879446268081665,,1.566389411693279,0.01566389411693279,1.0,0.03084464104250105,258,0,16213
Varecia_variegata,Saimiri_boliviensis,same-order,2,1,220,0,127.92774939537048,"no contig produced for g592beacf; stdout tail:


-----------------------------------------------
NOVOPlasty: The Organelle Assembler
Version 4.3.5
Author: Nicolas Dierckxsens, (c) 2015-2024
-----------------------------------------------


Input parameters from the configuration file:   *** Verify i",nan,nan,nan,nan,0,0,0
Varecia_variegata,Saimiri_boliviensis,same-order,6,1,659,552,42.70538306236267,,3.351344787808876,0.03351344787808876,1.0,0.06485343358984903,552,0,15919
Varecia_variegata,Saimiri_boliviensis,same-order,2,2,220,0,130.3486785888672,"no contig produced for gc022bb75; stdout tail:


-----------------------------------------------
NOVOPlasty: The Organelle Assembler
Version 4.3.5
Author: Nicolas Dierckxsens, (c) 2015-2024
-----------------------------------------------


Input parameters from the configuration file:   *** Verify i",nan,nan,nan,nan,0,0,0
Varecia_variegata,Saimiri_boliviensis,same-order,6,0,659,256,58.306519746780396,,1.5542468581142614,0.015542468581142613,1.0,0.03060919471513122,256,0,16215
Varecia_variegata,Saimiri_boliviensis,same-order,3,0,330,0,130.66384649276733,"no contig produced for g2feeb06e; stdout tail:


-----------------------------------------------
NOVOPlasty: The Organelle Assembler
Version 4.3.5
Author: Nicolas Dierckxsens, (c) 2015-2024
-----------------------------------------------


Input parameters from the configuration file:   *** Verify i",nan,nan,nan,nan,0,0,0
Varecia_variegata,Saimiri_boliviensis,same-order,8,1,879,233,35.43957877159119,,1.4146074919555582,0.014146074919555583,1.0,0.02789750957854406,233,0,16238
Varecia_variegata,Saimiri_boliviensis,same-order,3,1,330,0,130.9986116886139,"no contig produced for g58e980f8; stdout tail:


-----------------------------------------------
NOVOPlasty: The Organelle Assembler
Version 4.3.5
Author: Nicolas Dierckxsens, (c) 2015-2024
-----------------------------------------------


Input parameters from the configuration file:   *** Verify i",nan,nan,nan,nan,0,0,0
Varecia_variegata,Saimiri_boliviensis,same-order,3,2,330,0,131.73944926261902,"no contig produced for gc1e0d142; stdout tail:


-----------------------------------------------
NOVOPlasty: The Organelle Assembler
Version 4.3.5
Author: Nicolas Dierckxsens, (c) 2015-2024
-----------------------------------------------


Input parameters from the configuration file:   *** Verify i",nan,nan,nan,nan,0,0,0
Varecia_variegata,Saimiri_boliviensis,same-order,5,0,550,244,121.43710041046143,,1.4813915366401553,0.014813915366401554,1.0,0.02919533353275501,244,0,16227
Varecia_variegata,Saimiri_boliviensis,same-order,4,2,440,0,129.56169080734253,"no contig produced for gc4afc7c7; stdout tail:


-----------------------------------------------
NOVOPlasty: The Organelle Assembler
Version 4.3.5
Author: Nicolas Dierckxsens, (c) 2015-2024
-----------------------------------------------


Input parameters from the configuration file:   *** Verify i",nan,nan,nan,nan,0,0,0
Varecia_variegata,Saimiri_boliviensis,same-order,8,0,879,650,71.93669772148132,,3.946329913180742,0.03946329913180742,1.0,0.07593014426727411,650,0,15821
Varecia_variegata,Saimiri_boliviensis,same-order,4,1,440,0,132.8317050933838,"no contig produced for g5da6967d; stdout tail:


-----------------------------------------------
NOVOPlasty: The Organelle Assembler
Version 4.3.5
Author: Nicolas Dierckxsens, (c) 2015-2024
-----------------------------------------------


Input parameters from the configuration file:   *** Verify i",nan,nan,nan,nan,0,0,0
Varecia_variegata,Saimiri_boliviensis,same-order,5,2,550,0,131.37588620185852,"no contig produced for gc56dadf0; stdout tail:


-----------------------------------------------
NOVOPlasty: The Organelle Assembler
Version 4.3.5
Author: Nicolas Dierckxsens, (c) 2015-2024
-----------------------------------------------


Input parameters from the configuration file:   *** Verify i",nan,nan,nan,nan,0,0,0
Varecia_variegata,Saimiri_boliviensis,same-order,5,1,550,0,140.3584291934967,"no contig produced for g5c64fc4a; stdout tail:


-----------------------------------------------
NOVOPlasty: The Organelle Assembler
Version 4.3.5
Author: Nicolas Dierckxsens, (c) 2015-2024
-----------------------------------------------


Input parameters from the configuration file:   *** Verify i",nan,nan,nan,nan,0,0,0
Varecia_variegata,Saimiri_boliviensis,same-order,7,1,769,1733,168.24578046798706,,10.521522676218808,0.10521522676218809,1.0,0.1903977147879587,1733,0,14738
Varecia_variegata,Saimiri_boliviensis,same-order,10,2,1099,2593,140.3050036430359,,15.742820715196405,0.15742820715196407,1.0,0.272031053294167,2593,0,13878
Varecia_variegata,Saimiri_boliviensis,same-order,7,0,769,0,221.1143171787262,"no contig produced for g28e718b2; stdout tail:


-----------------------------------------------
NOVOPlasty: The Organelle Assembler
Version 4.3.5
Author: Nicolas Dierckxsens, (c) 2015-2024
-----------------------------------------------


Input parameters from the configuration file:   *** Verify i",nan,nan,nan,nan,0,0,0
Varecia_variegata,Saimiri_boliviensis,same-order,10,1,1099,3750,178.74628448486328,,22.767287960658127,0.22767287960658125,1.0,0.3709015380050443,3750,0,12721
Varecia_variegata,Saimiri_boliviensis,same-order,8,2,879,2301,226.6030125617981,,13.970007892659826,0.13970007892659828,1.0,0.24515235457063714,2301,0,14170
Varecia_variegata,Saimiri_boliviensis,same-order,7,2,769,1276,254.52460145950317,,7.746949183413272,0.07746949183413272,1.0,0.1437989519355384,1276,0,15195
Varecia_variegata,Saimiri_sciureus,same-order,1,0,110,0,126.41117572784424,"no contig produced for g8f7ff6f2; stdout tail:


-----------------------------------------------
NOVOPlasty: The Organelle Assembler
Version 4.3.5
Author: Nicolas Dierckxsens, (c) 2015-2024
-----------------------------------------------


Input parameters from the configuration file:   *** Verify i",nan,nan,nan,nan,0,0,0
Varecia_variegata,Saimiri_boliviensis,same-order,10,0,1099,7029,629.8344650268555,,42.67500455345759,0.4267500455345759,1.0,0.5982127659574468,7029,0,9442
Varecia_variegata,Saimiri_sciureus,same-order,1,1,110,0,124.19947671890259,"no contig produced for gf878c664; stdout tail:


-----------------------------------------------
NOVOPlasty: The Organelle Assembler
Version 4.3.5
Author: Nicolas Dierckxsens, (c) 2015-2024
-----------------------------------------------


Input parameters from the configuration file:   *** Verify i",nan,nan,nan,nan,0,0,0
Varecia_variegata,Saimiri_boliviensis,same-order,15,0,1648,16397,876.3761253356934,,99.55072551757635,0.9955072551757634,1.0,0.9977485700377265,16397,0,74
Varecia_variegata,Saimiri_sciureus,same-order,1,2,110,0,122.55226874351501,"no contig produced for g617197de; stdout tail:


-----------------------------------------------
NOVOPlasty: The Organelle Assembler
Version 4.3.5
Author: Nicolas Dierckxsens, (c) 2015-2024
-----------------------------------------------


Input parameters from the configuration file:   *** Verify i",nan,nan,nan,nan,0,0,0
Varecia_variegata,Saimiri_boliviensis,same-order,15,1,1648,16405,748.4216411113739,,99.59929573189241,0.9959929573189241,1.0,0.9979924565032242,16405,0,66
Varecia_variegata,Saimiri_boliviensis,same-order,15,2,1648,10831,557.305896282196,,65.75799890717018,0.6575799890717018,1.0,0.7934217273459819,10831,0,5640
Varecia_variegata,Saimiri_sciureus,same-order,2,0,220,0,125.00351572036743,"no contig produced for g8d3948ab; stdout tail:


-----------------------------------------------
NOVOPlasty: The Organelle Assembler
Version 4.3.5
Author: Nicolas Dierckxsens, (c) 2015-2024
-----------------------------------------------


Input parameters from the configuration file:   *** Verify i",nan,nan,nan,nan,0,0,0
Varecia_variegata,Saimiri_boliviensis,same-order,20,0,2197,16446,769.8511095046997,,99.84821808026228,0.9984821808026227,1.0,0.9992405140201112,16446,0,25
Varecia_variegata,Saimiri_boliviensis,same-order,20,1,2197,16442,823.075293302536,,99.82393297310425,0.9982393297310425,1.0,0.9991188891927203,16442,0,29
Varecia_variegata,Saimiri_boliviensis,same-order,20,2,2197,16436,822.6794898509979,,99.78750531236719,0.9978750531236719,1.0,0.9989363965113806,16436,0,35
Varecia_variegata,Saimiri_boliviensis,same-order,30,0,3295,16435,812.3367850780487,,99.78143403557767,0.9978143403557769,1.0,0.998905974594299,16435,0,36
Varecia_variegata,Saimiri_sciureus,same-order,2,1,220,0,122.08325839042664,"no contig produced for gfa3e783d; stdout tail:


-----------------------------------------------
NOVOPlasty: The Organelle Assembler
Version 4.3.5
Author: Nicolas Dierckxsens, (c) 2015-2024
-----------------------------------------------


Input parameters from the configuration file:   *** Verify i",nan,nan,nan,nan,0,0,0
Varecia_variegata,Saimiri_sciureus,same-order,2,2,220,0,124.78393006324768,"no contig produced for g63372987; stdout tail:


-----------------------------------------------
NOVOPlasty: The Organelle Assembler
Version 4.3.5
Author: Nicolas Dierckxsens, (c) 2015-2024
-----------------------------------------------


Input parameters from the configuration file:   *** Verify i",nan,nan,nan,nan,0,0,0
Varecia_variegata,Saimiri_boliviensis,same-order,30,1,3295,16455,818.3294444084167,,99.90285957136786,0.9990285957136786,1.0,0.9995140618356314,16455,0,16
Varecia_variegata,Saimiri_sciureus,same-order,5,2,550,464,73.66199016571045,,2.8165594269758407,0.02816559426975841,1.0,0.05478805053725351,464,0,16010
Varecia_variegata,Saimiri_sciureus,same-order,5,0,550,950,89.72297263145447,,5.766662619885881,0.05766662619885881,1.0,0.10904499540863179,950,0,15524
Varecia_variegata,Saimiri_sciureus,same-order,3,0,330,0,127.11282467842102,"no contig produced for g8cfb229c; stdout tail:


-----------------------------------------------
NOVOPlasty: The Organelle Assembler
Version 4.3.5
Author: Nicolas Dierckxsens, (c) 2015-2024
-----------------------------------------------


Input parameters from the configuration file:   *** Verify i",nan,nan,nan,nan,0,0,0
Varecia_variegata,Saimiri_sciureus,same-order,3,1,330,0,123.91930937767029,"no contig produced for gfbfc120a; stdout tail:


-----------------------------------------------
NOVOPlasty: The Organelle Assembler
Version 4.3.5
Author: Nicolas Dierckxsens, (c) 2015-2024
-----------------------------------------------


Input parameters from the configuration file:   *** Verify i",nan,nan,nan,nan,0,0,0
Varecia_variegata,Saimiri_boliviensis,same-order,30,2,3295,16447,837.5508065223694,,99.85428935705178,0.9985428935705178,1.0,0.9992709156084817,16447,0,24
Varecia_variegata,Saimiri_sciureus,same-order,6,2,659,235,31.05666184425354,,1.426490227024402,0.014264902270244021,1.0,0.028128553474175592,235,0,16239
Varecia_variegata,Saimiri_sciureus,same-order,3,2,330,0,123.60871529579163,"no contig produced for g62f543b0; stdout tail:


-----------------------------------------------
NOVOPlasty: The Organelle Assembler
Version 4.3.5
Author: Nicolas Dierckxsens, (c) 2015-2024
-----------------------------------------------


Input parameters from the configuration file:   *** Verify i",nan,nan,nan,nan,0,0,0
Varecia_variegata,Saimiri_sciureus,same-order,4,0,440,0,128.14086174964905,"no contig produced for g89b43419; stdout tail:


-----------------------------------------------
NOVOPlasty: The Organelle Assembler
Version 4.3.5
Author: Nicolas Dierckxsens, (c) 2015-2024
-----------------------------------------------


Input parameters from the configuration file:   *** Verify i",nan,nan,nan,nan,0,0,0
Varecia_variegata,Saimiri_sciureus,same-order,4,1,440,0,124.63570261001587,"no contig produced for gfeb3048f; stdout tail:


-----------------------------------------------
NOVOPlasty: The Organelle Assembler
Version 4.3.5
Author: Nicolas Dierckxsens, (c) 2015-2024
-----------------------------------------------


Input parameters from the configuration file:   *** Verify i",nan,nan,nan,nan,0,0,0
Varecia_variegata,Saimiri_sciureus,same-order,4,2,440,0,125.21610069274902,"no contig produced for g67ba5535; stdout tail:


-----------------------------------------------
NOVOPlasty: The Organelle Assembler
Version 4.3.5
Author: Nicolas Dierckxsens, (c) 2015-2024
-----------------------------------------------


Input parameters from the configuration file:   *** Verify i",nan,nan,nan,nan,0,0,0
Varecia_variegata,Saimiri_sciureus,same-order,5,1,550,0,126.15981101989746,"no contig produced for gff716eb8; stdout tail:


-----------------------------------------------
NOVOPlasty: The Organelle Assembler
Version 4.3.5
Author: Nicolas Dierckxsens, (c) 2015-2024
-----------------------------------------------


Input parameters from the configuration file:   *** Verify i",nan,nan,nan,nan,0,0,0
Varecia_variegata,Saimiri_sciureus,same-order,6,0,659,0,132.46814846992493,"no contig produced for g8a30e077; stdout tail:


-----------------------------------------------
NOVOPlasty: The Organelle Assembler
Version 4.3.5
Author: Nicolas Dierckxsens, (c) 2015-2024
-----------------------------------------------


Input parameters from the configuration file:   *** Verify i",nan,nan,nan,nan,0,0,0
Varecia_variegata,Saimiri_sciureus,same-order,8,1,879,856,59.80748414993286,,5.19606652907612,0.051960665290761196,1.0,0.09878822850548181,856,0,15618
Varecia_variegata,Saimiri_sciureus,same-order,6,1,659,0,132.31586527824402,"no contig produced for gfd37d0e1; stdout tail:


-----------------------------------------------
NOVOPlasty: The Organelle Assembler
Version 4.3.5
Author: Nicolas Dierckxsens, (c) 2015-2024
-----------------------------------------------


Input parameters from the configuration file:   *** Verify i",nan,nan,nan,nan,0,0,0
Varecia_variegata,Saimiri_sciureus,same-order,7,1,769,2327,129.24056243896484,,14.125288333130994,0.14125288333130995,1.0,0.24754002446678366,2327,0,14147
Varecia_variegata,Saimiri_sciureus,same-order,7,2,769,956,123.9685468673706,,5.803083646958844,0.05803083646958844,1.0,0.10969592656339643,956,0,15518
Varecia_variegata,Saimiri_sciureus,same-order,10,1,1099,1315,118.80369877815247,,7.982275100157825,0.07982275100157825,1.0,0.147844173365563,1315,0,15159
Varecia_variegata,Saimiri_sciureus,same-order,8,2,879,0,137.9485194683075,"no contig produced for g6ea0ac51; stdout tail:


-----------------------------------------------
NOVOPlasty: The Organelle Assembler
Version 4.3.5
Author: Nicolas Dierckxsens, (c) 2015-2024
-----------------------------------------------


Input parameters from the configuration file:   *** Verify i",nan,nan,nan,nan,0,0,0
Varecia_variegata,Saimiri_sciureus,same-order,10,0,1099,2689,151.46284127235413,,16.322690299866455,0.16322690299866457,1.0,0.28064499295517403,2689,0,13785
Varecia_variegata,Saimiri_sciureus,same-order,7,0,769,2842,193.91642427444458,,17.251426490227026,0.17251426490227023,1.0,0.29426382273762686,2842,0,13632
Varecia_variegata,Saimiri_sciureus,same-order,8,0,879,2625,202.6432499885559,,15.934199344421513,0.15934199344421512,1.0,0.27488350175401854,2625,0,13849
Varecia_variegata,Aotus_azarai,same-order,1,0,111,0,125.77763724327087,"no contig produced for g5c163b5b; stdout tail:


-----------------------------------------------
NOVOPlasty: The Organelle Assembler
Version 4.3.5
Author: Nicolas Dierckxsens, (c) 2015-2024
-----------------------------------------------


Input parameters from the configuration file:   *** Verify i",nan,nan,nan,nan,0,0,0
Varecia_variegata,Saimiri_sciureus,same-order,15,0,1648,5842,251.49867749214172,,35.46194002670875,0.35461940026708755,1.0,0.5235705323534684,5842,0,10632
Varecia_variegata,Aotus_azarai,same-order,1,1,111,0,122.37865567207336,"no contig produced for g2b110bcd; stdout tail:


-----------------------------------------------
NOVOPlasty: The Organelle Assembler
Version 4.3.5
Author: Nicolas Dierckxsens, (c) 2015-2024
-----------------------------------------------


Input parameters from the configuration file:   *** Verify i",nan,nan,nan,nan,0,0,0
Varecia_variegata,Aotus_azarai,same-order,1,2,111,0,124.28146243095398,"no contig produced for gb2185a77; stdout tail:


-----------------------------------------------
NOVOPlasty: The Organelle Assembler
Version 4.3.5
Author: Nicolas Dierckxsens, (c) 2015-2024
-----------------------------------------------


Input parameters from the configuration file:   *** Verify i",nan,nan,nan,nan,0,0,0
Varecia_variegata,Saimiri_sciureus,same-order,10,2,1099,8716,679.949155330658,,52.90761199465825,0.5290761199465825,1.0,0.6920206431123462,8716,0,7758
Varecia_variegata,Saimiri_sciureus,same-order,15,1,1648,16430,836.6919918060303,,99.7329124681316,0.997329124681316,1.0,0.99866277656212,16430,0,44
Varecia_variegata,Aotus_azarai,same-order,2,0,221,0,128.50684094429016,"no contig produced for g5e508502; stdout tail:


-----------------------------------------------
NOVOPlasty: The Organelle Assembler
Version 4.3.5
Author: Nicolas Dierckxsens, (c) 2015-2024
-----------------------------------------------


Input parameters from the configuration file:   *** Verify i",nan,nan,nan,nan,0,0,0
Varecia_variegata,Saimiri_sciureus,same-order,15,2,1648,16438,858.3447432518005,,99.78147383756222,0.9978147383756222,1.0,0.9989061740398639,16438,0,36
Varecia_variegata,Saimiri_sciureus,same-order,20,0,2197,16441,831.3801732063293,,99.7996843510987,0.997996843510987,1.0,0.9989974175907642,16441,0,33
Varecia_variegata,Saimiri_sciureus,same-order,20,1,2197,16458,843.1542737483978,,99.90287726113877,0.9990287726113877,1.0,0.9995141503704603,16458,0,16
Varecia_variegata,Aotus_azarai,same-order,4,1,442,250,41.386465549468994,,1.5101177891875566,0.015101177891875567,1.0,0.029753049687592983,250,0,16305
Varecia_variegata,Saimiri_sciureus,same-order,20,2,2197,16425,798.2782983779907,,99.70256161223746,0.9970256161223746,1.0,0.9985105930271436,16425,0,49
Varecia_variegata,Aotus_azarai,same-order,2,1,221,0,123.68121576309204,"no contig produced for g2957b594; stdout tail:


-----------------------------------------------
NOVOPlasty: The Organelle Assembler
Version 4.3.5
Author: Nicolas Dierckxsens, (c) 2015-2024
-----------------------------------------------


Input parameters from the configuration file:   *** Verify i",nan,nan,nan,nan,0,0,0
Varecia_variegata,Aotus_azarai,same-order,2,2,221,0,124.68155264854431,"no contig produced for gb05ee42e; stdout tail:


-----------------------------------------------
NOVOPlasty: The Organelle Assembler
Version 4.3.5
Author: Nicolas Dierckxsens, (c) 2015-2024
-----------------------------------------------


Input parameters from the configuration file:   *** Verify i",nan,nan,nan,nan,0,0,0
Varecia_variegata,Aotus_azarai,same-order,3,0,332,0,123.76760149002075,"no contig produced for g5f92ef35; stdout tail:


-----------------------------------------------
NOVOPlasty: The Organelle Assembler
Version 4.3.5
Author: Nicolas Dierckxsens, (c) 2015-2024
-----------------------------------------------


Input parameters from the configuration file:   *** Verify i",nan,nan,nan,nan,0,0,0
Varecia_variegata,Saimiri_sciureus,same-order,30,0,3295,16459,849.0648846626282,,99.90894743231759,0.999089474323176,1.0,0.9995445298029333,16459,0,15
Varecia_variegata,Saimiri_sciureus,same-order,30,1,3295,16446,840.8028273582458,,99.83003520699283,0.9983003520699284,1.0,0.9991494532199272,16446,0,28
Varecia_variegata,Aotus_azarai,same-order,3,1,332,0,120.86294364929199,"no contig produced for g2895dfa3; stdout tail:


-----------------------------------------------
NOVOPlasty: The Organelle Assembler
Version 4.3.5
Author: Nicolas Dierckxsens, (c) 2015-2024
-----------------------------------------------


Input parameters from the configuration file:   *** Verify i",nan,nan,nan,nan,0,0,0
Varecia_variegata,Saimiri_sciureus,same-order,30,2,3295,16440,829.2126224040985,,99.79361417991987,0.9979361417991988,1.0,0.9989670049219177,16440,0,34
Varecia_variegata,Aotus_azarai,same-order,3,2,332,0,122.92422676086426,"no contig produced for gb19c8e19; stdout tail:


-----------------------------------------------
NOVOPlasty: The Organelle Assembler
Version 4.3.5
Author: Nicolas Dierckxsens, (c) 2015-2024
-----------------------------------------------


Input parameters from the configuration file:   *** Verify i",nan,nan,nan,nan,0,0,0
Varecia_variegata,Aotus_azarai,same-order,4,0,442,0,124.03988981246948,"no contig produced for g5addf9b0; stdout tail:


-----------------------------------------------
NOVOPlasty: The Organelle Assembler
Version 4.3.5
Author: Nicolas Dierckxsens, (c) 2015-2024
-----------------------------------------------


Input parameters from the configuration file:   *** Verify i",nan,nan,nan,nan,0,0,0
Varecia_variegata,Aotus_azarai,same-order,4,2,442,0,123.50719094276428,"no contig produced for gb4d3989c; stdout tail:


-----------------------------------------------
NOVOPlasty: The Organelle Assembler
Version 4.3.5
Author: Nicolas Dierckxsens, (c) 2015-2024
-----------------------------------------------


Input parameters from the configuration file:   *** Verify i",nan,nan,nan,nan,0,0,0
Varecia_variegata,Aotus_azarai,same-order,7,0,773,654,59.447097301483154,,3.9504681365146483,0.03950468136514648,1.0,0.07600674065895752,654,0,15901
Varecia_variegata,Aotus_azarai,same-order,5,0,552,0,127.59135317802429,"no contig produced for g5b1f9387; stdout tail:


-----------------------------------------------
NOVOPlasty: The Organelle Assembler
Version 4.3.5
Author: Nicolas Dierckxsens, (c) 2015-2024
-----------------------------------------------


Input parameters from the configuration file:   *** Verify i",nan,nan,nan,nan,0,0,0
Varecia_variegata,Aotus_azarai,same-order,5,2,552,420,109.68205142021179,,2.536997885835095,0.02536997885835095,1.0,0.049484536082474224,420,0,16135
Varecia_variegata,Aotus_azarai,same-order,5,1,552,0,127.7103705406189,"no contig produced for g2c18a311; stdout tail:


-----------------------------------------------
NOVOPlasty: The Organelle Assembler
Version 4.3.5
Author: Nicolas Dierckxsens, (c) 2015-2024
-----------------------------------------------


Input parameters from the configuration file:   *** Verify i",nan,nan,nan,nan,0,0,0
Varecia_variegata,Aotus_azarai,same-order,7,1,773,572,74.00080466270447,,3.4551495016611296,0.0345514950166113,1.0,0.06679511881824021,572,0,15983
Varecia_variegata,Aotus_azarai,same-order,6,2,663,820,92.56879925727844,,4.953186348535186,0.04953186348535186,1.0,0.09438848920863309,820,0,15735
Varecia_variegata,Aotus_azarai,same-order,10,0,1104,979,45.259241342544556,,5.913621262458472,0.05913621262458472,1.0,0.11166875784190716,979,0,15576
Varecia_variegata,Aotus_azarai,same-order,6,1,663,0,154.9497091770172,"no contig produced for g2e5e1d48; stdout tail:


-----------------------------------------------
NOVOPlasty: The Organelle Assembler
Version 4.3.5
Author: Nicolas Dierckxsens, (c) 2015-2024
-----------------------------------------------


Input parameters from the configuration file:   *** Verify i",nan,nan,nan,nan,0,0,0
Varecia_variegata,Aotus_azarai,same-order,8,1,883,1955,174.6559944152832,,11.809121111446693,0.11809121111446692,1.0,0.21123716909778498,1955,0,14600
Varecia_variegata,Aotus_azarai,same-order,6,0,663,959,223.69641304016113,,5.792811839323467,0.057928118393234675,1.0,0.10951239008792965,959,0,15596
Varecia_variegata,Aotus_azarai,same-order,7,2,773,1738,240.24334812164307,,10.498338870431894,0.10498338870431893,1.0,0.19001803968731207,1738,0,14817
Varecia_variegata,Aotus_azarai,same-order,8,0,883,2918,246.9438455104828,,17.62609483539716,0.1762609483539716,1.0,0.29969701638165663,2918,0,13637
Varecia_variegata,Aotus_azarai,same-order,8,2,883,2738,247.16183471679688,,16.53881002718212,0.16538810027182121,1.0,0.28383351474628105,2738,0,13817
Varecia_variegata,Aotus_azarai,same-order,10,2,1104,3735,226.18954491615295,,22.561159770462098,0.22561159770462097,1.0,0.3681616559881715,3735,0,12820
Varecia_variegata,Aotus_azarai,same-order,10,1,1104,5248,281.7484338283539,,31.70039263062519,0.3170039263062519,1.0,0.4814016419758749,5248,0,11307
Varecia_variegata,Aotus_azarai,same-order,15,0,1656,16518,802.4779167175293,,99.77650256720024,0.9977650256720024,1.0,0.9988812626613853,16518,0,37
Varecia_variegata,Aotus_azarai,same-order,15,1,1656,16523,824.9667978286743,,99.806704922984,0.9980670492298399,1.0,0.9990325896366165,16523,0,32
Varecia_variegata,Aotus_azarai,same-order,15,2,1656,16526,743.0895726680756,,99.82482633645424,0.9982482633645424,1.0,0.9991233638644539,16526,0,29
Varecia_variegata,Aotus_azarai,same-order,20,0,2208,16546,795.2293891906738,,99.94563575958925,0.9994563575958925,1.0,0.999728104891091,16546,0,9
Varecia_variegata,Aotus_azarai,same-order,20,1,2208,16541,744.8737413883209,,99.9154334038055,0.999154334038055,1.0,0.9995769881556684,16541,0,14
Varecia_variegata,Aotus_azarai,same-order,20,2,2208,16530,708.0333652496338,,99.84898822108124,0.9984898822108125,1.0,0.999244370560677,16530,0,25
Varecia_variegata,Aotus_azarai,same-order,30,0,3311,16525,589.6437003612518,,99.8187858652975,0.9981878586529749,1.0,0.9990931076178959,16525,0,30
Varecia_variegata,Aotus_azarai,same-order,30,1,3311,16545,584.4149281978607,,99.9395952884325,0.9993959528843249,1.0,0.9996978851963746,16545,0,10
Varecia_variegata,Aotus_azarai,same-order,30,2,3311,16544,567.6380052566528,,99.93355481727575,0.9993355481727575,1.0,0.9996676636756398,16544,0,11
