reference,target,divergence,depth,replicate,n_reads,theta_len,runtime_s,error,identity_pct,recall,precision,f1,c_theta,w_theta,u_t,original_identity_pct,original_f1,delta_identity_pct,delta_f1,assembly_fasta
Saimiri_boliviensis,Saimiri_sciureus,same-genus,6,2,659,240,22.44346284866333,,1.4568410829185383,0.014568410829185382,1.0,0.02871843963144669,240,0,16234,1.4568410829185383,0.02871843963144669,0.0,0.0,assemblies/Saimiri_boliviensis__Saimiri_sciureus__d6__r2.fasta
Saimiri_boliviensis,Saimiri_sciureus,same-genus,7,0,769,278,22.584813833236694,,1.6875075877139736,0.016875075877139736,1.0,0.03319006685768864,278,0,16196,1.6875075877139736,0.03319006685768864,0.0,0.0,assemblies/Saimiri_boliviensis__Saimiri_sciureus__d7__r0.fasta
Saimiri_boliviensis,Saimiri_sciureus,same-genus,8,0,879,283,25.656211376190186,,1.7178584436081097,0.0171785844360811,1.0,0.033776929044578394,283,0,16191,1.7178584436081097,0.033776929044578394,0.0,0.0,assemblies/Saimiri_boliviensis__Saimiri_sciureus__d8__r0.fasta
Saimiri_boliviensis,Saimiri_sciureus,same-genus,6,0,659,263,25.880080223083496,,1.5964550200315648,0.01596455020031565,1.0,0.03142737647129115,263,0,16211,1.5964550200315648,0.03142737647129115,0.0,0.0,assemblies/Saimiri_boliviensis__Saimiri_sciureus__d6__r0.fasta
Saimiri_boliviensis,Saimiri_sciureus,same-genus,4,0,440,311,33.89397859573364,,1.8878232366152725,0.018878232366152724,1.0,0.03705689603812928,311,0,16163,1.8878232366152725,0.03705689603812928,0.0,0.0,assemblies/Saimiri_boliviensis__Saimiri_sciureus__d4__r0.fasta
Saimiri_boliviensis,Saimiri_sciureus,same-genus,4,1,440,274,45.10260891914368,,1.6632269029986646,0.016632269029986647,1.0,0.03272032481490327,274,0,16200,1.6632269029986646,0.03272032481490327,0.0,0.0,assemblies/Saimiri_boliviensis__Saimiri_sciureus__d4__r1.fasta
Saimiri_boliviensis,Saimiri_sciureus,same-genus,10,0,1099,217,24.73358154296875,,1.3172271458055118,0.013172271458055117,1.0,0.026002037025942126,217,0,16257,1.3172271458055118,0.026002037025942126,0.0,0.0,assemblies/Saimiri_boliviensis__Saimiri_sciureus__d10__r0.fasta
Saimiri_boliviensis,Saimiri_sciureus,same-genus,3,0,330,244,52.687193632125854,,1.4811217676338473,0.014811217676338473,1.0,0.02919009450891255,244,0,16230,1.4811217676338473,0.02919009450891255,0.0,0.0,assemblies/Saimiri_boliviensis__Saimiri_sciureus__d3__r0.fasta
Saimiri_boliviensis,Saimiri_sciureus,same-genus,5,2,550,574,84.7986388206482,,3.4842782566468373,0.034842782566468375,1.0,0.06733927733458471,574,0,15900,3.4842782566468373,0.06733927733458471,0.0,0.0,assemblies/Saimiri_boliviensis__Saimiri_sciureus__d5__r2.fasta
Saimiri_boliviensis,Saimiri_sciureus,same-genus,4,2,440,387,114.80259132385254,,2.349156246206143,0.02349156246206143,1.0,0.04590475060791175,387,0,16087,2.330945732669661,0.045557005575987665,0.01821051353648162,0.0003477450319240849,assemblies/Saimiri_boliviensis__Saimiri_sciureus__d4__r2.fasta
Saimiri_boliviensis,Saimiri_sciureus,same-genus,8,1,879,856,78.53334617614746,,5.19606652907612,0.051960665290761196,1.0,0.09878822850548181,856,0,15618,7.8062401359718345,0.1448198198198198,-2.6101736068957146,-0.046031591314338,assemblies/Saimiri_boliviensis__Saimiri_sciureus__d8__r1.fasta
Saimiri_boliviensis,Saimiri_sciureus,same-genus,10,2,1099,1061,108.9022126197815,,6.440451620735705,0.06440451620735704,1.0,0.1210151126318791,1061,0,15413,6.440451620735705,0.1210151126318791,0.0,0.0,assemblies/Saimiri_boliviensis__Saimiri_sciureus__d10__r2.fasta
Saimiri_boliviensis,Saimiri_sciureus,same-genus,5,1,550,827,138.07274723052979,,5.02003156489013,0.050200315648901296,1.0,0.09560141032310271,827,0,15647,5.02003156489013,0.09560141032310271,0.0,0.0,assemblies/Saimiri_boliviensis__Saimiri_sciureus__d5__r1.fasta
Saimiri_boliviensis,Saimiri_sciureus,same-genus,5,0,550,950,178.63554334640503,,5.766662619885881,0.05766662619885881,1.0,0.10904499540863179,950,0,15524,5.766662619885881,0.10904499540863179,0.0,0.0,assemblies/Saimiri_boliviensis__Saimiri_sciureus__d5__r0.fasta
Saimiri_boliviensis,Saimiri_sciureus,same-genus,10,1,1099,1763,193.09588932991028,,10.70171178827243,0.10701711788272429,1.0,0.19334320337774852,1763,0,14711,10.70171178827243,0.19334320337774852,0.0,0.0,assemblies/Saimiri_boliviensis__Saimiri_sciureus__d10__r1.fasta
Saimiri_boliviensis,Saimiri_sciureus,same-genus,6,1,659,1000,261.4480004310608,,6.070171178827243,0.06070171178827243,1.0,0.11445576284765939,1000,0,15474,6.070171178827243,0.11445576284765939,0.0,0.0,assemblies/Saimiri_boliviensis__Saimiri_sciureus__d6__r1.fasta
Saimiri_boliviensis,Saimiri_sciureus,same-genus,7,1,769,2327,299.6657180786133,,14.125288333130994,0.14125288333130995,1.0,0.24754002446678366,2327,0,14147,14.125288333130994,0.24754002446678366,0.0,0.0,assemblies/Saimiri_boliviensis__Saimiri_sciureus__d7__r1.fasta
Saimiri_sciureus,Saimiri_boliviensis,same-genus,3,1,330,248,23.8493595123291,,1.5056766437981908,0.015056766437981907,1.0,0.029666846103235837,248,0,16223,1.5056766437981908,0.029666846103235837,0.0,0.0,assemblies/Saimiri_sciureus__Saimiri_boliviensis__d3__r1.fasta
Saimiri_sciureus,Saimiri_boliviensis,same-genus,4,1,440,252,22.461748361587524,,1.529961750956226,0.01529961750956226,1.0,0.030138133110087898,252,0,16219,1.529961750956226,0.030138133110087898,0.0,0.0,assemblies/Saimiri_sciureus__Saimiri_boliviensis__d4__r1.fasta
Saimiri_sciureus,Saimiri_boliviensis,same-genus,4,0,440,232,47.41770792007446,,1.4085362151660494,0.014085362151660494,1.0,0.027779440819014546,232,0,16239,1.4085362151660494,0.027779440819014546,0.0,0.0,assemblies/Saimiri_sciureus__Saimiri_boliviensis__d4__r0.fasta
Saimiri_sciureus,Saimiri_boliviensis,same-genus,5,0,550,454,50.51767325401306,,2.7563596624370104,0.027563596624370103,1.0,0.05364844903988183,454,0,16017,2.7563596624370104,0.05364844903988183,0.0,0.0,assemblies/Saimiri_sciureus__Saimiri_boliviensis__d5__r0.fasta
Saimiri_sciureus,Saimiri_boliviensis,same-genus,6,2,659,668,39.62435865402222,,4.055612895391901,0.04055612895391901,1.0,0.07795087227959625,668,0,15803,4.055612895391901,0.07795087227959625,0.0,0.0,assemblies/Saimiri_sciureus__Saimiri_boliviensis__d6__r2.fasta
Saimiri_sciureus,Saimiri_boliviensis,same-genus,6,0,659,476,37.83082318305969,,2.889927751806205,0.02889927751806205,1.0,0.05617513424204874,476,0,15995,2.889927751806205,0.05617513424204874,0.0,0.0,assemblies/Saimiri_sciureus__Saimiri_boliviensis__d6__r0.fasta
Saimiri_sciureus,Saimiri_boliviensis,same-genus,5,2,550,485,43.45289468765259,,2.9445692429117845,0.029445692429117844,1.0,0.05720688841707951,485,0,15986,2.9445692429117845,0.05720688841707951,0.0,0.0,assemblies/Saimiri_sciureus__Saimiri_boliviensis__d5__r2.fasta
Saimiri_sciureus,Saimiri_boliviensis,same-genus,10,1,1099,274,14.700701236724854,,1.6635298403254204,0.016635298403254204,1.0,0.03272618692146909,274,0,16197,1.6635298403254204,0.03272618692146909,0.0,0.0,assemblies/Saimiri_sciureus__Saimiri_boliviensis__d10__r1.fasta
Saimiri_sciureus,Saimiri_boliviensis,same-genus,5,1,550,1017,50.755505084991455,,6.1744884949304835,0.061744884949304836,1.0,0.11630832570905765,1017,0,15454,6.1744884949304835,0.11630832570905765,0.0,0.0,assemblies/Saimiri_sciureus__Saimiri_boliviensis__d5__r1.fasta
Saimiri_sciureus,Saimiri_boliviensis,same-genus,4,2,440,872,70.53345060348511,,5.294153360451703,0.05294153360451703,1.0,0.10055930346537507,872,0,15599,5.294153360451703,0.10055930346537507,0.0,0.0,assemblies/Saimiri_sciureus__Saimiri_boliviensis__d4__r2.fasta
Saimiri_sciureus,Saimiri_boliviensis,same-genus,7,2,769,1306,70.99980640411377,,7.929087487098537,0.07929087487098536,1.0,0.14693142824998595,1306,0,15165,7.929087487098537,0.14693142824998595,0.0,0.0,assemblies/Saimiri_sciureus__Saimiri_boliviensis__d7__r2.fasta
Saimiri_sciureus,Saimiri_boliviensis,same-genus,8,1,879,797,80.55116391181946,,4.838807601238541,0.04838807601238541,1.0,0.09230947417187862,797,0,15674,4.838807601238541,0.09230947417187862,0.0,0.0,assemblies/Saimiri_sciureus__Saimiri_boliviensis__d8__r1.fasta
Saimiri_sciureus,Saimiri_boliviensis,same-genus,6,1,659,876,93.77268052101135,,5.318438467609738,0.05318438467609738,1.0,0.1009972905977979,876,0,15595,5.318438467609738,0.1009972905977979,0.0,0.0,assemblies/Saimiri_sciureus__Saimiri_boliviensis__d6__r1.fasta
Saimiri_sciureus,Saimiri_boliviensis,same-genus,8,2,879,2083,104.48181891441345,,12.6464695525469,0.12646469552546902,1.0,0.2245337932521289,2083,0,14388,12.6464695525469,0.2245337932521289,0.0,0.0,assemblies/Saimiri_sciureus__Saimiri_boliviensis__d8__r2.fasta
Saimiri_sciureus,Saimiri_boliviensis,same-genus,7,0,769,1554,122.77748990058899,,9.434764130896728,0.09434764130896728,1.0,0.17242718446601943,1554,0,14917,9.434764130896728,0.17242718446601943,0.0,0.0,assemblies/Saimiri_sciureus__Saimiri_boliviensis__d7__r0.fasta
Saimiri_sciureus,Saimiri_boliviensis,same-genus,10,2,1099,2593,89.54455995559692,,15.742820715196405,0.15742820715196407,1.0,0.272031053294167,2593,0,13878,15.742820715196405,0.272031053294167,0.0,0.0,assemblies/Saimiri_sciureus__Saimiri_boliviensis__d10__r2.fasta
Saimiri_sciureus,Saimiri_boliviensis,same-genus,7,1,769,1733,98.64521384239197,,10.521522676218808,0.10521522676218809,1.0,0.1903977147879587,1733,0,14738,10.521522676218808,0.1903977147879587,0.0,0.0,assemblies/Saimiri_sciureus__Saimiri_boliviensis__d7__r1.fasta
Saimiri_sciureus,Saimiri_boliviensis,same-genus,8,0,879,1985,135.62523221969604,,12.051484427175035,0.12051484427175035,1.0,0.21510619852622456,1985,0,14486,12.051484427175035,0.21510619852622456,0.0,0.0,assemblies/Saimiri_sciureus__Saimiri_boliviensis__d8__r0.fasta
Saimiri_sciureus,Saimiri_boliviensis,same-genus,30,2,3295,16447,288.38240361213684,,99.85428935705178,0.9985428935705178,1.0,0.9992709156084817,16447,0,24,99.85428935705178,0.9992709156084817,0.0,0.0,assemblies/Saimiri_sciureus__Saimiri_boliviensis__d30__r2.fasta
Homo_sapiens,Gorilla_gorilla,same-family,6,2,655,253,7.792522668838501,,1.5460767538499145,0.015460767538499145,1.0,0.030450743214780043,253,0,16111,1.5460767538499145,0.030450743214780043,0.0,0.0,assemblies/Homo_sapiens__Gorilla_gorilla__d6__r2.fasta
Homo_sapiens,Gorilla_gorilla,same-family,7,1,764,282,15.516970872879028,,1.723295037888047,0.01723295037888047,1.0,0.033882013696984264,282,0,16082,1.723295037888047,0.033882013696984264,0.0,0.0,assemblies/Homo_sapiens__Gorilla_gorilla__d7__r1.fasta
Homo_sapiens,Gorilla_gorilla,same-family,5,0,546,559,35.310747385025024,,3.416035199217795,0.03416035199217795,1.0,0.06606393665425751,559,0,15805,3.416035199217795,0.06606393665425751,0.0,0.0,assemblies/Homo_sapiens__Gorilla_gorilla__d5__r0.fasta
Homo_sapiens,Gorilla_gorilla,same-family,8,1,873,756,37.246471643447876,,4.619897335614764,0.04619897335614764,1.0,0.0883177570093458,756,0,15608,4.619897335614764,0.0883177570093458,0.0,0.0,assemblies/Homo_sapiens__Gorilla_gorilla__d8__r1.fasta
Homo_sapiens,Gorilla_gorilla,same-family,5,2,546,1060,53.31418991088867,,6.477633830359325,0.06477633830359325,1.0,0.12167125803489438,1060,0,15304,6.477633830359325,0.12167125803489438,0.0,0.0,assemblies/Homo_sapiens__Gorilla_gorilla__d5__r2.fasta
Homo_sapiens,Gorilla_gorilla,same-family,10,2,1091,3355,67.99927997589111,,20.50232217061843,0.2050232217061843,1.0,0.3402809473097013,3355,0,13009,20.50232217061843,0.3402809473097013,0.0,0.0,assemblies/Homo_sapiens__Gorilla_gorilla__d10__r2.fasta
Homo_sapiens,Gorilla_gorilla,same-family,6,1,655,1078,73.07922697067261,,6.587631385969201,0.065876313859692,1.0,0.12360967778924434,1078,0,15286,6.587631385969201,0.12360967778924434,0.0,0.0,assemblies/Homo_sapiens__Gorilla_gorilla__d6__r1.fasta
Homo_sapiens,Gorilla_gorilla,same-family,7,0,764,1698,77.97119283676147,,10.37643607919824,0.1037643607919824,1.0,0.18801904550991028,1698,0,14666,10.37643607919824,0.18801904550991028,0.0,0.0,assemblies/Homo_sapiens__Gorilla_gorilla__d7__r0.fasta
Homo_sapiens,Gorilla_gorilla,same-family,7,2,764,1458,79.1500301361084,,8.909802004399902,0.08909802004399903,1.0,0.1636180002244417,1458,0,14906,8.909802004399902,0.1636180002244417,0.0,0.0,assemblies/Homo_sapiens__Gorilla_gorilla__d7__r2.fasta
Homo_sapiens,Gorilla_gorilla,same-family,8,0,873,2358,92.44197201728821,,14.409679784893669,0.1440967978489367,1.0,0.25189616493964323,2358,0,14006,14.409679784893669,0.25189616493964323,0.0,0.0,assemblies/Homo_sapiens__Gorilla_gorilla__d8__r0.fasta
Homo_sapiens,Saimiri_boliviensis,same-order,6,1,659,552,26.973734140396118,,3.351344787808876,0.03351344787808876,1.0,0.06485343358984903,552,0,15919,3.351344787808876,0.06485343358984903,0.0,0.0,assemblies/Homo_sapiens__Saimiri_boliviensis__d6__r1.fasta
Homo_sapiens,Gorilla_gorilla,same-family,8,2,873,2569,113.24050378799438,,15.699095575653875,0.15699095575653874,1.0,0.271378017218613,2569,0,13795,15.699095575653875,0.271378017218613,0.0,0.0,assemblies/Homo_sapiens__Gorilla_gorilla__d8__r2.fasta
Homo_sapiens,Gorilla_gorilla,same-family,10,0,1091,5168,136.94593238830566,,31.58152041065754,0.31581520410657543,1.0,0.4800297232026751,5168,0,11196,31.58152041065754,0.4800297232026751,0.0,0.0,assemblies/Homo_sapiens__Gorilla_gorilla__d10__r0.fasta
Homo_sapiens,Gorilla_gorilla,same-family,10,1,1091,6030,201.54619455337524,,36.849181129308235,0.3684918112930824,1.0,0.5385371081539698,6030,0,10334,36.849181129308235,0.5385371081539698,0.0,0.0,assemblies/Homo_sapiens__Gorilla_gorilla__d10__r1.fasta
Homo_sapiens,Saimiri_boliviensis,same-order,6,2,659,668,27.22240948677063,,4.055612895391901,0.04055612895391901,1.0,0.07795087227959625,668,0,15803,4.055612895391901,0.07795087227959625,0.0,0.0,assemblies/Homo_sapiens__Saimiri_boliviensis__d6__r2.fasta
Homo_sapiens,Saimiri_boliviensis,same-order,8,1,879,233,18.871819496154785,,1.4146074919555582,0.014146074919555583,1.0,0.02789750957854406,233,0,16238,1.4146074919555582,0.02789750957854406,0.0,0.0,assemblies/Homo_sapiens__Saimiri_boliviensis__d8__r1.fasta
Homo_sapiens,Gorilla_gorilla,same-family,15,2,1637,16316,242.5391731262207,,99.70667318504033,0.9970667318504033,1.0,0.998531211750306,16316,0,48,99.70667318504033,0.998531211750306,0.0,0.0,assemblies/Homo_sapiens__Gorilla_gorilla__d15__r2.fasta
Homo_sapiens,Gorilla_gorilla,same-family,20,0,2182,16330,244.77141618728638,,99.79222683940357,0.9979222683940356,1.0,0.9989600538325075,16330,0,34,99.79222683940357,0.9989600538325075,0.0,0.0,assemblies/Homo_sapiens__Gorilla_gorilla__d20__r0.fasta
Homo_sapiens,Gorilla_gorilla,same-family,20,2,2182,16348,236.06954550743103,,99.90222439501345,0.9990222439501344,1.0,0.9995108828564441,16348,0,16,99.90222439501345,0.9995108828564441,0.0,0.0,assemblies/Homo_sapiens__Gorilla_gorilla__d20__r2.fasta
Homo_sapiens,Gorilla_gorilla,same-family,15,0,1637,16341,276.7417426109314,,99.85944756783182,0.9985944756783183,1.0,0.9992967436171839,16341,0,23,99.85944756783182,0.9992967436171839,0.0,0.0,assemblies/Homo_sapiens__Gorilla_gorilla__d15__r0.fasta
Homo_sapiens,Saimiri_boliviensis,same-order,7,1,769,550,53.75051736831665,,3.3392022342298584,0.033392022342298586,1.0,0.06462605017331532,550,0,15921,3.3392022342298584,0.06462605017331532,0.0,0.0,assemblies/Homo_sapiens__Saimiri_boliviensis__d7__r1.fasta
Homo_sapiens,Saimiri_boliviensis,same-order,8,0,879,650,57.15495681762695,,3.946329913180742,0.03946329913180742,1.0,0.07593014426727411,650,0,15821,3.946329913180742,0.07593014426727411,0.0,0.0,assemblies/Homo_sapiens__Saimiri_boliviensis__d8__r0.fasta
Homo_sapiens,Saimiri_boliviensis,same-order,5,0,550,244,86.43636465072632,,1.4813915366401553,0.014813915366401554,1.0,0.02919533353275501,244,0,16227,1.4813915366401553,0.02919533353275501,0.0,0.0,assemblies/Homo_sapiens__Saimiri_boliviensis__d5__r0.fasta
Homo_sapiens,Gorilla_gorilla,same-family,30,2,3273,16340,258.0541491508484,,99.85333659252017,0.9985333659252017,1.0,0.9992661448140899,16340,0,24,99.85333659252017,0.9992661448140899,0.0,0.0,assemblies/Homo_sapiens__Gorilla_gorilla__d30__r2.fasta
Homo_sapiens,Gorilla_gorilla,same-family,30,1,3273,16357,250.36119389533997,,99.95722317281839,0.9995722317281838,1.0,0.9997860701078817,16357,0,7,99.95722317281839,0.9997860701078817,0.0,0.0,assemblies/Homo_sapiens__Gorilla_gorilla__d30__r1.fasta
Homo_sapiens,Saimiri_boliviensis,same-order,10,2,1099,2735,93.51894068717957,,16.60494201930666,0.1660494201930666,1.0,0.28480683119858374,2735,0,13736,16.60494201930666,0.28480683119858374,0.0,0.0,assemblies/Homo_sapiens__Saimiri_boliviensis__d10__r2.fasta
Homo_sapiens,Gorilla_gorilla,same-family,30,0,3273,16358,251.10060930252075,,99.96333414813004,0.9996333414813005,1.0,0.9998166371248702,16358,0,6,99.96333414813004,0.9998166371248702,0.0,0.0,assemblies/Homo_sapiens__Gorilla_gorilla__d30__r0.fasta
Homo_sapiens,Saimiri_sciureus,same-order,5,0,550,950,60.203303813934326,,5.766662619885881,0.05766662619885881,1.0,0.10904499540863179,950,0,15524,5.766662619885881,0.10904499540863179,0.0,0.0,assemblies/Homo_sapiens__Saimiri_sciureus__d5__r0.fasta
Homo_sapiens,Saimiri_boliviensis,same-order,10,1,1099,3750,114.78713202476501,,22.767287960658127,0.22767287960658125,1.0,0.3709015380050443,3750,0,12721,22.767287960658127,0.3709015380050443,0.0,0.0,assemblies/Homo_sapiens__Saimiri_boliviensis__d10__r1.fasta
Homo_sapiens,Saimiri_boliviensis,same-order,7,2,769,1276,137.52725481987,,7.746949183413272,0.07746949183413272,1.0,0.1437989519355384,1276,0,15195,7.746949183413272,0.1437989519355384,0.0,0.0,assemblies/Homo_sapiens__Saimiri_boliviensis__d7__r2.fasta
Homo_sapiens,Saimiri_boliviensis,same-order,8,2,879,2301,148.15974044799805,,13.970007892659826,0.13970007892659828,1.0,0.24515235457063714,2301,0,14170,13.970007892659826,0.24515235457063714,0.0,0.0,assemblies/Homo_sapiens__Saimiri_boliviensis__d8__r2.fasta
Homo_sapiens,Saimiri_boliviensis,same-order,15,2,1648,10831,280.1753695011139,,65.75799890717018,0.6575799890717018,1.0,0.7934217273459819,10831,0,5640,65.75799890717018,0.7934217273459819,0.0,0.0,assemblies/Homo_sapiens__Saimiri_boliviensis__d15__r2.fasta
Homo_sapiens,Saimiri_boliviensis,same-order,10,0,1099,7029,328.9654543399811,,42.67500455345759,0.4267500455345759,1.0,0.5982127659574468,7029,0,9442,42.67500455345759,0.5982127659574468,0.0,0.0,assemblies/Homo_sapiens__Saimiri_boliviensis__d10__r0.fasta
Homo_sapiens,Gorilla_gorilla,same-family,15,1,1637,16331,438.9504768848419,,99.79833781471523,0.9979833781471523,1.0,0.9989906713564766,16331,0,33,99.79833781471523,0.9989906713564766,0.0,0.0,assemblies/Homo_sapiens__Gorilla_gorilla__d15__r1.fasta
Homo_sapiens,Saimiri_sciureus,same-order,7,0,769,1151,71.97183871269226,,6.986767026830156,0.06986767026830157,1.0,0.13060992907801416,1151,0,15323,6.986767026830156,0.13060992907801416,0.0,0.0,assemblies/Homo_sapiens__Saimiri_sciureus__d7__r0.fasta
Homo_sapiens,Gorilla_gorilla,same-family,20,1,2182,16334,424.5916600227356,,99.81667074065021,0.998166707406502,1.0,0.9990825126919077,16334,0,30,99.81667074065021,0.9990825126919077,0.0,0.0,assemblies/Homo_sapiens__Gorilla_gorilla__d20__r1.fasta
Homo_sapiens,Saimiri_sciureus,same-order,8,1,879,856,44.9156277179718,,5.19606652907612,0.051960665290761196,1.0,0.09878822850548181,856,0,15618,5.19606652907612,0.09878822850548181,0.0,0.0,assemblies/Homo_sapiens__Saimiri_sciureus__d8__r1.fasta
Homo_sapiens,Saimiri_sciureus,same-order,10,2,1099,812,49.45333790779114,,4.928978997207722,0.04928978997207721,1.0,0.09394886034941571,812,0,15662,4.928978997207722,0.09394886034941571,0.0,0.0,assemblies/Homo_sapiens__Saimiri_sciureus__d10__r2.fasta
Homo_sapiens,Saimiri_boliviensis,same-order,15,1,1648,16405,397.90101146698,,99.59929573189241,0.9959929573189241,1.0,0.9979924565032242,16405,0,66,99.59929573189241,0.9979924565032242,0.0,0.0,assemblies/Homo_sapiens__Saimiri_boliviensis__d15__r1.fasta
Homo_sapiens,Saimiri_sciureus,same-order,10,1,1099,1315,59.87932872772217,,7.982275100157825,0.07982275100157825,1.0,0.147844173365563,1315,0,15159,7.982275100157825,0.147844173365563,0.0,0.0,assemblies/Homo_sapiens__Saimiri_sciureus__d10__r1.fasta
Homo_sapiens,Saimiri_sciureus,same-order,7,1,769,2327,78.12422013282776,,14.125288333130994,0.14125288333130995,1.0,0.24754002446678366,2327,0,14147,14.125288333130994,0.24754002446678366,0.0,0.0,assemblies/Homo_sapiens__Saimiri_sciureus__d7__r1.fasta
Homo_sapiens,Saimiri_boliviensis,same-order,20,0,2197,16446,401.58148193359375,,99.84821808026228,0.9984821808026227,1.0,0.9992405140201112,16446,0,25,99.84821808026228,0.9992405140201112,0.0,0.0,assemblies/Homo_sapiens__Saimiri_boliviensis__d20__r0.fasta
Homo_sapiens,Saimiri_boliviensis,same-order,15,0,1648,16397,430.38933801651,,99.55072551757635,0.9955072551757634,1.0,0.9977485700377265,16397,0,74,99.55072551757635,0.9977485700377265,0.0,0.0,assemblies/Homo_sapiens__Saimiri_boliviensis__d15__r0.fasta
Homo_sapiens,Saimiri_sciureus,same-order,7,2,769,956,76.78871607780457,,5.803083646958844,0.05803083646958844,1.0,0.10969592656339643,956,0,15518,5.803083646958844,0.10969592656339643,0.0,0.0,assemblies/Homo_sapiens__Saimiri_sciureus__d7__r2.fasta
Homo_sapiens,Saimiri_boliviensis,same-order,20,1,2197,16442,415.87410950660706,,99.82393297310425,0.9982393297310425,1.0,0.9991188891927203,16442,0,29,99.82393297310425,0.9991188891927203,0.0,0.0,assemblies/Homo_sapiens__Saimiri_boliviensis__d20__r1.fasta
Homo_sapiens,Saimiri_sciureus,same-order,10,0,1099,2689,83.17401576042175,,16.322690299866455,0.16322690299866457,1.0,0.28064499295517403,2689,0,13785,16.322690299866455,0.28064499295517403,0.0,0.0,assemblies/Homo_sapiens__Saimiri_sciureus__d10__r0.fasta
Homo_sapiens,Saimiri_sciureus,same-order,8,0,879,2625,128.46093916893005,,15.934199344421513,0.15934199344421512,1.0,0.27488350175401854,2625,0,13849,15.934199344421513,0.27488350175401854,0.0,0.0,assemblies/Homo_sapiens__Saimiri_sciureus__d8__r0.fasta
Homo_sapiens,Aotus_azarai,same-order,5,2,552,841,91.60926055908203,,5.0800362428269406,0.05080036242826941,1.0,0.09668889399862038,841,0,15714,5.0800362428269406,0.09668889399862038,0.0,0.0,assemblies/Homo_sapiens__Aotus_azarai__d5__r2.fasta
Homo_sapiens,Aotus_azarai,same-order,7,0,773,654,50.57147979736328,,3.9504681365146483,0.03950468136514648,1.0,0.07600674065895752,654,0,15901,3.9504681365146483,0.07600674065895752,0.0,0.0,assemblies/Homo_sapiens__Aotus_azarai__d7__r0.fasta
Homo_sapiens,Aotus_azarai,same-order,7,1,773,572,46.81425070762634,,3.4551495016611296,0.0345514950166113,1.0,0.06679511881824021,572,0,15983,3.4551495016611296,0.06679511881824021,0.0,0.0,assemblies/Homo_sapiens__Aotus_azarai__d7__r1.fasta
Homo_sapiens,Aotus_azarai,same-order,5,0,552,748,129.55460333824158,,4.51827242524917,0.045182724252491695,1.0,0.08645899554990465,748,0,15807,4.51827242524917,0.08645899554990465,0.0,0.0,assemblies/Homo_sapiens__Aotus_azarai__d5__r0.fasta
Homo_sapiens,Saimiri_boliviensis,same-order,20,2,2197,16436,419.31936264038086,,99.78750531236719,0.9978750531236719,1.0,0.9989363965113806,16436,0,35,99.78750531236719,0.9989363965113806,0.0,0.0,assemblies/Homo_sapiens__Saimiri_boliviensis__d20__r2.fasta
Homo_sapiens,Aotus_azarai,same-order,10,0,1104,979,31.63822913169861,,5.913621262458472,0.05913621262458472,1.0,0.11166875784190716,979,0,15576,5.913621262458472,0.11166875784190716,0.0,0.0,assemblies/Homo_sapiens__Aotus_azarai__d10__r0.fasta
Homo_sapiens,Saimiri_sciureus,same-order,15,0,1648,5842,163.43690824508667,,35.46194002670875,0.35461940026708755,1.0,0.5235705323534684,5842,0,10632,35.46194002670875,0.5235705323534684,0.0,0.0,assemblies/Homo_sapiens__Saimiri_sciureus__d15__r0.fasta
Homo_sapiens,Saimiri_boliviensis,same-order,30,0,3295,16435,407.35693979263306,,99.78143403557767,0.9978143403557769,1.0,0.998905974594299,16435,0,36,99.78143403557767,0.998905974594299,0.0,0.0,assemblies/Homo_sapiens__Saimiri_boliviensis__d30__r0.fasta
Homo_sapiens,Saimiri_boliviensis,same-order,30,1,3295,16455,420.3761098384857,,99.90285957136786,0.9990285957136786,1.0,0.9995140618356314,16455,0,16,99.90285957136786,0.9995140618356314,0.0,0.0,assemblies/Homo_sapiens__Saimiri_boliviensis__d30__r1.fasta
Homo_sapiens,Saimiri_boliviensis,same-order,30,2,3295,16447,411.69696259498596,,99.85428935705178,0.9985428935705178,1.0,0.9992709156084817,16447,0,24,99.85428935705178,0.9992709156084817,0.0,0.0,assemblies/Homo_sapiens__Saimiri_boliviensis__d30__r2.fasta
Homo_sapiens,Aotus_azarai,same-order,8,1,883,2351,112.32796049118042,,14.201147689519782,0.14201147689519783,1.0,0.2487041150957368,2351,0,14204,14.201147689519782,0.2487041150957368,0.0,0.0,assemblies/Homo_sapiens__Aotus_azarai__d8__r1.fasta
Homo_sapiens,Aotus_azarai,same-order,7,2,773,1738,142.0775146484375,,10.498338870431894,0.10498338870431893,1.0,0.19001803968731207,1738,0,14817,10.498338870431894,0.19001803968731207,0.0,0.0,assemblies/Homo_sapiens__Aotus_azarai__d7__r2.fasta
Homo_sapiens,Saimiri_sciureus,same-order,20,0,2197,16441,401.05453062057495,,99.7996843510987,0.997996843510987,1.0,0.9989974175907642,16441,0,33,99.7996843510987,0.9989974175907642,0.0,0.0,assemblies/Homo_sapiens__Saimiri_sciureus__d20__r0.fasta
Homo_sapiens,Saimiri_sciureus,same-order,20,1,2197,16458,414.7672212123871,,99.90287726113877,0.9990287726113877,1.0,0.9995141503704603,16458,0,16,99.90287726113877,0.9995141503704603,0.0,0.0,assemblies/Homo_sapiens__Saimiri_sciureus__d20__r1.fasta
Homo_sapiens,Saimiri_sciureus,same-order,20,2,2197,16425,421.4579861164093,,99.70256161223746,0.9970256161223746,1.0,0.9985105930271436,16425,0,49,99.70256161223746,0.9985105930271436,0.0,0.0,assemblies/Homo_sapiens__Saimiri_sciureus__d20__r2.fasta
Homo_sapiens,Saimiri_sciureus,same-order,15,1,1648,16430,439.36741518974304,,99.7329124681316,0.997329124681316,1.0,0.99866277656212,16430,0,44,99.7329124681316,0.99866277656212,0.0,0.0,assemblies/Homo_sapiens__Saimiri_sciureus__d15__r1.fasta
Homo_sapiens,Saimiri_sciureus,same-order,15,2,1648,16438,437.48475766181946,,99.78147383756222,0.9978147383756222,1.0,0.9989061740398639,16438,0,36,99.78147383756222,0.9989061740398639,0.0,0.0,assemblies/Homo_sapiens__Saimiri_sciureus__d15__r2.fasta
Homo_sapiens,Varecia_variegata,same-order,4,2,453,354,104.14401650428772,,2.0866489832007074,0.020866489832007073,1.0,0.040879958427160926,354,0,16611,2.0866489832007074,0.040879958427160926,0.0,0.0,assemblies/Homo_sapiens__Varecia_variegata__d4__r2.fasta
Homo_sapiens,Aotus_azarai,same-order,8,0,883,2918,144.8127453327179,,17.62609483539716,0.1762609483539716,1.0,0.29969701638165663,2918,0,13637,17.62609483539716,0.29969701638165663,0.0,0.0,assemblies/Homo_sapiens__Aotus_azarai__d8__r0.fasta
Homo_sapiens,Aotus_azarai,same-order,8,2,883,2738,165.07165241241455,,16.53881002718212,0.16538810027182121,1.0,0.28383351474628105,2738,0,13817,16.53881002718212,0.28383351474628105,0.0,0.0,assemblies/Homo_sapiens__Aotus_azarai__d8__r2.fasta
Homo_sapiens,Saimiri_sciureus,same-order,30,1,3295,16446,418.27476930618286,,99.83003520699283,0.9983003520699284,1.0,0.9991494532199272,16446,0,28,99.83003520699283,0.9991494532199272,0.0,0.0,assemblies/Homo_sapiens__Saimiri_sciureus__d30__r1.fasta
Homo_sapiens,Saimiri_sciureus,same-order,30,0,3295,16459,413.22817158699036,,99.90894743231759,0.999089474323176,1.0,0.9995445298029333,16459,0,15,99.90894743231759,0.9995445298029333,0.0,0.0,assemblies/Homo_sapiens__Saimiri_sciureus__d30__r0.fasta
Homo_sapiens,Saimiri_sciureus,same-order,30,2,3295,16440,390.8743968009949,,99.79361417991987,0.9979361417991988,1.0,0.9989670049219177,16440,0,34,99.79361417991987,0.9989670049219177,0.0,0.0,assemblies/Homo_sapiens__Saimiri_sciureus__d30__r2.fasta
Homo_sapiens,Aotus_azarai,same-order,20,0,2208,16546,394.8131890296936,,99.94563575958925,0.9994563575958925,1.0,0.999728104891091,16546,0,9,99.94563575958925,0.999728104891091,0.0,0.0,assemblies/Homo_sapiens__Aotus_azarai__d20__r0.fasta
Homo_sapiens,Aotus_azarai,same-order,15,0,1656,16518,412.50484466552734,,99.77650256720024,0.9977650256720024,1.0,0.9988812626613853,16518,0,37,99.77650256720024,0.9988812626613853,0.0,0.0,assemblies/Homo_sapiens__Aotus_azarai__d15__r0.fasta
Homo_sapiens,Varecia_variegata,same-order,6,2,679,1228,85.42227840423584,,7.238432066018273,0.07238432066018273,1.0,0.1349969768592316,1228,0,15737,7.238432066018273,0.1349969768592316,0.0,0.0,assemblies/Homo_sapiens__Varecia_variegata__d6__r2.fasta
Homo_sapiens,Aotus_azarai,same-order,20,1,2208,16541,386.9526617527008,,99.9154334038055,0.999154334038055,1.0,0.9995769881556684,16541,0,14,99.9154334038055,0.9995769881556684,0.0,0.0,assemblies/Homo_sapiens__Aotus_azarai__d20__r1.fasta
Homo_sapiens,Varecia_variegata,same-order,7,2,792,743,41.937840700149536,,4.379605069260242,0.043796050692602416,1.0,0.08391687372938784,743,0,16222,4.379605069260242,0.08391687372938784,0.0,0.0,assemblies/Homo_sapiens__Varecia_variegata__d7__r2.fasta
Homo_sapiens,Aotus_azarai,same-order,20,2,2208,16530,387.9110314846039,,99.84898822108124,0.9984898822108125,1.0,0.999244370560677,16530,0,25,99.84898822108124,0.999244370560677,0.0,0.0,assemblies/Homo_sapiens__Aotus_azarai__d20__r2.fasta
Homo_sapiens,Aotus_azarai,same-order,10,2,1104,12831,456.0313866138458,,77.50528541226215,0.7750528541226216,1.0,0.8732729871367318,12831,0,3724,77.50528541226215,0.8732729871367318,0.0,0.0,assemblies/Homo_sapiens__Aotus_azarai__d10__r2.fasta
Homo_sapiens,Varecia_variegata,same-order,8,2,905,580,43.10088777542114,,3.4188034188034186,0.03418803418803419,1.0,0.06611570247933884,580,0,16385,3.4188034188034186,0.06611570247933884,0.0,0.0,assemblies/Homo_sapiens__Varecia_variegata__d8__r2.fasta
Homo_sapiens,Aotus_azarai,same-order,30,0,3311,16525,391.5224905014038,,99.8187858652975,0.9981878586529749,1.0,0.9990931076178959,16525,0,30,99.8187858652975,0.9990931076178959,0.0,0.0,assemblies/Homo_sapiens__Aotus_azarai__d30__r0.fasta
Homo_sapiens,Varecia_variegata,same-order,6,0,679,1321,118.03357529640198,,7.786619510757442,0.07786619510757442,1.0,0.1444821174669146,1321,0,15644,7.786619510757442,0.1444821174669146,0.0,0.0,assemblies/Homo_sapiens__Varecia_variegata__d6__r0.fasta
Homo_sapiens,Varecia_variegata,same-order,8,0,905,1699,105.54492568969727,,10.014736221632774,0.10014736221632774,1.0,0.18206172310330046,1699,0,15266,10.014736221632774,0.18206172310330046,0.0,0.0,assemblies/Homo_sapiens__Varecia_variegata__d8__r0.fasta
Gorilla_gorilla,Homo_sapiens,same-family,5,2,553,398,37.570958614349365,,2.4020761663347217,0.024020761663347216,1.0,0.04691459892732952,398,0,16171,2.4020761663347217,0.04691459892732952,0.0,0.0,assemblies/Gorilla_gorilla__Homo_sapiens__d5__r2.fasta
Homo_sapiens,Aotus_azarai,same-order,15,2,1656,16526,422.02739334106445,,99.82482633645424,0.9982482633645424,1.0,0.9991233638644539,16526,0,29,99.82482633645424,0.9991233638644539,0.0,0.0,assemblies/Homo_sapiens__Aotus_azarai__d15__r2.fasta
Homo_sapiens,Varecia_variegata,same-order,7,1,792,2478,159.76929306983948,,14.606542882404952,0.14606542882404952,1.0,0.2548989353494831,2478,0,14487,14.606542882404952,0.2548989353494831,0.0,0.0,assemblies/Homo_sapiens__Varecia_variegata__d7__r1.fasta
Homo_sapiens,Varecia_variegata,same-order,8,1,905,3477,157.4369339942932,,20.495137046861185,0.20495137046861184,1.0,0.34018197828001173,3477,0,13488,20.495137046861185,0.34018197828001173,0.0,0.0,assemblies/Homo_sapiens__Varecia_variegata__d8__r1.fasta
Homo_sapiens,Aotus_azarai,same-order,15,1,1656,16523,435.9229459762573,,99.806704922984,0.9980670492298399,1.0,0.9990325896366165,16523,0,32,99.806704922984,0.9990325896366165,0.0,0.0,assemblies/Homo_sapiens__Aotus_azarai__d15__r1.fasta
Gorilla_gorilla,Homo_sapiens,same-family,7,0,774,961,61.17544603347778,,5.7999879292654954,0.05799987929265496,1.0,0.1096406160867085,961,0,15608,5.7999879292654954,0.1096406160867085,0.0,0.0,assemblies/Gorilla_gorilla__Homo_sapiens__d7__r0.fasta
Homo_sapiens,Aotus_azarai,same-order,30,1,3311,16545,408.22320580482483,,99.9395952884325,0.9993959528843249,1.0,0.9996978851963746,16545,0,10,99.9395952884325,0.9996978851963746,0.0,0.0,assemblies/Homo_sapiens__Aotus_azarai__d30__r1.fasta
Gorilla_gorilla,Homo_sapiens,same-family,7,2,774,371,25.552647829055786,,2.2391212505280946,0.022391212505280946,1.0,0.04380165289256198,371,0,16198,2.2391212505280946,0.04380165289256198,0.0,0.0,assemblies/Gorilla_gorilla__Homo_sapiens__d7__r2.fasta
Gorilla_gorilla,Homo_sapiens,same-family,6,1,663,1033,73.11346173286438,,6.234534371416501,0.06234534371416501,1.0,0.11737302579252358,1033,0,15536,6.234534371416501,0.11737302579252358,0.0,0.0,assemblies/Gorilla_gorilla__Homo_sapiens__d6__r1.fasta
Homo_sapiens,Varecia_variegata,same-order,10,1,1131,6569,190.32283926010132,,38.72089596227527,0.3872089596227527,1.0,0.5582561400526898,6569,0,10396,38.72089596227527,0.5582561400526898,0.0,0.0,assemblies/Homo_sapiens__Varecia_variegata__d10__r1.fasta
Gorilla_gorilla,Homo_sapiens,same-family,6,2,663,1552,84.45259404182434,,9.366889975254994,0.09366889975254994,1.0,0.1712929750013796,1552,0,15017,9.366889975254994,0.1712929750013796,0.0,0.0,assemblies/Gorilla_gorilla__Homo_sapiens__d6__r2.fasta
Homo_sapiens,Varecia_variegata,same-order,10,0,1131,6204,195.82736444473267,,36.56940760389036,0.36569407603890364,1.0,0.535543182701023,6204,0,10761,36.56940760389036,0.535543182701023,0.0,0.0,assemblies/Homo_sapiens__Varecia_variegata__d10__r0.fasta
Gorilla_gorilla,Homo_sapiens,same-family,8,1,884,1161,53.03301405906677,,7.007061379684954,0.07007061379684953,1.0,0.13096446700507614,1161,0,15408,7.007061379684954,0.13096446700507614,0.0,0.0,assemblies/Gorilla_gorilla__Homo_sapiens__d8__r1.fasta
Homo_sapiens,Aotus_azarai,same-order,30,2,3311,16544,399.707674741745,,99.93355481727575,0.9993355481727575,1.0,0.9996676636756398,16544,0,11,99.93355481727575,0.9996676636756398,0.0,0.0,assemblies/Homo_sapiens__Aotus_azarai__d30__r2.fasta
Gorilla_gorilla,Homo_sapiens,same-family,7,1,774,938,61.72007918357849,,5.661174482467258,0.05661174482467258,1.0,0.10715713714514194,938,0,15631,5.661174482467258,0.10715713714514194,0.0,0.0,assemblies/Gorilla_gorilla__Homo_sapiens__d7__r1.fasta
Gorilla_gorilla,Homo_sapiens,same-family,8,2,884,1524,72.70268201828003,,9.19789969219627,0.09197899692196271,1.0,0.16846294146907645,1524,0,15045,9.19789969219627,0.16846294146907645,0.0,0.0,assemblies/Gorilla_gorilla__Homo_sapiens__d8__r2.fasta
Gorilla_gorilla,Homo_sapiens,same-family,6,0,663,2463,119.76321172714233,,14.865109541915626,0.14865109541915625,1.0,0.25882723833543503,2463,0,14106,14.865109541915626,0.25882723833543503,0.0,0.0,assemblies/Gorilla_gorilla__Homo_sapiens__d6__r0.fasta
Gorilla_gorilla,Homo_sapiens,same-family,10,0,1105,2790,69.69864821434021,,16.838674633351438,0.1683867463335144,1.0,0.28823802882380284,2790,0,13779,16.838674633351438,0.28823802882380284,0.0,0.0,assemblies/Gorilla_gorilla__Homo_sapiens__d10__r0.fasta
Gorilla_gorilla,Homo_sapiens,same-family,8,0,884,2307,92.37079095840454,,13.923592250588449,0.13923592250588449,1.0,0.24443738080101715,2307,0,14262,13.923592250588449,0.24443738080101715,0.0,0.0,assemblies/Gorilla_gorilla__Homo_sapiens__d8__r0.fasta
Homo_sapiens,Varecia_variegata,same-order,10,2,1131,7040,247.9684762954712,,41.497200117889776,0.4149720011788977,1.0,0.5865444699021037,7040,0,9925,41.497200117889776,0.5865444699021037,0.0,0.0,assemblies/Homo_sapiens__Varecia_variegata__d10__r2.fasta
Gorilla_gorilla,Homo_sapiens,same-family,10,1,1105,3075,102.09857201576233,,18.558754300199165,0.18558754300199168,1.0,0.3130726939523519,3075,0,13494,18.558754300199165,0.3130726939523519,0.0,0.0,assemblies/Gorilla_gorilla__Homo_sapiens__d10__r1.fasta
Gorilla_gorilla,Homo_sapiens,same-family,15,1,1657,3102,70.72970128059387,,18.721709216005795,0.18721709216005794,1.0,0.315388134817752,3102,0,13467,18.721709216005795,0.315388134817752,0.0,0.0,assemblies/Gorilla_gorilla__Homo_sapiens__d15__r1.fasta
Gorilla_gorilla,Homo_sapiens,same-family,15,0,1657,3105,79.08835816383362,,18.739815317762087,0.18739815317762085,1.0,0.31564501372369624,3105,0,13464,18.739815317762087,0.31564501372369624,0.0,0.0,assemblies/Gorilla_gorilla__Homo_sapiens__d15__r0.fasta
Gorilla_gorilla,Homo_sapiens,same-family,10,2,1105,3048,101.23841381072998,,18.39579938439254,0.18395799384392542,1.0,0.3107508793393486,3048,0,13521,18.39579938439254,0.3107508793393486,0.0,0.0,assemblies/Gorilla_gorilla__Homo_sapiens__d10__r2.fasta
Gorilla_gorilla,Homo_sapiens,same-family,30,1,3314,3079,67.88099813461304,,18.582895769207557,0.18582895769207555,1.0,0.31341612377850164,3079,0,13490,18.582895769207557,0.31341612377850164,0.0,0.0,assemblies/Gorilla_gorilla__Homo_sapiens__d30__r1.fasta
Gorilla_gorilla,Homo_sapiens,same-family,30,0,3314,3092,70.14638304710388,,18.66135554348482,0.1866135554348482,1.0,0.31453130563043585,3092,0,13477,18.66135554348482,0.31453130563043585,0.0,0.0,assemblies/Gorilla_gorilla__Homo_sapiens__d30__r0.fasta
Gorilla_gorilla,Homo_sapiens,same-family,30,2,3314,3098,69.28676795959473,,18.697567746997404,0.18697567746997404,1.0,0.3150455077032593,3098,0,13471,18.697567746997404,0.3150455077032593,0.0,0.0,assemblies/Gorilla_gorilla__Homo_sapiens__d30__r2.fasta
Gorilla_gorilla,Homo_sapiens,same-family,20,0,2210,3102,70.91116952896118,,18.721709216005795,0.18721709216005794,1.0,0.315388134817752,3102,0,13467,18.721709216005795,0.315388134817752,0.0,0.0,assemblies/Gorilla_gorilla__Homo_sapiens__d20__r0.fasta
Gorilla_gorilla,Homo_sapiens,same-family,20,1,2210,3097,73.74891257286072,,18.691532379745308,0.18691532379745307,1.0,0.31495982914675075,3097,0,13472,18.691532379745308,0.31495982914675075,0.0,0.0,assemblies/Gorilla_gorilla__Homo_sapiens__d20__r1.fasta
Gorilla_gorilla,Homo_sapiens,same-family,15,2,1657,3077,76.05575442314148,,18.57082503470336,0.18570825034703362,1.0,0.31324442634633004,3077,0,13492,18.57082503470336,0.31324442634633004,0.0,0.0,assemblies/Gorilla_gorilla__Homo_sapiens__d15__r2.fasta
Gorilla_gorilla,Saimiri_boliviensis,same-order,6,2,659,258,15.51744818687439,,1.566389411693279,0.01566389411693279,1.0,0.03084464104250105,258,0,16213,1.566389411693279,0.03084464104250105,0.0,0.0,assemblies/Gorilla_gorilla__Saimiri_boliviensis__d6__r2.fasta
Gorilla_gorilla,Homo_sapiens,same-family,20,2,2210,3097,73.57825875282288,,18.691532379745308,0.18691532379745307,1.0,0.31495982914675075,3097,0,13472,18.691532379745308,0.31495982914675075,0.0,0.0,assemblies/Gorilla_gorilla__Homo_sapiens__d20__r2.fasta
Gorilla_gorilla,Saimiri_boliviensis,same-order,6,1,659,552,25.657037496566772,,3.351344787808876,0.03351344787808876,1.0,0.06485343358984903,552,0,15919,3.351344787808876,0.06485343358984903,0.0,0.0,assemblies/Gorilla_gorilla__Saimiri_boliviensis__d6__r1.fasta
Gorilla_gorilla,Saimiri_boliviensis,same-order,8,1,879,233,21.17925238609314,,1.4146074919555582,0.014146074919555583,1.0,0.02789750957854406,233,0,16238,1.4146074919555582,0.02789750957854406,0.0,0.0,assemblies/Gorilla_gorilla__Saimiri_boliviensis__d8__r1.fasta
Gorilla_gorilla,Saimiri_boliviensis,same-order,5,0,550,244,76.14932370185852,,1.4813915366401553,0.014813915366401554,1.0,0.02919533353275501,244,0,16227,1.4813915366401553,0.02919533353275501,0.0,0.0,assemblies/Gorilla_gorilla__Saimiri_boliviensis__d5__r0.fasta
Homo_sapiens,Varecia_variegata,same-order,20,0,2262,16452,378.4658920764923,,96.9761273209549,0.9697612732095491,1.0,0.9846485321842177,16452,0,513,96.9761273209549,0.9846485321842177,0.0,0.0,assemblies/Homo_sapiens__Varecia_variegata__d20__r0.fasta
Gorilla_gorilla,Saimiri_boliviensis,same-order,7,1,769,550,45.06903314590454,,3.3392022342298584,0.033392022342298586,1.0,0.06462605017331532,550,0,15921,3.3392022342298584,0.06462605017331532,0.0,0.0,assemblies/Gorilla_gorilla__Saimiri_boliviensis__d7__r1.fasta
Gorilla_gorilla,Saimiri_boliviensis,same-order,8,0,879,650,43.88591551780701,,3.946329913180742,0.03946329913180742,1.0,0.07593014426727411,650,0,15821,3.946329913180742,0.07593014426727411,0.0,0.0,assemblies/Gorilla_gorilla__Saimiri_boliviensis__d8__r0.fasta
Homo_sapiens,Varecia_variegata,same-order,15,0,1697,16383,412.280992269516,,96.56940760389037,0.9656940760389037,1.0,0.9825476790212306,16383,0,582,96.56940760389037,0.9825476790212306,0.0,0.0,assemblies/Homo_sapiens__Varecia_variegata__d15__r0.fasta
Gorilla_gorilla,Saimiri_boliviensis,same-order,7,2,769,1306,72.54534578323364,,7.929087487098537,0.07929087487098536,1.0,0.14693142824998595,1306,0,15165,7.929087487098537,0.14693142824998595,0.0,0.0,assemblies/Gorilla_gorilla__Saimiri_boliviensis__d7__r2.fasta
Gorilla_gorilla,Saimiri_boliviensis,same-order,8,2,879,2301,83.62360906600952,,13.970007892659826,0.13970007892659828,1.0,0.24515235457063714,2301,0,14170,13.970007892659826,0.24515235457063714,0.0,0.0,assemblies/Gorilla_gorilla__Saimiri_boliviensis__d8__r2.fasta
Gorilla_gorilla,Saimiri_boliviensis,same-order,10,2,1099,2735,79.02119135856628,,16.60494201930666,0.1660494201930666,1.0,0.28480683119858374,2735,0,13736,16.60494201930666,0.28480683119858374,0.0,0.0,assemblies/Gorilla_gorilla__Saimiri_boliviensis__d10__r2.fasta
Homo_sapiens,Varecia_variegata,same-order,15,2,1697,16709,417.30258560180664,,97.36270190895742,0.9812929197253137,0.9956153522734098,0.9884022539578426,16576,73,316,97.36270190895742,0.9884022539578426,0.0,0.0,assemblies/Homo_sapiens__Varecia_variegata__d15__r2.fasta
Gorilla_gorilla,Saimiri_boliviensis,same-order,10,1,1099,3750,106.40035271644592,,22.767287960658127,0.22767287960658125,1.0,0.3709015380050443,3750,0,12721,22.767287960658127,0.3709015380050443,0.0,0.0,assemblies/Gorilla_gorilla__Saimiri_boliviensis__d10__r1.fasta
Homo_sapiens,Varecia_variegata,same-order,15,1,1697,16943,425.2800552845001,,99.8703212496316,0.998703212496316,1.0,0.9993511855609296,16943,0,22,99.8703212496316,0.9993511855609296,0.0,0.0,assemblies/Homo_sapiens__Varecia_variegata__d15__r1.fasta
Homo_sapiens,Varecia_variegata,same-order,20,2,2262,16950,416.9127609729767,,99.91158267020336,0.9991158267020336,1.0,0.9995577178239716,16950,0,15,99.91158267020336,0.9995577178239716,0.0,0.0,assemblies/Homo_sapiens__Varecia_variegata__d20__r2.fasta
Gorilla_gorilla,Saimiri_boliviensis,same-order,7,0,769,2594,153.40298008918762,,15.748891991985914,0.15748891991985914,1.0,0.27212168895882505,2594,0,13877,15.748891991985914,0.27212168895882505,0.0,0.0,assemblies/Gorilla_gorilla__Saimiri_boliviensis__d7__r0.fasta
Gorilla_gorilla,Saimiri_boliviensis,same-order,15,2,1648,10831,260.57645440101624,,65.75799890717018,0.6575799890717018,1.0,0.7934217273459819,10831,0,5640,65.75799890717018,0.7934217273459819,0.0,0.0,assemblies/Gorilla_gorilla__Saimiri_boliviensis__d15__r2.fasta
Gorilla_gorilla,Saimiri_boliviensis,same-order,10,0,1099,7029,304.14228558540344,,42.67500455345759,0.4267500455345759,1.0,0.5982127659574468,7029,0,9442,42.67500455345759,0.5982127659574468,0.0,0.0,assemblies/Gorilla_gorilla__Saimiri_boliviensis__d10__r0.fasta
Gorilla_gorilla,Saimiri_boliviensis,same-order,30,2,3295,16447,370.2615933418274,,99.85428935705178,0.9985428935705178,1.0,0.9992709156084817,16447,0,24,99.85428935705178,0.9992709156084817,0.0,0.0,assemblies/Gorilla_gorilla__Saimiri_boliviensis__d30__r2.fasta
Gorilla_gorilla,Saimiri_boliviensis,same-order,15,1,1648,16405,368.0650508403778,,99.59929573189241,0.9959929573189241,1.0,0.9979924565032242,16405,0,66,99.59929573189241,0.9979924565032242,0.0,0.0,assemblies/Gorilla_gorilla__Saimiri_boliviensis__d15__r1.fasta
Gorilla_gorilla,Saimiri_boliviensis,same-order,30,1,3295,16455,370.33704447746277,,99.90285957136786,0.9990285957136786,1.0,0.9995140618356314,16455,0,16,99.90285957136786,0.9995140618356314,0.0,0.0,assemblies/Gorilla_gorilla__Saimiri_boliviensis__d30__r1.fasta
Gorilla_gorilla,Saimiri_boliviensis,same-order,20,2,2197,16436,387.4482891559601,,99.78750531236719,0.9978750531236719,1.0,0.9989363965113806,16436,0,35,99.78750531236719,0.9989363965113806,0.0,0.0,assemblies/Gorilla_gorilla__Saimiri_boliviensis__d20__r2.fasta
Gorilla_gorilla,Saimiri_sciureus,same-order,8,1,879,868,51.11063289642334,,5.268908583222047,0.05268908583222047,1.0,0.1001037942567178,868,0,15606,5.268908583222047,0.1001037942567178,0.0,0.0,assemblies/Gorilla_gorilla__Saimiri_sciureus__d8__r1.fasta
Gorilla_gorilla,Saimiri_sciureus,same-order,5,0,550,950,59.71529221534729,,5.766662619885881,0.05766662619885881,1.0,0.10904499540863179,950,0,15524,5.766662619885881,0.10904499540863179,0.0,0.0,assemblies/Gorilla_gorilla__Saimiri_sciureus__d5__r0.fasta
Gorilla_gorilla,Saimiri_boliviensis,same-order,20,0,2197,16446,373.4929220676422,,99.84821808026228,0.9984821808026227,1.0,0.9992405140201112,16446,0,25,99.84821808026228,0.9992405140201112,0.0,0.0,assemblies/Gorilla_gorilla__Saimiri_boliviensis__d20__r0.fasta
Gorilla_gorilla,Saimiri_sciureus,same-order,7,0,769,1151,61.559454917907715,,6.986767026830156,0.06986767026830157,1.0,0.13060992907801416,1151,0,15323,6.986767026830156,0.13060992907801416,0.0,0.0,assemblies/Gorilla_gorilla__Saimiri_sciureus__d7__r0.fasta
Gorilla_gorilla,Saimiri_sciureus,same-order,10,2,1099,812,49.05157136917114,,4.928978997207722,0.04928978997207721,1.0,0.09394886034941571,812,0,15662,4.928978997207722,0.09394886034941571,0.0,0.0,assemblies/Gorilla_gorilla__Saimiri_sciureus__d10__r2.fasta
Gorilla_gorilla,Saimiri_boliviensis,same-order,20,1,2197,16442,387.41031670570374,,99.82393297310425,0.9982393297310425,1.0,0.9991188891927203,16442,0,29,99.82393297310425,0.9991188891927203,0.0,0.0,assemblies/Gorilla_gorilla__Saimiri_boliviensis__d20__r1.fasta
Gorilla_gorilla,Saimiri_sciureus,same-order,7,2,769,956,73.44267773628235,,5.803083646958844,0.05803083646958844,1.0,0.10969592656339643,956,0,15518,5.803083646958844,0.10969592656339643,0.0,0.0,assemblies/Gorilla_gorilla__Saimiri_sciureus__d7__r2.fasta
Gorilla_gorilla,Saimiri_sciureus,same-order,7,1,769,2327,78.45858430862427,,14.125288333130994,0.14125288333130995,1.0,0.24754002446678366,2327,0,14147,14.125288333130994,0.24754002446678366,0.0,0.0,assemblies/Gorilla_gorilla__Saimiri_sciureus__d7__r1.fasta
Gorilla_gorilla,Saimiri_sciureus,same-order,6,2,659,251,86.67466044425964,,1.5236129658856379,0.01523612965885638,1.0,0.03001494768310912,251,0,16223,1.5236129658856379,0.03001494768310912,0.0,0.0,assemblies/Gorilla_gorilla__Saimiri_sciureus__d6__r2.fasta
Gorilla_gorilla,Saimiri_sciureus,same-order,10,1,1099,1315,58.766018867492676,,7.982275100157825,0.07982275100157825,1.0,0.147844173365563,1315,0,15159,7.982275100157825,0.147844173365563,0.0,0.0,assemblies/Gorilla_gorilla__Saimiri_sciureus__d10__r1.fasta
Gorilla_gorilla,Saimiri_sciureus,same-order,8,0,879,2625,116.47107553482056,,15.934199344421513,0.15934199344421512,1.0,0.27488350175401854,2625,0,13849,15.934199344421513,0.27488350175401854,0.0,0.0,assemblies/Gorilla_gorilla__Saimiri_sciureus__d8__r0.fasta
Gorilla_gorilla,Saimiri_sciureus,same-order,10,0,1099,3744,123.35980868339539,,22.726720893529198,0.22726720893529198,1.0,0.370363042833119,3744,0,12730,22.726720893529198,0.370363042833119,0.0,0.0,assemblies/Gorilla_gorilla__Saimiri_sciureus__d10__r0.fasta
Gorilla_gorilla,Saimiri_boliviensis,same-order,30,0,3295,16435,393.1350898742676,,99.78143403557767,0.9978143403557769,1.0,0.998905974594299,16435,0,36,99.78143403557767,0.998905974594299,0.0,0.0,assemblies/Gorilla_gorilla__Saimiri_boliviensis__d30__r0.fasta
Gorilla_gorilla,Saimiri_sciureus,same-order,15,0,1648,5842,149.01898622512817,,35.46194002670875,0.35461940026708755,1.0,0.5235705323534684,5842,0,10632,35.46194002670875,0.5235705323534684,0.0,0.0,assemblies/Gorilla_gorilla__Saimiri_sciureus__d15__r0.fasta
Gorilla_gorilla,Saimiri_boliviensis,same-order,15,0,1648,16397,424.0676636695862,,99.55072551757635,0.9955072551757634,1.0,0.9977485700377265,16397,0,74,99.55072551757635,0.9977485700377265,0.0,0.0,assemblies/Gorilla_gorilla__Saimiri_boliviensis__d15__r0.fasta
Gorilla_gorilla,Saimiri_sciureus,same-order,15,1,1648,16430,423.356023311615,,99.7329124681316,0.997329124681316,1.0,0.99866277656212,16430,0,44,99.7329124681316,0.99866277656212,0.0,0.0,assemblies/Gorilla_gorilla__Saimiri_sciureus__d15__r1.fasta
Homo_sapiens,Varecia_variegata,same-order,30,0,3393,16949,462.52457070350647,,99.90568818155025,0.9990568818155025,1.0,0.9995282184348647,16949,0,16,99.90568818155025,0.9995282184348647,0.0,0.0,assemblies/Homo_sapiens__Varecia_variegata__d30__r0.fasta
Homo_sapiens,Varecia_variegata,same-order,30,2,3393,16935,454.55058574676514,,99.82316534040672,0.9982316534040672,1.0,0.9991150442477876,16935,0,30,99.82316534040672,0.9991150442477876,0.0,0.0,assemblies/Homo_sapiens__Varecia_variegata__d30__r2.fasta
Gorilla_gorilla,Aotus_azarai,same-order,4,1,442,250,49.88493299484253,,1.5101177891875566,0.015101177891875567,1.0,0.029753049687592983,250,0,16305,1.5101177891875566,0.029753049687592983,0.0,0.0,assemblies/Gorilla_gorilla__Aotus_azarai__d4__r1.fasta
Gorilla_gorilla,Saimiri_sciureus,same-order,15,2,1648,16438,430.599374294281,,99.78147383756222,0.9978147383756222,1.0,0.9989061740398639,16438,0,36,99.78147383756222,0.9989061740398639,0.0,0.0,assemblies/Gorilla_gorilla__Saimiri_sciureus__d15__r2.fasta
Gorilla_gorilla,Saimiri_sciureus,same-order,20,0,2197,16441,475.0282039642334,,99.7996843510987,0.997996843510987,1.0,0.9989974175907642,16441,0,33,99.7996843510987,0.9989974175907642,0.0,0.0,assemblies/Gorilla_gorilla__Saimiri_sciureus__d20__r0.fasta
Gorilla_gorilla,Saimiri_sciureus,same-order,20,2,2197,16425,508.6227321624756,,99.70256161223746,0.9970256161223746,1.0,0.9985105930271436,16425,0,49,99.70256161223746,0.9985105930271436,0.0,0.0,assemblies/Gorilla_gorilla__Saimiri_sciureus__d20__r2.fasta
Gorilla_gorilla,Aotus_azarai,same-order,7,0,773,654,118.94642949104309,,3.9504681365146483,0.03950468136514648,1.0,0.07600674065895752,654,0,15901,3.9504681365146483,0.07600674065895752,0.0,0.0,assemblies/Gorilla_gorilla__Aotus_azarai__d7__r0.fasta
Gorilla_gorilla,Aotus_azarai,same-order,7,1,773,572,122.06767439842224,,3.4551495016611296,0.0345514950166113,1.0,0.06679511881824021,572,0,15983,3.4551495016611296,0.06679511881824021,0.0,0.0,assemblies/Gorilla_gorilla__Aotus_azarai__d7__r1.fasta
Gorilla_gorilla,Aotus_azarai,same-order,10,0,1104,979,73.40386128425598,,5.913621262458472,0.05913621262458472,1.0,0.11166875784190716,979,0,15576,5.913621262458472,0.11166875784190716,0.0,0.0,assemblies/Gorilla_gorilla__Aotus_azarai__d10__r0.fasta
Gorilla_gorilla,Saimiri_sciureus,same-order,20,1,2197,16458,513.4955267906189,,99.90287726113877,0.9990287726113877,1.0,0.9995141503704603,16458,0,16,99.90287726113877,0.9995141503704603,0.0,0.0,assemblies/Gorilla_gorilla__Saimiri_sciureus__d20__r1.fasta
Gorilla_gorilla,Aotus_azarai,same-order,5,2,552,841,197.81688523292542,,5.0800362428269406,0.05080036242826941,1.0,0.09668889399862038,841,0,15714,5.0800362428269406,0.09668889399862038,0.0,0.0,assemblies/Gorilla_gorilla__Aotus_azarai__d5__r2.fasta
Gorilla_gorilla,Saimiri_sciureus,same-order,30,0,3295,16459,624.380172252655,,99.90894743231759,0.999089474323176,1.0,0.9995445298029333,16459,0,15,99.90894743231759,0.9995445298029333,0.0,0.0,assemblies/Gorilla_gorilla__Saimiri_sciureus__d30__r0.fasta
Gorilla_gorilla,Aotus_azarai,same-order,8,1,883,2351,229.899475812912,,14.201147689519782,0.14201147689519783,1.0,0.2487041150957368,2351,0,14204,14.201147689519782,0.2487041150957368,0.0,0.0,assemblies/Gorilla_gorilla__Aotus_azarai__d8__r1.fasta
Gorilla_gorilla,Aotus_azarai,same-order,7,2,773,1738,312.69588255882263,,10.498338870431894,0.10498338870431893,1.0,0.19001803968731207,1738,0,14817,10.498338870431894,0.19001803968731207,0.0,0.0,assemblies/Gorilla_gorilla__Aotus_azarai__d7__r2.fasta
Gorilla_gorilla,Aotus_azarai,same-order,8,0,883,2918,354.9282989501953,,17.62609483539716,0.1762609483539716,1.0,0.29969701638165663,2918,0,13637,17.62609483539716,0.29969701638165663,0.0,0.0,assemblies/Gorilla_gorilla__Aotus_azarai__d8__r0.fasta
Gorilla_gorilla,Aotus_azarai,same-order,8,2,883,2738,384.312331199646,,16.53881002718212,0.16538810027182121,1.0,0.28383351474628105,2738,0,13817,16.53881002718212,0.28383351474628105,0.0,0.0,assemblies/Gorilla_gorilla__Aotus_azarai__d8__r2.fasta
Gorilla_gorilla,Saimiri_sciureus,same-order,30,1,3295,16446,913.9446988105774,,99.83003520699283,0.9983003520699284,1.0,0.9991494532199272,16446,0,28,99.83003520699283,0.9991494532199272,0.0,0.0,assemblies/Gorilla_gorilla__Saimiri_sciureus__d30__r1.fasta
Gorilla_gorilla,Saimiri_sciureus,same-order,30,2,3295,16440,933.720755815506,,99.79361417991987,0.9979361417991988,1.0,0.9989670049219177,16440,0,34,99.79361417991987,0.9989670049219177,0.0,0.0,assemblies/Gorilla_gorilla__Saimiri_sciureus__d30__r2.fasta
Gorilla_gorilla,Aotus_azarai,same-order,15,0,1656,16518,1009.3050045967102,,99.77650256720024,0.9977650256720024,1.0,0.9988812626613853,16518,0,37,99.77650256720024,0.9988812626613853,0.0,0.0,assemblies/Gorilla_gorilla__Aotus_azarai__d15__r0.fasta
Gorilla_gorilla,Aotus_azarai,same-order,15,1,1656,16523,1049.8621859550476,,99.806704922984,0.9980670492298399,1.0,0.9990325896366165,16523,0,32,99.806704922984,0.9990325896366165,0.0,0.0,assemblies/Gorilla_gorilla__Aotus_azarai__d15__r1.fasta
Gorilla_gorilla,Aotus_azarai,same-order,10,2,1104,12831,1131.009258031845,,77.50528541226215,0.7750528541226216,1.0,0.8732729871367318,12831,0,3724,77.50528541226215,0.8732729871367318,0.0,0.0,assemblies/Gorilla_gorilla__Aotus_azarai__d10__r2.fasta
Gorilla_gorilla,Aotus_azarai,same-order,15,2,1656,16526,996.3088593482971,,99.82482633645424,0.9982482633645424,1.0,0.9991233638644539,16526,0,29,99.82482633645424,0.9991233638644539,0.0,0.0,assemblies/Gorilla_gorilla__Aotus_azarai__d15__r2.fasta
Gorilla_gorilla,Aotus_azarai,same-order,20,0,2208,16546,975.3865802288055,,99.94563575958925,0.9994563575958925,1.0,0.999728104891091,16546,0,9,99.94563575958925,0.999728104891091,0.0,0.0,assemblies/Gorilla_gorilla__Aotus_azarai__d20__r0.fasta
Gorilla_gorilla,Aotus_azarai,same-order,20,1,2208,16541,974.7609992027283,,99.9154334038055,0.999154334038055,1.0,0.9995769881556684,16541,0,14,99.9154334038055,0.9995769881556684,0.0,0.0,assemblies/Gorilla_gorilla__Aotus_azarai__d20__r1.fasta
Gorilla_gorilla,Varecia_variegata,same-order,8,1,905,916,90.97124361991882,,5.399351606248158,0.05399351606248158,1.0,0.10245511995973379,916,0,16049,5.399351606248158,0.10245511995973379,0.0,0.0,assemblies/Gorilla_gorilla__Varecia_variegata__d8__r1.fasta
Gorilla_gorilla,Varecia_variegata,same-order,7,2,792,743,96.56960654258728,,4.379605069260242,0.043796050692602416,1.0,0.08391687372938784,743,0,16222,4.379605069260242,0.08391687372938784,0.0,0.0,assemblies/Gorilla_gorilla__Varecia_variegata__d7__r2.fasta
Gorilla_gorilla,Varecia_variegata,same-order,8,2,905,580,100.77345371246338,,3.4188034188034186,0.03418803418803419,1.0,0.06611570247933884,580,0,16385,3.4188034188034186,0.06611570247933884,0.0,0.0,assemblies/Gorilla_gorilla__Varecia_variegata__d8__r2.fasta
Gorilla_gorilla,Varecia_variegata,same-order,6,2,679,1228,199.62882018089294,,7.238432066018273,0.07238432066018273,1.0,0.1349969768592316,1228,0,15737,7.238432066018273,0.1349969768592316,0.0,0.0,assemblies/Gorilla_gorilla__Varecia_variegata__d6__r2.fasta
Gorilla_gorilla,Aotus_azarai,same-order,20,2,2208,16530,944.356278181076,,99.84898822108124,0.9984898822108125,1.0,0.999244370560677,16530,0,25,99.84898822108124,0.999244370560677,0.0,0.0,assemblies/Gorilla_gorilla__Aotus_azarai__d20__r2.fasta
Gorilla_gorilla,Aotus_azarai,same-order,30,0,3311,16525,936.8458669185638,,99.8187858652975,0.9981878586529749,1.0,0.9990931076178959,16525,0,30,99.8187858652975,0.9990931076178959,0.0,0.0,assemblies/Gorilla_gorilla__Aotus_azarai__d30__r0.fasta
Gorilla_gorilla,Varecia_variegata,same-order,7,1,792,2478,387.1439595222473,,14.606542882404952,0.14606542882404952,1.0,0.2548989353494831,2478,0,14487,14.606542882404952,0.2548989353494831,0.0,0.0,assemblies/Gorilla_gorilla__Varecia_variegata__d7__r1.fasta
Gorilla_gorilla,Varecia_variegata,same-order,10,0,1131,6204,547.4413471221924,,36.56940760389036,0.36569407603890364,1.0,0.535543182701023,6204,0,10761,36.56940760389036,0.535543182701023,0.0,0.0,assemblies/Gorilla_gorilla__Varecia_variegata__d10__r0.fasta
Gorilla_gorilla,Varecia_variegata,same-order,10,1,1131,4250,444.39449524879456,,25.051576775714707,0.25051576775714707,1.0,0.4006599104407259,4250,0,12715,25.051576775714707,0.4006599104407259,0.0,0.0,assemblies/Gorilla_gorilla__Varecia_variegata__d10__r1.fasta
Gorilla_gorilla,Varecia_variegata,same-order,7,0,792,4142,699.135142326355,,24.4149720011789,0.24414972001178897,1.0,0.392476429620505,4142,0,12823,24.4149720011789,0.392476429620505,0.0,0.0,assemblies/Gorilla_gorilla__Varecia_variegata__d7__r0.fasta
Gorilla_gorilla,Varecia_variegata,same-order,8,0,905,3498,651.4945023059845,,20.618921308576482,0.20618921308576482,1.0,0.34188535405365783,3498,0,13467,20.618921308576482,0.34188535405365783,0.0,0.0,assemblies/Gorilla_gorilla__Varecia_variegata__d8__r0.fasta
Gorilla_gorilla,Aotus_azarai,same-order,30,1,3311,16545,966.0093173980713,,99.9395952884325,0.9993959528843249,1.0,0.9996978851963746,16545,0,10,99.9395952884325,0.9996978851963746,0.0,0.0,assemblies/Gorilla_gorilla__Aotus_azarai__d30__r1.fasta
Gorilla_gorilla,Aotus_azarai,same-order,30,2,3311,16544,972.8752131462097,,99.93355481727575,0.9993355481727575,1.0,0.9996676636756398,16544,0,11,99.93355481727575,0.9996676636756398,0.0,0.0,assemblies/Gorilla_gorilla__Aotus_azarai__d30__r2.fasta
Gorilla_gorilla,Varecia_variegata,same-order,10,2,1131,7040,614.2793753147125,,41.497200117889776,0.4149720011788977,1.0,0.5865444699021037,7040,0,9925,41.497200117889776,0.5865444699021037,0.0,0.0,assemblies/Gorilla_gorilla__Varecia_variegata__d10__r2.fasta
Saimiri_boliviensis,Homo_sapiens,same-order,3,0,332,254,112.82681822776794,,1.5329832820327116,0.015329832820327117,1.0,0.030196754443321643,254,0,16315,1.5329832820327116,0.030196754443321643,0.0,0.0,assemblies/Saimiri_boliviensis__Homo_sapiens__d3__r0.fasta
Saimiri_boliviensis,Homo_sapiens,same-order,5,2,553,217,42.809082984924316,,1.309674693705112,0.01309674693705112,1.0,0.025854879065888244,217,0,16352,1.309674693705112,0.025854879065888244,0.0,0.0,assemblies/Saimiri_boliviensis__Homo_sapiens__d5__r2.fasta
Saimiri_boliviensis,Homo_sapiens,same-order,4,1,442,245,109.52048850059509,,1.478664976763836,0.014786649767638362,1.0,0.02914238134887594,245,0,16324,1.478664976763836,0.02914238134887594,0.0,0.0,assemblies/Saimiri_boliviensis__Homo_sapiens__d4__r1.fasta
Saimiri_boliviensis,Homo_sapiens,same-order,4,2,442,519,152.94961094856262,,3.1323556038384934,0.031323556038384937,1.0,0.06074438202247191,519,0,16050,3.1323556038384934,0.06074438202247191,0.0,0.0,assemblies/Saimiri_boliviensis__Homo_sapiens__d4__r2.fasta
Saimiri_boliviensis,Homo_sapiens,same-order,7,2,774,371,67.91768980026245,,2.2391212505280946,0.022391212505280946,1.0,0.04380165289256198,371,0,16198,2.2391212505280946,0.04380165289256198,0.0,0.0,assemblies/Saimiri_boliviensis__Homo_sapiens__d7__r2.fasta
Saimiri_boliviensis,Homo_sapiens,same-order,8,0,884,154,62.98506784439087,,0.9294465568229827,0.009294465568229826,1.0,0.018417748011720383,154,0,16415,0.9294465568229827,0.018417748011720383,0.0,0.0,assemblies/Saimiri_boliviensis__Homo_sapiens__d8__r0.fasta
Gorilla_gorilla,Varecia_variegata,same-order,15,0,1697,16383,911.3046140670776,,96.56940760389037,0.9656940760389037,1.0,0.9825476790212306,16383,0,582,96.56940760389037,0.9825476790212306,0.0,0.0,assemblies/Gorilla_gorilla__Varecia_variegata__d15__r0.fasta
Saimiri_boliviensis,Homo_sapiens,same-order,7,1,774,938,93.11712312698364,,5.661174482467258,0.05661174482467258,1.0,0.10715713714514194,938,0,15631,5.661174482467258,0.10715713714514194,0.0,0.0,assemblies/Saimiri_boliviensis__Homo_sapiens__d7__r1.fasta
Saimiri_boliviensis,Homo_sapiens,same-order,6,0,663,550,165.38238763809204,,3.3194519886535097,0.033194519886535094,1.0,0.0642560897248671,550,0,16019,3.3194519886535097,0.0642560897248671,0.0,0.0,assemblies/Saimiri_boliviensis__Homo_sapiens__d6__r0.fasta
Saimiri_boliviensis,Homo_sapiens,same-order,7,0,774,961,149.02126789093018,,5.7999879292654954,0.05799987929265496,1.0,0.1096406160867085,961,0,15608,5.7999879292654954,0.1096406160867085,0.0,0.0,assemblies/Saimiri_boliviensis__Homo_sapiens__d7__r0.fasta
Saimiri_boliviensis,Homo_sapiens,same-order,8,1,884,1161,141.8797001838684,,7.007061379684954,0.07007061379684953,1.0,0.13096446700507614,1161,0,15408,7.007061379684954,0.13096446700507614,0.0,0.0,assemblies/Saimiri_boliviensis__Homo_sapiens__d8__r1.fasta
Gorilla_gorilla,Varecia_variegata,same-order,20,0,2262,16452,932.1879897117615,,96.9761273209549,0.9697612732095491,1.0,0.9846485321842177,16452,0,513,96.9761273209549,0.9846485321842177,0.0,0.0,assemblies/Gorilla_gorilla__Varecia_variegata__d20__r0.fasta
Saimiri_boliviensis,Homo_sapiens,same-order,6,2,663,443,196.43354439735413,,2.6736676926790994,0.026736676926790996,1.0,0.0520808840818246,443,0,16126,2.6736676926790994,0.0520808840818246,0.0,0.0,assemblies/Saimiri_boliviensis__Homo_sapiens__d6__r2.fasta
Gorilla_gorilla,Varecia_variegata,same-order,20,2,2262,16950,1006.799015045166,,99.91158267020336,0.9991158267020336,1.0,0.9995577178239716,16950,0,15,99.91158267020336,0.9995577178239716,0.0,0.0,assemblies/Gorilla_gorilla__Varecia_variegata__d20__r2.fasta
Gorilla_gorilla,Varecia_variegata,same-order,15,1,1697,16943,1042.2525038719177,,99.8703212496316,0.998703212496316,1.0,0.9993511855609296,16943,0,22,99.8703212496316,0.9993511855609296,0.0,0.0,assemblies/Gorilla_gorilla__Varecia_variegata__d15__r1.fasta
Gorilla_gorilla,Varecia_variegata,same-order,15,2,1697,16709,1046.7816252708435,,97.36270190895742,0.9812929197253137,0.9956153522734098,0.9884022539578426,16576,73,316,97.36270190895742,0.9884022539578426,0.0,0.0,assemblies/Gorilla_gorilla__Varecia_variegata__d15__r2.fasta
Saimiri_boliviensis,Homo_sapiens,same-order,10,2,1105,1840,136.62076663970947,,11.105075743859015,0.11105075743859014,1.0,0.19990222173936661,1840,0,14729,11.105075743859015,0.19990222173936661,0.0,0.0,assemblies/Saimiri_boliviensis__Homo_sapiens__d10__r2.fasta
Saimiri_boliviensis,Homo_sapiens,same-order,15,2,1657,3077,142.7870192527771,,18.57082503470336,0.18570825034703362,1.0,0.31324442634633004,3077,0,13492,18.57082503470336,0.31324442634633004,0.0,0.0,assemblies/Saimiri_boliviensis__Homo_sapiens__d15__r2.fasta
Gorilla_gorilla,Varecia_variegata,same-order,30,0,3393,16949,1044.7344899177551,,99.90568818155025,0.9990568818155025,1.0,0.9995282184348647,16949,0,16,99.90568818155025,0.9995282184348647,0.0,0.0,assemblies/Gorilla_gorilla__Varecia_variegata__d30__r0.fasta
Saimiri_boliviensis,Homo_sapiens,same-order,15,1,1657,3102,174.82080745697021,,18.721709216005795,0.18721709216005794,1.0,0.315388134817752,3102,0,13467,18.721709216005795,0.315388134817752,0.0,0.0,assemblies/Saimiri_boliviensis__Homo_sapiens__d15__r1.fasta
Saimiri_boliviensis,Homo_sapiens,same-order,20,0,2210,3102,161.7548222541809,,18.721709216005795,0.18721709216005794,1.0,0.315388134817752,3102,0,13467,18.721709216005795,0.315388134817752,0.0,0.0,assemblies/Saimiri_boliviensis__Homo_sapiens__d20__r0.fasta
Saimiri_boliviensis,Homo_sapiens,same-order,10,0,1105,2790,195.46686673164368,,16.838674633351438,0.1683867463335144,1.0,0.28823802882380284,2790,0,13779,16.838674633351438,0.28823802882380284,0.0,0.0,assemblies/Saimiri_boliviensis__Homo_sapiens__d10__r0.fasta
Saimiri_boliviensis,Homo_sapiens,same-order,15,0,1657,3105,194.709942817688,,18.739815317762087,0.18739815317762085,1.0,0.31564501372369624,3105,0,13464,18.739815317762087,0.31564501372369624,0.0,0.0,assemblies/Saimiri_boliviensis__Homo_sapiens__d15__r0.fasta
Saimiri_boliviensis,Homo_sapiens,same-order,20,2,2210,3097,161.92115378379822,,18.691532379745308,0.18691532379745307,1.0,0.31495982914675075,3097,0,13472,18.691532379745308,0.31495982914675075,0.0,0.0,assemblies/Saimiri_boliviensis__Homo_sapiens__d20__r2.fasta
Saimiri_boliviensis,Gorilla_gorilla,same-order,6,2,655,253,21.363740921020508,,1.5460767538499145,0.015460767538499145,1.0,0.030450743214780043,253,0,16111,1.5460767538499145,0.030450743214780043,0.0,0.0,assemblies/Saimiri_boliviensis__Gorilla_gorilla__d6__r2.fasta
Saimiri_boliviensis,Homo_sapiens,same-order,10,1,1105,3075,239.78229093551636,,18.558754300199165,0.18558754300199168,1.0,0.3130726939523519,3075,0,13494,18.558754300199165,0.3130726939523519,0.0,0.0,assemblies/Saimiri_boliviensis__Homo_sapiens__d10__r1.fasta
Gorilla_gorilla,Varecia_variegata,same-order,30,2,3393,16935,1007.3618688583374,,99.82316534040672,0.9982316534040672,1.0,0.9991150442477876,16935,0,30,99.82316534040672,0.9991150442477876,0.0,0.0,assemblies/Gorilla_gorilla__Varecia_variegata__d30__r2.fasta
Saimiri_boliviensis,Homo_sapiens,same-order,30,2,3314,3098,143.37648344039917,,18.697567746997404,0.18697567746997404,1.0,0.3150455077032593,3098,0,13471,18.697567746997404,0.3150455077032593,0.0,0.0,assemblies/Saimiri_boliviensis__Homo_sapiens__d30__r2.fasta
Saimiri_boliviensis,Homo_sapiens,same-order,20,1,2210,3097,170.36025261878967,,18.691532379745308,0.18691532379745307,1.0,0.31495982914675075,3097,0,13472,18.691532379745308,0.31495982914675075,0.0,0.0,assemblies/Saimiri_boliviensis__Homo_sapiens__d20__r1.fasta
Saimiri_boliviensis,Homo_sapiens,same-order,30,0,3314,3092,166.62346982955933,,18.66135554348482,0.1866135554348482,1.0,0.31453130563043585,3092,0,13477,18.66135554348482,0.31453130563043585,0.0,0.0,assemblies/Saimiri_boliviensis__Homo_sapiens__d30__r0.fasta
Saimiri_boliviensis,Homo_sapiens,same-order,30,1,3314,3079,162.26120376586914,,18.582895769207557,0.18582895769207555,1.0,0.31341612377850164,3079,0,13490,18.582895769207557,0.31341612377850164,0.0,0.0,assemblies/Saimiri_boliviensis__Homo_sapiens__d30__r1.fasta
Saimiri_boliviensis,Gorilla_gorilla,same-order,5,1,546,241,135.64010310173035,,1.4727450501099975,0.014727450501099975,1.0,0.029027401385124964,241,0,16123,1.4727450501099975,0.029027401385124964,0.0,0.0,assemblies/Saimiri_boliviensis__Gorilla_gorilla__d5__r1.fasta
Saimiri_boliviensis,Homo_sapiens,same-order,8,2,884,1824,287.19225692749023,,11.008509867825458,0.11008509867825457,1.0,0.19833632360137007,1824,0,14745,11.008509867825458,0.19833632360137007,0.0,0.0,assemblies/Saimiri_boliviensis__Homo_sapiens__d8__r2.fasta
Saimiri_boliviensis,Gorilla_gorilla,same-order,7,1,764,738,145.29627633094788,,4.509899780004889,0.04509899780004889,1.0,0.08630569524032278,738,0,15626,4.509899780004889,0.08630569524032278,0.0,0.0,assemblies/Saimiri_boliviensis__Gorilla_gorilla__d7__r1.fasta
Saimiri_boliviensis,Gorilla_gorilla,same-order,6,1,655,1078,201.27769088745117,,6.587631385969201,0.065876313859692,1.0,0.12360967778924434,1078,0,15286,6.587631385969201,0.12360967778924434,0.0,0.0,assemblies/Saimiri_boliviensis__Gorilla_gorilla__d6__r1.fasta
Saimiri_boliviensis,Gorilla_gorilla,same-order,8,2,873,1818,184.29460549354553,,11.109753116597409,0.1110975311659741,1.0,0.19997800021999781,1818,0,14546,11.109753116597409,0.19997800021999781,0.0,0.0,assemblies/Saimiri_boliviensis__Gorilla_gorilla__d8__r2.fasta
Saimiri_boliviensis,Gorilla_gorilla,same-order,10,0,1091,3145,238.59308981895447,,19.219017355169886,0.19219017355169885,1.0,0.3224152955046389,3145,0,13219,19.219017355169886,0.3224152955046389,0.0,0.0,assemblies/Saimiri_boliviensis__Gorilla_gorilla__d10__r0.fasta
Saimiri_boliviensis,Gorilla_gorilla,same-order,8,0,873,2358,257.01746344566345,,14.409679784893669,0.1440967978489367,1.0,0.25189616493964323,2358,0,14006,14.409679784893669,0.25189616493964323,0.0,0.0,assemblies/Saimiri_boliviensis__Gorilla_gorilla__d8__r0.fasta
Saimiri_boliviensis,Gorilla_gorilla,same-order,8,1,873,2384,269.29016876220703,,14.568565142996823,0.14568565142996823,1.0,0.25432046084915727,2384,0,13980,14.568565142996823,0.25432046084915727,0.0,0.0,assemblies/Saimiri_boliviensis__Gorilla_gorilla__d8__r1.fasta
Saimiri_boliviensis,Gorilla_gorilla,same-order,7,0,764,2084,300.48406314849854,,12.7352725494989,0.127352725494989,1.0,0.22593235039028617,2084,0,14280,12.7352725494989,0.22593235039028617,0.0,0.0,assemblies/Saimiri_boliviensis__Gorilla_gorilla__d7__r0.fasta
Saimiri_boliviensis,Gorilla_gorilla,same-order,10,1,1091,6030,425.82449316978455,,36.849181129308235,0.3684918112930824,1.0,0.5385371081539698,6030,0,10334,36.849181129308235,0.5385371081539698,0.0,0.0,assemblies/Saimiri_boliviensis__Gorilla_gorilla__d10__r1.fasta
Saimiri_boliviensis,Gorilla_gorilla,same-order,10,2,1091,5850,387.1556668281555,,35.74920557320949,0.35749205573209486,1.0,0.5266948771045287,5850,0,10514,35.74920557320949,0.5266948771045287,0.0,0.0,assemblies/Saimiri_boliviensis__Gorilla_gorilla__d10__r2.fasta
Saimiri_boliviensis,Gorilla_gorilla,same-order,7,2,764,3881,615.8342139720917,,23.716695184551455,0.23716695184551453,1.0,0.38340330945912565,3881,0,12483,23.716695184551455,0.38340330945912565,0.0,0.0,assemblies/Saimiri_boliviensis__Gorilla_gorilla__d7__r2.fasta
Saimiri_boliviensis,Gorilla_gorilla,same-order,15,2,1637,16316,895.1449937820435,,99.70667318504033,0.9970667318504033,1.0,0.998531211750306,16316,0,48,99.70667318504033,0.998531211750306,0.0,0.0,assemblies/Saimiri_boliviensis__Gorilla_gorilla__d15__r2.fasta
Saimiri_boliviensis,Gorilla_gorilla,same-order,15,0,1637,16341,1009.8216438293457,,99.85944756783182,0.9985944756783183,1.0,0.9992967436171839,16341,0,23,99.85944756783182,0.9992967436171839,0.0,0.0,assemblies/Saimiri_boliviensis__Gorilla_gorilla__d15__r0.fasta
Saimiri_boliviensis,Gorilla_gorilla,same-order,20,0,2182,16330,933.2955718040466,,99.79222683940357,0.9979222683940356,1.0,0.9989600538325075,16330,0,34,99.79222683940357,0.9989600538325075,0.0,0.0,assemblies/Saimiri_boliviensis__Gorilla_gorilla__d20__r0.fasta
Saimiri_boliviensis,Gorilla_gorilla,same-order,15,1,1637,16331,977.9924314022064,,99.79833781471523,0.9979833781471523,1.0,0.9989906713564766,16331,0,33,99.79833781471523,0.9989906713564766,0.0,0.0,assemblies/Saimiri_boliviensis__Gorilla_gorilla__d15__r1.fasta
Saimiri_boliviensis,Gorilla_gorilla,same-order,20,1,2182,16334,940.4624438285828,,99.81667074065021,0.998166707406502,1.0,0.9990825126919077,16334,0,30,99.81667074065021,0.9990825126919077,0.0,0.0,assemblies/Saimiri_boliviensis__Gorilla_gorilla__d20__r1.fasta
Saimiri_boliviensis,Gorilla_gorilla,same-order,20,2,2182,16348,921.4930708408356,,99.90222439501345,0.9990222439501344,1.0,0.9995108828564441,16348,0,16,99.90222439501345,0.9995108828564441,0.0,0.0,assemblies/Saimiri_boliviensis__Gorilla_gorilla__d20__r2.fasta
Saimiri_boliviensis,Gorilla_gorilla,same-order,30,0,3273,16358,937.2597715854645,,99.96333414813004,0.9996333414813005,1.0,0.9998166371248702,16358,0,6,99.96333414813004,0.9998166371248702,0.0,0.0,assemblies/Saimiri_boliviensis__Gorilla_gorilla__d30__r0.fasta
Saimiri_boliviensis,Saimiri_sciureus,same-genus,7,2,769,2499,384.26165413856506,,15.151147262352799,0.1515390686661405,0.9987995198079231,0.2631523458091724,2496,3,13975,15.151147262352799,0.2631523458091724,0.0,0.0,assemblies/Saimiri_boliviensis__Saimiri_sciureus__d7__r2.fasta
Saimiri_boliviensis,Gorilla_gorilla,same-order,30,1,3273,16357,937.8906991481781,,99.95722317281839,0.9995722317281838,1.0,0.9997860701078817,16357,0,7,99.95722317281839,0.9997860701078817,0.0,0.0,assemblies/Saimiri_boliviensis__Gorilla_gorilla__d30__r1.fasta
Saimiri_boliviensis,Aotus_azarai,same-order,10,0,1104,979,61.646106004714966,,5.913621262458472,0.05913621262458472,1.0,0.11166875784190716,979,0,15576,5.913621262458472,0.11166875784190716,0.0,0.0,assemblies/Saimiri_boliviensis__Aotus_azarai__d10__r0.fasta
Saimiri_boliviensis,Aotus_azarai,same-order,5,2,552,841,143.71002864837646,,5.0800362428269406,0.05080036242826941,1.0,0.09668889399862038,841,0,15714,5.0800362428269406,0.09668889399862038,0.0,0.0,assemblies/Saimiri_boliviensis__Aotus_azarai__d5__r2.fasta
Saimiri_boliviensis,Saimiri_sciureus,same-genus,8,2,879,3860,702.5129044055939,,23.43086075027316,0.23430860750273158,1.0,0.37965968328907246,3860,0,12614,23.43086075027316,0.37965968328907246,0.0,0.0,assemblies/Saimiri_boliviensis__Saimiri_sciureus__d8__r2.fasta
Saimiri_boliviensis,Gorilla_gorilla,same-order,30,2,3273,16340,943.228185415268,,99.85333659252017,0.9985333659252017,1.0,0.9992661448140899,16340,0,24,99.85333659252017,0.9992661448140899,0.0,0.0,assemblies/Saimiri_boliviensis__Gorilla_gorilla__d30__r2.fasta
Saimiri_boliviensis,Saimiri_sciureus,same-genus,15,0,1648,10588,1052.2483279705048,,64.25883209906519,0.6426663428848955,0.999811106913487,0.7824094604582409,10586,2,5886,64.24669175670753,0.7823194618966663,0.012140342357653822,8.999856157454467e-05,assemblies/Saimiri_boliviensis__Saimiri_sciureus__d15__r0.fasta
Saimiri_boliviensis,Saimiri_sciureus,same-genus,15,1,1648,16430,1022.7557744979858,,99.7329124681316,0.997329124681316,1.0,0.99866277656212,16430,0,44,99.7329124681316,0.99866277656212,0.0,0.0,assemblies/Saimiri_boliviensis__Saimiri_sciureus__d15__r1.fasta
Saimiri_boliviensis,Saimiri_sciureus,same-genus,15,2,1648,16438,1029.3942749500275,,99.78147383756222,0.9978147383756222,1.0,0.9989061740398639,16438,0,36,99.78147383756222,0.9989061740398639,0.0,0.0,assemblies/Saimiri_boliviensis__Saimiri_sciureus__d15__r2.fasta
Saimiri_boliviensis,Saimiri_sciureus,same-genus,20,0,2197,16441,973.9192931652069,,99.7996843510987,0.997996843510987,1.0,0.9989974175907642,16441,0,33,99.7996843510987,0.9989974175907642,0.0,0.0,assemblies/Saimiri_boliviensis__Saimiri_sciureus__d20__r0.fasta
Saimiri_boliviensis,Aotus_azarai,same-order,7,1,773,1422,177.11595964431763,,8.589549984898822,0.08589549984898823,1.0,0.15820214718807366,1422,0,15133,8.589549984898822,0.15820214718807366,0.0,0.0,assemblies/Saimiri_boliviensis__Aotus_azarai__d7__r1.fasta
Saimiri_boliviensis,Saimiri_sciureus,same-genus,20,1,2197,16458,964.2904748916626,,99.90287726113877,0.9990287726113877,1.0,0.9995141503704603,16458,0,16,99.90287726113877,0.9995141503704603,0.0,0.0,assemblies/Saimiri_boliviensis__Saimiri_sciureus__d20__r1.fasta
Saimiri_boliviensis,Aotus_azarai,same-order,10,2,1104,3735,325.22665214538574,,22.561159770462098,0.22561159770462097,1.0,0.3681616559881715,3735,0,12820,22.561159770462098,0.3681616559881715,0.0,0.0,assemblies/Saimiri_boliviensis__Aotus_azarai__d10__r2.fasta
Saimiri_boliviensis,Saimiri_sciureus,same-genus,20,2,2197,16425,1026.8808159828186,,99.70256161223746,0.9970256161223746,1.0,0.9985105930271436,16425,0,49,99.70256161223746,0.9985105930271436,0.0,0.0,assemblies/Saimiri_boliviensis__Saimiri_sciureus__d20__r2.fasta
Saimiri_boliviensis,Aotus_azarai,same-order,8,2,883,2738,372.13802337646484,,16.53881002718212,0.16538810027182121,1.0,0.28383351474628105,2738,0,13817,16.53881002718212,0.28383351474628105,0.0,0.0,assemblies/Saimiri_boliviensis__Aotus_azarai__d8__r2.fasta
Saimiri_boliviensis,Aotus_azarai,same-order,8,0,883,2918,385.096125125885,,17.62609483539716,0.1762609483539716,1.0,0.29969701638165663,2918,0,13637,17.62609483539716,0.29969701638165663,0.0,0.0,assemblies/Saimiri_boliviensis__Aotus_azarai__d8__r0.fasta
Saimiri_boliviensis,Saimiri_sciureus,same-genus,30,0,3295,16459,1017.5873305797577,,99.90894743231759,0.999089474323176,1.0,0.9995445298029333,16459,0,15,99.90894743231759,0.9995445298029333,0.0,0.0,assemblies/Saimiri_boliviensis__Saimiri_sciureus__d30__r0.fasta
Saimiri_boliviensis,Aotus_azarai,same-order,7,2,773,2185,420.9526700973511,,13.198429477499245,0.13198429477499246,1.0,0.23319103521878337,2185,0,14370,13.198429477499245,0.23319103521878337,0.0,0.0,assemblies/Saimiri_boliviensis__Aotus_azarai__d7__r2.fasta
Saimiri_boliviensis,Saimiri_sciureus,same-genus,30,1,3295,16446,1029.3364861011505,,99.83003520699283,0.9983003520699284,1.0,0.9991494532199272,16446,0,28,99.83003520699283,0.9991494532199272,0.0,0.0,assemblies/Saimiri_boliviensis__Saimiri_sciureus__d30__r1.fasta
Saimiri_boliviensis,Aotus_azarai,same-order,10,1,1104,5248,434.9536385536194,,31.70039263062519,0.3170039263062519,1.0,0.4814016419758749,5248,0,11307,31.70039263062519,0.4814016419758749,0.0,0.0,assemblies/Saimiri_boliviensis__Aotus_azarai__d10__r1.fasta
Saimiri_boliviensis,Saimiri_sciureus,same-genus,30,2,3295,16440,1019.4811186790466,,99.79361417991987,0.9979361417991988,1.0,0.9989670049219177,16440,0,34,99.79361417991987,0.9989670049219177,0.0,0.0,assemblies/Saimiri_boliviensis__Saimiri_sciureus__d30__r2.fasta
Saimiri_boliviensis,Aotus_azarai,same-order,15,0,1656,16518,1039.4808905124664,,99.77650256720024,0.9977650256720024,1.0,0.9988812626613853,16518,0,37,99.77650256720024,0.9988812626613853,0.0,0.0,assemblies/Saimiri_boliviensis__Aotus_azarai__d15__r0.fasta
Saimiri_boliviensis,Aotus_azarai,same-order,15,2,1656,16526,1057.8735208511353,,99.82482633645424,0.9982482633645424,1.0,0.9991233638644539,16526,0,29,99.82482633645424,0.9991233638644539,0.0,0.0,assemblies/Saimiri_boliviensis__Aotus_azarai__d15__r2.fasta
Saimiri_boliviensis,Aotus_azarai,same-order,20,0,2208,16546,980.6790564060211,,99.94563575958925,0.9994563575958925,1.0,0.999728104891091,16546,0,9,99.94563575958925,0.999728104891091,0.0,0.0,assemblies/Saimiri_boliviensis__Aotus_azarai__d20__r0.fasta
Saimiri_boliviensis,Aotus_azarai,same-order,15,1,1656,16523,1093.538611650467,,99.806704922984,0.9980670492298399,1.0,0.9990325896366165,16523,0,32,99.806704922984,0.9990325896366165,0.0,0.0,assemblies/Saimiri_boliviensis__Aotus_azarai__d15__r1.fasta
Saimiri_boliviensis,Aotus_azarai,same-order,20,1,2208,16541,975.4514675140381,,99.9154334038055,0.999154334038055,1.0,0.9995769881556684,16541,0,14,99.9154334038055,0.9995769881556684,0.0,0.0,assemblies/Saimiri_boliviensis__Aotus_azarai__d20__r1.fasta
Saimiri_boliviensis,Varecia_variegata,same-order,7,2,792,743,95.9784197807312,,4.379605069260242,0.043796050692602416,1.0,0.08391687372938784,743,0,16222,4.379605069260242,0.08391687372938784,0.0,0.0,assemblies/Saimiri_boliviensis__Varecia_variegata__d7__r2.fasta
Saimiri_boliviensis,Varecia_variegata,same-order,5,0,566,593,122.96393132209778,,3.4954317712938403,0.0349543177129384,1.0,0.06754755666932452,593,0,16372,3.4954317712938403,0.06754755666932452,0.0,0.0,assemblies/Saimiri_boliviensis__Varecia_variegata__d5__r0.fasta
Saimiri_boliviensis,Varecia_variegata,same-order,6,0,679,996,143.76579785346985,,5.870910698496905,0.058709106984969055,1.0,0.11090696509103057,996,0,15969,5.870910698496905,0.11090696509103057,0.0,0.0,assemblies/Saimiri_boliviensis__Varecia_variegata__d6__r0.fasta
Saimiri_boliviensis,Aotus_azarai,same-order,20,2,2208,16530,980.0541317462921,,99.84898822108124,0.9984898822108125,1.0,0.999244370560677,16530,0,25,99.84898822108124,0.999244370560677,0.0,0.0,assemblies/Saimiri_boliviensis__Aotus_azarai__d20__r2.fasta
Saimiri_boliviensis,Varecia_variegata,same-order,6,1,679,1786,278.41529393196106,,10.527556734453286,0.10527556734453286,1.0,0.19049650685296782,1786,0,15179,10.527556734453286,0.19049650685296782,0.0,0.0,assemblies/Saimiri_boliviensis__Varecia_variegata__d6__r1.fasta
Saimiri_boliviensis,Aotus_azarai,same-order,30,0,3311,16525,1007.5598113536835,,99.8187858652975,0.9981878586529749,1.0,0.9990931076178959,16525,0,30,99.8187858652975,0.9990931076178959,0.0,0.0,assemblies/Saimiri_boliviensis__Aotus_azarai__d30__r0.fasta
Saimiri_boliviensis,Varecia_variegata,same-order,8,2,905,1039,178.53643465042114,,6.124373710580607,0.06124373710580607,1.0,0.11541879582315041,1039,0,15926,6.124373710580607,0.11541879582315041,0.0,0.0,assemblies/Saimiri_boliviensis__Varecia_variegata__d8__r2.fasta
Saimiri_boliviensis,Varecia_variegata,same-order,6,2,679,1228,240.62422585487366,,7.238432066018273,0.07238432066018273,1.0,0.1349969768592316,1228,0,15737,7.238432066018273,0.1349969768592316,0.0,0.0,assemblies/Saimiri_boliviensis__Varecia_variegata__d6__r2.fasta
Saimiri_sciureus,Homo_sapiens,same-order,3,0,332,254,198.88556790351868,,1.5329832820327116,0.015329832820327117,1.0,0.030196754443321643,254,0,16315,1.5329832820327116,0.030196754443321643,0.0,0.0,assemblies/Saimiri_sciureus__Homo_sapiens__d3__r0.fasta
Saimiri_boliviensis,Varecia_variegata,same-order,8,0,905,1699,472.3925316333771,,10.014736221632774,0.10014736221632774,1.0,0.18206172310330046,1699,0,15266,10.014736221632774,0.18206172310330046,0.0,0.0,assemblies/Saimiri_boliviensis__Varecia_variegata__d8__r0.fasta
Saimiri_boliviensis,Varecia_variegata,same-order,10,1,1131,2582,488.0557379722595,,15.219569702328323,0.15219569702328323,1.0,0.2641837622141505,2582,0,14383,15.219569702328323,0.2641837622141505,0.0,0.0,assemblies/Saimiri_boliviensis__Varecia_variegata__d10__r1.fasta
Saimiri_sciureus,Homo_sapiens,same-order,5,2,553,217,80.13151264190674,,1.309674693705112,0.01309674693705112,1.0,0.025854879065888244,217,0,16352,1.309674693705112,0.025854879065888244,0.0,0.0,assemblies/Saimiri_sciureus__Homo_sapiens__d5__r2.fasta
Saimiri_boliviensis,Varecia_variegata,same-order,8,1,905,3477,737.937004327774,,20.495137046861185,0.20495137046861184,1.0,0.34018197828001173,3477,0,13488,20.495137046861185,0.34018197828001173,0.0,0.0,assemblies/Saimiri_boliviensis__Varecia_variegata__d8__r1.fasta
Saimiri_sciureus,Homo_sapiens,same-order,4,1,442,245,195.23921418190002,,1.478664976763836,0.014786649767638362,1.0,0.02914238134887594,245,0,16324,1.478664976763836,0.02914238134887594,0.0,0.0,assemblies/Saimiri_sciureus__Homo_sapiens__d4__r1.fasta
Saimiri_boliviensis,Varecia_variegata,same-order,7,1,792,2478,763.7064244747162,,14.606542882404952,0.14606542882404952,1.0,0.2548989353494831,2478,0,14487,14.606542882404952,0.2548989353494831,0.0,0.0,assemblies/Saimiri_boliviensis__Varecia_variegata__d7__r1.fasta
Saimiri_sciureus,Homo_sapiens,same-order,7,2,774,371,122.68465375900269,,2.2391212505280946,0.022391212505280946,1.0,0.04380165289256198,371,0,16198,2.2391212505280946,0.04380165289256198,0.0,0.0,assemblies/Saimiri_sciureus__Homo_sapiens__d7__r2.fasta
Saimiri_boliviensis,Varecia_variegata,same-order,10,0,1131,6204,926.5938274860382,,36.56940760389036,0.36569407603890364,1.0,0.535543182701023,6204,0,10761,36.56940760389036,0.535543182701023,0.0,0.0,assemblies/Saimiri_boliviensis__Varecia_variegata__d10__r0.fasta
Saimiri_boliviensis,Varecia_variegata,same-order,7,0,792,2968,936.3925700187683,,17.49484232242853,0.1749484232242853,1.0,0.2977976220338133,2968,0,13997,17.49484232242853,0.2977976220338133,0.0,0.0,assemblies/Saimiri_boliviensis__Varecia_variegata__d7__r0.fasta
Saimiri_sciureus,Homo_sapiens,same-order,7,1,774,938,173.7606222629547,,5.661174482467258,0.05661174482467258,1.0,0.10715713714514194,938,0,15631,5.661174482467258,0.10715713714514194,0.0,0.0,assemblies/Saimiri_sciureus__Homo_sapiens__d7__r1.fasta
Saimiri_sciureus,Homo_sapiens,same-order,4,2,442,519,283.9941668510437,,3.1323556038384934,0.031323556038384937,1.0,0.06074438202247191,519,0,16050,3.1323556038384934,0.06074438202247191,0.0,0.0,assemblies/Saimiri_sciureus__Homo_sapiens__d4__r2.fasta
Saimiri_sciureus,Homo_sapiens,same-order,8,0,884,154,123.73200511932373,,0.9294465568229827,0.009294465568229826,1.0,0.018417748011720383,154,0,16415,0.9294465568229827,0.018417748011720383,0.0,0.0,assemblies/Saimiri_sciureus__Homo_sapiens__d8__r0.fasta
Saimiri_boliviensis,Varecia_variegata,same-order,10,2,1131,7040,1165.0819783210754,,41.497200117889776,0.4149720011788977,1.0,0.5865444699021037,7040,0,9925,41.497200117889776,0.5865444699021037,0.0,0.0,assemblies/Saimiri_boliviensis__Varecia_variegata__d10__r2.fasta
Saimiri_sciureus,Homo_sapiens,same-order,6,2,663,670,238.776047706604,,4.0436960589051845,0.04043696058905184,1.0,0.07773072684030397,670,0,15899,4.0436960589051845,0.07773072684030397,0.0,0.0,assemblies/Saimiri_sciureus__Homo_sapiens__d6__r2.fasta
Saimiri_sciureus,Homo_sapiens,same-order,8,1,884,1161,293.7822835445404,,7.007061379684954,0.07007061379684953,1.0,0.13096446700507614,1161,0,15408,7.007061379684954,0.13096446700507614,0.0,0.0,assemblies/Saimiri_sciureus__Homo_sapiens__d8__r1.fasta
Saimiri_sciureus,Homo_sapiens,same-order,7,0,774,961,327.71169662475586,,5.7999879292654954,0.05799987929265496,1.0,0.1096406160867085,961,0,15608,5.7999879292654954,0.1096406160867085,0.0,0.0,assemblies/Saimiri_sciureus__Homo_sapiens__d7__r0.fasta
Saimiri_sciureus,Homo_sapiens,same-order,6,0,663,550,352.53176379203796,,3.3194519886535097,0.033194519886535094,1.0,0.0642560897248671,550,0,16019,3.3194519886535097,0.0642560897248671,0.0,0.0,assemblies/Saimiri_sciureus__Homo_sapiens__d6__r0.fasta
Saimiri_sciureus,Homo_sapiens,same-order,10,2,1105,1840,296.6517803668976,,11.105075743859015,0.11105075743859014,1.0,0.19990222173936661,1840,0,14729,11.105075743859015,0.19990222173936661,0.0,0.0,assemblies/Saimiri_sciureus__Homo_sapiens__d10__r2.fasta
Saimiri_sciureus,Homo_sapiens,same-order,15,2,1657,3077,299.02242064476013,,18.57082503470336,0.18570825034703362,1.0,0.31324442634633004,3077,0,13492,18.57082503470336,0.31324442634633004,0.0,0.0,assemblies/Saimiri_sciureus__Homo_sapiens__d15__r2.fasta
Saimiri_sciureus,Homo_sapiens,same-order,20,0,2210,3102,365.8717768192291,,18.721709216005795,0.18721709216005794,1.0,0.315388134817752,3102,0,13467,18.721709216005795,0.315388134817752,0.0,0.0,assemblies/Saimiri_sciureus__Homo_sapiens__d20__r0.fasta
Saimiri_sciureus,Homo_sapiens,same-order,15,1,1657,3102,385.2319984436035,,18.721709216005795,0.18721709216005794,1.0,0.315388134817752,3102,0,13467,18.721709216005795,0.315388134817752,0.0,0.0,assemblies/Saimiri_sciureus__Homo_sapiens__d15__r1.fasta
Saimiri_sciureus,Homo_sapiens,same-order,10,0,1105,2790,432.6204788684845,,16.838674633351438,0.1683867463335144,1.0,0.28823802882380284,2790,0,13779,16.838674633351438,0.28823802882380284,0.0,0.0,assemblies/Saimiri_sciureus__Homo_sapiens__d10__r0.fasta
Saimiri_sciureus,Homo_sapiens,same-order,20,1,2210,3097,344.26540327072144,,18.691532379745308,0.18691532379745307,1.0,0.31495982914675075,3097,0,13472,18.691532379745308,0.31495982914675075,0.0,0.0,assemblies/Saimiri_sciureus__Homo_sapiens__d20__r1.fasta
Saimiri_sciureus,Homo_sapiens,same-order,15,0,1657,3105,391.4894948005676,,18.739815317762087,0.18739815317762085,1.0,0.31564501372369624,3105,0,13464,18.739815317762087,0.31564501372369624,0.0,0.0,assemblies/Saimiri_sciureus__Homo_sapiens__d15__r0.fasta
Saimiri_boliviensis,Varecia_variegata,same-order,20,0,2262,16452,1888.8193831443787,,96.9761273209549,0.9697612732095491,1.0,0.9846485321842177,16452,0,513,96.9761273209549,0.9846485321842177,0.0,0.0,assemblies/Saimiri_boliviensis__Varecia_variegata__d20__r0.fasta
Saimiri_boliviensis,Aotus_azarai,same-order,30,1,3311,16545,1907.34375,,99.9395952884325,0.9993959528843249,1.0,0.9996978851963746,16545,0,10,99.9395952884325,0.9996978851963746,0.0,0.0,assemblies/Saimiri_boliviensis__Aotus_azarai__d30__r1.fasta
Saimiri_boliviensis,Aotus_azarai,same-order,30,2,3311,16544,1909.7186136245728,,99.93355481727575,0.9993355481727575,1.0,0.9996676636756398,16544,0,11,99.93355481727575,0.9996676636756398,0.0,0.0,assemblies/Saimiri_boliviensis__Aotus_azarai__d30__r2.fasta
Saimiri_boliviensis,Varecia_variegata,same-order,15,0,1697,16383,1952.3435151576996,,96.56940760389037,0.9656940760389037,1.0,0.9825476790212306,16383,0,582,96.56940760389037,0.9825476790212306,0.0,0.0,assemblies/Saimiri_boliviensis__Varecia_variegata__d15__r0.fasta
Saimiri_sciureus,Gorilla_gorilla,same-order,6,2,655,253,46.74245500564575,,1.5460767538499145,0.015460767538499145,1.0,0.030450743214780043,253,0,16111,1.5460767538499145,0.030450743214780043,0.0,0.0,assemblies/Saimiri_sciureus__Gorilla_gorilla__d6__r2.fasta
Saimiri_sciureus,Homo_sapiens,same-order,20,2,2210,3097,339.0295810699463,,18.691532379745308,0.18691532379745307,1.0,0.31495982914675075,3097,0,13472,18.691532379745308,0.31495982914675075,0.0,0.0,assemblies/Saimiri_sciureus__Homo_sapiens__d20__r2.fasta
Saimiri_sciureus,Homo_sapiens,same-order,30,2,3314,3098,304.7467083930969,,18.697567746997404,0.18697567746997404,1.0,0.3150455077032593,3098,0,13471,18.697567746997404,0.3150455077032593,0.0,0.0,assemblies/Saimiri_sciureus__Homo_sapiens__d30__r2.fasta
Saimiri_boliviensis,Varecia_variegata,same-order,15,2,1697,16709,2118.9498488903046,,97.36270190895742,0.9812929197253137,0.9956153522734098,0.9884022539578426,16576,73,316,97.36270190895742,0.9884022539578426,0.0,0.0,assemblies/Saimiri_boliviensis__Varecia_variegata__d15__r2.fasta
Saimiri_sciureus,Homo_sapiens,same-order,30,0,3314,3092,350.7448525428772,,18.66135554348482,0.1866135554348482,1.0,0.31453130563043585,3092,0,13477,18.66135554348482,0.31453130563043585,0.0,0.0,assemblies/Saimiri_sciureus__Homo_sapiens__d30__r0.fasta
Saimiri_sciureus,Homo_sapiens,same-order,30,1,3314,3079,341.9644181728363,,18.582895769207557,0.18582895769207555,1.0,0.31341612377850164,3079,0,13490,18.582895769207557,0.31341612377850164,0.0,0.0,assemblies/Saimiri_sciureus__Homo_sapiens__d30__r1.fasta
Saimiri_boliviensis,Varecia_variegata,same-order,15,1,1697,16943,2184.9936912059784,,99.8703212496316,0.998703212496316,1.0,0.9993511855609296,16943,0,22,99.8703212496316,0.9993511855609296,0.0,0.0,assemblies/Saimiri_boliviensis__Varecia_variegata__d15__r1.fasta
Saimiri_sciureus,Gorilla_gorilla,same-order,5,1,546,241,279.04648900032043,,1.4727450501099975,0.014727450501099975,1.0,0.029027401385124964,241,0,16123,1.4727450501099975,0.029027401385124964,0.0,0.0,assemblies/Saimiri_sciureus__Gorilla_gorilla__d5__r1.fasta
Saimiri_boliviensis,Varecia_variegata,same-order,20,2,2262,16950,2020.5174145698547,,99.91158267020336,0.9991158267020336,1.0,0.9995577178239716,16950,0,15,99.91158267020336,0.9995577178239716,0.0,0.0,assemblies/Saimiri_boliviensis__Varecia_variegata__d20__r2.fasta
Saimiri_sciureus,Gorilla_gorilla,same-order,8,2,873,1818,369.5799877643585,,11.109753116597409,0.1110975311659741,1.0,0.19997800021999781,1818,0,14546,11.109753116597409,0.19997800021999781,0.0,0.0,assemblies/Saimiri_sciureus__Gorilla_gorilla__d8__r2.fasta
Saimiri_sciureus,Homo_sapiens,same-order,10,1,1105,3075,487.1016619205475,,18.558754300199165,0.18558754300199168,1.0,0.3130726939523519,3075,0,13494,18.558754300199165,0.3130726939523519,0.0,0.0,assemblies/Saimiri_sciureus__Homo_sapiens__d10__r1.fasta
Saimiri_sciureus,Gorilla_gorilla,same-order,6,1,655,1078,394.16212368011475,,6.587631385969201,0.065876313859692,1.0,0.12360967778924434,1078,0,15286,6.587631385969201,0.12360967778924434,0.0,0.0,assemblies/Saimiri_sciureus__Gorilla_gorilla__d6__r1.fasta
Saimiri_sciureus,Homo_sapiens,same-order,8,2,884,1824,552.6120257377625,,11.008509867825458,0.11008509867825457,1.0,0.19833632360137007,1824,0,14745,11.008509867825458,0.19833632360137007,0.0,0.0,assemblies/Saimiri_sciureus__Homo_sapiens__d8__r2.fasta
Saimiri_sciureus,Gorilla_gorilla,same-order,10,0,1091,3145,432.5384466648102,,19.219017355169886,0.19219017355169885,1.0,0.3224152955046389,3145,0,13219,19.219017355169886,0.3224152955046389,0.0,0.0,assemblies/Saimiri_sciureus__Gorilla_gorilla__d10__r0.fasta
Saimiri_sciureus,Gorilla_gorilla,same-order,8,0,873,2358,474.64436745643616,,14.409679784893669,0.1440967978489367,1.0,0.25189616493964323,2358,0,14006,14.409679784893669,0.25189616493964323,0.0,0.0,assemblies/Saimiri_sciureus__Gorilla_gorilla__d8__r0.fasta
Saimiri_boliviensis,Varecia_variegata,same-order,30,0,3393,16949,2075.2189354896545,,99.90568818155025,0.9990568818155025,1.0,0.9995282184348647,16949,0,16,99.90568818155025,0.9995282184348647,0.0,0.0,assemblies/Saimiri_boliviensis__Varecia_variegata__d30__r0.fasta
Saimiri_sciureus,Gorilla_gorilla,same-order,8,1,873,2384,489.0040729045868,,14.568565142996823,0.14568565142996823,1.0,0.25432046084915727,2384,0,13980,14.568565142996823,0.25432046084915727,0.0,0.0,assemblies/Saimiri_sciureus__Gorilla_gorilla__d8__r1.fasta
Saimiri_sciureus,Gorilla_gorilla,same-order,7,1,764,818,509.1440064907074,,4.998777804937668,0.04998777804937668,1.0,0.09521592364101966,818,0,15546,4.998777804937668,0.09521592364101966,0.0,0.0,assemblies/Saimiri_sciureus__Gorilla_gorilla__d7__r1.fasta
Saimiri_sciureus,Gorilla_gorilla,same-order,7,0,764,2084,519.6122057437897,,12.7352725494989,0.127352725494989,1.0,0.22593235039028617,2084,0,14280,12.7352725494989,0.22593235039028617,0.0,0.0,assemblies/Saimiri_sciureus__Gorilla_gorilla__d7__r0.fasta
Saimiri_boliviensis,Varecia_variegata,same-order,30,2,3393,16935,2012.3992800712585,,99.82316534040672,0.9982316534040672,1.0,0.9991150442477876,16935,0,30,99.82316534040672,0.9991150442477876,0.0,0.0,assemblies/Saimiri_boliviensis__Varecia_variegata__d30__r2.fasta
Saimiri_sciureus,Gorilla_gorilla,same-order,10,2,1091,5850,638.736218214035,,35.74920557320949,0.35749205573209486,1.0,0.5266948771045287,5850,0,10514,35.74920557320949,0.5266948771045287,0.0,0.0,assemblies/Saimiri_sciureus__Gorilla_gorilla__d10__r2.fasta
Saimiri_sciureus,Gorilla_gorilla,same-order,10,1,1091,6030,717.3046805858612,,36.849181129308235,0.3684918112930824,1.0,0.5385371081539698,6030,0,10334,36.849181129308235,0.5385371081539698,0.0,0.0,assemblies/Saimiri_sciureus__Gorilla_gorilla__d10__r1.fasta
Saimiri_sciureus,Gorilla_gorilla,same-order,7,2,764,3881,1021.2510368824005,,23.716695184551455,0.23716695184551453,1.0,0.38340330945912565,3881,0,12483,23.716695184551455,0.38340330945912565,0.0,0.0,assemblies/Saimiri_sciureus__Gorilla_gorilla__d7__r2.fasta
Saimiri_sciureus,Gorilla_gorilla,same-order,15,2,1637,16316,1428.4269981384277,,99.70667318504033,0.9970667318504033,1.0,0.998531211750306,16316,0,48,99.70667318504033,0.998531211750306,0.0,0.0,assemblies/Saimiri_sciureus__Gorilla_gorilla__d15__r2.fasta
Saimiri_sciureus,Gorilla_gorilla,same-order,15,1,1637,16331,1507.1244757175446,,99.79833781471523,0.9979833781471523,1.0,0.9989906713564766,16331,0,33,99.79833781471523,0.9989906713564766,0.0,0.0,assemblies/Saimiri_sciureus__Gorilla_gorilla__d15__r1.fasta
Saimiri_sciureus,Gorilla_gorilla,same-order,20,0,2182,16330,1458.570692062378,,99.79222683940357,0.9979222683940356,1.0,0.9989600538325075,16330,0,34,99.79222683940357,0.9989600538325075,0.0,0.0,assemblies/Saimiri_sciureus__Gorilla_gorilla__d20__r0.fasta
Saimiri_sciureus,Gorilla_gorilla,same-order,15,0,1637,16341,1577.6121072769165,,99.85944756783182,0.9985944756783183,1.0,0.9992967436171839,16341,0,23,99.85944756783182,0.9992967436171839,0.0,0.0,assemblies/Saimiri_sciureus__Gorilla_gorilla__d15__r0.fasta
Saimiri_sciureus,Gorilla_gorilla,same-order,20,2,2182,16348,1412.2644348144531,,99.90222439501345,0.9990222439501344,1.0,0.9995108828564441,16348,0,16,99.90222439501345,0.9995108828564441,0.0,0.0,assemblies/Saimiri_sciureus__Gorilla_gorilla__d20__r2.fasta
Saimiri_sciureus,Gorilla_gorilla,same-order,20,1,2182,16334,1429.2575087547302,,99.81667074065021,0.998166707406502,1.0,0.9990825126919077,16334,0,30,99.81667074065021,0.9990825126919077,0.0,0.0,assemblies/Saimiri_sciureus__Gorilla_gorilla__d20__r1.fasta
Saimiri_sciureus,Gorilla_gorilla,same-order,30,0,3273,16358,1457.525046825409,,99.96333414813004,0.9996333414813005,1.0,0.9998166371248702,16358,0,6,99.96333414813004,0.9998166371248702,0.0,0.0,assemblies/Saimiri_sciureus__Gorilla_gorilla__d30__r0.fasta
Saimiri_sciureus,Aotus_azarai,same-order,10,0,1104,979,98.50671648979187,,5.913621262458472,0.05913621262458472,1.0,0.11166875784190716,979,0,15576,5.913621262458472,0.11166875784190716,0.0,0.0,assemblies/Saimiri_sciureus__Aotus_azarai__d10__r0.fasta
Saimiri_sciureus,Gorilla_gorilla,same-order,30,1,3273,16357,1471.6937868595123,,99.95722317281839,0.9995722317281838,1.0,0.9997860701078817,16357,0,7,99.95722317281839,0.9997860701078817,0.0,0.0,assemblies/Saimiri_sciureus__Gorilla_gorilla__d30__r1.fasta
Saimiri_sciureus,Gorilla_gorilla,same-order,30,2,3273,16340,1431.360110759735,,99.85333659252017,0.9985333659252017,1.0,0.9992661448140899,16340,0,24,99.85333659252017,0.9992661448140899,0.0,0.0,assemblies/Saimiri_sciureus__Gorilla_gorilla__d30__r2.fasta
Saimiri_sciureus,Aotus_azarai,same-order,5,2,552,841,224.81250715255737,,5.0800362428269406,0.05080036242826941,1.0,0.09668889399862038,841,0,15714,5.0800362428269406,0.09668889399862038,0.0,0.0,assemblies/Saimiri_sciureus__Aotus_azarai__d5__r2.fasta
Saimiri_sciureus,Aotus_azarai,same-order,7,1,773,1422,273.8626317977905,,8.589549984898822,0.08589549984898823,1.0,0.15820214718807366,1422,0,15133,8.589549984898822,0.15820214718807366,0.0,0.0,assemblies/Saimiri_sciureus__Aotus_azarai__d7__r1.fasta
Saimiri_sciureus,Saimiri_boliviensis,same-genus,15,1,1648,16405,1494.6025683879852,,99.59929573189241,0.9959929573189241,1.0,0.9979924565032242,16405,0,66,99.59929573189241,0.9979924565032242,0.0,0.0,assemblies/Saimiri_sciureus__Saimiri_boliviensis__d15__r1.fasta
Saimiri_sciureus,Saimiri_boliviensis,same-genus,15,0,1648,16397,1604.3312571048737,,99.55072551757635,0.9955072551757634,1.0,0.9977485700377265,16397,0,74,99.55072551757635,0.9977485700377265,0.0,0.0,assemblies/Saimiri_sciureus__Saimiri_boliviensis__d15__r0.fasta
Saimiri_sciureus,Saimiri_boliviensis,same-genus,20,0,2197,16446,1489.1295957565308,,99.84821808026228,0.9984821808026227,1.0,0.9992405140201112,16446,0,25,99.84821808026228,0.9992405140201112,0.0,0.0,assemblies/Saimiri_sciureus__Saimiri_boliviensis__d20__r0.fasta
Saimiri_sciureus,Saimiri_boliviensis,same-genus,15,2,1648,10831,1609.9963040351868,,65.75799890717018,0.6575799890717018,1.0,0.7934217273459819,10831,0,5640,65.75799890717018,0.7934217273459819,0.0,0.0,assemblies/Saimiri_sciureus__Saimiri_boliviensis__d15__r2.fasta
Saimiri_sciureus,Aotus_azarai,same-order,8,0,883,2918,545.7211356163025,,17.62609483539716,0.1762609483539716,1.0,0.29969701638165663,2918,0,13637,17.62609483539716,0.29969701638165663,0.0,0.0,assemblies/Saimiri_sciureus__Aotus_azarai__d8__r0.fasta
Saimiri_sciureus,Aotus_azarai,same-order,10,2,1104,3735,470.5090072154999,,22.561159770462098,0.22561159770462097,1.0,0.3681616559881715,3735,0,12820,22.561159770462098,0.3681616559881715,0.0,0.0,assemblies/Saimiri_sciureus__Aotus_azarai__d10__r2.fasta
Saimiri_sciureus,Aotus_azarai,same-order,8,2,883,2738,523.4093291759491,,16.53881002718212,0.16538810027182121,1.0,0.28383351474628105,2738,0,13817,16.53881002718212,0.28383351474628105,0.0,0.0,assemblies/Saimiri_sciureus__Aotus_azarai__d8__r2.fasta
Saimiri_sciureus,Aotus_azarai,same-order,7,2,773,2185,603.7503597736359,,13.198429477499245,0.13198429477499246,1.0,0.23319103521878337,2185,0,14370,13.198429477499245,0.23319103521878337,0.0,0.0,assemblies/Saimiri_sciureus__Aotus_azarai__d7__r2.fasta
Saimiri_sciureus,Saimiri_boliviensis,same-genus,20,1,2197,16442,1490.7107017040253,,99.82393297310425,0.9982393297310425,1.0,0.9991188891927203,16442,0,29,99.82393297310425,0.9991188891927203,0.0,0.0,assemblies/Saimiri_sciureus__Saimiri_boliviensis__d20__r1.fasta
Saimiri_sciureus,Aotus_azarai,same-order,10,1,1104,5248,650.9333617687225,,31.70039263062519,0.3170039263062519,1.0,0.4814016419758749,5248,0,11307,31.70039263062519,0.4814016419758749,0.0,0.0,assemblies/Saimiri_sciureus__Aotus_azarai__d10__r1.fasta
Saimiri_sciureus,Varecia_variegata,same-order,5,0,566,593,188.0709421634674,,3.4954317712938403,0.0349543177129384,1.0,0.06754755666932452,593,0,16372,3.4954317712938403,0.06754755666932452,0.0,0.0,assemblies/Saimiri_sciureus__Varecia_variegata__d5__r0.fasta
Saimiri_sciureus,Varecia_variegata,same-order,7,2,792,743,148.71556782722473,,4.379605069260242,0.043796050692602416,1.0,0.08391687372938784,743,0,16222,4.379605069260242,0.08391687372938784,0.0,0.0,assemblies/Saimiri_sciureus__Varecia_variegata__d7__r2.fasta
Saimiri_sciureus,Varecia_variegata,same-order,8,1,905,916,135.09561204910278,,5.399351606248158,0.05399351606248158,1.0,0.10245511995973379,916,0,16049,5.399351606248158,0.10245511995973379,0.0,0.0,assemblies/Saimiri_sciureus__Varecia_variegata__d8__r1.fasta
Saimiri_sciureus,Varecia_variegata,same-order,6,0,679,996,221.89718651771545,,5.870910698496905,0.058709106984969055,1.0,0.11090696509103057,996,0,15969,5.870910698496905,0.11090696509103057,0.0,0.0,assemblies/Saimiri_sciureus__Varecia_variegata__d6__r0.fasta
Saimiri_sciureus,Varecia_variegata,same-order,8,2,905,1039,223.75294089317322,,6.124373710580607,0.06124373710580607,1.0,0.11541879582315041,1039,0,15926,6.124373710580607,0.11541879582315041,0.0,0.0,assemblies/Saimiri_sciureus__Varecia_variegata__d8__r2.fasta
Saimiri_sciureus,Saimiri_boliviensis,same-genus,20,2,2197,16436,1532.4025042057037,,99.78750531236719,0.9978750531236719,1.0,0.9989363965113806,16436,0,35,99.78750531236719,0.9989363965113806,0.0,0.0,assemblies/Saimiri_sciureus__Saimiri_boliviensis__d20__r2.fasta
Saimiri_sciureus,Saimiri_boliviensis,same-genus,30,0,3295,16435,1476.6913685798645,,99.78143403557767,0.9978143403557769,1.0,0.998905974594299,16435,0,36,99.78143403557767,0.998905974594299,0.0,0.0,assemblies/Saimiri_sciureus__Saimiri_boliviensis__d30__r0.fasta
Saimiri_sciureus,Saimiri_boliviensis,same-genus,30,1,3295,16455,1470.7790474891663,,99.90285957136786,0.9990285957136786,1.0,0.9995140618356314,16455,0,16,99.90285957136786,0.9995140618356314,0.0,0.0,assemblies/Saimiri_sciureus__Saimiri_boliviensis__d30__r1.fasta
Saimiri_sciureus,Varecia_variegata,same-order,6,2,679,1228,315.0753746032715,,7.238432066018273,0.07238432066018273,1.0,0.1349969768592316,1228,0,15737,7.238432066018273,0.1349969768592316,0.0,0.0,assemblies/Saimiri_sciureus__Varecia_variegata__d6__r2.fasta
Saimiri_sciureus,Varecia_variegata,same-order,6,1,679,1786,393.2111382484436,,10.527556734453286,0.10527556734453286,1.0,0.19049650685296782,1786,0,15179,10.527556734453286,0.19049650685296782,0.0,0.0,assemblies/Saimiri_sciureus__Varecia_variegata__d6__r1.fasta
Saimiri_sciureus,Varecia_variegata,same-order,8,0,905,1699,367.9248220920563,,10.014736221632774,0.10014736221632774,1.0,0.18206172310330046,1699,0,15266,10.014736221632774,0.18206172310330046,0.0,0.0,assemblies/Saimiri_sciureus__Varecia_variegata__d8__r0.fasta
Saimiri_sciureus,Varecia_variegata,same-order,10,1,1131,2582,394.19171261787415,,15.219569702328323,0.15219569702328323,1.0,0.2641837622141505,2582,0,14383,15.219569702328323,0.2641837622141505,0.0,0.0,assemblies/Saimiri_sciureus__Varecia_variegata__d10__r1.fasta
Saimiri_sciureus,Aotus_azarai,same-order,15,0,1656,16518,1590.630010843277,,99.77650256720024,0.9977650256720024,1.0,0.9988812626613853,16518,0,37,99.77650256720024,0.9988812626613853,0.0,0.0,assemblies/Saimiri_sciureus__Aotus_azarai__d15__r0.fasta
Saimiri_sciureus,Aotus_azarai,same-order,15,1,1656,16523,1601.6873207092285,,99.806704922984,0.9980670492298399,1.0,0.9990325896366165,16523,0,32,99.806704922984,0.9990325896366165,0.0,0.0,assemblies/Saimiri_sciureus__Aotus_azarai__d15__r1.fasta
Saimiri_sciureus,Aotus_azarai,same-order,20,0,2208,16546,1484.3793895244598,,99.94563575958925,0.9994563575958925,1.0,0.999728104891091,16546,0,9,99.94563575958925,0.999728104891091,0.0,0.0,assemblies/Saimiri_sciureus__Aotus_azarai__d20__r0.fasta
Saimiri_sciureus,Aotus_azarai,same-order,15,2,1656,16526,1595.4017009735107,,99.82482633645424,0.9982482633645424,1.0,0.9991233638644539,16526,0,29,99.82482633645424,0.9991233638644539,0.0,0.0,assemblies/Saimiri_sciureus__Aotus_azarai__d15__r2.fasta
Saimiri_sciureus,Aotus_azarai,same-order,20,1,2208,16541,1494.9976270198822,,99.9154334038055,0.999154334038055,1.0,0.9995769881556684,16541,0,14,99.9154334038055,0.9995769881556684,0.0,0.0,assemblies/Saimiri_sciureus__Aotus_azarai__d20__r1.fasta
Aotus_azarai,Homo_sapiens,same-order,3,0,332,254,177.50089263916016,,1.5329832820327116,0.015329832820327117,1.0,0.030196754443321643,254,0,16315,1.5329832820327116,0.030196754443321643,0.0,0.0,assemblies/Aotus_azarai__Homo_sapiens__d3__r0.fasta
Aotus_azarai,Homo_sapiens,same-order,4,1,442,245,172.23839020729065,,1.478664976763836,0.014786649767638362,1.0,0.02914238134887594,245,0,16324,1.478664976763836,0.02914238134887594,0.0,0.0,assemblies/Aotus_azarai__Homo_sapiens__d4__r1.fasta
Aotus_azarai,Homo_sapiens,same-order,6,0,663,550,172.2465376853943,,3.3194519886535097,0.033194519886535094,1.0,0.0642560897248671,550,0,16019,3.3194519886535097,0.0642560897248671,0.0,0.0,assemblies/Aotus_azarai__Homo_sapiens__d6__r0.fasta
Saimiri_sciureus,Varecia_variegata,same-order,7,1,792,2478,644.6781187057495,,14.606542882404952,0.14606542882404952,1.0,0.2548989353494831,2478,0,14487,14.606542882404952,0.2548989353494831,0.0,0.0,assemblies/Saimiri_sciureus__Varecia_variegata__d7__r1.fasta
Saimiri_sciureus,Aotus_azarai,same-order,20,2,2208,16530,1519.9329497814178,,99.84898822108124,0.9984898822108125,1.0,0.999244370560677,16530,0,25,99.84898822108124,0.999244370560677,0.0,0.0,assemblies/Saimiri_sciureus__Aotus_azarai__d20__r2.fasta
Saimiri_sciureus,Aotus_azarai,same-order,30,0,3311,16525,1505.9044239521027,,99.8187858652975,0.9981878586529749,1.0,0.9990931076178959,16525,0,30,99.8187858652975,0.9990931076178959,0.0,0.0,assemblies/Saimiri_sciureus__Aotus_azarai__d30__r0.fasta
Saimiri_sciureus,Aotus_azarai,same-order,30,1,3311,16545,1499.7395811080933,,99.9395952884325,0.9993959528843249,1.0,0.9996978851963746,16545,0,10,99.9395952884325,0.9996978851963746,0.0,0.0,assemblies/Saimiri_sciureus__Aotus_azarai__d30__r1.fasta
Aotus_azarai,Homo_sapiens,same-order,7,1,774,938,148.29905939102173,,5.661174482467258,0.05661174482467258,1.0,0.10715713714514194,938,0,15631,5.661174482467258,0.10715713714514194,0.0,0.0,assemblies/Aotus_azarai__Homo_sapiens__d7__r1.fasta
Saimiri_sciureus,Aotus_azarai,same-order,30,2,3311,16544,1515.5530459880829,,99.93355481727575,0.9993355481727575,1.0,0.9996676636756398,16544,0,11,99.93355481727575,0.9996676636756398,0.0,0.0,assemblies/Saimiri_sciureus__Aotus_azarai__d30__r2.fasta
Aotus_azarai,Homo_sapiens,same-order,4,2,442,519,257.2345623970032,,3.1323556038384934,0.031323556038384937,1.0,0.06074438202247191,519,0,16050,3.1323556038384934,0.06074438202247191,0.0,0.0,assemblies/Aotus_azarai__Homo_sapiens__d4__r2.fasta
Saimiri_sciureus,Varecia_variegata,same-order,7,0,792,2968,809.973685503006,,17.49484232242853,0.1749484232242853,1.0,0.2977976220338133,2968,0,13997,17.49484232242853,0.2977976220338133,0.0,0.0,assemblies/Saimiri_sciureus__Varecia_variegata__d7__r0.fasta
Aotus_azarai,Homo_sapiens,same-order,8,0,884,786,212.27084946632385,,4.74379866014847,0.047437986601484704,1.0,0.09057908383751082,786,0,15783,4.74379866014847,0.09057908383751082,0.0,0.0,assemblies/Aotus_azarai__Homo_sapiens__d8__r0.fasta
Aotus_azarai,Homo_sapiens,same-order,8,1,884,1161,238.22835755348206,,7.007061379684954,0.07007061379684953,1.0,0.13096446700507614,1161,0,15408,7.007061379684954,0.13096446700507614,0.0,0.0,assemblies/Aotus_azarai__Homo_sapiens__d8__r1.fasta
Aotus_azarai,Homo_sapiens,same-order,7,0,774,961,246.5158998966217,,5.7999879292654954,0.05799987929265496,1.0,0.1096406160867085,961,0,15608,5.7999879292654954,0.1096406160867085,0.0,0.0,assemblies/Aotus_azarai__Homo_sapiens__d7__r0.fasta
Aotus_azarai,Homo_sapiens,same-order,8,2,884,1145,251.8178255558014,,6.910495503651397,0.06910495503651397,1.0,0.12927627864965563,1145,0,15424,6.910495503651397,0.12927627864965563,0.0,0.0,assemblies/Aotus_azarai__Homo_sapiens__d8__r2.fasta
Aotus_azarai,Homo_sapiens,same-order,15,2,1657,3077,241.12274193763733,,18.57082503470336,0.18570825034703362,1.0,0.31324442634633004,3077,0,13492,18.57082503470336,0.31324442634633004,0.0,0.0,assemblies/Aotus_azarai__Homo_sapiens__d15__r2.fasta
Aotus_azarai,Homo_sapiens,same-order,6,2,663,443,308.36123919487,,2.6736676926790994,0.026736676926790996,1.0,0.0520808840818246,443,0,16126,2.6736676926790994,0.0520808840818246,0.0,0.0,assemblies/Aotus_azarai__Homo_sapiens__d6__r2.fasta
Aotus_azarai,Homo_sapiens,same-order,7,2,774,1649,297.6862711906433,,9.95232059870843,0.09952320598708432,1.0,0.18102975079591613,1649,0,14920,9.95232059870843,0.18102975079591613,0.0,0.0,assemblies/Aotus_azarai__Homo_sapiens__d7__r2.fasta
Aotus_azarai,Homo_sapiens,same-order,10,0,1105,2790,317.0993974208832,,16.838674633351438,0.1683867463335144,1.0,0.28823802882380284,2790,0,13779,16.838674633351438,0.28823802882380284,0.0,0.0,assemblies/Aotus_azarai__Homo_sapiens__d10__r0.fasta
Aotus_azarai,Homo_sapiens,same-order,6,1,663,887,347.1606767177582,,5.353370752610297,0.05353370752610297,1.0,0.10162694775435382,887,0,15682,5.353370752610297,0.10162694775435382,0.0,0.0,assemblies/Aotus_azarai__Homo_sapiens__d6__r1.fasta
Aotus_azarai,Homo_sapiens,same-order,20,0,2210,3102,265.13966131210327,,18.721709216005795,0.18721709216005794,1.0,0.315388134817752,3102,0,13467,18.721709216005795,0.315388134817752,0.0,0.0,assemblies/Aotus_azarai__Homo_sapiens__d20__r0.fasta
Aotus_azarai,Homo_sapiens,same-order,15,0,1657,3105,317.16454792022705,,18.739815317762087,0.18739815317762085,1.0,0.31564501372369624,3105,0,13464,18.739815317762087,0.31564501372369624,0.0,0.0,assemblies/Aotus_azarai__Homo_sapiens__d15__r0.fasta
Aotus_azarai,Homo_sapiens,same-order,15,1,1657,3102,285.4487826824188,,18.721709216005795,0.18721709216005794,1.0,0.315388134817752,3102,0,13467,18.721709216005795,0.315388134817752,0.0,0.0,assemblies/Aotus_azarai__Homo_sapiens__d15__r1.fasta
Aotus_azarai,Gorilla_gorilla,same-order,6,2,655,253,31.902803421020508,,1.5460767538499145,0.015460767538499145,1.0,0.030450743214780043,253,0,16111,1.5460767538499145,0.030450743214780043,0.0,0.0,assemblies/Aotus_azarai__Gorilla_gorilla__d6__r2.fasta
Saimiri_sciureus,Varecia_variegata,same-order,10,0,1131,6204,887.6373209953308,,36.56940760389036,0.36569407603890364,1.0,0.535543182701023,6204,0,10761,36.56940760389036,0.535543182701023,0.0,0.0,assemblies/Saimiri_sciureus__Varecia_variegata__d10__r0.fasta
Aotus_azarai,Homo_sapiens,same-order,20,2,2210,3097,276.5933120250702,,18.691532379745308,0.18691532379745307,1.0,0.31495982914675075,3097,0,13472,18.691532379745308,0.31495982914675075,0.0,0.0,assemblies/Aotus_azarai__Homo_sapiens__d20__r2.fasta
Aotus_azarai,Homo_sapiens,same-order,20,1,2210,3097,279.1554446220398,,18.691532379745308,0.18691532379745307,1.0,0.31495982914675075,3097,0,13472,18.691532379745308,0.31495982914675075,0.0,0.0,assemblies/Aotus_azarai__Homo_sapiens__d20__r1.fasta
Aotus_azarai,Gorilla_gorilla,same-order,5,0,546,559,164.40120887756348,,3.416035199217795,0.03416035199217795,1.0,0.06606393665425751,559,0,15805,3.416035199217795,0.06606393665425751,0.0,0.0,assemblies/Aotus_azarai__Gorilla_gorilla__d5__r0.fasta
Aotus_azarai,Homo_sapiens,same-order,30,0,3314,3092,263.05910897254944,,18.66135554348482,0.1866135554348482,1.0,0.31453130563043585,3092,0,13477,18.66135554348482,0.31453130563043585,0.0,0.0,assemblies/Aotus_azarai__Homo_sapiens__d30__r0.fasta
Aotus_azarai,Homo_sapiens,same-order,30,1,3314,3079,254.90113639831543,,18.582895769207557,0.18582895769207555,1.0,0.31341612377850164,3079,0,13490,18.582895769207557,0.31341612377850164,0.0,0.0,assemblies/Aotus_azarai__Homo_sapiens__d30__r1.fasta
Aotus_azarai,Gorilla_gorilla,same-order,10,0,1091,1025,144.5948362350464,,6.263749694451234,0.06263749694451234,1.0,0.11789062050721721,1025,0,15339,6.263749694451234,0.11789062050721721,0.0,0.0,assemblies/Aotus_azarai__Gorilla_gorilla__d10__r0.fasta
Saimiri_sciureus,Varecia_variegata,same-order,10,2,1131,7040,968.6194570064545,,41.497200117889776,0.4149720011788977,1.0,0.5865444699021037,7040,0,9925,41.497200117889776,0.5865444699021037,0.0,0.0,assemblies/Saimiri_sciureus__Varecia_variegata__d10__r2.fasta
Aotus_azarai,Homo_sapiens,same-order,30,2,3314,3098,264.20360684394836,,18.697567746997404,0.18697567746997404,1.0,0.3150455077032593,3098,0,13471,18.697567746997404,0.3150455077032593,0.0,0.0,assemblies/Aotus_azarai__Homo_sapiens__d30__r2.fasta
Aotus_azarai,Gorilla_gorilla,same-order,8,1,873,990,219.02655792236328,,6.049865558543144,0.06049865558543144,1.0,0.11409473320271984,990,0,15374,6.049865558543144,0.11409473320271984,0.0,0.0,assemblies/Aotus_azarai__Gorilla_gorilla__d8__r1.fasta
Aotus_azarai,Gorilla_gorilla,same-order,5,2,546,932,300.7496771812439,,5.695428990466879,0.05695428990466878,1.0,0.10777058279370952,932,0,15432,5.695428990466879,0.10777058279370952,0.0,0.0,assemblies/Aotus_azarai__Gorilla_gorilla__d5__r2.fasta
Aotus_azarai,Saimiri_boliviensis,same-order,6,2,659,668,82.01559782028198,,4.055612895391901,0.04055612895391901,1.0,0.07795087227959625,668,0,15803,4.055612895391901,0.07795087227959625,0.0,0.0,assemblies/Aotus_azarai__Saimiri_boliviensis__d6__r2.fasta
Aotus_azarai,Saimiri_boliviensis,same-order,7,2,769,660,97.3762366771698,,4.007042681075831,0.0400704268107583,1.0,0.07705329519584378,660,0,15811,4.007042681075831,0.07705329519584378,0.0,0.0,assemblies/Aotus_azarai__Saimiri_boliviensis__d7__r2.fasta
Aotus_azarai,Homo_sapiens,same-order,10,1,1105,3075,420.7696888446808,,18.558754300199165,0.18558754300199168,1.0,0.3130726939523519,3075,0,13494,18.558754300199165,0.3130726939523519,0.0,0.0,assemblies/Aotus_azarai__Homo_sapiens__d10__r1.fasta
Aotus_azarai,Homo_sapiens,same-order,10,2,1105,3048,417.77185583114624,,18.39579938439254,0.18395799384392542,1.0,0.3107508793393486,3048,0,13521,18.39579938439254,0.3107508793393486,0.0,0.0,assemblies/Aotus_azarai__Homo_sapiens__d10__r2.fasta
Aotus_azarai,Gorilla_gorilla,same-order,6,1,655,1078,305.70444536209106,,6.587631385969201,0.065876313859692,1.0,0.12360967778924434,1078,0,15286,6.587631385969201,0.12360967778924434,0.0,0.0,assemblies/Aotus_azarai__Gorilla_gorilla__d6__r1.fasta
Aotus_azarai,Gorilla_gorilla,same-order,8,2,873,1818,276.5879018306732,,11.109753116597409,0.1110975311659741,1.0,0.19997800021999781,1818,0,14546,11.109753116597409,0.19997800021999781,0.0,0.0,assemblies/Aotus_azarai__Gorilla_gorilla__d8__r2.fasta
Aotus_azarai,Saimiri_boliviensis,same-order,6,0,659,476,127.45075798034668,,2.889927751806205,0.02889927751806205,1.0,0.05617513424204874,476,0,15995,2.889927751806205,0.05617513424204874,0.0,0.0,assemblies/Aotus_azarai__Saimiri_boliviensis__d6__r0.fasta
Aotus_azarai,Gorilla_gorilla,same-order,7,0,764,1698,329.47251200675964,,10.37643607919824,0.1037643607919824,1.0,0.18801904550991028,1698,0,14666,10.37643607919824,0.18801904550991028,0.0,0.0,assemblies/Aotus_azarai__Gorilla_gorilla__d7__r0.fasta
Aotus_azarai,Saimiri_boliviensis,same-order,7,1,769,550,123.89778518676758,,3.3392022342298584,0.033392022342298586,1.0,0.06462605017331532,550,0,15921,3.3392022342298584,0.06462605017331532,0.0,0.0,assemblies/Aotus_azarai__Saimiri_boliviensis__d7__r1.fasta
Aotus_azarai,Saimiri_boliviensis,same-order,8,0,879,650,122.01083278656006,,3.946329913180742,0.03946329913180742,1.0,0.07593014426727411,650,0,15821,3.946329913180742,0.07593014426727411,0.0,0.0,assemblies/Aotus_azarai__Saimiri_boliviensis__d8__r0.fasta
Aotus_azarai,Saimiri_boliviensis,same-order,8,1,879,699,124.55157113075256,,4.243822475866675,0.04243822475866675,1.0,0.08142108328479908,699,0,15772,4.243822475866675,0.08142108328479908,0.0,0.0,assemblies/Aotus_azarai__Saimiri_boliviensis__d8__r1.fasta
Aotus_azarai,Gorilla_gorilla,same-order,7,2,764,1458,328.20817136764526,,8.909802004399902,0.08909802004399903,1.0,0.1636180002244417,1458,0,14906,8.909802004399902,0.1636180002244417,0.0,0.0,assemblies/Aotus_azarai__Gorilla_gorilla__d7__r2.fasta
Aotus_azarai,Saimiri_sciureus,same-order,6,2,659,235,34.16664528846741,,1.426490227024402,0.014264902270244021,1.0,0.028128553474175592,235,0,16239,1.426490227024402,0.028128553474175592,0.0,0.0,assemblies/Aotus_azarai__Saimiri_sciureus__d6__r2.fasta
Aotus_azarai,Gorilla_gorilla,same-order,10,1,1091,3421,359.64586305618286,,20.905646541187973,0.20905646541187975,1.0,0.3458175385392974,3421,0,12943,20.905646541187973,0.3458175385392974,0.0,0.0,assemblies/Aotus_azarai__Gorilla_gorilla__d10__r1.fasta
Aotus_azarai,Gorilla_gorilla,same-order,8,0,873,2358,376.2368974685669,,14.409679784893669,0.1440967978489367,1.0,0.25189616493964323,2358,0,14006,14.409679784893669,0.25189616493964323,0.0,0.0,assemblies/Aotus_azarai__Gorilla_gorilla__d8__r0.fasta
Aotus_azarai,Saimiri_sciureus,same-order,6,1,659,546,123.96051931381226,,3.3143134636396745,0.033143134636396746,1.0,0.06415981198589893,546,0,15928,3.3143134636396745,0.06415981198589893,0.0,0.0,assemblies/Aotus_azarai__Saimiri_sciureus__d6__r1.fasta
Aotus_azarai,Saimiri_sciureus,same-order,5,0,550,950,176.99166059494019,,5.766662619885881,0.05766662619885881,1.0,0.10904499540863179,950,0,15524,5.766662619885881,0.10904499540863179,0.0,0.0,assemblies/Aotus_azarai__Saimiri_sciureus__d5__r0.fasta
Aotus_azarai,Saimiri_boliviensis,same-order,8,2,879,2301,309.84325075149536,,13.970007892659826,0.13970007892659828,1.0,0.24515235457063714,2301,0,14170,13.970007892659826,0.24515235457063714,0.0,0.0,assemblies/Aotus_azarai__Saimiri_boliviensis__d8__r2.fasta
Aotus_azarai,Gorilla_gorilla,same-order,10,2,1091,5850,596.7506954669952,,35.74920557320949,0.35749205573209486,1.0,0.5266948771045287,5850,0,10514,35.74920557320949,0.5266948771045287,0.0,0.0,assemblies/Aotus_azarai__Gorilla_gorilla__d10__r2.fasta
Aotus_azarai,Saimiri_boliviensis,same-order,10,2,1099,2735,347.72012400627136,,16.60494201930666,0.1660494201930666,1.0,0.28480683119858374,2735,0,13736,16.60494201930666,0.28480683119858374,0.0,0.0,assemblies/Aotus_azarai__Saimiri_boliviensis__d10__r2.fasta
Saimiri_sciureus,Varecia_variegata,same-order,15,0,1697,16383,1563.4671084880829,,96.56940760389037,0.9656940760389037,1.0,0.9825476790212306,16383,0,582,96.56940760389037,0.9825476790212306,0.0,0.0,assemblies/Saimiri_sciureus__Varecia_variegata__d15__r0.fasta
Aotus_azarai,Saimiri_sciureus,same-order,7,0,769,1151,215.51682353019714,,6.986767026830156,0.06986767026830157,1.0,0.13060992907801416,1151,0,15323,6.986767026830156,0.13060992907801416,0.0,0.0,assemblies/Aotus_azarai__Saimiri_sciureus__d7__r0.fasta
Aotus_azarai,Saimiri_boliviensis,same-order,10,1,1099,3750,493.9615173339844,,22.767287960658127,0.22767287960658125,1.0,0.3709015380050443,3750,0,12721,22.767287960658127,0.3709015380050443,0.0,0.0,assemblies/Aotus_azarai__Saimiri_boliviensis__d10__r1.fasta
Aotus_azarai,Saimiri_sciureus,same-order,7,2,769,1168,244.08807063102722,,7.08995993687022,0.0708995993687022,1.0,0.13241129123682122,1168,0,15306,7.08995993687022,0.13241129123682122,0.0,0.0,assemblies/Aotus_azarai__Saimiri_sciureus__d7__r2.fasta
Aotus_azarai,Saimiri_sciureus,same-order,7,1,769,2327,287.885005235672,,14.125288333130994,0.14125288333130995,1.0,0.24754002446678366,2327,0,14147,14.125288333130994,0.24754002446678366,0.0,0.0,assemblies/Aotus_azarai__Saimiri_sciureus__d7__r1.fasta
Aotus_azarai,Saimiri_sciureus,same-order,10,0,1099,2689,251.6947684288025,,16.322690299866455,0.16322690299866457,1.0,0.28064499295517403,2689,0,13785,16.322690299866455,0.28064499295517403,0.0,0.0,assemblies/Aotus_azarai__Saimiri_sciureus__d10__r0.fasta
Aotus_azarai,Saimiri_sciureus,same-order,10,1,1099,1315,260.9131042957306,,7.982275100157825,0.07982275100157825,1.0,0.147844173365563,1315,0,15159,7.982275100157825,0.147844173365563,0.0,0.0,assemblies/Aotus_azarai__Saimiri_sciureus__d10__r1.fasta
Aotus_azarai,Saimiri_sciureus,same-order,8,0,879,2625,410.0722222328186,,15.934199344421513,0.15934199344421512,1.0,0.27488350175401854,2625,0,13849,15.934199344421513,0.27488350175401854,0.0,0.0,assemblies/Aotus_azarai__Saimiri_sciureus__d8__r0.fasta
Aotus_azarai,Varecia_variegata,same-order,4,0,453,295,166.22595810890198,,1.7388741526672562,0.017388741526672562,1.0,0.034183082271147164,295,0,16670,1.7388741526672562,0.034183082271147164,0.0,0.0,assemblies/Aotus_azarai__Varecia_variegata__d4__r0.fasta
Aotus_azarai,Gorilla_gorilla,same-order,15,2,1637,16316,1344.7544639110565,,99.70667318504033,0.9970667318504033,1.0,0.998531211750306,16316,0,48,99.70667318504033,0.998531211750306,0.0,0.0,assemblies/Aotus_azarai__Gorilla_gorilla__d15__r2.fasta
Aotus_azarai,Saimiri_boliviensis,same-order,15,2,1648,10831,1048.9042778015137,,65.75799890717018,0.6575799890717018,1.0,0.7934217273459819,10831,0,5640,65.75799890717018,0.7934217273459819,0.0,0.0,assemblies/Aotus_azarai__Saimiri_boliviensis__d15__r2.fasta
Aotus_azarai,Saimiri_sciureus,same-order,15,0,1648,5842,619.6710720062256,,35.46194002670875,0.35461940026708755,1.0,0.5235705323534684,5842,0,10632,35.46194002670875,0.5235705323534684,0.0,0.0,assemblies/Aotus_azarai__Saimiri_sciureus__d15__r0.fasta
Aotus_azarai,Varecia_variegata,same-order,8,1,905,916,134.33647227287292,,5.399351606248158,0.05399351606248158,1.0,0.10245511995973379,916,0,16049,5.399351606248158,0.10245511995973379,0.0,0.0,assemblies/Aotus_azarai__Varecia_variegata__d8__r1.fasta
Aotus_azarai,Saimiri_boliviensis,same-order,10,0,1099,7029,1184.9463720321655,,42.67500455345759,0.4267500455345759,1.0,0.5982127659574468,7029,0,9442,42.67500455345759,0.5982127659574468,0.0,0.0,assemblies/Aotus_azarai__Saimiri_boliviensis__d10__r0.fasta
Aotus_azarai,Varecia_variegata,same-order,7,2,792,743,147.533442735672,,4.379605069260242,0.043796050692602416,1.0,0.08391687372938784,743,0,16222,4.379605069260242,0.08391687372938784,0.0,0.0,assemblies/Aotus_azarai__Varecia_variegata__d7__r2.fasta
Aotus_azarai,Varecia_variegata,same-order,7,1,792,1148,232.79598569869995,,6.766872973769526,0.06766872973769525,1.0,0.12675978578921215,1148,0,15817,6.766872973769526,0.12675978578921215,0.0,0.0,assemblies/Aotus_azarai__Varecia_variegata__d7__r1.fasta
Aotus_azarai,Gorilla_gorilla,same-order,20,1,2182,16334,1455.539640903473,,99.81667074065021,0.998166707406502,1.0,0.9990825126919077,16334,0,30,99.81667074065021,0.9990825126919077,0.0,0.0,assemblies/Aotus_azarai__Gorilla_gorilla__d20__r1.fasta
Aotus_azarai,Saimiri_sciureus,same-order,8,2,879,4124,744.7035727500916,,25.03338594148355,0.2503338594148355,1.0,0.40042722594426644,4124,0,12350,25.03338594148355,0.40042722594426644,0.0,0.0,assemblies/Aotus_azarai__Saimiri_sciureus__d8__r2.fasta
Aotus_azarai,Saimiri_sciureus,same-order,8,1,879,3682,664.6837809085846,,22.350370280441908,0.22350370280441909,1.0,0.3653502679102997,3682,0,12792,22.350370280441908,0.3653502679102997,0.0,0.0,assemblies/Aotus_azarai__Saimiri_sciureus__d8__r1.fasta
Aotus_azarai,Varecia_variegata,same-order,8,2,905,1039,233.86384558677673,,6.124373710580607,0.06124373710580607,1.0,0.11541879582315041,1039,0,15926,6.124373710580607,0.11541879582315041,0.0,0.0,assemblies/Aotus_azarai__Varecia_variegata__d8__r2.fasta
Aotus_azarai,Gorilla_gorilla,same-order,20,2,2182,16348,1487.4696063995361,,99.90222439501345,0.9990222439501344,1.0,0.9995108828564441,16348,0,16,99.90222439501345,0.9995108828564441,0.0,0.0,assemblies/Aotus_azarai__Gorilla_gorilla__d20__r2.fasta
Aotus_azarai,Varecia_variegata,same-order,6,2,679,1228,313.0870785713196,,7.238432066018273,0.07238432066018273,1.0,0.1349969768592316,1228,0,15737,7.238432066018273,0.1349969768592316,0.0,0.0,assemblies/Aotus_azarai__Varecia_variegata__d6__r2.fasta
Varecia_variegata,Homo_sapiens,same-order,8,0,884,154,21.69404172897339,,0.9294465568229827,0.009294465568229826,1.0,0.018417748011720383,154,0,16415,0.9294465568229827,0.018417748011720383,0.0,0.0,assemblies/Varecia_variegata__Homo_sapiens__d8__r0.fasta
Varecia_variegata,Homo_sapiens,same-order,7,2,774,371,107.82132720947266,,2.2391212505280946,0.022391212505280946,1.0,0.04380165289256198,371,0,16198,2.2391212505280946,0.04380165289256198,0.0,0.0,assemblies/Varecia_variegata__Homo_sapiens__d7__r2.fasta
Aotus_azarai,Saimiri_boliviensis,same-order,20,0,2197,16446,1464.2076592445374,,99.84821808026228,0.9984821808026227,1.0,0.9992405140201112,16446,0,25,99.84821808026228,0.9992405140201112,0.0,0.0,assemblies/Aotus_azarai__Saimiri_boliviensis__d20__r0.fasta
Aotus_azarai,Saimiri_boliviensis,same-order,20,2,2197,16436,1502.9271919727325,,99.78750531236719,0.9978750531236719,1.0,0.9989363965113806,16436,0,35,99.78750531236719,0.9989363965113806,0.0,0.0,assemblies/Aotus_azarai__Saimiri_boliviensis__d20__r2.fasta
Aotus_azarai,Varecia_variegata,same-order,6,1,679,1786,389.62139797210693,,10.527556734453286,0.10527556734453286,1.0,0.19049650685296782,1786,0,15179,10.527556734453286,0.19049650685296782,0.0,0.0,assemblies/Aotus_azarai__Varecia_variegata__d6__r1.fasta
Aotus_azarai,Saimiri_boliviensis,same-order,20,1,2197,16442,1490.7112221717834,,99.82393297310425,0.9982393297310425,1.0,0.9991188891927203,16442,0,29,99.82393297310425,0.9991188891927203,0.0,0.0,assemblies/Aotus_azarai__Saimiri_boliviensis__d20__r1.fasta
Aotus_azarai,Saimiri_boliviensis,same-order,30,0,3295,16435,1495.9232113361359,,99.78143403557767,0.9978143403557769,1.0,0.998905974594299,16435,0,36,99.78143403557767,0.998905974594299,0.0,0.0,assemblies/Aotus_azarai__Saimiri_boliviensis__d30__r0.fasta
Aotus_azarai,Varecia_variegata,same-order,6,0,679,1321,440.429744720459,,7.786619510757442,0.07786619510757442,1.0,0.1444821174669146,1321,0,15644,7.786619510757442,0.1444821174669146,0.0,0.0,assemblies/Aotus_azarai__Varecia_variegata__d6__r0.fasta
Aotus_azarai,Varecia_variegata,same-order,8,0,905,1699,398.2625136375427,,10.014736221632774,0.10014736221632774,1.0,0.18206172310330046,1699,0,15266,10.014736221632774,0.18206172310330046,0.0,0.0,assemblies/Aotus_azarai__Varecia_variegata__d8__r0.fasta
Varecia_variegata,Homo_sapiens,same-order,8,1,884,1161,231.82439517974854,,7.007061379684954,0.07007061379684953,1.0,0.13096446700507614,1161,0,15408,7.007061379684954,0.13096446700507614,0.0,0.0,assemblies/Varecia_variegata__Homo_sapiens__d8__r1.fasta
Aotus_azarai,Varecia_variegata,same-order,10,1,1131,2582,403.20744252204895,,15.219569702328323,0.15219569702328323,1.0,0.2641837622141505,2582,0,14383,15.219569702328323,0.2641837622141505,0.0,0.0,assemblies/Aotus_azarai__Varecia_variegata__d10__r1.fasta
Varecia_variegata,Homo_sapiens,same-order,7,0,774,961,251.9839370250702,,5.7999879292654954,0.05799987929265496,1.0,0.1096406160867085,961,0,15608,5.7999879292654954,0.1096406160867085,0.0,0.0,assemblies/Varecia_variegata__Homo_sapiens__d7__r0.fasta
Varecia_variegata,Homo_sapiens,same-order,10,2,1105,1840,223.9183943271637,,11.105075743859015,0.11105075743859014,1.0,0.19990222173936661,1840,0,14729,11.105075743859015,0.19990222173936661,0.0,0.0,assemblies/Varecia_variegata__Homo_sapiens__d10__r2.fasta
Varecia_variegata,Homo_sapiens,same-order,6,1,663,1033,302.78706312179565,,6.234534371416501,0.06234534371416501,1.0,0.11737302579252358,1033,0,15536,6.234534371416501,0.11737302579252358,0.0,0.0,assemblies/Varecia_variegata__Homo_sapiens__d6__r1.fasta
Varecia_variegata,Homo_sapiens,same-order,10,0,1105,2790,253.60904383659363,,16.838674633351438,0.1683867463335144,1.0,0.28823802882380284,2790,0,13779,16.838674633351438,0.28823802882380284,0.0,0.0,assemblies/Varecia_variegata__Homo_sapiens__d10__r0.fasta
Aotus_azarai,Saimiri_sciureus,same-order,10,2,1099,8716,1260.3826982975006,,52.90761199465825,0.5290761199465825,1.0,0.6920206431123462,8716,0,7758,52.90761199465825,0.6920206431123462,0.0,0.0,assemblies/Aotus_azarai__Saimiri_sciureus__d10__r2.fasta
Varecia_variegata,Homo_sapiens,same-order,20,1,2210,3097,205.28218245506287,,18.691532379745308,0.18691532379745307,1.0,0.31495982914675075,3097,0,13472,18.691532379745308,0.31495982914675075,0.0,0.0,assemblies/Varecia_variegata__Homo_sapiens__d20__r1.fasta
Varecia_variegata,Homo_sapiens,same-order,8,2,884,1323,247.60198283195496,,7.984790874524715,0.07984790874524715,1.0,0.147887323943662,1323,0,15246,7.984790874524715,0.147887323943662,0.0,0.0,assemblies/Varecia_variegata__Homo_sapiens__d8__r2.fasta
Varecia_variegata,Homo_sapiens,same-order,15,1,1657,3102,270.4694719314575,,18.721709216005795,0.18721709216005794,1.0,0.315388134817752,3102,0,13467,18.721709216005795,0.315388134817752,0.0,0.0,assemblies/Varecia_variegata__Homo_sapiens__d15__r1.fasta
Varecia_variegata,Homo_sapiens,same-order,20,0,2210,3102,242.75857877731323,,18.721709216005795,0.18721709216005794,1.0,0.315388134817752,3102,0,13467,18.721709216005795,0.315388134817752,0.0,0.0,assemblies/Varecia_variegata__Homo_sapiens__d20__r0.fasta
Varecia_variegata,Gorilla_gorilla,same-order,6,2,655,249,33.00856685638428,,1.5216328526032754,0.015216328526032755,1.0,0.02997652440859568,249,0,16115,1.5216328526032754,0.02997652440859568,0.0,0.0,assemblies/Varecia_variegata__Gorilla_gorilla__d6__r2.fasta
Varecia_variegata,Homo_sapiens,same-order,15,0,1657,3105,289.10695815086365,,18.739815317762087,0.18739815317762085,1.0,0.31564501372369624,3105,0,13464,18.739815317762087,0.31564501372369624,0.0,0.0,assemblies/Varecia_variegata__Homo_sapiens__d15__r0.fasta
Varecia_variegata,Homo_sapiens,same-order,6,2,663,1122,417.5617678165436,,6.77168205685316,0.0677168205685316,1.0,0.1268441580464643,1122,0,15447,6.77168205685316,0.1268441580464643,0.0,0.0,assemblies/Varecia_variegata__Homo_sapiens__d6__r2.fasta
Varecia_variegata,Homo_sapiens,same-order,30,2,3314,3098,207.8008964061737,,18.697567746997404,0.18697567746997404,1.0,0.3150455077032593,3098,0,13471,18.697567746997404,0.3150455077032593,0.0,0.0,assemblies/Varecia_variegata__Homo_sapiens__d30__r2.fasta
Varecia_variegata,Homo_sapiens,same-order,15,2,1657,3077,260.69665932655334,,18.57082503470336,0.18570825034703362,1.0,0.31324442634633004,3077,0,13492,18.57082503470336,0.31324442634633004,0.0,0.0,assemblies/Varecia_variegata__Homo_sapiens__d15__r2.fasta
Varecia_variegata,Homo_sapiens,same-order,30,1,3314,3079,237.72805881500244,,18.582895769207557,0.18582895769207555,1.0,0.31341612377850164,3079,0,13490,18.582895769207557,0.31341612377850164,0.0,0.0,assemblies/Varecia_variegata__Homo_sapiens__d30__r1.fasta
Varecia_variegata,Homo_sapiens,same-order,20,2,2210,3097,253.5491750240326,,18.691532379745308,0.18691532379745307,1.0,0.31495982914675075,3097,0,13472,18.691532379745308,0.31495982914675075,0.0,0.0,assemblies/Varecia_variegata__Homo_sapiens__d20__r2.fasta
Varecia_variegata,Homo_sapiens,same-order,10,1,1105,3075,334.1383934020996,,18.558754300199165,0.18558754300199168,1.0,0.3130726939523519,3075,0,13494,18.558754300199165,0.3130726939523519,0.0,0.0,assemblies/Varecia_variegata__Homo_sapiens__d10__r1.fasta
Varecia_variegata,Homo_sapiens,same-order,30,0,3314,3092,248.97896099090576,,18.66135554348482,0.1866135554348482,1.0,0.31453130563043585,3092,0,13477,18.66135554348482,0.31453130563043585,0.0,0.0,assemblies/Varecia_variegata__Homo_sapiens__d30__r0.fasta
Varecia_variegata,Gorilla_gorilla,same-order,10,0,1091,1025,128.750901222229,,6.263749694451234,0.06263749694451234,1.0,0.11789062050721721,1025,0,15339,6.263749694451234,0.11789062050721721,0.0,0.0,assemblies/Varecia_variegata__Gorilla_gorilla__d10__r0.fasta
Aotus_azarai,Varecia_variegata,same-order,10,0,1131,6204,798.6252665519714,,36.56940760389036,0.36569407603890364,1.0,0.535543182701023,6204,0,10761,36.56940760389036,0.535543182701023,0.0,0.0,assemblies/Aotus_azarai__Varecia_variegata__d10__r0.fasta
Varecia_variegata,Gorilla_gorilla,same-order,8,0,873,272,197.1837558746338,,1.6621852847714496,0.016621852847714495,1.0,0.03270016830968983,272,0,16092,1.6621852847714496,0.03270016830968983,0.0,0.0,assemblies/Varecia_variegata__Gorilla_gorilla__d8__r0.fasta
Varecia_variegata,Gorilla_gorilla,same-order,8,1,873,990,211.3788833618164,,6.049865558543144,0.06049865558543144,1.0,0.11409473320271984,990,0,15374,6.049865558543144,0.11409473320271984,0.0,0.0,assemblies/Varecia_variegata__Gorilla_gorilla__d8__r1.fasta
Varecia_variegata,Gorilla_gorilla,same-order,7,1,764,738,222.87120151519775,,4.509899780004889,0.04509899780004889,1.0,0.08630569524032278,738,0,15626,4.509899780004889,0.08630569524032278,0.0,0.0,assemblies/Varecia_variegata__Gorilla_gorilla__d7__r1.fasta
Varecia_variegata,Homo_sapiens,same-order,6,0,663,2463,504.5360369682312,,14.865109541915626,0.14865109541915625,1.0,0.25882723833543503,2463,0,14106,14.865109541915626,0.25882723833543503,0.0,0.0,assemblies/Varecia_variegata__Homo_sapiens__d6__r0.fasta
Aotus_azarai,Varecia_variegata,same-order,10,2,1131,7040,931.6519725322723,,41.497200117889776,0.4149720011788977,1.0,0.5865444699021037,7040,0,9925,41.497200117889776,0.5865444699021037,0.0,0.0,assemblies/Aotus_azarai__Varecia_variegata__d10__r2.fasta
Varecia_variegata,Gorilla_gorilla,same-order,6,1,655,1078,296.7410418987274,,6.587631385969201,0.065876313859692,1.0,0.12360967778924434,1078,0,15286,6.587631385969201,0.12360967778924434,0.0,0.0,assemblies/Varecia_variegata__Gorilla_gorilla__d6__r1.fasta
Varecia_variegata,Gorilla_gorilla,same-order,8,2,873,1659,264.38255977630615,,10.13810804204351,0.1013810804204351,1.0,0.18409809687621373,1659,0,14705,10.13810804204351,0.18409809687621373,0.0,0.0,assemblies/Varecia_variegata__Gorilla_gorilla__d8__r2.fasta
Varecia_variegata,Saimiri_boliviensis,same-order,4,0,440,224,83.07070684432983,,1.3599660008499788,0.013599660008499787,1.0,0.026834381551362682,224,0,16247,1.3599660008499788,0.026834381551362682,0.0,0.0,assemblies/Varecia_variegata__Saimiri_boliviensis__d4__r0.fasta
Varecia_variegata,Saimiri_boliviensis,same-order,6,2,659,258,53.45029282569885,,1.566389411693279,0.01566389411693279,1.0,0.03084464104250105,258,0,16213,1.566389411693279,0.03084464104250105,0.0,0.0,assemblies/Varecia_variegata__Saimiri_boliviensis__d6__r2.fasta
Varecia_variegata,Saimiri_boliviensis,same-order,6,1,659,552,101.0152645111084,,3.351344787808876,0.03351344787808876,1.0,0.06485343358984903,552,0,15919,3.351344787808876,0.06485343358984903,0.0,0.0,assemblies/Varecia_variegata__Saimiri_boliviensis__d6__r1.fasta
Varecia_variegata,Saimiri_boliviensis,same-order,6,0,659,256,127.96620774269104,,1.5542468581142614,0.015542468581142613,1.0,0.03060919471513122,256,0,16215,1.5542468581142614,0.03060919471513122,0.0,0.0,assemblies/Varecia_variegata__Saimiri_boliviensis__d6__r0.fasta
Varecia_variegata,Gorilla_gorilla,same-order,10,1,1091,6030,643.6084201335907,,36.849181129308235,0.3684918112930824,1.0,0.5385371081539698,6030,0,10334,36.849181129308235,0.5385371081539698,0.0,0.0,assemblies/Varecia_variegata__Gorilla_gorilla__d10__r1.fasta
Varecia_variegata,Saimiri_boliviensis,same-order,8,1,879,233,84.45180130004883,,1.4146074919555582,0.014146074919555583,1.0,0.02789750957854406,233,0,16238,1.4146074919555582,0.02789750957854406,0.0,0.0,assemblies/Varecia_variegata__Saimiri_boliviensis__d8__r1.fasta
Varecia_variegata,Gorilla_gorilla,same-order,10,2,1091,5850,799.0346791744232,,35.74920557320949,0.35749205573209486,1.0,0.5266948771045287,5850,0,10514,35.74920557320949,0.5266948771045287,0.0,0.0,assemblies/Varecia_variegata__Gorilla_gorilla__d10__r2.fasta
Varecia_variegata,Saimiri_boliviensis,same-order,8,0,879,650,169.5677297115326,,3.946329913180742,0.03946329913180742,1.0,0.07593014426727411,650,0,15821,3.946329913180742,0.07593014426727411,0.0,0.0,assemblies/Varecia_variegata__Saimiri_boliviensis__d8__r0.fasta
Aotus_azarai,Varecia_variegata,same-order,30,2,3393,16935,1597.2763957977295,,99.82316534040672,0.9982316534040672,1.0,0.9991150442477876,16935,0,30,99.82316534040672,0.9991150442477876,0.0,0.0,assemblies/Aotus_azarai__Varecia_variegata__d30__r2.fasta
Varecia_variegata,Saimiri_boliviensis,same-order,5,0,550,244,288.9665732383728,,1.4813915366401553,0.014813915366401554,1.0,0.02919533353275501,244,0,16227,1.4813915366401553,0.02919533353275501,0.0,0.0,assemblies/Varecia_variegata__Saimiri_boliviensis__d5__r0.fasta
Varecia_variegata,Gorilla_gorilla,same-order,7,2,764,3881,961.7511677742004,,23.716695184551455,0.23716695184551453,1.0,0.38340330945912565,3881,0,12483,23.716695184551455,0.38340330945912565,0.0,0.0,assemblies/Varecia_variegata__Gorilla_gorilla__d7__r2.fasta
Varecia_variegata,Saimiri_boliviensis,same-order,7,1,769,1733,381.68727707862854,,10.521522676218808,0.10521522676218809,1.0,0.1903977147879587,1733,0,14738,10.521522676218808,0.1903977147879587,0.0,0.0,assemblies/Varecia_variegata__Saimiri_boliviensis__d7__r1.fasta
Varecia_variegata,Saimiri_boliviensis,same-order,10,2,1099,2593,328.4203782081604,,15.742820715196405,0.15742820715196407,1.0,0.272031053294167,2593,0,13878,15.742820715196405,0.272031053294167,0.0,0.0,assemblies/Varecia_variegata__Saimiri_boliviensis__d10__r2.fasta
Varecia_variegata,Saimiri_boliviensis,same-order,10,1,1099,3750,404.52540373802185,,22.767287960658127,0.22767287960658125,1.0,0.3709015380050443,3750,0,12721,22.767287960658127,0.3709015380050443,0.0,0.0,assemblies/Varecia_variegata__Saimiri_boliviensis__d10__r1.fasta
Varecia_variegata,Saimiri_boliviensis,same-order,8,2,879,2301,516.1742639541626,,13.970007892659826,0.13970007892659828,1.0,0.24515235457063714,2301,0,14170,13.970007892659826,0.24515235457063714,0.0,0.0,assemblies/Varecia_variegata__Saimiri_boliviensis__d8__r2.fasta
Varecia_variegata,Gorilla_gorilla,same-order,15,2,1637,16316,1489.4383554458618,,99.70667318504033,0.9970667318504033,1.0,0.998531211750306,16316,0,48,99.70667318504033,0.998531211750306,0.0,0.0,assemblies/Varecia_variegata__Gorilla_gorilla__d15__r2.fasta
Varecia_variegata,Gorilla_gorilla,same-order,15,1,1637,16331,1518.4431865215302,,99.79833781471523,0.9979833781471523,1.0,0.9989906713564766,16331,0,33,99.79833781471523,0.9989906713564766,0.0,0.0,assemblies/Varecia_variegata__Gorilla_gorilla__d15__r1.fasta
Varecia_variegata,Saimiri_boliviensis,same-order,7,2,769,1276,585.1436643600464,,7.746949183413272,0.07746949183413272,1.0,0.1437989519355384,1276,0,15195,7.746949183413272,0.1437989519355384,0.0,0.0,assemblies/Varecia_variegata__Saimiri_boliviensis__d7__r2.fasta
Varecia_variegata,Gorilla_gorilla,same-order,15,0,1637,16341,1600.9707098007202,,99.85944756783182,0.9985944756783183,1.0,0.9992967436171839,16341,0,23,99.85944756783182,0.9992967436171839,0.0,0.0,assemblies/Varecia_variegata__Gorilla_gorilla__d15__r0.fasta
Varecia_variegata,Gorilla_gorilla,same-order,20,0,2182,16330,1497.601289510727,,99.79222683940357,0.9979222683940356,1.0,0.9989600538325075,16330,0,34,99.79222683940357,0.9989600538325075,0.0,0.0,assemblies/Varecia_variegata__Gorilla_gorilla__d20__r0.fasta
Varecia_variegata,Gorilla_gorilla,same-order,20,1,2182,16334,1447.9010486602783,,99.81667074065021,0.998166707406502,1.0,0.9990825126919077,16334,0,30,99.81667074065021,0.9990825126919077,0.0,0.0,assemblies/Varecia_variegata__Gorilla_gorilla__d20__r1.fasta
Varecia_variegata,Gorilla_gorilla,same-order,20,2,2182,16348,1434.6901092529297,,99.90222439501345,0.9990222439501344,1.0,0.9995108828564441,16348,0,16,99.90222439501345,0.9995108828564441,0.0,0.0,assemblies/Varecia_variegata__Gorilla_gorilla__d20__r2.fasta
Varecia_variegata,Gorilla_gorilla,same-order,30,0,3273,16358,1437.140120267868,,99.96333414813004,0.9996333414813005,1.0,0.9998166371248702,16358,0,6,99.96333414813004,0.9998166371248702,0.0,0.0,assemblies/Varecia_variegata__Gorilla_gorilla__d30__r0.fasta
Varecia_variegata,Gorilla_gorilla,same-order,30,1,3273,16357,1456.2367837429047,,99.95722317281839,0.9995722317281838,1.0,0.9997860701078817,16357,0,7,99.95722317281839,0.9997860701078817,0.0,0.0,assemblies/Varecia_variegata__Gorilla_gorilla__d30__r1.fasta
Varecia_variegata,Gorilla_gorilla,same-order,30,2,3273,16340,1438.6241867542267,,99.85333659252017,0.9985333659252017,1.0,0.9992661448140899,16340,0,24,99.85333659252017,0.9992661448140899,0.0,0.0,assemblies/Varecia_variegata__Gorilla_gorilla__d30__r2.fasta
Varecia_variegata,Saimiri_sciureus,same-order,6,2,659,235,69.43152594566345,,1.426490227024402,0.014264902270244021,1.0,0.028128553474175592,235,0,16239,1.426490227024402,0.028128553474175592,0.0,0.0,assemblies/Varecia_variegata__Saimiri_sciureus__d6__r2.fasta
Varecia_variegata,Saimiri_sciureus,same-order,5,2,550,464,180.8614890575409,,2.8165594269758407,0.02816559426975841,1.0,0.05478805053725351,464,0,16010,2.8165594269758407,0.05478805053725351,0.0,0.0,assemblies/Varecia_variegata__Saimiri_sciureus__d5__r2.fasta
Varecia_variegata,Saimiri_sciureus,same-order,8,1,879,856,134.1606945991516,,5.19606652907612,0.051960665290761196,1.0,0.09878822850548181,856,0,15618,5.19606652907612,0.09878822850548181,0.0,0.0,assemblies/Varecia_variegata__Saimiri_sciureus__d8__r1.fasta
Varecia_variegata,Saimiri_sciureus,same-order,5,0,550,950,219.86321878433228,,5.766662619885881,0.05766662619885881,1.0,0.10904499540863179,950,0,15524,5.766662619885881,0.10904499540863179,0.0,0.0,assemblies/Varecia_variegata__Saimiri_sciureus__d5__r0.fasta
Varecia_variegata,Saimiri_sciureus,same-order,7,1,769,2327,287.33921003341675,,14.125288333130994,0.14125288333130995,1.0,0.24754002446678366,2327,0,14147,14.125288333130994,0.24754002446678366,0.0,0.0,assemblies/Varecia_variegata__Saimiri_sciureus__d7__r1.fasta
Varecia_variegata,Saimiri_sciureus,same-order,10,1,1099,1315,255.10405206680298,,7.982275100157825,0.07982275100157825,1.0,0.147844173365563,1315,0,15159,7.982275100157825,0.147844173365563,0.0,0.0,assemblies/Varecia_variegata__Saimiri_sciureus__d10__r1.fasta
Varecia_variegata,Saimiri_sciureus,same-order,7,2,769,956,267.8484778404236,,5.803083646958844,0.05803083646958844,1.0,0.10969592656339643,956,0,15518,5.803083646958844,0.10969592656339643,0.0,0.0,assemblies/Varecia_variegata__Saimiri_sciureus__d7__r2.fasta
Varecia_variegata,Saimiri_sciureus,same-order,10,0,1099,2689,331.3997914791107,,16.322690299866455,0.16322690299866457,1.0,0.28064499295517403,2689,0,13785,16.322690299866455,0.28064499295517403,0.0,0.0,assemblies/Varecia_variegata__Saimiri_sciureus__d10__r0.fasta
Varecia_variegata,Saimiri_boliviensis,same-order,10,0,1099,7029,1167.509220123291,,42.67500455345759,0.4267500455345759,1.0,0.5982127659574468,7029,0,9442,42.67500455345759,0.5982127659574468,0.0,0.0,assemblies/Varecia_variegata__Saimiri_boliviensis__d10__r0.fasta
Varecia_variegata,Saimiri_sciureus,same-order,7,0,769,2842,417.6991205215454,,17.251426490227026,0.17251426490227023,1.0,0.29426382273762686,2842,0,13632,17.251426490227026,0.29426382273762686,0.0,0.0,assemblies/Varecia_variegata__Saimiri_sciureus__d7__r0.fasta
Varecia_variegata,Saimiri_boliviensis,same-order,15,2,1648,10831,1051.4852442741394,,65.75799890717018,0.6575799890717018,1.0,0.7934217273459819,10831,0,5640,65.75799890717018,0.7934217273459819,0.0,0.0,assemblies/Varecia_variegata__Saimiri_boliviensis__d15__r2.fasta
Varecia_variegata,Saimiri_sciureus,same-order,8,0,879,2625,440.6810510158539,,15.934199344421513,0.15934199344421512,1.0,0.27488350175401854,2625,0,13849,15.934199344421513,0.27488350175401854,0.0,0.0,assemblies/Varecia_variegata__Saimiri_sciureus__d8__r0.fasta
Varecia_variegata,Saimiri_sciureus,same-order,15,0,1648,5842,550.120983839035,,35.46194002670875,0.35461940026708755,1.0,0.5235705323534684,5842,0,10632,35.46194002670875,0.5235705323534684,0.0,0.0,assemblies/Varecia_variegata__Saimiri_sciureus__d15__r0.fasta
Varecia_variegata,Saimiri_boliviensis,same-order,15,1,1648,16405,1407.6129052639008,,99.59929573189241,0.9959929573189241,1.0,0.9979924565032242,16405,0,66,99.59929573189241,0.9979924565032242,0.0,0.0,assemblies/Varecia_variegata__Saimiri_boliviensis__d15__r1.fasta
Varecia_variegata,Aotus_azarai,same-order,4,1,442,250,90.27330780029297,,1.5101177891875566,0.015101177891875567,1.0,0.029753049687592983,250,0,16305,1.5101177891875566,0.029753049687592983,0.0,0.0,assemblies/Varecia_variegata__Aotus_azarai__d4__r1.fasta
Varecia_variegata,Saimiri_boliviensis,same-order,15,0,1648,16397,1577.082974433899,,99.55072551757635,0.9955072551757634,1.0,0.9977485700377265,16397,0,74,99.55072551757635,0.9977485700377265,0.0,0.0,assemblies/Varecia_variegata__Saimiri_boliviensis__d15__r0.fasta
Varecia_variegata,Saimiri_boliviensis,same-order,20,0,2197,16446,1457.2107038497925,,99.84821808026228,0.9984821808026227,1.0,0.9992405140201112,16446,0,25,99.84821808026228,0.9992405140201112,0.0,0.0,assemblies/Varecia_variegata__Saimiri_boliviensis__d20__r0.fasta
Varecia_variegata,Saimiri_boliviensis,same-order,20,2,2197,16436,1501.5987939834595,,99.78750531236719,0.9978750531236719,1.0,0.9989363965113806,16436,0,35,99.78750531236719,0.9989363965113806,0.0,0.0,assemblies/Varecia_variegata__Saimiri_boliviensis__d20__r2.fasta
Varecia_variegata,Saimiri_boliviensis,same-order,30,0,3295,16435,1445.4009375572205,,99.78143403557767,0.9978143403557769,1.0,0.998905974594299,16435,0,36,99.78143403557767,0.998905974594299,0.0,0.0,assemblies/Varecia_variegata__Saimiri_boliviensis__d30__r0.fasta
Varecia_variegata,Saimiri_boliviensis,same-order,20,1,2197,16442,1508.2006714344025,,99.82393297310425,0.9982393297310425,1.0,0.9991188891927203,16442,0,29,99.82393297310425,0.9991188891927203,0.0,0.0,assemblies/Varecia_variegata__Saimiri_boliviensis__d20__r1.fasta
Varecia_variegata,Saimiri_boliviensis,same-order,30,1,3295,16455,1463.5347990989685,,99.90285957136786,0.9990285957136786,1.0,0.9995140618356314,16455,0,16,99.90285957136786,0.9995140618356314,0.0,0.0,assemblies/Varecia_variegata__Saimiri_boliviensis__d30__r1.fasta
Varecia_variegata,Saimiri_boliviensis,same-order,30,2,3295,16447,1498.8529303073883,,99.85428935705178,0.9985428935705178,1.0,0.9992709156084817,16447,0,24,99.85428935705178,0.9992709156084817,0.0,0.0,assemblies/Varecia_variegata__Saimiri_boliviensis__d30__r2.fasta
Varecia_variegata,Aotus_azarai,same-order,7,0,773,654,151.94036173820496,,3.9504681365146483,0.03950468136514648,1.0,0.07600674065895752,654,0,15901,3.9504681365146483,0.07600674065895752,0.0,0.0,assemblies/Varecia_variegata__Aotus_azarai__d7__r0.fasta
Varecia_variegata,Aotus_azarai,same-order,7,1,773,572,185.874098777771,,3.4551495016611296,0.0345514950166113,1.0,0.06679511881824021,572,0,15983,3.4551495016611296,0.06679511881824021,0.0,0.0,assemblies/Varecia_variegata__Aotus_azarai__d7__r1.fasta
Varecia_variegata,Aotus_azarai,same-order,10,0,1104,979,112.03076672554016,,5.913621262458472,0.05913621262458472,1.0,0.11166875784190716,979,0,15576,5.913621262458472,0.11166875784190716,0.0,0.0,assemblies/Varecia_variegata__Aotus_azarai__d10__r0.fasta
Varecia_variegata,Aotus_azarai,same-order,6,2,663,820,226.6688208580017,,4.953186348535186,0.04953186348535186,1.0,0.09438848920863309,820,0,15735,4.953186348535186,0.09438848920863309,0.0,0.0,assemblies/Varecia_variegata__Aotus_azarai__d6__r2.fasta
Varecia_variegata,Aotus_azarai,same-order,5,2,552,420,259.56453680992126,,2.536997885835095,0.02536997885835095,1.0,0.049484536082474224,420,0,16135,2.536997885835095,0.049484536082474224,0.0,0.0,assemblies/Varecia_variegata__Aotus_azarai__d5__r2.fasta
Varecia_variegata,Saimiri_sciureus,same-order,10,2,1099,8716,1302.7317955493927,,52.90761199465825,0.5290761199465825,1.0,0.6920206431123462,8716,0,7758,52.90761199465825,0.6920206431123462,0.0,0.0,assemblies/Varecia_variegata__Saimiri_sciureus__d10__r2.fasta
Varecia_variegata,Aotus_azarai,same-order,8,1,883,1955,395.4519622325897,,11.809121111446693,0.11809121111446692,1.0,0.21123716909778498,1955,0,14600,11.809121111446693,0.21123716909778498,0.0,0.0,assemblies/Varecia_variegata__Aotus_azarai__d8__r1.fasta
Varecia_variegata,Aotus_azarai,same-order,6,0,663,959,520.4758706092834,,5.792811839323467,0.057928118393234675,1.0,0.10951239008792965,959,0,15596,5.792811839323467,0.10951239008792965,0.0,0.0,assemblies/Varecia_variegata__Aotus_azarai__d6__r0.fasta
Varecia_variegata,Aotus_azarai,same-order,7,2,773,1738,543.7331502437592,,10.498338870431894,0.10498338870431893,1.0,0.19001803968731207,1738,0,14817,10.498338870431894,0.19001803968731207,0.0,0.0,assemblies/Varecia_variegata__Aotus_azarai__d7__r2.fasta
Varecia_variegata,Aotus_azarai,same-order,8,0,883,2918,535.9600574970245,,17.62609483539716,0.1762609483539716,1.0,0.29969701638165663,2918,0,13637,17.62609483539716,0.29969701638165663,0.0,0.0,assemblies/Varecia_variegata__Aotus_azarai__d8__r0.fasta
Varecia_variegata,Saimiri_sciureus,same-order,15,1,1648,16430,1489.10964179039,,99.7329124681316,0.997329124681316,1.0,0.99866277656212,16430,0,44,99.7329124681316,0.99866277656212,0.0,0.0,assemblies/Varecia_variegata__Saimiri_sciureus__d15__r1.fasta
Varecia_variegata,Aotus_azarai,same-order,8,2,883,2738,559.6185832023621,,16.53881002718212,0.16538810027182121,1.0,0.28383351474628105,2738,0,13817,16.53881002718212,0.28383351474628105,0.0,0.0,assemblies/Varecia_variegata__Aotus_azarai__d8__r2.fasta
Varecia_variegata,Aotus_azarai,same-order,10,2,1104,3735,511.2930040359497,,22.561159770462098,0.22561159770462097,1.0,0.3681616559881715,3735,0,12820,22.561159770462098,0.3681616559881715,0.0,0.0,assemblies/Varecia_variegata__Aotus_azarai__d10__r2.fasta
Varecia_variegata,Saimiri_sciureus,same-order,20,0,2197,16441,1507.4446167945862,,99.7996843510987,0.997996843510987,1.0,0.9989974175907642,16441,0,33,99.7996843510987,0.9989974175907642,0.0,0.0,assemblies/Varecia_variegata__Saimiri_sciureus__d20__r0.fasta
Varecia_variegata,Saimiri_sciureus,same-order,20,1,2197,16458,1501.1847314834595,,99.90287726113877,0.9990287726113877,1.0,0.9995141503704603,16458,0,16,99.90287726113877,0.9995141503704603,0.0,0.0,assemblies/Varecia_variegata__Saimiri_sciureus__d20__r1.fasta
Varecia_variegata,Saimiri_sciureus,same-order,15,2,1648,16438,1573.0431373119354,,99.78147383756222,0.9978147383756222,1.0,0.9989061740398639,16438,0,36,99.78147383756222,0.9989061740398639,0.0,0.0,assemblies/Varecia_variegata__Saimiri_sciureus__d15__r2.fasta
Varecia_variegata,Saimiri_sciureus,same-order,20,2,2197,16425,1446.2068529129028,,99.70256161223746,0.9970256161223746,1.0,0.9985105930271436,16425,0,49,99.70256161223746,0.9985105930271436,0.0,0.0,assemblies/Varecia_variegata__Saimiri_sciureus__d20__r2.fasta
Varecia_variegata,Saimiri_sciureus,same-order,30,0,3295,16459,1504.4412376880646,,99.90894743231759,0.999089474323176,1.0,0.9995445298029333,16459,0,15,99.90894743231759,0.9995445298029333,0.0,0.0,assemblies/Varecia_variegata__Saimiri_sciureus__d30__r0.fasta
Varecia_variegata,Aotus_azarai,same-order,10,1,1104,5248,668.8771598339081,,31.70039263062519,0.3170039263062519,1.0,0.4814016419758749,5248,0,11307,31.70039263062519,0.4814016419758749,0.0,0.0,assemblies/Varecia_variegata__Aotus_azarai__d10__r1.fasta
Varecia_variegata,Saimiri_sciureus,same-order,30,1,3295,16446,1500.3591060638428,,99.83003520699283,0.9983003520699284,1.0,0.9991494532199272,16446,0,28,99.83003520699283,0.9991494532199272,0.0,0.0,assemblies/Varecia_variegata__Saimiri_sciureus__d30__r1.fasta
Varecia_variegata,Saimiri_sciureus,same-order,30,2,3295,16440,1450.6413805484772,,99.79361417991987,0.9979361417991988,1.0,0.9989670049219177,16440,0,34,99.79361417991987,0.9989670049219177,0.0,0.0,assemblies/Varecia_variegata__Saimiri_sciureus__d30__r2.fasta
Varecia_variegata,Aotus_azarai,same-order,15,2,1656,16526,1191.8283083438873,,99.82482633645424,0.9982482633645424,1.0,0.9991233638644539,16526,0,29,99.82482633645424,0.9991233638644539,0.0,0.0,assemblies/Varecia_variegata__Aotus_azarai__d15__r2.fasta
Varecia_variegata,Aotus_azarai,same-order,15,0,1656,16518,1268.1034953594208,,99.77650256720024,0.9977650256720024,1.0,0.9988812626613853,16518,0,37,99.77650256720024,0.9988812626613853,0.0,0.0,assemblies/Varecia_variegata__Aotus_azarai__d15__r0.fasta
Varecia_variegata,Aotus_azarai,same-order,20,0,2208,16546,1233.5426497459412,,99.94563575958925,0.9994563575958925,1.0,0.999728104891091,16546,0,9,99.94563575958925,0.999728104891091,0.0,0.0,assemblies/Varecia_variegata__Aotus_azarai__d20__r0.fasta
Varecia_variegata,Aotus_azarai,same-order,20,1,2208,16541,1207.8882584571838,,99.9154334038055,0.999154334038055,1.0,0.9995769881556684,16541,0,14,99.9154334038055,0.9995769881556684,0.0,0.0,assemblies/Varecia_variegata__Aotus_azarai__d20__r1.fasta
Varecia_variegata,Aotus_azarai,same-order,15,1,1656,16523,1325.7282059192657,,99.806704922984,0.9980670492298399,1.0,0.9990325896366165,16523,0,32,99.806704922984,0.9990325896366165,0.0,0.0,assemblies/Varecia_variegata__Aotus_azarai__d15__r1.fasta
Varecia_variegata,Aotus_azarai,same-order,20,2,2208,16530,1155.0819160938263,,99.84898822108124,0.9984898822108125,1.0,0.999244370560677,16530,0,25,99.84898822108124,0.999244370560677,0.0,0.0,assemblies/Varecia_variegata__Aotus_azarai__d20__r2.fasta
Varecia_variegata,Aotus_azarai,same-order,30,0,3311,16525,1144.3046851158142,,99.8187858652975,0.9981878586529749,1.0,0.9990931076178959,16525,0,30,99.8187858652975,0.9990931076178959,0.0,0.0,assemblies/Varecia_variegata__Aotus_azarai__d30__r0.fasta
Varecia_variegata,Aotus_azarai,same-order,30,2,3311,16544,1165.5188410282135,,99.93355481727575,0.9993355481727575,1.0,0.9996676636756398,16544,0,11,99.93355481727575,0.9996676636756398,0.0,0.0,assemblies/Varecia_variegata__Aotus_azarai__d30__r2.fasta
Varecia_variegata,Aotus_azarai,same-order,30,1,3311,16545,1171.7290771007538,,99.9395952884325,0.9993959528843249,1.0,0.9996978851963746,16545,0,10,99.9395952884325,0.9996978851963746,0.0,0.0,assemblies/Varecia_variegata__Aotus_azarai__d30__r1.fasta
