reference,target,identity_pct,recall,precision,f1,c_theta,w_theta,u_t
Lagothrix_lagotricha,Aotus_azarai,84.17645648525533,0.9937026816670205,0.8529090246568687,0.9179384947220497,14044,2422,89
Lagothrix_lagotricha,Lagothrix_lagotricha,100.0,1.0,1.0,1.0,16595,0,0
Lagothrix_lagotricha,Alouatta_seniculus,86.14497627770103,0.9961111111111111,0.8692806496575965,0.9283841946862561,14344,2157,56
Lagothrix_lagotricha,Ateles_belzebuth,87.63469989765818,0.9989020791875386,0.8798960348162476,0.9356300414564386,14557,1987,16
Lagothrix_lagotricha,Callithrix_penicillata,82.18618618618619,0.9959967974379503,0.8451608918534989,0.9144002672903441,13684,2507,55
Lagothrix_lagotricha,Callimico_goeldii,82.79195436805765,0.9956675572243483,0.8375751685598007,0.9098046978094484,13789,2674,60
Lagothrix_lagotricha,Leontopithecus_rosalia,80.21299129206872,0.9714265355565056,0.8276971647137393,0.8938206851335846,13633,2838,401
Lagothrix_lagotricha,Saguinus_oedipus,81.64034458004308,0.9912115049389889,0.8306147291539866,0.9038346910391416,13647,2783,121
Lagothrix_lagotricha,Saimiri_boliviensis,81.50656199436688,0.9932812385890601,0.830392575859332,0.9045623836126628,13601,2778,92
Lagothrix_lagotricha,Pygathrix_cinerea,74.40546967895362,0.9823390894819466,0.7673206621704476,0.861617900172117,12515,3795,225
Lagothrix_lagotricha,Procolobus_verus,74.31855890021332,0.9780862512672541,0.7683165890713061,0.8606031495522695,12542,3782,281
Lagothrix_lagotricha,Rhinopithecus_strykeri,74.2782619005276,0.9786004373633239,0.7698451708036372,0.8617606602475929,12530,3746,274
Lagothrix_lagotricha,Rhinopithecus_brelichi,74.20253764970947,0.9788049429063038,0.7686402161896573,0.8610843539287188,12515,3767,271
Lagothrix_lagotricha,Simias_concolor,74.05649181106101,0.9798225641830887,0.7654563297350343,0.8594745360008265,12480,3824,257
Lagothrix_lagotricha,Cercocebus_torquatus,74.33266105113299,0.9794434891355323,0.7697647275631181,0.862036941492106,12531,3748,263
Lagothrix_lagotricha,Allenopithecus_nigroviridis,73.83565707505191,0.9795356158992523,0.7655163929384265,0.8594019750017264,12445,3812,260
Lagothrix_lagotricha,Macaca_silenus,74.06944939945296,0.9824132492113564,0.7633901213383993,0.8591627008759225,12457,3861,223
Lagothrix_lagotricha,Macaca_arctoides,73.66862152716071,0.9775192579783053,0.7642576204523107,0.8578326550320756,12436,3836,286
Lagothrix_lagotricha,Macaca_tonkeana,73.69232593998339,0.9789647837390688,0.7626588105321304,0.8573794245497828,12426,3867,267
Lagothrix_lagotricha,Papio_papio,73.88254873989538,0.9819101034836875,0.763701155074957,0.8591670986694313,12430,3846,229
Lagothrix_lagotricha,Homo_sapiens,71.07743913018334,0.9464038194979209,0.7742707742707743,0.8517273640805294,12290,3583,696
Lagothrix_lagotricha,Cephalopachus_bancanus,72.08437445522692,0.9528381596128735,0.7604364617176484,0.8458339015409791,12405,3908,614
Lagothrix_lagotricha,Gorilla_gorilla,74.68263901305203,0.9855289028706252,0.7744746600741657,0.8673472919190172,12531,3649,184
Lagothrix_lagotricha,Varecia_variegata,72.00254732820008,0.9483034693099505,0.7636151531896604,0.8459968709611592,12437,3850,678
Lagothrix_lagotricha,Lemur_catta,71.7852395538346,0.9460735775763577,0.7607177853993141,0.8433309569881523,12421,3907,708
Lagothrix_lagotricha,Galeopterus_variegatus,71.57604551586603,0.9641305206605041,0.7489259850251626,0.84301060412421,12203,4091,454
Lagothrix_lagotricha,Oryctolagus_cuniculus,70.07986309184255,0.9292738275340393,0.7532188841201717,0.8320352184219438,12285,4025,935
Lagothrix_lagotricha,Mus_musculus,71.32187314759929,0.9776549930933615,0.7506862989767906,0.8492676901358744,12032,3996,275
Lagothrix_lagotricha,Tupaia_belangeri,71.13117926464551,0.9636161423578011,0.7443544428080511,0.8399113696163966,12130,4166,458
Lagothrix_lagotricha,Sphaerias_blanfordi,71.52960430182945,0.9596925972396487,0.752551961628336,0.8435927483283933,12238,4024,514
Ateles_belzebuth,Lagothrix_lagotricha,87.63469989765818,0.9965087623220154,0.8798960348162476,0.9345788392398562,14557,1987,51
Ateles_belzebuth,Ateles_belzebuth,100.0,1.0,1.0,1.0,16560,0,0
Ateles_belzebuth,Alouatta_seniculus,86.11996871427712,0.9957565217391304,0.867725509214355,0.9273428136438729,14314,2182,61
Ateles_belzebuth,Aotus_azarai,83.90915099441206,0.9940916856492027,0.8478023312287518,0.9151376146788991,13965,2507,83
Ateles_belzebuth,Callithrix_penicillata,82.00325242426068,0.9968516620295798,0.8402764920076529,0.9118917651786611,13615,2588,43
Ateles_belzebuth,Callimico_goeldii,82.9196466133782,0.9943067166330355,0.8390294332279251,0.9100923482849604,13797,2647,79
Ateles_belzebuth,Leontopithecus_rosalia,80.18967954759661,0.9703471380711384,0.8272362664073895,0.8930949647367558,13613,2843,416
Ateles_belzebuth,Saguinus_oedipus,81.63216465238722,0.9888389621684303,0.8321034335549186,0.903725782414307,13644,2753,154
Ateles_belzebuth,Saimiri_boliviensis,81.48904232963073,0.9930489500256091,0.8287738153395212,0.9035049762007789,13572,2804,95
Ateles_belzebuth,Pygathrix_cinerea,74.37878968018072,0.9794895882260842,0.7688809684753887,0.8615003270561503,12512,3761,262
Ateles_belzebuth,Procolobus_verus,74.11848510032056,0.9776072658941435,0.7651204117899381,0.8584098174693203,12486,3833,286
Ateles_belzebuth,Rhinopithecus_strykeri,74.23352902804957,0.9763668980578738,0.7704807041299933,0.8612907664786019,12518,3729,303
Ateles_belzebuth,Simias_concolor,74.35714709899638,0.978203125,0.7690087212873111,0.8610824565023039,12521,3761,279
Ateles_belzebuth,Rhinopithecus_brelichi,74.3574523654063,0.9776026221320431,0.7701340218861429,0.861554332874828,12527,3739,287
Ateles_belzebuth,Cercocebus_torquatus,74.2802872915059,0.9775798765721428,0.7698554290987388,0.8613711453744493,12514,3741,287
Ateles_belzebuth,Allenopithecus_nigroviridis,74.04371584699453,0.9783393501805054,0.7675635736715719,0.860228409757444,12466,3775,276
Ateles_belzebuth,Macaca_silenus,74.00320874680611,0.9788571877701799,0.7653638151425762,0.8590446628729091,12454,3818,269
Ateles_belzebuth,Macaca_arctoides,73.61868626986009,0.9757975797579758,0.7641846153846154,0.8571231363887355,12418,3832,308
Ateles_belzebuth,Macaca_tonkeana,73.56451517130812,0.9778216258879242,0.7610418330364273,0.855919030018308,12389,3890,281
Ateles_belzebuth,Papio_papio,73.67355445721431,0.9815152717175724,0.7603244837758112,0.8568757142362433,12372,3900,233
Ateles_belzebuth,Gorilla_gorilla,75.07907143283404,0.9845828768195336,0.7781901404094761,0.8693038521333564,12581,3586,197
Ateles_belzebuth,Homo_sapiens,71.29056516457453,0.9442954562868746,0.7779320792829189,0.8530786003530266,12324,3518,727
Ateles_belzebuth,Cephalopachus_bancanus,71.73635307781649,0.9492814877430262,0.7593901764308109,0.8437841530054645,12353,3914,660
Ateles_belzebuth,Varecia_variegata,71.79293953973682,0.9471550933007036,0.7610298635860883,0.8439522998296423,12385,3889,691
Ateles_belzebuth,Lemur_catta,71.53499653499654,0.9424788860990642,0.7608722358722358,0.8419943581551848,12387,3893,756
Ateles_belzebuth,Galeopterus_variegatus,71.51991552765882,0.9615900307595237,0.7497693868765759,0.8425708362128542,12192,4069,487
Ateles_belzebuth,Oryctolagus_cuniculus,70.09020324274948,0.9277563666591098,0.7536988151513291,0.8317187182440214,12277,4012,956
Ateles_belzebuth,Mus_musculus,71.47941630086606,0.9758665370910269,0.7528897219618869,0.8499982365181814,12050,3955,298
Ateles_belzebuth,Tupaia_belangeri,70.85650723025584,0.9587294043092522,0.7455799913755929,0.8388259347818553,12103,4130,521
Ateles_belzebuth,Sphaerias_blanfordi,70.78409686244834,0.9515611550199546,0.7526149656495636,0.8404755322090129,12160,3997,619
Alouatta_seniculus,Lagothrix_lagotricha,86.14497627770103,0.9934894029643995,0.8692806496575965,0.9272439316073565,14344,2157,94
Alouatta_seniculus,Ateles_belzebuth,86.11996871427712,0.9955487550424259,0.867725509214355,0.9272527045410377,14314,2182,64
Alouatta_seniculus,Alouatta_seniculus,100.0,1.0,1.0,1.0,16557,0,0
Alouatta_seniculus,Aotus_azarai,84.33091192891877,0.9929313635399731,0.8536615010635066,0.9180445722501798,14047,2408,100
Alouatta_seniculus,Callithrix_penicillata,82.22048287073274,0.9962065946892326,0.8432752871433864,0.9133837201524981,13656,2538,52
Alouatta_seniculus,Callimico_goeldii,82.93431183830606,0.9951638515952071,0.8378099173553719,0.909732761464863,13787,2669,67
Alouatta_seniculus,Leontopithecus_rosalia,80.74069712670749,0.9698019801980198,0.8338704773487382,0.8967140755272192,13713,2732,427
Alouatta_seniculus,Saguinus_oedipus,82.18669540746063,0.9896178803172314,0.8365941366489913,0.9066948508769034,13726,2681,144
Alouatta_seniculus,Saimiri_boliviensis,82.22770193059482,0.9949061272012808,0.8336077068471435,0.9071426201771556,13672,2729,70
Alouatta_seniculus,Pygathrix_cinerea,74.66991792553824,0.9799406806119263,0.7712863988204939,0.8631832244757648,12555,3723,257
Alouatta_seniculus,Rhinopithecus_strykeri,74.3227186311787,0.9784904184591318,0.7686635944700461,0.860977288368892,12510,3765,275
Alouatta_seniculus,Procolobus_verus,74.40839807840578,0.9763424124513619,0.769646033985645,0.8607594936708861,12546,3755,304
Alouatta_seniculus,Rhinopithecus_brelichi,74.2351333689776,0.9783902286251175,0.7677090372918842,0.8603394264862818,12496,3781,276
Alouatta_seniculus,Simias_concolor,74.25824827913601,0.9769693184479663,0.7693348088036395,0.8608082545141874,12514,3752,295
Alouatta_seniculus,Cercocebus_torquatus,74.18702811961239,0.9792827434670015,0.7666175205799238,0.8599979325316149,12479,3799,264
Alouatta_seniculus,Allenopithecus_nigroviridis,74.20733879586747,0.9777047641398733,0.769960571710202,0.8614854385662588,12498,3734,285
Alouatta_seniculus,Macaca_arctoides,73.7358131796304,0.9785505874930999,0.7619427729338082,0.8567680463976247,12409,3877,272
Alouatta_seniculus,Macaca_silenus,73.80909901873328,0.9796353303338858,0.7622059816987041,0.8573500967117988,12411,3872,258
Alouatta_seniculus,Macaca_tonkeana,73.82677913745991,0.9781975600157419,0.7632500153534361,0.8574582585897612,12428,3855,277
Alouatta_seniculus,Papio_papio,73.55849416249703,0.981637519872814,0.7588177460980705,0.855964510986345,12349,3925,231
Alouatta_seniculus,Gorilla_gorilla,74.97458589965915,0.986933249370277,0.7740461785405606,0.8676216178811155,12538,3660,166
Alouatta_seniculus,Homo_sapiens,71.28965038203287,0.9448408131952436,0.7770347003154574,0.8527609485892332,12316,3534,719
Alouatta_seniculus,Cephalopachus_bancanus,71.64681963404009,0.9493534482758621,0.7581289569119184,0.8430333891527974,12334,3935,658
Alouatta_seniculus,Lemur_catta,71.65726131521363,0.9389572172338339,0.7668700314290996,0.8442333785617366,12444,3783,809
Alouatta_seniculus,Varecia_variegata,71.8867815091932,0.9476984248356017,0.7612554511393649,0.8443066861950339,12394,3887,684
Alouatta_seniculus,Galeopterus_variegatus,71.3884007029877,0.959603118355776,0.7506005543578688,0.8423308218704638,12186,4049,513
Alouatta_seniculus,Oryctolagus_cuniculus,69.82100102610877,0.9255648756895639,0.753259532595326,0.8305699657545857,12248,4012,985
Alouatta_seniculus,Mus_musculus,70.9616295594505,0.9731222086885911,0.750313047833709,0.8473150210343975,11984,3988,331
Alouatta_seniculus,Tupaia_belangeri,70.70138400187662,0.9605609114811569,0.7414970170367181,0.8369316209649427,12056,4203,495
Alouatta_seniculus,Sphaerias_blanfordi,70.9946848899013,0.9556568912650366,0.749753269183321,0.8402751373958729,12155,4057,564
Aotus_azarai,Lagothrix_lagotricha,84.17645648525533,0.9908981866930078,0.8529090246568687,0.9167401024837625,14044,2422,129
Aotus_azarai,Ateles_belzebuth,83.90915099441206,0.9937379918878532,0.8478023312287518,0.9149877149877149,13965,2507,88
Aotus_azarai,Alouatta_seniculus,84.33091192891877,0.9927910099653686,0.8536615010635066,0.9179845771794538,14047,2408,102
Aotus_azarai,Aotus_azarai,100.0,1.0,1.0,1.0,16555,0,0
Aotus_azarai,Callithrix_penicillata,82.2589398781885,0.9979515692442754,0.84110247872734,0.9128383578144343,13641,2577,28
Aotus_azarai,Callimico_goeldii,83.25821765518899,0.9938311455419266,0.8429153738516761,0.9121732832971229,13855,2582,86
Aotus_azarai,Leontopithecus_rosalia,80.88425762392559,0.9695836273817925,0.8356547655252113,0.8976511711476266,13739,2702,431
Aotus_azarai,Saguinus_oedipus,81.80132767178996,0.9880092458826929,0.8347879157766249,0.904958814383539,13678,2707,166
Aotus_azarai,Saimiri_boliviensis,82.32250300842358,0.9952716956426857,0.8339631842009021,0.90750505753988,13682,2724,65
Aotus_azarai,Pygathrix_cinerea,74.22674280275993,0.9798209798994975,0.7666175205799238,0.8602054180740332,12479,3799,257
Aotus_azarai,Procolobus_verus,74.5341984641943,0.9808852330591461,0.765295519833751,0.8597816383986816,12521,3840,244
Aotus_azarai,Rhinopithecus_strykeri,74.14695042206634,0.9790423861852433,0.7660136338512559,0.859525204148434,12473,3810,267
Aotus_azarai,Rhinopithecus_brelichi,74.32400238237045,0.9815164385716533,0.7647383257752175,0.8596720859740975,12479,3839,235
Aotus_azarai,Simias_concolor,74.24936084190499,0.979297365119197,0.7662760017181076,0.8597886329994147,12488,3809,264
Aotus_azarai,Cercocebus_torquatus,74.42661913250149,0.9785173033356769,0.7700252044015492,0.8618411999449568,12526,3741,275
Aotus_azarai,Allenopithecus_nigroviridis,74.08442330558859,0.9791764890774792,0.7667364016736402,0.8600317482227897,12461,3791,265
Aotus_azarai,Macaca_silenus,74.01311866428145,0.9829729943771284,0.7602597084405243,0.8573895623942251,12412,3914,215
Aotus_azarai,Macaca_arctoides,73.89180171591993,0.9818700023751089,0.7595076244717986,0.8564917127071823,12402,3927,229
Aotus_azarai,Macaca_tonkeana,73.84194565023488,0.9793375394321766,0.7619339796294023,0.8570639795707089,12418,3880,262
Aotus_azarai,Papio_papio,73.66758077977823,0.9825858778625954,0.7587498464939212,0.8562816159656296,12357,3929,219
Aotus_azarai,Homo_sapiens,70.82441423199306,0.9437249460376195,0.7729023296925311,0.8498143070355073,12242,3597,730
Aotus_azarai,Gorilla_gorilla,74.4955223880597,0.984612956679555,0.7717236687488404,0.8652659316274877,12478,3691,195
Aotus_azarai,Cephalopachus_bancanus,72.38167316760784,0.952355419379548,0.7625268322600429,0.8469346049046322,12433,3872,622
Aotus_azarai,Varecia_variegata,71.79590893331792,0.9430024286581664,0.7663130627852474,0.8455256890098674,12425,3789,751
Aotus_azarai,Lemur_catta,71.44669319033616,0.9402079065179452,0.762616937469227,0.8421517653855303,12391,3857,788
Aotus_azarai,Galeopterus_variegatus,71.13944782405241,0.9574116350468393,0.7504164867032763,0.8413697682462816,12162,4045,541
Aotus_azarai,Oryctolagus_cuniculus,69.62111730572306,0.9228564964934771,0.7544075946245838,0.8301733202184309,12238,3984,1023
Aotus_azarai,Mus_musculus,71.77735535226327,0.9774308364342339,0.7540564153769346,0.8513351652222928,12083,3941,279
Aotus_azarai,Tupaia_belangeri,70.90291205249898,0.9594069610719099,0.7450437138283462,0.8387454513949055,12101,4141,512
Aotus_azarai,Sphaerias_blanfordi,70.93179298675535,0.954163723412605,0.7508028656126482,0.8403553036325304,12157,4035,584
Callithrix_penicillata,Lagothrix_lagotricha,82.18618618618619,0.9713231118682567,0.8451608918534989,0.903860761583936,13684,2507,404
Callithrix_penicillata,Ateles_belzebuth,82.00325242426068,0.9744488977955912,0.8402764920076529,0.9024026512013256,13615,2588,357
Callithrix_penicillata,Alouatta_seniculus,82.20777657397376,0.9737630115499786,0.8436592748162333,0.9040542776766508,13658,2531,368
Callithrix_penicillata,Aotus_azarai,82.2589398781885,0.9758906853627128,0.84110247872734,0.9034971519406545,13641,2577,337
Callithrix_penicillata,Callithrix_penicillata,100.0,1.0,1.0,1.0,16246,0,0
Callithrix_penicillata,Callimico_goeldii,84.27794561933534,0.9786696603985405,0.8599790369319933,0.9154934199730892,13948,2271,304
Callithrix_penicillata,Leontopithecus_rosalia,79.8879716981132,0.9499404052443385,0.8385319965342245,0.8907662470004274,13549,2609,714
Callithrix_penicillata,Saimiri_boliviensis,81.09774526990267,0.9783417195362065,0.829479411401014,0.8977816441931274,13416,2758,297
Callithrix_penicillata,Saguinus_oedipus,82.35647369685323,0.9712464589235128,0.8494270672034686,0.9062613580042955,13714,2431,406
Callithrix_penicillata,Pygathrix_cinerea,73.52782925808573,0.9623630672926448,0.7661019060670238,0.8530901019629603,12299,3755,481
Callithrix_penicillata,Rhinopithecus_strykeri,73.56741236990071,0.9630412653668468,0.7649583281502674,0.852646538874831,12299,3779,472
Callithrix_penicillata,Procolobus_verus,73.26212781192196,0.9598936752404034,0.7629878200347999,0.8501886923103555,12278,3814,513
Callithrix_penicillata,Rhinopithecus_brelichi,73.47891115764284,0.9632185710924633,0.7636160159164387,0.851881394139067,12282,3802,469
Callithrix_penicillata,Simias_concolor,73.34529147982063,0.9624195826141535,0.7627782614102724,0.8510475926182878,12267,3815,479
Callithrix_penicillata,Allenopithecus_nigroviridis,73.01406764441784,0.9637326169405815,0.7595590982687757,0.8495507417984258,12197,3861,459
Callithrix_penicillata,Cercocebus_torquatus,73.38357557270172,0.9628786689687647,0.7635198207729168,0.8516885911630975,12269,3800,473
Callithrix_penicillata,Macaca_silenus,73.02907046297403,0.9627789606497911,0.7597859232061733,0.8493217391304347,12209,3860,472
Callithrix_penicillata,Macaca_arctoides,72.92140208158871,0.9627260522782911,0.757863981101579,0.8480990643152806,12191,3895,472
Callithrix_penicillata,Macaca_tonkeana,73.0378688328754,0.9610185476265325,0.7612051792828686,0.8495206335973322,12228,3836,496
Callithrix_penicillata,Papio_papio,73.1496488384657,0.9672196206048099,0.7572706935123042,0.8494649890209474,12186,3906,413
Callithrix_penicillata,Homo_sapiens,72.5472865476401,0.9443890465597914,0.7770764958343852,0.8526020567154877,12312,3532,725
Callithrix_penicillata,Gorilla_gorilla,73.93239504390714,0.9700126262626263,0.769019019019019,0.8579006141820213,12292,3692,380
Callithrix_penicillata,Cephalopachus_bancanus,70.57142857142857,0.9304989620973322,0.7553516819571865,0.8338270754392008,12103,3920,904
Callithrix_penicillata,Varecia_variegata,70.4887545766258,0.926585179526356,0.7578730317420644,0.833780160857909,12129,3875,961
Callithrix_penicillata,Lemur_catta,70.72888322815956,0.922455451525219,0.763133237553876,0.8352647591699996,12217,3792,1027
Callithrix_penicillata,Galeopterus_variegatus,70.56022573628829,0.9400845864661654,0.7509854220108866,0.834962262182185,12003,3980,765
Callithrix_penicillata,Oryctolagus_cuniculus,69.00845327850125,0.905425659472422,0.7559281736845398,0.8239506257032769,12082,3901,1262
Callithrix_penicillata,Mus_musculus,71.09740026356775,0.9636275066980596,0.7485966572059287,0.8426096833735625,11869,3986,448
Callithrix_penicillata,Tupaia_belangeri,70.42725988700565,0.9413199087548179,0.7475637181409296,0.8333275303784687,11967,4041,746
Callithrix_penicillata,Sphaerias_blanfordi,70.1003851990195,0.9311574540662066,0.7559793554884189,0.8344738944662521,12011,3877,888
Callimico_goeldii,Lagothrix_lagotricha,82.79195436805765,0.9905179225630343,0.8375751685598007,0.9076487625065823,13789,2674,132
Callimico_goeldii,Ateles_belzebuth,82.9196466133782,0.9916624739452311,0.8390294332279251,0.9089831010969464,13797,2647,116
Callimico_goeldii,Alouatta_seniculus,82.93431183830606,0.992727534562212,0.8378099173553719,0.9087134194568943,13787,2669,101
Callimico_goeldii,Callithrix_penicillata,84.27794561933534,0.9980679785330948,0.8599790369319933,0.923892164006094,13948,2271,27
Callimico_goeldii,Aotus_azarai,83.25821765518899,0.9915551420596865,0.8429153738516761,0.9112134166392635,13855,2582,118
Callimico_goeldii,Callimico_goeldii,100.0,1.0,1.0,1.0,16523,0,0
Callimico_goeldii,Leontopithecus_rosalia,80.97003943728295,0.9672338630291099,0.8384737291234914,0.8982630272952854,13756,2650,466
Callimico_goeldii,Saguinus_oedipus,82.83778923390481,0.9886249821147518,0.843033186920449,0.9100428054000659,13819,2573,159
Callimico_goeldii,Pygathrix_cinerea,74.33496361684361,0.9808751770816937,0.76497667566904,0.8595765225187945,12463,3829,243
Callimico_goeldii,Saimiri_boliviensis,81.1510444885919,0.9935141509433962,0.8228041262284075,0.9001368902540817,13480,2903,88
Callimico_goeldii,Procolobus_verus,74.31203566121843,0.976415462709879,0.7669140648960314,0.8590765425312629,12503,3800,302
Callimico_goeldii,Rhinopithecus_strykeri,74.25424233402798,0.9786549478144864,0.7661260597124954,0.8594466076289583,12471,3807,272
Callimico_goeldii,Rhinopithecus_brelichi,74.23367656687103,0.9781960784313726,0.7663287250384024,0.8593970714900948,12472,3803,278
Callimico_goeldii,Simias_concolor,74.13772526554482,0.9814361323959239,0.7609947323288007,0.8572710022425393,12424,3902,235
Callimico_goeldii,Cercocebus_torquatus,73.9358218729535,0.9784132986685574,0.7634005409392672,0.8576361313490556,12419,3849,274
Callimico_goeldii,Allenopithecus_nigroviridis,73.91382084748793,0.9797756359614473,0.7626837217883279,0.8577060064317577,12402,3859,256
Callimico_goeldii,Macaca_silenus,73.23229309624679,0.9811335838196499,0.7527138914443422,0.851877559519678,12273,4032,236
Callimico_goeldii,Macaca_arctoides,72.96525464064732,0.9772890270141047,0.7536410004301604,0.8510165845534661,12264,4009,285
Callimico_goeldii,Macaca_tonkeana,73.20599785790789,0.9775146988717622,0.7558518154451066,0.8525101340816963,12303,3974,283
Callimico_goeldii,Papio_papio,73.21215733015495,0.979508850263116,0.7560930576070901,0.8534213268496006,12285,3963,257
Callimico_goeldii,Gorilla_gorilla,73.92005735794946,0.9829969807722867,0.7660681114551083,0.8610801781737194,12372,3778,214
Callimico_goeldii,Homo_sapiens,70.80529125087027,0.9448014244793683,0.7696770938446014,0.8482952768220205,12204,3652,713
Callimico_goeldii,Cephalopachus_bancanus,71.7282659228266,0.947420939514891,0.7599433567294668,0.8433891356337546,12343,3899,685
Callimico_goeldii,Lemur_catta,71.6142824127571,0.9404400606980273,0.7627222940126761,0.8423091298290918,12395,3856,785
Callimico_goeldii,Varecia_variegata,71.68902049584858,0.9463478194220893,0.7591146633876422,0.8424536026200873,12347,3918,700
Callimico_goeldii,Galeopterus_variegatus,70.70653767223688,0.9577475974902708,0.7436482486433152,0.8372270628666644,12059,4157,532
Callimico_goeldii,Oryctolagus_cuniculus,69.70942512987384,0.9247254827716774,0.7513999138514553,0.8291010320478001,12211,4040,994
Callimico_goeldii,Mus_musculus,71.43112062812277,0.9765002439421044,0.7499063319595354,0.8483328623905059,12009,4005,289
Callimico_goeldii,Tupaia_belangeri,70.77157419884,0.9567559005227309,0.7453109575518263,0.8378997017410003,12080,4128,546
Callimico_goeldii,Sphaerias_blanfordi,70.47869235259778,0.9521293375394322,0.7466757375224194,0.836978751429859,12073,4096,607
Leontopithecus_rosalia,Lagothrix_lagotricha,80.21299129206872,0.9909864069201134,0.8276971647137393,0.9020113801773191,13633,2838,124
Leontopithecus_rosalia,Ateles_belzebuth,80.18967954759661,0.9924181672377342,0.8272362664073895,0.9023298975905613,13613,2843,104
Leontopithecus_rosalia,Aotus_azarai,80.88425762392559,0.9917707355807406,0.8356547655252113,0.9070442992011619,13739,2702,114
Leontopithecus_rosalia,Alouatta_seniculus,80.6925745193721,0.9901168662530659,0.8358708891595615,0.9064790964929661,13725,2695,137
Leontopithecus_rosalia,Callithrix_penicillata,79.8879716981132,0.993546967808169,0.8385319965342245,0.9094814566202382,13549,2609,88
Leontopithecus_rosalia,Callimico_goeldii,80.97003943728295,0.9915663519065812,0.8384737291234914,0.9086165329105981,13756,2650,117
Leontopithecus_rosalia,Leontopithecus_rosalia,100.0,1.0,1.0,1.0,16872,0,0
Leontopithecus_rosalia,Saguinus_oedipus,79.80260838914346,0.9890782000873743,0.8282421803548564,0.901543056246889,13584,2817,150
Leontopithecus_rosalia,Saimiri_boliviensis,78.68050232887212,0.9933750186094983,0.8146136002930046,0.8951569627045881,13345,3037,89
Leontopithecus_rosalia,Pygathrix_cinerea,71.81133617418715,0.979380622561898,0.7558368149422463,0.8532094184554566,12302,3974,259
Leontopithecus_rosalia,Procolobus_verus,72.09085614443798,0.9764910066266961,0.7590605261544122,0.8541558844840079,12378,3929,298
Leontopithecus_rosalia,Rhinopithecus_strykeri,71.96823728615637,0.9797313409108974,0.756428352255293,0.8537193517107632,12326,3969,255
Leontopithecus_rosalia,Rhinopithecus_brelichi,71.9127340605495,0.9784903563774903,0.7571551406461122,0.8537100515910112,12328,3954,271
Leontopithecus_rosalia,Simias_concolor,72.12273231056407,0.9785516422635536,0.7589932473910375,0.8549006050129646,12364,3926,271
Leontopithecus_rosalia,Cercocebus_torquatus,71.51943050530984,0.9787590832867524,0.7530720078643401,0.8512101114622036,12257,4019,266
Leontopithecus_rosalia,Allenopithecus_nigroviridis,71.18337322669157,0.9793574297188755,0.7498769987699877,0.8493904562870079,12193,4067,257
Leontopithecus_rosalia,Macaca_silenus,70.95547364109765,0.9822614612020087,0.7429849283176081,0.8460304171898981,12127,4195,219
Leontopithecus_rosalia,Macaca_arctoides,70.68512353250394,0.9798396890940004,0.74204427003495,0.8445219818562456,12102,4207,249
Leontopithecus_rosalia,Macaca_tonkeana,70.95455076527632,0.9801484828921885,0.7445139144293245,0.8462342367449313,12146,4168,246
Leontopithecus_rosalia,Papio_papio,70.8518605195413,0.9821573398215734,0.7436291065397606,0.8464092259304561,12110,4175,220
Leontopithecus_rosalia,Homo_sapiens,68.47912637925151,0.9443137254901961,0.7591903650923766,0.841693173476878,12040,3819,710
Leontopithecus_rosalia,Gorilla_gorilla,71.59290996595844,0.9865739242963443,0.7530559328312137,0.8541418668160493,12198,4000,166
Leontopithecus_rosalia,Cephalopachus_bancanus,71.73032407407408,0.9681324689525892,0.7503480840244567,0.8454402837459928,12395,4124,408
Leontopithecus_rosalia,Varecia_variegata,71.82805639010861,0.9661175007771216,0.7521326154032307,0.8458005918971323,12432,4097,436
Leontopithecus_rosalia,Lemur_catta,71.88794293603313,0.9606426320239834,0.7562938755749213,0.8463075204009074,12497,4027,512
Leontopithecus_rosalia,Galeopterus_variegatus,70.47813411078717,0.9775171856045289,0.733879781420765,0.8383561643835616,12087,4383,278
Leontopithecus_rosalia,Mus_musculus,69.46170373381337,0.9716513686946633,0.7497806192804313,0.8464178312400495,11962,3992,349
Leontopithecus_rosalia,Oryctolagus_cuniculus,70.15402167712493,0.949212719975301,0.7414240067522759,0.8325491656229903,12298,4289,658
Leontopithecus_rosalia,Tupaia_belangeri,70.53213143355627,0.9740583085695929,0.7381169740125373,0.8398310366318122,12128,4303,323
Leontopithecus_rosalia,Sphaerias_blanfordi,70.93576066790352,0.9701847593370867,0.7460365853658537,0.8434731653510738,12235,4165,376
Saguinus_oedipus,Lagothrix_lagotricha,81.64034458004308,0.9880538662033015,0.8306147291539866,0.9025196746246941,13647,2783,165
Saguinus_oedipus,Ateles_belzebuth,81.63216465238722,0.988194394147896,0.8321034335549186,0.9034564958283671,13644,2753,163
Saguinus_oedipus,Alouatta_seniculus,82.17472007664212,0.9891884099754937,0.8364722374596208,0.9064429840494039,13724,2683,150
Saguinus_oedipus,Aotus_azarai,81.80132767178996,0.9877238590410168,0.8347879157766249,0.904839083121093,13678,2707,170
Saguinus_oedipus,Callithrix_penicillata,82.35647369685323,0.992689106044155,0.8494270672034686,0.9154873164218958,13714,2431,101
Saguinus_oedipus,Callimico_goeldii,82.83778923390481,0.9906093189964158,0.843033186920449,0.9108826049700085,13819,2573,131
Saguinus_oedipus,Leontopithecus_rosalia,79.80260838914346,0.9664887940234792,0.8282421803548564,0.8920409771473601,13584,2817,471
Saguinus_oedipus,Saguinus_oedipus,100.0,1.0,1.0,1.0,16551,0,0
Saguinus_oedipus,Saimiri_boliviensis,80.18788894207755,0.988128594602566,0.8216431637032495,0.8972281735404392,13401,2909,161
Saguinus_oedipus,Pygathrix_cinerea,72.55632428596772,0.9714964370546318,0.7585780525502318,0.8519354278771047,12270,3905,360
Saguinus_oedipus,Procolobus_verus,73.15717916888337,0.9712760948045833,0.7621158938358273,0.8540768089437908,12376,3863,366
Saguinus_oedipus,Rhinopithecus_brelichi,72.74021352313167,0.9754235266046289,0.7549864565377986,0.8511642433285908,12264,3980,309
Saguinus_oedipus,Rhinopithecus_strykeri,72.7854476506488,0.9741475019825535,0.7571499013806706,0.8520496635915932,12284,3940,326
Saguinus_oedipus,Cercocebus_torquatus,73.34754797441364,0.9738145789101204,0.7640199888950583,0.8562538892345986,12384,3825,333
Saguinus_oedipus,Simias_concolor,72.79307071665876,0.9757455268389662,0.7547982283464567,0.851167146474281,12270,3986,305
Saguinus_oedipus,Allenopithecus_nigroviridis,72.50724894964199,0.9723831441949051,0.7578081514008288,0.8517900590893291,12253,3916,348
Saguinus_oedipus,Macaca_silenus,72.70356761882185,0.974346755619093,0.7564434578862992,0.851678294977264,12268,3950,323
Saguinus_oedipus,Macaca_arctoides,72.31461206131266,0.9724631914046956,0.753700962250185,0.8492198630851027,12219,3993,346
Saguinus_oedipus,Macaca_tonkeana,72.44481268864295,0.9725113212044173,0.7549648451955101,0.8500399291691261,12241,3973,346
Saguinus_oedipus,Papio_papio,72.23670181258144,0.9735749640747245,0.7539878817855818,0.8498257839721254,12195,3979,331
Saguinus_oedipus,Homo_sapiens,70.06806645131518,0.9392978657593566,0.7695767866193614,0.8460091934809862,12147,3637,785
Saguinus_oedipus,Gorilla_gorilla,73.40007150518413,0.9815921587377481,0.7635281720696708,0.8589359179973504,12318,3815,231
Saguinus_oedipus,Cephalopachus_bancanus,71.19312906220985,0.9474090663371689,0.7551397267019574,0.8404178797739339,12268,3978,681
Saguinus_oedipus,Varecia_variegata,71.28535002318034,0.9457942488082424,0.7565190651906519,0.8406341830110026,12301,3959,705
Saguinus_oedipus,Lemur_catta,71.25166367687055,0.9440312811469754,0.7551208144241384,0.8390745851647415,12313,3993,730
Saguinus_oedipus,Galeopterus_variegatus,71.20812063603826,0.961038961038961,0.7465551181102362,0.8403268245395374,12136,4120,492
Saguinus_oedipus,Oryctolagus_cuniculus,69.51490623040529,0.9247743990293471,0.7503230172891159,0.8284646739130435,12195,4058,992
Saguinus_oedipus,Tupaia_belangeri,70.93717093717093,0.9571394743073645,0.7480106100795756,0.8397506925207756,12126,4085,543
Saguinus_oedipus,Mus_musculus,70.35678362227087,0.9714075647414427,0.7453770450698928,0.8435128041427254,11891,4062,350
Saguinus_oedipus,Sphaerias_blanfordi,70.872028503008,0.955132241813602,0.7487350364062693,0.8394327222414388,12134,4072,570
Saimiri_boliviensis,Lagothrix_lagotricha,81.50656199436688,0.9843670840269233,0.830392575859332,0.9008477944098555,13601,2778,216
Saimiri_boliviensis,Ateles_belzebuth,81.48904232963073,0.9866240186100611,0.8287738153395212,0.9008363201911589,13572,2804,184
Saimiri_boliviensis,Alouatta_seniculus,82.22770193059482,0.9887185420885161,0.8336077068471435,0.9045618445863244,13672,2729,156
Saimiri_boliviensis,Aotus_azarai,82.32250300842358,0.9892270985467428,0.8339631842009021,0.9049839600489468,13682,2724,149
Saimiri_boliviensis,Callithrix_penicillata,81.09774526990267,0.994661921708185,0.829479411401014,0.9045917335311173,13416,2758,72
Saimiri_boliviensis,Callimico_goeldii,81.1510444885919,0.9897209985315712,0.8228041262284075,0.8985768089857681,13480,2903,140
Saimiri_boliviensis,Leontopithecus_rosalia,78.68601085161595,0.9649237000072323,0.8141819735155916,0.8831667438935593,13342,3045,485
Saimiri_boliviensis,Saguinus_oedipus,80.18788894207755,0.9823339686263012,0.8216431637032495,0.8948317307692308,13401,2909,241
Saimiri_boliviensis,Saimiri_boliviensis,100.0,1.0,1.0,1.0,16471,0,0
Saimiri_boliviensis,Pygathrix_cinerea,73.59490354846392,0.9743812076304588,0.762553979025293,0.8555509413067554,12361,3849,325
Saimiri_boliviensis,Rhinopithecus_strykeri,73.73888126082025,0.9778340721975934,0.7591886908420405,0.854750536295066,12352,3918,280
Saimiri_boliviensis,Procolobus_verus,73.2620320855615,0.9717077783907321,0.7589560507201772,0.8522550544323484,12330,3916,359
Saimiri_boliviensis,Rhinopithecus_brelichi,73.37503723562705,0.97513855898654,0.7584210850421824,0.853233572344037,12316,3923,314
Saimiri_boliviensis,Simias_concolor,73.71442238698876,0.979890310786106,0.7559480009811136,0.853473640485998,12328,3980,253
Saimiri_boliviensis,Cercocebus_torquatus,73.92886979353145,0.9773587882612812,0.7621654875422946,0.8564515571532266,12389,3866,287
Saimiri_boliviensis,Allenopithecus_nigroviridis,73.63386344613177,0.9797152175642352,0.757348419628582,0.8542988936288282,12316,3946,255
Saimiri_boliviensis,Macaca_silenus,73.31623217801109,0.9767922428866634,0.7563542371838267,0.8525545419860566,12290,3959,292
Saimiri_boliviensis,Macaca_tonkeana,73.49584752345103,0.9788334526935625,0.7549404688842519,0.8524306157097814,12301,3993,266
Saimiri_boliviensis,Macaca_arctoides,73.16695455357674,0.9747659101729884,0.7564039408866995,0.8518133277858678,12284,3956,318
Saimiri_boliviensis,Papio_papio,72.96700674184117,0.9768370607028753,0.7542399013259328,0.8512267269879938,12230,3985,290
Saimiri_boliviensis,Homo_sapiens,70.88997327756478,0.9426077552912097,0.7710729179830659,0.8482552481579313,12203,3623,743
Saimiri_boliviensis,Gorilla_gorilla,74.11870503597122,0.9833757556474706,0.7652739090064995,0.8607233612977339,12363,3792,209
Saimiri_boliviensis,Cephalopachus_bancanus,70.8198051948052,0.9401939655172413,0.7563467492260062,0.8383089698716629,12215,3935,777
Saimiri_boliviensis,Varecia_variegata,70.88842495940617,0.9405247364776487,0.7549407114624506,0.8375757991024015,12224,3968,773
Saimiri_boliviensis,Lemur_catta,70.97982708933718,0.9333788085493406,0.7622083307544717,0.8391536915266942,12315,3842,879
Saimiri_boliviensis,Galeopterus_variegatus,70.67713214620431,0.9525538801610484,0.7472595528581161,0.8375095439716804,12066,4081,601
Saimiri_boliviensis,Oryctolagus_cuniculus,69.16276947644576,0.9194086429112964,0.7494129279446299,0.8257524172681465,12127,4055,1063
Saimiri_boliviensis,Mus_musculus,71.13187336348489,0.9728959791632753,0.7484658735128366,0.846050396375991,11953,4017,333
Saimiri_boliviensis,Tupaia_belangeri,70.02225345514172,0.9518388791593695,0.7404173633042294,0.8329211800355263,11957,4192,605
Saimiri_boliviensis,Sphaerias_blanfordi,70.47918852745715,0.9465278321459328,0.7512583110669235,0.8376636873830805,12090,4003,683
Pygathrix_cinerea,Lagothrix_lagotricha,74.40546967895362,0.977734375,0.7673206621704476,0.8598419787014773,12515,3795,285
Pygathrix_cinerea,Ateles_belzebuth,74.37878968018072,0.9775763731541527,0.7688809684753887,0.860759493670886,12512,3761,287
Pygathrix_cinerea,Alouatta_seniculus,74.66991792553824,0.9782608695652174,0.7712863988204939,0.8625309150865623,12555,3723,279
Pygathrix_cinerea,Aotus_azarai,74.22674280275993,0.9782847287550956,0.7666175205799238,0.8596128676723841,12479,3799,277
Pygathrix_cinerea,Callimico_goeldii,74.32899916497674,0.9818009926731269,0.7649152958507243,0.8598930481283422,12462,3830,231
Pygathrix_cinerea,Callithrix_penicillata,73.52185089974293,0.9846277021617293,0.7660396162950044,0.8616872197309416,12298,3756,192
Pygathrix_cinerea,Leontopithecus_rosalia,71.81717354503532,0.9537948678192107,0.755898255099533,0.8433933161953726,12303,3973,596
Pygathrix_cinerea,Saguinus_oedipus,72.54449766424221,0.9702625751344511,0.7584544049459042,0.8513827683125715,12268,3907,376
Pygathrix_cinerea,Saimiri_boliviensis,73.59490354846392,0.9793218190461099,0.762553979025293,0.8574500554938956,12361,3849,261
Pygathrix_cinerea,Pygathrix_cinerea,100.0,1.0,1.0,1.0,16535,0,0
Pygathrix_cinerea,Procolobus_verus,84.05979827089337,0.9914318085257046,0.8493690851735016,0.9149186434032544,14001,2483,121
Pygathrix_cinerea,Rhinopithecus_strykeri,87.15983829119652,0.9973762342056204,0.8748183139534884,0.9320858202935959,14445,2067,38
Pygathrix_cinerea,Rhinopithecus_brelichi,87.42836460155637,0.997110423116615,0.8777784507298165,0.9336468466147008,14493,2018,42
Pygathrix_cinerea,Simias_concolor,87.27908800289524,0.9969684442607138,0.8760670823999516,0.9326157713254487,14470,2047,44
Pygathrix_cinerea,Cercocebus_torquatus,80.75535241760885,0.9931218105169736,0.816341418931242,0.8960960960960961,13428,3021,93
Pygathrix_cinerea,Allenopithecus_nigroviridis,80.76066678702533,0.9939268256554584,0.816550045634317,0.8965494204496108,13420,3015,82
Pygathrix_cinerea,Macaca_silenus,80.22493534612377,0.9931501749683568,0.8109307556690376,0.8928380187416333,13339,3110,92
Pygathrix_cinerea,Macaca_arctoides,80.25833583658756,0.991833098225555,0.8121960116731517,0.8930708292943811,13359,3089,110
Pygathrix_cinerea,Macaca_tonkeana,80.31623880238081,0.9927175447722375,0.8115052848985542,0.893011130051138,13359,3103,98
Pygathrix_cinerea,Papio_papio,80.00240717337667,0.9938696172248804,0.8094745174450466,0.8922447061981946,13294,3129,82
Pygathrix_cinerea,Homo_sapiens,73.5357412900599,0.950530035335689,0.794607504242348,0.8656031767766671,12643,3268,658
Pygathrix_cinerea,Gorilla_gorilla,77.53753753753753,0.9911708253358925,0.7945104314111637,0.8820113411218145,12910,3339,115
Pygathrix_cinerea,Cephalopachus_bancanus,71.3588850174216,0.9471980266707778,0.7565570742519394,0.841211706315249,12288,3954,685
Pygathrix_cinerea,Varecia_variegata,71.09221335184543,0.9424079754601227,0.7579252497841371,0.8401586107882683,12289,3925,751
Pygathrix_cinerea,Lemur_catta,71.08725761772853,0.939516436579971,0.7583574462845534,0.8392723308578047,12318,3925,793
Pygathrix_cinerea,Galeopterus_variegatus,71.2090103830586,0.9595288909967592,0.7476595220497659,0.8404472600131547,12139,4097,512
Pygathrix_cinerea,Mus_musculus,71.08928571428571,0.9782929226736566,0.744668911335578,0.8456418607944487,11943,4095,265
Pygathrix_cinerea,Oryctolagus_cuniculus,69.45711678832117,0.924057355284121,0.7498153164245259,0.8278674596431604,12180,4064,1001
Pygathrix_cinerea,Tupaia_belangeri,70.65370196813495,0.9573775696483848,0.7437873836097922,0.8371737923375902,12062,4155,537
Pygathrix_cinerea,Sphaerias_blanfordi,70.67827306186832,0.9541009463722397,0.7470668148697048,0.8379857311075709,12098,4096,582
Procolobus_verus,Lagothrix_lagotricha,74.32448447499408,0.9788512564382706,0.7683778485665278,0.8609376072482668,12543,3781,271
Procolobus_verus,Ateles_belzebuth,74.11254897304998,0.9810623919534811,0.7650591335253386,0.8597004647960064,12485,3834,241
Procolobus_verus,Alouatta_seniculus,74.40839807840578,0.980003124511795,0.769646033985645,0.86217915678796,12546,3755,256
Procolobus_verus,Aotus_azarai,74.52987383956201,0.984359034818832,0.7657128882367327,0.8613776264658345,12524,3832,199
Procolobus_verus,Callithrix_penicillata,73.26212781192196,0.9876126126126126,0.7629878200347999,0.8608890758659374,12278,3814,154
Procolobus_verus,Callimico_goeldii,74.42482611021937,0.9830388692579505,0.7677071196418715,0.8621307072515666,12519,3788,216
Procolobus_verus,Leontopithecus_rosalia,72.09085614443798,0.9563470601869737,0.7590605261544122,0.8463589743589743,12378,3929,565
Procolobus_verus,Saguinus_oedipus,73.15126795531123,0.975407897848191,0.7620543136892666,0.8556316116988177,12375,3864,312
Procolobus_verus,Saimiri_boliviensis,73.25609031491385,0.982077425521746,0.7588944971069802,0.8561805555555555,12329,3917,225
Procolobus_verus,Pygathrix_cinerea,84.05979827089337,0.9963706233988044,0.8493690851735016,0.9170159811370187,14001,2483,51
Procolobus_verus,Procolobus_verus,100.0,1.0,1.0,1.0,16605,0,0
Procolobus_verus,Rhinopithecus_strykeri,84.51330090674352,0.9966010480101969,0.8528663192340322,0.9191483803552769,14074,2428,48
Procolobus_verus,Rhinopithecus_brelichi,84.5078031212485,0.9961086741191453,0.8533761668080979,0.919234787150692,14079,2419,55
Procolobus_verus,Simias_concolor,84.61492250390484,0.9970975506158856,0.8526029055690073,0.9192064217189845,14085,2435,41
Procolobus_verus,Cercocebus_torquatus,81.26536731634182,0.994860876587622,0.8226687712481787,0.9006081148439836,13551,2921,70
Procolobus_verus,Allenopithecus_nigroviridis,81.0014992503748,0.9948442218457686,0.8212439958655073,0.8997468691713296,13507,2940,70
Procolobus_verus,Macaca_silenus,80.47479167915593,0.9943703703703703,0.8153051928332827,0.8959786417487069,13424,3041,76
Procolobus_verus,Macaca_tonkeana,80.50710303902176,0.9942260715078837,0.8148889697852202,0.895668700610183,13431,3051,78
Procolobus_verus,Macaca_arctoides,80.18438697318008,0.9926628622248573,0.8137796949996963,0.8943643162393162,13394,3065,99
Procolobus_verus,Papio_papio,80.27619333533474,0.996274217585693,0.8125189911880887,0.8950627615062762,13370,3085,50
Procolobus_verus,Homo_sapiens,73.67840770614518,0.9528705440900563,0.7964995922464086,0.8676963028770587,12697,3244,628
Procolobus_verus,Gorilla_gorilla,77.59736369083284,0.9934795949677815,0.7955648381350205,0.883574961623742,12951,3328,85
Procolobus_verus,Cephalopachus_bancanus,71.11574556830031,0.9491997216423104,0.7545175169022741,0.8407355408690889,12276,3994,657
Procolobus_verus,Varecia_variegata,71.58089939731109,0.9499346304698916,0.7571411057987005,0.8426510215915681,12352,3962,651
Procolobus_verus,Lemur_catta,71.09523535173129,0.9425603421937061,0.7577990665684107,0.8401416122004358,12340,3944,752
Procolobus_verus,Oryctolagus_cuniculus,69.44270507201001,0.9269052503609149,0.749186267886753,0.8286238282842004,12199,4084,962
Procolobus_verus,Galeopterus_variegatus,71.2004212004212,0.9613744075829384,0.7485700227566271,0.8417303502887375,12171,4088,489
Procolobus_verus,Mus_musculus,70.77810140878559,0.9820206185567011,0.7402548958657134,0.8441687344913151,11907,4178,218
Procolobus_verus,Tupaia_belangeri,70.82967900368357,0.9605137963843958,0.7452017716535433,0.839268394069558,12114,4142,498
Procolobus_verus,Sphaerias_blanfordi,70.79496444807087,0.9564566929133859,0.7487517721753066,0.8399543615807489,12147,4076,553
Rhinopithecus_strykeri,Lagothrix_lagotricha,74.29859422267039,0.9759252045188936,0.769126857423554,0.8602726554719962,12526,3760,309
Rhinopithecus_strykeri,Ateles_belzebuth,74.23352902804957,0.9756059543293586,0.7704807041299933,0.8609945663388128,12518,3729,313
Rhinopithecus_strykeri,Alouatta_seniculus,74.3227186311787,0.9779549718574109,0.7686635944700461,0.8607699452987924,12510,3765,282
Rhinopithecus_strykeri,Aotus_azarai,74.14695042206634,0.9786582973715182,0.7660136338512559,0.8593771530935649,12473,3810,272
Rhinopithecus_strykeri,Callithrix_penicillata,73.56143079315707,0.9865233434943045,0.7648961313596219,0.8616872197309418,12298,3780,168
Rhinopithecus_strykeri,Callimico_goeldii,74.24828818100625,0.9807314195831695,0.7660646271040669,0.8602076363260097,12470,3808,245
Rhinopithecus_strykeri,Leontopithecus_rosalia,71.96823728615637,0.9552817174300551,0.756428352255293,0.844304404411261,12326,3969,577
Rhinopithecus_strykeri,Saguinus_oedipus,72.77359720329443,0.9740661432310255,0.7570266272189349,0.8519404848610966,12282,3942,327
Rhinopithecus_strykeri,Saimiri_boliviensis,73.73888126082025,0.9839878913407154,0.7591886908420405,0.8570932935502898,12352,3918,201
Rhinopithecus_strykeri,Pygathrix_cinerea,87.15983829119652,0.9984102847663809,0.8748183139534884,0.9325371207230472,14445,2067,23
Rhinopithecus_strykeri,Procolobus_verus,84.51330090674352,0.9927347111518657,0.8528663192340322,0.9175005704227647,14074,2428,103
Rhinopithecus_strykeri,Rhinopithecus_brelichi,95.26512863872448,0.9994930933975416,0.9533998186763373,0.9759024963652674,15774,771,8
Rhinopithecus_strykeri,Rhinopithecus_strykeri,100.0,1.0,1.0,1.0,16550,0,0
Rhinopithecus_strykeri,Simias_concolor,87.59493670886076,0.9972550096074664,0.8796077719266389,0.9347441546328756,14532,1989,40
Rhinopithecus_strykeri,Cercocebus_torquatus,80.9664042310235,0.9934370621635572,0.8188172369780587,0.8977143999466916,13472,2981,89
Rhinopithecus_strykeri,Macaca_silenus,80.30649038461539,0.9933100423697316,0.812291046137013,0.8937265917602997,13363,3088,90
Rhinopithecus_strykeri,Allenopithecus_nigroviridis,80.85784756060879,0.9945981944649993,0.8173801994648504,0.8973229187529208,13441,3003,73
Rhinopithecus_strykeri,Macaca_arctoides,80.0036040365209,0.9926958336438846,0.8091737545565006,0.8915888476085283,13319,3141,98
Rhinopithecus_strykeri,Macaca_tonkeana,80.53336536728932,0.9926704671651736,0.8145313164449305,0.8948211425520556,13408,3053,99
Rhinopithecus_strykeri,Papio_papio,80.38885210377416,0.9953048144283798,0.8122491181121518,0.8945077026121903,13355,3087,63
Rhinopithecus_strykeri,Homo_sapiens,73.52992496946432,0.9515995483628152,0.7937963079241492,0.8655643421998563,12642,3284,643
Rhinopithecus_strykeri,Gorilla_gorilla,77.27954859235248,0.9916044057613803,0.7920024607812981,0.8806347903413367,12874,3381,109
Rhinopithecus_strykeri,Cephalopachus_bancanus,71.25290023201856,0.9468167103437645,0.7565436964956581,0.8410530279689158,12284,3953,690
Rhinopithecus_strykeri,Varecia_variegata,70.89772529953117,0.9439734895191122,0.7543416676930657,0.8385705483672212,12249,3989,727
Rhinopithecus_strykeri,Lemur_catta,70.67457119834235,0.9371136380981455,0.7574019245003701,0.8377281255330036,12279,3933,824
Rhinopithecus_strykeri,Galeopterus_variegatus,70.9119681162818,0.9594005233526287,0.7451958610495196,0.8388393940444414,12099,4137,512
Rhinopithecus_strykeri,Oryctolagus_cuniculus,69.48322032932596,0.924143679903001,0.7507387343018961,0.8284646739130435,12195,4049,1001
Rhinopithecus_strykeri,Mus_musculus,71.08807055178167,0.9809241901003124,0.7423309066019538,0.8451103318811319,11930,4141,232
Rhinopithecus_strykeri,Tupaia_belangeri,70.24136520367016,0.9554054054054054,0.7422342987710739,0.8354359990268654,12019,4174,561
Rhinopithecus_strykeri,Sphaerias_blanfordi,70.60917259890303,0.9536606509575223,0.7475290338522362,0.8381064515011947,12101,4087,588
Rhinopithecus_brelichi,Lagothrix_lagotricha,74.20846673781573,0.9756021513757892,0.7687016337059329,0.8598811445845213,12516,3766,313
Rhinopithecus_brelichi,Ateles_belzebuth,74.3574523654063,0.9770688713828874,0.7701340218861429,0.8613469935022517,12527,3739,294
Rhinopithecus_brelichi,Alouatta_seniculus,74.2351333689776,0.9780839073262367,0.7677090372918842,0.8602209754586446,12496,3781,280
Rhinopithecus_brelichi,Aotus_azarai,74.32400238237045,0.9813620635419943,0.7647383257752175,0.859612867672384,12479,3839,237
Rhinopithecus_brelichi,Callithrix_penicillata,73.46694585701466,0.9869795852756792,0.7634916687391197,0.8609689406155788,12280,3804,162
Rhinopithecus_brelichi,Callimico_goeldii,74.22772454020594,0.980501611761931,0.7662672811059907,0.8602469476443402,12471,3804,248
Rhinopithecus_brelichi,Leontopithecus_rosalia,71.9127340605495,0.9543272952469423,0.7571551406461122,0.8443835616438355,12328,3954,590
Rhinopithecus_brelichi,Saguinus_oedipus,72.72835112692763,0.9755748269552073,0.7548633341541492,0.8511435810224551,12262,3982,307
Rhinopithecus_brelichi,Saimiri_boliviensis,73.37503723562705,0.9815109977685686,0.7584210850421824,0.8556640150067738,12316,3923,232
Rhinopithecus_brelichi,Pygathrix_cinerea,87.42836460155637,0.998346765860715,0.8777784507298165,0.9341884749258734,14493,2018,24
Rhinopithecus_brelichi,Procolobus_verus,84.5078031212485,0.992457352319188,0.8533761668080979,0.9176769651935862,14079,2419,107
Rhinopithecus_brelichi,Rhinopithecus_strykeri,95.26512863872448,0.9996831231383484,0.9533998186763373,0.9759930701645837,15774,771,5
Rhinopithecus_brelichi,Rhinopithecus_brelichi,100.0,1.0,1.0,1.0,16553,0,0
Rhinopithecus_brelichi,Cercocebus_torquatus,80.93291656648233,0.9938731822543737,0.818032687283553,0.8974205158968206,13464,2995,83
Rhinopithecus_brelichi,Simias_concolor,87.68757909962032,0.9972583961617546,0.8806972943526421,0.9353604834302979,14550,1971,40
Rhinopithecus_brelichi,Allenopithecus_nigroviridis,80.72644175837392,0.9943703703703703,0.8164953469983578,0.8966968371129889,13424,3017,76
Rhinopithecus_brelichi,Macaca_silenus,80.28253681995793,0.993897447346878,0.8114101707272616,0.8934305592721434,13355,3104,82
Rhinopithecus_brelichi,Macaca_tonkeana,80.234375,0.9935258222949843,0.8104777514721059,0.8927150546621645,13351,3122,87
Rhinopithecus_brelichi,Macaca_arctoides,80.21371112978748,0.9922031632880374,0.8121315261654409,0.8931818181818182,13362,3091,105
Rhinopithecus_brelichi,Papio_papio,80.24193548387096,0.9952971036130188,0.8109110813769614,0.8936926067430793,13333,3109,63
Rhinopithecus_brelichi,Homo_sapiens,73.42787399744276,0.9508542184089712,0.7937924101533048,0.8652535698387153,12634,3282,653
Rhinopithecus_brelichi,Gorilla_gorilla,77.24382049436045,0.9911470361816782,0.7923564527047818,0.8806730736345292,12875,3374,115
Rhinopithecus_brelichi,Cephalopachus_bancanus,71.1776979251188,0.9460021568325374,0.7568716874152595,0.8409339906874829,12281,3945,701
Rhinopithecus_brelichi,Varecia_variegata,71.18202351305959,0.9450980392156862,0.7563226878345948,0.8402378999179656,12291,3960,714
Rhinopithecus_brelichi,Lemur_catta,70.58078627755712,0.9373184528359578,0.7561667488899853,0.8370537238036727,12262,3954,820
Rhinopithecus_brelichi,Galeopterus_variegatus,70.74530516431925,0.9611704672301068,0.7413443207674805,0.8370655834461688,12055,4206,487
Rhinopithecus_brelichi,Oryctolagus_cuniculus,69.46703827996132,0.9223623593384186,0.753098600234322,0.8291805282096544,12213,4004,1028
Rhinopithecus_brelichi,Mus_musculus,70.90898267754034,0.9797664089488403,0.7418571339602665,0.8443735601630339,11912,4145,246
Rhinopithecus_brelichi,Tupaia_belangeri,70.27769657994739,0.9560963970412789,0.7419454388347118,0.835516941789748,12021,4181,552
Rhinopithecus_brelichi,Sphaerias_blanfordi,70.29518142573795,0.9533982118838515,0.7444245382096745,0.8360507874835219,12050,4137,589
Simias_concolor,Ateles_belzebuth,74.35120850406794,0.9782778559149867,0.7689473037710355,0.8610729023383769,12520,3762,278
Simias_concolor,Lagothrix_lagotricha,74.05649181106101,0.9772140004698144,0.7654563297350343,0.858469475494411,12480,3824,291
Simias_concolor,Alouatta_seniculus,74.25824827913601,0.9772745021475986,0.7693348088036395,0.8609266967080597,12514,3752,291
Simias_concolor,Aotus_azarai,74.24936084190499,0.9797583555625294,0.7662760017181076,0.8599662569293806,12488,3809,258
Simias_concolor,Callithrix_penicillata,73.34529147982063,0.9868071756093637,0.7627782614102724,0.8604496194718199,12267,3815,164
Simias_concolor,Callimico_goeldii,74.13772526554482,0.9843910942080659,0.7609947323288007,0.8583963795902857,12424,3902,197
Simias_concolor,Leontopithecus_rosalia,72.12273231056407,0.9550440290437201,0.7589932473910375,0.8458065398823368,12364,3926,582
Simias_concolor,Saguinus_oedipus,72.79307071665876,0.9765220851571826,0.7547982283464567,0.8514624752784429,12270,3986,295
Simias_concolor,Saimiri_boliviensis,73.71442238698876,0.9869506044351933,0.7559480009811136,0.8561408382235495,12328,3980,163
Simias_concolor,Pygathrix_cinerea,87.27908800289524,0.9987575924903368,0.8760670823999516,0.9333978390582165,14470,2047,18
Simias_concolor,Procolobus_verus,84.61492250390484,0.9940014114326041,0.8526029055690073,0.9178885630498534,14085,2435,85
Simias_concolor,Rhinopithecus_strykeri,87.59493670886076,0.9980083785454296,0.8796077719266389,0.935074963001094,14532,1989,29
Simias_concolor,Rhinopithecus_brelichi,87.68757909962032,0.997805513646962,0.8806972943526421,0.9356010674211491,14550,1971,32
Simias_concolor,Simias_concolor,100.0,1.0,1.0,1.0,16561,0,0
Simias_concolor,Cercocebus_torquatus,81.73897368104795,0.9940806781642795,0.8263774983293846,0.9025045612871123,13603,2858,81
Simias_concolor,Allenopithecus_nigroviridis,81.19966342108427,0.994332818134982,0.8217761557177615,0.8998567955506709,13510,2930,77
Simias_concolor,Macaca_silenus,81.11244738424534,0.9949107537984954,0.8189048081593007,0.8983682983682983,13489,2983,69
Simias_concolor,Macaca_arctoides,80.78377242993459,0.9924795399247954,0.8179995138551288,0.8968320063959493,13461,2995,102
Simias_concolor,Macaca_tonkeana,81.05737458696305,0.9938126104890984,0.8188880796309784,0.89791028883269,13492,2984,84
Simias_concolor,Papio_papio,80.59647645962359,0.9948048092622829,0.8155765135381807,0.8963188337958473,13404,3031,70
Simias_concolor,Homo_sapiens,73.7970711297071,0.9515210549977521,0.7975756814470544,0.8677736777367774,12699,3223,647
Simias_concolor,Gorilla_gorilla,77.93667007150154,0.9937179192522791,0.79664660361135,0.8843361172660644,12971,3311,82
Simias_concolor,Cephalopachus_bancanus,71.0094509190004,0.9469573958091704,0.7540791823163598,0.8395831905120998,12247,3994,686
Simias_concolor,Varecia_variegata,71.32335884945488,0.9473886920351255,0.7553740326741186,0.8405549480590486,12299,3983,683
Simias_concolor,Lemur_catta,70.82732776016142,0.9400107123727905,0.7559069652965789,0.8379659629616998,12285,3967,784
Simias_concolor,Galeopterus_variegatus,71.35657779079989,0.9602555003548616,0.749630632849052,0.8419706136560069,12177,4067,504
Simias_concolor,Oryctolagus_cuniculus,69.85013391076414,0.9254114449645175,0.7540136556560251,0.830966342405857,12258,3999,988
Simias_concolor,Mus_musculus,71.03945643104065,0.9821193144363876,0.7409548675867214,0.8446601941747571,11919,4167,217
Simias_concolor,Tupaia_belangeri,70.44816288322022,0.9577632834871143,0.7422178388707391,0.8363257509984372,12041,4182,531
Simias_concolor,Sphaerias_blanfordi,70.87713151132913,0.9556692913385827,0.7485968050329982,0.8395531421851761,12137,4076,563
Cercocebus_torquatus,Lagothrix_lagotricha,74.33266105113299,0.9754028177784697,0.7697647275631181,0.8604683101009407,12531,3748,316
Cercocebus_torquatus,Ateles_belzebuth,74.2802872915059,0.9762071924487089,0.7698554290987388,0.8608378620072917,12514,3741,305
Cercocebus_torquatus,Alouatta_seniculus,74.18702811961239,0.9781313685530647,0.7666175205799238,0.8595536575285853,12479,3799,279
Cercocebus_torquatus,Aotus_azarai,74.42661913250149,0.9775245824879039,0.7700252044015492,0.8614559334273237,12526,3741,288
Cercocebus_torquatus,Callithrix_penicillata,73.38357557270172,0.9857785633938615,0.7635198207729168,0.8605295458530597,12269,3800,177
Cercocebus_torquatus,Callimico_goeldii,73.9358218729535,0.9798800694334858,0.7634005409392672,0.8581991569345586,12419,3849,255
Cercocebus_torquatus,Saguinus_oedipus,73.34754797441364,0.9731258840169731,0.7640199888950583,0.8559875583203732,12384,3825,342
Cercocebus_torquatus,Leontopithecus_rosalia,71.51943050530984,0.953629502839804,0.7530720078643401,0.8415668234405576,12257,4019,596
Cercocebus_torquatus,Saimiri_boliviensis,73.93899600071629,0.9832513097317035,0.7618081180811808,0.8584794511054128,12387,3873,211
Cercocebus_torquatus,Pygathrix_cinerea,80.75535241760885,0.9936362290957526,0.816341418931242,0.8963054433801688,13428,3021,86
Cercocebus_torquatus,Procolobus_verus,81.26536731634182,0.9902806197018416,0.8226687712481787,0.8987266215678471,13551,2921,133
Cercocebus_torquatus,Rhinopithecus_strykeri,80.9664042310235,0.9928513523472622,0.8188172369780587,0.8974751848644328,13472,2981,97
Cercocebus_torquatus,Simias_concolor,81.73897368104795,0.9927023279573816,0.8263774983293846,0.9019360827476461,13603,2858,100
Cercocebus_torquatus,Rhinopithecus_brelichi,80.93291656648233,0.9930668240153415,0.818032687283553,0.8970916480660959,13464,2995,94
Cercocebus_torquatus,Cercocebus_torquatus,100.0,1.0,1.0,1.0,16542,0,0
Cercocebus_torquatus,Allenopithecus_nigroviridis,84.54167419996384,0.9963775836352013,0.8519373253977894,0.9185136683581601,14028,2438,51
Cercocebus_torquatus,Macaca_silenus,85.57222925329958,0.996421052631579,0.8610673135233475,0.9238126219908914,14199,2291,51
Cercocebus_torquatus,Macaca_arctoides,85.75213778152475,0.9955257270693513,0.8633442463926276,0.9247353724267809,14240,2254,64
Cercocebus_torquatus,Macaca_tonkeana,85.95434560019274,0.9957437901200111,0.8649615128189587,0.9257565437384451,14271,2228,61
Cercocebus_torquatus,Papio_papio,84.93696084936961,0.9975203684024088,0.8548876745598057,0.9207127676965833,14080,2390,35
Cercocebus_torquatus,Homo_sapiens,74.54471402804445,0.9520695548785019,0.8045717156493344,0.8721282461454682,12812,3112,645
Cercocebus_torquatus,Gorilla_gorilla,78.30137645008115,0.992760249961896,0.8007253057962997,0.8864618420604947,13027,3242,95
Cercocebus_torquatus,Cephalopachus_bancanus,70.64719856306854,0.9444616576297444,0.7521900061690314,0.8374313186813186,12193,4017,717
Cercocebus_torquatus,Varecia_variegata,70.76263825351786,0.9438479956746737,0.7525557334647124,0.8374164810690423,12220,4018,727
Cercocebus_torquatus,Galeopterus_variegatus,71.43611094822026,0.9597415898526747,0.7502617478598264,0.8421707569996544,12182,4055,511
Cercocebus_torquatus,Lemur_catta,70.21927293710328,0.9391834529597901,0.7489537173806007,0.8333504536894367,12169,4079,788
Cercocebus_torquatus,Oryctolagus_cuniculus,69.18564920273349,0.9226855016328701,0.7486904541813028,0.826631285296319,12149,4078,1018
Cercocebus_torquatus,Mus_musculus,70.7666686492595,0.9777302982989564,0.7421407185628742,0.8437998652530053,11898,4134,271
Cercocebus_torquatus,Sphaerias_blanfordi,70.20225502731606,0.9478929608412462,0.7496896722939425,0.837220585687056,12079,4033,664
Cercocebus_torquatus,Tupaia_belangeri,70.40876083391895,0.9574739189296807,0.7412453760789149,0.835597873301595,12023,4197,534
Allenopithecus_nigroviridis,Lagothrix_lagotricha,73.83155397390273,0.9731842701899773,0.7659365001230618,0.8572117205522846,12448,3804,343
Allenopithecus_nigroviridis,Ateles_belzebuth,74.04371584699453,0.9750488854125929,0.7675635736715719,0.8589540412044375,12466,3775,319
Allenopithecus_nigroviridis,Aotus_azarai,74.08442330558859,0.9762613600752116,0.7667364016736402,0.8589054314860767,12461,3791,303
Allenopithecus_nigroviridis,Alouatta_seniculus,74.20733879586747,0.9746549169461125,0.769960571710202,0.8602994321115127,12498,3734,325
Allenopithecus_nigroviridis,Callithrix_penicillata,73.01406764441784,0.9848203471941865,0.7595590982687757,0.8576451147909855,12197,3861,188
Allenopithecus_nigroviridis,Callimico_goeldii,73.91382084748793,0.9793114339861023,0.7626837217883279,0.8575280898876404,12402,3859,262
Allenopithecus_nigroviridis,Saimiri_boliviensis,73.63386344613177,0.983313373253493,0.757348419628582,0.8556640150067739,12316,3946,209
Allenopithecus_nigroviridis,Saguinus_oedipus,72.50724894964199,0.9697665215670755,0.7578081514008288,0.8507846132481601,12253,3916,382
Allenopithecus_nigroviridis,Pygathrix_cinerea,80.76066678702533,0.992603550295858,0.816550045634317,0.8960106826907027,13420,3015,100
Allenopithecus_nigroviridis,Leontopithecus_rosalia,71.18337322669157,0.9522061694650528,0.7498769987699877,0.8390159986237743,12193,4067,612
Allenopithecus_nigroviridis,Rhinopithecus_strykeri,80.85784756060879,0.9921753893851037,0.8173801994648504,0.8963355673368677,13441,3003,106
Allenopithecus_nigroviridis,Procolobus_verus,81.0014992503748,0.9884376143432125,0.8212439958655073,0.8971174282678002,13507,2940,158
Allenopithecus_nigroviridis,Rhinopithecus_brelichi,80.72644175837392,0.991725768321513,0.8164953469983578,0.8956199753144077,13424,3017,112
Allenopithecus_nigroviridis,Simias_concolor,81.19966342108427,0.9911231751155455,0.8217761557177615,0.8985401217119483,13510,2930,121
Allenopithecus_nigroviridis,Allenopithecus_nigroviridis,100.0,1.0,1.0,1.0,16517,0,0
Allenopithecus_nigroviridis,Cercocebus_torquatus,84.54167419996384,0.9946114577424844,0.8519373253977894,0.9177625122669284,14028,2438,76
Allenopithecus_nigroviridis,Macaca_silenus,84.35521794176162,0.9950220452282748,0.849493048388076,0.9165165558575966,13992,2479,70
Allenopithecus_nigroviridis,Macaca_arctoides,84.1740910185408,0.9932518823696548,0.8493591690457389,0.9156871091319866,13983,2480,95
Allenopithecus_nigroviridis,Macaca_tonkeana,84.42262514306367,0.9940421306475636,0.850631221170187,0.9167620605069501,14015,2461,84
Allenopithecus_nigroviridis,Papio_papio,83.74592440526506,0.9967660797700323,0.8426488456865128,0.9132510288065843,13870,2590,45
Allenopithecus_nigroviridis,Homo_sapiens,73.87077997671712,0.9503519544705706,0.7978750157173393,0.8674641148325359,12691,3215,663
Allenopithecus_nigroviridis,Gorilla_gorilla,77.94825511432009,0.9921121151784347,0.7966914703892749,0.8837272758279614,12955,3306,103
Allenopithecus_nigroviridis,Cephalopachus_bancanus,70.61655356417842,0.9438716179548802,0.7514040609763624,0.836712253453371,12175,4028,724
Allenopithecus_nigroviridis,Varecia_variegata,70.53137300300996,0.9413627935723115,0.7518820190053067,0.8360205831903946,12185,4021,759
Allenopithecus_nigroviridis,Galeopterus_variegatus,71.35483870967742,0.9580281911961572,0.7502929386370645,0.8415300546448088,12166,4049,533
Allenopithecus_nigroviridis,Lemur_catta,70.06983320828765,0.9374565670604587,0.7482435597189696,0.832230866778627,12141,4085,810
Allenopithecus_nigroviridis,Oryctolagus_cuniculus,69.18482279993174,0.9196914700544465,0.7515293826855342,0.8271499982997246,12162,4021,1062
Allenopithecus_nigroviridis,Mus_musculus,70.62574493444576,0.9782895823014693,0.7388403990024938,0.8418697165589258,11851,4189,263
Allenopithecus_nigroviridis,Tupaia_belangeri,70.25097993330603,0.954227590591227,0.742242551613302,0.8349906126138654,12008,4170,576
Allenopithecus_nigroviridis,Sphaerias_blanfordi,70.35202238023079,0.9495752045311516,0.748125193678339,0.8368981176552155,12071,4064,641
Macaca_silenus,Lagothrix_lagotricha,74.06944939945296,0.9782472121878436,0.7633901213383993,0.8575657441828445,12457,3861,277
Macaca_silenus,Ateles_belzebuth,74.00320874680611,0.9773975827970491,0.7653638151425762,0.8584821120838216,12454,3818,288
Macaca_silenus,Alouatta_seniculus,73.80909901873328,0.9783996846669294,0.7622059816987041,0.8568765534382766,12411,3872,274
Macaca_silenus,Aotus_azarai,74.027446300716,0.9826548392206558,0.7594882468168462,0.8567778468337821,12407,3929,219
Macaca_silenus,Callithrix_penicillata,73.02907046297403,0.9857096722105603,0.7597859232061733,0.8581268669829555,12209,3860,177
Macaca_silenus,Leontopithecus_rosalia,70.94962260839038,0.9566109182707478,0.7429236613160152,0.8363335402441547,12126,4196,550
Macaca_silenus,Callimico_goeldii,73.23229309624679,0.9825474341525898,0.7527138914443422,0.8524100569523545,12273,4032,218
Macaca_silenus,Saguinus_oedipus,72.70356761882185,0.9735735259106421,0.7564434578862992,0.8513827683125715,12268,3950,333
Macaca_silenus,Saimiri_boliviensis,73.3182251908397,0.9818704576311796,0.7568332922925388,0.8547888058404312,12294,3950,227
Macaca_silenus,Pygathrix_cinerea,80.22493534612377,0.9935940409683427,0.8109307556690376,0.8930173394925354,13339,3110,86
Macaca_silenus,Procolobus_verus,80.47479167915593,0.9896785608964908,0.8153051928332827,0.8940690665689833,13424,3041,140
Macaca_silenus,Rhinopithecus_strykeri,80.30649038461539,0.9926459664240084,0.812291046137013,0.8934576939792065,13363,3088,99
Macaca_silenus,Rhinopithecus_brelichi,80.28253681995793,0.9930106327608,0.8114101707272616,0.8930720877357228,13355,3104,94
Macaca_silenus,Simias_concolor,81.11244738424534,0.9934452791280012,0.8189048081593007,0.8977703826955076,13489,2983,89
Macaca_silenus,Cercocebus_torquatus,85.57222925329958,0.9963511332538068,0.8610673135233475,0.9237825705084415,14199,2291,52
Macaca_silenus,Allenopithecus_nigroviridis,84.35521794176162,0.9967231799401625,0.849493048388076,0.9172375364646498,13992,2479,46
Macaca_silenus,Macaca_arctoides,90.0168898540234,0.9975267379679145,0.9032746201803765,0.9480639115657064,14923,1598,37
Macaca_silenus,Macaca_silenus,100.0,1.0,1.0,1.0,16541,0,0
Macaca_silenus,Macaca_tonkeana,91.75519072911636,0.9982270667804846,0.9194943446440452,0.9572445060134752,15202,1331,27
Macaca_silenus,Papio_papio,84.93696084936961,0.9974497024652876,0.8549395834598337,0.9207127676965832,14080,2389,36
Macaca_silenus,Homo_sapiens,74.19786096256685,0.9506255585344057,0.8025273481705016,0.8703211290652485,12765,3141,663
Macaca_silenus,Gorilla_gorilla,78.10996150144369,0.993648607284971,0.7975554327129784,0.8848683089713448,12985,3296,83
Macaca_silenus,Cephalopachus_bancanus,70.35126362160909,0.9446606475716065,0.7484583127775037,0.8351913019543078,12137,4079,711
Macaca_silenus,Varecia_variegata,70.43069966958437,0.9447900466562986,0.7474623192863734,0.8346213292117465,12150,4105,710
Macaca_silenus,Lemur_catta,69.78691459259687,0.9396625456807403,0.7432349323493235,0.829985234023557,12085,4175,776
Macaca_silenus,Galeopterus_variegatus,71.16568012658969,0.9587840505329649,0.7483668186860594,0.8406078017375653,12143,4083,522
Macaca_silenus,Oryctolagus_cuniculus,68.81408065618592,0.9224954184483812,0.744362292051756,0.8239105230853168,12081,4149,1015
Macaca_silenus,Mus_musculus,70.15413914181991,0.9782572614107884,0.7348669035596285,0.8392723648143533,11788,4253,262
Macaca_silenus,Tupaia_belangeri,70.19782277888329,0.9565356089002313,0.7399592818804368,0.8344232642270767,11994,4215,545
Macaca_silenus,Sphaerias_blanfordi,70.69992989016126,0.9546386872830546,0.7469292019011172,0.8381064515011947,12101,4100,575
Macaca_arctoides,Ateles_belzebuth,73.61868626986009,0.9756442489000628,0.7641846153846154,0.8570639795707088,12418,3832,310
Macaca_arctoides,Lagothrix_lagotricha,73.66862152716071,0.9746845364056744,0.7642576204523107,0.8567393475939513,12436,3836,323
Macaca_arctoides,Alouatta_seniculus,73.7358131796304,0.978627760252366,0.7619427729338082,0.8567976248014914,12409,3877,271
Macaca_arctoides,Aotus_azarai,73.89180171591993,0.9821032625910675,0.7595076244717986,0.8565804468694962,12402,3927,226
Macaca_arctoides,Callithrix_penicillata,72.92140208158871,0.9870455833535746,0.757863981101579,0.857404086225692,12191,3895,160
Macaca_arctoides,Callimico_goeldii,72.96525464064732,0.9800223749400672,0.7536410004301604,0.8520512731441275,12264,4009,250
Macaca_arctoides,Leontopithecus_rosalia,70.68512353250394,0.9555467824713778,0.74204427003495,0.8353696417477738,12102,4207,563
Macaca_arctoides,Saguinus_oedipus,72.31461206131266,0.9730052556139512,0.753700962250185,0.8494264859228363,12219,3993,339
Macaca_arctoides,Saimiri_boliviensis,73.16099827267854,0.981540674444622,0.7563423645320198,0.854350699033178,12283,3957,231
Macaca_arctoides,Pygathrix_cinerea,80.25833583658756,0.9935296742525658,0.8121960116731517,0.8937579447380746,13359,3089,87
Macaca_arctoides,Procolobus_verus,80.18438697318008,0.9892171344165436,0.8137796949996963,0.8929630987699589,13394,3065,146
Macaca_arctoides,Rhinopithecus_strykeri,80.0036040365209,0.9932880900887464,0.8091737545565006,0.8918276473936187,13319,3141,90
Macaca_arctoides,Rhinopithecus_brelichi,80.21371112978748,0.9925716832565741,0.8121315261654409,0.8933311047969247,13362,3091,100
Macaca_arctoides,Simias_concolor,80.78377242993459,0.9922600619195047,0.8179995138551288,0.8967423889147959,13461,2995,105
Macaca_arctoides,Cercocebus_torquatus,85.75213778152475,0.9966405375139977,0.8633442463926276,0.9252160353453317,14240,2254,48
Macaca_arctoides,Allenopithecus_nigroviridis,84.16205152901517,0.9961524759529747,0.8492376845046468,0.9168470063610729,13981,2482,54
Macaca_arctoides,Macaca_silenus,90.0168898540234,0.998661580673225,0.9032746201803765,0.9485761505212307,14923,1598,20
Macaca_arctoides,Macaca_arctoides,100.0,1.0,1.0,1.0,16558,0,0
Macaca_arctoides,Macaca_tonkeana,89.98793727382389,0.9985276402088074,0.9021647115733462,0.9479034307496823,14920,1618,22
Macaca_arctoides,Papio_papio,84.47549078646273,0.9965899403239556,0.8524032326669503,0.918874660203714,14028,2429,48
Macaca_arctoides,Homo_sapiens,74.04008132442637,0.9509811236290383,0.8010306686777275,0.8695889476377281,12746,3166,657
Macaca_arctoides,Cephalopachus_bancanus,70.28935185185185,0.9438918246813802,0.7495217525455107,0.8355518866302067,12146,4059,722
Macaca_arctoides,Gorilla_gorilla,78.04072316655655,0.9930449403852033,0.7984391323050452,0.8851721906189324,12993,3280,91
Macaca_arctoides,Varecia_variegata,70.02545118000926,0.9431287005297601,0.7456729288574069,0.8328574868425579,12106,4129,730
Macaca_arctoides,Lemur_catta,69.79699810224855,0.935919185687847,0.7489663684048133,0.8320707503513523,12137,4068,831
Macaca_arctoides,Galeopterus_variegatus,71.27304653204565,0.9585170025188917,0.7506935454041058,0.8419706136560069,12177,4044,527
Macaca_arctoides,Oryctolagus_cuniculus,69.03313817995794,0.9214719271623673,0.7492288710672425,0.8264715889758423,12145,4065,1035
Macaca_arctoides,Mus_musculus,70.14553014553015,0.9770809200728116,0.7368650942218894,0.8401394422310757,11809,4217,277
Macaca_arctoides,Tupaia_belangeri,70.06023039588328,0.9566432449696582,0.7390660662513109,0.8338959457108056,11981,4230,543
Macaca_arctoides,Sphaerias_blanfordi,70.47569202140032,0.9499882417496277,0.7509604659809146,0.8388302474476553,12119,4019,638
Macaca_tonkeana,Lagothrix_lagotricha,73.69232593998339,0.9762727844123193,0.7626588105321304,0.8563454050515145,12426,3867,302
Macaca_tonkeana,Ateles_belzebuth,73.56451517130812,0.9778216258879242,0.7610418330364273,0.855919030018308,12389,3890,281
Macaca_tonkeana,Alouatta_seniculus,73.82677913745991,0.9784285939222169,0.7632500153534361,0.8575470070726238,12428,3855,274
Macaca_tonkeana,Aotus_azarai,73.84194565023488,0.979723865877712,0.7619339796294023,0.8572118869292099,12418,3880,257
Macaca_tonkeana,Callimico_goeldii,73.2000476020469,0.9803952821166719,0.7557903790624808,0.8535646140503036,12302,3975,246
Macaca_tonkeana,Callithrix_penicillata,73.04176375694568,0.9857281083696178,0.7607816292239716,0.8587685715289242,12225,3844,177
Macaca_tonkeana,Leontopithecus_rosalia,70.95455076527632,0.9560768261964736,0.7445139144293245,0.8371355710248811,12146,4168,558
Macaca_tonkeana,Saguinus_oedipus,72.44481268864295,0.9732071871521705,0.7549648451955101,0.8503056404556822,12241,3973,337
Macaca_tonkeana,Pygathrix_cinerea,80.26205072725087,0.9941929720071471,0.8114480160418059,0.8935728863461474,13354,3103,78
Macaca_tonkeana,Saimiri_boliviensis,73.48987273704965,0.9858138975715316,0.7548790965999754,0.855027631990546,12300,3994,177
Macaca_tonkeana,Procolobus_verus,80.50710303902176,0.9909251881363436,0.8148889697852202,0.8943268078306033,13431,3051,123
Macaca_tonkeana,Rhinopithecus_strykeri,80.53336536728932,0.9934059420611988,0.8145313164449305,0.8951198344348755,13408,3053,89
Macaca_tonkeana,Rhinopithecus_brelichi,80.234375,0.9940436304072667,0.8104777514721059,0.8929240235420011,13351,3122,80
Macaca_tonkeana,Cercocebus_torquatus,85.95434560019274,0.9969959480229146,0.8649615128189587,0.9262973420309608,14271,2228,43
Macaca_tonkeana,Simias_concolor,81.05737458696305,0.9937394122412904,0.8188880796309784,0.897880411273417,13492,2984,85
Macaca_tonkeana,Allenopithecus_nigroviridis,84.42262514306367,0.9970830961866819,0.850631221170187,0.9180531900956374,14015,2461,41
Macaca_tonkeana,Macaca_silenus,91.75519072911636,0.999474030243261,0.9194943446440452,0.9578174715685348,15202,1331,8
Macaca_tonkeana,Macaca_arctoides,89.98793727382389,0.998661311914324,0.9021647115733462,0.9479636571573798,14920,1618,20
Macaca_tonkeana,Macaca_tonkeana,100.0,1.0,1.0,1.0,16560,0,0
Macaca_tonkeana,Papio_papio,84.70389782517019,0.9972338463720831,0.853880723915948,0.9200065434320301,14060,2406,39
Macaca_tonkeana,Homo_sapiens,74.37685201324734,0.9516057091882248,0.8041839427063702,0.8717058222676201,12801,3117,651
Macaca_tonkeana,Gorilla_gorilla,78.24649960939847,0.9938177377499618,0.7996683657802616,0.8862344733707673,13021,3262,81
Macaca_tonkeana,Varecia_variegata,70.12558597141039,0.9439856653162979,0.7458451311091961,0.8332989478027646,12117,4129,719
Macaca_tonkeana,Cephalopachus_bancanus,70.4014831122183,0.9454602038434606,0.7489214840379638,0.8357921524123939,12152,4074,701
Macaca_tonkeana,Lemur_catta,69.72857719126375,0.9384937563018693,0.7449362802437973,0.8305875892366832,12100,4143,793
Macaca_tonkeana,Galeopterus_variegatus,70.98133302124174,0.9582115490955052,0.747888279178741,0.8400858785234435,12130,4089,529
Macaca_tonkeana,Mus_musculus,70.19179383647052,0.9767806974053875,0.7377980277118962,0.840634333665197,11821,4201,281
Macaca_tonkeana,Oryctolagus_cuniculus,68.90445279580914,0.9235289628329391,0.7449978452256356,0.8247120561575684,12101,4142,1002
Macaca_tonkeana,Tupaia_belangeri,69.95851107345293,0.9558483033932136,0.7389667304487377,0.833530599456938,11972,4229,553
Macaca_tonkeana,Sphaerias_blanfordi,70.49754730203223,0.9553656220322887,0.7446336047372317,0.8369384359400999,12072,4140,564
Papio_papio,Ateles_belzebuth,73.67355445721431,0.9772511848341232,0.7603244837758112,0.8552467855661551,12372,3900,288
Papio_papio,Lagothrix_lagotricha,73.88254873989538,0.9749784296807593,0.763701155074957,0.8565030146425496,12430,3846,319
Papio_papio,Alouatta_seniculus,73.55849416249703,0.9775965801139962,0.7588177460980705,0.8544246869162112,12349,3925,283
Papio_papio,Aotus_azarai,73.66758077977823,0.9786947568509425,0.7587498464939212,0.8548007747648035,12357,3929,269
Papio_papio,Callimico_goeldii,73.21215733015495,0.9781050955414012,0.7560930576070901,0.8528880866425993,12285,3963,275
Papio_papio,Leontopithecus_rosalia,70.8518605195413,0.9537686067575017,0.7436291065397606,0.8356911186253537,12110,4175,587
Papio_papio,Callithrix_penicillata,73.1496488384657,0.9875202593192869,0.7572706935123042,0.8572031513787282,12186,3906,154
Papio_papio,Saguinus_oedipus,72.23670181258144,0.9700127266942412,0.7539878817855818,0.8484658735128366,12195,3979,377
Papio_papio,Saimiri_boliviensis,72.96700674184117,0.9794970366810828,0.7542399013259328,0.8522351137591024,12230,3985,256
Papio_papio,Pygathrix_cinerea,80.00240717337667,0.9916455318514098,0.8094745174450466,0.8913473465419559,13294,3129,112
Papio_papio,Procolobus_verus,80.27619333533474,0.988905325443787,0.8125189911880887,0.8920767306088406,13370,3085,150
Papio_papio,Rhinopithecus_strykeri,80.38885210377416,0.9919780138156429,0.8122491181121518,0.8931616786490553,13355,3087,108
Papio_papio,Simias_concolor,80.59647645962359,0.9906873614190688,0.8155765135381807,0.8946437510428834,13404,3031,126
Papio_papio,Rhinopithecus_brelichi,80.24193548387096,0.9917435287116929,0.8109110813769614,0.8922572441946062,13333,3109,111
Papio_papio,Cercocebus_torquatus,84.93696084936961,0.994912379875636,0.8548876745598057,0.9196002873750899,14080,2390,72
Papio_papio,Allenopithecus_nigroviridis,83.74592440526506,0.9959072305593452,0.8426488456865128,0.9128903807549281,13870,2590,57
Papio_papio,Macaca_silenus,84.93696084936961,0.994912379875636,0.8549395834598337,0.9196303190620816,14080,2389,72
Papio_papio,Macaca_arctoides,84.47549078646273,0.9928515818529267,0.8524032326669503,0.9172824167919963,14028,2429,101
Papio_papio,Papio_papio,100.0,1.0,1.0,1.0,16505,0,0
Papio_papio,Macaca_tonkeana,84.70389782517019,0.99335876783948,0.853880723915948,0.9183540169823645,14060,2406,94
Papio_papio,Gorilla_gorilla,77.77510233566097,0.9917862900130499,0.7947345758750077,0.8823931156945773,12920,3337,107
Papio_papio,Homo_sapiens,73.84588482163674,0.9511261261261261,0.7958914436486996,0.866611943361379,12669,3249,651
Papio_papio,Varecia_variegata,70.04982041478392,0.9410849093314655,0.7460513326752222,0.8322951440272568,12092,4116,757
Papio_papio,Cephalopachus_bancanus,70.15694677708925,0.9408201304753029,0.7493968450355707,0.8342687923969561,12114,4051,762
Papio_papio,Lemur_catta,69.67600599561858,0.9349423686856966,0.7462797159617166,0.8300254103426963,12086,4109,841
Papio_papio,Galeopterus_variegatus,71.41180612604154,0.9577398284410168,0.7507248164826352,0.8416902967010166,12170,4041,537
Papio_papio,Oryctolagus_cuniculus,68.68698376530902,0.919896246566982,0.7445507872800247,0.8229874074326862,12058,4137,1050
Papio_papio,Mus_musculus,70.07564476740723,0.9764295792181924,0.7344403520819027,0.8383212198945419,11765,4254,284
Papio_papio,Tupaia_belangeri,69.9601966752517,0.9537945894182428,0.738918083462133,0.8327178986971365,11952,4223,579
Papio_papio,Sphaerias_blanfordi,70.0968381752421,0.9496562080139097,0.7445318792985934,0.8346762989719366,12016,4123,637
Homo_sapiens,Lagothrix_lagotricha,71.07743913018334,0.9445127574546572,0.7742707742707743,0.8509607062489182,12290,3583,722
Homo_sapiens,Ateles_belzebuth,71.28478047087407,0.9449428724791044,0.7778689559399066,0.8533047121143925,12323,3519,718
Homo_sapiens,Alouatta_seniculus,71.28965038203287,0.945711433617446,0.7770347003154574,0.8531153672981678,12316,3534,707
Homo_sapiens,Aotus_azarai,70.82441423199306,0.944744559345578,0.7729023296925311,0.8502274542487065,12242,3597,716
Homo_sapiens,Callithrix_penicillata,72.5472865476401,0.9683813119395942,0.7770764958343852,0.862245255269977,12312,3532,402
Homo_sapiens,Callimico_goeldii,70.77048038988164,0.9481539059463661,0.7692986881937437,0.8494133212631872,12198,3658,667
Homo_sapiens,Leontopithecus_rosalia,68.47912637925151,0.9223933195434,0.7591903650923766,0.8328721638074156,12040,3819,1013
Homo_sapiens,Saguinus_oedipus,70.06806645131518,0.9406070930772805,0.7695767866193614,0.8465398285594814,12147,3637,767
Homo_sapiens,Saimiri_boliviensis,70.88997327756478,0.9497976338729763,0.7710729179830659,0.8511543558624538,12203,3623,645
Homo_sapiens,Pygathrix_cinerea,73.5357412900599,0.9529660058792493,0.794607504242348,0.8666118308314482,12643,3268,624
Homo_sapiens,Procolobus_verus,73.67840770614518,0.9503031210238755,0.7964995922464086,0.8666302641457921,12697,3244,664
Homo_sapiens,Rhinopithecus_strykeri,73.52992496946432,0.952962460425147,0.7937963079241492,0.8661277062208824,12642,3284,624
Homo_sapiens,Rhinopithecus_brelichi,73.42787399744276,0.952000602818175,0.7937924101533048,0.8657278925549046,12634,3282,637
Homo_sapiens,Simias_concolor,73.7970711297071,0.9520917678812416,0.7975756814470544,0.8680109364319891,12699,3223,639
Homo_sapiens,Cercocebus_torquatus,74.54471402804445,0.9539836187639613,0.8045717156493344,0.8729304353750768,12812,3112,618
Homo_sapiens,Allenopithecus_nigroviridis,73.87077997671712,0.9540670575853255,0.7978750157173393,0.8690084908244315,12691,3215,611
Homo_sapiens,Macaca_silenus,74.19786096256685,0.9526119402985075,0.8025273481705016,0.8711526649832798,12765,3141,635
Homo_sapiens,Macaca_arctoides,74.04008132442637,0.9517622461170848,0.8010306686777275,0.86991536991537,12746,3166,646
Homo_sapiens,Macaca_tonkeana,74.37685201324734,0.952242802945771,0.8041839427063702,0.8719730254419128,12801,3117,642
Homo_sapiens,Papio_papio,73.84588482163674,0.9557181653590827,0.7958914436486996,0.8685130595735929,12669,3249,587
Homo_sapiens,Homo_sapiens,100.0,1.0,1.0,1.0,16569,0,0
Homo_sapiens,Gorilla_gorilla,83.36460654391931,0.967011290980819,0.8953334592858493,0.9297930087309114,14217,1662,485
Homo_sapiens,Cephalopachus_bancanus,67.6596705032724,0.9121472579295656,0.7603347704793305,0.8293509457450119,11992,3780,1155
Homo_sapiens,Varecia_variegata,67.50802862133078,0.9103479714329129,0.7590750712701932,0.8278578090993886,11982,3803,1180
Homo_sapiens,Lemur_catta,67.11582729773735,0.9058805698696575,0.7568696973534254,0.8246981717833736,11954,3840,1242
Homo_sapiens,Galeopterus_variegatus,68.4435332308218,0.9238929889298892,0.7626602360705673,0.8355697698672043,12018,3740,990
Homo_sapiens,Oryctolagus_cuniculus,66.4389647895146,0.8927611940298508,0.7567687246963563,0.8191591344837031,11963,3845,1437
Homo_sapiens,Tupaia_belangeri,67.58235495269577,0.9238800155823919,0.7516004310071623,0.8288829861596533,11858,3919,977
Homo_sapiens,Mus_musculus,67.69988412514485,0.9441661279896574,0.7484627209838586,0.835000714591968,11685,3927,691
Homo_sapiens,Sphaerias_blanfordi,67.68881317433276,0.9196821232929558,0.7575468700349539,0.8307778087538333,11920,3815,1041
Gorilla_gorilla,Lagothrix_lagotricha,74.68859884379283,0.9679462423727504,0.7745364647713227,0.8605074329659766,12532,3648,415
Gorilla_gorilla,Ateles_belzebuth,75.07907143283404,0.9697086480653615,0.7781901404094761,0.8634569850039464,12581,3586,393
Gorilla_gorilla,Alouatta_seniculus,74.97458589965915,0.9721640691633713,0.7740461785405606,0.8618663000515552,12538,3660,359
Gorilla_gorilla,Aotus_azarai,74.4955223880597,0.9699937810945274,0.7717236687488404,0.859573588674956,12478,3691,386
Gorilla_gorilla,Callithrix_penicillata,73.9384097197161,0.979131819992035,0.7690815815815816,0.8614877886401064,12293,3691,262
Gorilla_gorilla,Callimico_goeldii,73.92005735794946,0.9707336210278541,0.7660681114551083,0.8563419276691469,12372,3778,373
Gorilla_gorilla,Leontopithecus_rosalia,71.56264664476771,0.9469108972368829,0.7536446750679515,0.8392955421023666,12200,3988,684
Gorilla_gorilla,Saguinus_oedipus,73.40007150518413,0.9671796482412061,0.7635281720696708,0.8533721292736153,12318,3815,418
Gorilla_gorilla,Saimiri_boliviensis,74.11870503597122,0.9750768988090543,0.7652739090064995,0.8575293056807934,12363,3792,316
Gorilla_gorilla,Procolobus_verus,77.59137207908927,0.9754444109671588,0.7955034093003256,0.8763322618846219,12950,3329,326
Gorilla_gorilla,Pygathrix_cinerea,77.53753753753753,0.9783267656865717,0.7945104314111637,0.8768891152997114,12910,3339,286
Gorilla_gorilla,Rhinopithecus_strykeri,77.27954859235248,0.9775989065228947,0.7920024607812981,0.8750679717237629,12874,3381,295
Gorilla_gorilla,Rhinopithecus_brelichi,77.24382049436045,0.9769329994688519,0.7923564527047818,0.875016990621177,12875,3374,304
Gorilla_gorilla,Simias_concolor,77.93667007150154,0.9789433962264151,0.79664660361135,0.8784369497494244,12971,3311,279
Gorilla_gorilla,Cercocebus_torquatus,78.30137645008115,0.9794736842105263,0.8007253057962997,0.8811255030606379,13027,3242,273
Gorilla_gorilla,Allenopithecus_nigroviridis,77.94825511432009,0.9806222087654227,0.7966914703892749,0.8791395222584146,12955,3306,256
Gorilla_gorilla,Macaca_silenus,78.10996150144369,0.9803699509248773,0.7975554327129784,0.8795637743006164,12985,3296,260
Gorilla_gorilla,Macaca_arctoides,78.04072316655655,0.9785359240849526,0.7984391323050452,0.8793611045311496,12993,3280,285
Gorilla_gorilla,Macaca_tonkeana,78.24649960939847,0.9791697999699203,0.7996683657802616,0.8803623947804333,13021,3262,277
Gorilla_gorilla,Papio_papio,77.77510233566097,0.9811664641555286,0.7947345758750077,0.8781648258283773,12920,3337,248
Gorilla_gorilla,Homo_sapiens,83.36460654391931,0.9537130207285168,0.8953334592858493,0.9236016371077763,14217,1662,690
Gorilla_gorilla,Gorilla_gorilla,100.0,1.0,1.0,1.0,16364,0,0
Gorilla_gorilla,Cephalopachus_bancanus,71.17253418679081,0.9370977627949739,0.7594064323854465,0.8389464297962824,12231,3875,821
Gorilla_gorilla,Varecia_variegata,70.74218069982011,0.9334609494640123,0.7573931411530815,0.8362601179860063,12191,3905,869
Gorilla_gorilla,Lemur_catta,70.76923076923077,0.9340280438280592,0.7536321483771252,0.8341887360569357,12190,3985,861
Gorilla_gorilla,Galeopterus_variegatus,71.84151654303544,0.9515009746588694,0.7567282649138038,0.8430106041242099,12203,3923,622
Gorilla_gorilla,Oryctolagus_cuniculus,69.68398194182525,0.9148473253807488,0.7569211669770329,0.8284248785624512,12194,3916,1135
Gorilla_gorilla,Mus_musculus,71.25097591736233,0.9763805448111267,0.7407592407592407,0.842404231902581,11864,4152,287
Gorilla_gorilla,Tupaia_belangeri,70.6755013486572,0.9458526249705721,0.7503112549800797,0.8368104974485369,12053,4011,690
Gorilla_gorilla,Sphaerias_blanfordi,70.84870848708488,0.9446310035142522,0.7528474512976909,0.8379052369077308,12096,3971,709
Cephalopachus_bancanus,Lagothrix_lagotricha,72.08437445522692,0.9777725230550958,0.7604364617176484,0.8555172413793103,12405,3908,282
Cephalopachus_bancanus,Ateles_belzebuth,71.73635307781649,0.9768306183773525,0.7593901764308109,0.8544945180368693,12353,3914,293
Cephalopachus_bancanus,Alouatta_seniculus,71.64681963404009,0.9771826968784662,0.7581289569119184,0.8538299124294764,12334,3935,288
Cephalopachus_bancanus,Aotus_azarai,72.38167316760784,0.9802885752582197,0.7625268322600429,0.8578032289223128,12433,3872,250
Cephalopachus_bancanus,Callithrix_penicillata,70.57142857142857,0.9819081616096057,0.7553516819571865,0.8538572789163638,12103,3920,223
Cephalopachus_bancanus,Callimico_goeldii,71.7282659228266,0.9777408111533586,0.7599433567294668,0.8551929605764568,12343,3899,281
Cephalopachus_bancanus,Leontopithecus_rosalia,71.73032407407408,0.9723093818638218,0.7503480840244567,0.8470290771175727,12395,4124,353
Cephalopachus_bancanus,Saguinus_oedipus,71.19312906220985,0.9757416686550545,0.7551397267019574,0.8513827683125715,12268,3978,305
Cephalopachus_bancanus,Saimiri_boliviensis,70.8198051948052,0.9743937460114869,0.7563467492260062,0.851634943875061,12215,3935,321
Cephalopachus_bancanus,Pygathrix_cinerea,71.3588850174216,0.976710913281933,0.7565570742519394,0.8526523956562467,12288,3954,293
Cephalopachus_bancanus,Procolobus_verus,71.12153863978682,0.9734379955597844,0.7545789797172711,0.850148881656395,12277,3993,335
Cephalopachus_bancanus,Rhinopithecus_strykeri,71.25290023201856,0.9751528141621021,0.7565436964956581,0.8520496635915933,12284,3953,313
Cephalopachus_bancanus,Rhinopithecus_brelichi,71.1776979251188,0.9740640862944162,0.7568716874152595,0.8518415759173199,12281,3945,327
Cephalopachus_bancanus,Simias_concolor,71.0094509190004,0.9745364844433835,0.7540791823163598,0.8502499305748403,12247,3994,320
Cephalopachus_bancanus,Cercocebus_torquatus,70.64719856306854,0.9734930139720559,0.7521900061690314,0.8486514703323473,12193,4017,332
Cephalopachus_bancanus,Macaca_silenus,70.35126362160909,0.9739207189857165,0.7484583127775037,0.8464328056349816,12137,4079,325
Cephalopachus_bancanus,Allenopithecus_nigroviridis,70.61655356417842,0.9748578749299384,0.7514040609763624,0.8486686184302245,12175,4028,314
Cephalopachus_bancanus,Macaca_arctoides,70.28935185185185,0.9717577406192496,0.7495217525455107,0.8462931995540691,12146,4059,353
Cephalopachus_bancanus,Macaca_tonkeana,70.4014831122183,0.9732500400448503,0.7489214840379638,0.8464753413207022,12152,4074,334
Cephalopachus_bancanus,Papio_papio,70.15694677708925,0.9726995342861731,0.7493968450355707,0.8465704601837939,12114,4051,340
Cephalopachus_bancanus,Homo_sapiens,67.6596705032724,0.9376808194542184,0.7603347704793305,0.8397465074752285,11992,3780,797
Cephalopachus_bancanus,Gorilla_gorilla,71.17835321501309,0.9793434747798239,0.7594685210480566,0.8555042663309554,12232,3874,258
Cephalopachus_bancanus,Cephalopachus_bancanus,100.0,1.0,1.0,1.0,16927,0,0
Cephalopachus_bancanus,Varecia_variegata,75.2463768115942,0.9757197624595956,0.7799543324119698,0.8669226916012691,12980,3662,323
Cephalopachus_bancanus,Lemur_catta,75.60270567150373,0.9724845690488585,0.7846513860554423,0.8685285424899545,13077,3589,370
Cephalopachus_bancanus,Galeopterus_variegatus,73.65597667638484,0.9826526643329444,0.7644175491679274,0.8599046970728387,12632,3893,223
Cephalopachus_bancanus,Oryctolagus_cuniculus,73.6330359185541,0.9585287767105949,0.7714525407478428,0.8548756598824662,12874,3814,557
Cephalopachus_bancanus,Mus_musculus,71.68846265620459,0.9779575007928957,0.7696723868954758,0.8614030799315571,12334,3691,278
Cephalopachus_bancanus,Tupaia_belangeri,74.50728862973762,0.9828474732712869,0.7729719920150021,0.8653663822294461,12778,3753,223
Cephalopachus_bancanus,Sphaerias_blanfordi,74.37579839739868,0.97748778998779,0.7771979855591287,0.8659117796180497,12809,3672,295
Varecia_variegata,Lagothrix_lagotricha,72.00254732820008,0.975833660258925,0.7636151531896604,0.8567787269220171,12437,3850,308
Varecia_variegata,Ateles_belzebuth,71.79293953973682,0.9774287743666641,0.7610298635860883,0.8557609258939368,12385,3889,286
Varecia_variegata,Alouatta_seniculus,71.8867815091932,0.9782162588792424,0.7612554511393649,0.8562053124244413,12394,3887,276
Varecia_variegata,Callithrix_penicillata,70.4887545766258,0.9804381214129819,0.7578730317420644,0.854907488986784,12129,3875,242
Varecia_variegata,Aotus_azarai,71.79590893331792,0.9732884223719255,0.7663130627852474,0.857487922705314,12425,3789,341
Varecia_variegata,Leontopithecus_rosalia,71.82805639010861,0.9731506849315068,0.7521326154032307,0.8484848484848484,12432,4097,343
Varecia_variegata,Callimico_goeldii,71.68321430645068,0.9795303078387814,0.7590531816784507,0.8553119262877135,12346,3919,258
Varecia_variegata,Saimiri_boliviensis,70.88842495940617,0.9776853555146765,0.7549407114624506,0.8519951211012371,12224,3968,279
Varecia_variegata,Saguinus_oedipus,71.2820809918313,0.9765079365079365,0.7569363272839127,0.8528158031536996,12304,3951,296
Varecia_variegata,Procolobus_verus,71.58089939731109,0.9769833109230405,0.7571411057987005,0.8531270504541215,12352,3962,291
Varecia_variegata,Pygathrix_cinerea,71.09221335184543,0.9745440126883426,0.7579252497841371,0.8526922009436579,12289,3925,321
Varecia_variegata,Rhinopithecus_strykeri,70.9035133414366,0.9751631905747492,0.7544032516319744,0.8506944444444445,12250,3988,312
Varecia_variegata,Rhinopithecus_brelichi,71.18202351305959,0.9760184229333757,0.7563226878345948,0.852239633892664,12291,3960,302
Varecia_variegata,Simias_concolor,71.32335884945488,0.977818413102242,0.7553740326741186,0.8523215523215524,12299,3983,279
Varecia_variegata,Cercocebus_torquatus,70.76263825351786,0.9757266049185563,0.7525557334647124,0.8497322856546834,12220,4018,304
Varecia_variegata,Allenopithecus_nigroviridis,70.55452651076638,0.97512,0.7521288411699371,0.8492301261060405,12189,4017,311
Varecia_variegata,Macaca_silenus,70.43069966958437,0.9770022515278225,0.7474623192863734,0.846955491269039,12150,4105,286
Varecia_variegata,Macaca_arctoides,70.02545118000926,0.9740123903773433,0.7456729288574069,0.8446832263466368,12106,4129,323
Varecia_variegata,Macaca_tonkeana,70.12558597141039,0.9747405679350012,0.7458451311091961,0.8450674756773721,12117,4129,314
Varecia_variegata,Papio_papio,70.04982041478392,0.976027120832997,0.7460513326752222,0.8456831136133162,12092,4116,297
Varecia_variegata,Homo_sapiens,67.50802862133078,0.9385868713770954,0.7590750712701932,0.8393401281916569,11982,3803,784
Varecia_variegata,Gorilla_gorilla,70.74218069982011,0.9784894453808491,0.7573931411530815,0.8538609700577833,12191,3905,268
Varecia_variegata,Cephalopachus_bancanus,75.2463768115942,0.9785148888051263,0.7799543324119698,0.8680242083793093,12980,3662,285
Varecia_variegata,Varecia_variegata,100.0,1.0,1.0,1.0,16965,0,0
Varecia_variegata,Lemur_catta,83.15844700944386,0.9869240348692403,0.8467382916839793,0.9114724769176704,14265,2582,189
Varecia_variegata,Galeopterus_variegatus,74.19241982507289,0.9856689131613603,0.7682183179375717,0.8634636264929425,12724,3839,185
Varecia_variegata,Oryctolagus_cuniculus,73.51379133116328,0.9593114241001565,0.7708844841008443,0.8548376386214224,12873,3826,546
Varecia_variegata,Mus_musculus,71.35546897714718,0.9814444533312006,0.7635492502022276,0.858892699657031,12271,3800,232
Varecia_variegata,Tupaia_belangeri,73.85233024960726,0.9828106852497096,0.7677836922332446,0.8620912147247597,12693,3839,222
Varecia_variegata,Sphaerias_blanfordi,73.7670636073192,0.9806934898447757,0.7684255113155029,0.8616793893129772,12699,3827,250
Lemur_catta,Lagothrix_lagotricha,71.7852395538346,0.9789564943253468,0.7607177853993141,0.8561483319547837,12421,3907,267
Lemur_catta,Ateles_belzebuth,71.52922152922153,0.9778935733459656,0.7608108108108108,0.8558004560215574,12386,3894,280
Lemur_catta,Alouatta_seniculus,71.64574455833237,0.9741622298778578,0.7667467800579282,0.8580985551225905,12442,3785,330
Lemur_catta,Aotus_azarai,71.44669319033616,0.975822964246338,0.762616937469227,0.8561459268983624,12391,3857,307
Lemur_catta,Callithrix_penicillata,70.72888322815956,0.9809699694877148,0.763133237553876,0.8584478094368128,12217,3792,237
Lemur_catta,Callimico_goeldii,71.61092820423958,0.978145956607495,0.7631416964175797,0.8573700771066006,12398,3848,277
Lemur_catta,Leontopithecus_rosalia,71.88794293603313,0.972907746204749,0.7562938755749213,0.851033402567333,12497,4027,348
Lemur_catta,Saguinus_oedipus,71.25166367687055,0.9804905239687849,0.7551208144241384,0.8531735033259423,12313,3993,245
Lemur_catta,Saimiri_boliviensis,70.98559077809799,0.97513855898654,0.7622702234325679,0.8556640150067739,12316,3841,314
Lemur_catta,Pygathrix_cinerea,71.08725761772853,0.9768437747819191,0.7583574462845534,0.8538453540359755,12318,3925,292
Lemur_catta,Procolobus_verus,71.08371262314917,0.9746425468046449,0.7576762466224515,0.8525722972739522,12338,3946,321
Lemur_catta,Rhinopithecus_strykeri,70.67457119834235,0.9732107474042958,0.7574019245003701,0.8518505671372577,12279,3933,338
Lemur_catta,Rhinopithecus_brelichi,70.58078627755712,0.9732518453845543,0.7561667488899853,0.8510845045982994,12262,3954,337
Lemur_catta,Simias_concolor,70.83044982698962,0.9758461782933419,0.7554899427938734,0.8516451131990432,12282,3975,304
Lemur_catta,Cercocebus_torquatus,70.21927293710328,0.9764101741153816,0.7489537173806007,0.8476890390442687,12169,4079,294
Lemur_catta,Allenopithecus_nigroviridis,70.06406186875974,0.9765907811117368,0.7481819302354247,0.8472624489653489,12140,4086,291
Lemur_catta,Macaca_silenus,69.78691459259687,0.9772764030405952,0.7432349323493235,0.8443373157269615,12085,4175,281
Lemur_catta,Macaca_arctoides,69.79699810224855,0.9717373899119296,0.7489663684048133,0.8459313469245513,12137,4068,353
Lemur_catta,Macaca_tonkeana,69.72857719126375,0.974470484013852,0.7449362802437973,0.8443824145150034,12100,4143,317
Lemur_catta,Papio_papio,69.67600599561858,0.9749919328815747,0.7462797159617166,0.8454408730019937,12086,4109,310
Lemur_catta,Homo_sapiens,67.11582729773735,0.9391154057663603,0.7568696973534254,0.8382007502717106,11954,3840,775
Lemur_catta,Gorilla_gorilla,70.76923076923077,0.9847322077712255,0.7536321483771252,0.8538208307067312,12190,3985,189
Lemur_catta,Cephalopachus_bancanus,75.60848702087067,0.9804333158407676,0.7847113884555382,0.8717213797700383,13078,3588,261
Lemur_catta,Varecia_variegata,83.15844700944386,0.9917958701244525,0.8467382916839793,0.9135446685878963,14265,2582,118
Lemur_catta,Galeopterus_variegatus,73.23902834946954,0.9834189631013545,0.7640157242213487,0.8599435009019435,12633,3902,213
Lemur_catta,Lemur_catta,100.0,1.0,1.0,1.0,17036,0,0
Lemur_catta,Oryctolagus_cuniculus,73.57341980997894,0.9598456171602464,0.7741858237547893,0.8570765815024688,12932,3772,541
Lemur_catta,Mus_musculus,71.01875901875901,0.9770507424759787,0.7683277132509054,0.8602090397455169,12304,3710,289
Lemur_catta,Tupaia_belangeri,73.8449036452287,0.9851324144339476,0.7681439439681198,0.8632107477269644,12722,3840,192
Lemur_catta,Sphaerias_blanfordi,73.96720551596269,0.9828316267611056,0.7712197184800338,0.8642610520614719,12766,3787,223
Galeopterus_variegatus,Lagothrix_lagotricha,71.57604551586603,0.9759277031349968,0.7489259850251626,0.8474894089867352,12203,4091,301
Galeopterus_variegatus,Ateles_belzebuth,71.51991552765882,0.9760627651909375,0.7497693868765759,0.8480801335559267,12192,4069,299
Galeopterus_variegatus,Aotus_azarai,71.13944782405241,0.9721822541966427,0.7504164867032763,0.847024410627851,12162,4045,348
Galeopterus_variegatus,Alouatta_seniculus,71.3884007029877,0.9742564758554525,0.7506005543578688,0.8479281912117732,12186,4049,322
Galeopterus_variegatus,Callithrix_penicillata,70.56022573628829,0.9785586173161585,0.7509854220108866,0.8497999929201033,12003,3980,263
Galeopterus_variegatus,Callimico_goeldii,70.70653767223688,0.975173863820152,0.7436482486433152,0.8438177874186551,12059,4157,307
Galeopterus_variegatus,Leontopithecus_rosalia,70.48396501457727,0.9678142514011209,0.7339404978749241,0.8348066298342541,12088,4382,402
Galeopterus_variegatus,Saguinus_oedipus,71.20225312444992,0.9762670957361222,0.7464936023622047,0.8460573101861536,12135,4121,295
Galeopterus_variegatus,Pygathrix_cinerea,71.2090103830586,0.975960765396366,0.7476595220497659,0.8466903815303062,12139,4097,299
Galeopterus_variegatus,Saimiri_boliviensis,70.67127460168697,0.9738477681814512,0.74719762184926,0.8455985421923184,12065,4082,324
Galeopterus_variegatus,Rhinopithecus_strykeri,70.90610713867073,0.9747019013857557,0.7451342695245134,0.8445964814297683,12098,4138,314
Galeopterus_variegatus,Procolobus_verus,71.2004212004212,0.9723575936726052,0.7485700227566271,0.8459132610508757,12171,4088,346
Galeopterus_variegatus,Rhinopithecus_brelichi,70.74530516431925,0.9763505304932373,0.7413443207674805,0.8427712527964206,12055,4206,292
Galeopterus_variegatus,Simias_concolor,71.35657779079989,0.9746278213542501,0.749630632849052,0.8474493701718979,12177,4067,317
Galeopterus_variegatus,Cercocebus_torquatus,71.45119662130455,0.9759634644659883,0.7499692156138407,0.8481704557323398,12181,4061,300
Galeopterus_variegatus,Allenopithecus_nigroviridis,71.35483870967742,0.9757779916586461,0.7502929386370645,0.8483073597601366,12166,4049,302
Galeopterus_variegatus,Macaca_silenus,71.16568012658969,0.9747150425429443,0.7483668186860594,0.8466741040301212,12143,4083,315
Galeopterus_variegatus,Macaca_arctoides,71.27304653204565,0.9730701614192104,0.7506935454041058,0.8475378458326083,12177,4044,337
Galeopterus_variegatus,Macaca_tonkeana,70.98718473872081,0.9726587556125722,0.7479499352611135,0.8456310341221986,12131,4088,341
Galeopterus_variegatus,Papio_papio,71.41180612604154,0.9764120667522465,0.7507248164826352,0.848823016564952,12170,4041,294
Galeopterus_variegatus,Homo_sapiens,68.4435332308218,0.9367838490919012,0.7626602360705673,0.8408017630391438,12018,3740,811
Galeopterus_variegatus,Gorilla_gorilla,71.84151654303544,0.980869705007636,0.7567282649138038,0.8543424230755767,12203,3923,238
Galeopterus_variegatus,Cephalopachus_bancanus,73.65199650247742,0.968793129888054,0.7648305084745762,0.8548136120695488,12635,3885,407
Galeopterus_variegatus,Lemur_catta,73.23902834946954,0.9618547281863865,0.7640157242213487,0.8515959418922107,12633,3902,501
Galeopterus_variegatus,Varecia_variegata,74.2023913677457,0.9697385471453617,0.7678657653307581,0.8570754875871593,12722,3846,397
Galeopterus_variegatus,Galeopterus_variegatus,100.0,1.0,1.0,1.0,16748,0,0
Galeopterus_variegatus,Mus_musculus,70.75510564416456,0.9801875254790053,0.7485678704856787,0.8488614298323036,12022,4038,243
Galeopterus_variegatus,Oryctolagus_cuniculus,72.09981113718308,0.9455828266906853,0.762590799031477,0.8442850919813691,12598,3922,725
Galeopterus_variegatus,Tupaia_belangeri,73.84814292430653,0.9791179678977715,0.7622224918112338,0.8571623465211461,12566,3920,268
Galeopterus_variegatus,Sphaerias_blanfordi,73.34421641791045,0.9688847812692545,0.7683850476423162,0.8570649952309579,12580,3792,404
Oryctolagus_cuniculus,Lagothrix_lagotricha,70.08556759840273,0.9773287725717922,0.7532801961986512,0.8508015650427616,12286,4024,285
Oryctolagus_cuniculus,Ateles_belzebuth,70.09020324274948,0.9784029327382849,0.7536988151513291,0.8514755349030759,12277,4012,271
Oryctolagus_cuniculus,Alouatta_seniculus,69.82100102610877,0.9763252291749701,0.753259532595326,0.8504079152924839,12248,4012,297
Oryctolagus_cuniculus,Aotus_azarai,69.62680623506657,0.9735125676105632,0.754469239304648,0.8501076613183302,12239,3983,333
Oryctolagus_cuniculus,Callimico_goeldii,69.70942512987384,0.9782103660978931,0.7513999138514553,0.8499338762441707,12211,4040,272
Oryctolagus_cuniculus,Callithrix_penicillata,69.00845327850125,0.9786958282705549,0.7559281736845398,0.8530076249646992,12082,3901,263
Oryctolagus_cuniculus,Leontopithecus_rosalia,70.15402167712493,0.9773503933879043,0.7414240067522759,0.8431950634213233,12298,4289,285
Oryctolagus_cuniculus,Saguinus_oedipus,69.51490623040529,0.976146642119587,0.7503230172891159,0.8484658735128365,12195,4058,298
Oryctolagus_cuniculus,Saimiri_boliviensis,69.15445578425224,0.9763342187877324,0.7497681894047104,0.8481818181818181,12129,4048,294
Oryctolagus_cuniculus,Pygathrix_cinerea,69.45711678832117,0.9766658648063508,0.7498153164245259,0.8483371060421382,12180,4064,291
Oryctolagus_cuniculus,Procolobus_verus,69.43701258040645,0.9742811501597444,0.7491248541423571,0.8469951046765961,12198,4085,322
Oryctolagus_cuniculus,Rhinopithecus_strykeri,69.48322032932596,0.9755219582433405,0.7507387343018961,0.8484953905026961,12195,4049,306
Oryctolagus_cuniculus,Rhinopithecus_brelichi,69.46703827996132,0.9732249581639971,0.753098600234322,0.8491274421191685,12213,4004,336
Oryctolagus_cuniculus,Simias_concolor,69.85013391076414,0.9758000318420633,0.7540136556560251,0.8506887817065131,12258,3999,304
Oryctolagus_cuniculus,Cercocebus_torquatus,69.17995444191344,0.9747251865521945,0.748628828495717,0.8468455907981876,12148,4079,315
Oryctolagus_cuniculus,Allenopithecus_nigroviridis,69.179134194209,0.9732693077230893,0.7514675894457147,0.8481065625217937,12161,4022,334
Oryctolagus_cuniculus,Macaca_silenus,68.81408065618592,0.9749031633311814,0.744362292051756,0.8441758088183914,12081,4149,311
Oryctolagus_cuniculus,Macaca_arctoides,69.02745410106293,0.9721421709894332,0.7491671807526218,0.8462128074698626,12144,4066,348
Oryctolagus_cuniculus,Macaca_tonkeana,68.90445279580914,0.9744725398614914,0.7449978452256356,0.844422734726632,12101,4142,317
Oryctolagus_cuniculus,Papio_papio,68.68698376530902,0.9749353169469599,0.7445507872800247,0.8443090711759969,12058,4137,310
Oryctolagus_cuniculus,Homo_sapiens,66.4389647895146,0.9401917635963534,0.7567687246963563,0.838567222767419,11963,3845,761
Oryctolagus_cuniculus,Gorilla_gorilla,69.68398194182525,0.9795951156812339,0.7569211669770329,0.8539813712444848,12194,3916,254
Oryctolagus_cuniculus,Cephalopachus_bancanus,73.6330359185541,0.9817738122473881,0.7714525407478428,0.8639978524210596,12874,3814,239
Oryctolagus_cuniculus,Varecia_variegata,73.51379133116328,0.9797549280767182,0.7708844841008443,0.862859440981299,12873,3826,266
Oryctolagus_cuniculus,Lemur_catta,73.57524741212603,0.9746101107511489,0.7746571650997066,0.8632056586147071,12936,3763,337
Oryctolagus_cuniculus,Galeopterus_variegatus,72.09634969676165,0.9818450989558984,0.7630033303057826,0.858700466796143,12601,3914,233
Oryctolagus_cuniculus,Oryctolagus_cuniculus,100.0,1.0,1.0,1.0,17245,0,0
Oryctolagus_cuniculus,Mus_musculus,70.44334975369458,0.9829749820158261,0.7643256681168428,0.8599699311212895,12298,3792,213
Oryctolagus_cuniculus,Tupaia_belangeri,73.57290233837689,0.9844325153374233,0.7756026826173645,0.8676286708796592,12837,3714,203
Oryctolagus_cuniculus,Sphaerias_blanfordi,72.75630060440187,0.9775530529380219,0.7741309227689134,0.8640303358613218,12760,3723,293
Mus_musculus,Lagothrix_lagotricha,71.32187314759929,0.9549964282879594,0.7506862989767906,0.8406050232298179,12032,3996,567
Mus_musculus,Ateles_belzebuth,71.47941630086606,0.9559698532328441,0.7528897219618869,0.8423628102062216,12050,3955,555
Mus_musculus,Alouatta_seniculus,70.9616295594505,0.9534569178136686,0.750313047833709,0.8397743596930732,11984,3988,585
Mus_musculus,Aotus_azarai,71.77735535226327,0.9579039162834946,0.7540564153769346,0.8438438438438438,12083,3941,531
Mus_musculus,Callithrix_penicillata,71.09740026356775,0.9681076672104405,0.7485966572059287,0.8443179797261248,11869,3986,391
Mus_musculus,Callimico_goeldii,71.43112062812277,0.9593385524844225,0.7499063319595354,0.8417916725080611,12009,4005,509
Mus_musculus,Saguinus_oedipus,70.35678362227087,0.9521178637200737,0.7453770450698928,0.8361577948104915,11891,4062,598
Mus_musculus,Leontopithecus_rosalia,69.46170373381337,0.9287267080745342,0.7497806192804313,0.8297149198862454,11962,3992,918
Mus_musculus,Pygathrix_cinerea,71.08928571428571,0.9600482315112541,0.744668911335578,0.8387527213989746,11943,4095,497
Mus_musculus,Saimiri_boliviensis,71.11997143537253,0.9597654995181497,0.748340638697558,0.840968264020829,11951,4019,501
Mus_musculus,Procolobus_verus,70.77810140878559,0.9581556288726161,0.7402548958657134,0.8352272727272727,11907,4178,520
Mus_musculus,Rhinopithecus_strykeri,71.08807055178167,0.9613989846079458,0.7423309066019538,0.8377808988764044,11930,4141,479
Mus_musculus,Rhinopithecus_brelichi,70.90898267754034,0.9600257898130239,0.7418571339602665,0.8369576673107325,11912,4145,496
Mus_musculus,Simias_concolor,71.03945643104065,0.9616750040342101,0.7409548675867214,0.8370084269662922,11919,4167,475
Mus_musculus,Allenopithecus_nigroviridis,70.62574493444576,0.9613075924724205,0.7388403990024938,0.8355188945290468,11851,4189,477
Mus_musculus,Cercocebus_torquatus,70.7666686492595,0.9588974854932302,0.7421407185628742,0.8367088607594936,11898,4134,510
Mus_musculus,Macaca_silenus,70.14818782360292,0.9593065841946773,0.734804563306527,0.8321801750917819,11787,4254,500
Mus_musculus,Macaca_arctoides,70.14553014553015,0.9568916619398752,0.7368650942218894,0.832587161137942,11809,4217,532
Mus_musculus,Papio_papio,70.07564476740723,0.9603297689984491,0.7344403520819027,0.8323310930314822,11765,4254,486
Mus_musculus,Macaca_tonkeana,70.20669992872416,0.9568525864162551,0.7375054595370313,0.8329809725158563,11820,4207,533
Mus_musculus,Homo_sapiens,67.69409038238702,0.9242939640851199,0.7483986676915193,0.8270980072912612,11684,3928,957
Mus_musculus,Gorilla_gorilla,71.25097591736233,0.9715034392400917,0.7407592407592407,0.8405838174861839,11864,4152,348
Mus_musculus,Cephalopachus_bancanus,71.69427492008137,0.9318576716778726,0.7697347893915757,0.8430729273460461,12335,3690,902
Mus_musculus,Varecia_variegata,71.35546897714718,0.9320926699582226,0.7635492502022276,0.8394445204542346,12271,3800,894
Mus_musculus,Lemur_catta,71.01875901875901,0.9233078193006153,0.7683277132509054,0.8387184730743013,12304,3710,1022
Mus_musculus,Galeopterus_variegatus,70.75510564416456,0.9458693941778128,0.7485678704856787,0.8357316649287452,12022,4038,688
Mus_musculus,Oryctolagus_cuniculus,70.44334975369458,0.9141455437448897,0.7643256681168428,0.8325491656229902,12298,3792,1155
Mus_musculus,Mus_musculus,100.0,1.0,1.0,1.0,16303,0,0
Mus_musculus,Tupaia_belangeri,72.16186057438186,0.9443547767273845,0.7665003119151591,0.8461829826796599,12287,3743,724
Mus_musculus,Sphaerias_blanfordi,71.87316844449654,0.9417140224235908,0.7656240244739964,0.8445883122697062,12263,3754,759
Tupaia_belangeri,Lagothrix_lagotricha,71.13117926464551,0.975943358275002,0.7443544428080511,0.8445604873803307,12130,4166,299
Tupaia_belangeri,Ateles_belzebuth,70.85650723025584,0.9736926790024135,0.7455799913755929,0.8445033667096954,12103,4130,327
Tupaia_belangeri,Alouatta_seniculus,70.70138400187662,0.9758782580540716,0.7414970170367181,0.8426938804040122,12056,4203,298
Tupaia_belangeri,Aotus_azarai,70.90291205249898,0.9747865313355889,0.7450437138283462,0.8445700725851479,12101,4141,313
Tupaia_belangeri,Callithrix_penicillata,70.42725988700565,0.9804997951659156,0.7475637181409296,0.8483323290681601,11967,4041,238
Tupaia_belangeri,Leontopithecus_rosalia,70.52631578947368,0.96491088478676,0.7380561134440996,0.8363736680575192,12127,4304,441
Tupaia_belangeri,Callimico_goeldii,70.77157419884,0.9745865268253328,0.7453109575518263,0.8446666433590883,12080,4128,315
Tupaia_belangeri,Saguinus_oedipus,70.93132093132093,0.972723626153229,0.7479489235704152,0.8456549030548194,12125,4086,340
Tupaia_belangeri,Procolobus_verus,70.82967900368357,0.9719971114498916,0.7452017716535433,0.8436226888122845,12114,4142,349
Tupaia_belangeri,Saimiri_boliviensis,70.02518891687657,0.9741667345774591,0.7400024761668936,0.8410905892700088,11954,4200,317
Tupaia_belangeri,Pygathrix_cinerea,70.65370196813495,0.9743134087237479,0.7437873836097922,0.8435849914326676,12062,4155,318
Tupaia_belangeri,Rhinopithecus_strykeri,70.24136520367016,0.9711538461538461,0.7422342987710739,0.8414015191291259,12019,4174,357
Tupaia_belangeri,Rhinopithecus_brelichi,70.27769657994739,0.9716294859359845,0.7419454388347118,0.8413942745152937,12021,4181,351
Tupaia_belangeri,Simias_concolor,70.44816288322022,0.9726956943210275,0.7422178388707391,0.8419690930704146,12041,4182,338
Tupaia_belangeri,Cercocebus_torquatus,70.40571395117382,0.9735286974823929,0.741658957755165,0.841921030523663,12026,4189,327
Tupaia_belangeri,Allenopithecus_nigroviridis,70.25097993330603,0.9725439377986556,0.742242551613302,0.8419281332164767,12008,4170,339
Tupaia_belangeri,Macaca_silenus,70.19782277888329,0.9730650657147493,0.7399592818804368,0.8406518310846329,11994,4215,332
Tupaia_belangeri,Macaca_arctoides,70.06023039588328,0.9718526930564568,0.7390660662513109,0.8396229720733032,11981,4230,347
Tupaia_belangeri,Macaca_tonkeana,69.95851107345293,0.9708863839104696,0.7389667304487377,0.8391980933688491,11972,4229,359
Tupaia_belangeri,Papio_papio,69.9601966752517,0.9731314118221788,0.738918083462133,0.840004216888639,11952,4223,330
Tupaia_belangeri,Homo_sapiens,67.58235495269577,0.9373913043478261,0.7516004310071623,0.8342772716079783,11858,3919,792
Tupaia_belangeri,Cephalopachus_bancanus,74.50145772594752,0.9699385105898428,0.7729114996067994,0.8602881766765419,12777,3754,396
Tupaia_belangeri,Varecia_variegata,73.84651189852795,0.9670095238095238,0.7677232034841519,0.855919344505513,12692,3840,433
Tupaia_belangeri,Gorilla_gorilla,70.6755013486572,0.9757144013599935,0.7503112549800797,0.8482950346623499,12053,4011,300
Tupaia_belangeri,Lemur_catta,73.8449036452287,0.9640800242497727,0.7681439439681198,0.8550305800120976,12722,3840,474
Tupaia_belangeri,Oryctolagus_cuniculus,73.57290233837689,0.948710368782795,0.7756026826173645,0.8534671896815371,12837,3714,694
Tupaia_belangeri,Galeopterus_variegatus,73.84226610249178,0.9795743353862946,0.7621618342836346,0.8572988094019718,12565,3921,262
Tupaia_belangeri,Mus_musculus,72.16186057438186,0.9782643312101911,0.7665003119151591,0.8595313046519762,12287,3743,273
Tupaia_belangeri,Tupaia_belangeri,100.0,1.0,1.0,1.0,16754,0,0
Tupaia_belangeri,Sphaerias_blanfordi,74.46198830409357,0.9735453780870097,0.774984783931832,0.8629909519129758,12733,3697,346
Sphaerias_blanfordi,Ateles_belzebuth,70.7782758018511,0.9679191211590511,0.7525530729714675,0.8467565026637418,12159,3998,403
Sphaerias_blanfordi,Lagothrix_lagotricha,71.52960430182945,0.9735104605838836,0.752551961628336,0.8488884264557972,12238,4024,333
Sphaerias_blanfordi,Alouatta_seniculus,71.00052567022955,0.9724022078233742,0.7498149518874907,0.846724480200606,12156,4056,345
Sphaerias_blanfordi,Callithrix_penicillata,70.1003851990195,0.9710566739429218,0.7559793554884189,0.8501256325866157,12011,3877,358
Sphaerias_blanfordi,Aotus_azarai,70.93179298675535,0.9710063897763578,0.7508028656126482,0.8468236277514629,12157,4035,363
Sphaerias_blanfordi,Callimico_goeldii,70.47869235259778,0.9715136396555887,0.7466757375224194,0.8443838299062806,12073,4096,354
Sphaerias_blanfordi,Saguinus_oedipus,70.872028503008,0.9723535539706707,0.7487350364062693,0.8460170820986578,12134,4072,345
Sphaerias_blanfordi,Leontopithecus_rosalia,70.93576066790352,0.9628551192256237,0.7460365853658537,0.8406912426564057,12235,4165,472
Sphaerias_blanfordi,Pygathrix_cinerea,70.67827306186832,0.9725862207572956,0.7470668148697048,0.8450389410819683,12098,4096,341
Sphaerias_blanfordi,Saimiri_boliviensis,70.47918852745715,0.9696823869104908,0.7512583110669235,0.8466090122894857,12090,4003,378
Sphaerias_blanfordi,Procolobus_verus,70.80079263317403,0.96951316839585,0.7488134130555384,0.8449900879908184,12148,4075,382
Sphaerias_blanfordi,Rhinopithecus_brelichi,70.29518142573795,0.9705219072164949,0.7444245382096745,0.842568961297766,12050,4137,366
Sphaerias_blanfordi,Rhinopithecus_strykeri,70.60917259890303,0.9709540239107759,0.7475290338522362,0.8447174618686957,12101,4087,362
Sphaerias_blanfordi,Simias_concolor,70.87713151132913,0.9721265518622347,0.7485968050329982,0.8458429158826399,12137,4076,348
Sphaerias_blanfordi,Allenopithecus_nigroviridis,70.33735360950882,0.9689381170238381,0.7484190948543087,0.8445206198188113,12072,4058,387
Sphaerias_blanfordi,Macaca_silenus,70.69992989016126,0.9726710071537658,0.7469292019011172,0.8449828922561273,12101,4100,340
Sphaerias_blanfordi,Cercocebus_torquatus,70.20225502731606,0.9656247501798705,0.7496896722939425,0.844065546277209,12079,4033,430
Sphaerias_blanfordi,Macaca_arctoides,70.47569202140032,0.9665045059414626,0.7509604659809146,0.8452069602817589,12119,4019,420
Sphaerias_blanfordi,Macaca_tonkeana,70.49754730203223,0.9719806763285024,0.7446336047372317,0.8432523051131601,12072,4140,348
Sphaerias_blanfordi,Papio_papio,70.0968381752421,0.9704409626877726,0.7445318792985934,0.8426072017110199,12016,4123,366
Sphaerias_blanfordi,Homo_sapiens,67.68095373261426,0.9342528015045842,0.757914812460267,0.8368958618511109,11922,3808,839
Sphaerias_blanfordi,Gorilla_gorilla,70.84870848708488,0.9760348583877996,0.7528474512976909,0.8500351370344342,12096,3971,297
Sphaerias_blanfordi,Cephalopachus_bancanus,74.37579839739868,0.9663523198792908,0.7771979855591287,0.86151466236212,12809,3672,446
Sphaerias_blanfordi,Varecia_variegata,73.79210220673636,0.9662383088738499,0.7691423037346408,0.8564977082771636,12707,3814,444
Sphaerias_blanfordi,Lemur_catta,73.96720551596269,0.9635444184466753,0.7712197184800338,0.8567210254345347,12766,3787,483
Sphaerias_blanfordi,Galeopterus_variegatus,73.34421641791045,0.9709786971287434,0.7683850476423162,0.8578832515002729,12580,3792,376
Sphaerias_blanfordi,Mus_musculus,71.87316844449654,0.9772093393895928,0.7656240244739964,0.8585731288944899,12263,3754,286
Sphaerias_blanfordi,Oryctolagus_cuniculus,72.75630060440187,0.943647389439432,0.7741309227689134,0.850524912514581,12760,3723,762
Sphaerias_blanfordi,Tupaia_belangeri,74.46198830409357,0.9751857241326491,0.774984783931832,0.8636348221250042,12733,3697,324
Sphaerias_blanfordi,Sphaerias_blanfordi,100.0,1.0,1.0,1.0,16776,0,0
