reference,target,divergence,depth,replicate,iteration,n_reads,n_placed,n_unplaced,theta_len,identity_pct,recall,precision,f1,c_theta,w_theta,u_t
Homo_sapiens,Gorilla_gorilla,same-family,1,0,1,110,104,6,16560,89.49128674529132,0.9693040991420401,0.9603929223600529,0.9648279352226721,15252,629,483
Homo_sapiens,Gorilla_gorilla,same-family,1,0,2,110,104,6,16560,89.49128674529132,0.9693040991420401,0.9603929223600529,0.9648279352226721,15252,629,483
Homo_sapiens,Gorilla_gorilla,same-family,1,1,1,110,106,4,16563,89.7547236239878,0.9696354992076069,0.96292099464904,0.966266582438408,15296,589,479
Homo_sapiens,Gorilla_gorilla,same-family,1,1,2,110,106,4,16563,89.7547236239878,0.9696354992076069,0.96292099464904,0.966266582438408,15296,589,479
Homo_sapiens,Gorilla_gorilla,same-family,1,2,1,110,107,3,16564,89.52833509327702,0.9693832179381312,0.960899131091802,0.9651225296442687,15261,621,482
Homo_sapiens,Gorilla_gorilla,same-family,1,2,2,110,107,3,16564,89.52833509327702,0.9693832179381312,0.960899131091802,0.9651225296442687,15261,621,482
Homo_sapiens,Gorilla_gorilla,same-family,2,0,1,219,212,7,16565,91.17094919629238,0.9699787791786294,0.9784675439148776,0.9742046701144021,15541,342,481
Homo_sapiens,Gorilla_gorilla,same-family,2,0,2,219,213,6,16565,91.21788102780711,0.9699937616968185,0.9789712270981552,0.9744618180678721,15549,334,481
Homo_sapiens,Gorilla_gorilla,same-family,2,0,3,219,214,5,16565,91.21788102780711,0.9699937616968185,0.9789712270981552,0.9744618180678721,15549,334,481
Homo_sapiens,Gorilla_gorilla,same-family,2,0,4,219,214,5,16565,91.21788102780711,0.9699937616968185,0.9789712270981552,0.9744618180678721,15549,334,481
Homo_sapiens,Gorilla_gorilla,same-family,2,1,1,219,215,4,16563,91.40945898368736,0.9701687737435386,0.980673591438464,0.9753928996305804,15578,307,479
Homo_sapiens,Gorilla_gorilla,same-family,2,1,2,219,216,3,16564,91.48037317373702,0.9701929060360921,0.9814919735599622,0.9758097324362384,15591,294,479
Homo_sapiens,Gorilla_gorilla,same-family,2,1,3,219,218,1,16564,91.48037317373702,0.9701929060360921,0.9814919735599622,0.9758097324362384,15591,294,479
Homo_sapiens,Gorilla_gorilla,same-family,2,1,4,219,218,1,16564,91.48037317373702,0.9701929060360921,0.9814919735599622,0.9758097324362384,15591,294,479
Homo_sapiens,Gorilla_gorilla,same-family,2,2,1,219,209,10,16565,91.3635296878667,0.9701576225780325,0.9802958766131571,0.9752004008016032,15572,313,479
Homo_sapiens,Gorilla_gorilla,same-family,2,2,2,219,212,7,16557,91.55905142052124,0.9702058841823723,0.9819326408561536,0.9760340404230022,15598,287,479
Homo_sapiens,Gorilla_gorilla,same-family,2,2,3,219,214,5,16557,91.55905142052124,0.9702058841823723,0.9819326408561536,0.9760340404230022,15598,287,479
Homo_sapiens,Gorilla_gorilla,same-family,2,2,4,219,214,5,16557,91.55905142052124,0.9702058841823723,0.9819326408561536,0.9760340404230022,15598,287,479
Homo_sapiens,Gorilla_gorilla,same-family,3,0,1,328,319,9,16564,92.372234935164,0.9704721982492911,0.9910607491344036,0.9806584233967671,15743,142,479
Homo_sapiens,Gorilla_gorilla,same-family,3,0,2,328,324,4,16565,92.61910349683173,0.9705502612972641,0.9937677053824363,0.9820217729393469,15786,99,479
Homo_sapiens,Gorilla_gorilla,same-family,3,0,3,328,325,3,16564,92.62453793346242,0.9705502612972641,0.9937677053824363,0.9820217729393469,15786,99,479
Homo_sapiens,Gorilla_gorilla,same-family,3,0,4,328,325,3,16564,92.62453793346242,0.9705502612972641,0.9937677053824363,0.9820217729393469,15786,99,479
Homo_sapiens,Gorilla_gorilla,same-family,3,1,1,328,321,7,16560,92.43500205411115,0.970484934376733,0.9915014164305949,0.98088061281684,15750,135,479
Homo_sapiens,Gorilla_gorilla,same-family,3,1,2,328,322,6,16560,92.43500205411115,0.970484934376733,0.9915014164305949,0.98088061281684,15750,135,479
Homo_sapiens,Gorilla_gorilla,same-family,3,1,3,328,322,6,16560,92.43500205411115,0.970484934376733,0.9915014164305949,0.98088061281684,15750,135,479
Homo_sapiens,Gorilla_gorilla,same-family,3,2,1,328,318,10,16558,92.31130414367884,0.9703849950641659,0.9901787962729791,0.9801819768166521,15728,156,480
Homo_sapiens,Gorilla_gorilla,same-family,3,2,2,328,322,6,16558,92.4345580467191,0.9704233162856615,0.9915008813900781,0.9808488774016754,15749,135,480
Homo_sapiens,Gorilla_gorilla,same-family,3,2,3,328,322,6,16558,92.4345580467191,0.9704233162856615,0.9915008813900781,0.9808488774016754,15749,135,480
Homo_sapiens,Gorilla_gorilla,same-family,4,0,1,437,423,14,16561,92.98708920187794,0.9706567017887773,0.9974819011646208,0.9838864913533484,15845,40,479
Homo_sapiens,Gorilla_gorilla,same-family,4,0,2,437,428,9,16560,93.09818651329303,0.9706890221515114,0.9986150456405414,0.9844540292301486,15863,22,479
Homo_sapiens,Gorilla_gorilla,same-family,4,0,3,437,430,7,16560,93.09818651329303,0.9706890221515114,0.9986150456405414,0.9844540292301486,15863,22,479
Homo_sapiens,Gorilla_gorilla,same-family,4,0,4,437,430,7,16560,93.09818651329303,0.9706890221515114,0.9986150456405414,0.9844540292301486,15863,22,479
Homo_sapiens,Gorilla_gorilla,same-family,4,1,1,437,421,16,16561,92.88145539906104,0.9706243100699129,0.9963487566887,0.9833183187847535,15827,58,479
Homo_sapiens,Gorilla_gorilla,same-family,4,1,2,437,429,8,16552,92.95989665903353,0.9706333149408375,0.9966635190431224,0.9834762082246242,15832,53,479
Homo_sapiens,Gorilla_gorilla,same-family,4,1,3,437,430,7,16552,92.95989665903353,0.9706333149408375,0.9966635190431224,0.9834762082246242,15832,53,479
Homo_sapiens,Gorilla_gorilla,same-family,4,1,4,437,430,7,16552,92.95989665903353,0.9706333149408375,0.9966635190431224,0.9834762082246242,15832,53,479
Homo_sapiens,Gorilla_gorilla,same-family,4,2,1,437,422,15,16560,92.83995539644346,0.9706098907841453,0.9958451369216241,0.9830655936363918,15819,66,479
Homo_sapiens,Gorilla_gorilla,same-family,4,2,2,437,429,8,16560,92.99254651094547,0.9706567017887773,0.9974819011646208,0.9838864913533484,15845,40,479
Homo_sapiens,Gorilla_gorilla,same-family,4,2,3,437,432,5,16551,93.09453904873752,0.9706728708749158,0.9980484734025811,0.9841703395617357,15854,31,479
Homo_sapiens,Gorilla_gorilla,same-family,4,2,4,437,433,4,16501,93.36866902237927,0.9706728708749158,0.9980484734025811,0.9841703395617357,15854,31,479
Homo_sapiens,Gorilla_gorilla,same-family,4,2,5,437,437,0,16468,93.55048091107571,0.9706728708749158,0.9980484734025811,0.9841703395617357,15854,31,479
Homo_sapiens,Gorilla_gorilla,same-family,4,2,6,437,437,0,16468,93.55048091107571,0.9706728708749158,0.9980484734025811,0.9841703395617357,15854,31,479
Homo_sapiens,Gorilla_gorilla,same-family,5,0,1,546,532,14,16560,92.9397265097717,0.9706405148636225,0.9969153289266603,0.9836024844720497,15836,49,479
Homo_sapiens,Gorilla_gorilla,same-family,5,0,2,546,540,6,16560,93.05123540113857,0.9706746663401494,0.9981114258734656,0.9842018684627083,15855,30,479
Homo_sapiens,Gorilla_gorilla,same-family,5,0,3,546,540,6,16560,93.05123540113857,0.9706746663401494,0.9981114258734656,0.9842018684627083,15855,30,479
Homo_sapiens,Gorilla_gorilla,same-family,5,1,1,546,528,18,16559,92.90451317565585,0.970570202329859,0.9966003525560312,0.9834130583338511,15830,54,480
Homo_sapiens,Gorilla_gorilla,same-family,5,1,2,546,538,8,16559,93.12166206937027,0.9706368140943292,0.9989297406194914,0.9845800626725824,15867,17,480
Homo_sapiens,Gorilla_gorilla,same-family,5,1,3,546,542,4,16550,93.17087492660012,0.9706368140943292,0.9989297406194914,0.9845800626725824,15867,17,480
Homo_sapiens,Gorilla_gorilla,same-family,5,1,4,546,543,3,16550,93.17087492660012,0.9706368140943292,0.9989297406194914,0.9845800626725824,15867,17,480
Homo_sapiens,Gorilla_gorilla,same-family,5,1,5,546,543,3,16550,93.17087492660012,0.9706368140943292,0.9989297406194914,0.9845800626725824,15867,17,480
Homo_sapiens,Gorilla_gorilla,same-family,5,2,1,546,525,21,16565,92.9359305327388,0.9706477112568173,0.9971671388101983,0.9837287293503912,15840,45,479
Homo_sapiens,Gorilla_gorilla,same-family,5,2,2,546,540,6,16565,93.08847688336071,0.9706944019577852,0.9988039030531949,0.984548557244803,15866,19,479
Homo_sapiens,Gorilla_gorilla,same-family,5,2,3,546,541,5,16534,93.25809674954446,0.9706944019577852,0.9988039030531949,0.984548557244803,15866,19,479
Homo_sapiens,Gorilla_gorilla,same-family,5,2,4,546,545,1,16534,93.25809674954446,0.9706944019577852,0.9988039030531949,0.984548557244803,15866,19,479
Homo_sapiens,Gorilla_gorilla,same-family,5,2,5,546,545,1,16534,93.25809674954446,0.9706944019577852,0.9988039030531949,0.984548557244803,15866,19,479
Homo_sapiens,Gorilla_gorilla,same-family,6,0,1,655,645,10,16558,93.15607207841757,0.9707033639143731,0.9991186654076173,0.984706064836358,15871,14,479
Homo_sapiens,Gorilla_gorilla,same-family,6,0,2,655,653,2,16560,93.22143318269852,0.9707266393693088,0.9999370475291155,0.9851153559910693,15884,1,479
Homo_sapiens,Gorilla_gorilla,same-family,6,0,3,655,655,0,16551,93.27069876688198,0.9707266393693088,0.9999370475291155,0.9851153559910693,15884,1,479
Homo_sapiens,Gorilla_gorilla,same-family,6,0,4,655,655,0,16502,93.53983864318944,0.9707266393693088,0.9999370475291155,0.9851153559910693,15884,1,479
Homo_sapiens,Gorilla_gorilla,same-family,6,0,5,655,655,0,16500,93.55085694092703,0.9707266393693088,0.9999370475291155,0.9851153559910693,15884,1,479
Homo_sapiens,Gorilla_gorilla,same-family,6,0,6,655,655,0,16500,93.55085694092703,0.9707266393693088,0.9999370475291155,0.9851153559910693,15884,1,479
Homo_sapiens,Gorilla_gorilla,same-family,6,1,1,655,635,20,16558,93.13846334448553,0.9706979873982994,0.9989298079949638,0.9846115661454454,15868,17,479
Homo_sapiens,Gorilla_gorilla,same-family,6,1,2,655,654,1,16551,93.25308279506753,0.9707212713936431,0.9997481901164621,0.9850209334780585,15881,4,479
Homo_sapiens,Gorilla_gorilla,same-family,6,1,3,655,655,0,16551,93.25308279506753,0.9707212713936431,0.9997481901164621,0.9850209334780585,15881,4,479
Homo_sapiens,Gorilla_gorilla,same-family,6,1,4,655,655,0,16551,93.25308279506753,0.9707212713936431,0.9997481901164621,0.9850209334780585,15881,4,479
Homo_sapiens,Gorilla_gorilla,same-family,6,2,1,655,634,21,16558,93.03868051887069,0.9706674831598285,0.9978596159899276,0.9840757411143878,15851,34,479
Homo_sapiens,Gorilla_gorilla,same-family,6,2,2,655,649,6,16553,93.23038985439173,0.9707176916493458,0.9996222851746931,0.9849579753744998,15879,6,479
Homo_sapiens,Gorilla_gorilla,same-family,6,2,3,655,654,1,16551,93.2413388138579,0.9707176916493458,0.9996222851746931,0.9849579753744998,15879,6,479
Homo_sapiens,Gorilla_gorilla,same-family,6,2,4,655,654,1,16551,93.2413388138579,0.9707176916493458,0.9996222851746931,0.9849579753744998,15879,6,479
Homo_sapiens,Gorilla_gorilla,same-family,7,0,1,764,743,21,16559,93.06843526235474,0.9706782566111655,0.9982373308152345,0.9842649203935322,15857,28,479
Homo_sapiens,Gorilla_gorilla,same-family,7,0,2,764,760,4,16560,93.2096954046599,0.9707230609375955,0.9998111425873466,0.9850524096011909,15882,3,479
Homo_sapiens,Gorilla_gorilla,same-family,7,0,3,764,763,1,16551,93.25895478567234,0.9707230609375955,0.9998111425873466,0.9850524096011909,15882,3,479
Homo_sapiens,Gorilla_gorilla,same-family,7,0,4,764,764,0,16502,93.52806077380602,0.9707230609375955,0.9998111425873466,0.9850524096011909,15882,3,479
Homo_sapiens,Gorilla_gorilla,same-family,7,0,5,764,764,0,16500,93.53907768419813,0.9707230609375955,0.9998111425873466,0.9850524096011909,15882,3,479
Homo_sapiens,Gorilla_gorilla,same-family,7,0,6,764,764,0,16500,93.53907768419813,0.9707230609375955,0.9998111425873466,0.9850524096011909,15882,3,479
Homo_sapiens,Gorilla_gorilla,same-family,7,1,1,764,736,28,16559,93.05669679539852,0.9706746663401494,0.9981114258734656,0.9842018684627083,15855,30,479
Homo_sapiens,Gorilla_gorilla,same-family,7,1,2,764,759,5,16551,93.2413388138579,0.9707176916493458,0.9996222851746931,0.9849579753744998,15879,6,479
Homo_sapiens,Gorilla_gorilla,same-family,7,1,3,764,763,1,16470,93.68694318248865,0.9707176916493458,0.9996222851746931,0.9849579753744998,15879,6,479
Homo_sapiens,Gorilla_gorilla,same-family,7,1,4,764,764,0,16468,93.69799964595504,0.9707176916493458,0.9996222851746931,0.9849579753744998,15879,6,479
Homo_sapiens,Gorilla_gorilla,same-family,7,1,5,764,764,0,16468,93.69799964595504,0.9707176916493458,0.9996222851746931,0.9849579753744998,15879,6,479
Homo_sapiens,Gorilla_gorilla,same-family,7,2,1,764,747,17,16560,93.20382651564059,0.9707212713936431,0.9997481901164621,0.9850209334780585,15881,4,479
Homo_sapiens,Gorilla_gorilla,same-family,7,2,2,764,760,4,16552,93.25347895014973,0.9707230609375955,0.9998111425873466,0.9850524096011909,15882,3,479
Homo_sapiens,Gorilla_gorilla,same-family,7,2,3,764,761,3,16552,93.25347895014973,0.9707230609375955,0.9998111425873466,0.9850524096011909,15882,3,479
Homo_sapiens,Gorilla_gorilla,same-family,7,2,4,764,761,3,16552,93.25347895014973,0.9707230609375955,0.9998111425873466,0.9850524096011909,15882,3,479
Homo_sapiens,Gorilla_gorilla,same-family,8,0,1,873,847,26,16558,93.12672418853084,0.9706944019577852,0.9988039030531949,0.984548557244803,15866,19,479
Homo_sapiens,Gorilla_gorilla,same-family,8,0,2,873,866,7,16519,93.44628779856454,0.9707266393693088,0.9999370475291155,0.9851153559910693,15884,1,479
Homo_sapiens,Gorilla_gorilla,same-family,8,0,3,873,873,0,16470,93.71644344799103,0.9707266393693088,0.9999370475291155,0.9851153559910693,15884,1,479
Homo_sapiens,Gorilla_gorilla,same-family,8,0,4,873,873,0,16468,93.7275033929309,0.9707266393693088,0.9999370475291155,0.9851153559910693,15884,1,479
Homo_sapiens,Gorilla_gorilla,same-family,8,0,5,873,873,0,16468,93.7275033929309,0.9707266393693088,0.9999370475291155,0.9851153559910693,15884,1,479
Homo_sapiens,Gorilla_gorilla,same-family,8,1,1,873,846,27,16558,93.16781123437225,0.9707069471624267,0.9992445703493862,0.9847690541923876,15873,12,479
Homo_sapiens,Gorilla_gorilla,same-family,8,1,2,873,864,9,16551,93.23546682325308,0.970715901448921,0.9995593327038086,0.9849264933937101,15878,7,479
Homo_sapiens,Gorilla_gorilla,same-family,8,1,3,873,869,4,16510,93.4604744246277,0.970715901448921,0.9995593327038086,0.9849264933937101,15878,7,479
Homo_sapiens,Gorilla_gorilla,same-family,8,1,4,873,873,0,16468,93.69209889655987,0.970715901448921,0.9995593327038086,0.9849264933937101,15878,7,479
Homo_sapiens,Gorilla_gorilla,same-family,8,1,5,873,873,0,16468,93.69209889655987,0.970715901448921,0.9995593327038086,0.9849264933937101,15878,7,479
Homo_sapiens,Gorilla_gorilla,same-family,8,2,1,873,851,22,16558,93.15607207841757,0.9707033639143731,0.9991186654076173,0.984706064836358,15871,14,479
Homo_sapiens,Gorilla_gorilla,same-family,8,2,2,873,866,7,16521,93.43529411764706,0.9707266393693088,0.9999370475291155,0.9851153559910693,15884,1,479
Homo_sapiens,Gorilla_gorilla,same-family,8,2,3,873,873,0,16470,93.71644344799103,0.9707266393693088,0.9999370475291155,0.9851153559910693,15884,1,479
Homo_sapiens,Gorilla_gorilla,same-family,8,2,4,873,873,0,16468,93.7275033929309,0.9707266393693088,0.9999370475291155,0.9851153559910693,15884,1,479
Homo_sapiens,Gorilla_gorilla,same-family,8,2,5,873,873,0,16468,93.7275033929309,0.9707266393693088,0.9999370475291155,0.9851153559910693,15884,1,479
Homo_sapiens,Saimiri_boliviensis,same-order,1,0,1,110,32,78,16566,74.03186417025235,0.9527087698293923,0.803838626175895,0.8719652090538643,12732,3107,632
Homo_sapiens,Saimiri_boliviensis,same-order,1,0,2,110,40,70,16563,74.81675392670157,0.9535142348754448,0.8117268366574097,0.8769262239192691,12861,2983,627
Homo_sapiens,Saimiri_boliviensis,same-order,1,0,3,110,43,67,16564,75.07271669575334,0.9537358657896682,0.8144525086778164,0.8786083877995644,12905,2940,626
Homo_sapiens,Saimiri_boliviensis,same-order,1,0,4,110,44,66,16563,75.19343766362208,0.9538041472954025,0.8157147365099401,0.8793713430398694,12925,2920,626
Homo_sapiens,Saimiri_boliviensis,same-order,1,0,5,110,44,66,16563,75.19343766362208,0.9538041472954025,0.8157147365099401,0.8793713430398694,12925,2920,626
Homo_sapiens,Saimiri_boliviensis,same-order,1,1,1,110,23,87,16577,73.79097884212973,0.9529349947455337,0.8012496844231255,0.8705341836384832,12695,3149,627
Homo_sapiens,Saimiri_boliviensis,same-order,1,1,2,110,33,77,16579,74.3793965467124,0.9536374478234944,0.8072433592024734,0.8743550316077227,12794,3055,622
Homo_sapiens,Saimiri_boliviensis,same-order,1,1,3,110,34,76,16579,74.51310970292425,0.9537167944043455,0.8086945548615054,0.8752390057361376,12817,3032,622
Homo_sapiens,Saimiri_boliviensis,same-order,1,1,4,110,35,75,16579,74.64100924364863,0.9537924374117822,0.8100826550571014,0.8760832480382121,12839,3010,622
Homo_sapiens,Saimiri_boliviensis,same-order,1,1,5,110,35,75,16579,74.64100924364863,0.9537924374117822,0.8100826550571014,0.8760832480382121,12839,3010,622
Homo_sapiens,Saimiri_boliviensis,same-order,1,2,1,110,36,74,16561,73.85537262202571,0.9528634691886212,0.8013002587893707,0.8705341836384833,12695,3148,628
Homo_sapiens,Saimiri_boliviensis,same-order,1,2,2,110,46,64,16556,74.66961634744135,0.9538186956198409,0.8092113564668769,0.8755845308393351,12826,3024,621
Homo_sapiens,Saimiri_boliviensis,same-order,1,2,3,110,50,60,16557,74.93159457413984,0.954043436364984,0.8119992429499716,0.8773089768931907,12871,2980,620
Homo_sapiens,Saimiri_boliviensis,same-order,1,2,4,110,52,58,16557,75.21685975432264,0.9542097488921714,0.8150905305658949,0.8791807015753121,12920,2931,620
Homo_sapiens,Saimiri_boliviensis,same-order,1,2,5,110,52,58,16557,75.21685975432264,0.9542097488921714,0.8150905305658949,0.8791807015753121,12920,2931,620
Homo_sapiens,Saimiri_boliviensis,same-order,2,0,1,220,76,144,16561,76.20876243672544,0.9543864762459924,0.8266330072578101,0.8859278298217729,13098,2747,626
Homo_sapiens,Saimiri_boliviensis,same-order,2,0,2,220,108,112,16560,78.54689410257903,0.9562690481253101,0.8510155165888734,0.9005773787671462,13492,2362,617
Homo_sapiens,Saimiri_boliviensis,same-order,2,0,3,220,119,101,16561,79.09752547307133,0.9567575181350799,0.8567194299047739,0.9039792387543253,13585,2272,614
Homo_sapiens,Saimiri_boliviensis,same-order,2,0,4,220,122,98,16561,79.12663755458516,0.9567727400732188,0.8570347480607934,0.9041615382056486,13590,2267,614
Homo_sapiens,Saimiri_boliviensis,same-order,2,0,5,220,122,98,16561,79.12663755458516,0.9567727400732188,0.8570347480607934,0.9041615382056486,13590,2267,614
Homo_sapiens,Saimiri_boliviensis,same-order,2,1,1,220,56,164,16575,76.12704322028969,0.9550463402174706,0.8254178492589088,0.8855132282292443,13087,2768,616
Homo_sapiens,Saimiri_boliviensis,same-order,2,1,2,220,98,122,16571,78.19303760624054,0.9567633022295036,0.8466969238527483,0.8983714008627898,13432,2432,607
Homo_sapiens,Saimiri_boliviensis,same-order,2,1,3,220,112,108,16576,79.04878332751193,0.9575488329454904,0.8556934904530846,0.9037603993344426,13579,2290,602
Homo_sapiens,Saimiri_boliviensis,same-order,2,1,4,220,121,99,16576,79.74152986377925,0.9579020979020979,0.8631923876740816,0.9080844575557693,13698,2171,602
Homo_sapiens,Saimiri_boliviensis,same-order,2,1,5,220,124,96,16576,79.9650655021834,0.958208330426289,0.8652973790322581,0.909385863267671,13734,2138,599
Homo_sapiens,Saimiri_boliviensis,same-order,2,1,6,220,125,95,16576,80.00582241630276,0.9582287308228731,0.8657384072580645,0.9096385542168676,13741,2131,599
Homo_sapiens,Saimiri_boliviensis,same-order,2,2,1,220,68,152,16563,75.62819916240112,0.9538551830386619,0.8207297058452215,0.8822990533708819,13002,2840,629
Homo_sapiens,Saimiri_boliviensis,same-order,2,2,2,220,106,114,16566,77.64651108653902,0.955799126011892,0.8415541819099281,0.8950457853956327,13342,2512,617
Homo_sapiens,Saimiri_boliviensis,same-order,2,2,3,220,120,100,16563,78.26162892239623,0.9563206943159992,0.8477643942738223,0.898776492612155,13443,2414,614
Homo_sapiens,Saimiri_boliviensis,same-order,2,2,4,220,121,99,16557,78.37050841535147,0.9563641532229408,0.8486472851106767,0.8992916332531409,13457,2400,614
Homo_sapiens,Saimiri_boliviensis,same-order,2,2,5,220,122,98,16557,78.45786500495021,0.9564106204742298,0.8495932395787349,0.8998430351000234,13472,2385,614
Homo_sapiens,Saimiri_boliviensis,same-order,2,2,6,220,122,98,16557,78.45786500495021,0.9564106204742298,0.8495932395787349,0.8998430351000234,13472,2385,614
Homo_sapiens,Saimiri_boliviensis,same-order,3,0,1,330,89,241,16566,76.35040745052386,0.9552836647003131,0.8272056505013559,0.8866432337434095,13117,2740,614
Homo_sapiens,Saimiri_boliviensis,same-order,3,0,2,330,155,175,16559,78.96208282369386,0.9569421895955389,0.8547380366937772,0.9029572399094179,13557,2304,610
Homo_sapiens,Saimiri_boliviensis,same-order,3,0,3,330,172,158,16558,79.98718247494756,0.95772584583188,0.8653640088244563,0.909205298013245,13729,2136,606
Homo_sapiens,Saimiri_boliviensis,same-order,3,0,4,330,179,151,16559,80.23425208321193,0.9581100828056502,0.8676665196294663,0.9106481481481482,13769,2100,602
Homo_sapiens,Saimiri_boliviensis,same-order,3,0,5,330,180,150,16559,80.38575840568731,0.9581857331388484,0.8693049341483395,0.9115839555937355,13795,2074,602
Homo_sapiens,Saimiri_boliviensis,same-order,3,0,6,330,181,149,16559,80.46733873317406,0.9582263548678093,0.8701871573508098,0.9120871862615588,13809,2060,602
Homo_sapiens,Saimiri_boliviensis,same-order,3,1,1,330,108,222,16574,77.06539446125204,0.9556998556998557,0.835340858926657,0.8914762593801526,13246,2611,614
Homo_sapiens,Saimiri_boliviensis,same-order,3,1,2,330,161,169,16566,79.5957595526561,0.9578047241886872,0.8611128615539732,0.9068887709052296,13665,2204,602
Homo_sapiens,Saimiri_boliviensis,same-order,3,1,3,330,188,142,16563,81.03066340212196,0.9592160651438824,0.8753148614609572,0.91534687695499,13900,1980,591
Homo_sapiens,Saimiri_boliviensis,same-order,3,1,4,330,202,128,16563,81.56851311953353,0.9597283205268935,0.880697557290355,0.918516086671044,13989,1895,587
Homo_sapiens,Saimiri_boliviensis,same-order,3,1,5,330,209,121,16563,81.87755102040816,0.9598742224348896,0.8840342483001763,0.9203945859142005,14042,1842,587
Homo_sapiens,Saimiri_boliviensis,same-order,3,1,6,330,213,117,16563,82.0932944606414,0.9599754534297014,0.8863636363636364,0.9217021276595745,14079,1805,587
Homo_sapiens,Saimiri_boliviensis,same-order,3,2,1,330,106,224,16567,77.04526940532992,0.9553391053391054,0.8352889225334342,0.8912897145934302,13241,2611,619
Homo_sapiens,Saimiri_boliviensis,same-order,3,2,2,330,164,166,16559,79.34409040601153,0.9572703633424696,0.8586648174998424,0.9052904426425629,13621,2242,608
Homo_sapiens,Saimiri_boliviensis,same-order,3,2,3,330,189,141,16556,80.49192749315148,0.958295746304906,0.8701953371140516,0.912123113503517,13810,2060,601
Homo_sapiens,Saimiri_boliviensis,same-order,3,2,4,330,197,133,16556,80.94544182793192,0.9585835576723959,0.874992123999748,0.914882403320377,13887,1984,600
Homo_sapiens,Saimiri_boliviensis,same-order,3,2,5,330,197,133,16556,80.94544182793192,0.9585835576723959,0.874992123999748,0.914882403320377,13887,1984,600
Homo_sapiens,Saimiri_boliviensis,same-order,4,0,1,440,147,293,16563,78.05971017866496,0.9558184279911637,0.8461926692322251,0.8976709945121136,13413,2438,620
Homo_sapiens,Saimiri_boliviensis,same-order,4,0,2,440,238,202,16556,80.77976572061309,0.9583102876106194,0.8735190320141165,0.9139522616378742,13861,2007,603
Homo_sapiens,Saimiri_boliviensis,same-order,4,0,3,440,257,183,16556,81.71378606820168,0.9590203188068687,0.8831905241935484,0.9195447538456492,14018,1854,599
Homo_sapiens,Saimiri_boliviensis,same-order,4,0,4,440,268,172,16556,82.07519673564559,0.9591934055453368,0.8870967741935484,0.9217374226702889,14080,1792,599
Homo_sapiens,Saimiri_boliviensis,same-order,4,0,5,440,271,169,16556,82.12765957446808,0.9592184095860566,0.887663810483871,0.9220549738219896,14089,1783,599
Homo_sapiens,Saimiri_boliviensis,same-order,4,0,6,440,271,169,16556,82.12765957446808,0.9592184095860566,0.887663810483871,0.9220549738219896,14089,1783,599
Homo_sapiens,Saimiri_boliviensis,same-order,4,1,1,440,129,311,16567,77.61159285340162,0.955848623853211,0.841122674235257,0.8948233636394135,13336,2519,616
Homo_sapiens,Saimiri_boliviensis,same-order,4,1,2,440,221,219,16550,80.49434534219424,0.9580904801554261,0.8702338186172559,0.9120512566465208,13808,2059,604
Homo_sapiens,Saimiri_boliviensis,same-order,4,1,3,440,252,188,16551,81.71321942970435,0.9590719321059475,0.8828198828198828,0.9193675370686261,14013,1860,598
Homo_sapiens,Saimiri_boliviensis,same-order,4,1,4,440,262,178,16551,82.15639395883142,0.9592837202968612,0.8876078876078876,0.9220549738219895,14089,1784,598
Homo_sapiens,Saimiri_boliviensis,same-order,4,1,5,440,266,174,16550,82.26718759111318,0.9592710953967498,0.8888608870967742,0.9227247457405409,14108,1764,599
Homo_sapiens,Saimiri_boliviensis,same-order,4,1,6,440,266,174,16550,82.26718759111318,0.9592710953967498,0.8888608870967742,0.9227247457405409,14108,1764,599
Homo_sapiens,Saimiri_boliviensis,same-order,4,2,1,440,137,303,16569,77.79264603211543,0.9557541100786275,0.8434897804693414,0.8961195630319684,13371,2481,619
Homo_sapiens,Saimiri_boliviensis,same-order,4,2,2,440,253,187,16551,81.40633199230365,0.9587968685620107,0.8797177241509672,0.9175565997436994,13962,1909,600
Homo_sapiens,Saimiri_boliviensis,same-order,4,2,3,440,284,156,16555,82.92512246326102,0.9599675960305137,0.8955787882604862,0.9266560229383207,14220,1658,593
Homo_sapiens,Saimiri_boliviensis,same-order,4,2,4,440,298,142,16555,83.49078609750408,0.9602280348759222,0.9016878700088172,0.9300376770170197,14317,1561,593
Homo_sapiens,Saimiri_boliviensis,same-order,4,2,5,440,306,134,16555,83.94867308253136,0.9606220383100847,0.9063031295258485,0.9326723691031621,14393,1488,590
Homo_sapiens,Saimiri_boliviensis,same-order,4,2,6,440,311,129,16555,84.35112277631963,0.9608025511559926,0.9106479440841256,0.9350531794523649,14462,1419,590
Homo_sapiens,Saimiri_boliviensis,same-order,5,0,1,550,164,386,16565,77.74285547989058,0.9559149788878551,0.8424471775465153,0.8956014483036074,13357,2498,616
Homo_sapiens,Saimiri_boliviensis,same-order,5,0,2,550,268,282,16557,80.93378409885754,0.9586440209886772,0.8748109879032258,0.9148109105283962,13885,1987,599
Homo_sapiens,Saimiri_boliviensis,same-order,5,0,3,550,309,241,16556,82.4699568311749,0.9601983291448754,0.8899590808939251,0.9237454260324097,14137,1748,586
Homo_sapiens,Saimiri_boliviensis,same-order,5,0,4,550,333,217,16552,83.3790327285456,0.9604193266581547,0.8998866641480922,0.9291681565517017,14292,1590,589
Homo_sapiens,Saimiri_boliviensis,same-order,5,0,5,550,345,205,16553,83.91408393159399,0.9612221702213011,0.9047259455037443,0.9321187759336099,14377,1514,580
Homo_sapiens,Saimiri_boliviensis,same-order,5,0,6,550,352,198,16553,84.1358781299247,0.9613204401467156,0.9071172361714178,0.9334326231949751,14415,1476,580
Homo_sapiens,Saimiri_boliviensis,same-order,5,1,1,550,177,373,16566,78.56643763829044,0.9568824906035033,0.8505957259030448,0.9006140702175944,13493,2370,608
Homo_sapiens,Saimiri_boliviensis,same-order,5,1,2,550,305,245,16557,81.83142923758452,0.9590791091679192,0.8845136088709677,0.9202884300229432,14039,1833,599
Homo_sapiens,Saimiri_boliviensis,same-order,5,1,3,550,337,213,16550,83.74846876276031,0.9603344481605351,0.9042070789772012,0.9314259763851045,14357,1521,593
Homo_sapiens,Saimiri_boliviensis,same-order,5,1,4,550,362,188,16551,84.28421421071053,0.9607021743466986,0.909823677581864,0.9345709757754131,14448,1432,591
Homo_sapiens,Saimiri_boliviensis,same-order,5,1,5,550,367,183,16550,84.48658109684948,0.9608519673545219,0.9118443422958252,0.9357069010080125,14481,1400,590
Homo_sapiens,Saimiri_boliviensis,same-order,5,1,6,550,370,180,16550,84.48658109684948,0.9608519673545219,0.9118443422958252,0.9357069010080125,14481,1400,590
Homo_sapiens,Saimiri_boliviensis,same-order,5,2,1,550,181,369,16565,78.21303841676368,0.9562339880444065,0.8474394550958627,0.8985555704159421,13437,2419,615
Homo_sapiens,Saimiri_boliviensis,same-order,5,2,2,550,296,254,16560,81.60624781443059,0.959041095890411,0.8821268821268822,0.9189774554523678,14002,1871,598
Homo_sapiens,Saimiri_boliviensis,same-order,5,2,3,550,330,220,16554,83.05045202682997,0.960148347943358,0.8966624685138539,0.9273200911755128,14239,1641,591
Homo_sapiens,Saimiri_boliviensis,same-order,5,2,4,550,354,196,16555,83.67073099585788,0.9607449088960343,0.902864337425244,0.9309057865186771,14342,1543,586
Homo_sapiens,Saimiri_boliviensis,same-order,5,2,5,550,361,189,16554,84.10151691948658,0.9609359376041597,0.9074598677998111,0.933432623194975,14415,1470,586
Homo_sapiens,Saimiri_boliviensis,same-order,5,2,6,550,367,183,16556,84.50096249197924,0.9610561931931267,0.9119869050616973,0.9358787996252866,14486,1398,587
Homo_sapiens,Saimiri_boliviensis,same-order,6,0,1,659,187,472,16559,78.63048794689647,0.9564416743395424,0.851664984863774,0.9010175145954962,13504,2352,615
Homo_sapiens,Saimiri_boliviensis,same-order,6,0,2,659,340,319,16557,82.68221574344024,0.9598592025993367,0.8930595792921023,0.9252552934651398,14180,1698,593
Homo_sapiens,Saimiri_boliviensis,same-order,6,0,3,659,409,250,16552,84.25353099101203,0.961246504194966,0.9085530870413494,0.9341573106416022,14436,1453,582
Homo_sapiens,Saimiri_boliviensis,same-order,6,0,4,659,441,218,16553,84.9620548744892,0.9618663670610006,0.9156914558953064,0.9382111200644642,14554,1340,577
Homo_sapiens,Saimiri_boliviensis,same-order,6,0,5,659,448,211,16554,85.50826180883985,0.9623472203968985,0.9211850547238646,0.9413163645712816,14645,1253,573
Homo_sapiens,Saimiri_boliviensis,same-order,6,0,6,659,464,195,16555,85.99205885787691,0.9626748594587528,0.9262264150943397,0.9440989807038913,14727,1173,571
Homo_sapiens,Saimiri_boliviensis,same-order,6,1,1,659,192,467,16562,78.31732168850073,0.9564135381114903,0.8482154117795434,0.8990709177194037,13451,2407,613
Homo_sapiens,Saimiri_boliviensis,same-order,6,1,2,659,350,309,16561,82.60742813830097,0.960021683154899,0.892135255966249,0.9248343614347727,14168,1713,590
Homo_sapiens,Saimiri_boliviensis,same-order,6,1,3,659,428,231,16556,84.86227824463118,0.9616452850152096,0.9151091812975898,0.9378002773030665,14542,1349,580
Homo_sapiens,Saimiri_boliviensis,same-order,6,1,4,659,454,205,16552,85.44658493870404,0.9620111731843576,0.9209714968854212,0.9410441044104411,14637,1256,578
Homo_sapiens,Saimiri_boliviensis,same-order,6,1,5,659,469,190,16553,86.04624007473143,0.9624502057075688,0.9271514846502265,0.9444711461437406,14738,1158,575
Homo_sapiens,Saimiri_boliviensis,same-order,6,1,6,659,484,175,16555,86.56350364963504,0.9629725867220995,0.9322684107917741,0.9473717846301327,14824,1077,570
Homo_sapiens,Saimiri_boliviensis,same-order,6,2,1,659,188,471,16570,78.70532075911049,0.956964892412231,0.8522977999117443,0.9016038144776765,13520,2343,608
Homo_sapiens,Saimiri_boliviensis,same-order,6,2,2,659,352,307,16546,82.06369575361643,0.9592281993591055,0.8863478863478863,0.9213490504256713,14069,1804,598
Homo_sapiens,Saimiri_boliviensis,same-order,6,2,3,659,402,257,16553,83.68347338935574,0.9609327883133418,0.9025679758308157,0.9308363896011166,14340,1548,583
Homo_sapiens,Saimiri_boliviensis,same-order,6,2,4,659,429,230,16553,84.56105533504552,0.9615690959776981,0.9115907374779764,0.9359131726855741,14487,1405,579
Homo_sapiens,Saimiri_boliviensis,same-order,6,2,5,659,445,214,16553,85.07209994745753,0.961975178241352,0.916766278703995,0.9388267886480044,14572,1323,576
Homo_sapiens,Saimiri_boliviensis,same-order,6,2,6,659,455,204,16553,85.53330608908868,0.9621724568201222,0.9217363950927965,0.9415204678362572,14651,1244,576
Homo_sapiens,Saimiri_boliviensis,same-order,7,0,1,769,219,550,16567,78.87660069848661,0.9567212651793279,0.8545213772228528,0.902737992139098,13551,2307,613
Homo_sapiens,Saimiri_boliviensis,same-order,7,0,2,769,416,353,16555,82.62669854785094,0.9598915989159892,0.8922476226462623,0.9248343614347727,14168,1711,592
Homo_sapiens,Saimiri_boliviensis,same-order,7,0,3,769,500,269,16552,84.24185829345161,0.9612413425679276,0.9084272137957077,0.9340883352208381,14434,1455,582
Homo_sapiens,Saimiri_boliviensis,same-order,7,0,4,769,518,251,16553,84.77029945712451,0.9617218543046357,0.9137356068709495,0.9371148323815055,14522,1371,578
Homo_sapiens,Saimiri_boliviensis,same-order,7,0,5,769,539,230,16553,85.44743447551222,0.9620136698212408,0.9210344176681557,0.9410781445883828,14638,1255,578
Homo_sapiens,Saimiri_boliviensis,same-order,7,0,6,769,554,215,16552,85.85439897250278,0.9622456324020153,0.9252548131370328,0.9433877537928602,14706,1188,577
Homo_sapiens,Saimiri_boliviensis,same-order,7,1,1,769,239,530,16564,78.76441131943636,0.9568508170050223,0.852846604879894,0.9018601240082672,13527,2334,610
Homo_sapiens,Saimiri_boliviensis,same-order,7,1,2,769,415,354,16567,82.43589743589743,0.9597666056041794,0.890918251668976,0.924061795734396,14146,1732,593
Homo_sapiens,Saimiri_boliviensis,same-order,7,1,3,769,490,279,16550,84.36934570711493,0.9612315467482379,0.909806143001007,0.9348121321865097,14455,1433,583
Homo_sapiens,Saimiri_boliviensis,same-order,7,1,4,769,527,242,16551,85.31231757151197,0.9618903442374778,0.9195821797130632,0.9402605758404375,14614,1278,579
Homo_sapiens,Saimiri_boliviensis,same-order,7,1,5,769,545,224,16553,85.95948391616557,0.9623529411764706,0.9263290342875118,0.9439974354864561,14724,1171,576
Homo_sapiens,Saimiri_boliviensis,same-order,7,1,6,769,566,203,16554,86.51521345558605,0.9630111161671976,0.9315809332159477,0.9470353204411059,14814,1088,569
Homo_sapiens,Saimiri_boliviensis,same-order,7,2,1,769,241,528,16565,78.96605926529662,0.9568284424379232,0.8552872186140362,0.9032129182620278,13564,2295,612
Homo_sapiens,Saimiri_boliviensis,same-order,7,2,2,769,435,334,16559,82.74153110605796,0.9599540012176149,0.8936960765791296,0.9256408583914943,14191,1688,592
Homo_sapiens,Saimiri_boliviensis,same-order,7,2,3,769,496,273,16556,84.44885335823074,0.9614030425828738,0.9107614852108245,0.9353973435025692,14472,1418,581
Homo_sapiens,Saimiri_boliviensis,same-order,7,2,4,769,536,233,16554,85.25480123752261,0.9619944671321301,0.9189002139172014,0.9399536619899601,14605,1289,577
Homo_sapiens,Saimiri_boliviensis,same-order,7,2,5,769,550,219,16553,85.9745416326054,0.9625416748382035,0.9261542332368852,0.9439974354864562,14724,1174,573
Homo_sapiens,Saimiri_boliviensis,same-order,7,2,6,769,567,202,16555,86.55103947675777,0.9630279402209226,0.9320211294176833,0.9472708679534705,14821,1081,569
Homo_sapiens,Saimiri_boliviensis,same-order,8,0,1,879,263,616,16581,79.28908022572575,0.9572943738147082,0.8591691357246423,0.9055813953488373,13629,2234,608
Homo_sapiens,Saimiri_boliviensis,same-order,8,0,2,879,477,402,16557,82.99026182284682,0.9600647598488937,0.8962781031551105,0.927075530078494,14232,1647,592
Homo_sapiens,Saimiri_boliviensis,same-order,8,0,3,879,566,313,16557,84.86404481269693,0.9615867768595041,0.91529263687854,0.9378687731742705,14544,1346,581
Homo_sapiens,Saimiri_boliviensis,same-order,8,0,4,879,610,269,16553,85.77349678925862,0.9622134905042568,0.9244368944255694,0.9429469901168014,14693,1201,577
Homo_sapiens,Saimiri_boliviensis,same-order,8,0,5,879,624,255,16553,86.31320798785472,0.9626831650928036,0.9298024908793558,0.9459571881099414,14782,1116,573
Homo_sapiens,Saimiri_boliviensis,same-order,8,0,6,879,638,241,16555,86.76711048820368,0.9631166137291761,0.9343478807697145,0.9485141562130933,14858,1044,569
Homo_sapiens,Saimiri_boliviensis,same-order,8,1,1,879,291,588,16564,79.4211844173994,0.9572571588994947,0.8598537384945152,0.9059448688143475,13639,2223,609
Homo_sapiens,Saimiri_boliviensis,same-order,8,1,2,879,519,360,16557,82.74052478134111,0.9598863559494013,0.8936893815341983,0.9256058184664557,14190,1688,593
Homo_sapiens,Saimiri_boliviensis,same-order,8,1,3,879,602,277,16556,84.51846234614712,0.9610639426903688,0.91217577436414,0.9359819121447028,14489,1395,587
Homo_sapiens,Saimiri_boliviensis,same-order,8,1,4,879,635,244,16554,85.14002333722287,0.9613940312273536,0.918665407617249,0.9395441668812774,14593,1292,586
Homo_sapiens,Saimiri_boliviensis,same-order,8,1,5,879,653,226,16556,85.92856309093031,0.9622246911966538,0.9263826842005914,0.9439635827402705,14723,1170,578
Homo_sapiens,Saimiri_boliviensis,same-order,8,1,6,879,672,207,16557,86.4939006595459,0.9625852549529068,0.9323057565272098,0.9472035794183444,14819,1076,576
Homo_sapiens,Saimiri_boliviensis,same-order,8,2,1,879,268,611,16560,79.22660299341914,0.9570172353148083,0.8577553593947037,0.9046716541978388,13604,2256,611
Homo_sapiens,Saimiri_boliviensis,same-order,8,2,2,879,498,381,16552,82.7851644506648,0.9597079502433749,0.8942362204724409,0.9258160237388724,14196,1679,596
Homo_sapiens,Saimiri_boliviensis,same-order,8,2,3,879,590,289,16551,84.80975723622782,0.9613044053446224,0.9148306685131562,0.9374919365243194,14533,1353,585
Homo_sapiens,Saimiri_boliviensis,same-order,8,2,4,879,642,237,16551,85.63423034265367,0.9619672131147541,0.9231640551255428,0.9421662759705853,14670,1221,580
Homo_sapiens,Saimiri_boliviensis,same-order,8,2,5,879,652,227,16553,86.25561978163134,0.9625985534632175,0.9292948355035542,0.945653565484573,14773,1124,574
Homo_sapiens,Saimiri_boliviensis,same-order,8,2,6,879,662,217,16553,86.58764451710849,0.9627970393455395,0.932758837589634,0.9475399361022364,14829,1069,573
Homo_sapiens,Saimiri_sciureus,same-order,1,0,1,110,32,78,16571,74.08913940380033,0.9523453839259038,0.8051275574640061,0.8725704900082124,12750,3086,638
Homo_sapiens,Saimiri_sciureus,same-order,1,0,2,110,45,65,16569,74.89972679183863,0.9531030401656927,0.8134469696969697,0.8777546919172997,12885,2955,634
Homo_sapiens,Saimiri_sciureus,same-order,1,0,3,110,47,63,16566,75.19190509420795,0.9535398230088495,0.8160817975258773,0.8794721806556931,12930,2914,630
Homo_sapiens,Saimiri_sciureus,same-order,1,0,4,110,48,62,16566,75.30390275111964,0.953808752025932,0.8170000631034265,0.8801196424322764,12947,2900,627
Homo_sapiens,Saimiri_sciureus,same-order,1,0,5,110,48,62,16566,75.30390275111964,0.953808752025932,0.8170000631034265,0.8801196424322764,12947,2900,627
Homo_sapiens,Saimiri_sciureus,same-order,1,1,1,110,36,74,16581,74.12891986062718,0.9523276633840645,0.8061256709820019,0.8731488765005644,12765,3070,639
Homo_sapiens,Saimiri_sciureus,same-order,1,1,2,110,51,59,16577,75.2947325628666,0.9528184022929375,0.818911066195048,0.8808043751486124,12965,2867,642
Homo_sapiens,Saimiri_sciureus,same-order,1,1,3,110,53,57,16581,75.51399697990475,0.953295696165408,0.820988823640841,0.8822092549871082,13002,2835,637
Homo_sapiens,Saimiri_sciureus,same-order,1,1,4,110,53,57,16581,75.51399697990475,0.953295696165408,0.820988823640841,0.8822092549871082,13002,2835,637
Homo_sapiens,Saimiri_sciureus,same-order,1,2,1,110,37,73,16578,74.79514151217528,0.9534039558485814,0.8122436099715998,0.8771810250817884,12870,2975,629
Homo_sapiens,Saimiri_sciureus,same-order,1,2,2,110,41,69,16576,75.0683020403418,0.9536961819658814,0.8149176500283966,0.8788621205934395,12914,2933,627
Homo_sapiens,Saimiri_sciureus,same-order,1,2,3,110,42,68,16576,75.1496831947916,0.9537440059018812,0.8158010979996214,0.8793959594585403,12928,2919,627
Homo_sapiens,Saimiri_sciureus,same-order,1,2,4,110,42,68,16576,75.1496831947916,0.9537440059018812,0.8158010979996214,0.8793959594585403,12928,2919,627
Homo_sapiens,Saimiri_sciureus,same-order,2,0,1,220,80,140,16562,76.20543244343628,0.9540522828223986,0.8269898377832481,0.8859886394373817,13102,2741,631
Homo_sapiens,Saimiri_sciureus,same-order,2,0,2,220,115,105,16563,78.5015717778554,0.9563829787234043,0.8503058200390945,0.9002303147635101,13485,2374,615
Homo_sapiens,Saimiri_sciureus,same-order,2,0,3,220,121,99,16562,78.79352509607546,0.9567307692307693,0.8531080569915521,0.9019529427447844,13532,2330,612
Homo_sapiens,Saimiri_sciureus,same-order,2,0,4,220,122,98,16562,78.81099336205892,0.9567399448646356,0.8532971882486445,0.9020627145189776,13535,2327,612
Homo_sapiens,Saimiri_sciureus,same-order,2,0,5,220,122,98,16562,78.81099336205892,0.9567399448646356,0.8532971882486445,0.9020627145189776,13535,2327,612
Homo_sapiens,Saimiri_sciureus,same-order,2,1,1,220,52,168,16578,74.89393851339571,0.9534625628884286,0.8133165036289051,0.877831136541671,12887,2958,629
Homo_sapiens,Saimiri_sciureus,same-order,2,1,2,220,82,138,16574,76.75392670157068,0.955394641564084,0.8320090805902384,0.889443171093434,13194,2664,616
Homo_sapiens,Saimiri_sciureus,same-order,2,1,3,220,103,117,16567,77.95170206575501,0.9559012416155274,0.844853683148335,0.8969534650150652,13396,2460,618
Homo_sapiens,Saimiri_sciureus,same-order,2,1,4,220,108,112,16572,78.2251963922025,0.9563887307911212,0.8475505958010213,0.8986863656115252,13443,2418,613
Homo_sapiens,Saimiri_sciureus,same-order,2,1,5,220,109,111,16572,78.30084375909223,0.9564290283602246,0.848370216253704,0.899164717674574,13456,2405,613
Homo_sapiens,Saimiri_sciureus,same-order,2,1,6,220,112,108,16572,78.46001629612385,0.9567099567099567,0.8497856782652546,0.9000834585211149,13481,2383,610
Homo_sapiens,Saimiri_sciureus,same-order,2,2,1,220,77,143,16562,75.95371016515469,0.953705732018985,0.8245580808080808,0.8844421872354833,13061,2779,634
Homo_sapiens,Saimiri_sciureus,same-order,2,2,2,220,107,113,16559,77.66143106457243,0.9548673199341964,0.8426434387426623,0.8952521459227468,13350,2493,631
Homo_sapiens,Saimiri_sciureus,same-order,2,2,3,220,116,104,16555,78.3539956929166,0.955565019875071,0.849444724886421,0.8993853554249064,13462,2386,626
Homo_sapiens,Saimiri_sciureus,same-order,2,2,4,220,119,101,16555,78.56103382036207,0.9558073654390935,0.8514826498422713,0.900633967300634,13496,2354,624
Homo_sapiens,Saimiri_sciureus,same-order,2,2,5,220,119,101,16559,78.58431806275104,0.9560906515580736,0.8515201211050839,0.900780676586375,13500,2354,620
Homo_sapiens,Saimiri_sciureus,same-order,2,2,6,220,119,101,16559,78.58431806275104,0.9560906515580736,0.8515201211050839,0.900780676586375,13500,2354,620
Homo_sapiens,Saimiri_sciureus,same-order,3,0,1,330,88,242,16572,76.41723356009071,0.9544662309368191,0.8293683347005743,0.8875308100077658,13143,2704,627
Homo_sapiens,Saimiri_sciureus,same-order,3,0,2,330,142,188,16562,78.64710676446617,0.956392467789891,0.851935931391096,0.9011472785485592,13510,2348,616
Homo_sapiens,Saimiri_sciureus,same-order,3,0,3,330,155,175,16556,79.52375407545412,0.9565795924084319,0.861549135864766,0.9065808250091262,13659,2195,620
Homo_sapiens,Saimiri_sciureus,same-order,3,0,4,330,169,161,16564,80.18862432322291,0.9573920900813234,0.868419393480865,0.910737900026448,13774,2087,613
Homo_sapiens,Saimiri_sciureus,same-order,3,0,5,330,180,150,16564,80.51010306877075,0.9578108763422237,0.8714780964387016,0.9126072607260727,13826,2039,609
Homo_sapiens,Saimiri_sciureus,same-order,3,0,6,330,180,150,16564,80.51010306877075,0.9578108763422237,0.8714780964387016,0.9126072607260727,13826,2039,609
Homo_sapiens,Saimiri_sciureus,same-order,3,1,1,330,96,234,16572,76.50616422423819,0.9547169811320755,0.8300315457413249,0.8880188997637529,13156,2694,624
Homo_sapiens,Saimiri_sciureus,same-order,3,1,2,330,140,190,16572,78.46171747730975,0.9563182527301092,0.8504224996847017,0.9002670226969293,13486,2372,616
Homo_sapiens,Saimiri_sciureus,same-order,3,1,3,330,162,168,16569,79.13878382310155,0.9566685424873382,0.8576113002900744,0.9044357252111458,13600,2258,616
Homo_sapiens,Saimiri_sciureus,same-order,3,1,4,330,167,163,16565,79.41895668374477,0.9571288240246982,0.859925613061842,0.9059272787647351,13641,2222,611
Homo_sapiens,Saimiri_sciureus,same-order,3,1,5,330,172,158,16566,79.62855146716349,0.9573038426541611,0.8621406959152799,0.9072335909256742,13677,2187,610
Homo_sapiens,Saimiri_sciureus,same-order,3,1,6,330,172,158,16566,79.62855146716349,0.9573038426541611,0.8621406959152799,0.9072335909256742,13677,2187,610
Homo_sapiens,Saimiri_sciureus,same-order,3,2,1,330,105,225,16572,77.81073692781946,0.9556396885491821,0.8438781303223365,0.8962883558890528,13378,2475,621
Homo_sapiens,Saimiri_sciureus,same-order,3,2,2,330,184,146,16576,81.05937136204889,0.9584308327598073,0.8775047258979206,0.9161842105263158,13926,1944,604
Homo_sapiens,Saimiri_sciureus,same-order,3,2,3,330,215,115,16567,82.3296447291788,0.9590881335233055,0.8906811165017957,0.9236197321136882,14136,1735,603
Homo_sapiens,Saimiri_sciureus,same-order,3,2,4,330,222,108,16565,82.64794967381174,0.9592347214710655,0.8940205406086573,0.9254802204611422,14189,1682,603
Homo_sapiens,Saimiri_sciureus,same-order,3,2,5,330,223,107,16565,82.77308476551121,0.9594813614262561,0.8950485069925664,0.9261456228407535,14208,1666,600
Homo_sapiens,Saimiri_sciureus,same-order,3,2,6,330,225,105,16565,82.77891057384213,0.959484097508272,0.8951115030868086,0.9261806211908875,14209,1665,600
Homo_sapiens,Saimiri_sciureus,same-order,4,0,1,440,143,297,16562,77.61098504683773,0.9552420509882555,0.8416303867751909,0.8948445309093348,13339,2510,625
Homo_sapiens,Saimiri_sciureus,same-order,4,0,2,440,221,219,16567,80.9096732863549,0.9583362074912051,0.8754253308128545,0.9150064214443311,13893,1977,604
Homo_sapiens,Saimiri_sciureus,same-order,4,0,3,440,251,189,16563,81.95164579085348,0.9589610743745314,0.8862777217741935,0.9211879113323074,14067,1805,602
Homo_sapiens,Saimiri_sciureus,same-order,4,0,4,440,258,182,16564,82.45542477566717,0.9594548782968337,0.8913454270597128,0.9241469387755102,14151,1725,598
Homo_sapiens,Saimiri_sciureus,same-order,4,0,5,440,262,178,16563,82.73993357030476,0.9595864026491856,0.8943688586545729,0.9258305349982069,14199,1677,598
Homo_sapiens,Saimiri_sciureus,same-order,4,0,6,440,262,178,16563,82.73993357030476,0.9595864026491856,0.8943688586545729,0.9258305349982069,14199,1677,598
Homo_sapiens,Saimiri_sciureus,same-order,4,1,1,440,125,315,16567,77.7299435685613,0.9555174140027176,0.8428589452435024,0.8956594603653426,13361,2491,622
Homo_sapiens,Saimiri_sciureus,same-order,4,1,2,440,206,234,16548,80.8252710106073,0.9578671087166736,0.8741805345436208,0.9141124513875157,13868,1996,610
Homo_sapiens,Saimiri_sciureus,same-order,4,1,3,440,242,198,16553,82.16326530612245,0.9593545751633987,0.8875102349310323,0.922035007361361,14091,1786,597
Homo_sapiens,Saimiri_sciureus,same-order,4,1,4,440,255,185,16555,82.52376231850253,0.9597178895971789,0.891183879093199,0.9241820675243257,14152,1728,594
Homo_sapiens,Saimiri_sciureus,same-order,4,1,5,440,257,183,16555,82.68120590121873,0.9597915115413254,0.8928841309823677,0.9251296773562131,14179,1701,594
Homo_sapiens,Saimiri_sciureus,same-order,4,1,6,440,258,182,16555,82.72785585165316,0.9598132737974426,0.8933879093198992,0.9254101301327419,14187,1693,594
Homo_sapiens,Saimiri_sciureus,same-order,4,2,1,440,135,305,16567,77.74998545750684,0.955396711937098,0.8432807570977918,0.8958445040214479,13366,2484,624
Homo_sapiens,Saimiri_sciureus,same-order,4,2,2,440,254,186,16562,81.31989748369058,0.958399121301572,0.8798210234434081,0.9174305897815015,13961,1907,606
Homo_sapiens,Saimiri_sciureus,same-order,4,2,3,440,286,154,16552,82.5202541236813,0.9590191695454854,0.8921797214695318,0.9243927918516585,14158,1711,605
Homo_sapiens,Saimiri_sciureus,same-order,4,2,4,440,299,141,16548,83.04669737072233,0.9592592592592593,0.8976621085134538,0.9274390442397215,14245,1624,605
Homo_sapiens,Saimiri_sciureus,same-order,4,2,5,440,305,135,16552,83.1632950504285,0.9595721781245796,0.8986958986958987,0.9281368944988452,14265,1608,601
Homo_sapiens,Saimiri_sciureus,same-order,4,2,6,440,306,134,16552,83.23908354223751,0.9596075005040662,0.8995148995148995,0.9285900104058272,14278,1595,601
Homo_sapiens,Saimiri_sciureus,same-order,5,0,1,550,169,381,16576,78.1260904966849,0.9560173653120775,0.8471871846619576,0.8983181195037951,13433,2423,618
Homo_sapiens,Saimiri_sciureus,same-order,5,0,2,550,276,274,16562,81.58569264825819,0.9586556232459443,0.8824826717076244,0.9189934052954494,14005,1865,604
Homo_sapiens,Saimiri_sciureus,same-order,5,0,3,550,335,215,16563,83.56252185060016,0.9599062918340027,0.9033700787401575,0.9307804640597112,14341,1534,599
Homo_sapiens,Saimiri_sciureus,same-order,5,0,4,550,361,189,16564,84.49973777751879,0.9604583388528282,0.9133337532279397,0.9363034705407587,14501,1376,597
Homo_sapiens,Saimiri_sciureus,same-order,5,0,5,550,375,175,16568,85.2972027972028,0.961126797557292,0.921609369097091,0.9409533605477162,14637,1245,592
Homo_sapiens,Saimiri_sciureus,same-order,5,0,6,550,395,155,16568,86.16487873134328,0.9619865911605806,0.9300818124606671,0.9457652065401722,14779,1111,584
Homo_sapiens,Saimiri_sciureus,same-order,5,1,1,550,172,378,16576,78.34583842261385,0.9562007524668134,0.8494671123163272,0.8996794015495592,13470,2387,617
Homo_sapiens,Saimiri_sciureus,same-order,5,1,2,550,288,262,16557,81.48191297256363,0.9582134538977942,0.8817448310640443,0.9183901254021404,13988,1876,610
Homo_sapiens,Saimiri_sciureus,same-order,5,1,3,550,330,220,16563,82.83134284882027,0.9593792172739541,0.8957913306451613,0.9264955037143229,14218,1654,602
Homo_sapiens,Saimiri_sciureus,same-order,5,1,4,550,338,212,16561,83.08185260704923,0.9593676421123445,0.8986137366099559,0.9279973971042785,14261,1609,604
Homo_sapiens,Saimiri_sciureus,same-order,5,1,5,550,340,210,16560,83.34304357958518,0.9594875578509625,0.9013862633900441,0.929529874264921,14305,1565,604
Homo_sapiens,Saimiri_sciureus,same-order,5,1,6,550,347,203,16560,83.60426498863835,0.9596709470304976,0.9041018209312582,0.9310579761866139,14349,1522,603
Homo_sapiens,Saimiri_sciureus,same-order,5,2,1,550,162,388,16572,78.34835708054668,0.9557999290528556,0.8499148318718062,0.8997528885326921,13472,2379,623
Homo_sapiens,Saimiri_sciureus,same-order,5,2,2,550,286,264,16559,82.0024462694391,0.9584723262305126,0.887481089258699,0.921611625699604,14079,1785,610
Homo_sapiens,Saimiri_sciureus,same-order,5,2,3,550,323,227,16562,83.03524614040198,0.9594103392568659,0.8980530527376976,0.9277182933576333,14253,1618,603
Homo_sapiens,Saimiri_sciureus,same-order,5,2,4,550,343,207,16562,83.95126501107613,0.9605149069565797,0.9067497796247324,0.9328582995951418,14401,1481,592
Homo_sapiens,Saimiri_sciureus,same-order,5,2,5,550,351,199,16562,84.3001224275637,0.9607335060793303,0.9104073537744759,0.934893644533523,14460,1423,591
Homo_sapiens,Saimiri_sciureus,same-order,5,2,6,550,354,196,16562,84.41672010726987,0.9607856147568177,0.9116665617326701,0.9355818311042191,14480,1403,591
Homo_sapiens,Saimiri_sciureus,same-order,6,0,1,659,188,471,16572,78.18626025245769,0.9559743954480796,0.8477451907915484,0.8986127360855758,13441,2414,619
Homo_sapiens,Saimiri_sciureus,same-order,6,0,2,659,342,317,16558,82.0565103408098,0.9586849986387149,0.8876914350538854,0.9218233580941784,14085,1782,607
Homo_sapiens,Saimiri_sciureus,same-order,6,0,3,659,410,249,16564,83.75291375291376,0.9601817210048103,0.9051517823403451,0.9318550217208066,14372,1506,596
Homo_sapiens,Saimiri_sciureus,same-order,6,0,4,659,439,220,16564,84.44677626209631,0.9608649509153622,0.9119869050616973,0.9357881136950904,14486,1398,590
Homo_sapiens,Saimiri_sciureus,same-order,6,0,5,659,445,214,16563,84.63825569871159,0.9609478422028065,0.9140015109544195,0.9368869385647909,14518,1366,590
Homo_sapiens,Saimiri_sciureus,same-order,6,0,6,659,448,211,16563,84.97055908587419,0.961094625783053,0.917590027700831,0.9388386099391284,14575,1309,590
Homo_sapiens,Saimiri_sciureus,same-order,6,1,1,659,210,449,16576,78.64495492875837,0.9562296704850799,0.8529170608640807,0.9016234956829017,13523,2332,619
Homo_sapiens,Saimiri_sciureus,same-order,6,1,2,659,343,316,16558,82.37454100367196,0.9593402117838719,0.890267716535433,0.9235142287711962,14133,1742,599
Homo_sapiens,Saimiri_sciureus,same-order,6,1,3,659,407,252,16551,83.89034703995334,0.9603391867530213,0.9057304785894207,0.9322357973879509,14383,1497,594
Homo_sapiens,Saimiri_sciureus,same-order,6,1,4,659,440,219,16554,84.54762876976025,0.9609494132467016,0.9124331129996852,0.9360630328080599,14494,1391,589
Homo_sapiens,Saimiri_sciureus,same-order,6,1,5,659,453,206,16553,85.02246338759554,0.9613405462462066,0.9171701913393756,0.9387360690588159,14572,1316,586
Homo_sapiens,Saimiri_sciureus,same-order,6,1,6,659,459,200,16552,85.30664643753282,0.9615232833464877,0.9200704890175593,0.9403402695140385,14619,1270,585
Homo_sapiens,Saimiri_sciureus,same-order,6,2,1,659,203,456,16567,78.63292611983711,0.9559405940594059,0.8527537694782663,0.9014037544596712,13517,2334,623
Homo_sapiens,Saimiri_sciureus,same-order,6,2,2,659,355,304,16566,82.14472841590499,0.9584946674818287,0.8894912689907332,0.9227046821867643,14110,1753,611
Homo_sapiens,Saimiri_sciureus,same-order,6,2,3,659,408,251,16559,84.20101439981345,0.9604974396488661,0.9095088161209068,0.9343079858977262,14443,1437,594
Homo_sapiens,Saimiri_sciureus,same-order,6,2,4,659,454,205,16557,85.30269450600723,0.9612882024318107,0.9207428391564368,0.9405787781350482,14626,1259,589
Homo_sapiens,Saimiri_sciureus,same-order,6,2,5,659,470,189,16556,85.66929133858268,0.9614453099430517,0.9246458923512748,0.9426866054810346,14688,1197,589
Homo_sapiens,Saimiri_sciureus,same-order,6,2,6,659,485,174,16556,86.04515489177994,0.9618494848050084,0.9282522499842658,0.9447522659577874,14749,1140,585
Homo_sapiens,Saimiri_sciureus,same-order,7,0,1,769,245,524,16566,78.8885656095432,0.9563346501128668,0.8550614947965941,0.9028670373946921,13557,2298,619
Homo_sapiens,Saimiri_sciureus,same-order,7,0,2,769,415,354,16556,81.9262366719105,0.9586173984183256,0.8861788617886179,0.9209759292615032,14061,1806,607
Homo_sapiens,Saimiri_sciureus,same-order,7,0,3,769,469,300,16559,83.52372071336985,0.959879437374414,0.902740157480315,0.930433371205973,14331,1544,599
Homo_sapiens,Saimiri_sciureus,same-order,7,0,4,769,499,270,16559,84.41762854144805,0.9605332979570178,0.9119591913848479,0.9356162170893233,14481,1398,595
Homo_sapiens,Saimiri_sciureus,same-order,7,0,5,769,524,245,16559,85.04956268221575,0.961059497924491,0.9183403639111,0.9392144236960721,14586,1297,591
Homo_sapiens,Saimiri_sciureus,same-order,7,0,6,769,536,233,16560,85.42359046119759,0.9612255609500066,0.9224327897752314,0.941429718875502,14651,1232,591
Homo_sapiens,Saimiri_sciureus,same-order,7,1,1,769,248,521,16567,79.07694098475149,0.9566962399662019,0.856737499211804,0.9039619440471042,13587,2272,615
Homo_sapiens,Saimiri_sciureus,same-order,7,1,2,769,446,323,16560,82.87595408728077,0.9593309502933837,0.8962258206792263,0.9267053228223338,14224,1647,603
Homo_sapiens,Saimiri_sciureus,same-order,7,1,3,769,512,257,16556,84.54227405247813,0.960644007155635,0.9130352644836272,0.9362347851354405,14499,1381,594
Homo_sapiens,Saimiri_sciureus,same-order,7,1,4,769,544,225,16552,85.28348110125991,0.9610859133635706,0.9206019393023549,0.9404084257919281,14621,1261,592
Homo_sapiens,Saimiri_sciureus,same-order,7,1,5,769,564,205,16557,85.76263274594469,0.9619739511748151,0.924809664632228,0.943025792377775,14698,1195,581
Homo_sapiens,Saimiri_sciureus,same-order,7,1,6,769,571,198,16557,86.01353716886452,0.9620806683200627,0.9275152582898131,0.9444818196379945,14741,1152,581
Homo_sapiens,Saimiri_sciureus,same-order,7,2,1,769,226,543,16571,78.93420210599803,0.9564359227407303,0.8557013118062563,0.9032687570734306,13568,2288,618
Homo_sapiens,Saimiri_sciureus,same-order,7,2,2,769,430,339,16548,82.44070167259164,0.9585959205800637,0.8917607010023325,0.9239712606139777,14146,1717,611
Homo_sapiens,Saimiri_sciureus,same-order,7,2,3,769,503,266,16555,83.98833819241983,0.9603306887125809,0.9071100195226399,0.9329619794028109,14404,1475,595
Homo_sapiens,Saimiri_sciureus,same-order,7,2,4,769,529,240,16555,84.67864224892104,0.9608868299139642,0.914122017251149,0.9369212402800632,14519,1364,591
Homo_sapiens,Saimiri_sciureus,same-order,7,2,5,769,545,224,16557,85.38008284230791,0.9616269137262632,0.921019509125236,0.9408852743579028,14635,1255,584
Homo_sapiens,Saimiri_sciureus,same-order,7,2,6,769,555,214,16557,85.93430955020128,0.9618649601671673,0.9269981120201385,0.9441097295218562,14730,1160,584
Homo_sapiens,Saimiri_sciureus,same-order,8,0,1,879,263,616,16566,79.22266829580497,0.9563812600969306,0.8588910616287138,0.9050182784978399,13616,2237,621
Homo_sapiens,Saimiri_sciureus,same-order,8,0,2,879,511,368,16571,83.5488756844926,0.9601660306621143,0.9032054915296933,0.930815160955348,14342,1537,595
Homo_sapiens,Saimiri_sciureus,same-order,8,0,3,879,621,258,16553,85.30012249897918,0.9612173798724775,0.9206119365399144,0.9404765733028909,14623,1261,590
Homo_sapiens,Saimiri_sciureus,same-order,8,0,4,879,650,229,16553,85.80012834723762,0.9615560640732266,0.9257837089260984,0.9433308745710529,14707,1179,588
Homo_sapiens,Saimiri_sciureus,same-order,8,0,5,879,662,217,16552,86.40210096294135,0.9621133350662854,0.9316594298659618,0.9466415166725279,14805,1086,583
Homo_sapiens,Saimiri_sciureus,same-order,8,0,6,879,667,212,16554,86.66822320803175,0.9625307921690652,0.934071464519376,0.9480876061554179,14848,1048,578
Homo_sapiens,Saimiri_sciureus,same-order,8,1,1,879,290,589,16570,79.0667907842681,0.9565033783783784,0.8570887991927346,0.9040713145290048,13590,2266,618
Homo_sapiens,Saimiri_sciureus,same-order,8,1,2,879,485,394,16550,82.48732443615596,0.9587482219061166,0.8921525370312008,0.9242523181402638,14154,1711,609
Homo_sapiens,Saimiri_sciureus,same-order,8,1,3,879,569,310,16561,84.36825841058831,0.9608233731739708,0.9109796021153362,0.9352378490175801,14470,1414,590
Homo_sapiens,Saimiri_sciureus,same-order,8,1,4,879,640,239,16559,85.14845709619087,0.9615308609446018,0.918628067967275,0.9395899713559267,14597,1293,584
Homo_sapiens,Saimiri_sciureus,same-order,8,1,5,879,653,226,16556,85.78514325727957,0.9619814160450203,0.9249984269804317,0.9431275060144347,14701,1192,581
Homo_sapiens,Saimiri_sciureus,same-order,8,1,6,879,671,208,16556,86.34453781512605,0.9622788761706556,0.9309173272933182,0.9463383434601854,14796,1098,580
Homo_sapiens,Saimiri_sciureus,same-order,8,2,1,879,235,644,16572,79.14338919925513,0.9569377990430622,0.8573950321523137,0.9044357252111459,13600,2262,612
Homo_sapiens,Saimiri_sciureus,same-order,8,2,2,879,461,418,16558,82.69611842872129,0.9594293055649469,0.8938515812019655,0.9254802204611421,14189,1685,600
Homo_sapiens,Saimiri_sciureus,same-order,8,2,3,879,541,338,16558,84.06321068283864,0.9606183780902245,0.9076370962664484,0.9333764972483004,14416,1467,591
Homo_sapiens,Saimiri_sciureus,same-order,8,2,4,879,588,291,16557,84.73834665422088,0.961347541200609,0.9140969162995595,0.9371270040969064,14525,1365,584
Homo_sapiens,Saimiri_sciureus,same-order,8,2,5,879,603,276,16556,85.33255542590432,0.9616042077580539,0.9204531151667715,0.9405787781350482,14626,1264,584
Homo_sapiens,Saimiri_sciureus,same-order,8,2,6,879,628,251,16556,85.804305968843,0.9618680096801622,0.9254294883896546,0.9432969852469532,14706,1185,583
Homo_sapiens,Aotus_azarai,same-order,1,0,1,111,25,86,16565,73.13994557350472,0.9470685260158944,0.7970218941258124,0.865590845239319,12632,3217,706
Homo_sapiens,Aotus_azarai,same-order,1,0,2,111,35,76,16566,74.05026638869586,0.9479575950774706,0.8065981202296095,0.8715833958148729,12787,3066,702
Homo_sapiens,Aotus_azarai,same-order,1,0,3,111,39,72,16566,74.31665508454945,0.948134466198744,0.8094997792215984,0.8733496665305567,12833,3020,702
Homo_sapiens,Aotus_azarai,same-order,1,0,4,111,39,72,16566,74.31665508454945,0.948134466198744,0.8094997792215984,0.8733496665305567,12833,3020,702
Homo_sapiens,Aotus_azarai,same-order,1,1,1,111,29,82,16573,73.55563274285052,0.9477138808085328,0.8014381228711996,0.8684597245480331,12706,3148,701
Homo_sapiens,Aotus_azarai,same-order,1,1,2,111,35,76,16568,74.28455567141698,0.9486572464304209,0.8084610049807704,0.872966165157601,12823,3038,694
Homo_sapiens,Aotus_azarai,same-order,1,1,3,111,40,71,16570,74.49310624493106,0.9489336580326175,0.8106285065876568,0.8743455497382199,12859,3004,692
Homo_sapiens,Aotus_azarai,same-order,1,1,4,111,40,71,16570,74.49310624493106,0.9489336580326175,0.8106285065876568,0.8743455497382199,12859,3004,692
Homo_sapiens,Aotus_azarai,same-order,1,2,1,111,30,81,16566,73.82495948136143,0.9472667855020797,0.8049226885452824,0.8703128731788871,12754,3091,710
Homo_sapiens,Aotus_azarai,same-order,1,2,2,111,43,68,16563,75.0868658790827,0.9484309852973447,0.8180441640378548,0.8784255275905288,12966,2884,705
Homo_sapiens,Aotus_azarai,same-order,1,2,3,111,45,66,16562,75.2881886114812,0.948824645933713,0.8197931121483537,0.8796020573903627,12997,2857,701
Homo_sapiens,Aotus_azarai,same-order,1,2,4,111,45,66,16562,75.2881886114812,0.948824645933713,0.8197931121483537,0.8796020573903627,12997,2857,701
Homo_sapiens,Aotus_azarai,same-order,2,0,1,221,55,166,16572,75.45322907616566,0.9494897959183674,0.821270962047661,0.8807382867960246,13027,2835,693
Homo_sapiens,Aotus_azarai,same-order,2,0,2,221,81,140,16567,76.87315292345136,0.9505588993981083,0.8361802710368736,0.8897085946145333,13266,2599,690
Homo_sapiens,Aotus_azarai,same-order,2,0,3,221,88,133,16567,77.40813724353772,0.9510788293099764,0.8416939752961936,0.8930493798268195,13356,2512,687
Homo_sapiens,Aotus_azarai,same-order,2,0,4,221,89,132,16567,77.54143966616437,0.9511588226930187,0.8431434333249307,0.8938999131422463,13379,2489,687
Homo_sapiens,Aotus_azarai,same-order,2,0,5,221,89,132,16567,77.54143966616437,0.9511588226930187,0.8431434333249307,0.8938999131422463,13379,2489,687
Homo_sapiens,Aotus_azarai,same-order,2,1,1,221,61,160,16580,75.57163531114327,0.9494545454545454,0.823139974779319,0.8817966903073285,13055,2805,695
Homo_sapiens,Aotus_azarai,same-order,2,1,2,221,91,130,16575,78.13640841397694,0.9518565579556685,0.8494928494928495,0.8977662372249409,13484,2389,682
Homo_sapiens,Aotus_azarai,same-order,2,1,3,221,105,116,16573,78.98458328503536,0.9524075756516878,0.8585107723321154,0.9030248815558427,13628,2246,681
Homo_sapiens,Aotus_azarai,same-order,2,1,4,221,112,109,16573,79.61739130434782,0.9530219970855597,0.8649703992946215,0.9068638779755027,13734,2144,677
Homo_sapiens,Aotus_azarai,same-order,2,1,5,221,113,108,16574,79.79247579850444,0.9531228361722753,0.866922786245119,0.9079815303430079,13765,2113,677
Homo_sapiens,Aotus_azarai,same-order,2,1,6,221,114,107,16573,79.91884057971015,0.9531909009195879,0.8682453709535206,0.9087373520978214,13786,2092,677
Homo_sapiens,Aotus_azarai,same-order,2,2,1,221,65,156,16578,75.61088592935727,0.9496727272727272,0.823173422429553,0.8819099719717691,13058,2805,692
Homo_sapiens,Aotus_azarai,same-order,2,2,2,221,101,120,16577,77.997219969883,0.9513280587736649,0.8487961679062146,0.8971420957964159,13467,2399,689
Homo_sapiens,Aotus_azarai,same-order,2,2,3,221,109,112,16574,78.4406858202039,0.9515177065767285,0.8535770564134888,0.8998903545203841,13542,2323,690
Homo_sapiens,Aotus_azarai,same-order,2,2,4,221,112,109,16574,78.75926784059314,0.9517043466088052,0.8570438071225969,0.9018970549217299,13597,2268,690
Homo_sapiens,Aotus_azarai,same-order,2,2,5,221,117,104,16574,78.89828544949027,0.9517853399482915,0.8585565710683896,0.902770413573701,13621,2244,690
Homo_sapiens,Aotus_azarai,same-order,2,2,6,221,117,104,16574,78.89828544949027,0.9517853399482915,0.8585565710683896,0.902770413573701,13621,2244,690
Homo_sapiens,Aotus_azarai,same-order,3,0,1,332,95,237,16569,77.17976942239731,0.9506208077636649,0.839815923847948,0.8917896709843693,13322,2541,692
Homo_sapiens,Aotus_azarai,same-order,3,0,2,332,165,167,16571,80.80023195129023,0.9538608981380066,0.8774006674642655,0.9140345698448621,13934,1947,674
Homo_sapiens,Aotus_azarai,same-order,3,0,3,332,196,136,16573,82.3123332173106,0.9552309142318567,0.8929515418502203,0.9230418943533697,14189,1701,665
Homo_sapiens,Aotus_azarai,same-order,3,0,4,332,210,122,16573,82.96390855286063,0.955812554315128,0.8995847489618725,0.9268466599682366,14298,1596,661
Homo_sapiens,Aotus_azarai,same-order,3,0,5,332,214,118,16573,83.09736567250783,0.9558803898010947,0.9010318359129231,0.9276460681435419,14321,1573,661
Homo_sapiens,Aotus_azarai,same-order,3,0,6,332,217,115,16573,83.16119299059997,0.9559127592876676,0.9017239209764691,0.9280279729335967,14332,1562,661
Homo_sapiens,Aotus_azarai,same-order,3,1,1,332,80,252,16574,76.40006949672787,0.950090025207058,0.8316731811877442,0.8869465828486905,13192,2670,693
Homo_sapiens,Aotus_azarai,same-order,3,1,2,332,148,184,16574,79.72745723398086,0.9534674063800277,0.8655880130949383,0.9074049630411826,13749,2135,671
Homo_sapiens,Aotus_azarai,same-order,3,1,3,332,182,150,16577,81.19925771282765,0.9545299611425455,0.881294058408862,0.9164512223058546,14002,1886,667
Homo_sapiens,Aotus_azarai,same-order,3,1,4,332,193,139,16578,81.61572812155657,0.9548785452571583,0.8856513530522341,0.9189630403552305,14073,1817,665
Homo_sapiens,Aotus_azarai,same-order,3,1,5,332,198,134,16578,81.73171721858145,0.9549396937254371,0.8869100062932662,0.9196684938658314,14093,1797,665
Homo_sapiens,Aotus_azarai,same-order,3,1,6,332,198,134,16578,81.73171721858145,0.9549396937254371,0.8869100062932662,0.9196684938658314,14093,1797,665
Homo_sapiens,Aotus_azarai,same-order,3,2,1,332,87,245,16566,76.68192617488555,0.950373455903476,0.8341527987897126,0.8884785819793205,13233,2631,691
Homo_sapiens,Aotus_azarai,same-order,3,2,2,332,149,183,16573,79.95477212107156,0.953464251140921,0.8682155899760735,0.9088452412338518,13789,2093,673
Homo_sapiens,Aotus_azarai,same-order,3,2,3,332,174,158,16569,81.28336040844744,0.9545547455202017,0.881797583081571,0.9167348274169801,14010,1878,667
Homo_sapiens,Aotus_azarai,same-order,3,2,4,332,190,142,16569,81.62566720816895,0.9547366992399565,0.8855110775427996,0.9188218390804598,14069,1819,667
Homo_sapiens,Aotus_azarai,same-order,3,2,5,332,196,136,16568,81.88094685541888,0.9548068466274271,0.8883363756530497,0.9203730272596844,14113,1774,668
Homo_sapiens,Aotus_azarai,same-order,3,2,6,332,198,134,16568,81.88094685541888,0.9548068466274271,0.8883363756530497,0.9203730272596844,14113,1774,668
Homo_sapiens,Aotus_azarai,same-order,4,0,1,442,126,316,16571,78.02503477051461,0.9515866845713478,0.8483931947069944,0.897031879809454,13464,2406,685
Homo_sapiens,Aotus_azarai,same-order,4,0,2,442,237,205,16571,82.1382991066249,0.9550114663429111,0.8911757301107754,0.9219899719997394,14159,1729,667
Homo_sapiens,Aotus_azarai,same-order,4,0,3,442,286,156,16571,84.0510737086477,0.9564757942011756,0.9110468042274786,0.9332087508457646,14482,1414,659
Homo_sapiens,Aotus_azarai,same-order,4,0,4,442,319,123,16570,85.4729141264588,0.9575256927279823,0.9257326122500315,0.94136078782453,14721,1181,653
Homo_sapiens,Aotus_azarai,same-order,4,0,5,442,340,102,16567,86.40641338445451,0.9583145415888151,0.9350012572290671,0.9465143657131948,14874,1034,647
Homo_sapiens,Aotus_azarai,same-order,4,0,6,442,354,88,16568,86.7898222377135,0.9585525471577057,0.9390910805204601,0.9487220193681536,14940,969,646
Homo_sapiens,Aotus_azarai,same-order,4,1,1,442,131,311,16569,78.10870321010546,0.9513727150822218,0.8496155300642884,0.897619443982021,13480,2386,689
Homo_sapiens,Aotus_azarai,same-order,4,1,2,442,257,185,16572,82.24309904894456,0.9547596606974552,0.8929043631555752,0.9227966294693692,14182,1701,672
Homo_sapiens,Aotus_azarai,same-order,4,1,3,442,298,144,16570,83.71513077770689,0.9554540640720148,0.9088905679385468,0.9315908357534689,14435,1447,673
Homo_sapiens,Aotus_azarai,same-order,4,1,4,442,316,126,16573,84.4400626341124,0.9560078791858174,0.9165879760780611,0.9358830146231721,14560,1325,670
Homo_sapiens,Aotus_azarai,same-order,4,1,5,442,320,122,16566,84.66581573450917,0.9561029941689052,0.918665407617249,0.9370104019519713,14593,1292,670
Homo_sapiens,Aotus_azarai,same-order,4,1,6,442,323,119,16567,84.97649857830906,0.9564990202482038,0.9216439045880798,0.9387480367960511,14644,1245,666
Homo_sapiens,Aotus_azarai,same-order,4,2,1,442,137,305,16576,77.44887910560158,0.9511275521092694,0.8425762540962944,0.8935672514619882,13370,2498,687
Homo_sapiens,Aotus_azarai,same-order,4,2,2,442,242,200,16571,80.93470949785457,0.9538713865919497,0.8789672544080604,0.9148887359486121,13958,1922,675
Homo_sapiens,Aotus_azarai,same-order,4,2,3,442,276,166,16567,82.47883076209257,0.9546858216970999,0.8955289672544081,0.9241616844294257,14221,1659,675
Homo_sapiens,Aotus_azarai,same-order,4,2,4,442,297,145,16568,83.52968487029192,0.9559643995749203,0.9056758117291719,0.9301408814786093,14393,1499,663
Homo_sapiens,Aotus_azarai,same-order,4,2,5,442,312,130,16571,84.2028901398642,0.9564902102973168,0.91280276816609,0.9341359773371104,14509,1386,660
Homo_sapiens,Aotus_azarai,same-order,4,2,6,442,315,127,16571,84.24931808948988,0.9565131448902945,0.9133060710915383,0.9344104016477858,14517,1378,660
Homo_sapiens,Aotus_azarai,same-order,5,0,1,552,165,387,16562,78.88695652173914,0.9518746502518187,0.8576290414066932,0.9022975168252495,13608,2259,688
Homo_sapiens,Aotus_azarai,same-order,5,0,2,552,295,257,16571,82.28332753219631,0.9550871995151842,0.8927492447129909,0.9228667165490094,14184,1704,667
Homo_sapiens,Aotus_azarai,same-order,5,0,3,552,341,211,16569,83.90691196100052,0.9562169312169312,0.9097086767759391,0.9323831941443911,14458,1435,662
Homo_sapiens,Aotus_azarai,same-order,5,0,4,552,368,184,16570,84.72923559115445,0.9568067116733303,0.9183442375440363,0.9371810098545886,14598,1298,659
Homo_sapiens,Aotus_azarai,same-order,5,0,5,552,374,178,16571,85.00290191526408,0.9569421757595556,0.9213638651233015,0.9388160635877055,14646,1250,659
Homo_sapiens,Aotus_azarai,same-order,5,0,6,552,378,174,16569,85.28626175821624,0.9574343263151033,0.9236574015847063,0.9402426143456133,14688,1214,653
Homo_sapiens,Aotus_azarai,same-order,5,1,1,552,154,398,16561,78.1603199443575,0.9511885448261268,0.850091407678245,0.8978029294274301,13485,2378,692
Homo_sapiens,Aotus_azarai,same-order,5,1,2,552,301,251,16570,82.1457583845886,0.9551987045408542,0.8908816311119502,0.921919770773639,14157,1734,664
Homo_sapiens,Aotus_azarai,same-order,5,1,3,552,350,202,16571,83.93986882581693,0.9564814814814815,0.9097313958608543,0.9325208756488378,14462,1435,658
Homo_sapiens,Aotus_azarai,same-order,5,1,4,552,397,155,16572,85.05747126436782,0.9572716581732654,0.9214514810389284,0.9390200916461051,14652,1249,654
Homo_sapiens,Aotus_azarai,same-order,5,1,5,552,415,137,16566,85.94830090037757,0.9579799287795403,0.930215013202565,0.9438933367356703,14796,1110,649
Homo_sapiens,Aotus_azarai,same-order,5,1,6,552,432,120,16568,86.50092936802974,0.9583011583011583,0.9361916137549506,0.9471173720863676,14892,1015,648
Homo_sapiens,Aotus_azarai,same-order,5,2,1,552,171,381,16571,77.71405399142625,0.9510137530129024,0.8456253151790217,0.8952285618952287,13415,2449,691
Homo_sapiens,Aotus_azarai,same-order,5,2,2,552,291,261,16572,81.62732703125906,0.9544961345449613,0.8861118106270461,0.9190336271629121,14075,1809,671
Homo_sapiens,Aotus_azarai,same-order,5,2,3,552,341,211,16572,83.7163416898793,0.956250828582792,0.9075810003145643,0.9312804622187792,14426,1469,660
Homo_sapiens,Aotus_azarai,same-order,5,2,4,552,390,162,16571,84.95559811944976,0.956979405034325,0.9207397622192867,0.9385098743267505,14637,1260,658
Homo_sapiens,Aotus_azarai,same-order,5,2,5,552,409,143,16567,85.77733898600383,0.9577227337569706,0.9287555807080425,0.9430167597765364,14770,1133,652
Homo_sapiens,Aotus_azarai,same-order,5,2,6,552,416,136,16563,86.14419334224132,0.9580049101951157,0.9322854448286703,0.9449702067998599,14828,1077,650
Homo_sapiens,Aotus_azarai,same-order,6,0,1,663,194,469,16563,78.76855287569573,0.9520005605773947,0.8560806553245116,0.9014963007199496,13586,2284,685
Homo_sapiens,Aotus_azarai,same-order,6,0,2,663,369,294,16569,83.29271123491179,0.9558470964304742,0.9031588220488296,0.9287563090462017,14353,1539,663
Homo_sapiens,Aotus_azarai,same-order,6,0,3,663,440,223,16568,85.30384816298103,0.9569605417372054,0.9246885617214043,0.9405478049404838,14697,1197,661
Homo_sapiens,Aotus_azarai,same-order,6,0,4,663,484,179,16569,86.69183851292478,0.958509955041747,0.9380853604877742,0.9481876806760062,14924,985,646
Homo_sapiens,Aotus_azarai,same-order,6,0,5,663,502,161,16567,87.41067797594842,0.9588325261279633,0.9457539757370043,0.9522483465713111,15046,863,646
Homo_sapiens,Aotus_azarai,same-order,6,0,6,663,518,145,16567,88.06022205429285,0.959708584098828,0.9516301275205729,0.9556522836235175,15149,770,636
Homo_sapiens,Aotus_azarai,same-order,6,1,1,663,204,459,16568,78.50933116958386,0.9517987633501968,0.8536139643329762,0.9000365436364242,13546,2323,686
Homo_sapiens,Aotus_azarai,same-order,6,1,2,663,366,297,16575,83.0616625094263,0.9556831075218581,0.9010760808004531,0.9275766016713091,14319,1572,664
Homo_sapiens,Aotus_azarai,same-order,6,1,3,663,460,203,16569,85.07575317815058,0.9570327804623221,0.9219349562810594,0.9391560667713306,14656,1241,658
Homo_sapiens,Aotus_azarai,same-order,6,1,4,663,492,171,16570,85.8287373004354,0.9575749724723104,0.929811320754717,0.9434889434889434,14784,1116,655
Homo_sapiens,Aotus_azarai,same-order,6,1,5,663,503,160,16565,86.33670268386197,0.958158726065373,0.934364390795926,0.9461119775917497,14862,1044,649
Homo_sapiens,Aotus_azarai,same-order,6,1,6,663,518,145,16571,86.74915766236784,0.95871854134566,0.9384741075917546,0.9484883130081301,14933,979,643
Homo_sapiens,Aotus_azarai,same-order,6,2,1,663,198,465,16572,78.84180627210017,0.9524509803921568,0.8567019400352733,0.9020427112349118,13601,2275,679
Homo_sapiens,Aotus_azarai,same-order,6,2,2,663,376,287,16567,82.78883537399176,0.9554007901962097,0.8979167977846308,0.9257673090649535,14267,1622,666
Homo_sapiens,Aotus_azarai,same-order,6,2,3,663,436,227,16569,84.71988388969521,0.9569807856252869,0.9178564689603119,0.9370104019519712,14593,1306,656
Homo_sapiens,Aotus_azarai,same-order,6,2,4,663,486,177,16570,85.98885146905121,0.9578293771424875,0.9312079481858769,0.9443310802193599,14809,1094,652
Homo_sapiens,Aotus_azarai,same-order,6,2,5,663,499,164,16564,86.3451481696688,0.9583387075970592,0.9340624803570307,0.9460448830176668,14860,1049,646
Homo_sapiens,Aotus_azarai,same-order,6,2,6,663,500,163,16563,86.35016561101749,0.9583387075970592,0.9340624803570307,0.9460448830176668,14860,1049,646
Homo_sapiens,Aotus_azarai,same-order,7,0,1,773,214,559,16572,78.69023471457548,0.9521071453614753,0.85546875,0.9012046593435767,13578,2294,683
Homo_sapiens,Aotus_azarai,same-order,7,0,2,773,421,352,16571,82.97650130548303,0.9556298028733712,0.8999433641683972,0.926950998185118,14301,1590,664
Homo_sapiens,Aotus_azarai,same-order,7,0,3,773,498,275,16571,84.9454249883883,0.9572755823082962,0.9200729467991448,0.9383056499711409,14631,1271,653
Homo_sapiens,Aotus_azarai,same-order,7,0,4,773,547,226,16570,86.22611927298067,0.958,0.9336644869215291,0.9456757101006241,14849,1055,651
Homo_sapiens,Aotus_azarai,same-order,7,0,5,773,574,199,16568,86.98001394376017,0.9587576048671149,0.9409213751492678,0.9497557571528262,14971,940,644
Homo_sapiens,Aotus_azarai,same-order,7,0,6,773,582,191,16570,87.457883118392,0.9589782788712656,0.9462007416252907,0.9525466624485922,15055,856,644
Homo_sapiens,Aotus_azarai,same-order,7,1,1,773,218,555,16562,78.8079086217893,0.9520207326469147,0.8564587271581601,0.9017149301754736,13592,2278,685
Homo_sapiens,Aotus_azarai,same-order,7,1,2,773,404,369,16570,82.93008413112852,0.955542184784062,0.8994965387035871,0.9266727178423235,14293,1597,665
Homo_sapiens,Aotus_azarai,same-order,7,1,3,773,492,281,16569,84.74310595065312,0.9569920671343343,0.9181080571105101,0.9371468926553672,14597,1302,656
Homo_sapiens,Aotus_azarai,same-order,7,1,4,773,534,239,16570,85.62968124020206,0.9576001558340368,0.9274305118852975,0.9422739034597324,14748,1154,653
Homo_sapiens,Aotus_azarai,same-order,7,1,5,773,545,228,16565,86.02138043225656,0.9581311072283699,0.9307266784008046,0.9442300947036129,14806,1102,647
Homo_sapiens,Aotus_azarai,same-order,7,1,6,773,560,213,16567,86.14338833372067,0.9583117890382626,0.9319296040226273,0.9449365878529092,14827,1083,645
Homo_sapiens,Aotus_azarai,same-order,7,2,1,773,230,543,16565,78.69441706765609,0.9520269322485622,0.8552706193686598,0.9010587805768528,13574,2297,684
Homo_sapiens,Aotus_azarai,same-order,7,2,2,773,430,343,16567,82.73180921434374,0.9553098827470686,0.8974068479355488,0.925453542336027,14258,1630,667
Homo_sapiens,Aotus_azarai,same-order,7,2,3,773,513,260,16569,84.80380775481774,0.9568406575414238,0.9190991444388525,0.9375902454676721,14610,1286,659
Homo_sapiens,Aotus_azarai,same-order,7,2,4,773,558,215,16568,86.03287066612462,0.9579049466537343,0.931463782696177,0.9444993464885715,14814,1090,651
Homo_sapiens,Aotus_azarai,same-order,7,2,5,773,587,186,16568,86.48585864452059,0.9581161937849836,0.9363682092555332,0.9471173720863676,14892,1012,651
Homo_sapiens,Aotus_azarai,same-order,7,2,6,773,593,180,16568,86.7418080409017,0.958649030435341,0.9383445415121614,0.9483881213276163,14930,981,644
Homo_sapiens,Aotus_azarai,same-order,8,0,1,883,236,647,16566,79.1620791562844,0.9518534002229655,0.86113212304589,0.9042229282499338,13661,2203,691
Homo_sapiens,Aotus_azarai,same-order,8,0,2,883,512,371,16569,83.95427112349118,0.9561797752808989,0.9103322426378052,0.9326929275997681,14467,1425,663
Homo_sapiens,Aotus_azarai,same-order,8,0,3,883,620,263,16572,85.76735546784305,0.9574909279419388,0.9293666268318762,0.9432191758960774,14776,1123,656
Homo_sapiens,Aotus_azarai,same-order,8,0,4,883,674,209,16571,86.94188004412705,0.958274670421093,0.9415833490536377,0.9498556884138413,14974,929,652
Homo_sapiens,Aotus_azarai,same-order,8,0,5,883,710,173,16564,87.65252760023242,0.9589345877566589,0.948205418316676,0.9535398230088497,15085,824,646
Homo_sapiens,Aotus_azarai,same-order,8,0,6,883,716,167,16563,87.95397756987623,0.9590672918514763,0.9514111509208624,0.9552238805970149,15136,773,646
Homo_sapiens,Aotus_azarai,same-order,8,1,1,883,259,624,16569,79.66023076477069,0.9529721856142055,0.8653397997102728,0.907044299201162,13739,2138,678
Homo_sapiens,Aotus_azarai,same-order,8,1,2,883,518,365,16567,83.7193104649138,0.9561182553360732,0.9075693701629648,0.9312114658316925,14424,1469,662
Homo_sapiens,Aotus_azarai,same-order,8,1,3,883,620,263,16567,85.71013819533155,0.9575116761805916,0.9283647798742138,0.9427129901647721,14761,1139,655
Homo_sapiens,Aotus_azarai,same-order,8,1,4,883,661,222,16570,86.33143653466496,0.9579896907216495,0.9349179400113187,0.9463132100690578,14868,1035,652
Homo_sapiens,Aotus_azarai,same-order,8,1,5,883,667,216,16566,86.6837090402045,0.9584992933316202,0.9378339304796027,0.9480540111199365,14920,989,646
Homo_sapiens,Aotus_azarai,same-order,8,1,6,883,673,210,16566,86.8347664420172,0.9585684966649564,0.9394682255327174,0.9489222564363036,14946,963,646
Homo_sapiens,Aotus_azarai,same-order,8,2,1,883,264,619,16569,79.19782066886918,0.9523278505715083,0.8609413395501229,0.9043317118369237,13664,2207,684
Homo_sapiens,Aotus_azarai,same-order,8,2,2,883,507,376,16569,83.03265850687394,0.9552856380138814,0.9011016682404784,0.9274028961093653,14314,1571,670
Homo_sapiens,Aotus_azarai,same-order,8,2,3,883,603,280,16570,85.1131746952989,0.9569331158238172,0.9226171752123309,0.9394618834080718,14665,1230,660
Homo_sapiens,Aotus_azarai,same-order,8,2,4,883,654,229,16571,85.93486968131421,0.9575679172056921,0.9311277438832631,0.9441627602921011,14804,1095,656
Homo_sapiens,Aotus_azarai,same-order,8,2,5,883,672,211,16564,86.61668991166898,0.9585825455013184,0.9367733014895355,0.9475524475524476,14905,1006,644
Homo_sapiens,Aotus_azarai,same-order,8,2,6,883,683,200,16564,86.83751743375174,0.9586835183165459,0.9391615863239269,0.9488221474379326,14943,968,644
Homo_sapiens,Varecia_variegata,same-order,1,0,1,114,23,91,16584,69.90871182238251,0.9143573113207547,0.7850408150351199,0.8447788635048177,12406,3397,1162
Homo_sapiens,Varecia_variegata,same-order,1,0,2,114,36,78,16589,70.62669071235347,0.9156133557390225,0.792662871600253,0.8497135301895108,12532,3278,1155
Homo_sapiens,Varecia_variegata,same-order,1,0,3,114,39,75,16589,70.90284039675383,0.9159143855562026,0.7957621758380772,0.8516212008393691,12581,3229,1155
Homo_sapiens,Varecia_variegata,same-order,1,0,4,114,42,72,16589,71.02119026149684,0.9160427418768627,0.797090449082859,0.8524368383670985,12602,3208,1155
Homo_sapiens,Varecia_variegata,same-order,1,0,5,114,42,72,16589,71.02119026149684,0.9160427418768627,0.797090449082859,0.8524368383670985,12602,3208,1155
Homo_sapiens,Varecia_variegata,same-order,1,1,1,114,33,81,16579,69.75420002255046,0.9143511676027195,0.7828039984815893,0.8434794464517008,12373,3433,1159
Homo_sapiens,Varecia_variegata,same-order,1,1,2,114,45,69,16573,70.35532994923858,0.9151199471792238,0.7890941295546559,0.8474472638336901,12474,3334,1157
Homo_sapiens,Varecia_variegata,same-order,1,1,3,114,50,64,16571,70.83145306859205,0.9156336590345632,0.7943446356275303,0.8506876227897839,12557,3251,1157
Homo_sapiens,Varecia_variegata,same-order,1,1,4,114,53,61,16571,70.96119133574007,0.9157749144645847,0.7957995951417004,0.8515823320358774,12580,3228,1157
Homo_sapiens,Varecia_variegata,same-order,1,1,5,114,54,60,16571,71.11913357400722,0.9159462404649473,0.7975708502024291,0.8526696648970344,12608,3200,1157
Homo_sapiens,Varecia_variegata,same-order,1,1,6,114,54,60,16571,71.11913357400722,0.9159462404649473,0.7975708502024291,0.8526696648970344,12608,3200,1157
Homo_sapiens,Varecia_variegata,same-order,1,2,1,114,20,94,16565,69.63923337091319,0.913149530637889,0.78239392020266,0.8427299703264095,12354,3436,1175
Homo_sapiens,Varecia_variegata,same-order,1,2,2,114,30,84,16563,70.62538769525743,0.9145611216591207,0.7929091484647041,0.8494014717352233,12524,3271,1170
Homo_sapiens,Varecia_variegata,same-order,1,2,3,114,32,82,16564,70.74381097389049,0.9147586408050168,0.7941884021271208,0.8502202643171807,12545,3251,1169
Homo_sapiens,Varecia_variegata,same-order,1,2,4,114,32,82,16564,70.74381097389049,0.9147586408050168,0.7941884021271208,0.8502202643171807,12545,3251,1169
Homo_sapiens,Varecia_variegata,same-order,2,0,1,227,33,194,16580,70.34552730962179,0.9148889377611612,0.7896735003796507,0.8476821192052981,12480,3324,1161
Homo_sapiens,Varecia_variegata,same-order,2,0,2,227,52,175,16577,71.7927028703547,0.9167566789083316,0.8053007780378265,0.857421875,12731,3078,1156
Homo_sapiens,Varecia_variegata,same-order,2,0,3,227,64,163,16574,72.45093616061358,0.9173152445555159,0.8127411906117543,0.8618677042801557,12847,2960,1158
Homo_sapiens,Varecia_variegata,same-order,2,0,4,227,70,157,16573,72.821611866223,0.9176972281449893,0.8168532928449421,0.8643438096194397,12912,2895,1158
Homo_sapiens,Varecia_variegata,same-order,2,0,5,227,73,154,16573,72.83853138570865,0.9177147729695161,0.8170430821787815,0.8644578313253012,12915,2892,1158
Homo_sapiens,Varecia_variegata,same-order,2,0,6,227,73,154,16573,72.83853138570865,0.9177147729695161,0.8170430821787815,0.8644578313253012,12915,2892,1158
Homo_sapiens,Varecia_variegata,same-order,2,1,1,227,38,189,16584,70.9428216984324,0.916247906197655,0.7955105912108758,0.8516212008393691,12581,3234,1150
Homo_sapiens,Varecia_variegata,same-order,2,1,2,227,74,153,16588,72.70932069510269,0.9189902303358768,0.8141386063554236,0.8633927375050247,12887,2942,1136
Homo_sapiens,Varecia_variegata,same-order,2,1,3,227,86,141,16594,73.24643078833023,0.9201105833983129,0.8195479227175149,0.866922691601269,12980,2858,1127
Homo_sapiens,Varecia_variegata,same-order,2,1,4,227,90,137,16594,73.44393657242819,0.9203083015132231,0.82175779770173,0.8682454969979987,13015,2823,1127
Homo_sapiens,Varecia_variegata,same-order,2,1,5,227,95,132,16594,73.61322724451216,0.9204769968952865,0.8236519762596287,0.8693768743752083,13045,2793,1127
Homo_sapiens,Varecia_variegata,same-order,2,1,6,227,97,130,16594,73.73737373737374,0.9206002536282937,0.8250410405354212,0.870205114544486,13067,2771,1127
Homo_sapiens,Varecia_variegata,same-order,2,2,1,227,40,187,16591,71.04284103720406,0.9164485165794066,0.7968512898330804,0.8524756493506492,12603,3213,1149
Homo_sapiens,Varecia_variegata,same-order,2,2,2,227,75,152,16587,73.21227159936838,0.9189495292701918,0.8206068268015171,0.8669983637760043,12982,2838,1145
Homo_sapiens,Varecia_variegata,same-order,2,2,3,227,87,140,16596,74.49520586576425,0.9209315297726955,0.8343124249889458,0.8754847048685911,13208,2623,1134
Homo_sapiens,Varecia_variegata,same-order,2,2,4,227,97,130,16596,75.05640794223827,0.921595788890428,0.8403966399292617,0.8791252353737902,13306,2527,1132
Homo_sapiens,Varecia_variegata,same-order,2,2,5,227,102,125,16596,75.29896209386281,0.9218286029970306,0.8431124865786648,0.8807151811044402,13349,2484,1132
Homo_sapiens,Varecia_variegata,same-order,2,2,6,227,106,121,16598,75.50640410765672,0.922451230440477,0.8448232323232323,0.8819323162091804,13382,2458,1125
Homo_sapiens,Varecia_variegata,same-order,3,0,1,340,49,291,16590,71.34239161075718,0.9168900804289544,0.7999747123530155,0.8544515344879975,12654,3164,1147
Homo_sapiens,Varecia_variegata,same-order,3,0,2,340,99,241,16593,73.59990976256275,0.9197913729912602,0.8245403424527706,0.8695652173913043,13050,2777,1138
Homo_sapiens,Varecia_variegata,same-order,3,0,3,340,127,213,16588,75.05501325960616,0.9213825587033317,0.8403032217308907,0.8789771037763902,13302,2528,1135
Homo_sapiens,Varecia_variegata,same-order,3,0,4,340,133,207,16588,75.3639544069518,0.9217391304347826,0.8436611711199545,0.8809735826654793,13356,2475,1134
Homo_sapiens,Varecia_variegata,same-order,3,0,5,340,138,202,16588,75.42602415077305,0.921798496655403,0.8443560103594214,0.8813794012923644,13367,2464,1134
Homo_sapiens,Varecia_variegata,same-order,3,0,6,340,140,200,16588,75.57863836513492,0.922419732671903,0.8452553822842351,0.8821533291602148,13388,2451,1126
Homo_sapiens,Varecia_variegata,same-order,3,1,1,340,59,281,16589,72.06902385383184,0.9178397012352772,0.807787118386954,0.8593040847201211,12780,3041,1144
Homo_sapiens,Varecia_variegata,same-order,3,1,2,340,122,218,16588,74.83350265266961,0.9214677878935298,0.8373223871171456,0.8773822128110111,13259,2576,1130
Homo_sapiens,Varecia_variegata,same-order,3,1,3,340,156,184,16593,76.57952684772175,0.9238471493767455,0.8558717738373194,0.8885613207547169,13563,2284,1118
Homo_sapiens,Varecia_variegata,same-order,3,1,4,340,175,165,16598,77.77338454586534,0.9256470588235294,0.868213632637619,0.8960109325177328,13769,2090,1106
Homo_sapiens,Varecia_variegata,same-order,3,1,5,340,182,158,16600,78.09410834321866,0.9261120042872455,0.8715798764342454,0.8980188372848329,13825,2037,1103
Homo_sapiens,Varecia_variegata,same-order,3,1,6,340,186,154,16601,78.42616653485481,0.9265216230646023,0.8751260716086737,0.9000907676348548,13883,1981,1101
Homo_sapiens,Varecia_variegata,same-order,3,2,1,340,61,279,16589,71.809620481588,0.9175673728202911,0.8048795904177991,0.8575372908178726,12734,3087,1144
Homo_sapiens,Varecia_variegata,same-order,3,2,2,340,122,218,16593,74.68961625282166,0.9215290349533491,0.835648440459654,0.8764900662251656,13235,2603,1127
Homo_sapiens,Varecia_variegata,same-order,3,2,3,340,157,183,16601,76.44070666591409,0.9238692953134593,0.8545018613161713,0.8878326996197718,13543,2306,1116
Homo_sapiens,Varecia_variegata,same-order,3,2,4,340,169,171,16587,77.04992093968828,0.9240772096173383,0.8611461752082807,0.8915024992649221,13644,2200,1121
Homo_sapiens,Varecia_variegata,same-order,3,2,5,340,172,168,16594,77.21933589338153,0.9246686502569651,0.8626585073496941,0.8925878781944581,13674,2177,1114
Homo_sapiens,Varecia_variegata,same-order,3,2,6,340,174,166,16594,77.29839620510504,0.9247399000135117,0.863541732382815,0.8930936613055819,13688,2163,1114
Homo_sapiens,Varecia_variegata,same-order,4,0,1,453,87,366,16589,72.64374295377678,0.9180082632853683,0.8149108384975339,0.8633927375050248,12887,2927,1151
Homo_sapiens,Varecia_variegata,same-order,4,0,2,453,190,263,16595,76.33971426958044,0.9238707032050844,0.8528799444829979,0.8869570922451122,13519,2332,1114
Homo_sapiens,Varecia_variegata,same-order,4,0,3,453,238,215,16601,78.12111625804994,0.9262558606831882,0.8717221381744831,0.8981619796064169,13829,2035,1101
Homo_sapiens,Varecia_variegata,same-order,4,0,4,453,261,192,16602,79.000904159132,0.9274247047897042,0.8808518681872598,0.9035385361124576,13980,1891,1094
Homo_sapiens,Varecia_variegata,same-order,4,0,5,453,275,178,16601,79.3896580955072,0.9277506273940034,0.8851364123243652,0.9059426692032374,14048,1823,1094
Homo_sapiens,Varecia_variegata,same-order,4,0,6,453,278,175,16607,79.5863004408274,0.9283406948381567,0.8868875173195616,0.907140786549425,14082,1796,1087
Homo_sapiens,Varecia_variegata,same-order,4,1,1,453,69,384,16600,72.3970671178793,0.9190892166690534,0.8106094095358384,0.8614476024294486,12836,2999,1130
Homo_sapiens,Varecia_variegata,same-order,4,1,2,453,164,289,16602,75.50386721616891,0.9232999654815326,0.8435725999747697,0.8816374962919015,13374,2480,1111
Homo_sapiens,Varecia_variegata,same-order,4,1,3,453,208,245,16597,77.6968259347114,0.9254002421633257,0.8676210898082745,0.8955797148623137,13757,2099,1109
Homo_sapiens,Varecia_variegata,same-order,4,1,4,453,232,221,16600,78.82691981691812,0.9270951020136904,0.879127804386186,0.9024745269286754,13950,1918,1097
Homo_sapiens,Varecia_variegata,same-order,4,1,5,453,243,210,16603,79.38616323762152,0.9280428174970266,0.8846686822877299,0.9058368268300548,14045,1831,1089
Homo_sapiens,Varecia_variegata,same-order,4,1,6,453,252,201,16607,79.74447396687206,0.928759547010798,0.8881193729144368,0.9079849377232789,14106,1777,1082
Homo_sapiens,Varecia_variegata,same-order,4,2,1,453,87,366,16592,72.12920683240318,0.9177305981925118,0.8088886079150335,0.8598790322580646,12795,3023,1147
Homo_sapiens,Varecia_variegata,same-order,4,2,2,453,172,281,16594,75.7254149260472,0.9229393147103344,0.8465762070053645,0.8831100431218935,13414,2431,1120
Homo_sapiens,Varecia_variegata,same-order,4,2,3,453,211,242,16595,77.50550505335667,0.9248130431853399,0.8661114265884283,0.8945001954906816,13727,2122,1116
Homo_sapiens,Varecia_variegata,same-order,4,2,4,453,231,222,16592,78.32618025751073,0.9255304951287868,0.8751340778598019,0.8996270471866384,13870,1979,1116
Homo_sapiens,Varecia_variegata,same-order,4,2,5,453,242,211,16591,78.95955716222322,0.9262523191094619,0.8818445622003532,0.9035031023784901,13979,1873,1113
Homo_sapiens,Varecia_variegata,same-order,4,2,6,453,250,203,16596,79.06687754179846,0.9266516615914207,0.8827647095919783,0.9041759519426412,13998,1859,1108
Homo_sapiens,Varecia_variegata,same-order,5,0,1,566,109,457,16583,72.70573636414913,0.9183528070675406,0.8148429104241734,0.863506950259588,12890,2929,1146
Homo_sapiens,Varecia_variegata,same-order,5,0,2,566,225,341,16588,76.02619840776919,0.9230189196599945,0.8499558136598915,0.8849819257311863,13465,2377,1123
Homo_sapiens,Varecia_variegata,same-order,5,0,3,566,287,279,16596,77.84810126582279,0.9260553912342028,0.8683265048849669,0.8962623206792232,13776,2089,1100
Homo_sapiens,Varecia_variegata,same-order,5,0,4,566,312,254,16608,78.93576114001357,0.9284336548054539,0.8785323179558185,0.9027939464493598,13959,1930,1076
Homo_sapiens,Varecia_variegata,same-order,5,0,5,566,331,235,16612,79.47282086090843,0.9294172124098696,0.8837589633916216,0.9060132194099629,14050,1848,1067
Homo_sapiens,Varecia_variegata,same-order,5,0,6,566,338,228,16615,79.78392443011482,0.9298569450853715,0.8870511288598202,0.9079497907949792,14105,1796,1064
Homo_sapiens,Varecia_variegata,same-order,5,1,1,566,85,481,16590,72.32495208027963,0.9178650640337698,0.8110893342606057,0.8611801033765187,12829,2988,1148
Homo_sapiens,Varecia_variegata,same-order,5,1,2,566,201,365,16593,75.75210250042332,0.9227225850807838,0.8472318666750837,0.8833673402224709,13421,2420,1124
Homo_sapiens,Varecia_variegata,same-order,5,1,3,566,266,300,16596,77.7683615819209,0.9257515636559285,0.8678519639367,0.895867230719167,13765,2096,1104
Homo_sapiens,Varecia_variegata,same-order,5,1,4,566,299,267,16606,79.05267917702916,0.9279458598726115,0.8807859436992254,0.9037510904332654,13986,1893,1086
Homo_sapiens,Varecia_variegata,same-order,5,1,5,566,316,250,16606,79.55560581217844,0.928656282998944,0.8858599848904558,0.906753447609228,14071,1813,1081
Homo_sapiens,Varecia_variegata,same-order,5,1,6,566,325,241,16612,79.85074626865672,0.9292105263157895,0.8889168607212536,0.908617195792724,14124,1765,1076
Homo_sapiens,Varecia_variegata,same-order,5,2,1,566,113,453,16595,73.06304274275404,0.9191969353007946,0.8187160369013017,0.8660517345097253,12957,2869,1139
Homo_sapiens,Varecia_variegata,same-order,5,2,2,566,255,311,16589,76.77966101694915,0.9244269097340317,0.8571969219124511,0.8895434462444771,13590,2264,1111
Homo_sapiens,Varecia_variegata,same-order,5,2,3,566,316,250,16595,78.60373092142453,0.927,0.8761814744801513,0.9008746355685131,13905,1965,1095
Homo_sapiens,Varecia_variegata,same-order,5,2,4,566,336,230,16598,79.26394934705183,0.9278057173107465,0.8832682373692831,0.9049893500290452,14021,1853,1091
Homo_sapiens,Varecia_variegata,same-order,5,2,5,566,343,223,16598,79.4052801175872,0.9279249521041157,0.884843139725337,0.9058721098964884,14046,1828,1091
Homo_sapiens,Varecia_variegata,same-order,5,2,6,566,346,220,16600,79.58041167156752,0.9284818895559808,0.8861532649077514,0.9068238932920936,14073,1808,1084
Homo_sapiens,Varecia_variegata,same-order,6,0,1,679,131,548,16592,73.07084837545126,0.919375443577005,0.8183713437361805,0.8659380326882584,12954,2875,1136
Homo_sapiens,Varecia_variegata,same-order,6,0,2,679,290,389,16599,76.94436599830556,0.9249100414148957,0.8590075036257014,0.8907414672420556,13623,2236,1106
Homo_sapiens,Varecia_variegata,same-order,6,0,3,679,360,319,16604,78.96105364309535,0.9278028692879915,0.8797707519838771,0.9031486390379517,13969,1909,1087
Homo_sapiens,Varecia_variegata,same-order,6,0,4,679,410,269,16596,80.29308588887632,0.9293994367673063,0.8932460502297476,0.9109641802542047,14191,1696,1078
Homo_sapiens,Varecia_variegata,same-order,6,0,5,679,434,245,16604,80.89175578566174,0.9304262935242434,0.8993457473578259,0.9146220530373309,14296,1600,1069
Homo_sapiens,Varecia_variegata,same-order,6,0,6,679,440,239,16606,81.09576635725605,0.9309941520467836,0.9009620826259196,0.9157319528329019,14328,1575,1062
Homo_sapiens,Varecia_variegata,same-order,6,1,1,679,116,563,16585,72.91184930347978,0.918573255648714,0.8172450850243378,0.8649516609239621,12928,2891,1146
Homo_sapiens,Varecia_variegata,same-order,6,1,2,679,277,402,16587,76.42441696312609,0.9234443231441049,0.8542574007448084,0.8875045083445359,13534,2309,1122
Homo_sapiens,Varecia_variegata,same-order,6,1,3,679,351,328,16592,78.48787930157654,0.9263087695898633,0.8757881462799496,0.9003403014098201,13890,1970,1105
Homo_sapiens,Varecia_variegata,same-order,6,1,4,679,391,288,16600,79.59645057367321,0.9279783869267264,0.8872857862903226,0.9071759855707291,14083,1789,1093
Homo_sapiens,Varecia_variegata,same-order,6,1,5,679,408,271,16600,80.21263360289544,0.9290626842208686,0.893086513033623,0.9107194452470385,14184,1698,1083
Homo_sapiens,Varecia_variegata,same-order,6,1,6,679,422,257,16608,80.56325284171238,0.9298348671757718,0.8965387035871617,0.9128832783313575,14246,1644,1075
Homo_sapiens,Varecia_variegata,same-order,6,2,1,679,123,556,16603,73.24158158948616,0.9202040960952449,0.819811856809142,0.8671118530884808,12985,2854,1126
Homo_sapiens,Varecia_variegata,same-order,6,2,2,679,306,373,16605,77.51171852939515,0.9256761313819384,0.8652209544222405,0.8944281524926686,13725,2138,1102
Homo_sapiens,Varecia_variegata,same-order,6,2,3,679,395,284,16612,79.61581920903954,0.9283267457180501,0.8875732191220004,0.9074926747593135,14092,1785,1088
Homo_sapiens,Varecia_variegata,same-order,6,2,4,679,432,247,16604,80.84035514335802,0.9298165734356706,0.8998489235805112,0.9145873320537428,14295,1591,1079
Homo_sapiens,Varecia_variegata,same-order,6,2,5,679,451,228,16612,81.18991064359236,0.9306365875794114,0.9031770997168921,0.9167012547492097,14356,1539,1070
Homo_sapiens,Varecia_variegata,same-order,6,2,6,679,454,225,16611,81.35286465697642,0.9307622621974894,0.904938659955961,0.9176688251618872,14384,1511,1070
Homo_sapiens,Varecia_variegata,same-order,7,0,1,792,147,645,16607,73.65630816084823,0.9207557811618725,0.8244429013319866,0.8699417152373023,13060,2781,1124
Homo_sapiens,Varecia_variegata,same-order,7,0,2,792,338,454,16609,78.14812722445059,0.9268341708542713,0.8714798714798715,0.8983050847457628,13833,2040,1092
Homo_sapiens,Varecia_variegata,same-order,7,0,3,792,440,352,16602,80.35179005712347,0.9294125343451525,0.8943094548659197,0.9115231618118825,14207,1679,1079
Homo_sapiens,Varecia_variegata,same-order,7,0,4,792,490,302,16612,81.74823196605375,0.931472408457968,0.9086278455540183,0.9199083211307061,14449,1453,1063
Homo_sapiens,Varecia_variegata,same-order,7,0,5,792,521,271,16615,82.7756072702565,0.9332269390360677,0.9183365789308373,0.9257218844984803,14619,1300,1046
Homo_sapiens,Varecia_variegata,same-order,7,0,6,792,548,244,16614,83.47963980291102,0.9339162389913198,0.9257630950885567,0.9298217946696105,14740,1182,1043
Homo_sapiens,Varecia_variegata,same-order,7,1,1,792,145,647,16596,73.12464749012972,0.9195687637421094,0.8189627945170868,0.8663548279318409,12965,2866,1134
Homo_sapiens,Varecia_variegata,same-order,7,1,2,792,338,454,16598,77.41698667269031,0.9250961603347054,0.864648375906654,0.8938514703005802,13709,2146,1110
Homo_sapiens,Varecia_variegata,same-order,7,1,3,792,443,349,16600,79.74669229899355,0.9285055957867018,0.8882171421374142,0.9079146416041713,14104,1775,1086
Homo_sapiens,Varecia_variegata,same-order,7,1,4,792,498,294,16609,81.36456211812627,0.930934041038255,0.9046420933450748,0.9175997703129485,14382,1516,1067
Homo_sapiens,Varecia_variegata,same-order,7,1,5,792,524,268,16611,81.98177805443947,0.9318196436611564,0.9108456460232631,0.9212132773750477,14487,1418,1060
Homo_sapiens,Varecia_variegata,same-order,7,1,6,792,546,246,16612,82.63625558888448,0.9324945714650658,0.9178400804626603,0.9251092948108723,14601,1307,1057
Homo_sapiens,Varecia_variegata,same-order,7,2,1,792,161,631,16604,73.26302729528535,0.9201076563495998,0.8202942476479131,0.8673387635198291,12991,2846,1128
Homo_sapiens,Varecia_variegata,same-order,7,2,2,792,352,440,16607,77.57948833794545,0.925861023117881,0.8658682634730539,0.894860269689271,13737,2128,1100
Homo_sapiens,Varecia_variegata,same-order,7,2,3,792,462,330,16615,79.76607526274155,0.92875,0.8888679007681652,0.908371404671514,14117,1765,1083
Homo_sapiens,Varecia_variegata,same-order,7,2,4,792,500,292,16608,80.73290731210767,0.9299719887955182,0.8984266834487099,0.9139272110367785,14276,1614,1075
Homo_sapiens,Varecia_variegata,same-order,7,2,5,792,519,273,16621,81.34653465346534,0.9317003628823225,0.9036515618125824,0.9174616341766902,14378,1533,1054
Homo_sapiens,Varecia_variegata,same-order,7,2,6,792,534,258,16617,81.80634938599967,0.9320438426821406,0.9085538306831752,0.9201489449731072,14456,1455,1054
Homo_sapiens,Varecia_variegata,same-order,8,0,1,905,149,756,16595,73.37167991879546,0.9195702876528377,0.8220761989006129,0.8680944755804643,13011,2816,1138
Homo_sapiens,Varecia_variegata,same-order,8,0,2,905,368,537,16600,77.55943305663787,0.9252896793317165,0.8662336024217961,0.8947882736156351,13735,2121,1109
Homo_sapiens,Varecia_variegata,same-order,8,0,3,905,497,408,16603,80.0847936687394,0.928740002622263,0.8922408363773775,0.9101246306051651,14167,1711,1087
Homo_sapiens,Varecia_variegata,same-order,8,0,4,905,557,348,16611,81.29736455152133,0.930661659976693,0.9044293444066943,0.9173580089342693,14375,1519,1071
Homo_sapiens,Varecia_variegata,same-order,8,0,5,905,599,306,16613,82.40321485170931,0.9324324324324325,0.9150848522941546,0.9236771983250857,14559,1351,1055
Homo_sapiens,Varecia_variegata,same-order,8,0,6,905,624,281,16619,83.04182939944529,0.9333290921814364,0.9217189168813219,0.9274876722720952,14671,1246,1048
Homo_sapiens,Varecia_variegata,same-order,8,1,1,905,184,721,16593,73.25437112239143,0.919504424778761,0.8205711397523376,0.867225319667479,12988,2840,1137
Homo_sapiens,Varecia_variegata,same-order,8,1,2,905,416,489,16606,78.15572381060007,0.926829268292683,0.8714168714168714,0.8982693119459688,13832,2041,1092
Homo_sapiens,Varecia_variegata,same-order,8,1,3,905,544,361,16593,80.635854500198,0.9293258573477637,0.8975505320823626,0.9131618565617092,14254,1627,1084
Homo_sapiens,Varecia_variegata,same-order,8,1,4,905,591,314,16607,82.02037351443124,0.9316662381074826,0.9113947931077852,0.921419034903681,14493,1409,1063
Homo_sapiens,Varecia_variegata,same-order,8,1,5,905,625,280,16611,82.84727334503653,0.9331547391248883,0.9191430545957153,0.9260959012501978,14630,1287,1048
Homo_sapiens,Varecia_variegata,same-order,8,1,6,905,646,259,16619,83.61175604507616,0.9341980385953812,0.9271585557299843,0.930664985817838,14765,1160,1040
Homo_sapiens,Varecia_variegata,same-order,8,2,1,905,177,728,16606,74.05381014157595,0.9212040415380297,0.8287463704077768,0.8725327307768991,13129,2713,1123
Homo_sapiens,Varecia_variegata,same-order,8,2,2,905,449,456,16613,78.62711864406779,0.9275526526259664,0.876495780324978,0.9013017291626191,13917,1961,1087
Homo_sapiens,Varecia_variegata,same-order,8,2,3,905,551,354,16612,80.93057440072366,0.9300890130595802,0.9009377556800302,0.9152813299232737,14315,1574,1076
Homo_sapiens,Varecia_variegata,same-order,8,2,4,905,594,311,16624,82.01617921593031,0.9322873127130088,0.9111362493715435,0.9215904395639322,14498,1414,1053
Homo_sapiens,Varecia_variegata,same-order,8,2,5,905,614,291,16623,82.47043512702993,0.9328,0.9158027018535972,0.9242232086239697,14575,1340,1050
Homo_sapiens,Varecia_variegata,same-order,8,2,6,905,622,283,16617,82.64364562694594,0.93302230459513,0.917195451404159,0.9250411861614497,14599,1318,1048
Gorilla_gorilla,Homo_sapiens,same-family,1,0,1,111,107,4,16372,89.34036939313984,0.9570979899497487,0.959146418229888,0.9581211092246746,15237,649,683
Gorilla_gorilla,Homo_sapiens,same-family,1,0,2,111,108,3,16372,89.51627088830256,0.95717868338558,0.9610348734734987,0.9591029023746703,15267,619,683
Gorilla_gorilla,Homo_sapiens,same-family,1,0,3,111,108,3,16372,89.51627088830256,0.95717868338558,0.9610348734734987,0.9591029023746703,15267,619,683
Gorilla_gorilla,Homo_sapiens,same-family,1,1,1,111,104,7,16365,89.28445747800586,0.9569399044505909,0.9583857970284563,0.9576623049823856,15223,661,685
Gorilla_gorilla,Homo_sapiens,same-family,1,1,2,111,104,7,16365,89.28445747800586,0.9569399044505909,0.9583857970284563,0.9576623049823856,15223,661,685
Gorilla_gorilla,Homo_sapiens,same-family,1,2,1,111,107,4,16362,89.65395894428153,0.956930011268311,0.9625338454757257,0.9597237482341862,15286,595,688
Gorilla_gorilla,Homo_sapiens,same-family,1,2,2,111,109,2,16362,89.92961876832844,0.9570563635228763,0.9654933568415087,0.9612563475644159,15333,548,688
Gorilla_gorilla,Homo_sapiens,same-family,1,2,3,111,110,1,16362,89.92961876832844,0.9570563635228763,0.9654933568415087,0.9612563475644159,15333,548,688
Gorilla_gorilla,Homo_sapiens,same-family,1,2,4,111,110,1,16362,89.92961876832844,0.9570563635228763,0.9654933568415087,0.9612563475644159,15333,548,688
Gorilla_gorilla,Homo_sapiens,same-family,2,0,1,221,212,9,16380,91.54211359240372,0.9582182956009571,0.9830060422960725,0.9704539099636499,15618,270,681
Gorilla_gorilla,Homo_sapiens,same-family,2,0,2,221,215,6,16377,91.6173280966059,0.9581877260744283,0.9837603071693838,0.9708056401018696,15629,258,682
Gorilla_gorilla,Homo_sapiens,same-family,2,0,3,221,217,4,16377,91.6173280966059,0.9581877260744283,0.9837603071693838,0.9708056401018696,15629,258,682
Gorilla_gorilla,Homo_sapiens,same-family,2,0,4,221,217,4,16377,91.6173280966059,0.9581877260744283,0.9837603071693838,0.9708056401018696,15629,258,682
Gorilla_gorilla,Homo_sapiens,same-family,2,1,1,221,213,8,16373,91.68474755175042,0.9583205638982532,0.9840140978035119,0.9709973916283692,15635,254,680
Gorilla_gorilla,Homo_sapiens,same-family,2,1,2,221,214,7,16372,91.82500586441473,0.9583792385848942,0.9854616401283907,0.971731777701927,15658,231,680
Gorilla_gorilla,Homo_sapiens,same-family,2,1,3,221,214,7,16372,91.82500586441473,0.9583792385848942,0.9854616401283907,0.971731777701927,15658,231,680
Gorilla_gorilla,Homo_sapiens,same-family,2,2,1,221,209,12,16369,91.20234604105572,0.9580432505698971,0.9787260825780463,0.9682742302064199,15550,338,681
Gorilla_gorilla,Homo_sapiens,same-family,2,2,2,221,212,9,16368,91.37243401759531,0.9580591599532624,0.9806130798766287,0.9692049272116462,15579,308,682
Gorilla_gorilla,Homo_sapiens,same-family,2,2,3,221,212,9,16368,91.37243401759531,0.9580591599532624,0.9806130798766287,0.9692049272116462,15579,308,682
Gorilla_gorilla,Homo_sapiens,same-family,3,0,1,332,318,14,16376,92.49618947121586,0.9585662211421628,0.9931390445017939,0.975546418524129,15778,109,682
Gorilla_gorilla,Homo_sapiens,same-family,3,0,2,332,324,8,16377,92.64904156163902,0.9586340753320798,0.9948385472398816,0.9764008154692037,15805,82,682
Gorilla_gorilla,Homo_sapiens,same-family,3,0,3,332,325,7,16404,92.50263373522182,0.9586340753320798,0.9948385472398816,0.9764008154692037,15805,82,682
Gorilla_gorilla,Homo_sapiens,same-family,3,0,4,332,329,3,16404,92.50263373522182,0.9586340753320798,0.9948385472398816,0.9764008154692037,15805,82,682
Gorilla_gorilla,Homo_sapiens,same-family,3,0,5,332,329,3,16404,92.50263373522182,0.9586340753320798,0.9948385472398816,0.9764008154692037,15805,82,682
Gorilla_gorilla,Homo_sapiens,same-family,3,1,1,332,322,10,16381,92.1877747172244,0.9584450402144772,0.990117706300749,0.9740239635902039,15730,157,682
Gorilla_gorilla,Homo_sapiens,same-family,3,1,2,332,324,8,16381,92.2874054972748,0.9584880394424493,0.9911877635802858,0.974563683624211,15747,140,682
Gorilla_gorilla,Homo_sapiens,same-family,3,1,3,332,324,8,16380,92.32211932950416,0.9585006693440429,0.9915024863095613,0.9747223167600012,15752,135,682
Gorilla_gorilla,Homo_sapiens,same-family,3,1,4,332,324,8,16380,92.32211932950416,0.9585006693440429,0.9915024863095613,0.9747223167600012,15752,135,682
Gorilla_gorilla,Homo_sapiens,same-family,3,2,1,332,316,16,16376,92.27206097918499,0.9586379142300195,0.9903713027061045,0.9742462700427166,15737,153,679
Gorilla_gorilla,Homo_sapiens,same-family,3,2,2,332,318,14,16384,92.30543834974215,0.9586148134623578,0.9913147460507269,0.9746905940594058,15751,138,680
Gorilla_gorilla,Homo_sapiens,same-family,3,2,3,332,322,10,16383,92.31084803375725,0.9586148134623578,0.9913147460507269,0.9746905940594058,15751,138,680
Gorilla_gorilla,Homo_sapiens,same-family,3,2,4,332,322,10,16383,92.31084803375725,0.9586148134623578,0.9913147460507269,0.9746905940594058,15751,138,680
Gorilla_gorilla,Homo_sapiens,same-family,4,0,1,442,423,19,16376,92.80562884784521,0.9588659356636579,0.9960981749528005,0.9771275118066488,15828,62,679
Gorilla_gorilla,Homo_sapiens,same-family,4,0,2,442,430,12,16375,92.88771621225447,0.958842755114393,0.9970419787274215,0.9775693437413224,15842,47,680
Gorilla_gorilla,Homo_sapiens,same-family,4,0,3,442,431,11,16383,92.84416573873293,0.958842755114393,0.9970419787274215,0.9775693437413224,15842,47,680
Gorilla_gorilla,Homo_sapiens,same-family,4,0,4,442,433,9,16383,92.84416573873293,0.958842755114393,0.9970419787274215,0.9775693437413224,15842,47,680
Gorilla_gorilla,Homo_sapiens,same-family,4,0,5,442,433,9,16383,92.84416573873293,0.958842755114393,0.9970419787274215,0.9775693437413224,15842,47,680
Gorilla_gorilla,Homo_sapiens,same-family,4,1,1,442,427,15,16371,92.78761580860795,0.9586236142242684,0.9960971924965378,0.9770012039638193,15824,62,683
Gorilla_gorilla,Homo_sapiens,same-family,4,1,2,442,432,10,16370,92.8516976485076,0.958648665011806,0.9967266775777414,0.9773169151004536,15834,52,683
Gorilla_gorilla,Homo_sapiens,same-family,4,1,3,442,432,10,16370,92.8516976485076,0.958648665011806,0.9967266775777414,0.9773169151004536,15834,52,683
Gorilla_gorilla,Homo_sapiens,same-family,4,2,1,442,425,17,16380,92.54938742013013,0.9587660168822494,0.9935808684707363,0.9758630280928393,15788,102,679
Gorilla_gorilla,Homo_sapiens,same-family,4,2,2,442,431,11,16379,92.67835160325927,0.9587628865979382,0.9950280067971553,0.9765588807560456,15810,79,680
Gorilla_gorilla,Homo_sapiens,same-family,4,2,3,442,433,9,16388,92.62948207171314,0.9587628865979382,0.9950280067971553,0.9765588807560456,15810,79,680
Gorilla_gorilla,Homo_sapiens,same-family,4,2,4,442,435,7,16388,92.62948207171314,0.9587628865979382,0.9950280067971553,0.9765588807560456,15810,79,680
Gorilla_gorilla,Homo_sapiens,same-family,4,2,5,442,435,7,16388,92.62948207171314,0.9587628865979382,0.9950280067971553,0.9765588807560456,15810,79,680
Gorilla_gorilla,Homo_sapiens,same-family,5,0,1,553,523,30,16368,92.95807681031955,0.9584668399733994,0.9982369978592117,0.9779477531382045,15854,28,687
Gorilla_gorilla,Homo_sapiens,same-family,5,0,2,553,536,17,16377,93.01494286551421,0.9584566149387115,0.9994962533845476,0.9785463288329943,15873,8,688
Gorilla_gorilla,Homo_sapiens,same-family,5,0,3,553,541,12,16404,92.86800842499414,0.9584566149387115,0.9994962533845476,0.9785463288329943,15873,8,688
Gorilla_gorilla,Homo_sapiens,same-family,5,0,4,553,544,9,16404,92.86800842499414,0.9584566149387115,0.9994962533845476,0.9785463288329943,15873,8,688
Gorilla_gorilla,Homo_sapiens,same-family,5,0,5,553,544,9,16404,92.86800842499414,0.9584566149387115,0.9994962533845476,0.9785463288329943,15873,8,688
Gorilla_gorilla,Homo_sapiens,same-family,5,1,1,553,531,22,16368,93.03348384448483,0.9586102719033233,0.9988038277511961,0.9782943824381822,15865,19,685
Gorilla_gorilla,Homo_sapiens,same-family,5,1,2,553,544,9,16368,93.0921245528646,0.9586352657004831,0.9994333920926719,0.9786092960177536,15875,9,685
Gorilla_gorilla,Homo_sapiens,same-family,5,1,3,553,544,9,16368,93.0921245528646,0.9586352657004831,0.9994333920926719,0.9786092960177536,15875,9,685
Gorilla_gorilla,Homo_sapiens,same-family,5,2,1,553,532,21,16375,92.79976546467311,0.9588053553038105,0.9960979293851092,0.9770959377700951,15827,62,680
Gorilla_gorilla,Homo_sapiens,same-family,5,2,2,553,536,17,16383,92.88519017757721,0.9588601851291669,0.9974825350871672,0.9777901166018879,15849,40,680
Gorilla_gorilla,Homo_sapiens,same-family,5,2,3,553,537,16,16382,92.89063415777751,0.9588601851291669,0.9974825350871672,0.9777901166018879,15849,40,680
Gorilla_gorilla,Homo_sapiens,same-family,5,2,4,553,537,16,16382,92.89063415777751,0.9588601851291669,0.9974825350871672,0.9777901166018879,15849,40,680
Gorilla_gorilla,Homo_sapiens,same-family,6,0,1,663,630,33,16378,92.82448118185016,0.9588228170037544,0.9965384857448549,0.9773169151004537,15834,55,680
Gorilla_gorilla,Homo_sapiens,same-family,6,0,2,663,639,24,16385,92.90946381482567,0.958875113395827,0.9978601548240922,0.9779792746113989,15855,34,680
Gorilla_gorilla,Homo_sapiens,same-family,6,0,3,663,643,20,16394,92.86048963336067,0.958875113395827,0.9978601548240922,0.9779792746113989,15855,34,680
Gorilla_gorilla,Homo_sapiens,same-family,6,0,4,663,645,18,16414,92.75184275184276,0.958875113395827,0.9978601548240922,0.9779792746113989,15855,34,680
Gorilla_gorilla,Homo_sapiens,same-family,6,0,5,663,645,18,16414,92.75184275184276,0.958875113395827,0.9978601548240922,0.9779792746113989,15855,34,680
Gorilla_gorilla,Homo_sapiens,same-family,6,1,1,663,630,33,16377,92.97690233321609,0.9588295749954658,0.9982376636455186,0.9781368528169232,15860,28,681
Gorilla_gorilla,Homo_sapiens,same-family,6,1,2,663,648,15,16404,92.9587357330992,0.9588842600978084,0.9996223564954683,0.9788296200425256,15882,6,681
Gorilla_gorilla,Homo_sapiens,same-family,6,1,3,663,652,11,16413,92.90979290979291,0.9588842600978084,0.9996223564954683,0.9788296200425256,15882,6,681
Gorilla_gorilla,Homo_sapiens,same-family,6,1,4,663,654,9,16413,92.90979290979291,0.9588842600978084,0.9996223564954683,0.9788296200425256,15882,6,681
Gorilla_gorilla,Homo_sapiens,same-family,6,1,5,663,654,9,16413,92.90979290979291,0.9588842600978084,0.9996223564954683,0.9788296200425256,15882,6,681
Gorilla_gorilla,Homo_sapiens,same-family,6,2,1,663,638,25,16375,93.00662406940617,0.9586706948640483,0.9988039030531949,0.9783258825342994,15866,19,684
Gorilla_gorilla,Homo_sapiens,same-family,6,2,2,663,648,15,16401,92.93532338308458,0.9587006400193213,0.9995593327038086,0.9787037322402686,15878,7,684
Gorilla_gorilla,Homo_sapiens,same-family,6,2,3,663,654,9,16410,92.88639288639288,0.9587006400193213,0.9995593327038086,0.9787037322402686,15878,7,684
Gorilla_gorilla,Homo_sapiens,same-family,6,2,4,663,656,7,16410,92.88639288639288,0.9587006400193213,0.9995593327038086,0.9787037322402686,15878,7,684
Gorilla_gorilla,Homo_sapiens,same-family,6,2,5,663,656,7,16410,92.88639288639288,0.9587006400193213,0.9995593327038086,0.9787037322402686,15878,7,684
Gorilla_gorilla,Homo_sapiens,same-family,7,0,1,774,725,49,16377,92.95972800281376,0.9587666263603386,0.9981746081702021,0.9780738273660837,15858,29,682
Gorilla_gorilla,Homo_sapiens,same-family,7,0,2,774,750,24,16383,92.9270436566071,0.9587666263603386,0.9981746081702021,0.9780738273660837,15858,29,682
Gorilla_gorilla,Homo_sapiens,same-family,7,0,3,774,756,18,16410,92.78024806927218,0.9587666263603386,0.9981746081702021,0.9780738273660837,15858,29,682
Gorilla_gorilla,Homo_sapiens,same-family,7,0,4,774,762,12,16410,92.78024806927218,0.9587666263603386,0.9981746081702021,0.9780738273660837,15858,29,682
Gorilla_gorilla,Homo_sapiens,same-family,7,0,5,774,762,12,16410,92.78024806927218,0.9587666263603386,0.9981746081702021,0.9780738273660837,15858,29,682
Gorilla_gorilla,Homo_sapiens,same-family,7,1,1,774,745,29,16382,93.06605708926791,0.9589901552213566,0.9992448080553807,0.9787037322402687,15878,12,679
Gorilla_gorilla,Homo_sapiens,same-family,7,1,2,774,758,16,16391,93.04042179261863,0.9590000603828271,0.9994965387035871,0.9788296200425257,15882,8,679
Gorilla_gorilla,Homo_sapiens,same-family,7,1,3,774,765,9,16390,93.06304194984767,0.9590629151068711,0.9995594990875338,0.9788925523064123,15884,7,678
Gorilla_gorilla,Homo_sapiens,same-family,7,1,4,774,765,9,16390,93.06304194984767,0.9590629151068711,0.9995594990875338,0.9788925523064123,15884,7,678
Gorilla_gorilla,Homo_sapiens,same-family,7,2,1,774,730,44,16381,93.03634232121922,0.9589752885022053,0.9988672120830712,0.9785148423291514,15872,18,679
Gorilla_gorilla,Homo_sapiens,same-family,7,2,2,774,756,18,16395,93.0307467057101,0.9589495925143374,0.9997482535087168,0.9789240155296728,15885,4,680
Gorilla_gorilla,Homo_sapiens,same-family,7,2,3,774,761,13,16415,92.92190699034805,0.9589495925143374,0.9997482535087168,0.9789240155296728,15885,4,680
Gorilla_gorilla,Homo_sapiens,same-family,7,2,4,774,765,9,16415,92.92190699034805,0.9589495925143374,0.9997482535087168,0.9789240155296728,15885,4,680
Gorilla_gorilla,Homo_sapiens,same-family,7,2,5,774,766,8,16415,92.92190699034805,0.9589495925143374,0.9997482535087168,0.9789240155296728,15885,4,680
Gorilla_gorilla,Homo_sapiens,same-family,7,2,6,774,766,8,16415,92.92190699034805,0.9589495925143374,0.9997482535087168,0.9789240155296728,15885,4,680
Gorilla_gorilla,Homo_sapiens,same-family,8,0,1,884,850,34,16370,93.06280419867473,0.9587385972331299,0.9989928238700743,0.9784518634976417,15870,16,683
Gorilla_gorilla,Homo_sapiens,same-family,8,0,2,884,863,21,16373,93.1624934029203,0.9589545481982253,0.9998741267543584,0.978986936159724,15887,2,680
Gorilla_gorilla,Homo_sapiens,same-family,8,0,3,884,866,18,16382,93.11921228460908,0.9589570255915016,0.9999370633771791,0.979018393566873,15888,1,680
Gorilla_gorilla,Homo_sapiens,same-family,8,0,4,884,867,17,16382,93.11921228460908,0.9589570255915016,0.9999370633771791,0.979018393566873,15888,1,680
Gorilla_gorilla,Homo_sapiens,same-family,8,0,5,884,867,17,16382,93.11921228460908,0.9589570255915016,0.9999370633771791,0.979018393566873,15888,1,680
Gorilla_gorilla,Homo_sapiens,same-family,8,1,1,884,854,30,16376,93.12225153913808,0.9590000603828271,0.9994965387035871,0.9788296200425257,15882,8,679
Gorilla_gorilla,Homo_sapiens,same-family,8,1,2,884,871,13,16379,93.13558825253531,0.9589570255915016,0.9999370633771791,0.979018393566873,15888,1,680
Gorilla_gorilla,Homo_sapiens,same-family,8,1,3,884,872,12,16379,93.13558825253531,0.9589570255915016,0.9999370633771791,0.979018393566873,15888,1,680
Gorilla_gorilla,Homo_sapiens,same-family,8,1,4,884,872,12,16379,93.13558825253531,0.9589570255915016,0.9999370633771791,0.979018393566873,15888,1,680
Gorilla_gorilla,Homo_sapiens,same-family,8,2,1,884,836,48,16374,93.11012079277589,0.9589347182800894,0.9993706337717918,0.9787352071005918,15879,10,680
Gorilla_gorilla,Homo_sapiens,same-family,8,2,2,884,855,29,16383,93.11375490828108,0.9589570255915016,0.9999370633771791,0.979018393566873,15888,1,680
Gorilla_gorilla,Homo_sapiens,same-family,8,2,3,884,863,21,16382,93.11921228460908,0.9589570255915016,0.9999370633771791,0.979018393566873,15888,1,680
Gorilla_gorilla,Homo_sapiens,same-family,8,2,4,884,863,21,16382,93.11921228460908,0.9589570255915016,0.9999370633771791,0.979018393566873,15888,1,680
Gorilla_gorilla,Saimiri_boliviensis,same-order,1,0,1,110,34,76,16352,77.81379434539889,0.9768651092690279,0.8019673348181143,0.8808181015152546,12963,3201,307
Gorilla_gorilla,Saimiri_boliviensis,same-order,1,0,2,110,44,66,16355,78.7940664224371,0.9779367918902803,0.8111282843894899,0.886756108276165,13120,3055,296
Gorilla_gorilla,Saimiri_boliviensis,same-order,1,0,3,110,47,63,16356,79.05230917062039,0.9780799524446426,0.8137363996043522,0.8883714652088818,13163,3013,295
Gorilla_gorilla,Saimiri_boliviensis,same-order,1,0,4,110,48,62,16355,79.18318318318319,0.978114103420135,0.8150346191889218,0.8891586578991738,13184,2992,295
Gorilla_gorilla,Saimiri_boliviensis,same-order,1,0,5,110,48,62,16355,79.18318318318319,0.978114103420135,0.8150346191889218,0.8891586578991738,13184,2992,295
Gorilla_gorilla,Saimiri_boliviensis,same-order,1,1,1,110,19,91,16376,76.56409333573271,0.9774102151772723,0.7890702274975272,0.873199931588849,12764,3412,295
Gorilla_gorilla,Saimiri_boliviensis,same-order,1,1,2,110,30,80,16377,77.38645227095458,0.9780103124052169,0.7971077189296089,0.8783411079709897,12898,3283,290
Gorilla_gorilla,Saimiri_boliviensis,same-order,1,1,3,110,33,77,16378,77.61579073674106,0.9780751493157934,0.7995179531549348,0.879828618063112,12937,3244,290
Gorilla_gorilla,Saimiri_boliviensis,same-order,1,1,4,110,34,76,16378,77.7537796976242,0.9781132075471698,0.8009393733391014,0.8807040195712004,12960,3221,290
Gorilla_gorilla,Saimiri_boliviensis,same-order,1,1,5,110,34,76,16378,77.7537796976242,0.9781132075471698,0.8009393733391014,0.8807040195712004,12960,3221,290
Gorilla_gorilla,Saimiri_boliviensis,same-order,1,2,1,110,35,75,16359,77.40831882840166,0.97711947874839,0.7976374543880265,0.8783029147371287,12897,3272,302
Gorilla_gorilla,Saimiri_boliviensis,same-order,1,2,2,110,49,61,16364,78.45516247222055,0.9786468869408856,0.8069936982577536,0.8845698032709174,13062,3124,285
Gorilla_gorilla,Saimiri_boliviensis,same-order,1,2,3,110,52,58,16360,78.76457156591756,0.9789395070948469,0.8096855889801717,0.886304472767842,13108,3081,282
Gorilla_gorilla,Saimiri_boliviensis,same-order,1,2,4,110,53,57,16360,78.84869607018388,0.9789615040286481,0.8105503737105442,0.8868313452505661,13122,3067,282
Gorilla_gorilla,Saimiri_boliviensis,same-order,1,2,5,110,53,57,16360,78.84869607018388,0.9789615040286481,0.8105503737105442,0.8868313452505661,13122,3067,282
Gorilla_gorilla,Saimiri_boliviensis,same-order,2,0,1,220,70,150,16350,79.33229254233217,0.9775081385025155,0.8172202634997217,0.8902065155139305,13212,2955,304
Gorilla_gorilla,Saimiri_boliviensis,same-order,2,0,2,220,101,119,16353,81.15384615384616,0.9791893263722717,0.8344043499752842,0.9010175145954962,13504,2680,287
Gorilla_gorilla,Saimiri_boliviensis,same-order,2,0,3,220,112,108,16353,82.04172428305176,0.9798937239695533,0.8428139089617689,0.9061991566225055,13646,2545,280
Gorilla_gorilla,Saimiri_boliviensis,same-order,2,0,4,220,117,103,16353,82.3543557987134,0.9799685219630848,0.8460255697609783,0.9080844575557692,13698,2493,280
Gorilla_gorilla,Saimiri_boliviensis,same-order,2,0,5,220,121,99,16353,82.45656225575662,0.9799928545909253,0.8470755357914891,0.9086993970714901,13715,2476,280
Gorilla_gorilla,Saimiri_boliviensis,same-order,2,0,6,220,123,97,16353,82.63379434756465,0.9802411013624367,0.8485858960108682,0.9096746433654387,13742,2452,277
Gorilla_gorilla,Saimiri_boliviensis,same-order,2,1,1,220,58,162,16376,79.61840763184736,0.9785414055010693,0.8201483312731768,0.8923708012507985,13270,2910,291
Gorilla_gorilla,Saimiri_boliviensis,same-order,2,1,2,220,102,118,16371,81.76795580110497,0.9797798085917824,0.8410129709697344,0.9051085186293084,13616,2574,281
Gorilla_gorilla,Saimiri_boliviensis,same-order,2,1,3,220,117,103,16377,82.84684684684684,0.9805928769460439,0.8515866156315595,0.9115479927308773,13794,2404,273
Gorilla_gorilla,Saimiri_boliviensis,same-order,2,1,4,220,125,95,16378,83.50750750750751,0.9808126410835214,0.858324587937527,0.9154897119341563,13904,2295,272
Gorilla_gorilla,Saimiri_boliviensis,same-order,2,1,5,220,126,94,16378,83.54354354354355,0.9808207587082217,0.8586949811716773,0.9157038938810441,13910,2289,272
Gorilla_gorilla,Saimiri_boliviensis,same-order,2,1,6,220,126,94,16378,83.54354354354355,0.9808207587082217,0.8586949811716773,0.9157038938810441,13910,2289,272
Gorilla_gorilla,Saimiri_boliviensis,same-order,2,2,1,220,68,152,16358,79.4525481721592,0.9777646450469085,0.8185528756957329,0.8911031070118154,13236,2934,301
Gorilla_gorilla,Saimiri_boliviensis,same-order,2,2,2,220,114,106,16351,82.08964191300169,0.9790054456864431,0.8445419705773273,0.9068162208800691,13663,2515,293
Gorilla_gorilla,Saimiri_boliviensis,same-order,2,2,3,220,127,93,16349,82.62699128343853,0.9796165633240681,0.8492431263515601,0.9097828964786867,13745,2440,286
Gorilla_gorilla,Saimiri_boliviensis,same-order,2,2,4,220,127,93,16349,82.62699128343853,0.9796165633240681,0.8492431263515601,0.9097828964786867,13745,2440,286
Gorilla_gorilla,Saimiri_boliviensis,same-order,3,0,1,330,87,243,16365,80.29538904899135,0.9787047200878156,0.8265760197775031,0.8962305243759424,13374,2806,291
Gorilla_gorilla,Saimiri_boliviensis,same-order,3,0,2,330,160,170,16352,83.2010582010582,0.9801671624876045,0.8546723488357729,0.9131281137615889,13838,2353,280
Gorilla_gorilla,Saimiri_boliviensis,same-order,3,0,3,330,179,151,16356,84.14626811812113,0.9809984574393493,0.863641975308642,0.918587092114766,13991,2209,271
Gorilla_gorilla,Saimiri_boliviensis,same-order,3,0,4,330,187,143,16353,84.64685356756107,0.9812399748936467,0.868411307246019,0.9213843685537475,14070,2132,269
Gorilla_gorilla,Saimiri_boliviensis,same-order,3,0,5,330,195,135,16353,85.0565719788156,0.9817310363989997,0.8719768015794669,0.923604757548033,14133,2075,263
Gorilla_gorilla,Saimiri_boliviensis,same-order,3,0,6,330,198,132,16356,85.31535869041888,0.9819894707675256,0.8744679538584912,0.9251150194146246,14176,2035,260
Gorilla_gorilla,Saimiri_boliviensis,same-order,3,1,1,330,104,226,16355,80.77592937361119,0.9784664629710461,0.8315301391035549,0.8990341231910699,13450,2725,296
Gorilla_gorilla,Saimiri_boliviensis,same-order,3,1,2,330,166,164,16361,83.62685580332993,0.9805483120727324,0.8590923124421118,0.915810953133228,13913,2282,276
Gorilla_gorilla,Saimiri_boliviensis,same-order,3,1,3,330,188,142,16362,84.9188214070956,0.9813759555246699,0.8715669937665864,0.9232177295459746,14122,2081,268
Gorilla_gorilla,Saimiri_boliviensis,same-order,3,1,4,330,205,125,16362,85.49007817197835,0.9814981014842941,0.8774301055360119,0.9265510948905109,14217,1986,268
Gorilla_gorilla,Saimiri_boliviensis,same-order,3,1,5,330,210,120,16362,85.79675285628383,0.9815630159603742,0.8805776708017033,0.9283320862747649,14268,1935,268
Gorilla_gorilla,Saimiri_boliviensis,same-order,3,1,6,330,211,119,16362,85.90499098015634,0.9815858183317301,0.8816885761895945,0.9289592613063693,14286,1917,268
Gorilla_gorilla,Saimiri_boliviensis,same-order,3,2,1,330,100,230,16357,80.26418492945062,0.9781940582467438,0.82656278983491,0.8960085793759844,13368,2805,298
Gorilla_gorilla,Saimiri_boliviensis,same-order,3,2,2,330,172,158,16354,83.22914162058187,0.980039637599094,0.8552720983383779,0.9134149157238514,13846,2343,282
Gorilla_gorilla,Saimiri_boliviensis,same-order,3,2,3,330,193,137,16353,84.21654135338346,0.9809430393049814,0.8643126118896228,0.9189419795221843,14001,2198,272
Gorilla_gorilla,Saimiri_boliviensis,same-order,3,2,4,330,198,132,16350,84.62278907472025,0.981029432277863,0.8683252052595839,0.9212430821626224,14066,2133,272
Gorilla_gorilla,Saimiri_boliviensis,same-order,3,2,5,330,198,132,16350,84.62278907472025,0.981029432277863,0.8683252052595839,0.9212430821626224,14066,2133,272
Gorilla_gorilla,Saimiri_boliviensis,same-order,4,0,1,440,141,299,16352,81.90064275845498,0.9788211644769904,0.8428536102868447,0.9057631622654043,13634,2542,295
Gorilla_gorilla,Saimiri_boliviensis,same-order,4,0,2,440,233,207,16351,84.61029588645658,0.980691481946187,0.8687785599604791,0.9213490504256712,14069,2125,277
Gorilla_gorilla,Saimiri_boliviensis,same-order,4,0,3,440,255,185,16351,85.84922688165574,0.981429259233785,0.8807481019690142,0.9283669486011712,14269,1932,270
Gorilla_gorilla,Saimiri_boliviensis,same-order,4,0,4,440,273,167,16349,86.11395222910775,0.9813507027768255,0.8835730600654361,0.9298986486486487,14313,1886,272
Gorilla_gorilla,Saimiri_boliviensis,same-order,4,0,5,440,276,164,16351,86.40274351723723,0.9815460323969654,0.8864267637800136,0.9315646081992736,14361,1840,270
Gorilla_gorilla,Saimiri_boliviensis,same-order,4,0,6,440,282,158,16351,86.5591721316407,0.9815787678242478,0.8880316029874699,0.9324648389396591,14387,1814,270
Gorilla_gorilla,Saimiri_boliviensis,same-order,4,1,1,440,124,316,16358,80.99357241545023,0.9790153935521347,0.8332097392164133,0.9002470454697203,13483,2699,289
Gorilla_gorilla,Saimiri_boliviensis,same-order,4,1,2,440,213,227,16354,83.83546815803716,0.9806555993247046,0.8607680908866386,0.9168091542812047,13941,2255,275
Gorilla_gorilla,Saimiri_boliviensis,same-order,4,1,3,440,243,197,16355,84.92540904716073,0.9813025648154584,0.87137390445624,0.9230769230769231,14118,2084,269
Gorilla_gorilla,Saimiri_boliviensis,same-order,4,1,4,440,250,190,16356,85.37142857142857,0.9813995298022403,0.8760029625972102,0.9257109313853379,14193,2009,269
Gorilla_gorilla,Saimiri_boliviensis,same-order,4,1,5,440,259,181,16355,85.78561116458133,0.9814865794907088,0.8801999753116899,0.928087986463621,14261,1941,269
Gorilla_gorilla,Saimiri_boliviensis,same-order,4,1,6,440,259,181,16355,85.78561116458133,0.9814865794907088,0.8801999753116899,0.928087986463621,14261,1941,269
Gorilla_gorilla,Saimiri_boliviensis,same-order,4,2,1,440,132,308,16364,80.8597502401537,0.9787790697674419,0.8324371098337351,0.8996960486322189,13468,2711,292
Gorilla_gorilla,Saimiri_boliviensis,same-order,4,2,2,440,234,206,16348,84.70050517199904,0.9805068226120858,0.8698659749243407,0.9218785796105384,14084,2107,280
Gorilla_gorilla,Saimiri_boliviensis,same-order,4,2,3,440,282,158,16354,86.63175635006621,0.9822561932710026,0.8878539263463081,0.9326723691031623,14393,1818,260
Gorilla_gorilla,Saimiri_boliviensis,same-order,4,2,4,440,300,140,16354,87.19152521969423,0.982368099823681,0.8935907716982296,0.9358787996252868,14486,1725,260
Gorilla_gorilla,Saimiri_boliviensis,same-order,4,2,5,440,308,132,16354,87.74834437086092,0.9827388577978559,0.898859081097749,0.9389293306706178,14575,1640,256
Gorilla_gorilla,Saimiri_boliviensis,same-order,4,2,6,440,316,124,16356,88.30824804334738,0.9829781530625922,0.9044829499907504,0.94209833327981,14668,1549,254
Gorilla_gorilla,Saimiri_boliviensis,same-order,5,0,1,550,163,387,16354,81.69801117586974,0.9791876710355754,0.8402546038808553,0.9044166555806838,13597,2585,289
Gorilla_gorilla,Saimiri_boliviensis,same-order,5,0,2,550,281,269,16355,84.94073762108177,0.9815072302558399,0.8712125887071891,0.923076923076923,14118,2087,266
Gorilla_gorilla,Saimiri_boliviensis,same-order,5,0,3,550,319,231,16356,86.56473845783422,0.9824429566880721,0.8869495497718022,0.9322572280565279,14381,1833,257
Gorilla_gorilla,Saimiri_boliviensis,same-order,5,0,4,550,345,205,16356,87.3336945397628,0.9827259178973039,0.894610261470153,0.9366001678610626,14507,1709,255
Gorilla_gorilla,Saimiri_boliviensis,same-order,5,0,5,550,352,198,16356,87.71296129071098,0.9827993254637437,0.8984953132708436,0.9387584162881351,14570,1646,255
Gorilla_gorilla,Saimiri_boliviensis,same-order,5,0,6,550,358,192,16357,87.96051047435589,0.9828479182081119,0.9010853478046374,0.9401923881221247,14612,1604,255
Gorilla_gorilla,Saimiri_boliviensis,same-order,5,1,1,550,163,387,16370,81.57689305230289,0.979593308335737,0.8392018779342723,0.9039792387543252,13585,2603,283
Gorilla_gorilla,Saimiri_boliviensis,same-order,5,1,2,550,283,267,16350,85.55094180658362,0.9815645929710696,0.8773142433966922,0.9265161143155082,14216,1988,267
Gorilla_gorilla,Saimiri_boliviensis,same-order,5,1,3,550,338,212,16356,87.7001806140879,0.9828621550502665,0.8982549176789788,0.9386558412268832,14567,1650,254
Gorilla_gorilla,Saimiri_boliviensis,same-order,5,1,4,550,363,187,16349,88.70015660763764,0.9831096868949863,0.9080034529535085,0.9440651344680578,14726,1492,253
Gorilla_gorilla,Saimiri_boliviensis,same-order,5,1,5,550,380,170,16352,89.27840019274787,0.9834129511677282,0.9137537759694223,0.947304508995622,14822,1399,250
Gorilla_gorilla,Saimiri_boliviensis,same-order,5,1,6,550,392,158,16351,89.75239472257365,0.9836260398785158,0.9183258336929051,0.9498549523414836,14898,1325,248
Gorilla_gorilla,Saimiri_boliviensis,same-order,5,2,1,550,176,374,16357,81.6592574792743,0.9791816741103587,0.8400074156470152,0.9042708887706227,13593,2589,289
Gorilla_gorilla,Saimiri_boliviensis,same-order,5,2,2,550,278,272,16352,85.30509086532676,0.9815814984074228,0.8747917309472385,0.9251150194146246,14176,2029,266
Gorilla_gorilla,Saimiri_boliviensis,same-order,5,2,3,550,338,212,16348,87.2034204504396,0.982495420313454,0.8931721458089188,0.9357069010080123,14481,1732,258
Gorilla_gorilla,Saimiri_boliviensis,same-order,5,2,4,550,359,191,16346,88.04648922076358,0.9825280559102211,0.9019184504348899,0.9404991637720314,14621,1590,260
Gorilla_gorilla,Saimiri_boliviensis,same-order,5,2,5,550,365,185,16349,88.39576056846923,0.9827932512051419,0.9053287282595288,0.9424719101123595,14679,1535,257
Gorilla_gorilla,Saimiri_boliviensis,same-order,5,2,6,550,369,181,16351,88.6426592797784,0.9829716193656094,0.9077454366058214,0.9438620114776699,14720,1496,255
Gorilla_gorilla,Saimiri_boliviensis,same-order,6,0,1,659,173,486,16356,81.4997296160548,0.97927947440618,0.838111715274345,0.9032129182620277,13564,2620,287
Gorilla_gorilla,Saimiri_boliviensis,same-order,6,0,2,659,323,336,16350,85.91718825228695,0.9817081556869757,0.8809626658438754,0.9286109213907049,14276,1929,266
Gorilla_gorilla,Saimiri_boliviensis,same-order,6,0,3,659,407,252,16356,87.94099939795304,0.9829082834264181,0.9007214651291854,0.9400218804298861,14607,1610,254
Gorilla_gorilla,Saimiri_boliviensis,same-order,6,0,4,659,436,223,16358,88.69889818772954,0.9832476807047987,0.9082614056720099,0.94426817934173,14732,1488,251
Gorilla_gorilla,Saimiri_boliviensis,same-order,6,0,5,659,449,210,16358,89.16852308989102,0.9833344399442268,0.9130702836004932,0.9469006745308653,14810,1410,251
Gorilla_gorilla,Saimiri_boliviensis,same-order,6,0,6,659,461,198,16356,89.59286918814743,0.9836022216344882,0.9169697343278062,0.949117937920694,14876,1347,248
Gorilla_gorilla,Saimiri_boliviensis,same-order,6,1,1,659,187,472,16356,81.45345345345345,0.9787817551963048,0.8383507448847128,0.9031398794659208,13562,2615,294
Gorilla_gorilla,Saimiri_boliviensis,same-order,6,1,2,659,321,338,16360,85.37318818788717,0.9815378232609597,0.8760182670945446,0.925780995239027,14195,2009,267
Gorilla_gorilla,Saimiri_boliviensis,same-order,6,1,3,659,401,258,16358,87.4661531981467,0.9823612894505643,0.896730413325108,0.9375947366723644,14536,1674,261
Gorilla_gorilla,Saimiri_boliviensis,same-order,6,1,4,659,425,234,16350,88.25335661388404,0.982637259502581,0.9041450777202072,0.9417584888689005,14658,1554,259
Gorilla_gorilla,Saimiri_boliviensis,same-order,6,1,5,659,435,224,16351,88.6092715231788,0.9827068171195834,0.9078460399703923,0.9437942864471448,14718,1494,259
Gorilla_gorilla,Saimiri_boliviensis,same-order,6,1,6,659,443,216,16350,88.93773334939179,0.9829617304492513,0.9108233117483812,0.9455185659411013,14769,1446,256
Gorilla_gorilla,Saimiri_boliviensis,same-order,6,2,1,659,177,482,16358,82.03725961538461,0.9797602813464437,0.843226882451047,0.9063807184117921,13651,2538,282
Gorilla_gorilla,Saimiri_boliviensis,same-order,6,2,2,659,326,333,16358,85.6953801732435,0.981670341786108,0.8791113853748843,0.9275645408080215,14246,1959,266
Gorilla_gorilla,Saimiri_boliviensis,same-order,6,2,3,659,396,263,16348,87.55344131992533,0.9824988174876681,0.8968665186281767,0.9377317725968205,14540,1672,259
Gorilla_gorilla,Saimiri_boliviensis,same-order,6,2,4,659,424,235,16350,88.22112489461641,0.9828257077686837,0.9034844279987666,0.9414864560907427,14650,1565,256
Gorilla_gorilla,Saimiri_boliviensis,same-order,6,2,5,659,432,227,16346,88.4872582685704,0.983066729134596,0.9056603773584906,0.942777367694727,14688,1530,253
Gorilla_gorilla,Saimiri_boliviensis,same-order,6,2,6,659,439,220,16350,88.99132321041215,0.9836163836163836,0.9102619414483821,0.9455185659411011,14769,1456,246
Gorilla_gorilla,Saimiri_boliviensis,same-order,7,0,1,769,225,544,16367,82.15829930338698,0.9795932980094515,0.8452366242431731,0.9074688246219156,13681,2505,285
Gorilla_gorilla,Saimiri_boliviensis,same-order,7,0,2,769,406,363,16352,85.93176484746374,0.9816469617816882,0.8813255986176253,0.9287851196670136,14281,1923,267
Gorilla_gorilla,Saimiri_boliviensis,same-order,7,0,3,769,483,286,16354,87.51204238921002,0.9828239112794157,0.8962200160325584,0.9375262054507337,14534,1683,254
Gorilla_gorilla,Saimiri_boliviensis,same-order,7,0,4,769,513,256,16346,88.47126852186483,0.9828693790149893,0.9058279370952822,0.9427773676947271,14688,1527,256
Gorilla_gorilla,Saimiri_boliviensis,same-order,7,0,5,769,545,224,16350,89.10240963855422,0.9833787647097932,0.9118426730781086,0.9462606359158083,14791,1430,250
Gorilla_gorilla,Saimiri_boliviensis,same-order,7,0,6,769,552,217,16350,89.36746987951807,0.98342724560822,0.9145552062141669,0.9477416469686322,14835,1386,250
Gorilla_gorilla,Saimiri_boliviensis,same-order,7,1,1,769,235,534,16358,82.68341044282882,0.9797095258436566,0.8501791671815149,0.9103598835670812,13761,2425,285
Gorilla_gorilla,Saimiri_boliviensis,same-order,7,1,2,769,411,358,16358,86.24112621826495,0.9819165696280567,0.8844943542913556,0.9306628578848277,14335,1872,264
Gorilla_gorilla,Saimiri_boliviensis,same-order,7,1,3,769,484,285,16350,87.92002890521498,0.9827679052234787,0.9004008633980882,0.9397830774677353,14600,1615,256
Gorilla_gorilla,Saimiri_boliviensis,same-order,7,1,4,769,512,257,16354,88.7617441580342,0.9833199893247931,0.9085753036187658,0.9444711461437406,14738,1483,250
Gorilla_gorilla,Saimiri_boliviensis,same-order,7,1,5,769,527,242,16355,89.14182475158086,0.9833909115067765,0.9125208063621232,0.9466312793783774,14802,1419,250
Gorilla_gorilla,Saimiri_boliviensis,same-order,7,1,6,769,536,233,16355,89.53138176123359,0.9836542915756733,0.9161735700197239,0.9487154938567097,14864,1360,247
Gorilla_gorilla,Saimiri_boliviensis,same-order,7,2,1,769,243,526,16356,82.26174738613147,0.9795363480251861,0.8458449181340748,0.9077948343887802,13690,2495,286
Gorilla_gorilla,Saimiri_boliviensis,same-order,7,2,2,769,418,351,16346,86.36172133614204,0.9815980298262417,0.8856314035304284,0.9311486048020766,14349,1853,269
Gorilla_gorilla,Saimiri_boliviensis,same-order,7,2,3,769,493,276,16354,88.44856661045532,0.9832619175147295,0.905369582639788,0.9427095034823635,14686,1535,250
Gorilla_gorilla,Saimiri_boliviensis,same-order,7,2,4,769,547,222,16350,89.60053021630415,0.983661860034396,0.9166050295857988,0.9489502903452236,14871,1353,247
Gorilla_gorilla,Saimiri_boliviensis,same-order,7,2,5,769,564,205,16349,90.22846464524685,0.9842188321935823,0.9221859404842585,0.9521931359139921,14968,1263,240
Gorilla_gorilla,Saimiri_boliviensis,same-order,7,2,6,769,584,185,16353,90.97540390643839,0.9846665796685371,0.9294777038679478,0.956276535073823,15091,1145,235
Gorilla_gorilla,Saimiri_boliviensis,same-order,8,0,1,879,256,623,16363,82.37131359240796,0.9795714285714285,0.8473277726289774,0.9086632433327811,13714,2471,286
Gorilla_gorilla,Saimiri_boliviensis,same-order,8,0,2,879,449,430,16350,86.15106831176648,0.9818231703134646,0.8832531161298285,0.929933409127822,14314,1892,265
Gorilla_gorilla,Saimiri_boliviensis,same-order,8,0,3,879,547,332,16354,88.08405587668594,0.9829335483437479,0.9020780662267991,0.9407717041800644,14629,1588,254
Gorilla_gorilla,Saimiri_boliviensis,same-order,8,0,4,879,591,288,16356,89.00198759260374,0.9835596379126731,0.9108111439842209,0.9457885304659499,14777,1447,247
Gorilla_gorilla,Saimiri_boliviensis,same-order,8,0,5,879,610,269,16354,89.66805229230677,0.9838059356203318,0.9172932330827067,0.9493860628288949,14884,1342,245
Gorilla_gorilla,Saimiri_boliviensis,same-order,8,0,6,879,629,250,16354,90.38264537511299,0.9841863517060367,0.9241528034504005,0.9532252939307276,14999,1231,241
Gorilla_gorilla,Saimiri_boliviensis,same-order,8,1,1,879,276,603,16362,82.60269036752342,0.9793520825916696,0.8500710710092083,0.9101435849930523,13755,2426,290
Gorilla_gorilla,Saimiri_boliviensis,same-order,8,1,2,879,522,357,16352,86.33491786509417,0.9817310981867944,0.8854603801530486,0.9311139232291769,14348,1856,267
Gorilla_gorilla,Saimiri_boliviensis,same-order,8,1,3,879,588,291,16351,87.95543510990666,0.9829059829059829,0.9005981377566751,0.9399536619899601,14605,1612,254
Gorilla_gorilla,Saimiri_boliviensis,same-order,8,1,4,879,626,253,16348,89.00337430706195,0.9834875823956322,0.9104974419034704,0.9455860700339287,14771,1452,248
Gorilla_gorilla,Saimiri_boliviensis,same-order,8,1,5,879,641,238,16348,89.65226300247092,0.9837973678989484,0.9168001972143474,0.9491179379206941,14876,1350,245
Gorilla_gorilla,Saimiri_boliviensis,same-order,8,1,6,879,659,220,16346,90.49255441008019,0.9841977575240968,0.9248305606900801,0.9535910549220163,15010,1220,241
Gorilla_gorilla,Saimiri_boliviensis,same-order,8,2,1,879,260,619,16351,82.94662178408271,0.9797642715137745,0.8525268750772272,0.9117277832837793,13799,2387,285
Gorilla_gorilla,Saimiri_boliviensis,same-order,8,2,2,879,497,382,16347,86.65824155984835,0.9815950920245399,0.888834022591198,0.9329143856693984,14400,1801,270
Gorilla_gorilla,Saimiri_boliviensis,same-order,8,2,3,879,584,295,16352,88.3797940875429,0.9827932512051419,0.9053287282595288,0.9424719101123595,14679,1535,257
Gorilla_gorilla,Saimiri_boliviensis,same-order,8,2,4,879,610,269,16356,88.9230213227322,0.9836098340995403,0.9098921417565485,0.9453160017929179,14763,1462,246
Gorilla_gorilla,Saimiri_boliviensis,same-order,8,2,5,879,624,255,16356,89.59763883869414,0.9837312347066993,0.9167950693374423,0.949084412684234,14875,1350,246
Gorilla_gorilla,Saimiri_boliviensis,same-order,8,2,6,879,635,244,16358,90.28196168213037,0.9842364532019704,0.9232333189575503,0.9527594099694812,14985,1246,240
Gorilla_gorilla,Saimiri_sciureus,same-order,1,0,1,110,32,78,16368,77.7757793764988,0.9765148663906662,0.8026853112238584,0.8811084320983461,12973,3189,312
Gorilla_gorilla,Saimiri_sciureus,same-order,1,0,2,110,49,61,16368,78.70720153504827,0.9770003721622628,0.8120012372409526,0.8868918918918919,13126,3039,309
Gorilla_gorilla,Saimiri_sciureus,same-order,1,0,3,110,51,59,16368,79.05498590873658,0.9770992366412213,0.8155892360037117,0.8890687167037562,13184,2981,309
Gorilla_gorilla,Saimiri_sciureus,same-order,1,0,4,110,52,58,16368,79.11369633005516,0.9771868750462929,0.8160955090931585,0.8894057370141909,13193,2973,308
Gorilla_gorilla,Saimiri_sciureus,same-order,1,0,5,110,52,58,16368,79.11369633005516,0.9771868750462929,0.8160955090931585,0.8894057370141909,13193,2973,308
Gorilla_gorilla,Saimiri_sciureus,same-order,1,1,1,110,31,79,16377,77.31686848099748,0.9768991895781262,0.7976993011317954,0.8782513958872394,12898,3271,305
Gorilla_gorilla,Saimiri_sciureus,same-order,1,1,2,110,46,64,16378,78.40316489839957,0.9772132984684349,0.8089554084977426,0.885159369290113,13080,3089,305
Gorilla_gorilla,Saimiri_sciureus,same-order,1,1,3,110,49,61,16377,78.83347320465172,0.977333531510107,0.8133465273053374,0.8878312236286919,13151,3018,305
Gorilla_gorilla,Saimiri_sciureus,same-order,1,1,4,110,49,61,16377,78.83347320465172,0.977333531510107,0.8133465273053374,0.8878312236286919,13151,3018,305
Gorilla_gorilla,Saimiri_sciureus,same-order,1,2,1,110,30,80,16367,77.7551265139705,0.9765795617139845,0.802326300810493,0.8809184158684873,12968,3195,311
Gorilla_gorilla,Saimiri_sciureus,same-order,1,2,2,110,38,72,16370,78.26686656671664,0.9771638215034442,0.8071618529284433,0.884064352243861,13051,3118,305
Gorilla_gorilla,Saimiri_sciureus,same-order,1,2,3,110,39,71,16370,78.34482758620689,0.9771860273767672,0.8079658605974396,0.8845554878461642,13064,3105,305
Gorilla_gorilla,Saimiri_sciureus,same-order,1,2,4,110,39,71,16370,78.34482758620689,0.9771860273767672,0.8079658605974396,0.8845554878461642,13064,3105,305
Gorilla_gorilla,Saimiri_sciureus,same-order,2,0,1,220,75,145,16353,79.47532717012847,0.9774808033077378,0.8187890407570041,0.8911250967589944,13239,2930,305
Gorilla_gorilla,Saimiri_sciureus,same-order,2,0,2,220,113,107,16361,81.95746214852198,0.9796753806377477,0.8425050954233834,0.9059272787647351,13641,2550,283
Gorilla_gorilla,Saimiri_sciureus,same-order,2,0,3,220,122,98,16358,82.50105161949402,0.9798030259777334,0.8479402136989685,0.9091149885772937,13729,2462,283
Gorilla_gorilla,Saimiri_sciureus,same-order,2,0,4,220,128,92,16357,82.98076923076923,0.9799162586047832,0.8528194676054598,0.9119609008652003,13808,2383,283
Gorilla_gorilla,Saimiri_sciureus,same-order,2,0,5,220,131,89,16358,83.25620530079932,0.9801188623178152,0.8554931143086519,0.913575361888746,13853,2340,281
Gorilla_gorilla,Saimiri_sciureus,same-order,2,0,6,220,131,89,16358,83.25620530079932,0.9801188623178152,0.8554931143086519,0.913575361888746,13853,2340,281
Gorilla_gorilla,Saimiri_sciureus,same-order,2,1,1,220,56,164,16378,78.57913669064749,0.9774778134089045,0.8104748948800395,0.8861769378993273,13107,3065,302
Gorilla_gorilla,Saimiri_sciureus,same-order,2,1,2,220,82,138,16371,80.12008405884119,0.9791605518051071,0.824212476837554,0.895029847742974,13344,2846,284
Gorilla_gorilla,Saimiri_sciureus,same-order,2,1,3,220,95,125,16369,80.9741156687286,0.9795132582637123,0.8326951581027668,0.9001568915445473,13483,2709,282
Gorilla_gorilla,Saimiri_sciureus,same-order,2,1,4,220,102,118,16366,81.30369480324421,0.9798001737619462,0.8356282803334363,0.901989535774986,13533,2662,279
Gorilla_gorilla,Saimiri_sciureus,same-order,2,1,5,220,106,114,16367,81.58005407029138,0.9799379375045103,0.8384168930600148,0.9036701826772702,13579,2617,278
Gorilla_gorilla,Saimiri_sciureus,same-order,2,1,6,220,106,114,16367,81.58005407029138,0.9799379375045103,0.8384168930600148,0.9036701826772702,13579,2617,278
Gorilla_gorilla,Saimiri_sciureus,same-order,2,2,1,220,75,145,16357,79.66152553561784,0.9774668630338733,0.8210044532409698,0.8924297431760119,13274,2894,306
Gorilla_gorilla,Saimiri_sciureus,same-order,2,2,2,220,103,117,16362,80.97095535285646,0.9781080101486046,0.8343433094236953,0.9005239096339307,13493,2679,302
Gorilla_gorilla,Saimiri_sciureus,same-order,2,2,3,220,111,109,16361,81.44391766188562,0.9782310963742521,0.8391664605490972,0.9033782659344316,13571,2601,302
Gorilla_gorilla,Saimiri_sciureus,same-order,2,2,4,220,117,103,16359,81.72159193228886,0.9784389823199655,0.8417212810683814,0.9049454932198883,13614,2560,300
Gorilla_gorilla,Saimiri_sciureus,same-order,2,2,5,220,119,101,16359,81.89023657980064,0.9788272446709252,0.8429445577600594,0.9058182784272052,13638,2541,295
Gorilla_gorilla,Saimiri_sciureus,same-order,2,2,6,220,119,101,16359,81.89023657980064,0.9788272446709252,0.8429445577600594,0.9058182784272052,13638,2541,295
Gorilla_gorilla,Saimiri_sciureus,same-order,3,0,1,330,91,239,16359,79.47548460661345,0.9775596072931276,0.8189857761286333,0.8912743547464413,13243,2927,304
Gorilla_gorilla,Saimiri_sciureus,same-order,3,0,2,330,136,194,16365,81.77505554554735,0.9792895153171293,0.8413443716792289,0.9050910541007576,13618,2568,288
Gorilla_gorilla,Saimiri_sciureus,same-order,3,0,3,330,152,178,16363,82.86675477592215,0.9798962847197557,0.8519547896979803,0.9114576450376637,13794,2397,283
Gorilla_gorilla,Saimiri_sciureus,same-order,3,0,4,330,167,163,16362,83.25522710886806,0.9800551665605771,0.8557929841897233,0.9137186376974052,13857,2335,282
Gorilla_gorilla,Saimiri_sciureus,same-order,3,0,5,330,173,157,16360,83.69983177120885,0.9800211044671122,0.8604694255713403,0.9163624403880939,13931,2259,284
Gorilla_gorilla,Saimiri_sciureus,same-order,3,0,6,330,178,152,16359,83.91515952652767,0.9800701754385965,0.8626312538604076,0.9176084099868593,13966,2224,284
Gorilla_gorilla,Saimiri_sciureus,same-order,3,1,1,330,89,241,16362,79.72275564090255,0.9777728711268124,0.8214815730892902,0.8928391411001715,13285,2887,302
Gorilla_gorilla,Saimiri_sciureus,same-order,3,1,2,330,135,195,16364,81.53485858403891,0.979159154828009,0.8389249304911955,0.9036337015839213,13578,2607,289
Gorilla_gorilla,Saimiri_sciureus,same-order,3,1,3,330,162,168,16361,82.52823840422975,0.9798131107782295,0.8483725526527083,0.9093677590201921,13736,2455,283
Gorilla_gorilla,Saimiri_sciureus,same-order,3,1,4,330,176,154,16364,83.18812714053956,0.9802463891248938,0.8548934856437171,0.9132886968567565,13845,2350,279
Gorilla_gorilla,Saimiri_sciureus,same-order,3,1,5,330,181,149,16363,83.45150823218363,0.9803063457330415,0.8575486261191726,0.9148277452078255,13888,2307,279
Gorilla_gorilla,Saimiri_sciureus,same-order,3,1,6,330,181,149,16363,83.45150823218363,0.9803063457330415,0.8575486261191726,0.9148277452078255,13888,2307,279
Gorilla_gorilla,Saimiri_sciureus,same-order,3,2,1,330,95,235,16362,80.94323772950918,0.977961432506887,0.83426097711812,0.9004138299292485,13490,2680,304
Gorilla_gorilla,Saimiri_sciureus,same-order,3,2,2,330,178,152,16372,83.85895356520695,0.9806814190375834,0.8617815914562628,0.9173950187290532,13960,2239,275
Gorilla_gorilla,Saimiri_sciureus,same-order,3,2,3,330,210,120,16366,85.72458976979023,0.9813527833207184,0.8802073690057397,0.9280322748568455,14262,1941,271
Gorilla_gorilla,Saimiri_sciureus,same-order,3,2,4,330,222,108,16363,86.44618159951894,0.9817660315509117,0.8870241253779231,0.9319935170178282,14376,1831,267
Gorilla_gorilla,Saimiri_sciureus,same-order,3,2,5,330,230,100,16364,86.86188443268595,0.9818527832529056,0.8913432467452336,0.934411384217335,14446,1761,267
Gorilla_gorilla,Saimiri_sciureus,same-order,3,2,6,330,233,97,16363,87.25490196078431,0.9821936357481381,0.894886188390599,0.9365094735483038,14507,1704,263
Gorilla_gorilla,Saimiri_sciureus,same-order,4,0,1,440,136,304,16367,80.97809780978098,0.9783948379612847,0.8342606330365975,0.9005972838599887,13495,2681,298
Gorilla_gorilla,Saimiri_sciureus,same-order,4,0,2,440,226,214,16369,85.03695691364702,0.9811412327532414,0.8734106900382669,0.9241469387755101,14151,2051,272
Gorilla_gorilla,Saimiri_sciureus,same-order,4,0,3,440,268,172,16363,86.59731826107871,0.98173142467621,0.8886832037516968,0.9328928617696594,14402,1804,268
Gorilla_gorilla,Saimiri_sciureus,same-order,4,0,4,440,281,159,16366,87.17455354458541,0.9820497188918241,0.8944413597384169,0.9362004391062895,14498,1711,265
Gorilla_gorilla,Saimiri_sciureus,same-order,4,0,5,440,285,155,16363,87.55336419938669,0.9819273046058399,0.8984943847957546,0.9383599162236184,14561,1645,268
Gorilla_gorilla,Saimiri_sciureus,same-order,4,0,6,440,289,151,16365,87.708959711365,0.982156083765403,0.8998704423468443,0.9392144236960721,14586,1623,265
Gorilla_gorilla,Saimiri_sciureus,same-order,4,1,1,440,111,329,16375,80.09833902980152,0.977891654465593,0.8259955478604997,0.8955484043979619,13358,2814,302
Gorilla_gorilla,Saimiri_sciureus,same-order,4,1,2,440,182,258,16350,83.06296563326123,0.9791769955379276,0.8544499381953028,0.9125713719924748,13825,2355,294
Gorilla_gorilla,Saimiri_sciureus,same-order,4,1,3,440,217,223,16349,84.260205615343,0.9801384712217638,0.865657813465102,0.9193479615599068,14015,2175,284
Gorilla_gorilla,Saimiri_sciureus,same-order,4,1,4,440,230,210,16347,84.84301696138579,0.9806047966631908,0.8710095708552023,0.9225637671680836,14106,2089,279
Gorilla_gorilla,Saimiri_sciureus,same-order,4,1,5,440,235,205,16348,85.36277222957526,0.9810551061328908,0.8758641975308642,0.9254802204611422,14189,2011,274
Gorilla_gorilla,Saimiri_sciureus,same-order,4,1,6,440,244,196,16347,85.66271584140546,0.9811190738699008,0.8788888888888889,0.9271945819223757,14238,1962,274
Gorilla_gorilla,Saimiri_sciureus,same-order,4,2,1,440,141,299,16368,81.19001919385796,0.9780346820809248,0.8371057513914657,0.9020993002332556,13536,2634,304
Gorilla_gorilla,Saimiri_sciureus,same-order,4,2,2,440,249,191,16355,85.156907538776,0.9806840210468014,0.8746526705773386,0.9246385325891836,14165,2030,279
Gorilla_gorilla,Saimiri_sciureus,same-order,4,2,3,440,285,155,16360,86.39480332010105,0.9818181818181818,0.8862290227048372,0.9315779233413322,14364,1844,266
Gorilla_gorilla,Saimiri_sciureus,same-order,4,2,4,440,297,143,16359,86.77894736842106,0.9818961410195332,0.8901159921026653,0.9337561891200933,14427,1781,266
Gorilla_gorilla,Saimiri_sciureus,same-order,4,2,5,440,299,141,16359,86.92330827067669,0.9819256641978664,0.8915967423494571,0.9345836701697655,14451,1757,266
Gorilla_gorilla,Saimiri_sciureus,same-order,4,2,6,440,301,139,16359,87.15033387475185,0.9821029082774049,0.8937075879086983,0.9358224863537998,14487,1723,264
Gorilla_gorilla,Saimiri_sciureus,same-order,5,0,1,550,158,392,16381,81.5232383808096,0.9788306451612904,0.8401730531520396,0.9042171078887855,13594,2586,294
Gorilla_gorilla,Saimiri_sciureus,same-order,5,0,2,550,268,282,16365,84.84739245373709,0.980626345392681,0.8719975301018833,0.9231272061707413,14122,2073,279
Gorilla_gorilla,Saimiri_sciureus,same-order,5,0,3,550,309,241,16371,86.08606803702368,0.9816997943797121,0.883753933485531,0.9301555346299964,14323,1884,267
Gorilla_gorilla,Saimiri_sciureus,same-order,5,0,4,550,327,223,16367,86.77725688183676,0.9815759059079475,0.8910695550206752,0.9341356107660455,14438,1765,271
Gorilla_gorilla,Saimiri_sciureus,same-order,5,0,5,550,342,208,16371,87.4316282983711,0.9820415879017014,0.8974580454096742,0.9378465506125081,14546,1662,266
Gorilla_gorilla,Saimiri_sciureus,same-order,5,0,6,550,353,197,16371,87.96585717720606,0.9822135713806296,0.9028317601332593,0.9408512279799408,14634,1575,265
Gorilla_gorilla,Saimiri_sciureus,same-order,5,1,1,550,174,376,16359,81.57041661664066,0.978469071793764,0.8400618238021639,0.9039984032998469,13588,2587,299
Gorilla_gorilla,Saimiri_sciureus,same-order,5,1,2,550,272,278,16356,84.86652236652236,0.9808213466750052,0.8714038770218545,0.9228807741344928,14115,2083,276
Gorilla_gorilla,Saimiri_sciureus,same-order,5,1,3,550,326,224,16356,86.25315846468536,0.9817845648154488,0.8845631786771965,0.9306416539547564,14337,1871,266
Gorilla_gorilla,Saimiri_sciureus,same-order,5,1,4,550,342,208,16357,86.73285198555956,0.9820820275241858,0.8892110295478379,0.9333419663958045,14415,1796,263
Gorilla_gorilla,Saimiri_sciureus,same-order,5,1,5,550,348,202,16357,87.00361010830325,0.982136792773212,0.891986922460058,0.934893644533523,14460,1751,263
Gorilla_gorilla,Saimiri_sciureus,same-order,5,1,6,550,351,199,16357,87.16004813477738,0.9821682825954302,0.8935907716982296,0.9357881136950905,14486,1725,263
Gorilla_gorilla,Saimiri_sciureus,same-order,5,2,1,550,159,391,16372,81.40414041404141,0.978858503499531,0.8383907051480131,0.9031957390146471,13566,2615,293
Gorilla_gorilla,Saimiri_sciureus,same-order,5,2,2,550,266,284,16362,84.57239016767835,0.9806955188514879,0.868802864728036,0.9213644994434623,14072,2125,277
Gorilla_gorilla,Saimiri_sciureus,same-order,5,2,3,550,303,247,16367,85.74863256596743,0.9814254265272427,0.8803999012589484,0.9281717631750163,14266,1938,270
Gorilla_gorilla,Saimiri_sciureus,same-order,5,2,4,550,320,230,16365,86.61455201443175,0.9819346922080578,0.8886421124066877,0.9329619794028111,14404,1805,265
Gorilla_gorilla,Saimiri_sciureus,same-order,5,2,5,550,330,220,16362,87.05351773902586,0.9818243472363513,0.8933111193385166,0.9354786598171303,14477,1729,268
Gorilla_gorilla,Saimiri_sciureus,same-order,5,2,6,550,336,214,16365,87.28202044497895,0.9820703653585927,0.8954901597877722,0.9367840201361775,14515,1694,265
Gorilla_gorilla,Saimiri_sciureus,same-order,6,0,1,659,183,476,16372,81.84109457513202,0.979038047379756,0.8427882832777159,0.9058182784272051,13638,2544,292
Gorilla_gorilla,Saimiri_sciureus,same-order,6,0,2,659,336,323,16360,85.46602525556224,0.98135745356625,0.8771291039249568,0.9263205917815361,14213,1991,270
Gorilla_gorilla,Saimiri_sciureus,same-order,6,0,3,659,409,250,16360,87.43606715205487,0.9824881676808654,0.896145544249152,0.9373326882760845,14531,1684,259
Gorilla_gorilla,Saimiri_sciureus,same-order,6,0,4,659,436,223,16359,88.14997592681752,0.9827563070316694,0.903188012579392,0.9412936602294271,14647,1570,257
Gorilla_gorilla,Saimiri_sciureus,same-order,6,0,5,659,452,207,16361,88.6916225324988,0.9829909284951974,0.9086256859239163,0.9443465444875204,14737,1482,255
Gorilla_gorilla,Saimiri_sciureus,same-order,6,0,6,659,455,204,16361,88.8480982185845,0.9830203755493407,0.9102287440656021,0.9452252136888946,14763,1456,255
Gorilla_gorilla,Saimiri_sciureus,same-order,6,1,1,659,184,475,16364,81.86674669867948,0.9787585217079297,0.8430584744715045,0.9058546142861887,13639,2539,296
Gorilla_gorilla,Saimiri_sciureus,same-order,6,1,2,659,324,335,16349,85.58450153420372,0.9812374974132579,0.8779780274040242,0.9267402846998274,14225,1977,272
Gorilla_gorilla,Saimiri_sciureus,same-order,6,1,3,659,391,268,16351,87.67684064776353,0.98246087425796,0.898236092265943,0.9384625298021779,14564,1650,260
Gorilla_gorilla,Saimiri_sciureus,same-order,6,1,4,659,434,225,16350,88.74503191617488,0.9829253651704128,0.9086817116783821,0.9443465444875204,14737,1481,256
Gorilla_gorilla,Saimiri_sciureus,same-order,6,1,5,659,449,210,16354,89.32723001867133,0.9834880636604775,0.9140832049306625,0.9475163711867114,14831,1394,249
Gorilla_gorilla,Saimiri_sciureus,same-order,6,1,6,659,462,197,16351,89.91505512380265,0.983655176959072,0.9198200419080488,0.9506672187012326,14925,1301,248
Gorilla_gorilla,Saimiri_sciureus,same-order,6,2,1,659,195,464,16367,81.65456836042954,0.9782936821677568,0.8416398713826366,0.9048362971580522,13611,2561,302
Gorilla_gorilla,Saimiri_sciureus,same-order,6,2,2,659,339,320,16355,85.49443943492636,0.980692318300924,0.8782265036433247,0.9266353922335157,14222,1972,280
Gorilla_gorilla,Saimiri_sciureus,same-order,6,2,3,659,399,260,16356,87.74515702081578,0.9820887482324423,0.8998642645607108,0.9391802698090731,14585,1623,266
Gorilla_gorilla,Saimiri_sciureus,same-order,6,2,4,659,439,220,16354,88.73103780399711,0.9827977063608481,0.9089787863838185,0.944448004100724,14740,1476,258
Gorilla_gorilla,Saimiri_sciureus,same-order,6,2,5,659,452,207,16356,89.1939076515562,0.983080087585429,0.913496516431346,0.947011824864174,14816,1403,255
Gorilla_gorilla,Saimiri_sciureus,same-order,6,2,6,659,460,199,16355,89.32570740517761,0.9831036310628147,0.914791294161169,0.9477180543578935,14837,1382,255
Gorilla_gorilla,Saimiri_sciureus,same-order,7,0,1,769,233,536,16360,82.67475378332934,0.9792303862294616,0.8507601038190582,0.9104857643596441,13767,2415,292
Gorilla_gorilla,Saimiri_sciureus,same-order,7,0,2,769,428,341,16350,86.74285714285715,0.9812874251497006,0.8902401382801407,0.9335491179802556,14421,1778,275
Gorilla_gorilla,Saimiri_sciureus,same-order,7,0,3,769,500,269,16358,88.3252091231871,0.9826593465452598,0.9051495528831329,0.9423132483708387,14677,1538,259
Gorilla_gorilla,Saimiri_sciureus,same-order,7,0,4,769,535,234,16355,89.22335942203492,0.9830845771144279,0.9137431407608361,0.947146417843676,14820,1399,255
Gorilla_gorilla,Saimiri_sciureus,same-order,7,0,5,769,552,217,16356,89.73864868119956,0.9835005279831045,0.9185157790927022,0.9498980112187659,14902,1322,250
Gorilla_gorilla,Saimiri_sciureus,same-order,7,0,6,769,568,201,16356,90.13490725126475,0.9836992243985803,0.9223468507333908,0.9520356234096692,14966,1260,248
Gorilla_gorilla,Saimiri_sciureus,same-order,7,1,1,769,226,543,16371,82.044049690932,0.9790875886270859,0.8448275862068966,0.9070160889036325,13671,2511,292
Gorilla_gorilla,Saimiri_sciureus,same-order,7,1,2,769,413,356,16358,85.81735104911922,0.9810983572754142,0.8811655040434595,0.9284506309353454,14274,1925,275
Gorilla_gorilla,Saimiri_sciureus,same-order,7,1,3,769,488,281,16360,87.47143028990737,0.9820379498953339,0.8972729516288253,0.9377438179063095,14543,1665,266
Gorilla_gorilla,Saimiri_sciureus,same-order,7,1,4,769,518,251,16360,88.18291215403129,0.9825690533655136,0.9039102010608117,0.9415997430131705,14656,1558,260
Gorilla_gorilla,Saimiri_sciureus,same-order,7,1,5,769,528,241,16362,88.59807460890494,0.9827804845491557,0.9080537740503206,0.9439405109138113,14725,1491,258
Gorilla_gorilla,Saimiri_sciureus,same-order,7,1,6,769,535,234,16361,88.87418015524399,0.9828320468458877,0.910828811050814,0.9454615286134938,14770,1446,258
Gorilla_gorilla,Saimiri_sciureus,same-order,7,2,1,769,218,551,16357,81.96061952215152,0.9784291242654436,0.8441847523650529,0.9063630630331596,13653,2520,301
Gorilla_gorilla,Saimiri_sciureus,same-order,7,2,2,769,409,360,16354,85.83714216983401,0.9811645012717399,0.8810493827160494,0.92841578040134,14273,1927,274
Gorilla_gorilla,Saimiri_sciureus,same-order,7,2,3,769,489,280,16359,87.35486975876798,0.982144064930673,0.8958050586057988,0.9369898370704952,14521,1689,264
Gorilla_gorilla,Saimiri_sciureus,same-order,7,2,4,769,508,261,16360,87.81881616939364,0.9822377716477158,0.900616903146206,0.9396582241817655,14599,1611,264
Gorilla_gorilla,Saimiri_sciureus,same-order,7,2,5,769,514,255,16359,88.16628564553002,0.9823702909237163,0.904015791746345,0.9415657425551736,14655,1556,263
Gorilla_gorilla,Saimiri_sciureus,same-order,7,2,6,769,526,243,16359,88.59944651666466,0.9824549699799866,0.9084572204058973,0.9440082048652287,14727,1484,263
Gorilla_gorilla,Saimiri_sciureus,same-order,8,0,1,879,243,636,16353,82.21448300708539,0.9784892446223111,0.8465961788165461,0.9077769674467944,13692,2481,301
Gorilla_gorilla,Saimiri_sciureus,same-order,8,0,2,879,485,394,16357,86.43333934692404,0.9814271082280642,0.8871127021355388,0.9318896489123739,14373,1829,272
Gorilla_gorilla,Saimiri_sciureus,same-order,8,0,3,879,585,294,16356,88.46616903443294,0.9828785446762975,0.9061536564311259,0.9429579724093681,14696,1522,256
Gorilla_gorilla,Saimiri_sciureus,same-order,8,0,4,879,629,250,16353,89.378612716763,0.9831114643353864,0.9152228867377766,0.9479532537199055,14844,1375,255
Gorilla_gorilla,Saimiri_sciureus,same-order,8,0,5,879,639,240,16355,89.82295555823197,0.9834509131667436,0.9194353695370769,0.9503663587129659,14916,1307,251
Gorilla_gorilla,Saimiri_sciureus,same-order,8,0,6,879,651,228,16352,90.35114135999518,0.9835431418830317,0.9246748443567774,0.9532009531374106,15001,1222,251
Gorilla_gorilla,Saimiri_sciureus,same-order,8,1,1,879,269,610,16359,82.1512221488199,0.9790995633812898,0.8453219626745767,0.9073060723642756,13679,2503,292
Gorilla_gorilla,Saimiri_sciureus,same-order,8,1,2,879,468,411,16352,85.81137976663058,0.9811567292483323,0.880679012345679,0.9282066295826422,14267,1933,274
Gorilla_gorilla,Saimiri_sciureus,same-order,8,1,3,879,554,325,16361,87.84068347271524,0.9825033647375505,0.9004563957074133,0.9396923472999935,14600,1614,260
Gorilla_gorilla,Saimiri_sciureus,same-order,8,1,4,879,619,260,16359,88.84006500933005,0.9830813295144208,0.9099260172626387,0.9450901290301925,14759,1461,254
Gorilla_gorilla,Saimiri_sciureus,same-order,8,1,5,879,638,241,16361,89.4942805538832,0.9835252084160381,0.9161787365177195,0.948658221385494,14865,1360,249
Gorilla_gorilla,Saimiri_sciureus,same-order,8,1,6,879,652,227,16361,90.04034443307039,0.9838147246529377,0.9214320926793197,0.9516021255608235,14953,1275,246
Gorilla_gorilla,Saimiri_sciureus,same-order,8,2,1,879,232,647,16354,82.48048048048048,0.9789008482429253,0.8488688342193101,0.9092594431754228,13733,2445,296
Gorilla_gorilla,Saimiri_sciureus,same-order,8,2,2,879,457,422,16350,86.1593984962406,0.981163093362559,0.884252114328045,0.9301902720955906,14324,1875,275
Gorilla_gorilla,Saimiri_sciureus,same-order,8,2,3,879,547,332,16358,87.92802551603779,0.9825823806321453,0.9010792476102374,0.9400675566993727,14611,1604,259
Gorilla_gorilla,Saimiri_sciureus,same-order,8,2,4,879,582,297,16359,88.39742432448698,0.9827390111728106,0.905833744449926,0.9427205339665629,14689,1527,258
Gorilla_gorilla,Saimiri_sciureus,same-order,8,2,5,879,600,279,16361,88.95040924410208,0.9830395743265713,0.911276897465935,0.9457989377359698,14780,1439,255
Gorilla_gorilla,Saimiri_sciureus,same-order,8,2,6,879,614,265,16360,89.51360462316397,0.983335537627298,0.9166563925533227,0.948825931597754,14870,1352,252
Gorilla_gorilla,Aotus_azarai,same-order,1,0,1,111,31,80,16359,77.64494919306635,0.972232617319063,0.8026445872466633,0.8793366051785413,12990,3194,371
Gorilla_gorilla,Aotus_azarai,same-order,1,0,2,111,38,73,16360,78.21953844314241,0.9727860807494981,0.808141330533078,0.8828530940009447,13083,3106,366
Gorilla_gorilla,Aotus_azarai,same-order,1,0,3,111,38,73,16360,78.21953844314241,0.9727860807494981,0.808141330533078,0.8828530940009447,13083,3106,366
Gorilla_gorilla,Aotus_azarai,same-order,1,1,1,111,32,79,16370,77.8587644879914,0.9725373134328358,0.8050905047260147,0.8809274343461655,13032,3155,368
Gorilla_gorilla,Aotus_azarai,same-order,1,1,2,111,44,67,16362,78.94202032277346,0.9728913443830571,0.8159016494717983,0.887507559975808,13207,2980,368
Gorilla_gorilla,Aotus_azarai,same-order,1,1,3,111,49,62,16362,79.11536162582188,0.9729491326080565,0.8176932106010997,0.888590513913598,13236,2951,368
Gorilla_gorilla,Aotus_azarai,same-order,1,1,4,111,49,62,16362,79.11536162582188,0.9729491326080565,0.8176932106010997,0.888590513913598,13236,2951,368
Gorilla_gorilla,Aotus_azarai,same-order,1,2,1,111,25,86,16363,77.24286226257317,0.9715273082413042,0.799455984174085,0.8771322955878862,12932,3244,379
Gorilla_gorilla,Aotus_azarai,same-order,1,2,2,111,32,79,16363,77.9868578255675,0.9719326980345444,0.8069600692298182,0.8817966903073287,13055,3123,377
Gorilla_gorilla,Aotus_azarai,same-order,1,2,3,111,33,78,16362,78.08112790489277,0.9719640068416747,0.8078872542959574,0.8823628691983121,13070,3108,377
Gorilla_gorilla,Aotus_azarai,same-order,1,2,4,111,33,78,16362,78.08112790489277,0.9719640068416747,0.8078872542959574,0.8823628691983121,13070,3108,377
Gorilla_gorilla,Aotus_azarai,same-order,2,0,1,221,61,160,16363,79.57072820758101,0.9734493856056173,0.8219491106719368,0.891307259576748,13309,2883,363
Gorilla_gorilla,Aotus_azarai,same-order,2,0,2,221,88,133,16364,80.84928229665071,0.9743404930085051,0.8344959565405272,0.8990124031523293,13518,2681,356
Gorilla_gorilla,Aotus_azarai,same-order,2,0,3,221,91,130,16362,81.13410695059217,0.9744252873563218,0.8373356380023458,0.9006939141405758,13564,2635,356
Gorilla_gorilla,Aotus_azarai,same-order,2,0,4,221,94,127,16362,81.32551740638833,0.9744839449541285,0.8393110685844806,0.9018606348048158,13596,2603,356
Gorilla_gorilla,Aotus_azarai,same-order,2,0,5,221,96,125,16362,81.57453936348409,0.9746962115796998,0.8416764397259429,0.9033155576165083,13636,2565,354
Gorilla_gorilla,Aotus_azarai,same-order,2,0,6,221,97,124,16361,81.64522883637451,0.9747160917077352,0.8423554101598667,0.9037149857625323,13647,2554,354
Gorilla_gorilla,Aotus_azarai,same-order,2,1,1,221,65,156,16378,80.54028209419077,0.9744034707158351,0.8318005061415962,0.8974726116346441,13476,2725,354
Gorilla_gorilla,Aotus_azarai,same-order,2,1,2,221,99,122,16370,83.02338097231357,0.9752054505865,0.8569312430564128,0.9122507309701371,13884,2318,353
Gorilla_gorilla,Aotus_azarai,same-order,2,1,3,221,117,104,16376,84.30938565532094,0.9763768617942501,0.8692487973356359,0.9197037423733239,14094,2120,341
Gorilla_gorilla,Aotus_azarai,same-order,2,1,4,221,122,99,16375,84.52380952380952,0.97643400138217,0.8714074256815099,0.9209359926997784,14129,2085,341
Gorilla_gorilla,Aotus_azarai,same-order,2,1,5,221,124,97,16375,84.75113663555875,0.9764957264957265,0.873751079314173,0.9222706855022459,14167,2047,341
Gorilla_gorilla,Aotus_azarai,same-order,2,1,6,221,125,96,16375,84.82890643694664,0.9765167688175745,0.8745528555569261,0.9227265332682608,14180,2034,341
Gorilla_gorilla,Aotus_azarai,same-order,2,2,1,221,69,152,16370,79.42512250507949,0.973343097766386,0.8208881477363967,0.8906386115392347,13291,2900,364
Gorilla_gorilla,Aotus_azarai,same-order,2,2,2,221,102,119,16380,81.72255095332018,0.974971477467199,0.8438039990125895,0.9046579330422125,13673,2531,351
Gorilla_gorilla,Aotus_azarai,same-order,2,2,3,221,114,107,16380,82.63104416950571,0.975239841986456,0.8531843989138485,0.9101382488479263,13825,2379,351
Gorilla_gorilla,Aotus_azarai,same-order,2,2,4,221,120,101,16380,83.08529077759847,0.9753718776312097,0.8578745988644779,0.9128578933543472,13901,2303,351
Gorilla_gorilla,Aotus_azarai,same-order,2,2,5,221,125,96,16380,83.21678321678321,0.9754098360655737,0.8592322883238707,0.913642627468994,13923,2281,351
Gorilla_gorilla,Aotus_azarai,same-order,2,2,6,221,125,96,16380,83.21678321678321,0.9754098360655737,0.8592322883238707,0.913642627468994,13923,2281,351
Gorilla_gorilla,Aotus_azarai,same-order,3,0,1,332,104,228,16370,81.82198827610958,0.9751907036429742,0.8440180169062751,0.9048753059469471,13679,2528,348
Gorilla_gorilla,Aotus_azarai,same-order,3,0,2,332,174,158,16369,84.65636973180077,0.9768582481348439,0.8718249075215783,0.9213578316393014,14141,2079,335
Gorilla_gorilla,Aotus_azarai,same-order,3,0,3,332,199,133,16365,85.86403114705001,0.9774974428912376,0.8835130970724191,0.9281320815797992,14335,1890,330
Gorilla_gorilla,Aotus_azarai,same-order,3,0,4,332,213,119,16371,86.480172517072,0.9781165311653116,0.8894159684573681,0.9316597831698502,14437,1795,323
Gorilla_gorilla,Aotus_azarai,same-order,3,0,5,332,214,118,16370,86.48535314203558,0.9781165311653116,0.8894159684573681,0.9316597831698502,14437,1795,323
Gorilla_gorilla,Aotus_azarai,same-order,3,0,6,332,214,118,16370,86.48535314203558,0.9781165311653116,0.8894159684573681,0.9316597831698502,14437,1795,323
Gorilla_gorilla,Aotus_azarai,same-order,3,1,1,332,87,245,16373,80.97088539487056,0.9745287091667866,0.8359977779149436,0.8999634539353466,13544,2657,354
Gorilla_gorilla,Aotus_azarai,same-order,3,1,2,332,162,170,16373,84.39126533054143,0.9763289036544851,0.8700425584407574,0.9201265451224683,14106,2107,342
Gorilla_gorilla,Aotus_azarai,same-order,3,1,3,332,206,126,16375,86.3342511672453,0.9775654059915955,0.8889916173570019,0.9311769642972432,14423,1801,331
Gorilla_gorilla,Aotus_azarai,same-order,3,1,4,332,221,111,16377,87.5419061302682,0.9781270903010033,0.9010968696080848,0.9380332285585989,14623,1605,327
Gorilla_gorilla,Aotus_azarai,same-order,3,1,5,332,238,94,16376,88.30150272406155,0.978309896524277,0.9088612275080108,0.9423076923076923,14749,1479,327
Gorilla_gorilla,Aotus_azarai,same-order,3,1,6,332,242,90,16374,88.59418033768411,0.9783140495867768,0.9118752696123744,0.9439270221995407,14797,1430,328
Gorilla_gorilla,Aotus_azarai,same-order,3,2,1,332,94,238,16373,80.88833094213295,0.9744346824139422,0.8352469135802469,0.8994881340158214,13531,2669,355
Gorilla_gorilla,Aotus_azarai,same-order,3,2,2,332,165,167,16373,84.60019152501796,0.9768486523842432,0.8714549938347719,0.9211469534050178,14135,2085,335
Gorilla_gorilla,Aotus_azarai,same-order,3,2,3,332,194,138,16361,85.72969086987779,0.9773922546274162,0.8820266272189349,0.9272638911388303,14310,1914,331
Gorilla_gorilla,Aotus_azarai,same-order,3,2,4,332,203,129,16363,86.47531160115052,0.9779750609921388,0.8891558841651264,0.9314529142193249,14431,1799,325
Gorilla_gorilla,Aotus_azarai,same-order,3,2,5,332,216,116,16367,87.02582848924312,0.9784395634011589,0.8944872189713582,0.9345818450944429,14522,1713,320
Gorilla_gorilla,Aotus_azarai,same-order,3,2,6,332,220,112,16363,87.35163649442512,0.9785776643610234,0.8975117023897512,0.9362932502329169,14572,1664,319
Gorilla_gorilla,Aotus_azarai,same-order,4,0,1,442,135,307,16366,82.56551394040923,0.9754028837998303,0.8514839266983403,0.9092406522813375,13800,2407,348
Gorilla_gorilla,Aotus_azarai,same-order,4,0,2,442,248,194,16366,86.14620128120697,0.9771153062610349,0.8872240720187446,0.9300025853154085,14389,1829,337
Gorilla_gorilla,Aotus_azarai,same-order,4,0,3,442,295,147,16367,88.55533584996105,0.9786769088139858,0.910429372266371,0.9433203548860664,14779,1454,322
Gorilla_gorilla,Aotus_azarai,same-order,4,0,4,442,333,109,16368,90.05094396164219,0.9793377656107417,0.9252986821037074,0.9515516149461685,15025,1213,317
Gorilla_gorilla,Aotus_azarai,same-order,4,0,5,442,349,93,16365,90.63661431483035,0.9794649219407916,0.9311491563000369,0.9546961325966851,15120,1118,317
Gorilla_gorilla,Aotus_azarai,same-order,4,0,6,442,355,87,16364,91.07806691449814,0.9797471620227038,0.935287236007635,0.9570011025358324,15190,1051,314
Gorilla_gorilla,Aotus_azarai,same-order,4,1,1,442,138,304,16367,82.22527801028339,0.9745606575963719,0.8491602864904915,0.9075491619374422,13753,2443,359
Gorilla_gorilla,Aotus_azarai,same-order,4,1,2,442,258,184,16369,85.31681924250583,0.9764431966034377,0.8795879341188082,0.9254884143571104,14259,1952,344
Gorilla_gorilla,Aotus_azarai,same-order,4,1,3,442,280,162,16369,86.6558908045977,0.9773801485482781,0.8924167694204685,0.9329680953915566,14475,1745,335
Gorilla_gorilla,Aotus_azarai,same-order,4,1,4,442,294,148,16369,87.30766928096749,0.9776094388952202,0.8990197891621972,0.9366690217740382,14583,1638,334
Gorilla_gorilla,Aotus_azarai,same-order,4,1,5,442,302,140,16366,87.76952563488261,0.9779765082754939,0.9031741140215717,0.9390880835656382,14654,1571,330
Gorilla_gorilla,Aotus_azarai,same-order,4,1,6,442,306,136,16366,87.93578531208817,0.9781449893390192,0.9046650643988414,0.9399711861693614,14680,1547,328
Gorilla_gorilla,Aotus_azarai,same-order,4,2,1,442,146,296,16364,82.14606136730666,0.9748030378309319,0.8477777777777777,0.9068638779755026,13734,2466,355
Gorilla_gorilla,Aotus_azarai,same-order,4,2,2,442,268,174,16367,86.28225854739237,0.9773467173087358,0.8883546020590593,0.9307282415630551,14410,1811,334
Gorilla_gorilla,Aotus_azarai,same-order,4,2,3,442,300,142,16368,88.3181491249101,0.979004717294532,0.9073834595726338,0.941834451901566,14735,1504,316
Gorilla_gorilla,Aotus_azarai,same-order,4,2,4,442,326,116,16368,89.24054426661871,0.9792804051831875,0.9167487684729064,0.9469834303342556,14888,1352,315
Gorilla_gorilla,Aotus_azarai,same-order,4,2,5,442,335,107,16368,89.67811544686208,0.9793794186959938,0.921243842364532,0.9494225155476583,14961,1279,315
Gorilla_gorilla,Aotus_azarai,same-order,4,2,6,442,340,102,16368,89.95863557340687,0.9795678569097199,0.9239009974141116,0.9509204397832769,15006,1236,313
Gorilla_gorilla,Aotus_azarai,same-order,5,0,1,552,162,390,16369,82.41659691498266,0.9747560458209589,0.8510309914804297,0.9087013843111404,13785,2413,357
Gorilla_gorilla,Aotus_azarai,same-order,5,0,2,552,298,254,16370,86.95652173913044,0.9779094827586207,0.8948049547051211,0.9345132743362831,14520,1707,328
Gorilla_gorilla,Aotus_azarai,same-order,5,0,3,552,368,184,16362,89.85133677017144,0.9790972630478804,0.9232522328303049,0.9503550595992899,14989,1246,320
Gorilla_gorilla,Aotus_azarai,same-order,5,0,4,552,415,137,16370,91.1810551558753,0.980024486113796,0.9362265312403817,0.9576249842589095,15209,1036,310
Gorilla_gorilla,Aotus_azarai,same-order,5,0,5,552,423,129,16377,91.53030030570041,0.9803543913713405,0.9397501384700597,0.9596229379418696,15270,979,306
Gorilla_gorilla,Aotus_azarai,same-order,5,0,6,552,427,125,16370,91.79511785521503,0.980586878523834,0.9417302485847896,0.9607658505963591,15305,947,303
Gorilla_gorilla,Aotus_azarai,same-order,5,1,1,552,155,397,16361,82.14221637461874,0.974459028024122,0.8481012658227848,0.9068999669858039,13735,2460,360
Gorilla_gorilla,Aotus_azarai,same-order,5,1,2,552,306,246,16370,85.98455367299287,0.9773392310309629,0.8853408950807545,0.9290681502086231,14362,1860,333
Gorilla_gorilla,Aotus_azarai,same-order,5,1,3,552,352,200,16366,88.24657041873839,0.9782839686545358,0.9077520335223072,0.9416991625647254,14731,1497,327
Gorilla_gorilla,Aotus_azarai,same-order,5,1,4,552,394,158,16360,89.75665308079597,0.9788221452382508,0.922617213973261,0.9498889946083094,14975,1256,324
Gorilla_gorilla,Aotus_azarai,same-order,5,1,5,552,424,128,16366,90.86711441592708,0.9799521438272004,0.9327793167128348,0.9557840292670621,15153,1092,310
Gorilla_gorilla,Aotus_azarai,same-order,5,1,6,552,434,118,16366,91.16041979010495,0.9800773694390715,0.9356764742090361,0.957362388210102,15201,1045,309
Gorilla_gorilla,Aotus_azarai,same-order,5,2,1,552,173,379,16368,82.00896860986548,0.9746322745683224,0.8467712063217682,0.9062138680585379,13716,2482,357
Gorilla_gorilla,Aotus_azarai,same-order,5,2,2,552,300,252,16372,86.17346022625247,0.9772603855552539,0.8876078914919852,0.930279141897131,14397,1823,335
Gorilla_gorilla,Aotus_azarai,same-order,5,2,3,552,357,195,16370,88.40050302413319,0.9781989265124909,0.9097744360902256,0.942746750965929,14762,1464,329
Gorilla_gorilla,Aotus_azarai,same-order,5,2,4,552,394,158,16374,89.60665748667904,0.9784911087866108,0.9224084802169358,0.9496224858828753,14967,1259,329
Gorilla_gorilla,Aotus_azarai,same-order,5,2,5,552,411,141,16369,90.36837376460018,0.9788490235515473,0.9296321399963029,0.9536059667530498,15087,1142,326
Gorilla_gorilla,Aotus_azarai,same-order,5,2,6,552,425,127,16368,90.89928704092026,0.9791545659890287,0.9346968950221785,0.9564093674157658,15172,1060,323
Gorilla_gorilla,Aotus_azarai,same-order,6,0,1,663,208,455,16364,83.18975831538646,0.9753121054846402,0.8582361291118928,0.913036341551492,13906,2297,352
Gorilla_gorilla,Aotus_azarai,same-order,6,0,2,663,375,288,16365,87.74862209441649,0.9781621477227194,0.9025757949223564,0.9388500737132236,14647,1581,327
Gorilla_gorilla,Aotus_azarai,same-order,6,0,3,663,470,193,16366,90.6029006352631,0.9792719264153388,0.9311980289497999,0.9546301266062578,15118,1117,320
Gorilla_gorilla,Aotus_azarai,same-order,6,0,4,663,528,135,16364,92.13146215665107,0.9802194997447677,0.9456448137888581,0.9626218002945138,15362,883,310
Gorilla_gorilla,Aotus_azarai,same-order,6,0,5,663,548,115,16366,92.74101625772391,0.9807765511990864,0.9512060054147182,0.9657649778222028,15459,793,303
Gorilla_gorilla,Aotus_azarai,same-order,6,0,6,663,553,110,16362,92.97203216900732,0.9810018364891394,0.9529990772070133,0.9667977282656182,15491,764,300
Gorilla_gorilla,Aotus_azarai,same-order,6,1,1,663,215,448,16371,82.52212389380531,0.9750600536950685,0.851808418713739,0.9092765845302412,13801,2401,353
Gorilla_gorilla,Aotus_azarai,same-order,6,1,2,663,382,281,16370,87.18194336346764,0.9776435045317221,0.8976698310935767,0.9359514091975448,14562,1660,333
Gorilla_gorilla,Aotus_azarai,same-order,6,1,3,663,461,202,16367,89.96402877697842,0.9795678569097199,0.9239009974141116,0.9509204397832769,15006,1236,313
Gorilla_gorilla,Aotus_azarai,same-order,6,1,4,663,514,149,16371,91.25794459767359,0.9802279899529851,0.9367306745445594,0.9579858379228954,15220,1028,307
Gorilla_gorilla,Aotus_azarai,same-order,6,1,5,663,531,132,16369,91.69365479189156,0.9804411953315377,0.9408615384615384,0.9602436879788971,15289,961,305
Gorilla_gorilla,Aotus_azarai,same-order,6,1,6,663,533,130,16365,91.90761847630473,0.9804812492000512,0.9428307692307693,0.9612874890199522,15321,929,305
Gorilla_gorilla,Aotus_azarai,same-order,6,2,1,663,205,458,16372,82.62377421669457,0.9751587861679605,0.8528050361044252,0.9098870707536298,13818,2385,352
Gorilla_gorilla,Aotus_azarai,same-order,6,2,2,663,377,286,16375,87.3308585798108,0.9780728223697445,0.8988168597485827,0.9367714588484634,14586,1642,327
Gorilla_gorilla,Aotus_azarai,same-order,6,2,3,663,468,195,16366,90.15106102385805,0.9794203842396614,0.9261038241271015,0.95201620560866,15039,1200,316
Gorilla_gorilla,Aotus_azarai,same-order,6,2,4,663,521,142,16373,91.44381820362153,0.9803934173309334,0.9385230769230769,0.9590014462679998,15251,999,305
Gorilla_gorilla,Aotus_azarai,same-order,6,2,5,663,540,123,16373,92.19790104947526,0.9807348813472825,0.9459176767366024,0.9630116821698143,15374,879,302
Gorilla_gorilla,Aotus_azarai,same-order,6,2,6,663,548,115,16364,92.80398511583243,0.981092570268384,0.9511595005228517,0.965894184521207,15463,794,298
Gorilla_gorilla,Aotus_azarai,same-order,7,0,1,773,229,544,16371,83.43701399688958,0.9757274762171236,0.8606243830207305,0.9145685811696826,13949,2259,347
Gorilla_gorilla,Aotus_azarai,same-order,7,0,2,773,445,328,16368,87.6414585952937,0.977755511022044,0.9022931820983849,0.9385098743267505,14637,1585,333
Gorilla_gorilla,Aotus_azarai,same-order,7,0,3,773,522,251,16370,90.09889121965837,0.9794761532447225,0.9256773399014778,0.9518171457515513,15033,1207,315
Gorilla_gorilla,Aotus_azarai,same-order,7,0,4,773,577,196,16367,91.11457521434139,0.9798826487845766,0.9356030289971065,0.9572310405643739,15197,1046,312
Gorilla_gorilla,Aotus_azarai,same-order,7,0,5,773,594,179,16365,91.5087550971456,0.9800269732194464,0.939423787244521,0.9592959295929593,15260,984,311
Gorilla_gorilla,Aotus_azarai,same-order,7,0,6,773,600,173,16362,91.76364727054589,0.9802627363024672,0.9415276666461501,0.9605048348612333,15297,950,308
Gorilla_gorilla,Aotus_azarai,same-order,7,1,1,773,223,550,16366,83.55172620116078,0.9757529173363148,0.8615498519249754,0.9151020675644681,13964,2244,347
Gorilla_gorilla,Aotus_azarai,same-order,7,1,2,773,451,322,16373,87.92070906695413,0.9783419965347194,0.9045594577942082,0.9400051222947879,14681,1549,325
Gorilla_gorilla,Aotus_azarai,same-order,7,1,3,773,524,249,16368,90.22123628514899,0.9797512858910086,0.9263728145776903,0.9523146536721198,15048,1196,311
Gorilla_gorilla,Aotus_azarai,same-order,7,1,4,773,576,197,16368,91.34840218238503,0.9799961407345469,0.9379463186407289,0.9585102702022585,15236,1008,311
Gorilla_gorilla,Aotus_azarai,same-order,7,1,5,773,606,167,16367,92.15309856620073,0.9807188916554939,0.9451178244016489,0.962589296904374,15361,892,302
Gorilla_gorilla,Aotus_azarai,same-order,7,1,6,773,623,150,16365,92.4992499249925,0.9809099586382437,0.9483235927406952,0.9643415702220832,15415,840,300
Gorilla_gorilla,Aotus_azarai,same-order,7,2,1,773,236,537,16370,83.01130585631394,0.9756046119235096,0.8561821322803553,0.9120005257623555,13877,2331,347
Gorilla_gorilla,Aotus_azarai,same-order,7,2,2,773,444,329,16363,87.10546804815236,0.97755074606802,0.8966154984279637,0.9353355413357343,14544,1677,334
Gorilla_gorilla,Aotus_azarai,same-order,7,2,3,773,521,252,16365,89.00275680210956,0.9788426047983126,0.9148084267586547,0.9457428516843914,14851,1383,321
Gorilla_gorilla,Aotus_azarai,same-order,7,2,4,773,557,216,16363,89.95444737473028,0.9790592993672125,0.9244794874953801,0.9509869150587713,15008,1226,321
Gorilla_gorilla,Aotus_azarai,same-order,7,2,5,773,579,194,16362,90.61151079136691,0.9793934681181959,0.930836977274127,0.9544980896144495,15114,1123,318
Gorilla_gorilla,Aotus_azarai,same-order,7,2,6,773,589,184,16362,91.11684261036469,0.9800012902393394,0.9351184979993844,0.9570339570339569,15191,1054,310
Gorilla_gorilla,Aotus_azarai,same-order,8,0,1,883,256,627,16366,83.82889620101705,0.9756980711649607,0.8646180427002345,0.9168057054993947,14012,2194,349
Gorilla_gorilla,Aotus_azarai,same-order,8,0,2,883,531,352,16371,88.16869346432637,0.9785904255319149,0.9066715948992793,0.9412592332043617,14718,1515,322
Gorilla_gorilla,Aotus_azarai,same-order,8,0,3,883,607,276,16369,90.17081210668265,0.9794284226287351,0.926473305006466,0.9522151898734177,15045,1194,316
Gorilla_gorilla,Aotus_azarai,same-order,8,0,4,883,670,213,16365,91.56323079690591,0.9799768964189449,0.9400972726713046,0.9596229379418697,15270,973,312
Gorilla_gorilla,Aotus_azarai,same-order,8,0,5,883,717,166,16366,92.50794793353728,0.9806066001144529,0.9490461538461539,0.9645682834537324,15422,828,305
Gorilla_gorilla,Aotus_azarai,same-order,8,0,6,883,736,147,16360,93.04963687653802,0.9809541888129587,0.9537959886797096,0.9671844781333833,15503,751,301
Gorilla_gorilla,Aotus_azarai,same-order,8,1,1,883,259,624,16367,83.57262502991146,0.9756267895802779,0.8620264099716155,0.9153153153153154,13970,2236,349
Gorilla_gorilla,Aotus_azarai,same-order,8,1,2,883,523,360,16373,87.86681039645467,0.97832899913316,0.9040049291435613,0.9396996189195248,14672,1558,325
Gorilla_gorilla,Aotus_azarai,same-order,8,1,3,883,612,271,16373,90.31929551308932,0.9792167305319218,0.928672620880813,0.9532751643904905,15077,1158,320
Gorilla_gorilla,Aotus_azarai,same-order,8,1,4,883,687,196,16376,91.48693985142583,0.9797266953230256,0.9403904181291951,0.9596556274743919,15271,968,316
Gorilla_gorilla,Aotus_azarai,same-order,8,1,5,883,711,172,16368,92.37781109445277,0.9804595506333142,0.948055145248646,0.9639851059169561,15404,844,307
Gorilla_gorilla,Aotus_azarai,same-order,8,1,6,883,723,160,16361,92.97161034751815,0.981000633312223,0.9529375576745617,0.966765486035263,15490,765,300
Gorilla_gorilla,Aotus_azarai,same-order,8,2,1,883,277,606,16367,83.13195358296447,0.9753666923994666,0.8576894593927425,0.9127507963090665,13898,2306,351
Gorilla_gorilla,Aotus_azarai,same-order,8,2,2,883,513,370,16374,87.17887298640638,0.9781630047705435,0.8969808995687,0.9358146112557452,14558,1672,325
Gorilla_gorilla,Aotus_azarai,same-order,8,2,3,883,607,276,16369,89.67625899280576,0.9796319339838889,0.9208323073134695,0.9493225018246437,14958,1286,311
Gorilla_gorilla,Aotus_azarai,same-order,8,2,4,883,663,220,16369,91.00065951196115,0.9799845041322314,0.9343182517697753,0.9566066870450319,15178,1067,310
Gorilla_gorilla,Aotus_azarai,same-order,8,2,5,883,704,179,16363,92.1946244300456,0.980538540071465,0.9456615384615384,0.9627842866988284,15367,883,305
Gorilla_gorilla,Aotus_azarai,same-order,8,2,6,883,725,158,16363,92.81555728947842,0.9810937698261641,0.9512210124869287,0.965926481151816,15464,793,298
Gorilla_gorilla,Varecia_variegata,same-order,1,0,1,114,24,90,16367,72.8967078906114,0.9361717992692565,0.7793779874604259,0.850609756097561,12555,3554,856
Gorilla_gorilla,Varecia_variegata,same-order,1,0,2,114,33,81,16378,73.69643479270701,0.9376477541371159,0.7872960734445754,0.855919344505513,12692,3429,844
Gorilla_gorilla,Varecia_variegata,same-order,1,0,3,114,36,78,16381,73.89385669492509,0.9380113510724553,0.789258248573555,0.8572294634737799,12726,3398,841
Gorilla_gorilla,Varecia_variegata,same-order,1,0,4,114,36,78,16381,73.89385669492509,0.9380113510724553,0.789258248573555,0.8572294634737799,12726,3398,841
Gorilla_gorilla,Varecia_variegata,same-order,1,1,1,114,32,82,16360,73.01190821957596,0.93630810488677,0.7801986343885785,0.8511546014762648,12569,3541,855
Gorilla_gorilla,Varecia_variegata,same-order,1,1,2,114,39,75,16362,73.62733135785254,0.9372087863323718,0.7862993298585257,0.8551472821135742,12672,3444,849
Gorilla_gorilla,Varecia_variegata,same-order,1,1,3,114,45,69,16361,73.82916908773969,0.9373662855035042,0.7884090344998759,0.8564591688854437,12706,3410,849
Gorilla_gorilla,Varecia_variegata,same-order,1,1,4,114,49,65,16363,74.17029933158966,0.9381018892891274,0.7914780127767785,0.8585749848617372,12761,3362,842
Gorilla_gorilla,Varecia_variegata,same-order,1,1,5,114,51,63,16363,74.32141819238593,0.9382199721182772,0.793090615890343,0.8595724657165906,12787,3336,842
Gorilla_gorilla,Varecia_variegata,same-order,1,1,6,114,53,61,16363,74.38535309503051,0.9382697947214076,0.7937728710537741,0.8599939522225583,12798,3325,842
Gorilla_gorilla,Varecia_variegata,same-order,1,2,1,114,18,96,16362,72.73941576165863,0.9359587505604543,0.7775639433821704,0.849440488301119,12525,3583,857
Gorilla_gorilla,Varecia_variegata,same-order,1,2,2,114,25,89,16361,73.52736144998258,0.936861584011843,0.7855635551142006,0.8545675511444196,12657,3455,853
Gorilla_gorilla,Varecia_variegata,same-order,1,2,3,114,28,86,16361,73.77134890205646,0.9370572609208973,0.7881703078450845,0.8561893203883495,12699,3413,853
Gorilla_gorilla,Varecia_variegata,same-order,1,2,4,114,28,86,16361,73.77134890205646,0.9370572609208973,0.7881703078450845,0.8561893203883495,12699,3413,853
Gorilla_gorilla,Varecia_variegata,same-order,2,0,1,227,37,190,16374,74.05772692955456,0.9378539383687579,0.7910669975186104,0.8582292963623515,12752,3368,845
Gorilla_gorilla,Varecia_variegata,same-order,2,0,2,227,64,163,16377,75.81338600976063,0.9398588303082686,0.8089894606323621,0.8695275538082229,13049,3081,835
Gorilla_gorilla,Varecia_variegata,same-order,2,0,3,227,82,145,16377,76.72148294497066,0.9407196294976844,0.8183846773693672,0.8752983293556086,13203,2930,832
Gorilla_gorilla,Varecia_variegata,same-order,2,0,4,227,88,139,16372,77.26057647605765,0.9408392895053429,0.8242916485832972,0.8787177792465299,13295,2834,836
Gorilla_gorilla,Varecia_variegata,same-order,2,0,5,227,92,135,16373,77.48721524872153,0.9410685298891948,0.8266584004959703,0.880161061421169,13334,2796,835
Gorilla_gorilla,Varecia_variegata,same-order,2,0,6,227,94,133,16373,77.57308072296159,0.941193061627415,0.8274750480441386,0.8806782568534952,13348,2783,834
Gorilla_gorilla,Varecia_variegata,same-order,2,1,1,227,43,184,16385,74.74729871035204,0.9394713785046729,0.797409519087754,0.8626307320997587,12867,3269,829
Gorilla_gorilla,Varecia_variegata,same-order,2,1,2,227,80,147,16387,76.01883611417941,0.9413966882649388,0.8096093121168968,0.8705435904264172,13076,3075,814
Gorilla_gorilla,Varecia_variegata,same-order,2,1,3,227,83,144,16387,76.22536193964766,0.9416750466886942,0.8116139416826595,0.8718204488778056,13110,3043,812
Gorilla_gorilla,Varecia_variegata,same-order,2,1,4,227,83,144,16387,76.22536193964766,0.9416750466886942,0.8116139416826595,0.8718204488778056,13110,3043,812
Gorilla_gorilla,Varecia_variegata,same-order,2,2,1,227,37,190,16387,74.25834542815674,0.9385134639371927,0.7931419358839213,0.8597257695926872,12791,3336,838
Gorilla_gorilla,Varecia_variegata,same-order,2,2,2,227,65,162,16400,75.84664536741214,0.9412485582468282,0.8084829721362229,0.8698287922190394,13057,3093,815
Gorilla_gorilla,Varecia_variegata,same-order,2,2,3,227,74,153,16400,76.3462097008423,0.9416105459234847,0.8138080495356037,0.8730569948186527,13143,3007,815
Gorilla_gorilla,Varecia_variegata,same-order,2,2,4,227,78,149,16400,76.36944525123438,0.9416272740295086,0.8140557275541795,0.8732066950053134,13147,3003,815
Gorilla_gorilla,Varecia_variegata,same-order,2,2,5,227,78,149,16400,76.36944525123438,0.9416272740295086,0.8140557275541795,0.8732066950053134,13147,3003,815
Gorilla_gorilla,Varecia_variegata,same-order,3,0,1,340,53,287,16385,74.68942296528503,0.938644488217699,0.7979409575787646,0.862592605008213,12866,3258,841
Gorilla_gorilla,Varecia_variegata,same-order,3,0,2,340,94,246,16398,76.80915321175515,0.9416162335350658,0.8191390523381852,0.8761179198410071,13225,2920,820
Gorilla_gorilla,Varecia_variegata,same-order,3,0,3,340,123,217,16396,77.9392107863079,0.9429756714948672,0.8301968552680451,0.882999736634185,13411,2743,811
Gorilla_gorilla,Varecia_variegata,same-order,3,0,4,340,131,209,16396,78.22979020166211,0.9431754484304933,0.8332920638851059,0.8848353381975943,13461,2693,811
Gorilla_gorilla,Varecia_variegata,same-order,3,0,5,340,134,206,16396,78.27628290811879,0.9432072829131652,0.8337872972638356,0.8851284747322073,13469,2685,811
Gorilla_gorilla,Varecia_variegata,same-order,3,0,6,340,134,206,16396,78.27628290811879,0.9432072829131652,0.8337872972638356,0.8851284747322073,13469,2685,811
Gorilla_gorilla,Varecia_variegata,same-order,3,1,1,340,55,285,16380,74.95354239256679,0.9388957590747072,0.8004341085271318,0.8641537225495448,12907,3218,840
Gorilla_gorilla,Varecia_variegata,same-order,3,1,2,340,105,235,16389,77.45946888256145,0.9420494699646643,0.8256426138123258,0.8800132034989273,13330,2815,820
Gorilla_gorilla,Varecia_variegata,same-order,3,1,3,340,132,208,16391,79.14995057852201,0.943970598432841,0.842545026923315,0.8903787036431422,13613,2544,808
Gorilla_gorilla,Varecia_variegata,same-order,3,1,4,340,150,190,16396,80.03256192580533,0.9449402718659893,0.8515745839262513,0.8958312994239968,13764,2399,802
Gorilla_gorilla,Varecia_variegata,same-order,3,1,5,340,160,180,16397,80.47915334069896,0.9453551912568307,0.8561707392514692,0.8985554293134231,13840,2325,800
Gorilla_gorilla,Varecia_variegata,same-order,3,1,6,340,164,176,16397,80.75827179159155,0.9455337690631809,0.8591401175378905,0.9002690175995851,13888,2277,800
Gorilla_gorilla,Varecia_variegata,same-order,3,2,1,340,67,273,16377,75.06101104009296,0.9394225874481856,0.8007686585668237,0.8645718301375364,12918,3214,833
Gorilla_gorilla,Varecia_variegata,same-order,3,2,2,340,119,221,16394,77.79651162790698,0.9431874251074928,0.828083421003775,0.8818954722203916,13381,2778,806
Gorilla_gorilla,Varecia_variegata,same-order,3,2,3,340,154,186,16397,79.50791065611912,0.9450359513274337,0.845330859616574,0.8924071293334205,13669,2501,795
Gorilla_gorilla,Varecia_variegata,same-order,3,2,4,340,168,172,16396,80.43984175005818,0.9458202216445478,0.854881592778087,0.8980546263518561,13826,2347,792
Gorilla_gorilla,Varecia_variegata,same-order,3,2,5,340,177,163,16397,80.87508000232734,0.9462219196732471,0.8593508500772797,0.9006965818888709,13900,2275,790
Gorilla_gorilla,Varecia_variegata,same-order,3,2,6,340,179,161,16396,80.93215407890143,0.9462548472685217,0.8599072642967542,0.9010170369890522,13909,2266,790
Gorilla_gorilla,Varecia_variegata,same-order,4,0,1,453,88,365,16381,75.59997675634843,0.9401647636941755,0.8062217264671252,0.8680567139282735,13010,3127,828
Gorilla_gorilla,Varecia_variegata,same-order,4,0,2,453,172,281,16403,77.92056754085014,0.9440608707904748,0.8286438686537629,0.8825950930347439,13400,2771,794
Gorilla_gorilla,Varecia_variegata,same-order,4,0,3,453,199,254,16402,79.00645686696527,0.9450977663349802,0.8396389713155292,0.8892526270992241,13582,2594,789
Gorilla_gorilla,Varecia_variegata,same-order,4,0,4,453,211,242,16403,79.63469257169449,0.9455725928995717,0.8462632132039315,0.8931658783232751,13690,2487,788
Gorilla_gorilla,Varecia_variegata,same-order,4,0,5,453,221,232,16403,80.1524053283695,0.9459051280291069,0.8517648513321382,0.8963700234192038,13779,2398,788
Gorilla_gorilla,Varecia_variegata,same-order,4,0,6,453,228,225,16406,80.54101221640488,0.946407820083396,0.8556331499907298,0.8987341772151899,13845,2336,784
Gorilla_gorilla,Varecia_variegata,same-order,4,1,1,453,69,384,16374,75.2454540173125,0.9391632223914147,0.8031749968994171,0.8658622188053614,12952,3174,839
Gorilla_gorilla,Varecia_variegata,same-order,4,1,2,453,143,310,16381,78.44802512942819,0.9433407946278679,0.8347879913339523,0.8857508784604775,13486,2669,810
Gorilla_gorilla,Varecia_variegata,same-order,4,1,3,453,187,266,16397,80.19104199429204,0.9469050894085282,0.8502439325634533,0.895975010574952,13768,2425,772
Gorilla_gorilla,Varecia_variegata,same-order,4,1,4,453,207,246,16395,81.02172773344206,0.9474150262243717,0.8589513987525474,0.9010170369890523,13909,2284,772
Gorilla_gorilla,Varecia_variegata,same-order,4,1,5,453,217,236,16402,81.5846198660064,0.9483307374551364,0.8643377360819652,0.9043882592269689,14004,2198,763
Gorilla_gorilla,Varecia_variegata,same-order,4,1,6,453,223,230,16407,82.08833469292624,0.9491342720474297,0.8690931523750771,0.9073519466718192,14088,2122,755
Gorilla_gorilla,Varecia_variegata,same-order,4,2,1,453,79,374,16375,74.99128211089155,0.9394932284840541,0.799739680178505,0.8640016070711128,12903,3231,831
Gorilla_gorilla,Varecia_variegata,same-order,4,2,2,453,145,308,16390,77.44693224774643,0.9429967426710097,0.8240717821782179,0.8795323954824648,13317,2843,805
Gorilla_gorilla,Varecia_variegata,same-order,4,2,3,453,176,277,16388,78.765489557275,0.9441422594142259,0.8376020786933928,0.8876868607395753,13539,2625,801
Gorilla_gorilla,Varecia_variegata,same-order,4,2,4,453,188,265,16389,79.52508439064137,0.9451476793248945,0.8449171407370765,0.8922263214600542,13664,2508,793
Gorilla_gorilla,Varecia_variegata,same-order,4,2,5,453,195,258,16395,80.08731082654249,0.9460258525852585,0.8503708281829419,0.8956516078635595,13759,2421,785
Gorilla_gorilla,Varecia_variegata,same-order,4,2,6,453,201,252,16395,80.5321068871165,0.9464933287718098,0.8547858864240252,0.8983050847457626,13833,2350,782
Gorilla_gorilla,Varecia_variegata,same-order,5,0,1,566,108,458,16379,76.0097634683559,0.9404616380240167,0.8104976141785958,0.8706563706563707,13079,3058,828
Gorilla_gorilla,Varecia_variegata,same-order,5,0,2,566,213,353,16377,78.92990218910107,0.944343828364447,0.8386119015217123,0.8883428346766267,13557,2609,799
Gorilla_gorilla,Varecia_variegata,same-order,5,0,3,566,277,289,16400,81.08800745529734,0.9476550268872098,0.8595949617189429,0.9014795868812121,13922,2274,769
Gorilla_gorilla,Varecia_variegata,same-order,5,0,4,566,319,247,16398,82.36802237501456,0.9487248322147651,0.8725387321770262,0.9090382945885984,14136,2065,764
Gorilla_gorilla,Varecia_variegata,same-order,5,0,5,566,332,234,16403,82.88078312550985,0.9493425882667023,0.8776996174256448,0.9121164513129629,14224,1982,759
Gorilla_gorilla,Varecia_variegata,same-order,5,0,6,566,336,230,16407,83.31002331002331,0.949963452721111,0.8818159388107575,0.9146220530373309,14296,1916,753
Gorilla_gorilla,Varecia_variegata,same-order,5,1,1,566,87,479,16393,75.77852660934232,0.9409176165055547,0.8078161773813948,0.8693015195947746,13043,3103,819
Gorilla_gorilla,Varecia_variegata,same-order,5,1,2,566,200,366,16405,78.82702042241229,0.9454291695743197,0.8371748130754495,0.8880149444499067,13548,2635,782
Gorilla_gorilla,Varecia_variegata,same-order,5,1,3,566,251,315,16409,80.90188767187136,0.9484324841199372,0.856631708821715,0.9001977245470164,13886,2324,755
Gorilla_gorilla,Varecia_variegata,same-order,5,1,4,566,298,268,16409,82.44283714419039,0.9505682964557133,0.8708564386937769,0.9089681340236021,14134,2096,735
Gorilla_gorilla,Varecia_variegata,same-order,5,1,5,566,323,243,16407,83.3644532617575,0.9513250765747769,0.8800665270420106,0.9143094841930116,14287,1947,731
Gorilla_gorilla,Varecia_variegata,same-order,5,1,6,566,342,224,16408,84.06862745098039,0.9518963922294172,0.8872328632136478,0.9184278473749641,14406,1831,728
Gorilla_gorilla,Varecia_variegata,same-order,5,2,1,566,118,448,16378,75.81760092942201,0.9397364821081431,0.8092757936507936,0.8696405370290169,13052,3076,837
Gorilla_gorilla,Varecia_variegata,same-order,5,2,2,566,216,350,16397,78.67651334535093,0.9441730635031402,0.8369935044849984,0.8873585833743236,13530,2635,800
Gorilla_gorilla,Varecia_variegata,same-order,5,2,3,566,264,302,16401,80.45615872461744,0.946215957301218,0.854688176030657,0.8981261975124216,13828,2351,786
Gorilla_gorilla,Varecia_variegata,same-order,5,2,4,566,302,264,16410,81.78694158075601,0.9487196811026282,0.8664692089349624,0.9057309639758765,14042,2164,759
Gorilla_gorilla,Varecia_variegata,same-order,5,2,5,566,314,252,16410,82.23814517068624,0.949169636253614,0.8709358998087482,0.9083714046715141,14117,2092,756
Gorilla_gorilla,Varecia_variegata,same-order,5,2,6,566,321,245,16415,82.59349877665151,0.9496952240605533,0.8744295053657333,0.9105095848184181,14178,2036,751
Gorilla_gorilla,Varecia_variegata,same-order,6,0,1,679,122,557,16379,76.15809357744841,0.9406992605355733,0.8118842555300824,0.8715578023147532,13103,3036,826
Gorilla_gorilla,Varecia_variegata,same-order,6,0,2,679,252,427,16396,79.83706720977597,0.9456199600248122,0.8481701285855588,0.8942480039107056,13720,2456,789
Gorilla_gorilla,Varecia_variegata,same-order,6,0,3,679,330,349,16401,81.79328827779072,0.94845291176868,0.866497963214418,0.9056250806347568,14039,2163,763
Gorilla_gorilla,Varecia_variegata,same-order,6,0,4,679,372,307,16392,83.02811151288931,0.9496997998665777,0.878169144408118,0.9125348546520944,14236,1975,754
Gorilla_gorilla,Varecia_variegata,same-order,6,0,5,679,402,277,16399,83.81357909472702,0.950707952891359,0.8858816276202219,0.9171506989212994,14369,1851,745
Gorilla_gorilla,Varecia_variegata,same-order,6,0,6,679,411,268,16401,84.12272515165655,0.9510056050115397,0.8890395758846011,0.9189791952082073,14422,1800,743
Gorilla_gorilla,Varecia_variegata,same-order,6,1,1,679,121,558,16375,75.931415286254,0.9402619835900389,0.8096684226836071,0.8700922441639748,13064,3071,830
Gorilla_gorilla,Varecia_variegata,same-order,6,1,2,679,248,431,16400,78.8601337598139,0.9446185997910136,0.8385899814471243,0.8884520884520886,13560,2610,795
Gorilla_gorilla,Varecia_variegata,same-order,6,1,3,679,304,375,16403,80.48695246971108,0.9475416580950422,0.8529629629629629,0.8977682487087029,13818,2382,765
Gorilla_gorilla,Varecia_variegata,same-order,6,1,4,679,342,337,16408,81.54383920769007,0.94869188016809,0.8635858835143139,0.9041405593953878,13997,2211,757
Gorilla_gorilla,Varecia_variegata,same-order,6,1,5,679,361,318,16410,82.21756103245353,0.9493406889128094,0.8704046385393536,0.908160638434805,14111,2101,753
Gorilla_gorilla,Varecia_variegata,same-order,6,1,6,679,371,308,16411,82.61857592355203,0.9496985934360348,0.8744911804613297,0.9105445671718468,14179,2035,751
Gorilla_gorilla,Varecia_variegata,same-order,6,2,1,679,138,541,16379,76.20016273393003,0.9406658057110059,0.8124302887594498,0.8718579598350845,13111,3027,827
Gorilla_gorilla,Varecia_variegata,same-order,6,2,2,679,282,397,16399,79.47062245491564,0.9452670910600609,0.8446271794237665,0.8921178083980931,13661,2513,791
Gorilla_gorilla,Varecia_variegata,same-order,6,2,3,679,357,322,16390,81.73664900122299,0.947286717062635,0.8672145328719724,0.905483870967742,14035,2149,781
Gorilla_gorilla,Varecia_variegata,same-order,6,2,4,679,392,287,16395,82.8874511861048,0.9491423613428552,0.8776769733999876,0.9120118001667415,14221,1982,762
Gorilla_gorilla,Varecia_variegata,same-order,6,2,5,679,406,273,16403,83.11476365331934,0.9497802051418676,0.8796496206279687,0.9133706965572458,14260,1951,754
Gorilla_gorilla,Varecia_variegata,same-order,6,2,6,679,411,268,16399,83.41884328358209,0.9500033198326804,0.8825561312607945,0.9150385316407124,14308,1904,753
Gorilla_gorilla,Varecia_variegata,same-order,7,0,1,792,139,653,16378,76.63643762353215,0.9411722710073535,0.8167399789356298,0.8745522091017646,13183,2958,824
Gorilla_gorilla,Varecia_variegata,same-order,7,0,2,792,292,500,16395,79.34143929257083,0.9449833702882483,0.8433615731865686,0.8912851681207724,13638,2533,794
Gorilla_gorilla,Varecia_variegata,same-order,7,0,3,792,354,438,16386,81.18483136249782,0.9469357249626308,0.861159169550173,0.9020128147045499,13937,2247,781
Gorilla_gorilla,Varecia_variegata,same-order,7,0,4,792,393,399,16390,82.09355158152269,0.9477471418964358,0.8705831480108722,0.9075278511172645,14093,2095,777
Gorilla_gorilla,Varecia_variegata,same-order,7,0,5,792,414,378,16398,82.86330264537932,0.9490156823490157,0.8777853218937103,0.9120118001667414,14221,1980,764
Gorilla_gorilla,Varecia_variegata,same-order,7,0,6,792,432,360,16410,83.41588485519492,0.9501526616221957,0.8828789934624399,0.9152813299232737,14315,1899,751
Gorilla_gorilla,Varecia_variegata,same-order,7,1,1,792,144,648,16376,76.52835890283589,0.9405756731662024,0.8162771958098308,0.8740293356341674,13169,2964,832
Gorilla_gorilla,Varecia_variegata,same-order,7,1,2,792,320,472,16409,80.34436623814787,0.9464163354803344,0.8534882283878144,0.8975533677746369,13812,2371,782
Gorilla_gorilla,Varecia_variegata,same-order,7,1,3,792,416,376,16399,82.8691294720895,0.9490824157490824,0.8777928650783854,0.9120466861192164,14222,1980,763
Gorilla_gorilla,Varecia_variegata,same-order,7,1,4,792,487,305,16407,84.3006993006993,0.9505223733491031,0.8923019985196151,0.9204925073971556,14466,1746,753
Gorilla_gorilla,Varecia_variegata,same-order,7,1,5,792,514,278,16412,85.06557854852812,0.9515519040166928,0.8995808161755641,0.9248368084162495,14593,1629,743
Gorilla_gorilla,Varecia_variegata,same-order,7,1,6,792,533,259,16408,85.8433910559151,0.9519591361696624,0.9075946245838984,0.9292476647311285,14723,1499,743
Gorilla_gorilla,Varecia_variegata,same-order,7,2,1,792,176,616,16384,76.40325392213829,0.9408944543828265,0.814734494082657,0.8732815301852959,13149,2990,826
Gorilla_gorilla,Varecia_variegata,same-order,7,2,2,792,315,477,16404,79.5881565935664,0.9456078512682287,0.8457164049944369,0.8928769536985675,13682,2496,787
Gorilla_gorilla,Varecia_variegata,same-order,7,2,3,792,392,400,16391,82.06309405796256,0.9488908367608387,0.8683285000308508,0.9068238932920935,14073,2134,758
Gorilla_gorilla,Varecia_variegata,same-order,7,2,4,792,446,346,16403,83.6512102653835,0.9508088040307611,0.8840535042840412,0.9162168205193726,14342,1881,742
Gorilla_gorilla,Varecia_variegata,same-order,7,2,5,792,478,314,16405,84.47310071186837,0.9518080210387903,0.8918802365697388,0.9208701736530757,14477,1755,733
Gorilla_gorilla,Varecia_variegata,same-order,7,2,6,792,495,297,16407,85.29823742266838,0.9526137400599661,0.900049267151127,0.9255858138062064,14615,1623,727
Gorilla_gorilla,Varecia_variegata,same-order,8,0,1,905,155,750,16383,76.2029288702929,0.9408092983211365,0.812453531598513,0.8719329742669061,13113,3027,825
Gorilla_gorilla,Varecia_variegata,same-order,8,0,2,905,333,572,16397,79.85799918524123,0.945822994210091,0.8481364732060078,0.8943200703881122,13722,2457,786
Gorilla_gorilla,Varecia_variegata,same-order,8,0,3,905,441,464,16402,81.96425452640159,0.9478255015484045,0.8696108709079678,0.9070351758793971,14079,2111,775
Gorilla_gorilla,Varecia_variegata,same-order,8,0,4,905,499,406,16405,83.08176467160091,0.9497668221185877,0.8794028745913268,0.9132314788123378,14256,1955,754
Gorilla_gorilla,Varecia_variegata,same-order,8,0,5,905,525,380,16411,83.88412892696859,0.9507200422777117,0.8873543375053949,0.91794495646905,14392,1827,746
Gorilla_gorilla,Varecia_variegata,same-order,8,0,6,905,550,355,16411,84.59161662682912,0.9513506425386834,0.8944091721629784,0.922001588562351,14510,1713,742
Gorilla_gorilla,Varecia_variegata,same-order,8,1,1,905,167,738,16386,76.55332752106946,0.941458184417441,0.815743837482968,0.8741040615874701,13171,2975,819
Gorilla_gorilla,Varecia_variegata,same-order,8,1,2,905,368,537,16413,80.43174677062726,0.9470402850095917,0.8536931818181818,0.8979472521761724,13823,2369,773
Gorilla_gorilla,Varecia_variegata,same-order,8,1,3,905,475,430,16413,82.55651363318574,0.9496682527980699,0.8739361046009622,0.9102296450939458,14170,2044,751
Gorilla_gorilla,Varecia_variegata,same-order,8,1,4,905,523,382,16414,83.58391608391608,0.9505600106037511,0.8843331894691411,0.9162514373323112,14343,1876,746
Gorilla_gorilla,Varecia_variegata,same-order,8,1,5,905,550,355,16422,84.40286763420178,0.9516955835962145,0.8922365988909426,0.9210074413279908,14481,1749,735
Gorilla_gorilla,Varecia_variegata,same-order,8,1,6,905,579,326,16423,85.3935860058309,0.9527062190996617,0.901896785318389,0.926605504587156,14645,1593,727
Gorilla_gorilla,Varecia_variegata,same-order,8,2,1,905,180,725,16375,76.59537370684644,0.9406852248394004,0.816846411305318,0.8744028662420382,13179,2955,831
Gorilla_gorilla,Varecia_variegata,same-order,8,2,2,905,363,542,16400,80.58320237471625,0.9466019417475728,0.8554745427582798,0.8987341772151899,13845,2339,781
Gorilla_gorilla,Varecia_variegata,same-order,8,2,3,905,463,442,16398,82.80885780885781,0.9491049959925194,0.8769980867740542,0.9116279069767442,14210,1993,762
Gorilla_gorilla,Varecia_variegata,same-order,8,2,4,905,510,395,16407,84.26298303899283,0.9506806076149141,0.891581868640148,0.920183311055948,14457,1758,750
Gorilla_gorilla,Varecia_variegata,same-order,8,2,5,905,556,349,16412,85.4551816644311,0.9522355081881986,0.902834257547751,0.9268770953254475,14653,1577,735
Gorilla_gorilla,Varecia_variegata,same-order,8,2,6,905,594,311,16420,86.3591298769464,0.9532024460894754,0.9119349673605124,0.932112170710981,14808,1430,727
Saimiri_boliviensis,Homo_sapiens,same-order,1,0,1,111,39,72,16479,74.44631750276115,0.946493237750351,0.8082675923004102,0.8719362745098039,12807,3038,724
Saimiri_boliviensis,Homo_sapiens,same-order,1,0,2,111,49,62,16478,75.177304964539,0.9469830111306385,0.8161565162511834,0.8767160435239483,12932,2913,724
Saimiri_boliviensis,Homo_sapiens,same-order,1,0,3,111,51,60,16478,75.35751656784095,0.9471030905238548,0.8181129693909751,0.8778951645672491,12963,2882,724
Saimiri_boliviensis,Homo_sapiens,same-order,1,0,4,111,51,60,16478,75.35751656784095,0.9471030905238548,0.8181129693909751,0.8778951645672491,12963,2882,724
Saimiri_boliviensis,Homo_sapiens,same-order,1,1,1,111,34,77,16465,74.20348837209302,0.9455474885168174,0.806050271567513,0.8702441020046365,12763,3071,735
Saimiri_boliviensis,Homo_sapiens,same-order,1,1,2,111,43,68,16468,74.83574626431769,0.9462579032495221,0.8126657406238161,0.8743885869565217,12871,2967,731
Saimiri_boliviensis,Homo_sapiens,same-order,1,1,3,111,43,68,16468,74.83574626431769,0.9462579032495221,0.8126657406238161,0.8743885869565217,12871,2967,731
Saimiri_boliviensis,Homo_sapiens,same-order,1,2,1,111,35,76,16476,74.47389838390885,0.9463692103124769,0.8086221043994193,0.8720898570456094,12811,3032,726
Saimiri_boliviensis,Homo_sapiens,same-order,1,2,2,111,45,66,16480,75.36341435050588,0.9475107829519702,0.8176771181628919,0.8778191669488655,12961,2890,718
Saimiri_boliviensis,Homo_sapiens,same-order,1,2,3,111,47,64,16480,75.49715083149204,0.9475988906728945,0.819128130717305,0.878692518526038,12984,2867,718
Saimiri_boliviensis,Homo_sapiens,same-order,1,2,4,111,48,63,16481,75.56834699691842,0.9476485599708349,0.8199482682480601,0.8791855509707096,12997,2854,718
Saimiri_boliviensis,Homo_sapiens,same-order,1,2,5,111,49,62,16480,75.6308873124782,0.9476867030965391,0.8205791432717179,0.879564511766297,13007,2844,718
Saimiri_boliviensis,Homo_sapiens,same-order,1,2,6,111,49,62,16480,75.6308873124782,0.9476867030965391,0.8205791432717179,0.879564511766297,13007,2844,718
Saimiri_boliviensis,Homo_sapiens,same-order,2,0,1,221,67,154,16466,76.31211451181194,0.9479580773400795,0.8274970029654868,0.8836410187306294,13115,2734,720
Saimiri_boliviensis,Homo_sapiens,same-order,2,0,2,221,102,119,16469,78.21303841676368,0.9497455470737913,0.8473325766174802,0.8956208758248352,13437,2421,711
Saimiri_boliviensis,Homo_sapiens,same-order,2,0,3,221,107,114,16469,78.54481955762515,0.9499472016895459,0.8509269769201665,0.8977147989222632,13494,2364,711
Saimiri_boliviensis,Homo_sapiens,same-order,2,0,4,221,112,109,16469,78.84962449787507,0.9503227617176536,0.8539184162410945,0.8995450469896722,13544,2317,708
Saimiri_boliviensis,Homo_sapiens,same-order,2,0,5,221,115,106,16469,78.97770274203877,0.9503993274485077,0.8553054662379421,0.9003484320557491,13566,2295,708
Saimiri_boliviensis,Homo_sapiens,same-order,2,0,6,221,116,105,16469,79.08249403271817,0.9504617968094039,0.856440325326272,0.9010048751368024,13584,2277,708
Saimiri_boliviensis,Homo_sapiens,same-order,2,1,1,221,61,160,16464,76.07329842931937,0.947402738535101,0.8254118538155653,0.8822100789313905,13077,2766,726
Saimiri_boliviensis,Homo_sapiens,same-order,2,1,2,221,99,122,16471,78.20848611838659,0.9498126811338092,0.8472791474872312,0.895620875824835,13437,2422,710
Saimiri_boliviensis,Homo_sapiens,same-order,2,1,3,221,111,110,16480,79.13731881948891,0.9510983629494894,0.8566477630749842,0.9014056491181541,13595,2275,699
Saimiri_boliviensis,Homo_sapiens,same-order,2,1,4,221,118,103,16481,79.48538828734428,0.9514319559612571,0.8602570564516129,0.9035502762796546,13654,2218,697
Saimiri_boliviensis,Homo_sapiens,same-order,2,1,5,221,118,103,16481,79.48538828734428,0.9514319559612571,0.8602570564516129,0.9035502762796546,13654,2218,697
Saimiri_boliviensis,Homo_sapiens,same-order,2,2,1,221,64,157,16472,75.44777855315189,0.9471455686961601,0.8188071946986432,0.8783129675388417,12974,2871,724
Saimiri_boliviensis,Homo_sapiens,same-order,2,2,2,221,86,135,16474,76.88056315085228,0.9486719310839914,0.8335435852150876,0.887389202256245,13215,2639,715
Saimiri_boliviensis,Homo_sapiens,same-order,2,2,3,221,98,123,16474,77.64329356997382,0.9494094208054646,0.8414049691007693,0.8921503075688686,13343,2515,711
Saimiri_boliviensis,Homo_sapiens,same-order,2,2,4,221,102,119,16474,77.74803607797497,0.9494741330301307,0.842540042880565,0.8928165720013366,13361,2497,711
Saimiri_boliviensis,Homo_sapiens,same-order,2,2,5,221,103,118,16474,77.90000582038299,0.949826130153999,0.8437775816416593,0.8936667445664874,13384,2478,707
Saimiri_boliviensis,Homo_sapiens,same-order,2,2,6,221,103,118,16474,77.90000582038299,0.949826130153999,0.8437775816416593,0.8936667445664874,13384,2478,707
Saimiri_boliviensis,Homo_sapiens,same-order,3,0,1,332,99,233,16478,76.62420752631886,0.9485204118367053,0.8309574870695092,0.8858554954106849,13174,2680,715
Saimiri_boliviensis,Homo_sapiens,same-order,3,0,2,332,148,184,16483,79.21299260725304,0.9513422818791947,0.8573048573048573,0.9018789144050104,13608,2265,696
Saimiri_boliviensis,Homo_sapiens,same-order,3,0,3,332,173,159,16488,80.55215795911235,0.953070084763283,0.8704682779456193,0.9098983519194711,13830,2058,681
Saimiri_boliviensis,Homo_sapiens,same-order,3,0,4,332,185,147,16487,81.05778191985088,0.9533465780639857,0.8758811681772407,0.9129735935706084,13916,1972,681
Saimiri_boliviensis,Homo_sapiens,same-order,3,0,5,332,193,139,16491,81.24781544914366,0.9538366844480919,0.8775009437523594,0.9140778607943374,13947,1947,675
Saimiri_boliviensis,Homo_sapiens,same-order,3,0,6,332,194,138,16491,81.24781544914366,0.9538366844480919,0.8775009437523594,0.9140778607943374,13947,1947,675
Saimiri_boliviensis,Homo_sapiens,same-order,3,1,1,332,104,228,16466,77.23728616315606,0.9485493783049879,0.8375291816518392,0.8895888483061355,13274,2575,720
Saimiri_boliviensis,Homo_sapiens,same-order,3,1,2,332,161,171,16468,79.9056713636893,0.9510707602744473,0.8650948748660404,0.9060478013997095,13723,2140,706
Saimiri_boliviensis,Homo_sapiens,same-order,3,1,3,332,186,146,16471,81.09713487071977,0.9520749299241129,0.877615326443156,0.9133300541072306,13926,1942,701
Saimiri_boliviensis,Homo_sapiens,same-order,3,1,4,332,192,140,16472,81.38139887018811,0.9523614802698834,0.8805293005671078,0.9150378155387487,13974,1896,699
Saimiri_boliviensis,Homo_sapiens,same-order,3,1,5,332,195,137,16472,81.55503785672686,0.9525202367185905,0.8823010522336336,0.9160669894020673,14003,1868,698
Saimiri_boliviensis,Homo_sapiens,same-order,3,1,6,332,196,136,16472,81.65404775771695,0.9525750781356163,0.88337218826791,0.9166693909575336,14020,1851,698
Saimiri_boliviensis,Homo_sapiens,same-order,3,2,1,332,98,234,16461,76.4866752007448,0.9477289113193944,0.8296516031305226,0.8847681227704114,13145,2699,725
Saimiri_boliviensis,Homo_sapiens,same-order,3,2,2,332,158,174,16478,79.51449528466644,0.951250087053416,0.8607347658957716,0.9037316395394998,13659,2210,700
Saimiri_boliviensis,Homo_sapiens,same-order,3,2,3,332,182,150,16474,80.57771824587968,0.9520401844078993,0.8717237903225806,0.9101134681795757,13836,2036,697
Saimiri_boliviensis,Homo_sapiens,same-order,3,2,4,332,193,139,16482,81.29877693651719,0.9530279238069229,0.8789748756375543,0.9145047169811321,13959,1922,688
Saimiri_boliviensis,Homo_sapiens,same-order,3,2,5,332,203,129,16481,81.57143689207292,0.9531749812836044,0.8818714186764057,0.916137894943416,14005,1876,688
Saimiri_boliviensis,Homo_sapiens,same-order,3,2,6,332,207,125,16482,81.81023938493797,0.9533699857462838,0.8843974310540235,0.9175894169524743,14046,1836,687
Saimiri_boliviensis,Homo_sapiens,same-order,4,0,1,442,124,318,16484,77.87667248400233,0.9499042077627191,0.8439135094244469,0.893777540392576,13387,2476,706
Saimiri_boliviensis,Homo_sapiens,same-order,4,0,2,442,241,201,16480,81.59841556474632,0.9532494045593739,0.882004785291525,0.9162442358635575,14008,1874,687
Saimiri_boliviensis,Homo_sapiens,same-order,4,0,3,442,281,161,16486,83.37023656916443,0.9548852108916177,0.9002705593657585,0.9267739741555202,14308,1585,676
Saimiri_boliviensis,Homo_sapiens,same-order,4,0,4,442,304,138,16489,84.32892359694621,0.9557463672391017,0.9101201333417196,0.9323753986919682,14470,1429,670
Saimiri_boliviensis,Homo_sapiens,same-order,4,0,5,442,311,131,16488,84.60193495745425,0.9558804161727907,0.9130133970689981,0.9339552838989866,14516,1383,670
Saimiri_boliviensis,Homo_sapiens,same-order,4,0,6,442,317,125,16487,84.77006469662528,0.9559616143026161,0.9147745141203849,0.9349146658952849,14544,1355,670
Saimiri_boliviensis,Homo_sapiens,same-order,4,1,1,442,145,297,16472,78.33401245706968,0.9500847218299915,0.8483797755642416,0.8963564910410978,13457,2405,707
Saimiri_boliviensis,Homo_sapiens,same-order,4,1,2,442,244,198,16483,81.7710457325954,0.953662182361734,0.8834896456222069,0.917235745793171,14036,1851,682
Saimiri_boliviensis,Homo_sapiens,same-order,4,1,3,442,282,160,16477,83.43146971375269,0.9548942416761192,0.9004593217139621,0.926878238341969,14311,1582,676
Saimiri_boliviensis,Homo_sapiens,same-order,4,1,4,442,308,134,16480,84.27896670359787,0.9557598201296125,0.9089937106918239,0.9317903423376958,14453,1447,669
Saimiri_boliviensis,Homo_sapiens,same-order,4,1,5,442,315,127,16485,84.63152985074628,0.9560692880194955,0.9128411520563451,0.9339552838989866,14516,1386,667
Saimiri_boliviensis,Homo_sapiens,same-order,4,1,6,442,318,124,16482,84.87375357163683,0.9561818420706871,0.9152936737517293,0.935291093689757,14555,1347,667
Saimiri_boliviensis,Homo_sapiens,same-order,4,2,1,442,146,296,16478,77.47732030704815,0.9488640410227192,0.8405147940193047,0.8914090726615816,13323,2528,718
Saimiri_boliviensis,Homo_sapiens,same-order,4,2,2,442,236,206,16468,80.3737773637634,0.9512161510370013,0.8703738730218775,0.9090011193784157,13805,2056,708
Saimiri_boliviensis,Homo_sapiens,same-order,4,2,3,442,267,175,16476,81.45776328811783,0.9522902062206493,0.8817746407864885,0.9156768430352409,13992,1876,701
Saimiri_boliviensis,Homo_sapiens,same-order,4,2,4,442,277,165,16474,82.0844250363901,0.952631934590175,0.8884547517015376,0.9194247888609907,14098,1770,701
Saimiri_boliviensis,Homo_sapiens,same-order,4,2,5,442,288,154,16474,82.69656377402445,0.9532729103726083,0.8945378945378946,0.9229719188767551,14199,1674,696
Saimiri_boliviensis,Homo_sapiens,same-order,4,2,6,442,292,150,16474,82.97612114152592,0.9534230074282273,0.8975618975618975,0.9246495327102804,14247,1626,696
Saimiri_boliviensis,Homo_sapiens,same-order,5,0,1,553,169,384,16473,78.08808983534067,0.9494870887866996,0.8464837590665405,0.8950316772257418,13421,2434,714
Saimiri_boliviensis,Homo_sapiens,same-order,5,0,2,553,270,283,16469,80.71636575422248,0.9518543956043956,0.8733929921855307,0.9109372945970817,13859,2009,701
Saimiri_boliviensis,Homo_sapiens,same-order,5,0,3,553,314,239,16476,82.3495134316182,0.9537693190254437,0.8897003273734576,0.9206214781277483,14132,1752,685
Saimiri_boliviensis,Homo_sapiens,same-order,5,0,4,553,332,221,16477,83.04195804195804,0.9542623719279448,0.897016240715095,0.9247542100652194,14250,1636,683
Saimiri_boliviensis,Homo_sapiens,same-order,5,0,5,553,345,208,16479,83.83278917910448,0.9552883337762423,0.9045671867136387,0.9292361380379992,14379,1517,673
Saimiri_boliviensis,Homo_sapiens,same-order,5,0,6,553,356,197,16479,84.36242784677279,0.955617198335645,0.9101717305151915,0.93234100135318,14469,1428,672
Saimiri_boliviensis,Homo_sapiens,same-order,5,1,1,553,163,390,16473,78.36155233606796,0.9496544916090819,0.8494481236203091,0.8967606618503845,13468,2387,714
Saimiri_boliviensis,Homo_sapiens,same-order,5,1,2,553,288,265,16481,81.58140076914113,0.9536166734777278,0.8812311178247734,0.9159960745829244,14001,1887,681
Saimiri_boliviensis,Homo_sapiens,same-order,5,1,3,553,343,210,16490,83.18568597738664,0.9552908105213841,0.8976165021067858,0.9255560599182933,14273,1628,668
Saimiri_boliviensis,Homo_sapiens,same-order,5,1,4,553,360,193,16494,83.86081482776709,0.9559497707793502,0.9045643153526971,0.9295474367671286,14388,1518,663
Saimiri_boliviensis,Homo_sapiens,same-order,5,1,5,553,374,179,16490,84.3117821955343,0.9561652892561984,0.9092166478058594,0.9321001579066095,14462,1444,663
Saimiri_boliviensis,Homo_sapiens,same-order,5,1,6,553,381,172,16490,84.85714285714286,0.9566160520607375,0.9147652272298699,0.9352226720647773,14553,1356,660
Saimiri_boliviensis,Homo_sapiens,same-order,5,2,1,553,163,390,16464,78.03585982070089,0.9494298463063956,0.8454746136865342,0.8944418496029892,13405,2450,714
Saimiri_boliviensis,Homo_sapiens,same-order,5,2,2,553,288,265,16472,81.81182639091173,0.9529723127035831,0.8845427059712774,0.9174833398667189,14043,1833,693
Saimiri_boliviensis,Homo_sapiens,same-order,5,2,3,553,350,203,16480,83.71889750014567,0.9547448165869219,0.9042673716012085,0.928820791311094,14367,1521,681
Saimiri_boliviensis,Homo_sapiens,same-order,5,2,4,553,375,178,16483,84.43071903041603,0.95523765574527,0.9118942731277533,0.9330628803245437,14490,1400,679
Saimiri_boliviensis,Homo_sapiens,same-order,5,2,5,553,383,170,16481,84.81351981351982,0.955425720475284,0.915921963499056,0.9352568839764804,14554,1336,679
Saimiri_boliviensis,Homo_sapiens,same-order,5,2,6,553,395,158,16481,85.24800373025587,0.9558227682655862,0.9202793682753413,0.9377143773040552,14626,1267,676
Saimiri_boliviensis,Homo_sapiens,same-order,6,0,1,663,210,453,16478,78.4645829695594,0.9504371122391427,0.8496785579226018,0.8972379367720467,13481,2385,703
Saimiri_boliviensis,Homo_sapiens,same-order,6,0,2,663,369,294,16483,82.33923578751165,0.9537817961001281,0.8899521531100478,0.92076209086468,14136,1748,685
Saimiri_boliviensis,Homo_sapiens,same-order,6,0,3,663,425,238,16486,84.2405874810584,0.9555731852439509,0.9092281562558974,0.9318247751668117,14454,1443,672
Saimiri_boliviensis,Homo_sapiens,same-order,6,0,4,663,455,208,16490,85.06792606845082,0.9566585797652613,0.9171486044757354,0.9364870502904458,14590,1318,661
Saimiri_boliviensis,Homo_sapiens,same-order,6,0,5,663,473,190,16488,85.74177746675997,0.9570396406951768,0.9241938525363002,0.9403300076745971,14703,1206,660
Saimiri_boliviensis,Homo_sapiens,same-order,6,0,6,663,493,170,16487,86.31247448533271,0.9573091849935317,0.9302910302344585,0.9436067455130862,14800,1109,660
Saimiri_boliviensis,Homo_sapiens,same-order,6,1,1,663,195,468,16475,78.30210636564645,0.9498164878599661,0.848593769706142,0.8963564910410977,13457,2401,711
Saimiri_boliviensis,Homo_sapiens,same-order,6,1,2,663,347,316,16482,81.9389419715684,0.9537501695375017,0.8852520929061497,0.9182254431495446,14064,1823,682
Saimiri_boliviensis,Homo_sapiens,same-order,6,1,3,663,421,242,16486,84.16695814387315,0.9557791605984377,0.9079932079743412,0.931273583384397,14438,1463,668
Saimiri_boliviensis,Homo_sapiens,same-order,6,1,4,663,451,212,16487,85.1977137524787,0.9568350036025415,0.9181646763042112,0.9371010680950701,14608,1302,659
Saimiri_boliviensis,Homo_sapiens,same-order,6,1,5,663,469,194,16488,85.81345155457038,0.957373421840427,0.9244061832348875,0.9406010230179028,14711,1203,655
Saimiri_boliviensis,Homo_sapiens,same-order,6,1,6,663,478,185,16487,86.04596896511492,0.9574813372281726,0.9268568555988438,0.9419202401098374,14750,1164,655
Saimiri_boliviensis,Homo_sapiens,same-order,6,2,1,663,212,451,16471,78.51114603340899,0.9499964786252553,0.8505580427517498,0.8975314392175128,13489,2370,710
Saimiri_boliviensis,Homo_sapiens,same-order,6,2,2,663,372,291,16470,82.35534059786725,0.9533864004317323,0.8900995087542511,0.920656634746922,14133,1745,691
Saimiri_boliviensis,Homo_sapiens,same-order,6,2,3,663,437,226,16482,84.0,0.9556852859227809,0.9059807559273002,0.9301694915254236,14406,1495,668
Saimiri_boliviensis,Homo_sapiens,same-order,6,2,4,663,462,201,16478,84.71363583343054,0.9560323833344303,0.9134645619772341,0.9342638451148132,14525,1376,668
Saimiri_boliviensis,Homo_sapiens,same-order,6,2,5,663,475,188,16477,85.03937007874016,0.9561909758656874,0.916923463933086,0.9361456226524126,14580,1321,668
Saimiri_boliviensis,Homo_sapiens,same-order,6,2,6,663,482,181,16478,85.52347623213765,0.9564905414220483,0.9220852722927934,0.9389728483606556,14663,1239,667
Saimiri_boliviensis,Homo_sapiens,same-order,7,0,1,774,233,541,16476,78.5090782122905,0.9501373336150433,0.8505768867032344,0.8976047904191617,13491,2370,708
Saimiri_boliviensis,Homo_sapiens,same-order,7,0,2,774,411,363,16479,82.10520184074096,0.9534600554691199,0.8875385681002456,0.9193190712235848,14095,1786,688
Saimiri_boliviensis,Homo_sapiens,same-order,7,0,3,774,470,304,16481,83.6946386946387,0.9548567249517984,0.9038388923851479,0.928647635058679,14362,1528,679
Saimiri_boliviensis,Homo_sapiens,same-order,7,0,4,774,508,266,16483,84.49833848306419,0.955816407280401,0.9116296622429083,0.9332002704181824,14494,1405,670
Saimiri_boliviensis,Homo_sapiens,same-order,7,0,5,774,530,244,16487,85.03790087463557,0.9565160359414967,0.9168867094178298,0.9362822200109139,14584,1322,663
Saimiri_boliviensis,Homo_sapiens,same-order,7,0,6,774,550,224,16486,85.50268252857477,0.9567997911772383,0.9217325705664173,0.9389388748359002,14662,1245,662
Saimiri_boliviensis,Homo_sapiens,same-order,7,1,1,774,238,536,16474,78.75101850774065,0.9502774071212866,0.8530987957884119,0.8990697674418605,13531,2330,708
Saimiri_boliviensis,Homo_sapiens,same-order,7,1,2,774,415,359,16479,82.35739672551419,0.953843039341386,0.8898331759521562,0.9207269411151641,14135,1750,684
Saimiri_boliviensis,Homo_sapiens,same-order,7,1,3,774,485,289,16479,84.1727876880028,0.9553394204049226,0.9084560211400529,0.9313080495356039,14439,1455,675
Saimiri_boliviensis,Homo_sapiens,same-order,7,1,4,774,524,250,16480,84.9122602460211,0.9558340989631186,0.9162682435832914,0.9356330699556755,14565,1331,673
Saimiri_boliviensis,Homo_sapiens,same-order,7,1,5,774,540,234,16482,85.63181526619628,0.9565528921313184,0.9234687460696768,0.9397197158763678,14685,1217,667
Saimiri_boliviensis,Homo_sapiens,same-order,7,1,6,774,556,218,16477,86.14173228346456,0.9567273433957375,0.9288095088359223,0.9425617461229179,14769,1132,668
Saimiri_boliviensis,Homo_sapiens,same-order,7,2,1,774,245,529,16476,79.1758817367012,0.9506638714185884,0.8575931412721427,0.901733337752295,13604,2259,706
Saimiri_boliviensis,Homo_sapiens,same-order,7,2,2,774,441,333,16476,83.01468873863371,0.9544297011124514,0.8963433822141104,0.9244750251533542,14242,1647,680
Saimiri_boliviensis,Homo_sapiens,same-order,7,2,3,774,522,252,16487,85.06444275966642,0.9567099567099567,0.9168395247972846,0.936350505536832,14586,1323,660
Saimiri_boliviensis,Homo_sapiens,same-order,7,2,4,774,558,216,16486,85.75678040244969,0.9571019398515819,0.9241357636706474,0.9403300076745971,14703,1207,659
Saimiri_boliviensis,Homo_sapiens,same-order,7,2,5,774,573,201,16484,86.34029641731824,0.9576726425474079,0.9297518064718818,0.9435057068162979,14797,1118,654
Saimiri_boliviensis,Homo_sapiens,same-order,7,2,6,774,591,183,16483,86.73630156970299,0.9578553937363062,0.933961671379202,0.9457576432411797,14864,1051,654
Saimiri_boliviensis,Homo_sapiens,same-order,8,0,1,884,260,624,16470,79.26176059618072,0.9506983240223463,0.8582235390531425,0.9020972070370739,13614,2249,706
Saimiri_boliviensis,Homo_sapiens,same-order,8,0,2,884,492,392,16482,82.50203938934857,0.9541748096232899,0.8911196425199823,0.9215699036709191,14159,1730,680
Saimiri_boliviensis,Homo_sapiens,same-order,8,0,3,884,557,327,16477,84.62121653933633,0.955862977602108,0.9126360148437008,0.9337494771389041,14510,1389,670
Saimiri_boliviensis,Homo_sapiens,same-order,8,0,4,884,607,277,16478,85.67845058919613,0.9567454888932317,0.9234203080792204,0.9397875607883287,14687,1218,664
Saimiri_boliviensis,Homo_sapiens,same-order,8,0,5,884,631,253,16481,86.56124175760051,0.9576500968366688,0.9321938038082072,0.9447505015444384,14834,1079,656
Saimiri_boliviensis,Homo_sapiens,same-order,8,0,6,884,668,216,16480,87.2818537325629,0.9581598000897034,0.9395576778084946,0.9487675665387177,14954,962,653
Saimiri_boliviensis,Homo_sapiens,same-order,8,1,1,884,264,620,16474,79.11429236499069,0.9503670045438658,0.8572419446371146,0.901405649118154,13595,2264,710
Saimiri_boliviensis,Homo_sapiens,same-order,8,1,2,884,479,405,16478,83.27893693903718,0.9545727837530897,0.8993014034866889,0.9261131635232355,14289,1600,680
Saimiri_boliviensis,Homo_sapiens,same-order,8,1,3,884,573,311,16485,85.28777188174237,0.9565729234793983,0.9195850361521534,0.9377143773040552,14626,1279,664
Saimiri_boliviensis,Homo_sapiens,same-order,8,1,4,884,631,253,16486,86.10009332711152,0.9573253777806602,0.9277229589592106,0.9422917331631023,14761,1150,658
Saimiri_boliviensis,Homo_sapiens,same-order,8,1,5,884,653,231,16487,86.68689107986698,0.9578418100947592,0.9336475023562677,0.9455899198167239,14859,1056,654
Saimiri_boliviensis,Homo_sapiens,same-order,8,1,6,884,672,212,16488,87.11277055014293,0.9581007378889959,0.9381754209600403,0.948033395765214,14932,984,653
Saimiri_boliviensis,Homo_sapiens,same-order,8,2,1,884,277,607,16477,79.0478407635898,0.950654441100301,0.8561522945032779,0.9009319757221983,13582,2282,705
Saimiri_boliviensis,Homo_sapiens,same-order,8,2,2,884,495,389,16483,82.47873208250786,0.9542267763246596,0.8908118313404657,0.9214295013670095,14155,1735,679
Saimiri_boliviensis,Homo_sapiens,same-order,8,2,3,884,564,320,16484,84.08441672010727,0.9556718791412669,0.9071069182389937,0.9307563242127002,14423,1477,669
Saimiri_boliviensis,Homo_sapiens,same-order,8,2,4,884,599,285,16482,84.93789725348417,0.9562134838836736,0.915985410640171,0.9356672555002409,14566,1336,667
Saimiri_boliviensis,Homo_sapiens,same-order,8,2,5,884,635,249,16486,85.81345155457038,0.9572488287350338,0.9245223730517849,0.9406010230179028,14711,1201,657
Saimiri_boliviensis,Homo_sapiens,same-order,8,2,6,884,658,226,16487,86.47261272822726,0.9576227390180878,0.9315653867906742,0.9444143598891472,14824,1089,656
Saimiri_boliviensis,Gorilla_gorilla,same-order,1,0,1,110,35,75,16470,77.54844903101937,0.9849870446578266,0.7994680522051092,0.88258390522039,12925,3242,197
Saimiri_boliviensis,Gorilla_gorilla,same-order,1,0,2,110,41,69,16470,78.10981098109811,0.9852406902815622,0.8050590636402993,0.8860828426534155,13017,3152,195
Saimiri_boliviensis,Gorilla_gorilla,same-order,1,0,3,110,42,68,16470,78.25982598259826,0.9852685653849059,0.8066052322345229,0.8870298578521391,13042,3127,195
Saimiri_boliviensis,Gorilla_gorilla,same-order,1,0,4,110,43,67,16469,78.34853576572252,0.9852841294996604,0.8074710866472881,0.8875594833446636,13056,3113,195
Saimiri_boliviensis,Gorilla_gorilla,same-order,1,0,5,110,43,67,16469,78.34853576572252,0.9852841294996604,0.8074710866472881,0.8875594833446636,13056,3113,195
Saimiri_boliviensis,Gorilla_gorilla,same-order,1,1,1,110,35,75,16469,78.27834433113377,0.9848301886792453,0.8073377467054383,0.8872947336211879,13049,3114,201
Saimiri_boliviensis,Gorilla_gorilla,same-order,1,1,2,110,48,62,16467,79.11441771164577,0.9850590168833109,0.815763424894828,0.8924534686971235,13186,2978,200
Saimiri_boliviensis,Gorilla_gorilla,same-order,1,1,3,110,48,62,16467,79.11441771164577,0.9850590168833109,0.815763424894828,0.8924534686971235,13186,2978,200
Saimiri_boliviensis,Gorilla_gorilla,same-order,1,2,1,110,31,79,16462,77.64508191802196,0.9847020321181216,0.8004702097382912,0.8830796532659886,12938,3225,201
Saimiri_boliviensis,Gorilla_gorilla,same-order,1,2,2,110,37,73,16461,78.09386628255912,0.9847877090743964,0.8050485677163893,0.8858932461873639,13012,3151,201
Saimiri_boliviensis,Gorilla_gorilla,same-order,1,2,3,110,39,71,16461,78.2185943220695,0.9848851269649335,0.8062360801781737,0.8866512450673562,13032,3132,200
Saimiri_boliviensis,Gorilla_gorilla,same-order,1,2,4,110,39,71,16461,78.2185943220695,0.9848851269649335,0.8062360801781737,0.8866512450673562,13032,3132,200
Saimiri_boliviensis,Gorilla_gorilla,same-order,2,0,1,219,60,159,16471,79.08065290446471,0.9855657766808765,0.8149155896357677,0.8921535441066956,13178,2993,193
Saimiri_boliviensis,Gorilla_gorilla,same-order,2,0,2,219,101,118,16484,81.38096667667367,0.9875409836065574,0.837028345581424,0.9060766093990239,13554,2639,171
Saimiri_boliviensis,Gorilla_gorilla,same-order,2,0,3,219,120,99,16483,82.5042057197789,0.9884114302166559,0.8474973770289452,0.9125465178096758,13732,2471,161
Saimiri_boliviensis,Gorilla_gorilla,same-order,2,0,4,219,131,88,16485,83.26022952592682,0.9887263646093472,0.8550536838208072,0.9170444392971775,13857,2349,158
Saimiri_boliviensis,Gorilla_gorilla,same-order,2,0,5,219,135,84,16485,83.58469026016944,0.9887696353685408,0.8583857830433173,0.9189760528488853,13911,2295,158
Saimiri_boliviensis,Gorilla_gorilla,same-order,2,0,6,219,138,81,16485,83.86108273748724,0.9888062345023025,0.8612242379365667,0.920616074667722,13957,2249,158
Saimiri_boliviensis,Gorilla_gorilla,same-order,2,1,1,219,56,163,16466,78.88955582232893,0.9854540001499588,0.8128014842300556,0.8908394618226183,13143,3027,194
Saimiri_boliviensis,Gorilla_gorilla,same-order,2,1,2,219,84,135,16481,80.41781726497778,0.9869594047005084,0.8275776857972447,0.9002688172043011,13396,2791,177
Saimiri_boliviensis,Gorilla_gorilla,same-order,2,1,3,219,98,121,16472,81.28791974529945,0.9872328007587364,0.835876212242881,0.9052716082419053,13532,2657,175
Saimiri_boliviensis,Gorilla_gorilla,same-order,2,1,4,219,106,113,16473,81.82910707847614,0.9877420758685719,0.8408768138314294,0.9084117136948835,13618,2577,169
Saimiri_boliviensis,Gorilla_gorilla,same-order,2,1,5,219,107,112,16473,81.92524936906622,0.987756284865609,0.8418647730781105,0.9089939329288619,13634,2561,169
Saimiri_boliviensis,Gorilla_gorilla,same-order,2,1,6,219,107,112,16473,81.92524936906622,0.987756284865609,0.8418647730781105,0.9089939329288619,13634,2561,169
Saimiri_boliviensis,Gorilla_gorilla,same-order,2,2,1,219,66,153,16465,79.52935526473766,0.9856409493341269,0.8192443262630635,0.8947723895717952,13248,2923,193
Saimiri_boliviensis,Gorilla_gorilla,same-order,2,2,2,219,97,122,16465,81.4054054054054,0.9865346822912876,0.8377526423141108,0.9060766093990239,13554,2625,185
Saimiri_boliviensis,Gorilla_gorilla,same-order,2,2,3,219,111,108,16474,82.53138703670331,0.9875646923519263,0.8485578407757396,0.9127993887652393,13739,2452,173
Saimiri_boliviensis,Gorilla_gorilla,same-order,2,2,4,219,119,100,16474,82.91481436981857,0.9876914269357377,0.8523962450592886,0.9150699462971558,13802,2390,172
Saimiri_boliviensis,Gorilla_gorilla,same-order,2,2,5,219,120,99,16474,83.00492610837438,0.9877046250625492,0.853322628458498,0.9156091580795865,13817,2375,172
Saimiri_boliviensis,Gorilla_gorilla,same-order,2,2,6,219,120,99,16474,83.00492610837438,0.9877046250625492,0.853322628458498,0.9156091580795865,13817,2375,172
Saimiri_boliviensis,Gorilla_gorilla,same-order,3,0,1,328,106,222,16462,81.2019692603266,0.9858590276259203,0.8364254792826221,0.905015222991736,13525,2645,194
Saimiri_boliviensis,Gorilla_gorilla,same-order,3,0,2,328,175,153,16494,84.80115343025352,0.9893467900196243,0.8707130520602023,0.926246719160105,14116,2096,152
Saimiri_boliviensis,Gorilla_gorilla,same-order,3,0,3,328,201,127,16488,86.01659252134183,0.98989898989899,0.8822296214083117,0.9329681794470527,14308,1910,146
Saimiri_boliviensis,Gorilla_gorilla,same-order,3,0,4,328,215,113,16487,86.73322107288911,0.990317928998146,0.8889847747025827,0.9369193789384785,14422,1801,141
Saimiri_boliviensis,Gorilla_gorilla,same-order,3,0,5,328,223,105,16481,87.12317227269992,0.9905589382226175,0.892333292247011,0.938884025548747,14479,1747,138
Saimiri_boliviensis,Gorilla_gorilla,same-order,3,0,6,328,226,102,16481,87.25555087550394,0.9905731265796844,0.8936891408849994,0.9396403693503969,14501,1725,138
Saimiri_boliviensis,Gorilla_gorilla,same-order,3,1,1,328,116,212,16471,80.93523020589471,0.9862482627459586,0.8335187932739861,0.9034743860354474,13483,2693,188
Saimiri_boliviensis,Gorilla_gorilla,same-order,3,1,2,328,179,149,16463,83.51958663782744,0.9871467121147565,0.8589878267317556,0.9186188666776806,13901,2282,181
Saimiri_boliviensis,Gorilla_gorilla,same-order,3,1,3,328,201,127,16471,84.68890892696123,0.988492843109739,0.8696296296296296,0.9252594246683306,14088,2112,164
Saimiri_boliviensis,Gorilla_gorilla,same-order,3,1,4,328,206,122,16471,84.91133152990682,0.9885226397928476,0.8719135802469136,0.9265636787037949,14125,2075,164
Saimiri_boliviensis,Gorilla_gorilla,same-order,3,1,5,328,213,115,16474,85.24462074768601,0.9885690388234474,0.8754938271604938,0.9286018266932924,14183,2017,164
Saimiri_boliviensis,Gorilla_gorilla,same-order,3,1,6,328,216,112,16472,85.52275596705344,0.9888085638815515,0.8779238412639635,0.9300729020236033,14225,1978,161
Saimiri_boliviensis,Gorilla_gorilla,same-order,3,2,1,328,108,220,16465,80.33023116181327,0.9859974942884516,0.8271917892914554,0.899640251487745,13379,2795,190
Saimiri_boliviensis,Gorilla_gorilla,same-order,3,2,2,328,167,161,16481,83.03088571085206,0.9884827240861291,0.8528050361044252,0.9156450864753827,13818,2385,161
Saimiri_boliviensis,Gorilla_gorilla,same-order,3,2,3,328,182,146,16478,83.42348840004809,0.9886039886039886,0.8565786225623303,0.9178680068773971,13880,2324,160
Saimiri_boliviensis,Gorilla_gorilla,same-order,3,2,4,328,187,141,16479,83.79011900468807,0.9887234042553191,0.8602900339401419,0.9200461969971953,13941,2264,159
Saimiri_boliviensis,Gorilla_gorilla,same-order,3,2,5,328,191,137,16479,84.04255319148936,0.9887568943572338,0.8628818265967294,0.921540844235015,13983,2222,159
Saimiri_boliviensis,Gorilla_gorilla,same-order,3,2,6,328,191,137,16479,84.04255319148936,0.9887568943572338,0.8628818265967294,0.921540844235015,13983,2222,159
Saimiri_boliviensis,Gorilla_gorilla,same-order,4,0,1,437,110,327,16470,80.00360187297395,0.9860895301516833,0.8238748763600395,0.8977131117173553,13327,2849,188
Saimiri_boliviensis,Gorilla_gorilla,same-order,4,0,2,437,187,250,16471,83.46357297427267,0.9882562277580071,0.8571516760293846,0.91804687758273,13885,2314,165
Saimiri_boliviensis,Gorilla_gorilla,same-order,4,0,3,437,241,196,16472,85.63951389724461,0.9895724713242962,0.877944985814728,0.9304225628288505,14235,1979,150
Saimiri_boliviensis,Gorilla_gorilla,same-order,4,0,4,437,263,174,16467,86.72284080650014,0.989833070000687,0.8885668475579674,0.9364702823904072,14409,1807,148
Saimiri_boliviensis,Gorilla_gorilla,same-order,4,0,5,437,274,163,16469,87.22315840154069,0.9899590163934426,0.8936918048960967,0.9393654600252779,14493,1724,147
Saimiri_boliviensis,Gorilla_gorilla,same-order,4,0,6,437,280,157,16466,87.75657617528442,0.9900176558468016,0.8989948819140409,0.9423132857189025,14579,1638,147
Saimiri_boliviensis,Gorilla_gorilla,same-order,4,1,1,437,120,317,16472,80.8343337334934,0.9862321493958257,0.8325296735905044,0.9028862592605009,13467,2709,188
Saimiri_boliviensis,Gorilla_gorilla,same-order,4,1,2,437,210,227,16478,84.70043867556036,0.9885678215738533,0.8700080241960373,0.9255064184641649,14095,2106,163
Saimiri_boliviensis,Gorilla_gorilla,same-order,4,1,3,437,263,174,16481,86.59049909801564,0.989758746305588,0.8880666049953746,0.9361591470549994,14400,1815,149
Saimiri_boliviensis,Gorilla_gorilla,same-order,4,1,4,437,282,155,16481,87.16098382344097,0.9898920912443655,0.8938085841144549,0.9393998314861625,14494,1722,148
Saimiri_boliviensis,Gorilla_gorilla,same-order,4,1,5,437,287,150,16481,87.44362258704673,0.9899244332493703,0.8967069560927479,0.9410127811033813,14541,1675,148
Saimiri_boliviensis,Gorilla_gorilla,same-order,4,1,6,437,289,148,16485,87.66389991579454,0.990418592008698,0.8984158293780435,0.9421765409353889,14575,1648,141
Saimiri_boliviensis,Gorilla_gorilla,same-order,4,2,1,437,141,296,16467,81.56756756756756,0.9867044463818657,0.8393177183116001,0.9070629487393554,13581,2600,183
Saimiri_boliviensis,Gorilla_gorilla,same-order,4,2,2,437,254,183,16482,85.4522492181862,0.9898293277603623,0.8761252928844494,0.9295129689595395,14209,2009,146
Saimiri_boliviensis,Gorilla_gorilla,same-order,4,2,3,437,298,139,16479,87.27808870433893,0.990574414315962,0.8938123998520893,0.9397090744160431,14503,1723,138
Saimiri_boliviensis,Gorilla_gorilla,same-order,4,2,4,437,313,124,16482,87.82645324347094,0.9907677686511438,0.8993714567414346,0.9428599114958494,14595,1633,136
Saimiri_boliviensis,Gorilla_gorilla,same-order,4,2,5,437,318,119,16482,87.97616898357104,0.9908499389995933,0.9007948733748229,0.943678791595391,14619,1610,135
Saimiri_boliviensis,Gorilla_gorilla,same-order,4,2,6,437,320,117,16482,88.12661731961245,0.9908654171459503,0.9023353256516113,0.9445304437564499,14644,1585,135
Saimiri_boliviensis,Gorilla_gorilla,same-order,5,0,1,546,163,383,16461,81.01585014409221,0.9857549857549858,0.834559960418084,0.903878357559113,13494,2675,195
Saimiri_boliviensis,Gorilla_gorilla,same-order,5,0,2,546,270,276,16477,84.52846065997475,0.9887506152007313,0.8678721303381881,0.9243763762447826,14063,2141,160
Saimiri_boliviensis,Gorilla_gorilla,same-order,5,0,3,546,331,215,16479,85.95140726485447,0.9896821549754172,0.8814061054579093,0.93241127348643,14292,1923,149
Saimiri_boliviensis,Gorilla_gorilla,same-order,5,0,4,546,342,204,16479,86.31059785877541,0.9898599710284887,0.8848738977616082,0.9344272969981117,14350,1867,147
Saimiri_boliviensis,Gorilla_gorilla,same-order,5,0,5,546,346,200,16479,86.50063165493593,0.9900846932451973,0.886498150431566,0.935432456168884,14379,1841,144
Saimiri_boliviensis,Gorilla_gorilla,same-order,5,0,6,546,352,194,16479,86.70516753895205,0.9901078518925602,0.8885943279901356,0.936608506352146,14413,1807,144
Saimiri_boliviensis,Gorilla_gorilla,same-order,5,2,1,546,152,394,16465,81.94594594594595,0.9866223154241087,0.8433154088633413,0.9093575046654225,13644,2535,185
Saimiri_boliviensis,Gorilla_gorilla,same-order,5,2,2,546,256,290,16479,85.17137702946482,0.9894516241704506,0.8736199346203664,0.9279350104821804,14164,2049,151
Saimiri_boliviensis,Gorilla_gorilla,same-order,5,2,3,546,313,233,16473,86.80948369238176,0.9900487269233409,0.8894506443060608,0.9370574861968172,14426,1793,145
Saimiri_boliviensis,Gorilla_gorilla,same-order,5,2,4,546,342,204,16476,87.517303641288,0.9905313351498638,0.8962095531587057,0.9410127811033813,14541,1684,139
Saimiri_boliviensis,Gorilla_gorilla,same-order,5,2,5,546,350,196,16479,87.8483298224496,0.9907683953298941,0.8994330786295293,0.9428940568475451,14596,1632,136
Saimiri_boliviensis,Gorilla_gorilla,same-order,5,2,6,546,353,193,16479,88.16589417925721,0.9909343075569989,0.9024645717806531,0.9446325497404147,14647,1583,134
Saimiri_boliviensis,Gorilla_gorilla,same-order,5,1,1,546,154,392,16471,80.74683316323468,0.9863596362569669,0.8313759426381506,0.9022606829006506,13450,2728,186
Saimiri_boliviensis,Gorilla_gorilla,same-order,5,1,2,546,260,286,16469,84.00336518238086,0.9878453819518055,0.8633275691699605,0.9213986751474805,13979,2213,172
Saimiri_boliviensis,Gorilla_gorilla,same-order,5,1,3,546,313,233,16468,86.17910627292957,0.9890254003313087,0.8842332613390929,0.9336982373831167,14329,1876,159
Saimiri_boliviensis,Gorilla_gorilla,same-order,5,1,4,546,343,203,16467,87.11637982910098,0.9896773311457479,0.892925430210325,0.9388152135144776,14477,1736,151
Saimiri_boliviensis,Gorilla_gorilla,same-order,5,1,5,546,353,193,16467,87.52633796881584,0.9901927399032895,0.8963625154130703,0.9409442448953177,14539,1681,144
Saimiri_boliviensis,Gorilla_gorilla,same-order,5,1,6,546,358,188,16468,87.99590632713263,0.9903116531165311,0.9011158374946058,0.943610600045189,14617,1604,143
Saimiri_boliviensis,Gorilla_gorilla,same-order,6,0,1,655,184,471,16465,81.62223823246877,0.9861453648629044,0.8405985284115501,0.9075736840348476,13595,2578,191
Saimiri_boliviensis,Gorilla_gorilla,same-order,6,0,2,655,323,332,16479,85.21524771524771,0.9893201172693006,0.8742828943310098,0.9282509742279857,14173,2038,153
Saimiri_boliviensis,Gorilla_gorilla,same-order,6,0,3,655,388,267,16480,87.5300769971126,0.9902007485539299,0.8971023427866831,0.9413553291282549,14551,1669,144
Saimiri_boliviensis,Gorilla_gorilla,same-order,6,0,4,655,432,223,16479,88.70899789346976,0.9908571428571429,0.9082450086270644,0.947754235925795,14739,1489,136
Saimiri_boliviensis,Gorilla_gorilla,same-order,6,0,5,655,457,198,16481,89.69773603082852,0.9915468583599574,0.9174724394900535,0.9530725184734973,14897,1340,127
Saimiri_boliviensis,Gorilla_gorilla,same-order,6,0,6,655,478,177,16479,90.46500421635947,0.9918768986923788,0.9247583276891816,0.9571424019373546,15019,1222,123
Saimiri_boliviensis,Gorilla_gorilla,same-order,6,1,1,655,192,463,16464,81.78925247673371,0.9861724462462897,0.8422679774933531,0.9085573267524845,13622,2551,191
Saimiri_boliviensis,Gorilla_gorilla,same-order,6,1,2,655,338,317,16491,85.91176824137517,0.9898206495395055,0.881420731331319,0.9324809185204515,14294,1923,147
Saimiri_boliviensis,Gorilla_gorilla,same-order,6,1,3,655,411,244,16475,87.57973281983392,0.9902701231543852,0.8972319832316134,0.9414580503266705,14554,1667,143
Saimiri_boliviensis,Gorilla_gorilla,same-order,6,1,4,655,448,207,16482,88.47959552184905,0.9911003236245954,0.9056185312962051,0.9464331702292043,14700,1532,132
Saimiri_boliviensis,Gorilla_gorilla,same-order,6,1,5,655,461,194,16475,89.21539110013849,0.9911693872089912,0.9127649088220798,0.9503527902501604,14816,1416,132
Saimiri_boliviensis,Gorilla_gorilla,same-order,6,1,6,655,484,171,16477,89.76690959465157,0.9916167664670659,0.9178470254957507,0.9533068952283484,14904,1334,126
Saimiri_boliviensis,Gorilla_gorilla,same-order,6,2,1,655,191,464,16467,81.60139356078808,0.9868516635188145,0.8394611629487734,0.9072089218337841,13585,2598,181
Saimiri_boliviensis,Gorilla_gorilla,same-order,6,2,2,655,343,312,16484,85.31850961538461,0.9891311920852783,0.8759254689042448,0.9290926344033245,14197,2011,156
Saimiri_boliviensis,Gorilla_gorilla,same-order,6,2,3,655,402,253,16480,87.03993264373347,0.9898775733533958,0.892513566847558,0.9386775626682233,14473,1743,148
Saimiri_boliviensis,Gorilla_gorilla,same-order,6,2,4,655,429,226,16482,88.01058773987849,0.990454268499086,0.9018060777907908,0.9440536878105439,14630,1593,141
Saimiri_boliviensis,Gorilla_gorilla,same-order,6,2,5,655,448,207,16481,88.86481280847478,0.9910720279250856,0.9096173988047563,0.9485993317913134,14764,1467,133
Saimiri_boliviensis,Gorilla_gorilla,same-order,6,2,6,655,465,190,16476,89.39603781537906,0.9912532549909862,0.9145567670794061,0.9513617430310797,14846,1387,131
Saimiri_boliviensis,Gorilla_gorilla,same-order,7,0,1,764,217,547,16466,82.27065321805956,0.9863240480817678,0.8472239396562384,0.9114976552366382,13703,2471,190
Saimiri_boliviensis,Gorilla_gorilla,same-order,7,0,2,764,420,344,16479,86.4767399927876,0.989069911321922,0.8878741129281086,0.9357440166493236,14388,1817,159
Saimiri_boliviensis,Gorilla_gorilla,same-order,7,0,3,764,502,262,16472,88.13334938019015,0.9901297998918335,0.903070662227155,0.9445985166075459,14646,1572,146
Saimiri_boliviensis,Gorilla_gorilla,same-order,7,0,4,764,540,224,16471,88.93302040079436,0.9902170999731975,0.9112097669256382,0.9490719928071415,14778,1440,146
Saimiri_boliviensis,Gorilla_gorilla,same-order,7,0,5,764,552,212,16474,89.35299428227505,0.9905918462667646,0.9151205079208531,0.9513617430310797,14846,1377,141
Saimiri_boliviensis,Gorilla_gorilla,same-order,7,0,6,764,561,203,16474,89.77847339272815,0.9908317831517406,0.9191421175890546,0.9536415371826843,14914,1312,138
Saimiri_boliviensis,Gorilla_gorilla,same-order,7,1,1,764,221,543,16467,82.04527712724435,0.9865694273954798,0.8445419705773273,0.9100476238052421,13663,2515,186
Saimiri_boliviensis,Gorilla_gorilla,same-order,7,1,2,764,410,354,16476,86.04763050276642,0.9894882434301522,0.8825561312607945,0.9329681794470528,14308,1904,152
Saimiri_boliviensis,Gorilla_gorilla,same-order,7,1,3,764,477,287,16479,87.78800457197859,0.9902286761213273,0.8996917385943279,0.9427916141745001,14593,1627,144
Saimiri_boliviensis,Gorilla_gorilla,same-order,7,1,4,764,508,256,16478,88.62008786182825,0.9906491759165825,0.9076117103235747,0.9473142489546477,14726,1499,139
Saimiri_boliviensis,Gorilla_gorilla,same-order,7,1,5,764,523,241,16480,89.13841892949605,0.99136199276818,0.9119186941792424,0.9499823542622478,14805,1430,129
Saimiri_boliviensis,Gorilla_gorilla,same-order,7,1,6,764,540,224,16478,89.50855215610696,0.9915932746196957,0.915260500061584,0.9518990584769103,14862,1376,126
Saimiri_boliviensis,Gorilla_gorilla,same-order,7,2,1,764,244,520,16467,82.5945945945946,0.9868675995694295,0.8498856683764909,0.913268694381724,13752,2429,183
Saimiri_boliviensis,Gorilla_gorilla,same-order,7,2,2,764,410,354,16466,85.61635598316296,0.988612692681572,0.8788888888888889,0.9305274165087251,14238,1962,164
Saimiri_boliviensis,Gorilla_gorilla,same-order,7,2,3,764,482,282,16480,87.06321044084922,0.9899473432264241,0.8926435222297588,0.9387808041504538,14476,1741,147
Saimiri_boliviensis,Gorilla_gorilla,same-order,7,2,4,764,511,253,16478,88.10683992059195,0.990196741261578,0.9030149824280165,0.9445985166075459,14646,1573,145
Saimiri_boliviensis,Gorilla_gorilla,same-order,7,2,5,764,537,227,16479,88.89022628791527,0.9908096867243577,0.9102113761015591,0.9488019528489753,14770,1457,137
Saimiri_boliviensis,Gorilla_gorilla,same-order,7,2,6,764,554,210,16477,89.49680991934513,0.990870318539251,0.9163123189745486,0.9521339608747158,14869,1358,137
Saimiri_boliviensis,Gorilla_gorilla,same-order,8,0,1,873,276,597,16462,82.69173022641283,0.9864593781344032,0.8512519319938177,0.9138817907277734,13769,2406,189
Saimiri_boliviensis,Gorilla_gorilla,same-order,8,0,2,873,493,380,16481,86.96253532984545,0.9898692586761585,0.8917735569807598,0.938264395782644,14461,1755,148
Saimiri_boliviensis,Gorilla_gorilla,same-order,8,0,3,873,584,289,16477,88.23423206547906,0.9906081081081081,0.9036055469953775,0.9451087832393231,14661,1564,139
Saimiri_boliviensis,Gorilla_gorilla,same-order,8,0,4,873,623,250,16477,88.82402503610977,0.9906698885756478,0.9096456086286595,0.9484304212318865,14759,1466,139
Saimiri_boliviensis,Gorilla_gorilla,same-order,8,0,5,873,637,236,16474,89.41728870695883,0.990795090715048,0.9154443485763589,0.9516304696008713,14854,1372,138
Saimiri_boliviensis,Gorilla_gorilla,same-order,8,0,6,873,664,209,16475,89.97591812161349,0.9910477453580901,0.9208823710641444,0.9546775687501997,14945,1284,135
Saimiri_boliviensis,Gorilla_gorilla,same-order,8,1,1,873,258,615,16481,82.09869131948614,0.98722298419115,0.8448755173904986,0.9105193075898802,13676,2511,177
Saimiri_boliviensis,Gorilla_gorilla,same-order,8,1,2,873,480,393,16482,86.38249263512294,0.9895998346993594,0.8862024301486462,0.9350514122087727,14368,1845,151
Saimiri_boliviensis,Gorilla_gorilla,same-order,8,1,3,873,565,308,16480,88.17159015703027,0.990470397404704,0.9033470997965851,0.944904735807086,14655,1568,141
Saimiri_boliviensis,Gorilla_gorilla,same-order,8,1,4,873,598,275,16478,88.73442859721972,0.9906611126041387,0.9087827426810478,0.9479571828088335,14745,1480,139
Saimiri_boliviensis,Gorilla_gorilla,same-order,8,1,5,873,617,256,16480,89.31086367739994,0.9909843729130493,0.9143508534105613,0.9511264942473481,14839,1390,135
Saimiri_boliviensis,Gorilla_gorilla,same-order,8,1,6,873,636,237,16481,89.79591836734694,0.991359829855111,0.9188123691018849,0.953708439897698,14916,1318,130
Saimiri_boliviensis,Saimiri_sciureus,same-genus,1,0,1,110,110,0,16471,99.92109256449166,0.9997570751852302,0.9995142683667274,0.9996356570318193,16462,8,4
Saimiri_boliviensis,Saimiri_sciureus,same-genus,1,0,2,110,110,0,16471,99.92109256449166,0.9997570751852302,0.9995142683667274,0.9996356570318193,16462,8,4
Saimiri_boliviensis,Saimiri_sciureus,same-genus,1,1,1,110,110,0,16473,99.9453717754173,0.9998785523439397,0.9996357455075279,0.9997571341833636,16466,6,2
Saimiri_boliviensis,Saimiri_sciureus,same-genus,1,1,2,110,110,0,16473,99.9453717754173,0.9998785523439397,0.9996357455075279,0.9997571341833636,16466,6,2
Saimiri_boliviensis,Saimiri_sciureus,same-genus,1,2,1,110,110,0,16472,99.92716236722306,0.9998178063889226,0.9995142978568393,0.9996660290858306,16463,8,3
Saimiri_boliviensis,Saimiri_sciureus,same-genus,1,2,2,110,110,0,16472,99.92716236722306,0.9998178063889226,0.9995142978568393,0.9996660290858306,16463,8,3
Saimiri_boliviensis,Saimiri_sciureus,same-genus,2,0,1,220,220,0,16473,99.96965098634294,0.9998785818358427,0.9998785818358427,0.9998785818358427,16470,2,2
Saimiri_boliviensis,Saimiri_sciureus,same-genus,2,0,2,220,220,0,16473,99.96965098634294,0.9998785818358427,0.9998785818358427,0.9998785818358427,16470,2,2
Saimiri_boliviensis,Gorilla_gorilla,same-order,8,2,1,873,243,630,16471,82.480043214693,0.9863623313235717,0.8496352170149623,0.9129077260346774,13742,2432,190
Saimiri_boliviensis,Gorilla_gorilla,same-order,8,2,2,873,474,399,16479,86.39014126840998,0.9892613753700007,0.8866609081934848,0.9351553603383765,14371,1837,156
Saimiri_boliviensis,Gorilla_gorilla,same-order,8,2,3,873,571,302,16481,88.07990853841989,0.9906605305901461,0.9021323801306546,0.9443261725049998,14638,1588,138
Saimiri_boliviensis,Gorilla_gorilla,same-order,8,2,4,873,605,268,16480,88.94974420704183,0.9909481024540701,0.9106537679462691,0.9491057380470731,14779,1450,135
Saimiri_boliviensis,Gorilla_gorilla,same-order,8,2,5,873,627,246,16477,89.57919450966227,0.9910749966697748,0.9168207024029574,0.9525028805530662,14880,1350,134
Saimiri_boliviensis,Gorilla_gorilla,same-order,8,2,6,873,641,232,16479,90.02408187838651,0.9913153009811722,0.921148278198731,0.9549445987802152,14953,1280,131
Saimiri_boliviensis,Saimiri_sciureus,same-genus,2,1,1,220,220,0,16471,99.9575088017482,0.9998178506375228,0.9997571489284196,0.999787498861601,16467,4,3
Saimiri_boliviensis,Saimiri_sciureus,same-genus,2,1,2,220,220,0,16471,99.9575088017482,0.9998178506375228,0.9997571489284196,0.999787498861601,16467,4,3
Saimiri_boliviensis,Saimiri_sciureus,same-genus,2,2,1,220,220,0,16473,99.96357897292704,0.9999392798591292,0.9996964730164511,0.9998178616963148,16468,5,1
Saimiri_boliviensis,Saimiri_sciureus,same-genus,2,2,2,220,220,0,16473,99.96357897292704,0.9999392798591292,0.9996964730164511,0.9998178616963148,16468,5,1
Saimiri_boliviensis,Saimiri_sciureus,same-genus,3,0,1,330,330,0,16474,99.99392982882117,1.0,0.9999392982882117,0.9999696482229034,16473,1,0
Saimiri_boliviensis,Saimiri_sciureus,same-genus,3,0,2,330,330,0,16474,99.99392982882117,1.0,0.9999392982882117,0.9999696482229034,16473,1,0
Saimiri_boliviensis,Saimiri_sciureus,same-genus,3,1,1,330,330,0,16474,99.98786039453718,0.9999392982882117,1.0,0.9999696482229034,16473,0,1
Saimiri_boliviensis,Saimiri_sciureus,same-genus,3,1,2,330,330,0,16474,99.98786039453718,0.9999392982882117,1.0,0.9999696482229034,16473,0,1
Saimiri_boliviensis,Saimiri_sciureus,same-genus,3,2,1,330,330,0,16474,99.98179059180576,0.9999392946032902,0.9999392946032902,0.9999392946032902,16472,1,1
Saimiri_boliviensis,Saimiri_sciureus,same-genus,3,2,2,330,330,0,16474,99.98179059180576,0.9999392946032902,0.9999392946032902,0.9999392946032902,16472,1,1
Saimiri_boliviensis,Saimiri_sciureus,same-genus,4,0,1,440,440,0,16474,100.0,1.0,1.0,1.0,16474,0,0
Saimiri_boliviensis,Saimiri_sciureus,same-genus,4,0,2,440,440,0,16474,100.0,1.0,1.0,1.0,16474,0,0
Saimiri_boliviensis,Saimiri_sciureus,same-genus,4,1,1,440,440,0,16474,100.0,1.0,1.0,1.0,16474,0,0
Saimiri_boliviensis,Saimiri_sciureus,same-genus,4,1,2,440,440,0,16474,100.0,1.0,1.0,1.0,16474,0,0
Saimiri_boliviensis,Saimiri_sciureus,same-genus,4,2,1,440,440,0,16474,100.0,1.0,1.0,1.0,16474,0,0
Saimiri_boliviensis,Saimiri_sciureus,same-genus,4,2,2,440,440,0,16474,100.0,1.0,1.0,1.0,16474,0,0
Saimiri_boliviensis,Saimiri_sciureus,same-genus,5,0,1,550,550,0,16474,100.0,1.0,1.0,1.0,16474,0,0
Saimiri_boliviensis,Saimiri_sciureus,same-genus,5,0,2,550,550,0,16474,100.0,1.0,1.0,1.0,16474,0,0
Saimiri_boliviensis,Saimiri_sciureus,same-genus,5,1,1,550,550,0,16475,99.99393019726858,1.0,1.0,1.0,16474,0,0
Saimiri_boliviensis,Saimiri_sciureus,same-genus,5,1,2,550,550,0,16475,99.99393019726858,1.0,1.0,1.0,16474,0,0
Saimiri_boliviensis,Saimiri_sciureus,same-genus,5,2,1,550,550,0,16473,99.99392982882117,0.9999392982882117,1.0,0.9999696482229034,16473,0,1
Saimiri_boliviensis,Saimiri_sciureus,same-genus,5,2,2,550,550,0,16473,99.99392982882117,0.9999392982882117,1.0,0.9999696482229034,16473,0,1
Saimiri_boliviensis,Saimiri_sciureus,same-genus,6,0,1,659,659,0,16474,100.0,1.0,1.0,1.0,16474,0,0
Saimiri_boliviensis,Saimiri_sciureus,same-genus,6,0,2,659,659,0,16474,100.0,1.0,1.0,1.0,16474,0,0
Saimiri_boliviensis,Saimiri_sciureus,same-genus,6,1,1,659,659,0,16474,100.0,1.0,1.0,1.0,16474,0,0
Saimiri_boliviensis,Saimiri_sciureus,same-genus,6,1,2,659,659,0,16474,100.0,1.0,1.0,1.0,16474,0,0
Saimiri_boliviensis,Saimiri_sciureus,same-genus,6,2,1,659,659,0,16474,100.0,1.0,1.0,1.0,16474,0,0
Saimiri_boliviensis,Saimiri_sciureus,same-genus,6,2,2,659,659,0,16474,100.0,1.0,1.0,1.0,16474,0,0
Saimiri_boliviensis,Saimiri_sciureus,same-genus,7,0,1,769,769,0,16474,99.99392982882117,1.0,0.9999392982882117,0.9999696482229034,16473,1,0
Saimiri_boliviensis,Saimiri_sciureus,same-genus,7,0,2,769,769,0,16474,99.99392982882117,1.0,0.9999392982882117,0.9999696482229034,16473,1,0
Saimiri_boliviensis,Saimiri_sciureus,same-genus,7,1,1,769,769,0,16474,100.0,1.0,1.0,1.0,16474,0,0
Saimiri_boliviensis,Saimiri_sciureus,same-genus,7,1,2,769,769,0,16474,100.0,1.0,1.0,1.0,16474,0,0
Saimiri_boliviensis,Saimiri_sciureus,same-genus,7,2,1,769,769,0,16474,100.0,1.0,1.0,1.0,16474,0,0
Saimiri_boliviensis,Saimiri_sciureus,same-genus,7,2,2,769,769,0,16474,100.0,1.0,1.0,1.0,16474,0,0
Saimiri_boliviensis,Saimiri_sciureus,same-genus,8,0,1,879,879,0,16474,100.0,1.0,1.0,1.0,16474,0,0
Saimiri_boliviensis,Saimiri_sciureus,same-genus,8,0,2,879,879,0,16474,100.0,1.0,1.0,1.0,16474,0,0
Saimiri_boliviensis,Saimiri_sciureus,same-genus,8,1,1,879,879,0,16474,100.0,1.0,1.0,1.0,16474,0,0
Saimiri_boliviensis,Saimiri_sciureus,same-genus,8,1,2,879,879,0,16474,100.0,1.0,1.0,1.0,16474,0,0
Saimiri_boliviensis,Saimiri_sciureus,same-genus,8,2,1,879,879,0,16474,100.0,1.0,1.0,1.0,16474,0,0
Saimiri_boliviensis,Saimiri_sciureus,same-genus,8,2,2,879,879,0,16474,100.0,1.0,1.0,1.0,16474,0,0
Saimiri_boliviensis,Aotus_azarai,same-order,1,0,1,111,86,25,16487,89.54810758770083,0.9912082056747036,0.9061681787736711,0.9467824537964818,14882,1541,132
Saimiri_boliviensis,Aotus_azarai,same-order,1,0,2,111,99,12,16484,90.58193416380814,0.9912413566019098,0.9165753257824869,0.9524472426994021,15052,1370,133
Saimiri_boliviensis,Aotus_azarai,same-order,1,0,3,111,101,10,16484,90.73182474723158,0.9913203577064703,0.917980880472508,0.9532420726502481,15076,1347,132
Saimiri_boliviensis,Aotus_azarai,same-order,1,0,4,111,101,10,16484,90.73182474723158,0.9913203577064703,0.917980880472508,0.9532420726502481,15076,1347,132
Saimiri_boliviensis,Aotus_azarai,same-order,1,1,1,111,81,30,16486,89.07416325547797,0.9915566575085438,0.9006634609531925,0.9439270221995406,14797,1632,126
Saimiri_boliviensis,Aotus_azarai,same-order,1,1,2,111,92,19,16484,90.14449127031908,0.9916550764951322,0.9113762249680443,0.9498223801065718,14973,1456,126
Saimiri_boliviensis,Aotus_azarai,same-order,1,1,3,111,94,17,16484,90.28839785658379,0.9917333509688513,0.9127206329884358,0.9505879369909037,14996,1434,125
Saimiri_boliviensis,Aotus_azarai,same-order,1,1,4,111,94,17,16484,90.28839785658379,0.9917333509688513,0.9127206329884358,0.9505879369909037,14996,1434,125
Saimiri_boliviensis,Aotus_azarai,same-order,1,2,1,111,81,30,16475,90.17094017094017,0.9908068783068783,0.9125852826510721,0.9500887874175545,14981,1435,139
Saimiri_boliviensis,Aotus_azarai,same-order,1,2,2,111,95,16,16474,91.48206116060679,0.9910009781545485,0.9256867880855211,0.9572310405643738,15197,1220,138
Saimiri_boliviensis,Aotus_azarai,same-order,1,2,3,111,96,15,16474,91.48206116060679,0.9910009781545485,0.9256867880855211,0.9572310405643738,15197,1220,138
Saimiri_boliviensis,Aotus_azarai,same-order,1,2,4,111,96,15,16474,91.48206116060679,0.9910009781545485,0.9256867880855211,0.9572310405643738,15197,1220,138
Saimiri_boliviensis,Aotus_azarai,same-order,2,0,1,221,163,58,16480,93.11299741135392,0.9916014873701756,0.9417316122747199,0.9660233589407281,15467,957,131
Saimiri_boliviensis,Aotus_azarai,same-order,2,0,2,221,200,21,16478,94.86392100192678,0.9918161787850173,0.9592085235920852,0.9752398638192509,15755,670,130
Saimiri_boliviensis,Aotus_azarai,same-order,2,0,3,221,203,18,16479,94.91209055876686,0.9918827082808961,0.9596371605990502,0.9754935330156569,15763,663,129
Saimiri_boliviensis,Aotus_azarai,same-order,2,0,4,221,204,17,16479,94.99036608863199,0.9918893429739076,0.9604285888225983,0.9759054777148866,15776,650,129
Saimiri_boliviensis,Aotus_azarai,same-order,2,0,5,221,204,17,16479,94.99036608863199,0.9918893429739076,0.9604285888225983,0.9759054777148866,15776,650,129
Saimiri_boliviensis,Aotus_azarai,same-order,2,1,1,221,168,53,16475,93.08164739884393,0.991469984607491,0.9413591523565948,0.9657649778222028,15459,963,133
Saimiri_boliviensis,Aotus_azarai,same-order,2,1,2,221,196,25,16476,94.82685937970491,0.9918740157480315,0.958602215999026,0.9749543357790781,15746,680,129
Saimiri_boliviensis,Aotus_azarai,same-order,2,1,3,221,206,15,16476,95.19392917369309,0.9919668633111586,0.962196384001948,0.9768548561540125,15806,621,128
Saimiri_boliviensis,Aotus_azarai,same-order,2,1,4,221,207,14,16476,95.30233678631654,0.9919759277833501,0.9632921409873988,0.9774236387782205,15824,603,128
Saimiri_boliviensis,Aotus_azarai,same-order,2,1,5,221,209,12,16477,95.39267646350277,0.9920455968933984,0.9641465790114438,0.9778971414459466,15839,589,127
Saimiri_boliviensis,Aotus_azarai,same-order,2,1,6,221,209,12,16477,95.39267646350277,0.9920455968933984,0.9641465790114438,0.9778971414459466,15839,589,127
Saimiri_boliviensis,Aotus_azarai,same-order,2,2,1,221,171,50,16482,93.52760551508219,0.9918906838643765,0.9455807158509861,0.9681822431362773,15534,894,127
Saimiri_boliviensis,Aotus_azarai,same-order,2,2,2,221,197,24,16484,94.74349710982659,0.9921810959076864,0.9576410443673544,0.9746051409104987,15735,696,124
Saimiri_boliviensis,Aotus_azarai,same-order,2,2,3,221,201,20,16484,94.8937195158668,0.9922553834529656,0.9590433300876339,0.9753667141177198,15759,673,123
Saimiri_boliviensis,Aotus_azarai,same-order,2,2,4,221,201,20,16484,94.8937195158668,0.9922553834529656,0.9590433300876339,0.9753667141177198,15759,673,123
Saimiri_boliviensis,Aotus_azarai,same-order,3,0,1,332,260,72,16484,94.93015414258188,0.992196349905601,0.9595277219889233,0.9755886265895238,15766,665,124
Saimiri_boliviensis,Aotus_azarai,same-order,3,0,2,332,303,29,16487,96.3388932377913,0.9925553694397915,0.9734712503802859,0.9829206856300301,15999,436,120
Saimiri_boliviensis,Aotus_azarai,same-order,3,0,3,332,312,20,16487,96.38706569518878,0.9925590624418676,0.9739580164283541,0.9831705669184939,16007,428,120
Saimiri_boliviensis,Aotus_azarai,same-order,3,0,4,332,312,20,16487,96.38706569518878,0.9925590624418676,0.9739580164283541,0.9831705669184939,16007,428,120
Saimiri_boliviensis,Aotus_azarai,same-order,3,1,1,332,263,69,16484,95.32096832470191,0.9923515767036549,0.9632446905616747,0.9775815217391305,15829,604,122
Saimiri_boliviensis,Aotus_azarai,same-order,3,1,2,332,316,16,16483,97.11497922062279,0.9926126569810392,0.9810769698813507,0.9868111019309037,16124,311,120
Saimiri_boliviensis,Aotus_azarai,same-order,3,1,3,332,320,12,16483,97.18725531530447,0.9926181102362205,0.981807118953453,0.9871830167324339,16136,299,120
Saimiri_boliviensis,Aotus_azarai,same-order,3,1,4,332,321,11,16483,97.295669457327,0.992626275039941,0.9829023425616064,0.9877403772661958,16154,281,120
Saimiri_boliviensis,Aotus_azarai,same-order,3,1,5,332,321,11,16483,97.295669457327,0.992626275039941,0.9829023425616064,0.9877403772661958,16154,281,120
Saimiri_boliviensis,Aotus_azarai,same-order,3,2,1,332,245,87,16483,94.98313659359191,0.9923861062169645,0.9596568090543994,0.9757470766565612,15771,663,121
Saimiri_boliviensis,Aotus_azarai,same-order,3,2,2,332,305,27,16484,96.56688550262001,0.9926324913323428,0.9754806522268191,0.9839818338038542,16033,403,119
Saimiri_boliviensis,Aotus_azarai,same-order,3,2,3,332,313,19,16484,96.79556679918082,0.9927106498640969,0.9776723246334489,0.9851340996168583,16070,367,118
Saimiri_boliviensis,Aotus_azarai,same-order,3,2,4,332,313,19,16484,96.79556679918082,0.9927106498640969,0.9776723246334489,0.9851340996168583,16070,367,118
Saimiri_boliviensis,Aotus_azarai,same-order,4,0,1,442,354,88,16487,95.54458426154494,0.9923707085235445,0.9656788170145439,0.9788428324697754,15869,564,122
Saimiri_boliviensis,Aotus_azarai,same-order,4,0,2,442,415,27,16490,97.04961464354528,0.9927322000492732,0.9805925655533249,0.9866250420836776,16118,319,118
Saimiri_boliviensis,Aotus_azarai,same-order,4,0,3,442,421,21,16489,97.13976034202445,0.9927384615384616,0.9814443024882886,0.9870590754734299,16132,305,118
Saimiri_boliviensis,Aotus_azarai,same-order,4,0,4,442,421,21,16489,97.13976034202445,0.9927384615384616,0.9814443024882886,0.9870590754734299,16132,305,118
Saimiri_boliviensis,Aotus_azarai,same-order,4,1,1,442,336,106,16483,95.36423841059603,0.9920460950710841,0.9642074506939372,0.9779286926994907,15840,588,127
Saimiri_boliviensis,Aotus_azarai,same-order,4,1,2,442,401,41,16485,97.00162562466133,0.9923621804742839,0.9805246180999331,0.9864078858752221,16111,320,124
Saimiri_boliviensis,Aotus_azarai,same-order,4,1,3,442,415,27,16485,97.28444123314065,0.9924447174447174,0.9832643622200584,0.9878332110540474,16157,275,123
Saimiri_boliviensis,Aotus_azarai,same-order,4,1,4,442,416,26,16485,97.28444123314065,0.9924447174447174,0.9832643622200584,0.9878332110540474,16157,275,123
Saimiri_boliviensis,Aotus_azarai,same-order,4,1,5,442,416,26,16485,97.28444123314065,0.9924447174447174,0.9832643622200584,0.9878332110540474,16157,275,123
Saimiri_boliviensis,Aotus_azarai,same-order,4,2,1,442,348,94,16489,95.70086705202313,0.992568538062824,0.9670236067169627,0.9796295725600174,15894,542,119
Saimiri_boliviensis,Aotus_azarai,same-order,4,2,2,442,417,25,16484,97.74123599566317,0.9927806668706026,0.987223945975543,0.9899945091818682,16227,210,118
Saimiri_boliviensis,Aotus_azarai,same-order,4,2,3,442,425,17,16484,97.80146970244549,0.9927850810149801,0.9878323295005171,0.990302512808002,16237,200,118
Saimiri_boliviensis,Aotus_azarai,same-order,4,2,4,442,425,17,16484,97.80146970244549,0.9927850810149801,0.9878323295005171,0.990302512808002,16237,200,118
Saimiri_boliviensis,Aotus_azarai,same-order,5,1,1,552,416,136,16484,95.85691918583645,0.9923940149625935,0.9686606219193087,0.9803837033843501,15918,515,122
Saimiri_boliviensis,Aotus_azarai,same-order,5,1,2,552,527,25,16485,97.5427607805348,0.9927060986821943,0.9853979070333414,0.9890385026411407,16196,240,119
Saimiri_boliviensis,Aotus_azarai,same-order,5,1,3,552,535,17,16485,97.8196711437692,0.9927868451616847,0.9880756829105067,0.9904256616660568,16241,196,118
Saimiri_boliviensis,Aotus_azarai,same-order,5,1,4,552,535,17,16485,97.8196711437692,0.9927868451616847,0.9880756829105067,0.9904256616660568,16241,196,118
Saimiri_boliviensis,Aotus_azarai,same-order,5,0,1,552,398,154,16483,95.56104318496658,0.9924934317527837,0.965378764831153,0.978748342123932,15866,569,120
Saimiri_boliviensis,Aotus_azarai,same-order,5,0,2,552,502,50,16486,97.35589953622839,0.9928137092316197,0.9833313055116194,0.9880497570219139,16164,274,117
Saimiri_boliviensis,Aotus_azarai,same-order,5,0,3,552,508,44,16486,97.43419863880021,0.9928194427396587,0.9841221559800463,0.9884516680923867,16177,261,117
Saimiri_boliviensis,Aotus_azarai,same-order,5,0,4,552,510,42,16486,97.48840570981147,0.9928234067349567,0.9846696678428033,0.988729727253291,16186,252,117
Saimiri_boliviensis,Aotus_azarai,same-order,5,0,5,552,513,39,16486,97.48840570981147,0.9928234067349567,0.9846696678428033,0.988729727253291,16186,252,117
Saimiri_boliviensis,Aotus_azarai,same-order,5,0,6,552,513,39,16486,97.48840570981147,0.9928234067349567,0.9846696678428033,0.988729727253291,16186,252,117
Saimiri_boliviensis,Aotus_azarai,same-order,5,2,1,552,424,128,16480,95.97085039749457,0.9922784731303319,0.9698131580548962,0.9809172052939366,15935,496,124
Saimiri_boliviensis,Aotus_azarai,same-order,5,2,2,552,509,43,16482,97.4462446545805,0.9925766871165644,0.984483388097846,0.9885134722307082,16179,255,121
Saimiri_boliviensis,Aotus_azarai,same-order,5,2,3,552,522,30,16483,97.75930610769787,0.9927212673558016,0.9874665368702847,0.9900869299984749,16230,206,119
Saimiri_boliviensis,Aotus_azarai,same-order,5,2,4,552,524,28,16483,97.8617034092278,0.9927288280581694,0.9885008517887564,0.9906103286384977,16247,189,119
Saimiri_boliviensis,Aotus_azarai,same-order,5,2,5,552,524,28,16483,97.8617034092278,0.9927288280581694,0.9885008517887564,0.9906103286384977,16247,189,119
Saimiri_boliviensis,Aotus_azarai,same-order,6,0,1,663,500,163,16481,96.19345901343131,0.9924190641893991,0.9718858394693605,0.9820451331242698,15971,462,122
Saimiri_boliviensis,Aotus_azarai,same-order,6,0,2,663,621,42,16484,97.85568003854958,0.9927890491322415,0.9883798746729938,0.9905795555013568,16246,191,118
Saimiri_boliviensis,Aotus_azarai,same-order,6,0,3,663,638,25,16485,98.02433441754006,0.9928619364285278,0.9900231171675387,0.9914404946845776,16274,164,117
Saimiri_boliviensis,Aotus_azarai,same-order,6,0,4,663,639,24,16485,98.02433441754006,0.9928619364285278,0.9900231171675387,0.9914404946845776,16274,164,117
Saimiri_boliviensis,Aotus_azarai,same-order,6,0,5,663,639,24,16485,98.02433441754006,0.9928619364285278,0.9900231171675387,0.9914404946845776,16274,164,117
Saimiri_boliviensis,Aotus_azarai,same-order,6,1,1,663,523,140,16485,95.8205359831376,0.9925145031501466,0.9681168238515363,0.9801638637343683,15911,524,120
Saimiri_boliviensis,Aotus_azarai,same-order,6,1,2,663,629,34,16486,97.78955610431849,0.9928453494771602,0.9877114004136757,0.9902717208990272,16236,202,117
Saimiri_boliviensis,Aotus_azarai,same-order,6,1,3,663,642,21,16486,97.98229235680299,0.9928593225511139,0.989658109259034,0.9912561313712946,16268,170,117
Saimiri_boliviensis,Aotus_azarai,same-order,6,1,4,663,642,21,16486,97.98229235680299,0.9928593225511139,0.989658109259034,0.9912561313712946,16268,170,117
Saimiri_boliviensis,Aotus_azarai,same-order,6,2,1,663,520,143,16481,95.98915989159892,0.9922803959409824,0.970056600328647,0.9810426540284359,15939,492,124
Saimiri_boliviensis,Aotus_azarai,same-order,6,2,2,663,619,44,16485,97.69921098596639,0.99277801579044,0.9868589158605585,0.9898096167927752,16221,216,118
Saimiri_boliviensis,Aotus_azarai,same-order,6,2,3,663,637,26,16485,97.95217731735228,0.9927965325682193,0.9894141266654499,0.991102443780852,16263,174,118
Saimiri_boliviensis,Aotus_azarai,same-order,6,2,4,663,637,26,16485,97.95217731735228,0.9927965325682193,0.9894141266654499,0.991102443780852,16263,174,118
Saimiri_boliviensis,Aotus_azarai,same-order,7,0,1,773,583,190,16485,96.63334136352687,0.9926379609007672,0.9762107568751521,0.984355828220859,16045,391,119
Saimiri_boliviensis,Aotus_azarai,same-order,7,0,2,773,728,45,16485,98.01228767618359,0.9928610653487095,0.9899014478647037,0.9913790477350961,16272,166,117
Saimiri_boliviensis,Aotus_azarai,same-order,7,0,3,773,739,34,16485,98.2470935485814,0.9929380250821868,0.9921528073483789,0.9925452609158679,16310,129,116
Saimiri_boliviensis,Aotus_azarai,same-order,7,0,4,773,751,22,16487,98.42178182037226,0.9930711724305598,0.9937959978103522,0.9934334529093453,16339,102,114
Saimiri_boliviensis,Aotus_azarai,same-order,7,0,5,773,754,19,16489,98.44587675441238,0.9931935581890003,0.9939183847229824,0.9935558392607453,16343,100,112
Saimiri_boliviensis,Aotus_azarai,same-order,7,0,6,773,754,19,16489,98.44587675441238,0.9931935581890003,0.9939183847229824,0.9935558392607453,16343,100,112
Saimiri_boliviensis,Aotus_azarai,same-order,7,1,1,773,602,171,16487,96.45996387718242,0.9923815422731496,0.9750486854917235,0.9836387635448324,16022,410,123
Saimiri_boliviensis,Aotus_azarai,same-order,7,1,2,773,724,49,16485,97.9100162621213,0.9927934530352999,0.988988258197968,0.9908872024625888,16256,181,118
Saimiri_boliviensis,Aotus_azarai,same-order,7,1,3,773,740,33,16485,98.04240452957475,0.9928632426497499,0.990205621121791,0.9915326510721247,16277,161,117
Saimiri_boliviensis,Aotus_azarai,same-order,7,1,4,773,741,32,16485,98.04240452957475,0.9928632426497499,0.990205621121791,0.9915326510721247,16277,161,117
Saimiri_boliviensis,Aotus_azarai,same-order,7,1,5,773,741,32,16485,98.04240452957475,0.9928632426497499,0.990205621121791,0.9915326510721247,16277,161,117
Saimiri_boliviensis,Aotus_azarai,same-order,7,2,1,773,603,170,16485,96.44061671886293,0.9926233573022564,0.9742638111462643,0.9833578973225251,16013,423,119
Saimiri_boliviensis,Aotus_azarai,same-order,7,2,2,773,731,42,16484,97.96422333313257,0.99273681640625,0.9895960087612558,0.9911639244363193,16265,171,119
Saimiri_boliviensis,Aotus_azarai,same-order,7,2,3,773,745,28,16485,98.06649801228768,0.9928649835345774,0.9904489597274607,0.9916555000609087,16281,157,117
Saimiri_boliviensis,Aotus_azarai,same-order,7,2,4,773,745,28,16485,98.06649801228768,0.9928649835345774,0.9904489597274607,0.9916555000609087,16281,157,117
Saimiri_boliviensis,Aotus_azarai,same-order,8,0,1,883,658,225,16488,96.18233275124948,0.992605021128511,0.9718301289851545,0.9821077225774717,15973,463,119
Saimiri_boliviensis,Aotus_azarai,same-order,8,0,2,883,812,71,16490,97.58535557295116,0.992832199963242,0.9858863608711522,0.9893470895271818,16206,232,117
Saimiri_boliviensis,Aotus_azarai,same-order,8,0,3,883,826,57,16489,97.77188967842949,0.9928453494771602,0.9877114004136757,0.9902717208990272,16236,202,117
Saimiri_boliviensis,Aotus_azarai,same-order,8,0,4,883,827,56,16489,97.82608695652173,0.9928492849284929,0.9882589122764327,0.9905487804878049,16245,193,117
Saimiri_boliviensis,Aotus_azarai,same-order,8,0,5,883,828,55,16489,97.82608695652173,0.9928492849284929,0.9882589122764327,0.9905487804878049,16245,193,117
Saimiri_boliviensis,Aotus_azarai,same-order,8,0,6,883,828,55,16489,97.82608695652173,0.9928492849284929,0.9882589122764327,0.9905487804878049,16245,193,117
Saimiri_boliviensis,Aotus_azarai,same-order,8,1,1,883,680,203,16486,96.86220187906528,0.9927164989815443,0.9784632232159153,0.9855383295545069,16083,354,118
Saimiri_boliviensis,Aotus_azarai,same-order,8,1,2,883,838,45,16486,98.02433441754006,0.9929225137278829,0.9899628931200195,0.9914404946845776,16274,165,116
Saimiri_boliviensis,Aotus_azarai,same-order,8,1,3,883,848,35,16486,98.02433441754006,0.9929225137278829,0.9899628931200195,0.9914404946845776,16274,165,116
Saimiri_boliviensis,Aotus_azarai,same-order,8,1,4,883,848,35,16486,98.02433441754006,0.9929225137278829,0.9899628931200195,0.9914404946845776,16274,165,116
Saimiri_boliviensis,Varecia_variegata,same-order,1,0,1,114,17,97,16476,72.34079573135367,0.9421406450638266,0.7699858015926909,0.8474081119641279,12473,3726,766
Saimiri_boliviensis,Varecia_variegata,same-order,1,0,2,114,21,93,16477,72.56698758844682,0.942381562099872,0.7723456790123456,0.8489330664585948,12512,3688,765
Saimiri_boliviensis,Varecia_variegata,same-order,1,0,3,114,22,92,16480,72.73465599257455,0.9429903730445247,0.7736163386191152,0.8499474629698675,12538,3669,758
Saimiri_boliviensis,Varecia_variegata,same-order,1,0,4,114,22,92,16480,72.73465599257455,0.9429903730445247,0.7736163386191152,0.8499474629698675,12538,3669,758
Saimiri_boliviensis,Aotus_azarai,same-order,8,2,1,883,688,195,16482,96.38104413801409,0.9922509453846631,0.9741935483870968,0.9831393384724056,16006,424,125
Saimiri_boliviensis,Aotus_azarai,same-order,8,2,2,883,839,44,16485,98.02433441754006,0.9928619364285278,0.9900231171675387,0.9914404946845776,16274,164,117
Saimiri_boliviensis,Aotus_azarai,same-order,8,2,3,883,853,30,16486,98.08456812432237,0.9929268292682927,0.9905712026278971,0.9917476171625202,16284,155,116
Saimiri_boliviensis,Aotus_azarai,same-order,8,2,4,883,855,28,16486,98.08456812432237,0.9929268292682927,0.9905712026278971,0.9917476171625202,16284,155,116
Saimiri_boliviensis,Aotus_azarai,same-order,8,2,5,883,855,28,16486,98.08456812432237,0.9929268292682927,0.9905712026278971,0.9917476171625202,16284,155,116
Saimiri_boliviensis,Varecia_variegata,same-order,1,1,1,114,27,87,16476,72.97360023208587,0.9430863827234554,0.7760705911390843,0.8514657098368426,12577,3629,759
Saimiri_boliviensis,Varecia_variegata,same-order,1,1,2,114,44,70,16473,73.86106436074517,0.9437893956247683,0.7852779663108533,0.8572679509632225,12727,3480,758
Saimiri_boliviensis,Varecia_variegata,same-order,1,1,3,114,51,63,16471,74.61690271650801,0.9443873053188363,0.7931268509378084,0.8621730382293762,12855,3353,757
Saimiri_boliviensis,Varecia_variegata,same-order,1,1,4,114,56,58,16473,74.86649640120734,0.944700798359335,0.7956816779765576,0.8638114054180759,12898,3312,755
Saimiri_boliviensis,Varecia_variegata,same-order,1,1,5,114,58,56,16473,74.87230090550267,0.9447048483960744,0.7957433682911783,0.8638494508438253,12899,3311,755
Saimiri_boliviensis,Varecia_variegata,same-order,1,1,6,114,58,56,16473,74.87230090550267,0.9447048483960744,0.7957433682911783,0.8638494508438253,12899,3311,755
Saimiri_boliviensis,Varecia_variegata,same-order,1,2,1,114,19,95,16469,72.8623672142567,0.9430503380916604,0.7744801628925773,0.8504929362740117,12552,3655,758
Saimiri_boliviensis,Varecia_variegata,same-order,1,2,2,114,26,88,16470,73.51643247009639,0.9439349884440468,0.7809165484487757,0.8547222034699251,12661,3552,752
Saimiri_boliviensis,Varecia_variegata,same-order,1,2,3,114,29,85,16470,73.9430894308943,0.9443743973893051,0.7852605612087573,0.8574988214694592,12733,3482,750
Saimiri_boliviensis,Varecia_variegata,same-order,1,2,4,114,30,84,16470,74.02439024390245,0.944432096021338,0.7861239592969472,0.8580371567043619,12747,3468,750
Saimiri_boliviensis,Varecia_variegata,same-order,1,2,5,114,30,84,16470,74.02439024390245,0.944432096021338,0.7861239592969472,0.8580371567043619,12747,3468,750
Saimiri_boliviensis,Varecia_variegata,same-order,2,0,1,227,35,192,16485,74.12952646239555,0.9447526070556912,0.7876433592304847,0.8590739433067689,12774,3444,747
Saimiri_boliviensis,Varecia_variegata,same-order,2,0,2,227,72,155,16498,76.10501248765755,0.94798147880191,0.8065369937215314,0.8715578023147532,13103,3143,719
Saimiri_boliviensis,Varecia_variegata,same-order,2,0,3,227,87,140,16495,77.03746732500726,0.9485052209984266,0.816374269005848,0.8774936315214874,13262,2983,720
Saimiri_boliviensis,Varecia_variegata,same-order,2,0,4,227,90,137,16495,77.19430729015393,0.9486044685559283,0.8180363188673438,0.8784954055662062,13289,2956,720
Saimiri_boliviensis,Varecia_variegata,same-order,2,0,5,227,90,137,16495,77.19430729015393,0.9486044685559283,0.8180363188673438,0.8784954055662062,13289,2956,720
Saimiri_boliviensis,Varecia_variegata,same-order,2,1,1,227,34,193,16490,73.97586166879424,0.9448602979322611,0.7859564761728624,0.8581140203271186,12749,3472,744
Saimiri_boliviensis,Varecia_variegata,same-order,2,1,2,227,63,164,16490,75.78819021076467,0.9468301175105179,0.8041522917693446,0.8696781930841496,13053,3179,733
Saimiri_boliviensis,Varecia_variegata,same-order,2,1,3,227,72,155,16490,76.23388688886308,0.9471899574345285,0.8087845746319227,0.8725327307768992,13129,3104,732
Saimiri_boliviensis,Varecia_variegata,same-order,2,1,4,227,74,153,16490,76.47639509900702,0.9474138551183368,0.8112603178514229,0.874066699850672,13170,3064,731
Saimiri_boliviensis,Varecia_variegata,same-order,2,1,5,227,78,149,16490,76.63318041925557,0.9475157955198162,0.8129234939016878,0.8750745971752537,13197,3037,731
Saimiri_boliviensis,Varecia_variegata,same-order,2,1,6,227,80,147,16490,76.70866964752338,0.9475647371063769,0.8137242823703339,0.875559237779619,13210,3024,731
Saimiri_boliviensis,Varecia_variegata,same-order,2,2,1,227,46,181,16498,74.41536586781176,0.945792462570986,0.7901417128773875,0.860988955654772,12824,3406,735
Saimiri_boliviensis,Varecia_variegata,same-order,2,2,2,227,75,152,16490,76.4272025088565,0.9475124199006408,0.8105444690810545,0.8736929460580913,13160,3076,729
Saimiri_boliviensis,Varecia_variegata,same-order,2,2,3,227,91,136,16486,77.89333023471997,0.9486308639354701,0.8256050249399594,0.882852627419992,13407,2832,726
Saimiri_boliviensis,Varecia_variegata,same-order,2,2,4,227,98,129,16489,78.35812224029746,0.9491203377902885,0.8303780322620367,0.8857874688033627,13487,2755,723
Saimiri_boliviensis,Varecia_variegata,same-order,2,2,5,227,104,123,16489,78.79386474552638,0.9493874693734686,0.8349956901859377,0.8885249123726537,13562,2680,723
Saimiri_boliviensis,Varecia_variegata,same-order,2,2,6,227,107,120,16491,78.88101324657215,0.9495733669044621,0.8358163014035952,0.8890707877676644,13577,2667,721
Saimiri_boliviensis,Varecia_variegata,same-order,3,0,1,340,40,300,16478,73.95670091125427,0.9443415104128067,0.7858640680893055,0.8578449523681287,12742,3472,751
Saimiri_boliviensis,Varecia_variegata,same-order,3,0,2,340,86,254,16495,76.61711764022762,0.94778049130872,0.8126000739007266,0.875,13195,3043,727
Saimiri_boliviensis,Varecia_variegata,same-order,3,0,3,340,122,218,16491,77.98106522622989,0.9486998304126625,0.8267750477246136,0.8835510512980816,13426,2813,726
Saimiri_boliviensis,Varecia_variegata,same-order,3,0,4,340,129,211,16490,78.3818319103212,0.9488820137814653,0.8310752555733465,0.8860801050558108,13495,2743,727
Saimiri_boliviensis,Varecia_variegata,same-order,3,0,5,340,135,205,16491,78.80002323285125,0.9492059049884559,0.8354578483896792,0.8887069304336433,13567,2672,726
Saimiri_boliviensis,Varecia_variegata,same-order,3,0,6,340,140,200,16491,78.80002323285125,0.9492059049884559,0.8354578483896792,0.8887069304336433,13567,2672,726
Saimiri_boliviensis,Varecia_variegata,same-order,3,1,1,340,51,289,16493,74.25886175088472,0.9450679267572357,0.7891005486714753,0.8600705526625231,12800,3421,744
Saimiri_boliviensis,Varecia_variegata,same-order,3,1,2,340,96,244,16498,76.66763425253991,0.947821718222924,0.8132774972287228,0.8754101620761658,13206,3032,727
Saimiri_boliviensis,Varecia_variegata,same-order,3,1,3,340,126,214,16502,77.89779326364692,0.94919332012454,0.8256293469563611,0.8831100431218935,13414,2833,718
Saimiri_boliviensis,Varecia_variegata,same-order,3,1,4,340,143,197,16506,78.8361017539784,0.9501609967800644,0.8351688918968806,0.8889616555879368,13574,2679,712
Saimiri_boliviensis,Varecia_variegata,same-order,3,1,5,340,155,185,16505,79.36904485242854,0.950793429844098,0.8402632550129168,0.8921178083980931,13661,2597,707
Saimiri_boliviensis,Varecia_variegata,same-order,3,1,6,340,161,179,16505,79.62468045549616,0.9509436580627255,0.8429696149587895,0.8937072057385067,13705,2553,707
Saimiri_boliviensis,Varecia_variegata,same-order,3,2,1,340,64,276,16500,75.18718439839805,0.9467222100416576,0.7978566149297857,0.8659380326882583,12954,3282,729
Saimiri_boliviensis,Varecia_variegata,same-order,3,2,2,340,124,216,16493,78.2356017899692,0.9496331828442438,0.8283797920127992,0.8848719886942519,13462,2789,714
Saimiri_boliviensis,Varecia_variegata,same-order,3,2,3,340,157,183,16496,79.65116279069767,0.9511246875867815,0.8425066109095382,0.8935268221098973,13700,2561,704
Saimiri_boliviensis,Varecia_variegata,same-order,3,2,4,340,166,174,16493,80.00232598709077,0.9513207025307703,0.8460734272184982,0.8956156625329558,13758,2503,704
Saimiri_boliviensis,Varecia_variegata,same-order,3,2,5,340,166,174,16493,80.00232598709077,0.9513207025307703,0.8460734272184982,0.8956156625329558,13758,2503,704
Saimiri_boliviensis,Varecia_variegata,same-order,4,0,1,453,66,387,16496,75.78959591267999,0.9471774778696851,0.8039662499230154,0.8697158466304674,13054,3183,728
Saimiri_boliviensis,Varecia_variegata,same-order,4,0,2,453,185,268,16504,79.36323495235882,0.9507238307349666,0.8402534292919973,0.8920816326530612,13660,2597,708
Saimiri_boliviensis,Varecia_variegata,same-order,4,0,3,453,227,226,16500,80.99500174357782,0.9517825433683923,0.8571252844578388,0.901977282288599,13936,2323,706
Saimiri_boliviensis,Varecia_variegata,same-order,4,0,4,453,246,207,16509,81.93128306493809,0.9531958065607035,0.866035764763719,0.9075278511172645,14093,2180,692
Saimiri_boliviensis,Varecia_variegata,same-order,4,0,5,453,260,193,16509,82.44288122783558,0.9534727358300276,0.871443495360413,0.9106145251396648,14181,2092,692
Saimiri_boliviensis,Varecia_variegata,same-order,4,0,6,453,264,189,16510,82.77225420082563,0.9538358458961474,0.8746620791349226,0.9125348546520945,14236,2040,689
Saimiri_boliviensis,Varecia_variegata,same-order,4,1,1,453,59,394,16497,74.48920362201068,0.9461073429666765,0.7905014167795984,0.8613329753674743,12833,3401,731
Saimiri_boliviensis,Varecia_variegata,same-order,4,1,2,453,123,330,16497,77.03079604880884,0.9489620615604868,0.81571498892444,0.8773079213817749,13257,2995,713
Saimiri_boliviensis,Varecia_variegata,same-order,4,1,3,453,164,289,16509,78.77977919814062,0.9508380671856371,0.8336202656173143,0.8883792549880418,13558,2706,701
Saimiri_boliviensis,Varecia_variegata,same-order,4,1,4,453,181,272,16508,79.38869196350747,0.9511940402422893,0.8400147565174618,0.8921539817807815,13662,2602,701
Saimiri_boliviensis,Varecia_variegata,same-order,4,1,5,453,191,262,16504,79.7931074562678,0.9512921776484445,0.8442995941458615,0.8946082423847532,13730,2532,703
Saimiri_boliviensis,Varecia_variegata,same-order,4,1,6,453,195,258,16504,79.9035276341024,0.9513562136728481,0.8454679621202804,0.8952920492283649,13749,2513,703
Saimiri_boliviensis,Varecia_variegata,same-order,4,2,1,453,84,369,16500,75.56897352531351,0.9473071324599709,0.8014284834677667,0.8682832460558353,13016,3225,724
Saimiri_boliviensis,Varecia_variegata,same-order,4,2,2,453,166,287,16508,79.01098262537045,0.9509721639390124,0.8360181997048697,0.8897977881028729,13597,2667,701
Saimiri_boliviensis,Varecia_variegata,same-order,4,2,3,453,198,255,16499,80.31747877660193,0.9518329658213892,0.8491946391245543,0.8975891870816817,13813,2453,699
Saimiri_boliviensis,Varecia_variegata,same-order,4,2,4,453,214,239,16508,80.88038611385707,0.9528017536648856,0.8545711477021382,0.9010170369890523,13909,2367,689
Saimiri_boliviensis,Varecia_variegata,same-order,4,2,5,453,222,231,16512,81.40414146114472,0.9536626916524702,0.8593797973595333,0.9040697674418604,13995,2290,680
Saimiri_boliviensis,Varecia_variegata,same-order,4,2,6,453,225,228,16512,81.6426244765007,0.9537917912476216,0.8618974516426159,0.9055191768007483,14036,2249,680
Saimiri_boliviensis,Varecia_variegata,same-order,5,0,1,566,96,470,16493,75.82864108666628,0.9468000289918098,0.8048179409771425,0.8700546156920209,13063,3168,734
Saimiri_boliviensis,Varecia_variegata,same-order,5,0,2,566,213,353,16481,79.1581884774141,0.9497767857142857,0.8381655894121268,0.8904875576338249,13616,2629,720
Saimiri_boliviensis,Varecia_variegata,same-order,5,0,3,566,274,292,16487,81.11440702611527,0.9518154518154518,0.857740328433483,0.9023325029924621,13946,2313,706
Saimiri_boliviensis,Varecia_variegata,same-order,5,0,4,566,307,259,16500,82.34986033519553,0.9538928210313448,0.869172655242307,0.9095642113382183,14151,2130,684
Saimiri_boliviensis,Varecia_variegata,same-order,5,0,5,566,326,240,16507,83.07719175689836,0.9550930263686254,0.8758438689088008,0.9137533615059547,14271,2023,671
Saimiri_boliviensis,Varecia_variegata,same-order,5,0,6,566,337,229,16507,83.30422633601118,0.9552099325812696,0.8782373879955812,0.9151079136690647,14310,1984,671
Saimiri_boliviensis,Varecia_variegata,same-order,5,1,1,566,86,480,16496,75.10159061883199,0.9465866686178386,0.7968586387434555,0.8652932914186343,12937,3298,730
Saimiri_boliviensis,Varecia_variegata,same-order,5,1,2,566,183,383,16491,78.79774431719086,0.9502243409983174,0.8338357428483544,0.8882335594219994,13554,2701,710
Saimiri_boliviensis,Varecia_variegata,same-order,5,1,3,566,258,308,16496,80.93520995696173,0.952237580402354,0.8554742730681748,0.9012661507075549,13916,2351,698
Saimiri_boliviensis,Varecia_variegata,same-order,5,1,4,566,286,280,16508,81.91235523482511,0.9542372881355933,0.8640270104358502,0.9068943298969072,14075,2215,675
Saimiri_boliviensis,Varecia_variegata,same-order,5,1,5,566,302,264,16508,82.31973462142815,0.9544534412955465,0.8683241252302025,0.9093539054966249,14145,2145,675
Saimiri_boliviensis,Varecia_variegata,same-order,5,1,6,566,312,254,16510,82.7180621870269,0.9553463349024882,0.8714802772836022,0.911488242276475,14206,2095,664
Saimiri_boliviensis,Varecia_variegata,same-order,5,2,1,566,95,471,16498,75.41507024265645,0.9469349077921131,0.8000862228244133,0.867338763519829,12991,3246,728
Saimiri_boliviensis,Varecia_variegata,same-order,5,2,2,566,202,364,16496,78.49755984197071,0.9496731566739298,0.8314973229121793,0.8866649166557292,13511,2738,716
Saimiri_boliviensis,Varecia_variegata,same-order,5,2,3,566,259,307,16501,80.37312565384168,0.9514930507774872,0.8504920049200492,0.8981619796064167,13829,2431,705
Saimiri_boliviensis,Varecia_variegata,same-order,5,2,4,566,294,272,16509,81.48298924105845,0.9533238075797782,0.8606794029117267,0.9046358471074379,14011,2268,686
Saimiri_boliviensis,Varecia_variegata,same-order,5,2,5,566,303,263,16516,81.88426868275661,0.9539941730469544,0.8645462360309468,0.907070381703978,14080,2206,679
Saimiri_boliviensis,Varecia_variegata,same-order,5,2,6,566,311,255,16521,82.37518910741301,0.9551342598839563,0.8685276073619632,0.9097744360902256,14157,2143,665
Saimiri_boliviensis,Varecia_variegata,same-order,6,0,1,679,107,572,16495,75.73858030065587,0.9467459914387288,0.8039553939991374,0.8695275538082227,13049,3182,734
Saimiri_boliviensis,Varecia_variegata,same-order,6,0,2,679,239,440,16493,79.29131571304096,0.9497634288895074,0.8403620020932094,0.8917197452229301,13650,2593,722
Saimiri_boliviensis,Varecia_variegata,same-order,6,0,3,679,329,350,16504,81.98721673445671,0.9523488120950324,0.8678270496340489,0.9081255028157683,14110,2149,706
Saimiri_boliviensis,Varecia_variegata,same-order,6,0,4,679,382,297,16509,83.30519820711334,0.9552766837994794,0.8782448603866216,0.915142601355672,14311,1984,670
Saimiri_boliviensis,Varecia_variegata,same-order,6,0,5,679,401,278,16511,83.88148320624018,0.955697042048017,0.8842118181260354,0.9185657370517929,14410,1887,668
Saimiri_boliviensis,Varecia_variegata,same-order,6,0,6,679,409,270,16510,84.11062590975254,0.9559923234729667,0.8862576687116565,0.9198051637961223,14446,1854,665
Saimiri_boliviensis,Varecia_variegata,same-order,6,1,1,679,117,562,16503,76.0376153712196,0.947623526007379,0.8065390062188289,0.8714076636508781,13099,3142,724
Saimiri_boliviensis,Varecia_variegata,same-order,6,1,2,679,275,404,16494,80.07208464132077,0.9511117248998757,0.8472657931967768,0.8961905071732977,13774,2483,708
Saimiri_boliviensis,Varecia_variegata,same-order,6,1,3,679,361,318,16502,82.2280395578825,0.9535856439317277,0.8684032684155557,0.9090032154340837,14135,2142,688
Saimiri_boliviensis,Varecia_variegata,same-order,6,1,4,679,384,295,16512,82.71166715158569,0.9547927722173709,0.8724527375398968,0.9117675358414317,14214,2078,673
Saimiri_boliviensis,Varecia_variegata,same-order,6,1,5,679,396,283,16514,82.95011351068165,0.9554140127388535,0.8742331288343558,0.913022585295531,14250,2050,665
Saimiri_boliviensis,Varecia_variegata,same-order,6,1,6,679,399,280,16514,83.12179785747554,0.9556864582636053,0.8757283935471999,0.913961974265412,14277,2026,662
Saimiri_boliviensis,Varecia_variegata,same-order,6,2,1,679,115,564,16495,76.34833091436865,0.9474101289532454,0.8100400369571913,0.8733563554256872,13151,3084,730
Saimiri_boliviensis,Varecia_variegata,same-order,6,2,2,679,304,375,16496,80.18363551836354,0.9509303928325293,0.8489509628991571,0.8970516529597243,13798,2455,712
Saimiri_boliviensis,Varecia_variegata,same-order,6,2,3,679,366,313,16496,81.87529083294555,0.9528838342810723,0.8652037617554859,0.9069295447955928,14076,2193,696
Saimiri_boliviensis,Varecia_variegata,same-order,6,2,4,679,390,289,16507,82.97835195530726,0.9546732726298875,0.875429764243615,0.9133358954650269,14259,2029,677
Saimiri_boliviensis,Varecia_variegata,same-order,6,2,5,679,410,269,16507,83.53701117318435,0.9549627461415646,0.881323673870334,0.9166666666666667,14355,1933,677
Saimiri_boliviensis,Varecia_variegata,same-order,6,2,6,679,428,251,16507,84.28654630168899,0.9561942517343904,0.8877438351122562,0.9206985399370168,14472,1830,663
Saimiri_boliviensis,Varecia_variegata,same-order,7,0,1,792,123,669,16493,76.56113854196921,0.9480650266148756,0.8114264606291941,0.8744402056725825,13180,3063,722
Saimiri_boliviensis,Varecia_variegata,same-order,7,0,2,792,307,485,16499,80.72247106043861,0.9525018875694968,0.8527622442081976,0.8998767913883665,13877,2396,692
Saimiri_boliviensis,Varecia_variegata,same-order,7,0,3,792,389,403,16509,82.38715681712425,0.9539974405603826,0.8699177005281906,0.9100195958752288,14164,2118,683
Saimiri_boliviensis,Varecia_variegata,same-order,7,0,4,792,428,364,16516,83.32848583561166,0.955,0.8793738489871087,0.915627996164909,14325,1965,675
Saimiri_boliviensis,Varecia_variegata,same-order,7,0,5,792,457,335,16518,84.0162980209546,0.9561473237943826,0.8853585229712323,0.919392337335584,14434,1869,662
Saimiri_boliviensis,Varecia_variegata,same-order,7,0,6,792,468,324,16518,84.246375967864,0.9564441506939855,0.8874647369066602,0.9206642066420664,14471,1835,659
Saimiri_boliviensis,Varecia_variegata,same-order,7,1,1,792,130,662,16500,76.4644412191582,0.9478267127230858,0.8110221674876847,0.8741040615874702,13171,3069,725
Saimiri_boliviensis,Varecia_variegata,same-order,7,1,2,792,346,446,16501,80.95459566304285,0.9521367521367521,0.8561328004918537,0.9015862738750404,13925,2340,700
Saimiri_boliviensis,Varecia_variegata,same-order,7,1,3,792,427,365,16504,82.96783200511896,0.9540468227424749,0.876213294016464,0.9134750864608684,14263,2015,687
Saimiri_boliviensis,Varecia_variegata,same-order,7,1,4,792,467,325,16513,83.8221601489758,0.9554892205638474,0.8840063827175647,0.9183588893493576,14404,1890,671
Saimiri_boliviensis,Varecia_variegata,same-order,7,1,5,792,485,307,16518,84.49761322621958,0.956507413509061,0.8902177246243483,0.9221728081321474,14515,1790,660
Saimiri_boliviensis,Varecia_variegata,same-order,7,1,6,792,498,294,16515,84.75425110645236,0.9568075734665702,0.8924454255580083,0.9235064564231098,14554,1754,657
Saimiri_boliviensis,Varecia_variegata,same-order,7,2,1,792,132,660,16499,75.77939042089986,0.9473111256259525,0.8038056530574543,0.8696781930841495,13053,3186,726
Saimiri_boliviensis,Varecia_variegata,same-order,7,2,2,792,298,494,16496,79.74528960223307,0.9514327343370568,0.8430986781432523,0.8939956972423234,13713,2552,700
Saimiri_boliviensis,Varecia_variegata,same-order,7,2,3,792,395,397,16502,82.53811241708367,0.9539982513955209,0.8712609790553406,0.9107544141252006,14185,2096,684
Saimiri_boliviensis,Varecia_variegata,same-order,7,2,4,792,442,350,16503,83.64377182770663,0.9550076427194789,0.8822445972495089,0.9171852561033987,14370,1918,677
Saimiri_boliviensis,Varecia_variegata,same-order,7,2,5,792,472,320,16502,84.3717247001281,0.9556786703601108,0.8893389799300313,0.9213161659513591,14490,1803,672
Saimiri_boliviensis,Varecia_variegata,same-order,7,2,6,792,487,305,16506,84.97466658901637,0.9564105925537494,0.8951533742331288,0.9247686652300672,14591,1709,665
Saimiri_boliviensis,Varecia_variegata,same-order,8,0,1,905,151,754,16504,76.60957910014514,0.9481928576561041,0.8123614873183945,0.8750372998242764,13196,3048,721
Saimiri_boliviensis,Varecia_variegata,same-order,8,0,2,905,359,546,16499,81.15436085413394,0.9529926209346816,0.8569146648645328,0.9024035195548799,13948,2329,688
Saimiri_boliviensis,Varecia_variegata,same-order,8,0,3,905,487,418,16505,83.4419741590036,0.9549087518316238,0.8802185658153242,0.9160437032777459,14337,1951,677
Saimiri_boliviensis,Varecia_variegata,same-order,8,0,4,905,526,379,16508,84.19582047849119,0.9556656755863892,0.88768871977415,0.9204238124025582,14464,1830,671
Saimiri_boliviensis,Varecia_variegata,same-order,8,0,5,905,560,345,16508,85.09956911610574,0.9564164648910412,0.8966807779618382,0.9255858138062065,14615,1684,666
Saimiri_boliviensis,Varecia_variegata,same-order,8,0,6,905,575,330,16508,85.56616961789375,0.9570032573289903,0.900950628641521,0.9281314168377823,14690,1615,660
Saimiri_boliviensis,Varecia_variegata,same-order,8,1,1,905,152,753,16505,76.11611030478954,0.9479430265345962,0.8070791012619267,0.8718579598350843,13111,3134,720
Saimiri_boliviensis,Varecia_variegata,same-order,8,1,2,905,356,549,16495,79.9569717409001,0.9513629445136295,0.8455909482228509,0.8953639796848548,13751,2511,703
Saimiri_boliviensis,Varecia_variegata,same-order,8,1,3,905,439,466,16503,81.75577404153819,0.9534568152520524,0.863259413968917,0.906119027661358,14053,2226,686
Saimiri_boliviensis,Varecia_variegata,same-order,8,1,4,905,479,426,16517,82.66208823187056,0.9552730696798494,0.8713496932515338,0.9113834702258727,14203,2097,665
Saimiri_boliviensis,Varecia_variegata,same-order,8,1,5,905,512,393,16519,83.34595003785012,0.9563038685107236,0.877505977561155,0.915211970074813,14313,1998,654
Saimiri_boliviensis,Varecia_variegata,same-order,8,1,6,905,528,377,16519,83.77984857309261,0.9567039106145251,0.8817579992644354,0.9177033492822967,14385,1929,651
Saimiri_sciureus,Homo_sapiens,same-order,1,0,1,111,39,72,16479,74.47414294015107,0.9460436964865663,0.8092562192195984,0.8723201524535494,12817,3021,731
Saimiri_sciureus,Homo_sapiens,same-order,1,0,2,111,49,62,16478,75.20483467952815,0.9465369706721275,0.8171486298775098,0.8770966758157974,12942,2896,731
Saimiri_sciureus,Homo_sapiens,same-order,1,0,3,111,51,60,16478,75.38497297925504,0.946657910099241,0.8191059477206718,0.8782749983074944,12973,2865,731
Saimiri_sciureus,Homo_sapiens,same-order,1,0,4,111,51,60,16478,75.38497297925504,0.946657910099241,0.8191059477206718,0.8782749983074944,12973,2865,731
Saimiri_sciureus,Homo_sapiens,same-order,1,1,1,111,34,77,16468,74.2314174463881,0.945307874481942,0.8068856601389767,0.8706291323018198,12773,3057,739
Saimiri_sciureus,Homo_sapiens,same-order,1,1,2,111,43,68,16471,74.86341973730094,0.9460193889541716,0.8135025893646584,0.8747707979626487,12881,2953,735
Saimiri_sciureus,Homo_sapiens,same-order,1,1,3,111,43,68,16471,74.86341973730094,0.9460193889541716,0.8135025893646584,0.8747707979626487,12881,2953,735
Saimiri_boliviensis,Varecia_variegata,same-order,8,2,1,905,149,756,16505,76.55152394775037,0.9482237882928233,0.8116959064327486,0.8746641902424465,13186,3059,720
Saimiri_boliviensis,Varecia_variegata,same-order,8,2,2,905,396,509,16503,81.09553991975345,0.9525956284153005,0.8571077376928278,0.9023325029924623,13946,2325,694
Saimiri_boliviensis,Varecia_variegata,same-order,8,2,3,905,491,414,16510,83.49616189811584,0.9544004254187716,0.8819952085508938,0.9167704242888611,14358,1921,686
Saimiri_boliviensis,Varecia_variegata,same-order,8,2,4,905,539,366,16522,84.56883509833585,0.9563100407948414,0.8916017422244034,0.9228229467602145,14534,1767,664
Saimiri_boliviensis,Varecia_variegata,same-order,8,2,5,905,578,327,16525,85.63442613404763,0.9577960140679953,0.9012686155543298,0.9286729184427395,14706,1611,648
Saimiri_boliviensis,Varecia_variegata,same-order,8,2,6,905,597,308,16518,86.2004662004662,0.9584035246857587,0.9062059670403725,0.9315741411342382,14792,1531,642
Saimiri_sciureus,Homo_sapiens,same-order,1,2,1,111,35,76,16476,74.50171421930385,0.9459200236092666,0.809611012882041,0.87247363048656,12821,3015,733
Saimiri_sciureus,Homo_sapiens,same-order,1,2,2,111,45,66,16480,75.39087474571346,0.9470648364485982,0.8186695278969958,0.8781990521327016,12971,2873,725
Saimiri_sciureus,Homo_sapiens,same-order,1,2,3,111,47,64,16480,75.52455681487939,0.9471535826226402,0.8201211815198183,0.8790718127388967,12994,2850,725
Saimiri_sciureus,Homo_sapiens,same-order,1,2,4,111,48,63,16481,75.59572242241079,0.9472036120011652,0.8209416813935875,0.879564511766297,13007,2837,725
Saimiri_sciureus,Homo_sapiens,same-order,1,2,5,111,49,62,16480,75.65823888404533,0.9472420317275506,0.8215728351426408,0.8799432163861286,13017,2827,725
Saimiri_sciureus,Homo_sapiens,same-order,1,2,6,111,49,62,16480,75.65823888404533,0.9472420317275506,0.8215728351426408,0.8799432163861286,13017,2827,725
Saimiri_sciureus,Homo_sapiens,same-order,2,0,1,221,66,155,16468,76.18216716105391,0.9475511828112566,0.8266851805099722,0.883001314591971,13098,2746,725
Saimiri_sciureus,Homo_sapiens,same-order,2,0,2,221,101,120,16471,78.07645313318206,0.949345596038203,0.8464643915978048,0.8949579831932772,13419,2434,716
Saimiri_sciureus,Homo_sapiens,same-order,2,0,3,221,106,115,16471,78.40809914470239,0.9495490417136415,0.8500599255661389,0.8970544183724414,13476,2377,716
Saimiri_sciureus,Homo_sapiens,same-order,2,0,4,221,111,110,16471,78.71275605214153,0.9499262588664934,0.8530524722502523,0.8988868582821066,13526,2330,713
Saimiri_sciureus,Homo_sapiens,same-order,2,0,5,221,114,107,16471,78.84078212290503,0.9500035060654933,0.8544399596367306,0.8996912043032175,13548,2308,713
Saimiri_sciureus,Homo_sapiens,same-order,2,0,6,221,115,106,16471,78.94553072625699,0.9500665312696968,0.8555751765893037,0.9003484320557491,13566,2290,713
Saimiri_sciureus,Homo_sapiens,same-order,2,1,1,221,61,160,16464,76.10629761004826,0.9469647637652847,0.8264713311442283,0.8826246754560475,13088,2748,733
Saimiri_sciureus,Homo_sapiens,same-order,2,1,2,221,99,122,16471,78.24063299976729,0.9493822802682669,0.8483472117083017,0.8960255855015491,13448,2404,717
Saimiri_sciureus,Homo_sapiens,same-order,2,1,3,221,111,110,16480,79.16327243104853,0.9506673188456433,0.8576561810502427,0.9017697355339034,13605,2258,706
Saimiri_sciureus,Homo_sapiens,same-order,2,1,4,221,118,103,16481,79.5112016293279,0.9510022271714922,0.8612669398046013,0.9039129428108358,13664,2201,704
Saimiri_sciureus,Homo_sapiens,same-order,2,1,5,221,118,103,16481,79.5112016293279,0.9510022271714922,0.8612669398046013,0.9039129428108358,13664,2201,704
Saimiri_sciureus,Homo_sapiens,same-order,2,2,1,221,63,158,16474,75.39525691699605,0.9467192175753595,0.818927962623903,0.8781990521327013,12971,2868,730
Saimiri_sciureus,Homo_sapiens,same-order,2,2,2,221,86,135,16476,76.90294818863755,0.9483005879822172,0.834490156486623,0.8877626367725046,13225,2623,721
Saimiri_sciureus,Homo_sapiens,same-order,2,2,3,221,98,123,16476,77.66532891292968,0.9490405117270789,0.8423542770628312,0.8925205534389412,13353,2499,717
Saimiri_sciureus,Homo_sapiens,same-order,2,2,4,221,102,119,16476,77.77002268365032,0.9491056218057922,0.8434897804693414,0.893186372745491,13371,2481,717
Saimiri_sciureus,Homo_sapiens,same-order,2,2,5,221,103,118,16476,77.9277444877538,0.949461298554012,0.8447906155398587,0.8940728874649579,13395,2461,713
Saimiri_sciureus,Homo_sapiens,same-order,2,2,6,221,103,118,16476,77.9277444877538,0.949461298554012,0.8447906155398587,0.8940728874649579,13395,2461,713
Saimiri_sciureus,Homo_sapiens,same-order,3,0,1,332,99,233,16479,76.65116279069767,0.9481481481481482,0.8319030792529025,0.8862299600040332,13184,2664,721
Saimiri_sciureus,Homo_sapiens,same-order,3,0,2,332,147,185,16484,79.05853601768882,0.9508712996010917,0.856305539799584,0.9011142061281336,13587,2280,702
Saimiri_sciureus,Homo_sapiens,same-order,3,0,3,332,170,162,16489,80.34466697717745,0.9525781735348934,0.8689081979599547,0.9088214956040701,13800,2082,687
Saimiri_sciureus,Homo_sapiens,same-order,3,0,4,332,182,150,16488,80.85007278020379,0.9528580251149386,0.8743231331066617,0.9119028074207848,13886,1996,687
Saimiri_sciureus,Homo_sapiens,same-order,3,0,5,332,190,142,16491,81.03418156408316,0.9532812714070421,0.8759363001195947,0.9129735935706085,13916,1971,682
Saimiri_sciureus,Homo_sapiens,same-order,3,0,6,332,191,141,16491,81.03418156408316,0.9532812714070421,0.8759363001195947,0.9129735935706085,13916,1971,682
Saimiri_sciureus,Homo_sapiens,same-order,3,1,1,332,104,228,16466,77.25818647123829,0.9481084939329051,0.8384673652316627,0.8899236232078253,13283,2559,727
Saimiri_sciureus,Homo_sapiens,same-order,3,1,2,332,160,172,16468,79.90221756591583,0.9506266879024998,0.8657921291624622,0.9062283394395485,13728,2128,713
Saimiri_sciureus,Homo_sapiens,same-order,3,1,3,332,186,146,16471,81.11647942255078,0.9516492522024176,0.8785700775487044,0.9136506687647522,13935,1926,708
Saimiri_sciureus,Homo_sapiens,same-order,3,1,4,332,192,140,16472,81.40062871114216,0.9519368234733474,0.8814852171720355,0.9153574234092694,13983,1880,706
Saimiri_sciureus,Homo_sapiens,same-order,3,1,5,332,195,137,16472,81.57419805553938,0.9520962152612625,0.8832576903681291,0.9163859913017888,14012,1852,705
Saimiri_sciureus,Homo_sapiens,same-order,3,1,6,332,196,136,16472,81.67898934621878,0.9521547336274178,0.8843923348461926,0.9170234321383053,14030,1834,705
Saimiri_sciureus,Homo_sapiens,same-order,3,2,1,332,98,234,16461,76.50788111440703,0.9472850352873398,0.8305866009976637,0.885105810315244,13154,2683,732
Saimiri_sciureus,Homo_sapiens,same-order,3,2,2,332,158,174,16478,79.54029677043934,0.9508208124652198,0.8617450510654394,0.9040941861234209,13669,2193,707
Saimiri_sciureus,Homo_sapiens,same-order,3,2,3,332,182,150,16474,80.60309698451508,0.9516151202749141,0.8727387330601954,0.9104718066743384,13846,2019,704
Saimiri_sciureus,Homo_sapiens,same-order,3,2,4,332,193,139,16482,81.32386330558305,0.9526050190943808,0.879992440468691,0.914860174209182,13969,1905,695
Saimiri_sciureus,Homo_sapiens,same-order,3,2,5,332,203,129,16481,81.59641360037261,0.9527532290958531,0.8828902608038302,0.9164922835469528,14015,1859,695
Saimiri_sciureus,Homo_sapiens,same-order,3,2,6,332,207,125,16482,81.82929669306009,0.9529459624381313,0.8853543307086614,0.9179075235109717,14055,1820,694
Saimiri_sciureus,Homo_sapiens,same-order,4,0,1,442,123,319,16485,77.8100831540385,0.949478464485915,0.8438544491391814,0.8935559265442403,13381,2476,712
Saimiri_sciureus,Homo_sapiens,same-order,4,0,2,442,239,203,16480,81.60591591941306,0.9528180025834523,0.8828346456692914,0.9164922835469527,14015,1860,694
Saimiri_sciureus,Homo_sapiens,same-order,4,0,3,442,279,163,16486,83.28964995049216,0.954415003670827,0.900163666121113,0.9264958372477243,14300,1586,683
Saimiri_sciureus,Homo_sapiens,same-order,4,0,4,442,303,139,16489,84.21880461377141,0.95526628782873,0.9097029952177196,0.9319280603364919,14457,1435,677
Saimiri_sciureus,Homo_sapiens,same-order,4,0,5,442,308,134,16488,84.56160792309933,0.9554370721432333,0.913352630254216,0.9339209882897955,14515,1377,677
Saimiri_sciureus,Homo_sapiens,same-order,4,0,6,442,317,125,16487,84.7821020741086,0.9555453411254843,0.9156808457085326,0.9351884579544361,14552,1340,677
Saimiri_sciureus,Homo_sapiens,same-order,4,1,1,442,144,298,16474,78.2684587187991,0.9496646664313448,0.8483854692230071,0.8961726791246128,13452,2404,713
Saimiri_sciureus,Homo_sapiens,same-order,4,1,2,442,243,199,16482,81.67947822035872,0.9531122587659691,0.8833049940172555,0.9168818434384703,14026,1853,690
Saimiri_sciureus,Homo_sapiens,same-order,4,1,3,442,282,160,16478,83.45571095571096,0.9545424248483637,0.9014288411909108,0.9272256393654905,14321,1566,682
Saimiri_sciureus,Homo_sapiens,same-order,4,1,4,442,308,134,16481,84.30286780135229,0.955410225921522,0.9099660249150623,0.9321345707656613,14463,1431,675
Saimiri_sciureus,Homo_sapiens,same-order,4,1,5,442,315,127,16485,84.64945509645084,0.9556549773011382,0.9138093740169865,0.9342638451148132,14525,1370,674
Saimiri_sciureus,Homo_sapiens,same-order,4,1,6,442,318,124,16482,84.8915831196083,0.9557684735529597,0.9162629757785468,0.9355988822150131,14564,1331,674
Saimiri_sciureus,Homo_sapiens,same-order,4,2,1,442,146,296,16478,77.49229785502529,0.9484206033010814,0.8413910628629134,0.891705685618729,13331,2513,725
Saimiri_sciureus,Homo_sapiens,same-order,4,2,2,442,236,206,16468,80.38759238782518,0.9507846916299559,0.8712627728018166,0.9092883944440787,13813,2041,715
Saimiri_sciureus,Homo_sapiens,same-order,4,2,3,442,267,175,16476,81.46531657355679,0.9518596586659414,0.8826051320849884,0.9159251504841665,13999,1862,708
Saimiri_sciureus,Homo_sapiens,same-order,4,2,4,442,277,165,16474,82.09172389710162,0.9522041450077634,0.8892881911607087,0.9196713829301689,14105,1756,708
Saimiri_sciureus,Homo_sapiens,same-order,4,2,5,442,288,154,16474,82.70361529952844,0.9528472734589845,0.8953737551997983,0.923216896831844,14206,1660,703
Saimiri_sciureus,Homo_sapiens,same-order,4,2,6,442,292,150,16474,82.98305874134016,0.9529985959751287,0.8983990923988403,0.9248937481750641,14254,1612,703
Saimiri_sciureus,Homo_sapiens,same-order,5,0,1,553,168,385,16473,78.10282656740723,0.9490459363957597,0.8473624432104997,0.8953263550903393,13429,2419,721
Saimiri_sciureus,Homo_sapiens,same-order,5,0,2,553,270,283,16469,80.74168946847529,0.9514303354599711,0.8744089275581616,0.9112950916617385,13869,1992,708
Saimiri_sciureus,Homo_sapiens,same-order,5,0,3,553,314,239,16476,82.37418452935694,0.9533504112174733,0.8907224286704037,0.9209729412913938,14142,1735,692
Saimiri_sciureus,Homo_sapiens,same-order,5,0,4,553,332,221,16477,83.06634822624804,0.9538461538461539,0.8980414383777316,0.9251029874468845,14260,1619,690
Saimiri_sciureus,Homo_sapiens,same-order,5,0,5,553,345,208,16479,83.85686811585757,0.9548742451390272,0.9055950657687708,0.9295820143420117,14389,1500,680
Saimiri_sciureus,Homo_sapiens,same-order,5,0,6,553,356,197,16479,84.38046392353421,0.9552022167975193,0.911139081183134,0.9326504976326214,14478,1412,679
Saimiri_sciureus,Homo_sapiens,same-order,5,1,1,553,162,391,16473,78.29475398394788,0.9491644927025312,0.849444724886421,0.8965402417501915,13462,2386,721
Saimiri_sciureus,Homo_sapiens,same-order,5,1,2,553,286,267,16481,81.60055914730037,0.9531909103279358,0.8821862603110635,0.9163151182183852,14010,1871,688
Saimiri_sciureus,Homo_sapiens,same-order,5,1,3,553,343,210,16490,83.20419458199825,0.954870629136859,0.8985780797785328,0.9258695017989692,14282,1612,675
Saimiri_sciureus,Homo_sapiens,same-order,5,1,4,553,360,193,16494,83.87904917268702,0.9555319572575828,0.9055286496006039,0.9298585545436931,14397,1502,670
Saimiri_sciureus,Homo_sapiens,same-order,5,1,5,553,374,179,16490,84.32983682983684,0.955749290007265,0.9101830303792692,0.932409793814433,14471,1428,670
Saimiri_sciureus,Homo_sapiens,same-order,5,1,6,553,381,172,16490,84.86914961823163,0.9561991069083268,0.9156709847817884,0.9354963058143271,14561,1341,667
Saimiri_sciureus,Homo_sapiens,same-order,5,2,1,553,161,392,16464,77.98079720686646,0.9489449086531653,0.845595658758203,0.8942942942942944,13401,2447,721
Saimiri_sciureus,Homo_sapiens,same-order,5,2,2,553,285,268,16473,81.73188912182623,0.9525587077507806,0.8843730308758664,0.9172003659652334,14035,1835,699
Saimiri_sciureus,Homo_sapiens,same-order,5,2,3,553,349,204,16477,83.68191086513254,0.954291788466649,0.9044770480448334,0.9287169042769857,14364,1517,688
Saimiri_sciureus,Homo_sapiens,same-order,5,2,4,553,375,178,16483,84.44289125749899,0.9548208640674394,0.9127998488950451,0.9333376251327775,14498,1385,686
Saimiri_sciureus,Homo_sapiens,same-order,5,2,5,553,383,170,16481,84.82553736820644,0.9550104931794333,0.9168293143612668,0.9355305001445504,14562,1321,686
Saimiri_sciureus,Homo_sapiens,same-order,5,2,6,553,395,158,16481,85.25984618969937,0.9554090226545668,0.9211884678333123,0.9379867320449957,14634,1252,683
Saimiri_sciureus,Homo_sapiens,same-order,6,0,1,663,206,457,16478,78.46753548987665,0.9499894343875467,0.8504319313954222,0.897458078253926,13487,2372,710
Saimiri_sciureus,Homo_sapiens,same-order,6,0,2,663,370,293,16483,82.45123726346434,0.9534100855046118,0.891919128298797,0.9216400911161732,14161,1716,692
Saimiri_sciureus,Homo_sapiens,same-order,6,0,3,663,425,238,16486,84.25866588989223,0.9551578391229693,0.91019509125236,0.9321345707656613,14463,1427,679
Saimiri_sciureus,Homo_sapiens,same-order,6,0,4,663,455,208,16490,85.08567432101644,0.9562454968232135,0.9181183573360167,0.9367941478439425,14599,1302,668
Saimiri_sciureus,Homo_sapiens,same-order,6,0,5,663,473,190,16488,85.75925386184785,0.9566291696469211,0.9251666457049428,0.9406348901889326,14712,1190,667
Saimiri_sciureus,Homo_sapiens,same-order,6,0,6,663,493,170,16487,86.3238894718433,0.9568982229402262,0.9312036221858886,0.9438760875800747,14808,1094,667
Saimiri_sciureus,Homo_sapiens,same-order,6,1,1,663,193,470,16475,78.30512417844471,0.9493688738452859,0.8493470443505141,0.8965769845498136,13463,2388,718
Saimiri_sciureus,Homo_sapiens,same-order,6,1,2,663,347,316,16482,81.95795236153981,0.9533261075734996,0.8862090680100756,0.918543176032896,14073,1807,689
Saimiri_sciureus,Homo_sapiens,same-order,6,1,3,663,421,242,16486,84.18507080006992,0.9553630472159768,0.9089593557317227,0.9315836987361362,14447,1447,675
Saimiri_sciureus,Homo_sapiens,same-order,6,1,4,663,451,212,16487,85.21541421325716,0.9564221684224301,0.9191347544488462,0.9374078111973322,14617,1286,666
Saimiri_sciureus,Homo_sapiens,same-order,6,1,5,663,469,194,16488,85.83090379008746,0.9569626836562215,0.9253787640661344,0.9409057496244686,14720,1187,662
Saimiri_sciureus,Homo_sapiens,same-order,6,1,6,663,478,185,16487,86.06332730771473,0.9570715258413851,0.9278305148676683,0.9422242083758938,14759,1148,662
Saimiri_sciureus,Homo_sapiens,same-order,6,2,1,663,211,452,16471,78.53153362811264,0.9495603236018291,0.8515013878374968,0.8978614427777962,13498,2354,717
Saimiri_sciureus,Homo_sapiens,same-order,6,2,2,663,372,291,16470,82.3800093196645,0.9529681288322889,0.8911221725159095,0.9210080750195363,14143,1728,698
Saimiri_sciureus,Homo_sapiens,same-order,6,2,3,663,437,226,16482,84.04732762137903,0.9552832063597217,0.907260601484837,0.9306528122882312,14420,1474,675
Saimiri_sciureus,Homo_sapiens,same-order,6,2,4,663,462,201,16478,84.76068326240308,0.9556329696332325,0.9147477035359255,0.9347434743474347,14539,1355,675
Saimiri_sciureus,Homo_sapiens,same-order,6,2,5,663,475,188,16477,85.08628731343283,0.9557927827624599,0.9182081288536554,0.936623559991015,14594,1300,675
Saimiri_sciureus,Homo_sapiens,same-order,6,2,6,663,482,181,16478,85.57019589552239,0.95609406553319,0.9233721296005033,0.9394482493759201,14677,1218,674
Saimiri_sciureus,Homo_sapiens,same-order,7,0,1,774,231,543,16476,78.53528008841836,0.9497045582442318,0.8515831966696102,0.8979714000665115,13501,2353,715
Saimiri_sciureus,Homo_sapiens,same-order,7,0,2,774,411,363,16479,82.12996389891697,0.9530405405405405,0.8885599092856243,0.9196713829301688,14105,1769,695
Saimiri_sciureus,Homo_sapiens,same-order,7,0,3,774,470,304,16481,83.7129376128619,0.9544397954439795,0.9048038783605112,0.9289592760180996,14371,1512,686
Saimiri_sciureus,Homo_sapiens,same-order,7,0,4,774,508,266,16483,84.51631701631702,0.9554018445322793,0.9125975333501133,0.9335092687950566,14503,1389,677
Saimiri_sciureus,Homo_sapiens,same-order,7,0,5,774,530,244,16487,85.05566241184356,0.9561029941689052,0.9178564689603119,0.9365894358513575,14593,1306,670
Saimiri_sciureus,Homo_sapiens,same-order,7,0,6,774,550,224,16486,85.51442728067619,0.9563856835517309,0.9226415094339623,0.9392106021319505,14670,1230,669
Saimiri_sciureus,Homo_sapiens,same-order,7,1,1,774,237,537,16474,78.7771249054628,0.9498456790123457,0.8541062192506623,0.8994354035204251,13541,2313,715
Saimiri_sciureus,Homo_sapiens,same-order,7,1,2,774,415,359,16479,82.38206173558532,0.9534241035319493,0.8908552714447664,0.9210783356124242,14145,1733,691
Saimiri_sciureus,Homo_sapiens,same-order,7,1,3,774,485,289,16479,84.19089796631899,0.9549239920687376,0.9094227985145087,0.931618144888287,14448,1439,682
Saimiri_sciureus,Homo_sapiens,same-order,7,1,4,774,524,250,16480,84.92424242424242,0.9554186061758343,0.9171754043678016,0.9359064928392524,14573,1316,680
Saimiri_sciureus,Homo_sapiens,same-order,7,1,5,774,540,234,16482,85.64350664490557,0.9561397800481551,0.9243787354513998,0.9399910434393193,14693,1202,674
Saimiri_sciureus,Homo_sapiens,same-order,7,1,6,774,556,218,16477,86.1473880597015,0.9563135072163614,0.9296589908141437,0.9427978944010209,14776,1118,675
Saimiri_sciureus,Homo_sapiens,same-order,7,2,1,774,244,530,16476,79.11455000290884,0.9501816657350475,0.8576564076690212,0.9015513126491647,13599,2257,713
Saimiri_sciureus,Homo_sapiens,same-order,7,2,2,774,440,334,16476,82.98083085707627,0.9539821823296939,0.8967384460395417,0.9244750251533543,14242,1640,687
Saimiri_sciureus,Homo_sapiens,same-order,7,2,3,774,519,255,16487,85.02973067506122,0.956270897528355,0.9172431140737014,0.936350505536832,14586,1316,667
Saimiri_sciureus,Homo_sapiens,same-order,7,2,4,774,558,216,16486,85.76842350746269,0.9566885608376147,0.9250455888826008,0.9406010230179027,14711,1192,666
Saimiri_sciureus,Homo_sapiens,same-order,7,2,5,774,573,201,16484,86.3575386410032,0.9572638520721536,0.9307266784008046,0.9438087649402389,14806,1102,661
Saimiri_sciureus,Homo_sapiens,same-order,7,2,6,774,592,182,16483,86.74755016332244,0.9574454387433207,0.9348755343223535,0.9460258897617762,14872,1036,661
Saimiri_sciureus,Homo_sapiens,same-order,8,0,1,884,259,625,16470,79.29348774951987,0.950272004463663,0.8592961654894047,0.9024971848711665,13625,2231,713
Saimiri_sciureus,Homo_sapiens,same-order,8,0,2,884,494,390,16482,82.70720484594327,0.9538523544031705,0.8940939428283592,0.9230069225519191,14200,1682,687
Saimiri_sciureus,Homo_sapiens,same-order,8,0,3,884,565,319,16477,84.89565116007928,0.9555774278215223,0.9163730178706267,0.935564692278042,14563,1329,677
Saimiri_sciureus,Homo_sapiens,same-order,8,0,4,884,621,263,16478,85.96419616304158,0.9564653214818659,0.9272864511259278,0.9416498993963782,14742,1156,671
Saimiri_sciureus,Homo_sapiens,same-order,8,0,5,884,644,240,16480,86.74755016332244,0.9572605561277034,0.9350518704809808,0.946025889761776,14872,1033,664
Saimiri_sciureus,Homo_sapiens,same-order,8,0,6,884,668,216,16480,87.28704784130689,0.9577491837910506,0.9404110880633604,0.949000951474786,14961,948,660
Saimiri_sciureus,Homo_sapiens,same-order,8,1,1,884,264,620,16474,79.13443080681752,0.9499336638502898,0.8581882412313904,0.901733337752295,13604,2248,717
Saimiri_sciureus,Homo_sapiens,same-order,8,1,2,884,479,405,16478,83.29740751529275,0.9541541541541542,0.9002644503211182,0.9264262804937312,14298,1584,687
Saimiri_sciureus,Homo_sapiens,same-order,8,1,3,884,573,311,16485,85.29960363721148,0.9561581182620059,0.9204931437916719,0.9379867320449957,14634,1264,671
Saimiri_sciureus,Homo_sapiens,same-order,8,1,4,884,631,253,16486,86.11159699142907,0.9569133082804199,0.92863430583501,0.9425617461229179,14769,1135,665
Saimiri_sciureus,Homo_sapiens,same-order,8,1,5,884,654,230,16486,86.71565197107535,0.9573783157352562,0.9348085748412649,0.9459588409300551,14870,1037,662
Saimiri_sciureus,Homo_sapiens,same-order,8,1,6,884,673,211,16488,87.17051551201307,0.9577139928241927,0.9395939405368031,0.9485674397943967,14948,961,660
Saimiri_sciureus,Homo_sapiens,same-order,8,2,1,884,278,606,16478,79.09127930653325,0.9503005731860757,0.8572960020179089,0.901405649118154,13595,2263,711
Saimiri_sciureus,Homo_sapiens,same-order,8,2,2,884,495,389,16484,82.50334905935115,0.9538720538720539,0.8917778897003273,0.9217804386021995,14165,1719,685
Saimiri_sciureus,Homo_sapiens,same-order,8,2,3,884,564,320,16485,84.10839160839161,0.9553216838760922,0.9080785201963005,0.9311012192761757,14433,1461,675
Saimiri_sciureus,Homo_sapiens,same-order,8,2,4,884,599,285,16483,84.96152949405456,0.9558659584235032,0.9169602415702064,0.9360089902070958,14576,1320,673
Saimiri_sciureus,Homo_sapiens,same-order,8,2,5,884,635,249,16486,85.83090379008746,0.9568382735309412,0.9254951273184533,0.9409057496244686,14720,1185,664
Saimiri_sciureus,Homo_sapiens,same-order,8,2,6,884,659,225,16486,86.54810495626822,0.9571806281034372,0.9332285444828671,0.9450528460460971,14843,1062,664
Saimiri_sciureus,Gorilla_gorilla,same-order,1,0,1,110,35,75,16472,77.51724137931035,0.9845380455480235,0.7998267433945919,0.8826220553089792,12926,3235,203
Saimiri_sciureus,Gorilla_gorilla,same-order,1,0,2,110,41,69,16472,78.07833023451089,0.9847946138134503,0.8054197859308296,0.8861207542032536,13018,3145,201
Saimiri_sciureus,Gorilla_gorilla,same-order,1,0,3,110,42,68,16472,78.22827325616265,0.984823316218665,0.8069665284909979,0.8870677049682049,13043,3120,201
Saimiri_sciureus,Gorilla_gorilla,same-order,1,0,4,110,43,67,16471,78.3169385796545,0.984839342283904,0.8078327043246922,0.8875972944495428,13057,3106,201
Saimiri_sciureus,Gorilla_gorilla,same-order,1,0,5,110,43,67,16471,78.3169385796545,0.984839342283904,0.8078327043246922,0.8875972944495428,13057,3106,201
Saimiri_sciureus,Gorilla_gorilla,same-order,1,1,1,110,35,75,16472,78.2467921813167,0.9844598672299336,0.8076494615670257,0.8873325627252329,13050,3108,206
Saimiri_sciureus,Gorilla_gorilla,same-order,1,1,2,110,48,62,16470,79.08245877061469,0.9846923536439666,0.8160777275821524,0.8924909478528645,13187,2972,205
Saimiri_sciureus,Gorilla_gorilla,same-order,1,1,3,110,48,62,16470,79.08245877061469,0.9846923536439666,0.8160777275821524,0.8924909478528645,13187,2972,205
Saimiri_sciureus,Gorilla_gorilla,same-order,1,2,1,110,31,79,16465,77.61981884709975,0.9843298341700898,0.8008416883277634,0.8831558831558832,12940,3218,206
Saimiri_sciureus,Gorilla_gorilla,same-order,1,2,2,110,37,73,16464,78.06838632273545,0.9844175491679273,0.805421463052358,0.8859690925182109,13014,3144,206
Saimiri_sciureus,Gorilla_gorilla,same-order,1,2,3,110,39,71,16464,78.19305297258384,0.984515446786011,0.8066093198836561,0.8867269882304918,13034,3125,205
Saimiri_sciureus,Gorilla_gorilla,same-order,1,2,4,110,39,71,16464,78.19305297258384,0.984515446786011,0.8066093198836561,0.8867269882304918,13034,3125,205
Saimiri_sciureus,Gorilla_gorilla,same-order,2,0,1,219,60,159,16472,79.07144142522944,0.9851281668036769,0.8154655119084442,0.8923035267041224,13182,2983,199
Saimiri_sciureus,Gorilla_gorilla,same-order,2,0,2,219,101,118,16484,81.36478213899892,0.98704040771751,0.8375756826887434,0.906186290565155,13557,2629,178
Saimiri_sciureus,Gorilla_gorilla,same-order,2,0,3,219,120,99,16483,82.48153264068225,0.9879154078549849,0.8479871573227957,0.9126187786563891,13734,2462,168
Saimiri_sciureus,Gorilla_gorilla,same-order,2,0,4,219,131,88,16485,83.23723723723724,0.9882344552196235,0.8555466386814001,0.9171161036296859,13859,2340,165
Saimiri_sciureus,Gorilla_gorilla,same-order,2,0,5,219,135,84,16485,83.56156156156156,0.9882795851683478,0.8588801777887524,0.9190474617696601,13913,2286,165
Saimiri_sciureus,Gorilla_gorilla,same-order,2,0,6,219,138,81,16485,83.83783783783784,0.9883177570093458,0.861719859250571,0.920687267090987,13959,2240,165
Saimiri_sciureus,Gorilla_gorilla,same-order,2,1,1,219,53,166,16466,78.83842323153537,0.9849336631436924,0.8129678896244509,0.8907266811279826,13140,3023,201
Saimiri_sciureus,Gorilla_gorilla,same-order,2,1,2,219,83,136,16481,80.27002700270027,0.9864316790797139,0.826761433868974,0.8995662553377493,13377,2803,184
Saimiri_sciureus,Gorilla_gorilla,same-order,2,1,3,219,97,122,16473,81.13479435604924,0.9867104782767433,0.8350636509702138,0.9045754259129095,13513,2669,182
Saimiri_sciureus,Gorilla_gorilla,same-order,2,1,4,219,105,114,16472,81.70299645709481,0.986871690723145,0.8407588209849842,0.9079746413079746,13606,2577,181
Saimiri_sciureus,Gorilla_gorilla,same-order,2,1,5,219,107,112,16473,81.90882335275391,0.987258379787157,0.8424141339263652,0.9091030298990033,13637,2551,176
Saimiri_sciureus,Gorilla_gorilla,same-order,2,1,6,219,107,112,16473,81.90882335275391,0.987258379787157,0.8424141339263652,0.9091030298990033,13637,2551,176
Saimiri_sciureus,Gorilla_gorilla,same-order,2,2,1,219,66,153,16468,79.49717988719549,0.9852755261396594,0.8195595694667821,0.8948097119508324,13249,2917,198
Saimiri_sciureus,Gorilla_gorilla,same-order,2,2,2,219,97,122,16468,81.36631048145036,0.9861757857974389,0.8380116235934215,0.9060766093990239,13554,2620,190
Saimiri_sciureus,Gorilla_gorilla,same-order,2,2,3,219,111,108,16477,82.49174422095467,0.9872098871883308,0.8488199678734709,0.9127993887652394,13739,2447,178
Saimiri_sciureus,Gorilla_gorilla,same-order,2,2,4,219,119,100,16477,82.87498498859134,0.9873381500822662,0.8526595416074628,0.9150699462971558,13802,2385,177
Saimiri_sciureus,Gorilla_gorilla,same-order,2,2,5,219,120,99,16477,82.96505344061487,0.9873517221666428,0.8535862111571014,0.9156091580795864,13817,2370,177
Saimiri_sciureus,Gorilla_gorilla,same-order,2,2,6,219,120,99,16477,82.96505344061487,0.9873517221666428,0.8535862111571014,0.9156091580795864,13817,2370,177
Saimiri_sciureus,Gorilla_gorilla,same-order,3,0,1,328,105,223,16462,81.17385824881474,0.9853573249799665,0.8368495947534492,0.9050518568082971,13526,2637,201
Saimiri_sciureus,Gorilla_gorilla,same-order,3,0,2,328,175,153,16494,84.7715126403651,0.988862426449986,0.8711508793582228,0.9262819461303763,14117,2088,159
Saimiri_sciureus,Gorilla_gorilla,same-order,3,0,3,328,201,127,16488,85.9864190853915,0.9894205504079657,0.8826722595768306,0.9330029667786,14309,1902,153
Saimiri_sciureus,Gorilla_gorilla,same-order,3,0,4,328,215,113,16487,86.70273519687406,0.9898428385148583,0.8894301924025654,0.9369539091174847,14423,1793,148
Saimiri_sciureus,Gorilla_gorilla,same-order,3,0,5,328,223,105,16481,87.09250571394202,0.9900854700854701,0.8927800727541771,0.9389184282194267,14480,1739,145
Saimiri_sciureus,Gorilla_gorilla,same-order,3,0,6,328,226,102,16481,87.22482858173944,0.9901003618488428,0.8941365065663728,0.9396747229961769,14502,1717,145
Saimiri_sciureus,Gorilla_gorilla,same-order,3,1,1,328,115,213,16471,80.91923676947079,0.9857466559462028,0.8340651864679325,0.9035845896147404,13486,2683,195
Saimiri_sciureus,Gorilla_gorilla,same-order,3,1,2,328,179,149,16463,83.50849798810883,0.986660043993472,0.859606824925816,0.9187617694671114,13905,2271,188
Saimiri_sciureus,Gorilla_gorilla,same-order,3,1,3,328,201,127,16471,84.67732243720707,0.9880109373904509,0.870252578274563,0.9254005778828475,14092,2101,171
Saimiri_sciureus,Gorilla_gorilla,same-order,3,1,4,328,206,122,16471,84.89965148419661,0.988041958041958,0.8725375162107083,0.9267044895549797,14129,2064,171
Saimiri_sciureus,Gorilla_gorilla,same-order,3,1,5,328,213,115,16474,85.23280264343647,0.9880902632678646,0.8761193108133144,0.9287421033681386,14187,2006,171
Saimiri_sciureus,Gorilla_gorilla,same-order,3,1,6,328,216,112,16472,85.5108173076923,0.9883309022713065,0.8785502593232897,0.9302127937763541,14229,1967,168
Saimiri_sciureus,Gorilla_gorilla,same-order,3,2,1,328,106,222,16465,80.3024846957148,0.9854901671945201,0.8276118018185192,0.899677245831092,13380,2787,197
Saimiri_sciureus,Gorilla_gorilla,same-order,3,2,2,328,167,161,16481,83.00798846777585,0.9879897054618244,0.853297110397629,0.9157169361250993,13820,2376,168
Saimiri_sciureus,Gorilla_gorilla,same-order,3,2,3,328,183,145,16478,83.5085611294683,0.9881282434065544,0.8581836142495524,0.9185831350779805,13900,2297,167
Saimiri_sciureus,Gorilla_gorilla,same-order,3,2,4,328,189,139,16479,83.89306097927306,0.9882519462137297,0.8620817384862328,0.9208652070693748,13964,2234,166
Saimiri_sciureus,Gorilla_gorilla,same-order,3,2,5,328,191,137,16479,84.01321718233704,0.9882685512367492,0.8633164588220767,0.9215763806511138,13984,2214,166
Saimiri_sciureus,Gorilla_gorilla,same-order,3,2,6,328,191,137,16479,84.01321718233704,0.9882685512367492,0.8633164588220767,0.9215763806511138,13984,2214,166
Saimiri_sciureus,Gorilla_gorilla,same-order,4,0,1,437,110,327,16470,79.98799879987999,0.9855822550831793,0.8244170944399777,0.8978244763251835,13330,2839,195
Saimiri_sciureus,Gorilla_gorilla,same-order,4,0,2,437,187,250,16471,83.44048548939494,0.9877658439433815,0.8576457509881423,0.9181184093087832,13887,2305,172
Saimiri_sciureus,Gorilla_gorilla,same-order,4,0,3,437,241,196,16472,85.60947741896686,0.9890919196831793,0.8783858826433023,0.9304575163398692,14236,1971,157
Saimiri_sciureus,Gorilla_gorilla,same-order,4,0,4,437,263,174,16467,86.6923354590302,0.9893580501201511,0.8890122771299895,0.936504841749529,14410,1799,155
Saimiri_sciureus,Gorilla_gorilla,same-order,4,0,5,437,274,163,16469,87.19244420381399,0.9894866193336974,0.8941394201110425,0.9393998314861625,14494,1716,154
Saimiri_sciureus,Gorilla_gorilla,same-order,4,0,6,437,280,157,16466,87.72563176895306,0.9895479842541062,0.8994447871684146,0.9423474663908997,14580,1630,154
Saimiri_sciureus,Gorilla_gorilla,same-order,4,1,1,437,118,319,16472,80.81238375232495,0.9857289227166276,0.8330137918238605,0.9029598096068113,13469,2700,195
Saimiri_sciureus,Gorilla_gorilla,same-order,4,1,2,437,210,227,16478,84.67683805862566,0.9880843905516227,0.8705075954057058,0.9255769672696235,14097,2097,170
Saimiri_sciureus,Gorilla_gorilla,same-order,4,1,3,437,263,174,16481,86.56007693694777,0.9892835062169403,0.8885118460019743,0.9361937266374126,14401,1807,156
Saimiri_sciureus,Gorilla_gorilla,same-order,4,1,4,437,282,155,16481,87.13031978841067,0.989419795221843,0.8942562773767659,0.9394342007194012,14495,1714,155
Saimiri_sciureus,Gorilla_gorilla,same-order,4,1,5,437,287,150,16481,87.41283962490984,0.9894536299925155,0.8971559010426307,0.9410470458810588,14542,1667,155
Saimiri_sciureus,Gorilla_gorilla,same-order,4,1,6,437,289,148,16485,87.6330186977695,0.9899483835914153,0.8988653182042428,0.9422107304460245,14576,1640,148
Saimiri_sciureus,Gorilla_gorilla,same-order,4,2,1,437,139,298,16467,81.43723359548538,0.9861868411486732,0.8386917274638308,0.906478666176618,13565,2609,190
Saimiri_sciureus,Gorilla_gorilla,same-order,4,2,2,437,254,183,16482,85.4283137962128,0.9893483709273183,0.8766269816791068,0.9295829926410466,14211,2000,153
Saimiri_sciureus,Gorilla_gorilla,same-order,4,2,3,437,298,139,16479,87.24735322425408,0.9901017134275377,0.8942598187311178,0.9397434236102112,14504,1715,145
Saimiri_sciureus,Gorilla_gorilla,same-order,4,2,4,437,313,124,16482,87.79548872180452,0.9902978492435036,0.8998212194069416,0.9428940568475452,14596,1625,143
Saimiri_sciureus,Gorilla_gorilla,same-order,4,2,5,437,318,119,16482,87.9451395572666,0.9903807072212437,0.901245222537295,0.943712884069197,14620,1602,142
Saimiri_sciureus,Gorilla_gorilla,same-order,4,2,6,437,320,117,16482,88.09552454282965,0.9903969703117603,0.9027863395388978,0.9445644812796286,14645,1577,142
Saimiri_sciureus,Gorilla_gorilla,same-order,5,0,1,546,162,384,16461,81.00582128068174,0.9852554744525548,0.8351689147382749,0.9040251825061951,13498,2664,202
Saimiri_sciureus,Gorilla_gorilla,same-order,5,0,2,546,271,275,16477,84.49891852919971,0.9882650551612676,0.8683089461011299,0.9244117260418037,14064,2133,167
Saimiri_sciureus,Gorilla_gorilla,same-order,5,0,3,546,331,215,16479,85.92125037571385,0.9892034050799363,0.8818484698914116,0.9324460971393157,14293,1915,156
Saimiri_sciureus,Gorilla_gorilla,same-order,5,0,4,546,342,204,16479,86.28028617807972,0.9893829713891762,0.8853177051202961,0.9344619892560638,14351,1859,154
Saimiri_sciureus,Gorilla_gorilla,same-order,5,0,5,546,346,200,16479,86.47023451593506,0.9896084233707246,0.8869425769444274,0.9354670830080666,14380,1833,151
Saimiri_sciureus,Gorilla_gorilla,same-order,5,0,6,546,352,194,16479,86.67468430547204,0.9896326810847923,0.889039659532474,0.9366430567288323,14414,1799,151
Saimiri_sciureus,Gorilla_gorilla,same-order,5,1,1,546,149,397,16469,80.5688910225636,0.98568387049409,0.830354381841796,0.9013763007720711,13426,2743,195
Saimiri_sciureus,Gorilla_gorilla,same-order,5,1,2,546,258,288,16471,83.68768768768768,0.9873166584000567,0.8609206054989188,0.9197966862499175,13934,2251,179
Saimiri_sciureus,Gorilla_gorilla,same-order,5,1,3,546,306,240,16468,85.86799711469104,0.9883761156853248,0.8820079031859719,0.9321674442885576,14285,1911,168
Saimiri_sciureus,Gorilla_gorilla,same-order,5,1,4,546,340,206,16468,86.94972335819101,0.9890545902312218,0.8922488274500123,0.9381610537927455,14458,1746,160
Saimiri_sciureus,Gorilla_gorilla,same-order,5,1,5,546,351,195,16466,87.35860409145607,0.9895045321338513,0.8956816779765577,0.9402583945860182,14519,1691,154
Saimiri_sciureus,Gorilla_gorilla,same-order,5,1,6,546,356,190,16467,87.8144181008545,0.989758545849159,0.9000801825695429,0.9427916141745001,14593,1620,151
Saimiri_sciureus,Gorilla_gorilla,same-order,5,2,1,546,150,396,16465,81.91150867503151,0.9861231569817867,0.8436804353203067,0.9093575046654226,13644,2528,192
Saimiri_sciureus,Gorilla_gorilla,same-order,5,2,2,546,256,290,16479,85.14756266153753,0.9889695615749791,0.8741206960385043,0.9280052407468063,14166,2040,158
Saimiri_sciureus,Gorilla_gorilla,same-order,5,2,3,546,313,233,16473,86.77894736842106,0.9895740448590439,0.8898963730569949,0.9370920074047612,14427,1785,152
Saimiri_sciureus,Gorilla_gorilla,same-order,5,2,4,546,342,204,16476,87.48646372277705,0.9900599128540305,0.8966580342828956,0.9410470458810587,14542,1676,146
Saimiri_sciureus,Gorilla_gorilla,same-order,5,2,5,546,350,196,16479,87.81735049933823,0.9902985074626866,0.8998828678873065,0.9429281999935403,14597,1624,143
Saimiri_sciureus,Gorilla_gorilla,same-order,5,2,6,546,353,193,16479,88.13477737665464,0.9904658868077625,0.9029156136349628,0.944666580678447,14648,1575,141
Saimiri_sciureus,Gorilla_gorilla,same-order,6,0,1,655,183,472,16466,81.53993878653304,0.9857080673244342,0.8404156615327519,0.9072818937598077,13587,2580,197
Saimiri_sciureus,Gorilla_gorilla,same-order,6,0,2,655,321,334,16482,85.02493840514393,0.9888873357562203,0.8731255785251466,0.9274079900370333,14149,2056,159
Saimiri_sciureus,Gorilla_gorilla,same-order,6,0,3,655,381,274,16481,87.36696530575432,0.9897820163487738,0.8961391390156654,0.9406357221466951,14530,1684,150
Saimiri_sciureus,Gorilla_gorilla,same-order,6,0,4,655,426,229,16480,88.68367224160751,0.9904589128535913,0.9087042288250524,0.9478218935862402,14741,1481,142
Saimiri_sciureus,Gorilla_gorilla,same-order,6,0,5,655,457,198,16482,89.67198314775806,0.9911522086216072,0.9179348160926621,0.9531394939705083,14899,1332,133
Saimiri_sciureus,Gorilla_gorilla,same-order,6,0,6,655,478,177,16479,90.43289782647962,0.9914191419141914,0.9252186768510533,0.9571756308947235,15020,1214,130
Saimiri_sciureus,Gorilla_gorilla,same-order,6,1,1,655,190,465,16464,81.76689473052454,0.9856750108522645,0.8427564023258691,0.9086301187141524,13624,2542,198
Saimiri_sciureus,Gorilla_gorilla,same-order,6,1,2,655,337,318,16491,85.87563832982877,0.9893410852713178,0.8818013571869217,0.9324809185204515,14294,1916,154
Saimiri_sciureus,Gorilla_gorilla,same-order,6,1,3,655,411,244,16475,87.54285714285714,0.9897986942328618,0.897619341309979,0.9414580503266705,14554,1660,150
Saimiri_sciureus,Gorilla_gorilla,same-order,6,1,4,655,448,207,16482,88.44233198965165,0.9906327919671137,0.9060092449922958,0.9464331702292041,14700,1525,139
Saimiri_sciureus,Gorilla_gorilla,same-order,6,1,5,655,461,194,16475,89.17178283375466,0.9907048281396282,0.9130970724191063,0.9503191250521185,14815,1410,139
Saimiri_sciureus,Gorilla_gorilla,same-order,6,1,6,655,484,171,16477,89.73509933774834,0.9911557387950526,0.9183044790832358,0.9533403690556141,14905,1326,133
Saimiri_sciureus,Gorilla_gorilla,same-order,6,2,1,655,190,465,16468,81.59111377964575,0.9864256678281068,0.840019781170798,0.9073548559409741,13589,2588,187
Saimiri_sciureus,Gorilla_gorilla,same-order,6,2,2,655,344,311,16485,85.36673274463867,0.9887288666249218,0.8771139365510431,0.9295829926410466,14211,1991,162
Saimiri_sciureus,Gorilla_gorilla,same-order,6,2,3,655,405,250,16481,87.01532912533814,0.9894729646592385,0.8929673041332511,0.9387463925548819,14475,1735,154
Saimiri_sciureus,Gorilla_gorilla,same-order,6,2,4,655,429,226,16483,87.98556825015034,0.9900534542255903,0.9022630572855646,0.9441218221706027,14632,1585,147
Saimiri_sciureus,Gorilla_gorilla,same-order,6,2,5,655,448,207,16482,88.83942001082967,0.9906742703790674,0.9100770416024654,0.9486668808223578,14766,1459,139
Saimiri_sciureus,Gorilla_gorilla,same-order,6,2,6,655,465,190,16477,89.37041049717106,0.9908575241908575,0.9150181795772478,0.9514289375881072,14848,1379,137
Saimiri_sciureus,Gorilla_gorilla,same-order,7,0,1,764,217,547,16466,82.25409590109824,0.9858303963173416,0.8477763345085668,0.9116062520784836,13706,2461,197
Saimiri_sciureus,Gorilla_gorilla,same-order,7,0,2,764,420,344,16479,86.44638029438269,0.9885949845413947,0.8883195456229164,0.9357786232237505,14389,1809,166
Saimiri_sciureus,Gorilla_gorilla,same-order,7,0,3,764,502,262,16472,88.10225563909775,0.9896621621621622,0.9035222996730615,0.9446325497404148,14647,1564,153
Saimiri_sciureus,Gorilla_gorilla,same-order,7,0,4,764,540,224,16471,88.90158806544754,0.9897535494240557,0.9116649188822404,0.9491057380470732,14779,1432,153
Saimiri_sciureus,Gorilla_gorilla,same-order,7,0,5,764,552,212,16474,89.32138130188906,0.9901300433477825,0.9155772076961026,0.9513953413860498,14847,1369,148
Saimiri_sciureus,Gorilla_gorilla,same-order,7,0,6,764,561,203,16474,89.74065828268849,0.9903712065874228,0.9195388125038535,0.9536415371826844,14914,1305,145
Saimiri_sciureus,Gorilla_gorilla,same-order,7,1,1,764,220,544,16467,82.02280912364947,0.9860730264107375,0.8450312287428112,0.9101202171234473,13665,2506,193
Saimiri_sciureus,Gorilla_gorilla,same-order,7,1,2,764,410,354,16476,85.96333032762249,0.9890033888927312,0.8824436902190682,0.9326897991129663,14300,1905,159
Saimiri_sciureus,Gorilla_gorilla,same-order,7,1,3,764,475,289,16477,87.72098616957307,0.989620785564073,0.8998827956325951,0.9426208322563969,14588,1623,153
Saimiri_sciureus,Gorilla_gorilla,same-order,7,1,4,764,508,256,16478,88.58878729547642,0.9901835540913064,0.9080651128375878,0.9473481071692772,14727,1491,146
Saimiri_sciureus,Gorilla_gorilla,same-order,7,1,5,764,523,241,16480,89.10688493018777,0.9908981394726275,0.9123736751294059,0.9500160410651267,14806,1422,136
Saimiri_sciureus,Gorilla_gorilla,same-order,7,1,6,764,540,224,16478,89.47685268797784,0.9911309682582022,0.9157168381492207,0.9519326224100938,14863,1368,133
Saimiri_sciureus,Gorilla_gorilla,same-order,7,2,1,764,242,522,16467,82.58389866122351,0.9863760217983651,0.8505008037591196,0.9134130146082339,13756,2418,190
Saimiri_sciureus,Gorilla_gorilla,same-order,7,2,2,764,410,354,16466,85.59235439081566,0.9881340642564708,0.8793923300191441,0.9305973075414978,14240,1953,171
Saimiri_sciureus,Gorilla_gorilla,same-order,7,2,3,764,482,282,16480,87.03859564746904,0.9894751230180426,0.8931523750771129,0.9388496206471694,14478,1732,154
Saimiri_sciureus,Gorilla_gorilla,same-order,7,2,4,764,511,253,16478,88.08177991581479,0.9897297297297297,0.9035282506785097,0.944666580678447,14648,1564,152
Saimiri_sciureus,Gorilla_gorilla,same-order,7,2,5,764,537,227,16479,88.86482584371052,0.9903459372485921,0.910727496917386,0.9488694758478932,14772,1448,144
Saimiri_sciureus,Gorilla_gorilla,same-order,7,2,6,764,554,210,16477,89.51326634979844,0.9904140593795766,0.9172626387176326,0.9524358235708341,14878,1342,144
Saimiri_sciureus,Gorilla_gorilla,same-order,8,0,1,873,273,600,16462,82.65698163044783,0.9859649122807017,0.8516204849084612,0.9138817907277735,13769,2399,196
Saimiri_sciureus,Gorilla_gorilla,same-order,8,0,2,873,494,379,16481,87.0281317624429,0.9894075035877811,0.8932074773274107,0.9388496206471695,14478,1731,155
Saimiri_sciureus,Gorilla_gorilla,same-order,8,0,3,873,584,289,16477,88.20309210130542,0.9901404646137223,0.9040572203724258,0.9451427834719268,14662,1556,146
Saimiri_sciureus,Gorilla_gorilla,same-order,8,0,4,873,623,250,16477,88.79263670817542,0.9902052864618275,0.9100998890122086,0.9484642076853874,14760,1458,146
Saimiri_sciureus,Gorilla_gorilla,same-order,8,0,5,873,637,236,16474,89.38564293880498,0.9903333333333333,0.9159011036438744,0.9516640507383325,14855,1364,145
Saimiri_sciureus,Gorilla_gorilla,same-order,8,0,6,873,664,209,16475,89.9440332189926,0.9905885471898197,0.921341388238195,0.9547109549664643,14946,1276,142
Saimiri_sciureus,Gorilla_gorilla,same-order,8,1,1,873,256,617,16479,82.06420642064207,0.9865820227961333,0.8453455309679813,0.9105193075898802,13676,2502,186
Saimiri_sciureus,Gorilla_gorilla,same-order,8,1,2,873,480,393,16482,86.35216346153847,0.9891237006952571,0.8866469208934963,0.9350860638401718,14369,1837,158
Saimiri_sciureus,Gorilla_gorilla,same-order,8,1,3,873,565,308,16480,88.14048592735145,0.9900027019724399,0.9037987173162308,0.9449387491940684,14656,1560,148
Saimiri_sciureus,Gorilla_gorilla,same-order,8,1,4,873,598,275,16478,88.70307988450433,0.9901960784313726,0.9092366506350968,0.9479909996785599,14746,1472,146
Saimiri_sciureus,Gorilla_gorilla,same-order,8,1,5,873,617,256,16480,89.27926843941763,0.9905219596849553,0.9148070521513993,0.9511601076785028,14840,1382,142
Saimiri_sciureus,Gorilla_gorilla,same-order,8,1,6,873,636,237,16481,89.76411120471778,0.9908994287232629,0.9192703518826647,0.9537418880470572,14917,1310,137
Saimiri_sciureus,Saimiri_boliviensis,same-genus,1,0,1,110,110,0,16472,99.97571636716853,1.0,0.9998178616963147,0.9999089225538116,16468,3,0
Saimiri_sciureus,Saimiri_boliviensis,same-genus,1,0,2,110,110,0,16472,99.97571636716853,1.0,0.9998178616963147,0.9999089225538116,16468,3,0
Saimiri_sciureus,Saimiri_boliviensis,same-genus,1,1,1,110,110,0,16474,99.92716236722306,0.9999392614188533,0.9995749848208865,0.9997570899374507,16463,7,1
Saimiri_sciureus,Saimiri_boliviensis,same-genus,1,1,2,110,110,0,16474,99.92716236722306,0.9999392614188533,0.9995749848208865,0.9997570899374507,16463,7,1
Saimiri_sciureus,Gorilla_gorilla,same-order,8,2,1,873,239,634,16471,82.45740340772738,0.9858690194390646,0.8501268015092472,0.9129799388866746,13744,2423,197
Saimiri_sciureus,Gorilla_gorilla,same-order,8,2,2,873,475,398,16479,86.35981252253335,0.9887856897144823,0.8871057342139375,0.9351900052056221,14372,1829,163
Saimiri_sciureus,Gorilla_gorilla,same-order,8,2,3,873,571,302,16481,88.04883916756887,0.9901920995670995,0.9025833898514088,0.9443602232042061,14639,1580,145
Saimiri_sciureus,Gorilla_gorilla,same-order,8,2,4,873,605,268,16480,88.91830104680544,0.990483849349953,0.9111083713475527,0.9491394811199589,14780,1442,142
Saimiri_sciureus,Gorilla_gorilla,same-order,8,2,5,873,627,246,16477,89.54747863762185,0.9906137664758354,0.917277938728965,0.9525364058249319,14881,1342,141
Saimiri_sciureus,Gorilla_gorilla,same-order,8,2,6,873,641,232,16479,89.99217668652585,0.9908560826928174,0.9216072969308517,0.9549779679417588,14954,1272,138
Saimiri_sciureus,Saimiri_boliviensis,same-genus,1,2,1,110,110,0,16473,99.93929828821173,0.9999392651078044,0.9996357012750455,0.9997874601487778,16464,6,1
Saimiri_sciureus,Saimiri_boliviensis,same-genus,1,2,2,110,110,0,16473,99.93929828821173,0.9999392651078044,0.9996357012750455,0.9997874601487778,16464,6,1
Saimiri_sciureus,Saimiri_boliviensis,same-genus,2,0,1,220,220,0,16472,99.96964545896066,1.0,0.9997571489284196,0.9998785597182586,16467,4,0
Saimiri_sciureus,Saimiri_boliviensis,same-genus,2,0,2,220,220,0,16472,99.96964545896066,1.0,0.9997571489284196,0.9998785597182586,16467,4,0
Saimiri_sciureus,Saimiri_boliviensis,same-genus,2,1,1,220,220,0,16472,99.98178838098707,0.9999392872321049,1.0,0.9999696426945144,16470,0,1
Saimiri_sciureus,Saimiri_boliviensis,same-genus,2,1,2,220,220,0,16472,99.98178838098707,0.9999392872321049,1.0,0.9999696426945144,16470,0,1
Saimiri_sciureus,Saimiri_boliviensis,same-genus,2,2,1,220,220,0,16471,99.97571489284196,1.0,0.9997571489284196,0.9998785597182586,16467,4,0
Saimiri_sciureus,Saimiri_boliviensis,same-genus,2,2,2,220,220,0,16471,99.97571489284196,1.0,0.9997571489284196,0.9998785597182586,16467,4,0
Saimiri_sciureus,Saimiri_boliviensis,same-genus,3,0,1,330,330,0,16472,99.97571636716853,1.0,0.9998178616963147,0.9999089225538116,16468,3,0
Saimiri_sciureus,Saimiri_boliviensis,same-genus,3,0,2,330,330,0,16472,99.97571636716853,1.0,0.9998178616963147,0.9999089225538116,16468,3,0
Saimiri_sciureus,Saimiri_boliviensis,same-genus,3,1,1,330,330,0,16471,100.0,1.0,1.0,1.0,16471,0,0
Saimiri_sciureus,Saimiri_boliviensis,same-genus,3,1,2,330,330,0,16471,100.0,1.0,1.0,1.0,16471,0,0
Saimiri_sciureus,Saimiri_boliviensis,same-genus,3,2,1,330,330,0,16472,99.98178727537639,1.0,0.9998785744642098,0.9999392835458409,16469,2,0
Saimiri_sciureus,Saimiri_boliviensis,same-genus,3,2,2,330,330,0,16472,99.98178727537639,1.0,0.9998785744642098,0.9999392835458409,16469,2,0
Saimiri_sciureus,Saimiri_boliviensis,same-genus,4,0,1,440,440,0,16471,100.0,1.0,1.0,1.0,16471,0,0
Saimiri_sciureus,Saimiri_boliviensis,same-genus,4,0,2,440,440,0,16471,100.0,1.0,1.0,1.0,16471,0,0
Saimiri_sciureus,Saimiri_boliviensis,same-genus,4,1,1,440,440,0,16471,99.98785818358427,0.9999392872321049,1.0,0.9999696426945144,16470,0,1
Saimiri_sciureus,Saimiri_boliviensis,same-genus,4,1,2,440,440,0,16471,99.98785818358427,0.9999392872321049,1.0,0.9999696426945144,16470,0,1
Saimiri_sciureus,Saimiri_boliviensis,same-genus,4,2,1,440,440,0,16471,99.98785818358427,0.9999392872321049,1.0,0.9999696426945144,16470,0,1
Saimiri_sciureus,Saimiri_boliviensis,same-genus,4,2,2,440,440,0,16471,99.98785818358427,0.9999392872321049,1.0,0.9999696426945144,16470,0,1
Saimiri_sciureus,Saimiri_boliviensis,same-genus,5,0,1,550,550,0,16471,99.98785818358427,0.9999392872321049,1.0,0.9999696426945144,16470,0,1
Saimiri_sciureus,Saimiri_boliviensis,same-genus,5,0,2,550,550,0,16471,99.98785818358427,0.9999392872321049,1.0,0.9999696426945144,16470,0,1
Saimiri_sciureus,Saimiri_boliviensis,same-genus,5,1,1,550,550,0,16471,100.0,1.0,1.0,1.0,16471,0,0
Saimiri_sciureus,Saimiri_boliviensis,same-genus,5,1,2,550,550,0,16471,100.0,1.0,1.0,1.0,16471,0,0
Saimiri_sciureus,Saimiri_boliviensis,same-genus,5,2,1,550,550,0,16471,100.0,1.0,1.0,1.0,16471,0,0
Saimiri_sciureus,Saimiri_boliviensis,same-genus,5,2,2,550,550,0,16471,100.0,1.0,1.0,1.0,16471,0,0
Saimiri_sciureus,Saimiri_boliviensis,same-genus,6,0,1,659,659,0,16471,100.0,1.0,1.0,1.0,16471,0,0
Saimiri_sciureus,Saimiri_boliviensis,same-genus,6,0,2,659,659,0,16471,100.0,1.0,1.0,1.0,16471,0,0
Saimiri_sciureus,Saimiri_boliviensis,same-genus,6,1,1,659,659,0,16471,100.0,1.0,1.0,1.0,16471,0,0
Saimiri_sciureus,Saimiri_boliviensis,same-genus,6,1,2,659,659,0,16471,100.0,1.0,1.0,1.0,16471,0,0
Saimiri_sciureus,Saimiri_boliviensis,same-genus,6,2,1,659,659,0,16471,100.0,1.0,1.0,1.0,16471,0,0
Saimiri_sciureus,Saimiri_boliviensis,same-genus,6,2,2,659,659,0,16471,100.0,1.0,1.0,1.0,16471,0,0
Saimiri_sciureus,Saimiri_boliviensis,same-genus,7,0,1,769,769,0,16472,99.99392909179213,1.0,1.0,1.0,16471,0,0
Saimiri_sciureus,Saimiri_boliviensis,same-genus,7,0,2,769,769,0,16472,99.99392909179213,1.0,1.0,1.0,16471,0,0
Saimiri_sciureus,Saimiri_boliviensis,same-genus,7,1,1,769,769,0,16471,100.0,1.0,1.0,1.0,16471,0,0
Saimiri_sciureus,Saimiri_boliviensis,same-genus,7,1,2,769,769,0,16471,100.0,1.0,1.0,1.0,16471,0,0
Saimiri_sciureus,Saimiri_boliviensis,same-genus,7,2,1,769,769,0,16471,99.98785818358427,0.9999392872321049,1.0,0.9999696426945144,16470,0,1
Saimiri_sciureus,Saimiri_boliviensis,same-genus,7,2,2,769,769,0,16471,99.98785818358427,0.9999392872321049,1.0,0.9999696426945144,16470,0,1
Saimiri_sciureus,Saimiri_boliviensis,same-genus,8,0,1,879,879,0,16471,100.0,1.0,1.0,1.0,16471,0,0
Saimiri_sciureus,Saimiri_boliviensis,same-genus,8,0,2,879,879,0,16471,100.0,1.0,1.0,1.0,16471,0,0
Saimiri_sciureus,Saimiri_boliviensis,same-genus,8,1,1,879,879,0,16471,100.0,1.0,1.0,1.0,16471,0,0
Saimiri_sciureus,Saimiri_boliviensis,same-genus,8,1,2,879,879,0,16471,100.0,1.0,1.0,1.0,16471,0,0
Saimiri_sciureus,Saimiri_boliviensis,same-genus,8,2,1,879,879,0,16471,100.0,1.0,1.0,1.0,16471,0,0
Saimiri_sciureus,Saimiri_boliviensis,same-genus,8,2,2,879,879,0,16471,100.0,1.0,1.0,1.0,16471,0,0
Saimiri_sciureus,Aotus_azarai,same-order,1,0,1,111,87,24,16487,89.52403875082737,0.9912058627581612,0.9059246179139012,0.9466484268125855,14878,1545,132
Saimiri_sciureus,Aotus_azarai,same-order,1,0,2,111,99,12,16484,90.55786243004152,0.9912390488110138,0.9163317500913409,0.9523146536721198,15048,1374,133
Saimiri_sciureus,Aotus_azarai,same-order,1,0,3,111,101,10,16484,90.70775156475686,0.9913180741910024,0.9177373196127382,0.9531096847630188,15072,1351,132
Saimiri_sciureus,Aotus_azarai,same-order,1,0,4,111,101,10,16484,90.70775156475686,0.9913180741910024,0.9177373196127382,0.9531096847630188,15072,1351,132
Saimiri_sciureus,Aotus_azarai,same-order,1,1,1,111,80,31,16488,88.87618130379823,0.9916051040967092,0.8986609860012172,0.9428480204342273,14765,1665,125
Saimiri_sciureus,Aotus_azarai,same-order,1,1,2,111,89,22,16486,89.83203901029438,0.9916926962185153,0.9082166768107122,0.94812085014455,14922,1508,125
Saimiri_sciureus,Aotus_azarai,same-order,1,1,3,111,90,21,16486,89.85611943892602,0.9916949039930901,0.9084601339013999,0.9482545027159239,14926,1504,125
Saimiri_sciureus,Aotus_azarai,same-order,1,1,4,111,90,21,16486,89.85611943892602,0.9916949039930901,0.9084601339013999,0.9482545027159239,14926,1504,125
Saimiri_sciureus,Aotus_azarai,same-order,1,2,1,111,81,30,16476,90.1594944327415,0.9908062702559693,0.9125243664717348,0.9500554938956715,14980,1436,139
Saimiri_sciureus,Aotus_azarai,same-order,1,2,2,111,95,16,16475,91.464515740685,0.9909998043435727,0.9255649631479563,0.9571653543307086,15195,1222,138
Saimiri_sciureus,Aotus_azarai,same-order,1,2,3,111,96,15,16475,91.464515740685,0.9909998043435727,0.9255649631479563,0.9571653543307086,15195,1222,138
Saimiri_sciureus,Aotus_azarai,same-order,1,2,4,111,96,15,16475,91.464515740685,0.9909998043435727,0.9255649631479563,0.9571653543307086,15195,1222,138
Saimiri_sciureus,Aotus_azarai,same-order,2,0,1,221,161,60,16481,92.89670117986998,0.9915825997558312,0.9396005845104725,0.9648919873698689,15432,992,131
Saimiri_sciureus,Aotus_azarai,same-order,2,0,2,221,195,26,16480,94.61737612137998,0.9918581166372128,0.9567149640813345,0.9739696312364424,15715,711,129
Saimiri_sciureus,Aotus_azarai,same-order,2,0,3,221,201,20,16480,94.80402191582877,0.9918740157480315,0.958602215999026,0.9749543357790781,15746,680,129
Saimiri_sciureus,Aotus_azarai,same-order,2,0,4,221,204,17,16479,95.00240847784201,0.9918903627333878,0.9605503470108365,0.9759688244208703,15778,648,129
Saimiri_sciureus,Aotus_azarai,same-order,2,0,5,221,204,17,16479,95.00240847784201,0.9918903627333878,0.9605503470108365,0.9759688244208703,15778,648,129
Saimiri_sciureus,Aotus_azarai,same-order,2,1,1,221,167,54,16476,93.03949903660886,0.99152977412731,0.9408756012908726,0.9655387883900397,15452,971,132
Saimiri_sciureus,Aotus_azarai,same-order,2,1,2,221,196,25,16477,94.81481481481481,0.9919354838709677,0.9584221099409509,0.9748908634942258,15744,683,128
Saimiri_sciureus,Aotus_azarai,same-order,2,1,3,221,206,15,16477,95.1818838834016,0.9920281212729898,0.9620160701241782,0.9767916190240736,15804,624,127
Saimiri_sciureus,Aotus_azarai,same-order,2,1,4,221,207,14,16477,95.29029149602505,0.9920371183146279,0.9631117604090577,0.9773604719399573,15822,606,127
Saimiri_sciureus,Aotus_azarai,same-order,2,1,5,221,209,12,16478,95.38063117321127,0.9921067468520954,0.9639661574045895,0.9778340330945913,15837,592,126
Saimiri_sciureus,Aotus_azarai,same-order,2,1,6,221,209,12,16478,95.38063117321127,0.9921067468520954,0.9639661574045895,0.9778340330945913,15837,592,126
Saimiri_sciureus,Aotus_azarai,same-order,2,2,1,221,172,49,16482,93.5035221867662,0.9918886121223733,0.9453372291210129,0.9680536076047996,15530,898,127
Saimiri_sciureus,Aotus_azarai,same-order,2,2,2,221,197,24,16484,94.72543352601156,0.9921796165489405,0.9574584626620413,0.9745098646514078,15732,699,124
Saimiri_sciureus,Aotus_azarai,same-order,2,2,3,221,201,20,16484,94.87565484434275,0.9922539202720574,0.9588607594936709,0.9752715793383059,15756,676,123
Saimiri_sciureus,Aotus_azarai,same-order,2,2,4,221,201,20,16484,94.87565484434275,0.9922539202720574,0.9588607594936709,0.9752715793383059,15756,676,123
Saimiri_sciureus,Aotus_azarai,same-order,3,0,1,332,260,72,16484,94.90606936416185,0.9921943849930757,0.9592842797151725,0.9754618312343348,15762,669,124
Saimiri_sciureus,Aotus_azarai,same-order,3,0,2,332,303,29,16487,96.32082856626724,0.992553983618764,0.9732887131122604,0.9828269484808456,15996,439,120
Saimiri_sciureus,Aotus_azarai,same-order,3,0,3,332,312,20,16487,96.36900102366472,0.9925576779955346,0.9737754791603286,0.9830768758254247,16004,431,120
Saimiri_sciureus,Aotus_azarai,same-order,3,0,4,332,312,20,16487,96.36900102366472,0.9925576779955346,0.9737754791603286,0.9830768758254247,16004,431,120
Saimiri_sciureus,Aotus_azarai,same-order,3,1,1,332,258,74,16484,95.2125737685174,0.9923429360446872,0.9621493336578836,0.9770129147871224,15811,622,122
Saimiri_sciureus,Aotus_azarai,same-order,3,1,2,332,313,19,16483,97.00072271741749,0.992543292044124,0.980041377631739,0.9862527173081044,16106,328,121
Saimiri_sciureus,Aotus_azarai,same-order,3,1,3,332,320,12,16483,97.17520929952418,0.9926172019195275,0.9816854274414359,0.9871210498944598,16134,301,120
Saimiri_sciureus,Aotus_azarai,same-order,3,1,4,332,321,11,16483,97.28362344154671,0.9926253687315634,0.9827806510495893,0.987678478613141,16152,283,120
Saimiri_sciureus,Aotus_azarai,same-order,3,1,5,332,321,11,16483,97.28362344154671,0.9926253687315634,0.9827806510495893,0.987678478613141,16152,283,120
Saimiri_sciureus,Aotus_azarai,same-order,3,2,1,332,244,88,16483,94.97711394844616,0.9923856270845133,0.9595959595959596,0.9757153905645785,15770,664,121
Saimiri_sciureus,Aotus_azarai,same-order,3,2,2,332,305,27,16484,96.56086249472988,0.9926320351681011,0.9754198101727914,0.9839506551692393,16032,404,119
Saimiri_sciureus,Aotus_azarai,same-order,3,2,3,332,313,19,16484,96.7895434285026,0.992710199542843,0.9776114862809515,0.9851029916625798,16069,368,118
Saimiri_sciureus,Aotus_azarai,same-order,3,2,4,332,313,19,16484,96.7895434285026,0.992710199542843,0.9776114862809515,0.9851029916625798,16069,368,118
Saimiri_sciureus,Aotus_azarai,same-order,4,0,1,442,352,90,16487,95.44223011620205,0.9923625892074621,0.9646443132720744,0.9783071558613878,15852,581,122
Saimiri_sciureus,Aotus_azarai,same-order,4,0,2,442,415,27,16490,97.03757225433526,0.9927313046692128,0.98047088884833,0.986563006948058,16116,321,118
Saimiri_sciureus,Aotus_azarai,same-order,4,0,3,442,421,21,16489,97.12771722767508,0.99273756770064,0.9813226257832938,0.9869970934679516,16130,307,118
Saimiri_sciureus,Aotus_azarai,same-order,4,0,4,442,421,21,16489,97.12771722767508,0.99273756770064,0.9813226257832938,0.9869970934679516,16130,307,118
Saimiri_sciureus,Aotus_azarai,same-order,4,1,1,442,338,104,16483,95.42416761996508,0.992112676056338,0.9646965731328748,0.9782125663498333,15849,580,126
Saimiri_sciureus,Aotus_azarai,same-order,4,1,2,442,401,41,16485,96.98356312842435,0.992360768851651,0.9803420363946199,0.9863147904356612,16108,323,124
Saimiri_sciureus,Aotus_azarai,same-order,4,1,3,442,415,27,16485,97.26637764932562,0.9924433249370277,0.9830817916260954,0.9877403772661958,16154,278,123
Saimiri_sciureus,Aotus_azarai,same-order,4,1,4,442,416,26,16485,97.26637764932562,0.9924433249370277,0.9830817916260954,0.9877403772661958,16154,278,123
Saimiri_sciureus,Aotus_azarai,same-order,4,1,5,442,416,26,16485,97.26637764932562,0.9924433249370277,0.9830817916260954,0.9877403772661958,16154,278,123
Saimiri_sciureus,Aotus_azarai,same-order,4,2,1,442,346,96,16489,95.53829479768787,0.9925559864881771,0.9653808712582137,0.9787798408488063,15867,569,119
Saimiri_sciureus,Aotus_azarai,same-order,4,2,2,442,414,28,16484,97.55465879660302,0.9927065457219907,0.9854587490873692,0.9890693698094774,16197,239,119
Saimiri_sciureus,Aotus_azarai,same-order,4,2,3,442,425,17,16484,97.7833995904108,0.9927837573385518,0.9876498144430249,0.9902101314465217,16234,203,118
Saimiri_sciureus,Aotus_azarai,same-order,4,2,4,442,425,17,16484,97.7833995904108,0.9927837573385518,0.9876498144430249,0.9902101314465217,16234,203,118
Saimiri_sciureus,Aotus_azarai,same-order,5,1,1,552,414,138,16484,95.83283150668433,0.9923921177350961,0.9684172092740218,0.9802580923342264,15914,519,122
Saimiri_sciureus,Aotus_azarai,same-order,5,1,2,552,527,25,16485,97.53071549024331,0.9927052044381781,0.9852762229252859,0.9889767626492412,16194,242,119
Saimiri_sciureus,Aotus_azarai,same-order,5,1,3,552,535,17,16485,97.80762512798891,0.9927859631961852,0.987954006205512,0.9903640909922548,16239,198,118
Saimiri_sciureus,Aotus_azarai,same-order,5,1,4,552,535,17,16485,97.80762512798891,0.9927859631961852,0.987954006205512,0.9903640909922548,16239,198,118
Saimiri_sciureus,Aotus_azarai,same-order,5,0,1,552,398,154,16483,95.4164909956032,0.9924821450945996,0.9639184666869486,0.9779917893632126,15842,593,120
Saimiri_sciureus,Aotus_azarai,same-order,5,0,2,552,501,51,16486,97.28362344154671,0.9928084086299096,0.98260128969461,0.987678478613141,16152,286,117
Saimiri_sciureus,Aotus_azarai,same-order,5,0,3,552,508,44,16486,97.41612961512979,0.9928181204345958,0.9839396520257939,0.9883589477222036,16174,264,117
Saimiri_sciureus,Aotus_azarai,same-order,5,0,4,552,510,42,16486,97.47033668614105,0.9928220858895705,0.984487163888551,0.9886370578532592,16183,255,117
Saimiri_sciureus,Aotus_azarai,same-order,5,0,5,552,513,39,16486,97.47033668614105,0.9928220858895705,0.984487163888551,0.9886370578532592,16183,255,117
Saimiri_sciureus,Aotus_azarai,same-order,5,0,6,552,513,39,16486,97.47033668614105,0.9928220858895705,0.984487163888551,0.9886370578532592,16183,255,117
Saimiri_sciureus,Aotus_azarai,same-order,5,2,1,552,422,130,16480,95.83835220428813,0.992267880526283,0.9684742255492667,0.9802266847357398,15913,518,124
Saimiri_sciureus,Aotus_azarai,same-order,5,2,2,552,505,47,16483,97.3860145756791,0.9926330652587636,0.9838150289017341,0.9882043759931549,16169,266,120
Saimiri_sciureus,Aotus_azarai,same-order,5,2,3,552,520,32,16483,97.69907240091555,0.9927168125344268,0.9868581163300073,0.9897787948131197,16220,216,119
Saimiri_sciureus,Aotus_azarai,same-order,5,2,4,552,524,28,16483,97.84965666787134,0.992727939379125,0.9883791676807009,0.9905487804878049,16245,191,119
Saimiri_sciureus,Aotus_azarai,same-order,5,2,5,552,524,28,16483,97.84965666787134,0.992727939379125,0.9883791676807009,0.9905487804878049,16245,191,119
Saimiri_sciureus,Aotus_azarai,same-order,6,0,1,663,499,164,16481,96.10913690296934,0.992412463461658,0.9710338952108563,0.9816067913385828,15957,476,122
Saimiri_sciureus,Aotus_azarai,same-order,6,0,2,663,617,46,16485,97.75930610769787,0.9928427234354927,0.987346392505171,0.9900869299984749,16230,208,117
Saimiri_sciureus,Aotus_azarai,same-order,6,0,3,663,638,25,16485,98.01228767618359,0.9928610653487095,0.9899014478647037,0.9913790477350961,16272,166,117
Saimiri_sciureus,Aotus_azarai,same-order,6,0,4,663,639,24,16485,98.01228767618359,0.9928610653487095,0.9899014478647037,0.9913790477350961,16272,166,117
Saimiri_sciureus,Aotus_azarai,same-order,6,0,5,663,639,24,16485,98.01228767618359,0.9928610653487095,0.9899014478647037,0.9913790477350961,16272,166,117
Saimiri_sciureus,Aotus_azarai,same-order,6,1,1,663,522,141,16486,95.86871424269798,0.9925801222097519,0.9685446580676563,0.9804151013118186,15919,517,119
Saimiri_sciureus,Aotus_azarai,same-order,6,1,2,663,627,36,16486,97.76546407275794,0.9928435989968806,0.9874680618080058,0.9901485344801294,16232,206,117
Saimiri_sciureus,Aotus_azarai,same-order,6,1,3,663,642,21,16486,97.9702463410227,0.9928584508331807,0.989536439956199,0.9911946619542366,16266,172,117
Saimiri_sciureus,Aotus_azarai,same-order,6,1,4,663,642,21,16486,97.9702463410227,0.9928584508331807,0.989536439956199,0.9911946619542366,16266,172,117
Saimiri_sciureus,Aotus_azarai,same-order,6,2,1,663,518,145,16481,95.89280337247817,0.9922726989468437,0.9690828312336437,0.9805406736868034,15923,508,124
Saimiri_sciureus,Aotus_azarai,same-order,6,2,2,663,618,45,16485,97.6269348912847,0.9927727077846512,0.9861288556305895,0.9894396288609449,16209,228,118
Saimiri_sciureus,Aotus_azarai,same-order,6,2,3,663,637,26,16485,97.94013130157201,0.9927956529702668,0.9892924499604551,0.9910409556313994,16261,176,118
Saimiri_sciureus,Aotus_azarai,same-order,6,2,4,663,637,26,16485,97.94013130157201,0.9927956529702668,0.9892924499604551,0.9910409556313994,16261,176,118
Saimiri_sciureus,Aotus_azarai,same-order,7,0,1,773,582,191,16485,96.55504697663214,0.9926320351681011,0.9754198101727914,0.9839506551692393,16032,404,119
Saimiri_sciureus,Aotus_azarai,same-order,7,0,2,773,727,46,16485,98.00024093482713,0.9928601940562641,0.9897797785618688,0.9913175932977912,16270,168,117
Saimiri_sciureus,Aotus_azarai,same-order,7,0,3,773,739,34,16485,98.05445127093121,0.9928641131983411,0.9903272904246259,0.9915940793080344,16279,159,117
Saimiri_sciureus,Aotus_azarai,same-order,7,0,4,773,739,34,16485,98.05445127093121,0.9928641131983411,0.9903272904246259,0.9915940793080344,16279,159,117
Saimiri_sciureus,Aotus_azarai,same-order,7,1,1,773,600,173,16487,96.35761589403974,0.9923735119047619,0.9740141187925998,0.9831081081081081,16005,427,123
Saimiri_sciureus,Aotus_azarai,same-order,7,1,2,773,723,50,16485,97.84376317532976,0.992788608445884,0.9883190363204964,0.9905487804878048,16245,192,118
Saimiri_sciureus,Aotus_azarai,same-order,7,1,3,773,740,33,16485,98.03035778821828,0.9928623718887262,0.990083951818956,0.9914712153518124,16275,163,117
Saimiri_sciureus,Aotus_azarai,same-order,7,1,4,773,741,32,16485,98.03035778821828,0.9928623718887262,0.990083951818956,0.9914712153518124,16275,163,117
Saimiri_sciureus,Aotus_azarai,same-order,7,1,5,773,741,32,16485,98.03035778821828,0.9928623718887262,0.990083951818956,0.9914712153518124,16275,163,117
Saimiri_sciureus,Aotus_azarai,same-order,7,2,1,773,601,172,16485,96.3864129125512,0.9926192395956087,0.9737162326600146,0.9830768758254246,16004,432,119
Saimiri_sciureus,Aotus_azarai,same-order,7,2,2,773,729,44,16485,97.95820032524243,0.9927969722866561,0.9894749650179473,0.9911331850452482,16264,173,118
Saimiri_sciureus,Aotus_azarai,same-order,7,2,3,773,745,28,16485,98.05445127093121,0.9928641131983411,0.9903272904246259,0.9915940793080344,16279,159,117
Saimiri_sciureus,Aotus_azarai,same-order,7,2,4,773,745,28,16485,98.05445127093121,0.9928641131983411,0.9903272904246259,0.9915940793080344,16279,159,117
Saimiri_sciureus,Aotus_azarai,same-order,8,1,1,883,678,205,16486,96.68152252469285,0.9927029868282728,0.9766380726409929,0.9846050049067713,16053,384,118
Saimiri_sciureus,Aotus_azarai,same-order,8,1,2,883,832,51,16486,97.95807734007951,0.992917760547042,0.9892937526613541,0.991102443780852,16263,176,116
Saimiri_sciureus,Aotus_azarai,same-order,8,1,3,883,848,35,16486,98.01228767618359,0.992921649987796,0.9898412312184439,0.9913790477350961,16272,167,116
Saimiri_sciureus,Aotus_azarai,same-order,8,1,4,883,848,35,16486,98.01228767618359,0.992921649987796,0.9898412312184439,0.9913790477350961,16272,167,116
Saimiri_sciureus,Aotus_azarai,same-order,8,0,1,883,659,224,16488,96.1281387366773,0.9926008829198533,0.9712825504989049,0.9818260094098834,15964,472,119
Saimiri_sciureus,Aotus_azarai,same-order,8,0,2,883,809,74,16489,97.531161558379,0.9927673919705792,0.9853987954006206,0.9890693698094774,16197,240,118
Saimiri_sciureus,Aotus_azarai,same-order,8,0,3,883,826,57,16489,97.75984583885342,0.9928444743440769,0.9875897311108407,0.9902101314465217,16234,204,117
Saimiri_sciureus,Aotus_azarai,same-order,8,0,4,883,827,56,16489,97.81404311694568,0.9928484107579462,0.9881372429735977,0.9904872248307823,16243,195,117
Saimiri_sciureus,Aotus_azarai,same-order,8,0,5,883,828,55,16489,97.81404311694568,0.9928484107579462,0.9881372429735977,0.9904872248307823,16243,195,117
Saimiri_sciureus,Aotus_azarai,same-order,8,0,6,883,828,55,16489,97.81404311694568,0.9928484107579462,0.9881372429735977,0.9904872248307823,16243,195,117
Saimiri_sciureus,Varecia_variegata,same-order,1,0,1,114,17,97,16479,72.13921704887653,0.9404348482560773,0.770091493570722,0.846781320100605,12457,3719,789
Saimiri_sciureus,Varecia_variegata,same-order,1,0,2,114,21,93,16480,72.36506833449154,0.9406805179162903,0.7724547196637201,0.8483079325209599,12496,3681,788
Saimiri_sciureus,Varecia_variegata,same-order,1,0,3,114,22,92,16483,72.532437442076,0.941291438021499,0.7737271379139892,0.8493234306643606,12522,3662,781
Saimiri_sciureus,Varecia_variegata,same-order,1,0,4,114,22,92,16483,72.532437442076,0.941291438021499,0.7737271379139892,0.8493234306643606,12522,3662,781
Saimiri_sciureus,Aotus_azarai,same-order,8,2,1,883,684,199,16482,96.35071660845477,0.9923096005953858,0.9737690950033473,0.9829519275072953,16000,431,124
Saimiri_sciureus,Aotus_azarai,same-order,8,2,2,883,836,47,16485,97.9702463410227,0.9927978515625,0.9895966417229421,0.9911946619542367,16266,171,118
Saimiri_sciureus,Aotus_azarai,same-order,8,2,3,883,853,30,16486,98.0725213829659,0.9929259665812904,0.9904495407263215,0.991686207631635,16282,157,116
Saimiri_sciureus,Aotus_azarai,same-order,8,2,4,883,855,28,16486,98.0725213829659,0.9929259665812904,0.9904495407263215,0.991686207631635,16282,157,116
Saimiri_sciureus,Aotus_azarai,same-order,8,2,5,883,855,28,16486,98.0725213829659,0.9929259665812904,0.9904495407263215,0.991686207631635,16282,157,116
Saimiri_sciureus,Varecia_variegata,same-order,1,1,1,114,27,87,16478,72.78099652375434,0.9413968824940048,0.7762466786133597,0.8508822433704745,12562,3621,782
Saimiri_sciureus,Varecia_variegata,same-order,1,1,2,114,44,70,16475,73.66713027352804,0.9421181353294301,0.7854671280276817,0.8566903662769147,12712,3472,781
Saimiri_sciureus,Varecia_variegata,same-order,1,1,3,114,51,63,16473,74.42183968005564,0.9427312775330396,0.7933271547729379,0.8616004026170105,12840,3345,780
Saimiri_sciureus,Varecia_variegata,same-order,1,1,4,114,56,58,16475,74.67107169767577,0.9430495571334456,0.7958855871996047,0.8632404181184669,12883,3304,778
Saimiri_sciureus,Varecia_variegata,same-order,1,1,5,114,58,56,16475,74.67686779110879,0.9430537256624213,0.7959473651695805,0.8632785017923548,12884,3303,778
Saimiri_sciureus,Varecia_variegata,same-order,1,1,6,114,58,56,16475,74.67686779110879,0.9430537256624213,0.7959473651695805,0.8632785017923548,12884,3303,778
Saimiri_sciureus,Varecia_variegata,same-order,1,2,1,114,19,95,16471,72.66403895200557,0.9413531576180821,0.7745921898171033,0.8498694959492898,12536,3648,781
Saimiri_sciureus,Varecia_variegata,same-order,1,2,2,114,26,88,16472,73.31709862584798,0.9422503725782414,0.7810376775787523,0.8541033434650455,12645,3545,775
Saimiri_sciureus,Varecia_variegata,same-order,1,2,3,114,29,85,16472,73.74311394607132,0.942698295033358,0.7853878458498024,0.8568829593693147,12717,3475,773
Saimiri_sciureus,Varecia_variegata,same-order,1,2,4,114,30,84,16472,73.8242968976515,0.9427577014218009,0.7862524703557312,0.8574218749999999,12731,3461,773
Saimiri_sciureus,Varecia_variegata,same-order,1,2,5,114,30,84,16472,73.8242968976515,0.9427577014218009,0.7862524703557312,0.8574218749999999,12731,3461,773
Saimiri_sciureus,Varecia_variegata,same-order,2,0,1,227,35,192,16485,73.93370421882244,0.9430113090398403,0.7878226503643325,0.8584597786226155,12758,3436,771
Saimiri_sciureus,Varecia_variegata,same-order,2,0,2,227,72,155,16498,75.90626993793863,0.9462762111352133,0.8067439279990137,0.8709570078530547,13087,3135,743
Saimiri_sciureus,Varecia_variegata,same-order,2,0,3,227,87,140,16495,76.83740356169152,0.946819156540386,0.816595770914247,0.8768991426963688,13246,2975,744
Saimiri_sciureus,Varecia_variegata,same-order,2,0,4,227,90,137,16495,76.99402517547422,0.9469215952058215,0.8182602798841009,0.8779019776440241,13273,2948,744
Saimiri_sciureus,Varecia_variegata,same-order,2,0,5,227,90,137,16495,76.99402517547422,0.9469215952058215,0.8182602798841009,0.8779019776440241,13273,2948,744
Saimiri_sciureus,Varecia_variegata,same-order,2,1,1,227,34,193,16492,73.78331402085747,0.9431237502777161,0.7862567142063345,0.8575757575757574,12735,3462,768
Saimiri_sciureus,Varecia_variegata,same-order,2,1,2,227,63,164,16492,75.59278798770943,0.94512902290519,0.8044792694965449,0.8691507798960139,13039,3169,757
Saimiri_sciureus,Varecia_variegata,same-order,2,1,3,227,72,155,16492,76.03780148423006,0.9454978011679043,0.8091183910173361,0.8720079787234043,13115,3094,756
Saimiri_sciureus,Varecia_variegata,same-order,2,1,4,227,74,153,16492,76.27993274192613,0.9457264035655237,0.8115977791486737,0.8735433750539491,13156,3054,755
Saimiri_sciureus,Varecia_variegata,same-order,2,1,5,227,78,149,16492,76.43648170696353,0.9458315396757067,0.81326341764343,0.8745522091017647,13183,3027,755
Saimiri_sciureus,Varecia_variegata,same-order,2,1,6,227,80,147,16492,76.51185713457413,0.94588201562612,0.8140653917334978,0.8750372998242764,13196,3014,755
Saimiri_sciureus,Varecia_variegata,same-order,2,2,1,227,46,181,16498,74.21336269339977,0.9440513047324193,0.7902628656053313,0.8603385731559855,12807,3399,759
Saimiri_sciureus,Varecia_variegata,same-order,2,2,2,227,75,152,16490,76.22223510989967,0.9458117443868739,0.8106957809030347,0.8730569948186528,13143,3069,753
Saimiri_sciureus,Varecia_variegata,same-order,2,2,3,227,91,136,16486,77.69203991645394,0.9469627324800226,0.8258402713536849,0.8822638028725788,13391,2824,750
Saimiri_sciureus,Varecia_variegata,same-order,2,2,4,227,98,129,16489,78.15038291947087,0.9474572694661321,0.8305586385497595,0.8851651059635287,13470,2748,747
Saimiri_sciureus,Varecia_variegata,same-order,2,2,5,227,104,123,16489,78.58551868182873,0.9477329974811083,0.8351831298557159,0.887905604719764,13545,2673,747
Saimiri_sciureus,Varecia_variegata,same-order,2,2,6,227,107,120,16491,78.67254583430031,0.9479203075847605,0.8360049321824907,0.8884520884520883,13560,2660,745
Saimiri_sciureus,Varecia_variegata,same-order,3,0,1,340,40,300,16478,73.76688112212369,0.9426010961339061,0.7861025324274243,0.8572679509632225,12727,3463,775
Saimiri_sciureus,Varecia_variegata,same-order,3,0,2,340,86,254,16495,76.41772005102632,0.9460875807609476,0.8128160848649315,0.8744028662420382,13179,3035,751
Saimiri_sciureus,Varecia_variegata,same-order,3,0,3,340,122,218,16491,77.77391102604257,0.9470301574969984,0.826950354609929,0.8829261868703495,13409,2806,750
Saimiri_sciureus,Varecia_variegata,same-order,3,0,4,340,129,211,16490,78.17411983063627,0.9472204652470307,0.8312569384482545,0.8854580691784647,13478,2736,751
Saimiri_sciureus,Varecia_variegata,same-order,3,0,5,340,135,205,16491,78.5917290180384,0.9475524475524476,0.8356460067838422,0.8880878256595118,13550,2665,750
Saimiri_sciureus,Varecia_variegata,same-order,3,0,6,340,140,200,16491,78.5917290180384,0.9475524475524476,0.8356460067838422,0.8880878256595118,13550,2665,750
Saimiri_sciureus,Varecia_variegata,same-order,3,1,1,340,50,290,16493,73.889114188054,0.9432036680964354,0.7874297709452368,0.8583061341229516,12754,3443,768
Saimiri_sciureus,Varecia_variegata,same-order,3,1,2,340,90,250,16498,76.10296249057916,0.9458855742902436,0.8096089798939189,0.8724577960919846,13127,3087,751
Saimiri_sciureus,Varecia_variegata,same-order,3,1,3,340,116,224,16500,77.18046856877754,0.9470575677791219,0.8204796251772394,0.8792363083834314,13309,2912,744
Saimiri_sciureus,Varecia_variegata,same-order,3,1,4,340,132,208,16503,77.98399257626726,0.9479027141346493,0.8286700357451005,0.8842852915063629,13446,2780,739
Saimiri_sciureus,Varecia_variegata,same-order,3,1,5,340,141,199,16502,78.37665351589696,0.9484659130801095,0.8322962232764463,0.8865918487891317,13509,2722,734
Saimiri_sciureus,Varecia_variegata,same-order,3,1,6,340,144,196,16502,78.49849152935715,0.9485417835109367,0.8335900437434539,0.8873585833743237,13530,2701,734
Saimiri_sciureus,Varecia_variegata,same-order,3,2,1,340,63,277,16503,74.80876216968011,0.9448836187966623,0.7962620281273131,0.8642297650130548,12909,3303,753
Saimiri_sciureus,Varecia_variegata,same-order,3,2,2,340,121,219,16493,77.76101212930185,0.9477965622126335,0.825722561163493,0.8825582927150574,13399,2828,738
Saimiri_sciureus,Varecia_variegata,same-order,3,2,3,340,153,187,16496,79.22666047375755,0.9493529984694588,0.840426187103529,0.8915749240469112,13646,2591,728
Saimiri_sciureus,Varecia_variegata,same-order,3,2,4,340,163,177,16493,79.70501132338424,0.9496333194963332,0.8453532056414362,0.8944641751653579,13726,2511,728
Saimiri_sciureus,Varecia_variegata,same-order,3,2,5,340,166,174,16493,79.80372800650369,0.9496924884251261,0.8464001970807415,0.8950762016412661,13743,2494,728
Saimiri_sciureus,Varecia_variegata,same-order,3,2,6,340,166,174,16493,79.80372800650369,0.9496924884251261,0.8464001970807415,0.8950762016412661,13743,2494,728
Saimiri_sciureus,Varecia_variegata,same-order,4,0,1,453,66,387,16496,75.58557513914657,0.9454637754732033,0.8041078147165854,0.8690753949736685,13037,3176,752
Saimiri_sciureus,Varecia_variegata,same-order,4,0,2,453,185,268,16504,79.15409607797633,0.9490782608695653,0.8404484691677447,0.891466283324621,13643,2590,732
Saimiri_sciureus,Varecia_variegata,same-order,4,0,3,453,227,226,16500,80.77771329077191,0.9501638448935008,0.8572836464428704,0.9013373053136029,13918,2317,730
Saimiri_sciureus,Varecia_variegata,same-order,4,0,4,453,246,207,16509,81.71262699564586,0.9515921844364816,0.8662071512093051,0.9068943298969072,14075,2174,716
Saimiri_sciureus,Varecia_variegata,same-order,4,0,5,453,260,193,16509,82.22351233671988,0.9518784864574232,0.8716228690996369,0.9099845797995375,14163,2086,716
Saimiri_sciureus,Varecia_variegata,same-order,4,0,6,453,264,189,16510,82.55240085931604,0.9522470028799143,0.8748461727787349,0.911907128884328,14218,2034,713
Saimiri_sciureus,Varecia_variegata,same-order,4,1,1,453,58,395,16497,74.13053559007652,0.9442557590076787,0.7889574336829118,0.8596491228070176,12789,3421,755
Saimiri_sciureus,Varecia_variegata,same-order,4,1,2,453,116,337,16498,76.48116984854639,0.9471793029105282,0.8120764017252002,0.8744402056725825,13180,3050,735
Saimiri_sciureus,Varecia_variegata,same-order,4,1,3,453,156,297,16508,78.15238205768003,0.9489184809413092,0.8293103448275863,0.8850918410935499,13468,2772,725
Saimiri_sciureus,Varecia_variegata,same-order,4,1,4,453,173,280,16507,78.72562674094708,0.9492687705548947,0.8353448275862069,0.8886705315908421,13566,2674,725
Saimiri_sciureus,Varecia_variegata,same-order,4,1,5,453,183,270,16503,79.12942542077771,0.949376784346494,0.8396354230816603,0.8911402333409588,13634,2604,727
Saimiri_sciureus,Varecia_variegata,same-order,4,1,6,453,187,266,16503,79.23969820081254,0.9494436717663421,0.8408055179209262,0.8918283362727808,13653,2585,727
Saimiri_sciureus,Varecia_variegata,same-order,4,2,1,453,84,369,16500,75.36525974025975,0.9455881283189059,0.8015662576308812,0.867641169403284,12999,3218,748
Saimiri_sciureus,Varecia_variegata,same-order,4,2,2,453,166,287,16508,78.80229791678755,0.9493184201328206,0.8362068965517241,0.8891798985103946,13580,2660,725
Saimiri_sciureus,Varecia_variegata,same-order,4,2,3,453,198,255,16499,80.11264661479503,0.9502066115702479,0.8494643516808275,0.8970157987126975,13797,2445,723
Saimiri_sciureus,Varecia_variegata,same-order,4,2,4,453,214,239,16508,80.66895069972708,0.9511811023622048,0.8547871031257691,0.9004115759795184,13892,2360,713
Saimiri_sciureus,Varecia_variegata,same-order,4,2,5,453,222,231,16512,81.19191449814126,0.9520501294101621,0.8596027304593813,0.9034676663542642,13978,2283,704
Saimiri_sciureus,Varecia_variegata,same-order,4,2,6,453,225,228,16512,81.43006505576209,0.9521836582218298,0.8621241006088186,0.9049186676994578,14019,2242,704
Saimiri_sciureus,Varecia_variegata,same-order,5,0,1,566,95,471,16493,75.63039823778331,0.9450923578413618,0.8050225211328438,0.869452219112355,13047,3160,758
Saimiri_sciureus,Varecia_variegata,same-order,5,0,2,566,213,353,16481,78.95500725689405,0.9481316229782487,0.8384193329634424,0.889906756093571,13600,2621,744
Saimiri_sciureus,Varecia_variegata,same-order,5,0,3,566,275,291,16487,81.04780159145031,0.9502860256061019,0.8595010779180782,0.902616514117533,13954,2281,730
Saimiri_sciureus,Varecia_variegata,same-order,5,0,4,566,307,259,16500,82.13621571362157,0.952297534025064,0.8694101002645015,0.908968134023602,14134,2123,708
Saimiri_sciureus,Varecia_variegata,same-order,5,0,5,566,326,240,16507,82.86245785373794,0.9535085958927019,0.8760909649661954,0.9131618565617092,14254,2016,695
Saimiri_sciureus,Varecia_variegata,same-order,5,0,6,566,337,229,16507,83.08917567724683,0.9536295703229251,0.8784880147510756,0.9145178834218441,14293,1977,695
Saimiri_sciureus,Varecia_variegata,same-order,5,1,1,566,86,480,16496,74.89855072463769,0.9448588562234899,0.7969896983529702,0.8646478166304166,12920,3291,754
Saimiri_sciureus,Varecia_variegata,same-order,5,1,2,566,183,383,16491,78.59506531204644,0.9485706278026906,0.8340829277308853,0.8876503950431105,13538,2693,734
Saimiri_sciureus,Varecia_variegata,same-order,5,1,3,566,258,308,16496,80.72946916018121,0.9506223498837368,0.8557532475527919,0.9006965818888709,13900,2343,722
Saimiri_sciureus,Varecia_variegata,same-order,5,1,4,566,287,279,16508,81.77485906898356,0.9526743398781313,0.8650559449157752,0.9067534476092279,14071,2195,699
Saimiri_sciureus,Varecia_variegata,same-order,5,1,5,566,304,262,16508,82.17004707386529,0.9528912252325111,0.8692364441165622,0.9091435185185186,14139,2127,699
Saimiri_sciureus,Varecia_variegata,same-order,5,1,6,566,313,253,16510,82.64333061983952,0.9538286021072411,0.8731953062603673,0.9117326319840914,14213,2064,688
Saimiri_sciureus,Varecia_variegata,same-order,5,2,1,566,95,471,16498,75.21159420289855,0.9452134634999272,0.8002220440387343,0.8666956144159792,12974,3239,752
Saimiri_sciureus,Varecia_variegata,same-order,5,2,2,566,201,365,16496,78.30122998375494,0.9480191064905873,0.8318027734976887,0.886116673779587,13496,2729,740
Saimiri_sciureus,Varecia_variegata,same-order,5,2,3,566,259,307,16501,80.17411491584446,0.9498727910334869,0.8508253264350826,0.8976250040612106,13814,2422,729
Saimiri_sciureus,Varecia_variegata,same-order,5,2,4,566,294,272,16509,81.28230443115163,0.9517203862369101,0.8610273761919409,0.9041051645618682,13996,2259,710
Saimiri_sciureus,Varecia_variegata,same-order,5,2,5,566,303,263,16516,81.68302456588653,0.9523970747562297,0.8648997663264051,0.9065420560747662,14065,2197,703
Saimiri_sciureus,Varecia_variegata,same-order,5,2,6,566,311,255,16521,82.1731551423591,0.9535432539950105,0.8688867043499632,0.9092487221525702,14142,2134,689
Saimiri_sciureus,Varecia_variegata,same-order,6,0,1,679,104,575,16495,75.35501072277285,0.9449087869757976,0.8021842413771827,0.8677167456450643,13001,3206,758
Saimiri_sciureus,Varecia_variegata,same-order,6,0,2,679,228,451,16493,78.74586692963629,0.947908665595978,0.8369813182070411,0.8889980353634577,13575,2644,746
Saimiri_sciureus,Varecia_variegata,same-order,6,0,3,679,322,357,16504,81.51909017059302,0.9506055890114351,0.8653526331998768,0.9059779454439931,14049,2186,730
Saimiri_sciureus,Varecia_variegata,same-order,6,0,4,679,379,300,16509,82.9913387199907,0.9536437111749382,0.877450679122365,0.9139619742654119,14277,1994,694
Saimiri_sciureus,Varecia_variegata,same-order,6,0,5,679,401,278,16511,83.67726559321049,0.9541326970239279,0.8845941129478276,0.9180484693877551,14395,1878,692
Saimiri_sciureus,Varecia_variegata,same-order,6,0,6,679,409,270,16510,83.90604104889819,0.9544312169312169,0.8866429098058491,0.9192890814116448,14431,1845,689
Saimiri_sciureus,Varecia_variegata,same-order,6,1,1,679,116,563,16503,75.68836589183236,0.9458167330677291,0.8051427514336807,0.8698287922190394,13057,3160,748
Saimiri_sciureus,Varecia_variegata,same-order,6,1,2,679,270,409,16494,79.72831765935214,0.9493985897967648,0.8460543337645536,0.8947522720609792,13734,2499,732
Saimiri_sciureus,Varecia_variegata,same-order,6,1,3,679,364,315,16502,82.02044847217381,0.9519924482502866,0.8687011628622409,0.9084416420023163,14119,2134,712
Saimiri_sciureus,Varecia_variegata,same-order,6,1,4,679,384,295,16512,82.50334127491429,0.9532057737495804,0.8727563314482419,0.9112088053139942,14198,2070,697
Saimiri_sciureus,Varecia_variegata,same-order,6,1,5,679,396,283,16514,82.74138231703773,0.9538296589157677,0.874539198820349,0.9124651431135614,14234,2042,689
Saimiri_sciureus,Varecia_variegata,same-order,6,1,6,679,399,280,16514,82.91279069767442,0.9541045025757677,0.8760366115854782,0.9134054954204829,14261,2018,686
Saimiri_sciureus,Varecia_variegata,same-order,6,2,1,679,113,566,16495,75.97541886486174,0.9455949202684176,0.8084017025476529,0.8716328566677751,13105,3106,754
Saimiri_sciureus,Varecia_variegata,same-order,6,2,2,679,297,382,16496,79.70055710306407,0.9491361437456807,0.8462628627765112,0.8947522720609792,13734,2495,736
Saimiri_sciureus,Varecia_variegata,same-order,6,2,3,679,356,323,16496,81.40683085501858,0.9511367492365117,0.8627269929208987,0.9047772756617172,14015,2230,720
Saimiri_sciureus,Varecia_variegata,same-order,6,2,4,679,382,297,16507,82.49375399453838,0.9527580190578446,0.8731320337002645,0.9112088053139942,14198,2063,704
Saimiri_sciureus,Varecia_variegata,same-order,6,2,5,679,402,277,16507,83.01667538202312,0.9530416221985059,0.8786667486624439,0.9143442229545963,14288,1973,704
Saimiri_sciureus,Varecia_variegata,same-order,6,2,6,679,418,261,16507,83.75879513868698,0.9542864714456075,0.8850384024577573,0.9183588893493577,14404,1871,690
Saimiri_sciureus,Varecia_variegata,same-order,7,0,1,792,123,669,16493,76.36173791983293,0.9463695183321351,0.8116406683519329,0.8738424773474062,13164,3055,746
Saimiri_sciureus,Varecia_variegata,same-order,7,0,2,792,307,485,16499,80.52279988382224,0.9508848950473316,0.8530986522247523,0.8993414863593603,13862,2387,716
Saimiri_sciureus,Varecia_variegata,same-order,7,0,3,792,389,403,16509,82.17936802973978,0.9524065971053517,0.8702177389592816,0.9094590685565519,14148,2110,707
Saimiri_sciureus,Varecia_variegata,same-order,7,0,4,792,428,364,16516,83.11937264013942,0.9534248400852878,0.8796876921185295,0.9150732237641491,14309,1957,699
Saimiri_sciureus,Varecia_variegata,same-order,7,0,5,792,457,335,16518,83.80609160660312,0.9545815677966102,0.8856809386325941,0.9188414109549755,14418,1861,686
Saimiri_sciureus,Varecia_variegata,same-order,7,0,6,792,468,324,16518,84.03581187140283,0.9548817545250363,0.8877901977644024,0.9201145767027372,14455,1827,683
Saimiri_sciureus,Varecia_variegata,same-order,7,1,1,792,130,662,16500,76.26529074149227,0.9461306098964327,0.811235816477553,0.8735059760956175,13155,3061,749
Saimiri_sciureus,Varecia_variegata,same-order,7,1,2,792,346,446,16501,80.75471698113208,0.950526171928386,0.8564743550273998,0.9010526315789474,13910,2331,724
Saimiri_sciureus,Varecia_variegata,same-order,7,1,3,792,427,365,16504,82.75922160906187,0.9524669073405535,0.8765227021040974,0.9129181084198386,14247,2007,711
Saimiri_sciureus,Varecia_variegata,same-order,7,1,4,792,467,325,16513,83.61227336122734,0.9539216336272625,0.8843269821757836,0.9178069084298154,14388,1882,695
Saimiri_sciureus,Varecia_variegata,same-order,7,1,5,792,485,307,16518,84.28671084757586,0.9549496147006521,0.8905472636815921,0.9216247139588102,14499,1782,684
Saimiri_sciureus,Varecia_variegata,same-order,7,1,6,792,498,294,16515,84.54291695743196,0.9552533017938104,0.8927781871775976,0.9229597181220836,14538,1746,681
Saimiri_sciureus,Varecia_variegata,same-order,7,2,1,792,132,660,16499,75.58119311264421,0.9456009284108218,0.8040086339808818,0.8690753949736684,13037,3178,750
Saimiri_sciureus,Varecia_variegata,same-order,7,2,2,792,298,494,16496,79.54123112659698,0.9497954372096249,0.8433593990517825,0.8934185636944753,13697,2544,724
Saimiri_sciureus,Varecia_variegata,same-order,7,2,3,792,396,396,16502,82.44625217896572,0.9524736524132376,0.8727932582887371,0.910894267188804,14189,2068,708
Saimiri_sciureus,Varecia_variegata,same-order,7,2,4,792,444,348,16503,83.57940013950244,0.9535145888594164,0.8840998524348254,0.9174961715160795,14379,1885,701
Saimiri_sciureus,Varecia_variegata,same-order,7,2,5,792,472,320,16502,84.16094894755204,0.9541199736321687,0.8896674657323744,0.9207671999745539,14474,1795,696
Saimiri_sciureus,Varecia_variegata,same-order,7,2,6,792,487,305,16506,84.76301250363478,0.9548611111111112,0.8954902924551487,0.9242232086239696,14575,1701,689
Saimiri_sciureus,Varecia_variegata,same-order,8,0,1,905,149,756,16504,76.2363035538292,0.9463835912198633,0.810727496917386,0.8733189440478167,13150,3070,745
Saimiri_sciureus,Varecia_variegata,same-order,8,0,2,905,348,557,16499,80.617047237232,0.9511894152327415,0.8536885498061896,0.899805447470817,13875,2378,712
Saimiri_sciureus,Varecia_variegata,same-order,8,0,3,905,473,432,16505,82.92456119958155,0.9531698844278175,0.8772749631087063,0.9136490250696379,14268,1996,701
Saimiri_sciureus,Varecia_variegata,same-order,8,0,4,905,516,389,16508,83.73241892363129,0.9537901357166502,0.8856580807770332,0.9184623230906541,14407,1860,698
Saimiri_sciureus,Varecia_variegata,same-order,8,0,5,905,555,350,16508,84.62298703563746,0.95455439700964,0.894542772861357,0.9235747596840201,14556,1716,693
Saimiri_sciureus,Varecia_variegata,same-order,8,0,6,905,567,338,16508,85.04216341959872,0.9551273677335075,0.8983290330507433,0.9258579207293909,14623,1655,687
Saimiri_sciureus,Varecia_variegata,same-order,8,1,1,905,149,756,16505,75.74931880108991,0.9461259956553222,0.8054990444485544,0.8701674935899572,13066,3155,744
Saimiri_sciureus,Varecia_variegata,same-order,8,1,2,905,348,557,16495,79.63651143885727,0.9496607118127683,0.8446237221332676,0.8940677966101696,13715,2523,727
Saimiri_sciureus,Varecia_variegata,same-order,8,1,3,905,438,467,16503,81.40939987218962,0.9517761325816749,0.8620732082436173,0.9047065659500291,14013,2242,710
Saimiri_sciureus,Varecia_variegata,same-order,8,1,4,905,475,430,16517,82.3549924444961,0.9536307961504812,0.8706070287539937,0.9102296450939457,14170,2106,689
Saimiri_sciureus,Varecia_variegata,same-order,8,1,5,905,508,397,16519,83.02325581395348,0.9544816522959695,0.8769344141488578,0.9140662506000958,14280,2004,681
Saimiri_sciureus,Varecia_variegata,same-order,8,1,6,905,525,380,16519,83.4186344073514,0.9550539352776668,0.8804788213627993,0.9162514373323113,14343,1947,675
Aotus_azarai,Homo_sapiens,same-order,1,0,1,111,34,77,16553,74.24882765008974,0.946843853820598,0.8091993185689949,0.8726270667483159,12825,3024,720
Aotus_azarai,Homo_sapiens,same-order,1,0,2,111,46,65,16551,75.17373175816539,0.9476565922032414,0.81888720666162,0.8785786802030457,12981,2871,717
Aotus_azarai,Homo_sapiens,same-order,1,0,3,111,47,64,16551,75.19689599258744,0.9476718727193111,0.8191395407519556,0.8787304594978683,12985,2867,717
Aotus_azarai,Homo_sapiens,same-order,1,0,4,111,47,64,16551,75.19689599258744,0.9476718727193111,0.8191395407519556,0.8787304594978683,12985,2867,717
Saimiri_sciureus,Varecia_variegata,same-order,8,2,1,905,149,756,16505,76.35225230448142,0.9465286761535144,0.8119104864065101,0.874066699850672,13170,3051,744
Saimiri_sciureus,Varecia_variegata,same-order,8,2,2,905,396,509,16503,80.89541838453052,0.9509864154549799,0.8574506062657722,0.9017995857068877,13931,2316,718
Saimiri_sciureus,Varecia_variegata,same-order,8,2,3,905,491,414,16510,83.28687572590012,0.9528301886792453,0.8823131344201784,0.9162168205193727,14342,1913,710
Saimiri_sciureus,Varecia_variegata,same-order,8,2,4,905,539,366,16522,84.35793143521208,0.9547547020912798,0.8919334029612337,0.9222755137693359,14518,1759,688
Saimiri_sciureus,Varecia_variegata,same-order,8,2,5,905,578,327,16525,85.4218759085887,0.9562556958729332,0.9016141901430061,0.9281314168377823,14690,1603,672
Saimiri_sciureus,Varecia_variegata,same-order,8,2,6,905,597,308,16518,85.98696461824953,0.9568708716487502,0.9065586845818762,0.9310355691377084,14776,1523,666
Aotus_azarai,Homo_sapiens,same-order,1,1,1,111,33,78,16544,74.15170816444702,0.9463493940289683,0.8083065076058827,0.8718978723404255,12806,3037,726
Aotus_azarai,Homo_sapiens,same-order,1,1,2,111,48,63,16554,75.32572818345011,0.9478976900094731,0.8204869433581431,0.8796023937519017,13008,2846,715
Aotus_azarai,Homo_sapiens,same-order,1,1,3,111,50,61,16554,75.49377353026354,0.9482720989450709,0.8219195358809434,0.8805864270513124,13034,2824,711
Aotus_azarai,Homo_sapiens,same-order,1,1,4,111,51,60,16553,75.5516941789748,0.9482407676650189,0.8226020054234723,0.8809644412926755,13044,2813,712
Aotus_azarai,Homo_sapiens,same-order,1,1,5,111,51,60,16553,75.5516941789748,0.9482407676650189,0.8226020054234723,0.8809644412926755,13044,2813,712
Aotus_azarai,Homo_sapiens,same-order,1,2,1,111,31,80,16548,74.0232679284598,0.9460719041278296,0.8073863636363636,0.871244635193133,12789,3051,729
Aotus_azarai,Homo_sapiens,same-order,1,2,2,111,39,72,16551,74.87553548685887,0.9470601156915868,0.8162312255458791,0.8767921906246822,12934,2912,723
Aotus_azarai,Homo_sapiens,same-order,1,2,3,111,42,69,16551,75.0781702374059,0.9474607234198027,0.8180441640378548,0.8780091416962925,12966,2884,719
Aotus_azarai,Homo_sapiens,same-order,1,2,4,111,44,67,16551,75.26346265199768,0.9475832908070277,0.8200630914826499,0.8792234585855853,12998,2852,719
Aotus_azarai,Homo_sapiens,same-order,1,2,5,111,44,67,16551,75.26346265199768,0.9475832908070277,0.8200630914826499,0.8792234585855853,12998,2852,719
Aotus_azarai,Homo_sapiens,same-order,2,1,1,221,65,156,16559,75.7021251954369,0.9484872669230211,0.8243268806356012,0.8820592402671885,13073,2786,710
Aotus_azarai,Homo_sapiens,same-order,2,1,2,221,90,131,16562,77.12497827220581,0.9502427184466019,0.8386466733870968,0.8909638554216868,13311,2561,697
Aotus_azarai,Homo_sapiens,same-order,2,1,3,221,96,125,16559,77.37467400753405,0.9504520538193209,0.8411138411138411,0.8924465240641711,13351,2522,696
Aotus_azarai,Homo_sapiens,same-order,2,1,4,221,97,124,16560,77.45711636532221,0.9505049068411321,0.8420588420588421,0.893001503257057,13366,2507,696
Aotus_azarai,Homo_sapiens,same-order,2,1,5,221,97,124,16560,77.45711636532221,0.9505049068411321,0.8420588420588421,0.893001503257057,13366,2507,696
Aotus_azarai,Homo_sapiens,same-order,2,0,1,221,62,159,16547,75.50110068358244,0.947992435263311,0.8220638324713007,0.8805486115802986,13033,2821,715
Aotus_azarai,Homo_sapiens,same-order,2,0,2,221,94,127,16551,77.28379318339903,0.9500498788656121,0.8402445172674565,0.8917798140592603,13333,2535,701
Aotus_azarai,Homo_sapiens,same-order,2,0,3,221,102,119,16550,77.83511131725417,0.9505770728598739,0.8458824270682377,0.8951790358071614,13425,2446,698
Aotus_azarai,Homo_sapiens,same-order,2,0,4,221,110,111,16552,78.16558441558442,0.9509098603470165,0.8493668493668494,0.8972746331236897,13482,2391,696
Aotus_azarai,Homo_sapiens,same-order,2,0,5,221,112,109,16552,78.333719851577,0.9510100654606884,0.8511938511938512,0.8983377659574469,13511,2362,696
Aotus_azarai,Homo_sapiens,same-order,2,0,6,221,113,108,16552,78.4542239230011,0.9511457893996907,0.8524001511906262,0.8990697674418605,13531,2343,695
Aotus_azarai,Homo_sapiens,same-order,2,2,1,221,58,163,16550,74.93628359592215,0.9476961394769614,0.8159571113213497,0.8769063919202874,12937,2918,714
Aotus_azarai,Homo_sapiens,same-order,2,2,2,221,82,139,16551,77.05906219208254,0.9498463956562121,0.8379025650721623,0.8903696758639165,13295,2572,702
Aotus_azarai,Homo_sapiens,same-order,2,2,3,221,99,122,16552,77.9452690166976,0.9507779349363508,0.846972846972847,0.8958784526705095,13444,2429,696
Aotus_azarai,Homo_sapiens,same-order,2,2,4,221,102,119,16551,78.15852032237491,0.9509029345372461,0.8492408492408492,0.8972012379779694,13480,2393,696
Aotus_azarai,Homo_sapiens,same-order,2,2,5,221,104,117,16552,78.3788484953905,0.9511011046225287,0.8515812019654782,0.8985940771761891,13518,2356,695
Aotus_azarai,Homo_sapiens,same-order,2,2,6,221,106,115,16553,78.50765306122449,0.9511801067715651,0.8530301121330478,0.8994354035204251,13541,2333,695
Aotus_azarai,Homo_sapiens,same-order,3,0,1,332,95,237,16562,76.72034291010195,0.9496665949666595,0.8347513707695217,0.8885087542765144,13245,2622,702
Aotus_azarai,Homo_sapiens,same-order,3,0,2,332,152,180,16554,79.40374688243142,0.9522153439521458,0.8619821181211434,0.9048547539575004,13690,2192,687
Aotus_azarai,Homo_sapiens,same-order,3,0,3,332,180,152,16558,80.78997737950235,0.9532575964960307,0.8768097696084602,0.9134369466850286,13929,1957,683
Aotus_azarai,Homo_sapiens,same-order,3,0,4,332,193,139,16556,81.82345772154837,0.9543116285366183,0.8870643009940858,0.9194600234772401,14099,1795,675
Aotus_azarai,Homo_sapiens,same-order,3,0,5,332,210,122,16557,82.46285979572887,0.9546523345649983,0.8940480684535045,0.9233568342051399,14210,1684,675
Aotus_azarai,Homo_sapiens,same-order,3,0,6,332,213,119,16557,82.62534818941504,0.9547374773687387,0.8958097395243488,0.9243353783231084,14238,1656,675
Aotus_azarai,Homo_sapiens,same-order,3,1,1,332,92,240,16552,77.15741920537472,0.9491308064975776,0.8402396720277515,0.8913719848783915,13322,2533,714
Aotus_azarai,Homo_sapiens,same-order,3,1,2,332,176,156,16552,80.67246376811595,0.952237580402354,0.8768193560582194,0.9129735935706085,13916,1955,698
Aotus_azarai,Homo_sapiens,same-order,3,1,3,332,204,128,16549,81.95998840243548,0.953068105192178,0.8904428904428905,0.9206917890759861,14134,1739,696
Aotus_azarai,Homo_sapiens,same-order,3,1,4,332,221,111,16549,82.69342303677068,0.9536485853789044,0.8980851599899219,0.925033250072988,14258,1618,693
Aotus_azarai,Homo_sapiens,same-order,3,1,5,332,229,103,16554,83.10610895167372,0.9544909381663113,0.9017373788241219,0.9273645368032627,14325,1561,683
Aotus_azarai,Homo_sapiens,same-order,3,1,6,332,234,98,16554,83.27435168532807,0.9545787058588814,0.9035628855596123,0.9283704685832552,14354,1532,683
Aotus_azarai,Homo_sapiens,same-order,3,2,1,332,98,234,16544,76.6890717348476,0.9488135350204315,0.8347524440239672,0.8881358206952087,13235,2620,714
Aotus_azarai,Homo_sapiens,same-order,3,2,2,332,169,163,16553,79.86666666666666,0.9518446870250103,0.8680065524193549,0.9079944638502604,13777,2095,697
Aotus_azarai,Homo_sapiens,same-order,3,2,3,332,190,142,16551,81.2249869497129,0.9530420579828501,0.8819195163423389,0.916102443332352,14004,1875,690
Aotus_azarai,Homo_sapiens,same-order,3,2,4,332,201,131,16553,81.93155452436194,0.9536186875506346,0.8893716156655334,0.9203753176516584,14125,1757,687
Aotus_azarai,Homo_sapiens,same-order,3,2,5,332,210,122,16552,82.24955043796044,0.9537871653437374,0.8927716912227679,0.922271367243398,14179,1703,687
Aotus_azarai,Homo_sapiens,same-order,3,2,6,332,214,118,16552,82.4351760542955,0.9538864277084173,0.8947865508122402,0.9233918128654971,14211,1671,687
Aotus_azarai,Homo_sapiens,same-order,4,0,1,442,129,313,16544,78.22734913918033,0.9502182791156175,0.850775438154079,0.8977514635444386,13495,2367,707
Aotus_azarai,Homo_sapiens,same-order,4,0,2,442,248,194,16555,82.48056619097343,0.9541641500570431,0.8950018884552436,0.9236365998635788,14218,1668,683
Aotus_azarai,Homo_sapiens,same-order,4,0,3,442,292,150,16558,83.68921898572589,0.9552288231008677,0.9075064493802303,0.9307563242127,14423,1470,676
Aotus_azarai,Homo_sapiens,same-order,4,0,4,442,309,133,16558,84.51627879983751,0.9558283013914414,0.9161424257674887,0.935564692278042,14563,1333,673
Aotus_azarai,Homo_sapiens,same-order,4,0,5,442,321,121,16561,85.06180720793918,0.9562862921641547,0.921881879363482,0.9387689745724718,14657,1242,670
Aotus_azarai,Homo_sapiens,same-order,4,0,6,442,331,111,16561,85.29975044977076,0.9564029151483602,0.9244606579030128,0.9401605526593533,14698,1201,670
Aotus_azarai,Homo_sapiens,same-order,4,1,1,442,139,303,16551,78.22482462751464,0.9508138961313508,0.8501669712053431,0.8976781318608209,13493,2378,698
Aotus_azarai,Homo_sapiens,same-order,4,1,2,442,247,195,16550,81.84983172797958,0.9537525354969574,0.8880075542965061,0.9197066014669926,14106,1779,684
Aotus_azarai,Homo_sapiens,same-order,4,1,3,442,287,155,16550,83.95520222828294,0.9549204672958881,0.910739015485333,0.9323066017978541,14468,1418,683
Aotus_azarai,Homo_sapiens,same-order,4,1,4,442,317,125,16546,84.80696661828738,0.9555831752469418,0.9193203272498427,0.9371010680950702,14608,1282,679
Aotus_azarai,Homo_sapiens,same-order,4,1,5,442,323,119,16549,85.05079825834542,0.9558919483231111,0.9217894670609702,0.9385310227745924,14650,1243,676
Aotus_azarai,Homo_sapiens,same-order,4,1,6,442,324,118,16549,85.05079825834542,0.9558919483231111,0.9217894670609702,0.9385310227745924,14650,1243,676
Aotus_azarai,Homo_sapiens,same-order,4,2,1,442,132,310,16563,77.08345398737477,0.9497645211930926,0.8389536716041601,0.890926737842632,13310,2555,704
Aotus_azarai,Homo_sapiens,same-order,4,2,2,442,236,206,16558,80.52753623188406,0.9525474867996983,0.8749133967374189,0.9120814182534471,13891,1986,692
Aotus_azarai,Homo_sapiens,same-order,4,2,3,442,271,171,16556,81.79023088525351,0.9538596847303972,0.8874551520110783,0.9194600234772402,14099,1788,682
Aotus_azarai,Homo_sapiens,same-order,4,2,4,442,291,151,16556,82.81005165109396,0.9548313704496788,0.8977601610670694,0.9254166936896037,14269,1625,675
Aotus_azarai,Homo_sapiens,same-order,4,2,5,442,300,142,16555,83.19791062100987,0.9550299800133244,0.9019126714483453,0.9277116230908621,14335,1559,675
Aotus_azarai,Homo_sapiens,same-order,4,2,6,442,304,138,16555,83.36041787579802,0.9551137119297779,0.9036743425191897,0.9286822707875338,14363,1531,675
Aotus_azarai,Homo_sapiens,same-order,5,0,1,553,161,392,16553,78.47829866141277,0.950586088299291,0.8536400882445635,0.8995085015940489,13543,2322,704
Aotus_azarai,Homo_sapiens,same-order,5,0,2,553,306,247,16553,82.20211161387633,0.9538875799394143,0.8920926718710652,0.9219558215947168,14170,1714,685
Aotus_azarai,Homo_sapiens,same-order,5,0,3,553,353,200,16554,83.50748867990248,0.9553695955369595,0.904887714663144,0.9294436906377205,14385,1512,672
Aotus_azarai,Homo_sapiens,same-order,5,0,4,553,370,183,16555,84.35903390617743,0.9559839463122574,0.9138364779874214,0.9344351908421493,14530,1370,669
Aotus_azarai,Homo_sapiens,same-order,5,0,5,553,385,168,16556,85.15765634980546,0.95662100456621,0.9220950704225352,0.9390407888839086,14665,1239,665
Aotus_azarai,Homo_sapiens,same-order,5,0,6,553,398,155,16556,85.65040650406505,0.956919483552845,0.9273184533165671,0.9418864550737596,14749,1156,664
Aotus_azarai,Homo_sapiens,same-order,5,1,1,553,140,413,16555,77.92839763642684,0.9500670951338371,0.8480645568024209,0.8961726791246128,13452,2410,707
Aotus_azarai,Homo_sapiens,same-order,5,1,2,553,283,270,16551,81.59986078078775,0.9533717383937649,0.885775454946162,0.918331374853114,14067,1814,688
Aotus_azarai,Homo_sapiens,same-order,5,1,3,553,337,216,16549,83.67098159865327,0.9550755367081898,0.9070543074696369,0.9304457283026175,14414,1477,678
Aotus_azarai,Homo_sapiens,same-order,5,1,4,553,374,179,16556,84.74133426232363,0.9562966845760713,0.9178090806187901,0.9366576819407008,14595,1307,667
Aotus_azarai,Homo_sapiens,same-order,5,1,5,553,399,154,16563,85.8154793009348,0.9572538860103627,0.9290338801936011,0.9429327889246867,14780,1129,660
Aotus_azarai,Homo_sapiens,same-order,5,1,6,553,410,143,16562,86.31505576208178,0.9578445275235271,0.9337103361608545,0.9456234687708804,14860,1055,654
Aotus_azarai,Homo_sapiens,same-order,5,2,1,553,157,396,16553,78.00950063723786,0.9499823633156966,0.8490542244640605,0.8966871982686866,13466,2394,709
Aotus_azarai,Homo_sapiens,same-order,5,2,2,553,304,249,16559,82.42968976514932,0.9539628212871619,0.8949820562865958,0.9235317047817049,14215,1668,686
Aotus_azarai,Homo_sapiens,same-order,5,2,3,553,365,188,16558,84.86712312869908,0.9558227682655862,0.9202793682753413,0.9377143773040552,14626,1267,676
Aotus_azarai,Homo_sapiens,same-order,5,2,4,553,415,138,16555,86.02531351602416,0.9567996900426191,0.9318867924528302,0.9441789332823552,14817,1083,669
Aotus_azarai,Homo_sapiens,same-order,5,2,5,553,433,120,16558,86.69919265841901,0.9577184652893622,0.9382149591451917,0.9478663957327914,14927,983,659
Aotus_azarai,Homo_sapiens,same-order,5,2,6,553,442,111,16555,86.9807703479928,0.9579014715291106,0.9409842247501728,0.949367489933737,14972,939,658
Aotus_azarai,Homo_sapiens,same-order,6,0,1,663,206,457,16553,79.01721040737092,0.9509065550906555,0.85950204853451,0.9028968713789107,13636,2229,704
Aotus_azarai,Homo_sapiens,same-order,6,0,2,663,389,274,16558,83.14574147133906,0.9548271037377574,0.9018312252218237,0.9275728155339806,14331,1560,678
Aotus_azarai,Homo_sapiens,same-order,6,0,3,663,447,216,16554,85.14454893765239,0.956190103657344,0.9226269107378751,0.9391087207068767,14667,1230,672
Aotus_azarai,Homo_sapiens,same-order,6,0,4,663,490,173,16549,86.52305191034723,0.9567869526133299,0.9374056366381479,0.9469971401334605,14901,995,673
Aotus_azarai,Homo_sapiens,same-order,6,0,5,663,515,148,16551,87.07897793263646,0.9572906026557712,0.9430817610062893,0.9501330629831453,14995,905,669
Aotus_azarai,Homo_sapiens,same-order,6,0,6,663,531,132,16556,87.76577204600906,0.9582646200685019,0.9495317704732575,0.9538782081636519,15108,803,658
Aotus_azarai,Homo_sapiens,same-order,6,1,1,663,175,488,16560,78.84180627210017,0.9516512734396866,0.856594029474745,0.9016241299303943,13601,2277,691
Aotus_azarai,Homo_sapiens,same-order,6,1,2,663,380,283,16552,82.7560197272991,0.954302154422588,0.8978345713206597,0.9252075765438506,14263,1623,683
Aotus_azarai,Homo_sapiens,same-order,6,1,3,663,450,213,16557,84.85604829347574,0.956115107913669,0.9195496288841364,0.937475952289342,14619,1279,671
Aotus_azarai,Homo_sapiens,same-order,6,1,4,663,480,183,16553,85.98641036064812,0.9569544984488108,0.9310193045337358,0.943808764940239,14806,1097,666
Aotus_azarai,Homo_sapiens,same-order,6,1,5,663,506,157,16550,87.03101405505866,0.9573244745416214,0.9423935601534494,0.9498003422703936,14985,916,668
Aotus_azarai,Homo_sapiens,same-order,6,1,6,663,528,135,16557,87.80501975366023,0.9584601725012684,0.9496669599095137,0.9540433053468848,15113,801,655
Aotus_azarai,Homo_sapiens,same-order,6,2,1,663,200,463,16553,78.57432628223704,0.9507713884992988,0.8544778471040524,0.9000564277890264,13558,2309,702
Aotus_azarai,Homo_sapiens,same-order,6,2,2,663,389,274,16555,83.22404688678698,0.9548601864181092,0.9025234409414133,0.9279544498722138,14342,1549,678
Aotus_azarai,Homo_sapiens,same-order,6,2,3,663,482,181,16552,85.77318390337379,0.9566709844559586,0.9289937106918239,0.9426292278238673,14771,1129,669
Aotus_azarai,Homo_sapiens,same-order,6,2,4,663,525,138,16549,87.0999593425103,0.9573544433094995,0.9430853405446198,0.9501663234595279,14996,905,668
Aotus_azarai,Homo_sapiens,same-order,6,2,5,663,541,122,16556,87.72296786938585,0.958420618294928,0.9487243936156843,0.9535478573909747,15098,816,655
Aotus_azarai,Homo_sapiens,same-order,6,2,6,663,557,106,16556,88.32451909106759,0.9589248533030476,0.9547681869581606,0.9568420058551328,15198,720,651
Aotus_azarai,Homo_sapiens,same-order,7,0,1,774,231,543,16559,78.39216368167855,0.951192066952669,0.8519685039370078,0.8988502691566425,13525,2350,694
Aotus_azarai,Homo_sapiens,same-order,7,0,2,774,423,351,16554,82.65916081481052,0.9546246648793566,0.8962371004278883,0.9245099311956382,14243,1649,677
Aotus_azarai,Homo_sapiens,same-order,7,0,3,774,513,261,16554,85.23486036114498,0.9564140986383478,0.9232704402515723,0.9395500656020992,14680,1220,669
Aotus_azarai,Homo_sapiens,same-order,7,0,4,774,572,202,16552,86.33987687303984,0.9571207828998197,0.9347921775765579,0.9458247176713854,14866,1037,666
Aotus_azarai,Homo_sapiens,same-order,7,0,5,774,593,181,16551,86.95879583890277,0.9579998719508291,0.9403003833343807,0.9490676138525943,14963,950,656
Aotus_azarai,Homo_sapiens,same-order,7,0,6,774,611,163,16552,87.56901261114663,0.9583412834700756,0.9468392610280256,0.9525555520434933,15068,846,655
Aotus_azarai,Homo_sapiens,same-order,7,1,1,774,233,541,16562,79.17728852838934,0.9514062935115567,0.8610673555541554,0.9039854473292541,13666,2205,698
Aotus_azarai,Homo_sapiens,same-order,7,1,2,774,459,315,16554,83.7453574744661,0.9551260837911179,0.9081240953999119,0.9310322580645161,14431,1460,678
Aotus_azarai,Homo_sapiens,same-order,7,1,3,774,538,236,16554,85.60896319517009,0.9564174070951423,0.9276593067874441,0.9418188785285476,14747,1150,672
Aotus_azarai,Homo_sapiens,same-order,7,1,4,774,573,201,16549,87.00778255314206,0.9572523961661342,0.9422012578616352,0.9496671949286846,14981,919,669
Aotus_azarai,Homo_sapiens,same-order,7,1,5,774,605,169,16557,87.86734812405622,0.9581380620645978,0.9510309278350515,0.9545712663259511,15129,779,661
Aotus_azarai,Homo_sapiens,same-order,7,1,6,774,632,142,16560,88.60031375283249,0.9590566037735849,0.9579721070486242,0.9585140486517065,15249,669,651
Aotus_azarai,Homo_sapiens,same-order,7,2,1,774,249,525,16555,79.34411031925372,0.9511043200444507,0.8631578947368421,0.9049995043452401,13694,2171,704
Aotus_azarai,Homo_sapiens,same-order,7,2,2,774,452,322,16551,83.09352517985612,0.9543546345038982,0.9016620498614959,0.9272603670972129,14322,1562,685
Aotus_azarai,Homo_sapiens,same-order,7,2,3,774,525,249,16555,84.93993384017179,0.9558516196447231,0.9209085761026867,0.938054798910431,14636,1257,676
Aotus_azarai,Homo_sapiens,same-order,7,2,4,774,557,217,16549,85.8262232282779,0.9560354302708993,0.930643841651457,0.9431687715269805,14787,1102,680
Aotus_azarai,Homo_sapiens,same-order,7,2,5,774,575,199,16554,86.21510244355447,0.956532938373366,0.9345665030829243,0.9454221430162619,14854,1040,675
Aotus_azarai,Homo_sapiens,same-order,7,2,6,774,589,185,16550,86.66589232824205,0.9570933812211391,0.9385534591194968,0.9477327575257208,14923,977,669
Aotus_azarai,Homo_sapiens,same-order,8,0,1,884,255,629,16557,79.18984700973574,0.9513366750208856,0.8610586011342155,0.9039491962691011,13665,2205,699
Aotus_azarai,Homo_sapiens,same-order,8,0,2,884,496,388,16554,83.01996285979573,0.9547517351841964,0.9002580076773016,0.9267044534412955,14306,1585,678
Aotus_azarai,Homo_sapiens,same-order,8,0,3,884,593,291,16555,85.26969749753236,0.9564934219096001,0.9235897113389095,0.9397536394176933,14686,1215,668
Aotus_azarai,Homo_sapiens,same-order,8,0,4,884,650,234,16553,86.92723154654742,0.9574005372905207,0.9412060617493555,0.9492342328059106,14968,935,666
Aotus_azarai,Homo_sapiens,same-order,8,0,5,884,693,191,16556,87.81436951849916,0.9581115335868188,0.9504023133014835,0.954241353193638,15119,789,661
Aotus_azarai,Homo_sapiens,same-order,8,0,6,884,714,170,16555,88.40588132736677,0.9589006555723651,0.9557077338694477,0.9573015323621031,15212,705,652
Aotus_azarai,Homo_sapiens,same-order,8,1,1,884,235,649,16560,78.81473757386166,0.9509331096665967,0.8574399697485346,0.9017697355339034,13605,2262,702
Aotus_azarai,Homo_sapiens,same-order,8,1,2,884,489,395,16554,83.34106997795057,0.9547962507478561,0.9039587135754296,0.928682270787534,14363,1526,680
Aotus_azarai,Homo_sapiens,same-order,8,1,3,884,593,291,16549,85.80139372822299,0.9565583322543053,0.929362183922506,0.9427641653905053,14775,1123,671
Aotus_azarai,Homo_sapiens,same-order,8,1,4,884,656,228,16553,87.10070856080846,0.9575405439918273,0.9429703219315896,0.9501995818285497,14997,907,665
Aotus_azarai,Homo_sapiens,same-order,8,1,5,884,700,184,16560,87.81082965372995,0.9586451858429532,0.949550794747754,0.9540763185304422,15114,803,652
Aotus_azarai,Homo_sapiens,same-order,8,1,6,884,719,165,16556,88.27221479630383,0.9589015151515151,0.9542027892951376,0.9565463820139807,15189,729,651
Aotus_azarai,Gorilla_gorilla,same-order,1,0,1,110,40,70,16549,78.58850245010159,0.986127774445111,0.812843809877001,0.8911400982551245,13151,3028,185
Aotus_azarai,Gorilla_gorilla,same-order,1,0,2,110,50,60,16551,79.53132472501196,0.986870410206958,0.8218941125594613,0.8968585681542404,13304,2883,177
Aotus_azarai,Gorilla_gorilla,same-order,1,0,3,110,51,59,16551,79.68675274988044,0.9868956837195528,0.8235003397788349,0.8978244763251836,13330,2857,177
Aotus_azarai,Gorilla_gorilla,same-order,1,0,4,110,51,59,16551,79.68675274988044,0.9868956837195528,0.8235003397788349,0.8978244763251836,13330,2857,177
Aotus_azarai,Homo_sapiens,same-order,8,2,1,884,265,619,16552,79.5536231884058,0.951598363497677,0.864658811669082,0.9060478013997094,13723,2148,698
Aotus_azarai,Homo_sapiens,same-order,8,2,2,884,521,363,16555,83.73469506180004,0.9551231135822081,0.908061166698131,0.9309977741217458,14430,1461,678
Aotus_azarai,Homo_sapiens,same-order,8,2,3,884,609,275,16549,85.34943115857905,0.9558603653383605,0.9253618628067968,0.940363892175359,14704,1186,679
Aotus_azarai,Homo_sapiens,same-order,8,2,4,884,649,235,16550,86.06176709624985,0.956389910328366,0.9328006040395143,0.9444479836911512,14825,1068,676
Aotus_azarai,Homo_sapiens,same-order,8,2,5,884,668,216,16552,86.57764876632801,0.9568202232773001,0.9381605435329643,0.9473985134362491,14913,983,673
Aotus_azarai,Homo_sapiens,same-order,8,2,6,884,676,208,16553,86.74600870827285,0.9569617010375304,0.9399257721582689,0.9483672368379296,14942,955,672
Aotus_azarai,Gorilla_gorilla,same-order,1,1,1,110,36,74,16558,78.59917528237614,0.9868687626622645,0.8124034838470566,0.891177666350454,13152,3037,175
Aotus_azarai,Gorilla_gorilla,same-order,1,1,2,110,48,62,16554,79.46081654611753,0.987006237006237,0.8211131014886651,0.8964494048622584,13293,2896,175
Aotus_azarai,Gorilla_gorilla,same-order,1,1,3,110,50,60,16554,79.59830234921394,0.9870283892965681,0.8225338192599914,0.8973045822102427,13316,2873,175
Aotus_azarai,Gorilla_gorilla,same-order,1,1,4,110,51,59,16554,79.72981050869747,0.9870495078812995,0.8238927666934338,0.8981213386303952,13338,2851,175
Aotus_azarai,Gorilla_gorilla,same-order,1,1,5,110,52,58,16554,79.78958694482635,0.9870590845226651,0.8245104700722713,0.8984921917070544,13348,2841,175
Aotus_azarai,Gorilla_gorilla,same-order,1,1,6,110,52,58,16554,79.78958694482635,0.9870590845226651,0.8245104700722713,0.8984921917070544,13348,2841,175
Aotus_azarai,Gorilla_gorilla,same-order,1,2,1,110,31,79,16549,77.9431098362615,0.9860145146658603,0.8061684900179245,0.8870677049682048,13043,3136,185
Aotus_azarai,Gorilla_gorilla,same-order,1,2,2,110,40,70,16544,78.64530399952173,0.9862798020692758,0.8129905444657314,0.8912903553643416,13155,3026,183
Aotus_azarai,Gorilla_gorilla,same-order,1,2,3,110,45,65,16544,79.03862250388616,0.9864199373227877,0.8169571128414288,0.8937263385613845,13220,2962,182
Aotus_azarai,Gorilla_gorilla,same-order,1,2,4,110,46,64,16544,79.15819681932321,0.9864401728505439,0.8181930540106291,0.894473719767599,13240,2942,182
Aotus_azarai,Gorilla_gorilla,same-order,1,2,5,110,47,63,16544,79.22396269281359,0.986451276706618,0.8188728216536892,0.8948843491473916,13251,2931,182
Aotus_azarai,Gorilla_gorilla,same-order,1,2,6,110,48,62,16544,79.30766471361952,0.9864653826132223,0.8197379804721295,0.8954065273887071,13265,2917,182
Aotus_azarai,Gorilla_gorilla,same-order,2,0,1,219,61,158,16555,79.48702618677508,0.987301351552057,0.8210337800284073,0.896523820762669,13295,2898,171
Aotus_azarai,Gorilla_gorilla,same-order,2,0,2,219,108,111,16561,81.86875635580547,0.988729952319029,0.8443978282329714,0.9108818635607321,13686,2522,156
Aotus_azarai,Gorilla_gorilla,same-order,2,0,3,219,128,91,16561,83.29942556247008,0.989269471290506,0.8586319620057978,0.9193330031368664,13921,2292,151
Aotus_azarai,Gorilla_gorilla,same-order,2,0,4,219,135,84,16560,83.57967805637006,0.9893044340558153,0.8614691913896256,0.9209719428967063,13967,2246,151
Aotus_azarai,Gorilla_gorilla,same-order,2,0,5,219,137,82,16559,83.68043087971274,0.9893165416725627,0.8624560537840005,0.921540844235015,13983,2230,151
Aotus_azarai,Gorilla_gorilla,same-order,2,0,6,219,137,82,16559,83.68043087971274,0.9893165416725627,0.8624560537840005,0.921540844235015,13983,2230,151
Aotus_azarai,Gorilla_gorilla,same-order,2,1,1,219,61,158,16547,79.44361352078971,0.9875065070275898,0.8198938009385033,0.8959282123941572,13279,2917,168
Aotus_azarai,Gorilla_gorilla,same-order,2,1,2,219,96,123,16551,81.37865007180469,0.9883002688758085,0.8393507375177436,0.907755973835269,13600,2603,161
Aotus_azarai,Gorilla_gorilla,same-order,2,1,3,219,114,105,16551,82.74066091954023,0.9890510948905109,0.8525692431065326,0.9157528573794931,13821,2390,153
Aotus_azarai,Gorilla_gorilla,same-order,2,1,4,219,120,99,16547,82.941141249027,0.9890047122661716,0.8545342381246145,0.9168652369605506,13852,2358,154
Aotus_azarai,Gorilla_gorilla,same-order,2,1,5,219,121,98,16547,83.10280821507695,0.9890258675978052,0.8561998766193708,0.9178322256389909,13879,2331,154
Aotus_azarai,Gorilla_gorilla,same-order,2,1,6,219,121,98,16547,83.10280821507695,0.9890258675978052,0.8561998766193708,0.9178322256389909,13879,2331,154
Aotus_azarai,Gorilla_gorilla,same-order,2,2,1,219,53,166,16555,79.10715352895475,0.9867312709653373,0.8178055109353762,0.8943616769703726,13237,2949,178
Aotus_azarai,Gorilla_gorilla,same-order,2,2,2,219,89,130,16552,81.01644245142003,0.9873934270932012,0.8368846890247669,0.9059303336230526,13550,2641,173
Aotus_azarai,Gorilla_gorilla,same-order,2,2,3,219,107,112,16555,82.19989233805849,0.9882073775796362,0.8483333333333334,0.9129438336599461,13743,2457,164
Aotus_azarai,Gorilla_gorilla,same-order,2,2,4,219,112,107,16556,82.66642741790777,0.9883438215102975,0.8530954879328436,0.9157528573794931,13821,2380,163
Aotus_azarai,Gorilla_gorilla,same-order,2,2,5,219,117,102,16552,83.04415460093335,0.9884631818829227,0.856684359955561,0.9178680068773972,13880,2322,162
Aotus_azarai,Gorilla_gorilla,same-order,2,2,6,219,122,97,16556,83.15184874955128,0.9887592487194081,0.8575836110082685,0.9185116647941314,13898,2308,158
Aotus_azarai,Gorilla_gorilla,same-order,3,0,1,328,106,222,16553,81.6991510223604,0.9874981933805463,0.8439874004076339,0.9101202171234474,13665,2526,173
Aotus_azarai,Gorilla_gorilla,same-order,3,0,2,328,183,145,16552,85.66554943739526,0.9892183288409704,0.8830824284304047,0.9331420934250416,14313,1895,156
Aotus_azarai,Gorilla_gorilla,same-order,3,0,3,328,214,114,16553,87.29265225462602,0.9900835427562318,0.8988161302256752,0.9422449177466792,14577,1641,146
Aotus_azarai,Gorilla_gorilla,same-order,3,0,4,328,239,89,16552,88.0158112235731,0.9902297688834985,0.9060977865466429,0.9462974887314874,14696,1523,145
Aotus_azarai,Gorilla_gorilla,same-order,3,0,5,328,251,77,16552,88.87890227095691,0.9908483633934536,0.9140937942934615,0.9509247684072186,14833,1394,137
Aotus_azarai,Gorilla_gorilla,same-order,3,0,6,328,252,76,16554,89.0273865883622,0.9911268263393155,0.9152855646602182,0.9516976297245355,14856,1375,133
Aotus_azarai,Gorilla_gorilla,same-order,3,1,1,328,106,222,16555,81.1853358052748,0.9879193654028091,0.8380664279540684,0.906843915962457,13575,2623,166
Aotus_azarai,Gorilla_gorilla,same-order,3,1,2,328,189,139,16540,85.06497395053596,0.9889306599832915,0.8765813020672631,0.9293728941084105,14205,2000,159
Aotus_azarai,Gorilla_gorilla,same-order,3,1,3,328,228,100,16553,86.38269829858615,0.9904519851627971,0.8886902927580894,0.936815774940714,14419,1806,139
Aotus_azarai,Gorilla_gorilla,same-order,3,1,4,328,235,93,16549,87.06100922929402,0.990657392253137,0.8952363345042214,0.9405328412806319,14527,1700,137
Aotus_azarai,Gorilla_gorilla,same-order,3,1,5,328,241,87,16548,87.3231838887557,0.9907514450867052,0.8977692876509736,0.9419713574499726,14569,1659,136
Aotus_azarai,Gorilla_gorilla,same-order,3,1,6,328,243,85,16549,87.43706545193,0.9908306730965156,0.8988847125516052,0.9426208322563969,14588,1641,135
Aotus_azarai,Gorilla_gorilla,same-order,3,2,1,328,118,210,16555,81.42788806505621,0.9877420758685719,0.8408768138314294,0.9084117136948835,13618,2577,169
Aotus_azarai,Gorilla_gorilla,same-order,3,2,2,328,193,135,16547,84.62735707871894,0.9889471843301854,0.872331235344934,0.9269860004590013,14137,2069,158
Aotus_azarai,Gorilla_gorilla,same-order,3,2,3,328,216,112,16549,85.76388888888889,0.9892963193149644,0.8838299710037634,0.9335940045617465,14326,1883,155
Aotus_azarai,Gorilla_gorilla,same-order,3,2,4,328,222,106,16546,86.15052990838872,0.9893419514543079,0.8876550064778826,0.9357440166493236,14388,1821,155
Aotus_azarai,Gorilla_gorilla,same-order,3,2,5,328,223,105,16546,86.15052990838872,0.9893419514543079,0.8876550064778826,0.9357440166493236,14388,1821,155
Aotus_azarai,Gorilla_gorilla,same-order,3,2,6,328,223,105,16546,86.15052990838872,0.9893419514543079,0.8876550064778826,0.9357440166493236,14388,1821,155
Aotus_azarai,Gorilla_gorilla,same-order,4,0,1,437,122,315,16543,81.32847064450556,0.9867256637168141,0.8406773376181942,0.9078653185170353,13603,2578,183
Aotus_azarai,Gorilla_gorilla,same-order,4,0,2,437,195,242,16544,84.53663793103448,0.9887963027799174,0.8714514934584053,0.9264228309004429,14121,2083,160
Aotus_azarai,Gorilla_gorilla,same-order,4,0,3,437,249,188,16544,86.52452536383781,0.9895205479452055,0.8911849978409722,0.9377819609879587,14447,1764,153
Aotus_azarai,Gorilla_gorilla,same-order,4,0,4,437,271,166,16551,87.61608052243724,0.990517474939041,0.9013806706114399,0.9438492319607591,14624,1600,140
Aotus_azarai,Gorilla_gorilla,same-order,4,0,5,437,286,151,16546,88.08510638297872,0.9906308978161229,0.905824345146379,0.9463314123820868,14697,1528,139
Aotus_azarai,Gorilla_gorilla,same-order,4,0,6,437,290,147,16550,88.31075410622228,0.9911194833153929,0.9075899457861015,0.9475173655775662,14732,1500,132
Aotus_azarai,Gorilla_gorilla,same-order,4,1,1,437,132,305,16551,81.46265622196974,0.9875317143892715,0.8413414031620553,0.9085937239470437,13623,2569,172
Aotus_azarai,Gorilla_gorilla,same-order,4,1,2,437,222,215,16551,85.27544910179641,0.9896455872133426,0.8782608695652174,0.9306322496324131,14241,1974,149
Aotus_azarai,Gorilla_gorilla,same-order,4,1,3,437,275,162,16548,87.42059211314874,0.9906281833616298,0.8989892764698632,0.9425866692513973,14587,1639,138
Aotus_azarai,Gorilla_gorilla,same-order,4,1,4,437,302,135,16550,88.29277065100108,0.9911176905995559,0.9074051256776737,0.9474158170649342,14729,1503,132
Aotus_azarai,Gorilla_gorilla,same-order,4,1,5,437,311,126,16551,88.65175948684131,0.9912856951333959,0.9109276826413699,0.9494093477144325,14788,1446,130
Aotus_azarai,Gorilla_gorilla,same-order,4,1,6,437,314,123,16550,88.82494004796163,0.9913020206075204,0.9126524578046076,0.9503527902501603,14816,1418,130
Aotus_azarai,Gorilla_gorilla,same-order,4,2,1,437,147,290,16547,81.68761220825853,0.988199522189242,0.8425405839145732,0.9095755314186713,13650,2551,163
Aotus_azarai,Gorilla_gorilla,same-order,4,2,2,437,244,193,16558,84.87787356321839,0.9898073163920692,0.8742138364779874,0.9284264291794905,14178,2040,146
Aotus_azarai,Gorilla_gorilla,same-order,4,2,3,437,284,153,16551,86.85597891205367,0.990368194548808,0.8936694816001972,0.939537295055408,14498,1725,141
Aotus_azarai,Gorilla_gorilla,same-order,4,2,4,437,294,143,16551,87.5014979029359,0.9905717967849149,0.9000924499229584,0.9431671402738311,14604,1621,139
Aotus_azarai,Gorilla_gorilla,same-order,4,2,5,437,303,134,16551,87.91347075743049,0.9907482441923284,0.9041104332285697,0.9454486869663282,14671,1556,137
Aotus_azarai,Gorilla_gorilla,same-order,4,2,6,437,308,129,16555,88.15316395014382,0.9910401509027217,0.9063520423880229,0.9468061142397425,14711,1520,133
Aotus_azarai,Gorilla_gorilla,same-order,5,0,1,546,177,369,16556,82.41731953830512,0.9881686505091065,0.8507315266374468,0.9143141482832974,13781,2418,165
Aotus_azarai,Gorilla_gorilla,same-order,5,0,2,546,303,243,16550,86.67944417824629,0.9900123135859898,0.8923418423973363,0.9386431443767025,14472,1746,146
Aotus_azarai,Gorilla_gorilla,same-order,5,0,3,546,371,175,16552,88.4779089982615,0.9913353036002149,0.9090853095164767,0.9484304212318863,14759,1476,129
Aotus_azarai,Gorilla_gorilla,same-order,5,0,4,546,404,142,16550,89.43581749505366,0.9914262927023794,0.9188173698798892,0.9537418880470573,14917,1318,129
Aotus_azarai,Gorilla_gorilla,same-order,5,0,5,546,420,126,16551,90.0803646395586,0.9918774351185367,0.9248199002524475,0.9571756308947235,15020,1221,123
Aotus_azarai,Gorilla_gorilla,same-order,5,0,6,546,429,117,16556,90.51646571891308,0.9924366984544558,0.9286725336943812,0.9594964074521524,15090,1159,115
Aotus_azarai,Gorilla_gorilla,same-order,5,1,1,546,167,379,16548,81.51471643933955,0.9878207916485429,0.8413188441590517,0.908702900966989,13626,2570,168
Aotus_azarai,Gorilla_gorilla,same-order,5,1,2,546,298,248,16547,85.6954673372852,0.9893543481266418,0.8829117828500925,0.9331073151649497,14312,1898,154
Aotus_azarai,Gorilla_gorilla,same-order,5,1,3,546,356,190,16550,87.82738987114175,0.9908715937521131,0.9029515065623267,0.944870720226965,14654,1575,135
Aotus_azarai,Gorilla_gorilla,same-order,5,1,4,546,380,166,16549,88.95150170853066,0.9911823647294589,0.9141202562838837,0.9510928786616242,14838,1394,132
Aotus_azarai,Gorilla_gorilla,same-order,5,1,5,546,403,143,16543,89.74097613622736,0.9910607866507747,0.9222379690677183,0.9554115732022597,14967,1262,135
Aotus_azarai,Gorilla_gorilla,same-order,5,1,6,546,416,130,16553,90.66922523386903,0.9919307222987601,0.9309771565790284,0.9604878668530047,15120,1121,123
Aotus_azarai,Gorilla_gorilla,same-order,5,2,1,546,161,385,16550,82.61649817550996,0.9880526541708399,0.8526887695252208,0.9153935376967689,13811,2386,167
Aotus_azarai,Gorilla_gorilla,same-order,5,2,2,546,285,261,16552,86.67185815262968,0.9902812949147902,0.8919368758476144,0.9385398761067687,14469,1753,142
Aotus_azarai,Gorilla_gorilla,same-order,5,2,3,546,349,197,16556,88.55327819729115,0.9912786797262847,0.9101884932856967,0.9490044958253051,14776,1458,130
Aotus_azarai,Gorilla_gorilla,same-order,5,2,4,546,377,169,16551,89.56235011990408,0.9914388107247146,0.9201724668925162,0.9544772066575089,14939,1296,129
Aotus_azarai,Gorilla_gorilla,same-order,5,2,5,546,387,159,16552,90.04136938665387,0.9916143941895015,0.9249245550286382,0.9571091708622778,15018,1219,127
Aotus_azarai,Gorilla_gorilla,same-order,5,2,6,546,393,153,16557,90.32799664208191,0.9920969441517387,0.927357793646885,0.9586356115565738,15064,1180,120
Aotus_azarai,Gorilla_gorilla,same-order,6,0,1,655,218,437,16555,83.24259647023632,0.9886315191132585,0.8586768699086645,0.9190831626923839,13914,2290,160
Aotus_azarai,Gorilla_gorilla,same-order,6,0,2,655,374,281,16550,87.24920644427142,0.9900101936799185,0.8983165813652341,0.9419371524634683,14568,1649,147
Aotus_azarai,Gorilla_gorilla,same-order,6,0,3,655,446,209,16551,89.71161340607951,0.9915181233847988,0.9215939886671594,0.9552781945286812,14963,1273,128
Aotus_azarai,Gorilla_gorilla,same-order,6,0,4,655,486,169,16553,90.68777358038017,0.9918677859391396,0.93128078817734,0.9606199186991871,15124,1116,124
Aotus_azarai,Gorilla_gorilla,same-order,6,0,5,655,509,146,16557,91.46524320758112,0.9924508655473122,0.938577055637617,0.9647624470171444,15250,998,116
Aotus_azarai,Gorilla_gorilla,same-order,6,0,6,655,523,132,16559,91.75115483832263,0.9928589976629447,0.94093761535622,0.9662012761387326,15294,960,110
Aotus_azarai,Gorilla_gorilla,same-order,6,1,1,655,196,459,16550,83.07305690181296,0.9883960988111341,0.8569841367816802,0.9180111081724412,13884,2317,163
Aotus_azarai,Gorilla_gorilla,same-order,6,1,2,655,381,274,16548,87.83249460819555,0.990273556231003,0.9038840937114673,0.945108783239323,14661,1559,144
Aotus_azarai,Gorilla_gorilla,same-order,6,1,3,655,469,186,16553,90.40767386091127,0.9916485828894588,0.9287429943955164,0.9591655005724462,15080,1157,127
Aotus_azarai,Gorilla_gorilla,same-order,6,1,4,655,520,135,16554,91.84763047390521,0.9924807156284436,0.9423313638601674,0.9667561168113654,15311,937,116
Aotus_azarai,Gorilla_gorilla,same-order,6,1,5,655,534,121,16550,92.43415131697365,0.9924627971397282,0.948236597525697,0.969845766446333,15406,841,117
Aotus_azarai,Gorilla_gorilla,same-order,6,1,6,655,543,112,16551,92.9664526195763,0.9928218932256617,0.9531749938469112,0.9725945691414222,15491,761,112
Aotus_azarai,Gorilla_gorilla,same-order,6,2,1,655,218,437,16548,82.916467209191,0.9883032593966193,0.8553703703703703,0.9170444392971775,13857,2343,164
Aotus_azarai,Gorilla_gorilla,same-order,6,2,2,655,384,271,16553,87.0836328780254,0.9905281090289608,0.8959013867488443,0.94084142394822,14536,1689,139
Aotus_azarai,Gorilla_gorilla,same-order,6,2,3,655,458,197,16556,89.44970627023139,0.9916267942583732,0.9189555363961079,0.9539090967205779,14922,1316,126
Aotus_azarai,Gorilla_gorilla,same-order,6,2,4,655,507,148,16553,90.75806645076166,0.9920676543857349,0.9316628701594533,0.9609169127218465,15133,1110,121
Aotus_azarai,Gorilla_gorilla,same-order,6,2,5,655,521,134,16554,91.08738679301865,0.9922252711355024,0.9348722683902739,0.9626953186903743,15187,1058,119
Aotus_azarai,Gorilla_gorilla,same-order,6,2,6,655,527,128,16556,91.3742426968988,0.9925071670575971,0.9374730752661702,0.9642054625439124,15233,1016,115
Aotus_azarai,Gorilla_gorilla,same-order,7,0,1,764,231,533,16544,83.11602870813397,0.9874937824202373,0.8584754138868298,0.9184759261095139,13897,2291,176
Aotus_azarai,Gorilla_gorilla,same-order,7,0,2,764,459,305,16558,87.90873158462091,0.990552668871044,0.9047707100591716,0.9457204522758754,14679,1545,140
Aotus_azarai,Gorilla_gorilla,same-order,7,0,3,764,570,194,16558,90.86221369468761,0.992143511850203,0.9328983009111056,0.9616092391649216,15154,1090,120
Aotus_azarai,Gorilla_gorilla,same-order,7,0,4,764,632,132,16551,92.35661147108232,0.9924569660241119,0.947497999630701,0.969456514893885,15394,853,117
Aotus_azarai,Gorilla_gorilla,same-order,7,0,5,764,655,109,16556,93.0388862217955,0.9930822444273636,0.9537401574803149,0.9730136814359232,15504,752,108
Aotus_azarai,Gorilla_gorilla,same-order,7,0,6,764,660,104,16557,93.23610610971072,0.9932864450127877,0.9554708161633557,0.9740117245054705,15535,724,105
Aotus_azarai,Gorilla_gorilla,same-order,7,1,1,764,240,524,16547,83.52877826971401,0.9881795016987542,0.8619497437797123,0.9207584501236603,13961,2236,167
Aotus_azarai,Gorilla_gorilla,same-order,7,1,2,764,448,316,16549,87.52395783421179,0.990040650406504,0.9010914472467164,0.9434741905284565,14613,1604,147
Aotus_azarai,Gorilla_gorilla,same-order,7,1,3,764,541,223,16551,90.26628283555236,0.9918940292605773,0.9267286497136876,0.9582046792933313,15051,1190,123
Aotus_azarai,Gorilla_gorilla,same-order,7,1,4,764,588,176,16550,91.69716239726438,0.9922747338353675,0.9409048938134811,0.9659072956491517,15285,960,119
Aotus_azarai,Gorilla_gorilla,same-order,7,1,5,764,602,162,16553,92.10510528526007,0.9925011312948477,0.944916297390448,0.968124349717817,15353,895,116
Aotus_azarai,Gorilla_gorilla,same-order,7,1,6,764,609,155,16560,92.37369494779792,0.9931617315011935,0.9469184401525403,0.9694889637583047,15395,863,106
Aotus_azarai,Gorilla_gorilla,same-order,7,2,1,764,240,524,16557,82.87269681742043,0.9886525834998573,0.8548596112311015,0.9169010821722872,13853,2352,159
Aotus_azarai,Gorilla_gorilla,same-order,7,2,2,764,440,324,16544,87.25431447746884,0.9902074124447466,0.8977188655980272,0.9416976556184316,14561,1659,144
Aotus_azarai,Gorilla_gorilla,same-order,7,2,3,764,536,228,16555,90.12286484866647,0.9914287598074768,0.9262658617715905,0.9577401993567084,15037,1197,130
Aotus_azarai,Gorilla_gorilla,same-order,7,2,4,764,597,167,16556,91.30434782608695,0.9922445255474452,0.9372114496768237,0.9639431447655831,15225,1020,119
Aotus_azarai,Gorilla_gorilla,same-order,7,2,5,764,624,140,16551,92.03215935681287,0.9924943384018117,0.9440546528803545,0.9676686748888117,15339,909,116
Aotus_azarai,Gorilla_gorilla,same-order,7,2,6,764,635,129,16555,92.51725172517251,0.9929160226687275,0.9485665067060416,0.9702347240576427,15418,836,110
Aotus_azarai,Gorilla_gorilla,same-order,8,0,1,873,274,599,16547,83.54975764466519,0.9883902024635424,0.8618518518518519,0.9207940381191058,13962,2238,164
Aotus_azarai,Gorilla_gorilla,same-order,8,0,2,873,519,354,16555,87.7088948787062,0.9905296624501116,0.902551775147929,0.944496404037798,14643,1581,140
Aotus_azarai,Gorilla_gorilla,same-order,8,0,3,873,616,257,16551,89.90704647676162,0.9917967716327071,0.9231527093596059,0.956244418930986,14992,1248,124
Aotus_azarai,Gorilla_gorilla,same-order,8,0,4,873,677,196,16554,91.0257948410318,0.9924133420536299,0.9338995568685377,0.9622677405035195,15174,1074,116
Aotus_azarai,Gorilla_gorilla,same-order,8,0,5,873,696,177,16557,91.57118003479513,0.9927159209157128,0.9392074821560423,0.9652206905273808,15264,988,112
Aotus_azarai,Gorilla_gorilla,same-order,8,0,6,873,716,157,16554,92.10321032103211,0.9928201811125485,0.9443794991693841,0.9679941979629805,15349,904,111
Aotus_azarai,Gorilla_gorilla,same-order,8,1,1,873,270,603,16550,83.36425109209503,0.9885750780584729,0.8597790532617416,0.9196897177752104,13931,2272,161
Aotus_azarai,Gorilla_gorilla,same-order,8,1,2,873,508,365,16547,87.09928695547966,0.9903256574465186,0.8960670694119097,0.94084142394822,14536,1686,142
Aotus_azarai,Gorilla_gorilla,same-order,8,1,3,873,580,293,16551,89.32981656875674,0.991285837823455,0.9180065299082116,0.9532399411501311,14902,1331,131
Aotus_azarai,Gorilla_gorilla,same-order,8,1,4,873,648,225,16556,90.82134292565948,0.9918810973613567,0.9328201970443349,0.9614444832291436,15149,1091,124
Aotus_azarai,Gorilla_gorilla,same-order,8,1,5,873,681,192,16555,91.73965206958609,0.992536344755971,0.9411656101913964,0.9661686198944941,15293,956,115
Aotus_azarai,Gorilla_gorilla,same-order,8,1,6,873,704,169,16555,92.44988596807106,0.9931016697827348,0.947530294642308,0.9697809116091666,15404,853,107
Aotus_azarai,Saimiri_boliviensis,same-order,1,0,1,110,85,25,16546,90.64137308039747,0.9960953011250827,0.9170728735071899,0.9549520969481633,15051,1361,59
Aotus_azarai,Saimiri_boliviensis,same-order,1,0,2,110,95,15,16545,91.27318718381113,0.9961219929012751,0.9234097002193516,0.9583886675520141,15155,1257,59
Aotus_azarai,Saimiri_boliviensis,same-order,1,0,3,110,95,15,16545,91.27318718381113,0.9961219929012751,0.9234097002193516,0.9583886675520141,15155,1257,59
Aotus_azarai,Gorilla_gorilla,same-order,8,2,1,873,273,600,16555,83.72913800323025,0.9885585140193517,0.8639056906554746,0.9220381410361977,13997,2205,162
Aotus_azarai,Gorilla_gorilla,same-order,8,2,2,873,551,322,16548,88.04673457159976,0.9904293320752173,0.9058685735421033,0.946263562896423,14695,1527,142
Aotus_azarai,Gorilla_gorilla,same-order,8,2,3,873,638,235,16556,90.55925193310556,0.9916639317361339,0.9304674508837839,0.960091509913574,15108,1129,127
Aotus_azarai,Gorilla_gorilla,same-order,8,2,4,873,705,168,16548,91.9491271222029,0.9921672708441223,0.9436064766360894,0.967277776024739,15327,916,121
Aotus_azarai,Gorilla_gorilla,same-order,8,2,5,873,727,146,16551,92.41660667146628,0.9924618259132788,0.9481134978765311,0.9697809116091664,15404,843,117
Aotus_azarai,Gorilla_gorilla,same-order,8,2,6,873,734,139,16558,92.78084493518963,0.9931907239673669,0.9509779800713495,0.9716260801256874,15461,797,106
Aotus_azarai,Saimiri_boliviensis,same-order,1,1,1,110,85,25,16554,90.10294383240021,0.9962060702875399,0.911843548190569,0.9521598066034735,14967,1447,57
Aotus_azarai,Saimiri_boliviensis,same-order,1,1,2,110,95,15,16554,91.07056840077071,0.9964424533895514,0.9213010903331912,0.9573996708444107,15125,1292,54
Aotus_azarai,Saimiri_boliviensis,same-order,1,1,3,110,97,13,16554,91.28733140655106,0.9964508708511337,0.9234939392093562,0.9585862417804755,15161,1256,54
Aotus_azarai,Saimiri_boliviensis,same-order,1,1,4,110,97,13,16554,91.28733140655106,0.9964508708511337,0.9234939392093562,0.9585862417804755,15161,1256,54
Aotus_azarai,Saimiri_boliviensis,same-order,1,2,1,110,95,15,16544,90.51750105428037,0.9963527851458885,0.9152655945419104,0.9540894081788164,15025,1391,55
Aotus_azarai,Saimiri_boliviensis,same-order,1,2,2,110,100,10,16543,90.84829497529823,0.9963657988634862,0.9185550682261209,0.9558795562599048,15079,1337,55
Aotus_azarai,Saimiri_boliviensis,same-order,1,2,3,110,101,9,16543,90.98686588745632,0.9963713135844824,0.9199561403508771,0.9566401672314953,15102,1314,55
Aotus_azarai,Saimiri_boliviensis,same-order,1,2,4,110,101,9,16543,90.98686588745632,0.9963713135844824,0.9199561403508771,0.9566401672314953,15102,1314,55
Aotus_azarai,Saimiri_boliviensis,same-order,2,0,1,220,174,46,16548,93.09680139750617,0.9965824090791849,0.9413448653916433,0.968176407943369,15455,963,53
Aotus_azarai,Saimiri_boliviensis,same-order,2,0,2,220,204,16,16547,94.38520392794747,0.996691901520453,0.9541994031305195,0.9749828863028192,15667,752,52
Aotus_azarai,Saimiri_boliviensis,same-order,2,0,3,220,207,13,16547,94.5117175733478,0.9966963151207116,0.9554784091601194,0.9756522279921639,15688,731,52
Aotus_azarai,Saimiri_boliviensis,same-order,2,0,4,220,207,13,16547,94.5117175733478,0.9966963151207116,0.9554784091601194,0.9756522279921639,15688,731,52
Aotus_azarai,Saimiri_boliviensis,same-order,2,1,1,220,174,46,16555,93.15951104955741,0.9966501320621014,0.9422620135209209,0.9686932565274561,15471,948,52
Aotus_azarai,Saimiri_boliviensis,same-order,2,1,2,220,202,18,16556,94.5685554284338,0.9967631378522468,0.9564555420219245,0.9761934361014422,15705,715,51
Aotus_azarai,Saimiri_boliviensis,same-order,2,1,3,220,204,16,16555,94.81512706250753,0.996771334515067,0.9588915956151035,0.9774646138564689,15745,675,51
Aotus_azarai,Saimiri_boliviensis,same-order,2,1,4,220,204,16,16555,94.81512706250753,0.996771334515067,0.9588915956151035,0.9774646138564689,15745,675,51
Aotus_azarai,Saimiri_boliviensis,same-order,2,2,1,220,170,50,16538,92.75641798240328,0.9963749352667012,0.9376789521778861,0.9661362709098328,15392,1023,56
Aotus_azarai,Saimiri_boliviensis,same-order,2,2,2,220,206,14,16539,94.22682897432807,0.9964948059397106,0.952485380116959,0.9739932102033824,15636,780,55
Aotus_azarai,Saimiri_boliviensis,same-order,2,2,3,220,211,9,16539,94.52178629542578,0.9965688143347312,0.9553511603825303,0.9755248017415643,15684,733,54
Aotus_azarai,Saimiri_boliviensis,same-order,2,2,4,220,211,9,16539,94.52178629542578,0.9965688143347312,0.9553511603825303,0.9755248017415643,15684,733,54
Aotus_azarai,Saimiri_boliviensis,same-order,3,0,1,330,252,78,16540,94.39657769476412,0.9963749682014754,0.954490069452906,0.974982886302819,15667,747,57
Aotus_azarai,Saimiri_boliviensis,same-order,3,0,2,330,298,32,16541,95.7821161725717,0.9965519403172215,0.9683235867446394,0.982234992430562,15896,520,55
Aotus_azarai,Saimiri_boliviensis,same-order,3,0,3,330,305,25,16540,96.09520940042181,0.9965629296337958,0.9714303118908382,0.9838361404158183,15947,469,55
Aotus_azarai,Saimiri_boliviensis,same-order,3,0,4,330,307,23,16540,96.3000903886713,0.9965702170117237,0.9735014619883041,0.9849007765314928,15981,435,55
Aotus_azarai,Saimiri_boliviensis,same-order,3,0,5,330,307,23,16540,96.3000903886713,0.9965702170117237,0.9735014619883041,0.9849007765314928,15981,435,55
Aotus_azarai,Saimiri_boliviensis,same-order,3,1,1,330,250,80,16541,94.5900355443099,0.9963195634240751,0.9566197526351063,0.9760661444734552,15701,712,58
Aotus_azarai,Saimiri_boliviensis,same-order,3,1,2,330,304,26,16543,96.3121422115095,0.9967570938571874,0.9734453986235458,0.9849633327170765,15983,436,52
Aotus_azarai,Saimiri_boliviensis,same-order,3,1,3,330,307,23,16543,96.3121422115095,0.9967570938571874,0.9734453986235458,0.9849633327170765,15983,436,52
Aotus_azarai,Saimiri_boliviensis,same-order,3,1,4,330,307,23,16543,96.3121422115095,0.9967570938571874,0.9734453986235458,0.9849633327170765,15983,436,52
Aotus_azarai,Saimiri_boliviensis,same-order,3,2,1,330,258,72,16545,94.45649554109424,0.9967571691994659,0.9546894031668697,0.9752698541076928,15676,744,51
Aotus_azarai,Saimiri_boliviensis,same-order,3,2,2,330,300,30,16541,95.81675708257987,0.9969269363436815,0.9679697966142979,0.9822349924305621,15896,526,49
Aotus_azarai,Saimiri_boliviensis,same-order,3,2,3,330,308,22,16541,96.10006027727546,0.996935967983992,0.9708318109852637,0.983710742271858,15943,479,49
Aotus_azarai,Saimiri_boliviensis,same-order,3,2,4,330,308,22,16541,96.10006027727546,0.996935967983992,0.9708318109852637,0.983710742271858,15943,479,49
Aotus_azarai,Saimiri_boliviensis,same-order,4,0,1,440,353,87,16549,95.51177781794084,0.9968561368209256,0.9654710431764204,0.9809126063418405,15854,567,50
Aotus_azarai,Saimiri_boliviensis,same-order,4,0,2,440,416,24,16540,97.34779987944545,0.9969135802469136,0.9834967419767371,0.9901597130682689,16150,271,50
Aotus_azarai,Saimiri_boliviensis,same-order,4,0,3,440,425,15,16541,97.6130198915009,0.9969833158899218,0.9861161856046766,0.9915199755089544,16194,228,49
Aotus_azarai,Saimiri_boliviensis,same-order,4,0,4,440,425,15,16541,97.6130198915009,0.9969833158899218,0.9861161856046766,0.9915199755089544,16194,228,49
Aotus_azarai,Saimiri_boliviensis,same-order,4,1,1,440,347,93,16542,95.44441096715879,0.9966649886735465,0.9647338287245706,0.9804394924172082,15839,579,53
Aotus_azarai,Saimiri_boliviensis,same-order,4,1,2,440,418,22,16541,97.31830782210437,0.9967287989137144,0.983615543915215,0.9901287553648068,16149,269,53
Aotus_azarai,Saimiri_boliviensis,same-order,4,1,3,440,423,17,16514,97.66992635518532,0.9967964514539182,0.9854436932821731,0.9910875624023767,16180,239,52
Aotus_azarai,Saimiri_boliviensis,same-order,4,1,4,440,425,15,16514,97.6880357358445,0.9967970434246998,0.9856264084292587,0.99118025356771,16183,236,52
Aotus_azarai,Saimiri_boliviensis,same-order,4,1,5,440,425,15,16514,97.6880357358445,0.9967970434246998,0.9856264084292587,0.99118025356771,16183,236,52
Aotus_azarai,Saimiri_boliviensis,same-order,4,2,1,440,341,99,16544,95.7999397408858,0.9968023073546931,0.9682095006090135,0.9822978775989372,15898,522,51
Aotus_azarai,Saimiri_boliviensis,same-order,4,2,2,440,420,20,16541,97.70329736572428,0.9970472440944882,0.9869086037873713,0.9919520181156093,16208,215,48
Aotus_azarai,Saimiri_boliviensis,same-order,4,2,3,440,429,11,16541,97.91402905890155,0.9971756615705778,0.9887975646879756,0.9929689410613842,16241,184,46
Aotus_azarai,Saimiri_boliviensis,same-order,4,2,4,440,430,10,16541,97.93211551214807,0.9971761817065684,0.9889802130898021,0.9930612868714657,16244,181,46
Aotus_azarai,Saimiri_boliviensis,same-order,4,2,5,440,430,10,16541,97.93211551214807,0.9971761817065684,0.9889802130898021,0.9930612868714657,16244,181,46
Aotus_azarai,Saimiri_boliviensis,same-order,5,0,1,550,432,118,16542,95.81098185763366,0.9969269363436815,0.9679697966142979,0.9822349924305621,15896,526,49
Aotus_azarai,Saimiri_boliviensis,same-order,5,0,2,550,517,33,16543,97.53465943339361,0.9971037712595514,0.9852045786653677,0.9911184613499939,16181,243,47
Aotus_azarai,Saimiri_boliviensis,same-order,5,0,3,550,527,23,16541,97.69713045575115,0.9971082261736295,0.986726741354116,0.9918903204088504,16206,218,47
Aotus_azarai,Saimiri_boliviensis,same-order,5,0,4,550,527,23,16541,97.69713045575115,0.9971082261736295,0.986726741354116,0.9918903204088504,16206,218,47
Aotus_azarai,Saimiri_boliviensis,same-order,5,1,1,550,432,118,16544,96.19116494907492,0.9969394128669582,0.9719279015954208,0.9842747903305378,15961,461,49
Aotus_azarai,Saimiri_boliviensis,same-order,5,1,2,550,517,33,16543,97.83001808318264,0.9971124900165879,0.9881880175353142,0.9926301947952663,16230,194,47
Aotus_azarai,Saimiri_boliviensis,same-order,5,1,3,550,526,24,16543,97.96865581675708,0.9971165644171779,0.9895884072089625,0.99333822271116,16253,171,47
Aotus_azarai,Saimiri_boliviensis,same-order,5,1,4,550,530,20,16516,98.20684658576344,0.9971188622570956,0.9903799318071116,0.9937379723248924,16266,158,47
Aotus_azarai,Saimiri_boliviensis,same-order,5,1,5,550,531,19,16516,98.22495924651331,0.997119392007845,0.9905625913297613,0.9938301771533293,16269,155,47
Aotus_azarai,Saimiri_boliviensis,same-order,5,1,6,550,531,19,16516,98.22495924651331,0.997119392007845,0.9905625913297613,0.9938301771533293,16269,155,47
Aotus_azarai,Saimiri_boliviensis,same-order,5,2,1,550,429,121,16541,95.9985536941063,0.9966839767252706,0.9702765257644049,0.9833029844757879,15930,488,53
Aotus_azarai,Saimiri_boliviensis,same-order,5,2,2,550,507,43,16541,98.00458162527129,0.9971172718351324,0.9898319532391622,0.993461256416524,16257,167,47
Aotus_azarai,Saimiri_boliviensis,same-order,5,2,3,550,526,24,16514,98.26701286154218,0.9971202744929845,0.9908670238675109,0.9939838143227974,16274,150,47
Aotus_azarai,Saimiri_boliviensis,same-order,5,2,4,550,527,23,16514,98.28512770967937,0.9971208037245773,0.9910496833901608,0.9940759741052888,16277,147,47
Aotus_azarai,Saimiri_boliviensis,same-order,5,2,5,550,527,23,16514,98.28512770967937,0.9971208037245773,0.9910496833901608,0.9940759741052888,16277,147,47
Aotus_azarai,Saimiri_boliviensis,same-order,6,0,1,659,507,152,16543,96.10123531184091,0.99675,0.9713137219075462,0.9838674851167526,15948,471,52
Aotus_azarai,Saimiri_boliviensis,same-order,6,0,2,659,618,41,16542,97.59508167078536,0.9969829443999754,0.9859943977591037,0.9914582249027952,16192,230,49
Aotus_azarai,Saimiri_boliviensis,same-order,6,0,3,659,634,25,16542,97.75768535262206,0.9970490593876798,0.987517505936796,0.9922603934045092,16218,205,48
Aotus_azarai,Saimiri_boliviensis,same-order,6,0,4,659,638,21,16515,97.99553221034837,0.9970514159346398,0.9883090787310479,0.9926609993272584,16231,192,48
Aotus_azarai,Saimiri_boliviensis,same-order,6,0,5,659,640,19,16515,98.01364487109824,0.9970519592187692,0.9884917493758753,0.9927534016205473,16234,189,48
Aotus_azarai,Saimiri_boliviensis,same-order,6,0,6,659,640,19,16515,98.01364487109824,0.9970519592187692,0.9884917493758753,0.9927534016205473,16234,189,48
Aotus_azarai,Saimiri_boliviensis,same-order,6,1,1,659,521,138,16544,96.53468330018683,0.996950270741271,0.9753988551942516,0.9860568192311243,16018,404,49
Aotus_azarai,Saimiri_boliviensis,same-order,6,1,2,659,623,36,16541,97.90222436554343,0.9970532261035054,0.9889179808804726,0.9929689410613841,16241,182,48
Aotus_azarai,Saimiri_boliviensis,same-order,6,1,3,659,633,26,16541,98.01663853387991,0.9971176254139581,0.989953726254262,0.9935227619920561,16259,165,47
Aotus_azarai,Saimiri_boliviensis,same-order,6,1,4,659,634,25,16541,98.01663853387991,0.9971176254139581,0.989953726254262,0.9935227619920561,16259,165,47
Aotus_azarai,Saimiri_boliviensis,same-order,6,1,5,659,634,25,16541,98.01663853387991,0.9971176254139581,0.989953726254262,0.9935227619920561,16259,165,47
Aotus_azarai,Saimiri_boliviensis,same-order,6,2,1,659,507,152,16539,96.3592525617842,0.9968198540874228,0.9735688185140073,0.9850571525402841,15986,434,51
Aotus_azarai,Saimiri_boliviensis,same-order,6,2,2,659,620,39,16538,98.04075235109718,0.996934959847974,0.9903781742890202,0.9936457505957108,16263,158,50
Aotus_azarai,Saimiri_boliviensis,same-order,6,2,3,659,640,19,16513,98.48420798357388,0.9971872324813501,0.9928767123287672,0.995027304066628,16308,117,46
Aotus_azarai,Saimiri_boliviensis,same-order,6,2,4,659,647,12,16511,98.67729661170502,0.9971923828125,0.994703196347032,0.9959462342649883,16338,87,46
Aotus_azarai,Saimiri_boliviensis,same-order,6,2,5,659,649,10,16509,98.7012987012987,0.9971927254973758,0.9948249619482497,0.9960074365304319,16340,85,46
Aotus_azarai,Saimiri_boliviensis,same-order,6,2,6,659,655,4,16503,98.90608001934002,0.9973793271574841,0.9961650840029218,0.9967718357899865,16365,63,43
Aotus_azarai,Saimiri_boliviensis,same-order,7,0,1,769,585,184,16541,96.24517839922855,0.996816479400749,0.9725334957369062,0.984525277435265,15969,451,51
Aotus_azarai,Saimiri_boliviensis,same-order,7,0,2,769,731,38,16542,97.87208391102538,0.9971135540133882,0.9885533365806137,0.9928149937322286,16236,188,47
Aotus_azarai,Saimiri_boliviensis,same-order,7,0,3,769,747,22,16541,98.23355639959004,0.9971848225214198,0.9920243531202435,0.994597894094308,16294,131,46
Aotus_azarai,Saimiri_boliviensis,same-order,7,0,4,769,755,14,16512,98.61698272738253,0.9971908396946565,0.9941552511415526,0.9956707317073171,16329,96,46
Aotus_azarai,Saimiri_boliviensis,same-order,7,0,5,769,758,11,16510,98.689296931626,0.9971925541653952,0.9947640791476408,0.9959768363303871,16339,86,46
Aotus_azarai,Saimiri_boliviensis,same-order,7,0,6,769,760,9,16504,98.89405934610504,0.9973791674285366,0.9961042123204286,0.996741282168418,16364,64,43
Aotus_azarai,Saimiri_boliviensis,same-order,7,1,1,769,601,168,16538,96.12417118746232,0.9967497968623039,0.9712528168585176,0.9838361404158185,15947,472,52
Aotus_azarai,Saimiri_boliviensis,same-order,7,1,2,769,736,33,16541,97.9382686279238,0.9971153255999509,0.989162201656113,0.9931228413363082,16246,178,47
Aotus_azarai,Saimiri_boliviensis,same-order,7,1,3,769,745,24,16540,97.96828841864111,0.9971160336258207,0.9894057476863127,0.9932459276916964,16250,174,47
Aotus_azarai,Saimiri_boliviensis,same-order,7,1,4,769,745,24,16540,97.96828841864111,0.9971160336258207,0.9894057476863127,0.9932459276916964,16250,174,47
Aotus_azarai,Saimiri_boliviensis,same-order,7,2,1,769,609,160,16543,96.56502350247077,0.9968273716951789,0.9758830694275274,0.9862440375442376,16024,396,51
Aotus_azarai,Saimiri_boliviensis,same-order,7,2,2,769,745,24,16542,97.90235081374323,0.9970534069981584,0.9889788710954149,0.9929997248800171,16242,181,48
Aotus_azarai,Saimiri_boliviensis,same-order,7,2,3,769,751,18,16541,97.92018326501085,0.9971147943523634,0.9889795421334632,0.9930305068166534,16243,181,47
Aotus_azarai,Saimiri_boliviensis,same-order,7,2,4,769,751,18,16541,97.92018326501085,0.9971147943523634,0.9889795421334632,0.9930305068166534,16243,181,47
Aotus_azarai,Saimiri_boliviensis,same-order,8,0,1,879,683,196,16541,96.8292241847007,0.9970206691080629,0.9780795226207148,0.9874592733755456,16063,360,48
Aotus_azarai,Saimiri_boliviensis,same-order,8,0,2,879,831,48,16541,98.07692307692308,0.997119392007845,0.9905625913297613,0.9938301771533293,16269,155,47
Aotus_azarai,Saimiri_boliviensis,same-order,8,0,3,879,843,36,16540,98.08283595586906,0.997119392007845,0.9905625913297613,0.9938301771533293,16269,155,47
Aotus_azarai,Saimiri_boliviensis,same-order,8,0,4,879,843,36,16540,98.08283595586906,0.997119392007845,0.9905625913297613,0.9938301771533293,16269,155,47
Aotus_azarai,Saimiri_boliviensis,same-order,8,2,1,879,691,188,16542,96.82941531042796,0.997020854021847,0.9781404128356573,0.9874903949592746,16064,359,48
Aotus_azarai,Saimiri_boliviensis,same-order,8,2,2,879,835,44,16544,98.00494243867156,0.9971178021708469,0.990014612761812,0.9935535119611378,16260,164,47
Aotus_azarai,Saimiri_boliviensis,same-order,8,2,3,879,847,32,16542,98.01675809271204,0.9971178021708469,0.990014612761812,0.9935535119611378,16260,164,47
Aotus_azarai,Saimiri_boliviensis,same-order,8,2,4,879,847,32,16542,98.01675809271204,0.9971178021708469,0.990014612761812,0.9935535119611378,16260,164,47
Aotus_azarai,Saimiri_boliviensis,same-order,8,1,1,879,672,207,16545,96.0409761976499,0.9968726544908681,0.9705864441873211,0.9835539510629764,15938,483,50
Aotus_azarai,Saimiri_boliviensis,same-order,8,1,2,879,821,58,16541,97.8119349005425,0.9969894322929467,0.9881256850566313,0.9925377698941832,16227,195,49
Aotus_azarai,Saimiri_boliviensis,same-order,8,1,3,879,848,31,16541,97.90825245644704,0.9970534069981584,0.9889788710954149,0.9929997248800171,16242,181,48
Aotus_azarai,Saimiri_boliviensis,same-order,8,1,4,879,850,29,16514,98.14635913537012,0.997055756609213,0.989770443889667,0.9933997433233515,16255,168,48
Aotus_azarai,Saimiri_boliviensis,same-order,8,1,5,879,852,27,16514,98.16447288974761,0.9970562982951061,0.9899531145344943,0.9934920101439091,16258,165,48
Aotus_azarai,Saimiri_boliviensis,same-order,8,1,6,879,852,27,16514,98.16447288974761,0.9970562982951061,0.9899531145344943,0.9934920101439091,16258,165,48
Aotus_azarai,Saimiri_sciureus,same-order,1,0,1,110,86,24,16544,89.64042642895862,0.9960513987418016,0.9066707279926897,0.9492617278438628,14883,1532,59
Aotus_azarai,Saimiri_sciureus,same-order,1,0,2,110,100,10,16546,90.79193014152364,0.9961017509084903,0.9184282668291197,0.955689381933439,15076,1339,59
Aotus_azarai,Saimiri_sciureus,same-order,1,0,3,110,104,6,16546,90.96055404998495,0.9961089494163424,0.9201340237587572,0.9566153651276205,15104,1311,59
Aotus_azarai,Saimiri_sciureus,same-order,1,0,4,110,104,6,16546,90.96055404998495,0.9961089494163424,0.9201340237587572,0.9566153651276205,15104,1311,59
Aotus_azarai,Saimiri_sciureus,same-order,1,1,1,110,91,19,16551,90.02288053949904,0.996202025586354,0.9107023207650606,0.9515354017501989,14951,1466,57
Aotus_azarai,Saimiri_sciureus,same-order,1,1,2,110,100,10,16549,90.99120799710948,0.9962418408386629,0.9203874033014559,0.9568135764944277,15110,1307,57
Aotus_azarai,Saimiri_sciureus,same-order,1,1,3,110,103,7,16549,91.02131759604963,0.9962430793567097,0.9206919656453676,0.9569786951153884,15115,1302,57
Aotus_azarai,Saimiri_sciureus,same-order,1,1,4,110,103,7,16549,91.02131759604963,0.9962430793567097,0.9206919656453676,0.9569786951153884,15115,1302,57
Aotus_azarai,Saimiri_sciureus,same-order,1,2,1,110,84,26,16556,89.29280770388203,0.9960389392413561,0.9038074931465123,0.9476844458639413,14836,1579,59
Aotus_azarai,Saimiri_sciureus,same-order,1,2,2,110,97,13,16556,89.99699067108035,0.9960698108180123,0.9109351203167835,0.9516021255608236,14953,1462,59
Aotus_azarai,Saimiri_sciureus,same-order,1,2,3,110,97,13,16556,89.99699067108035,0.9960698108180123,0.9109351203167835,0.9516021255608236,14953,1462,59
Aotus_azarai,Saimiri_sciureus,same-order,2,0,1,220,184,36,16543,93.48755949153563,0.9964042635161166,0.9451821171884517,0.9701175293823455,15518,900,56
Aotus_azarai,Saimiri_sciureus,same-order,2,0,2,220,197,23,16541,94.26298662167048,0.9966231283848359,0.9525607453870044,0.9740939095777805,15642,779,53
Aotus_azarai,Saimiri_sciureus,same-order,2,0,3,220,198,22,16541,94.36543328914065,0.9966267820773931,0.953596005115401,0.9746366663554601,15659,762,53
Aotus_azarai,Saimiri_sciureus,same-order,2,0,4,220,198,22,16541,94.36543328914065,0.9966267820773931,0.953596005115401,0.9746366663554601,15659,762,53
Aotus_azarai,Saimiri_sciureus,same-order,2,1,1,220,170,50,16546,93.72853786372673,0.996604958042406,0.9474453443761037,0.9714035964035964,15558,863,53
Aotus_azarai,Saimiri_sciureus,same-order,2,1,2,220,203,17,16546,94.8059773439383,0.9968322351748606,0.9579883097905504,0.9770243417784401,15734,690,50
Aotus_azarai,Saimiri_sciureus,same-order,2,1,3,220,205,15,16546,94.90841166546156,0.9968356433137143,0.9590233804188991,0.9775640031031807,15751,673,50
Aotus_azarai,Saimiri_sciureus,same-order,2,1,4,220,205,15,16546,94.90841166546156,0.9968356433137143,0.9590233804188991,0.9775640031031807,15751,673,50
Aotus_azarai,Saimiri_sciureus,same-order,2,2,1,220,186,34,16544,93.15060240963855,0.9963915200721696,0.9418321354610794,0.968343927106491,15463,955,56
Aotus_azarai,Saimiri_sciureus,same-order,2,2,2,220,206,14,16544,93.9578313253012,0.9964224110394173,0.9499939091241321,0.972654422998971,15597,821,56
Aotus_azarai,Saimiri_sciureus,same-order,2,2,3,220,211,9,16544,94.2948370383758,0.9964983765200229,0.953285827395091,0.9744132478366433,15652,767,55
Aotus_azarai,Saimiri_sciureus,same-order,2,2,4,220,211,9,16544,94.2948370383758,0.9964983765200229,0.953285827395091,0.9744132478366433,15652,767,55
Aotus_azarai,Saimiri_sciureus,same-order,3,0,1,330,245,85,16546,94.79423992287762,0.9967688798783578,0.9579857516897035,0.9769925792529575,15733,690,51
Aotus_azarai,Saimiri_sciureus,same-order,3,0,2,330,312,18,16543,96.57666345226615,0.9969514091955454,0.97558599695586,0.9861529940304019,16024,401,49
Aotus_azarai,Saimiri_sciureus,same-order,3,0,3,330,320,10,16544,96.88404050144648,0.9970228865595733,0.978631437964203,0.9877415588804571,16075,351,48
Aotus_azarai,Saimiri_sciureus,same-order,3,0,4,330,321,9,16544,96.88404050144648,0.9970228865595733,0.978631437964203,0.9877415588804571,16075,351,48
Aotus_azarai,Saimiri_sciureus,same-order,3,0,5,330,321,9,16544,96.88404050144648,0.9970228865595733,0.978631437964203,0.9877415588804571,16075,351,48
Aotus_azarai,Saimiri_sciureus,same-order,3,1,1,330,266,64,16545,94.86716067232966,0.9965824947788114,0.9590133982947625,0.977437075199404,15747,673,54
Aotus_azarai,Saimiri_sciureus,same-order,3,1,2,330,303,27,16542,96.17354624887014,0.9966901892212577,0.9719261920711284,0.9841524326324228,15960,461,53
Aotus_azarai,Saimiri_sciureus,same-order,3,1,3,330,308,22,16542,96.45655056044353,0.9967617386972226,0.9746681281208135,0.9855911330049261,16006,416,52
Aotus_azarai,Saimiri_sciureus,same-order,3,1,4,330,311,19,16515,96.71032776000483,0.9967649620505163,0.9756424308853976,0.9860905957656326,16022,400,52
Aotus_azarai,Saimiri_sciureus,same-order,3,1,5,330,315,15,16515,96.71032776000483,0.9967649620505163,0.9756424308853976,0.9860905957656326,16022,400,52
Aotus_azarai,Saimiri_sciureus,same-order,3,1,6,330,315,15,16515,96.71032776000483,0.9967649620505163,0.9756424308853976,0.9860905957656326,16022,400,52
Aotus_azarai,Saimiri_sciureus,same-order,3,2,1,330,261,69,16545,94.95089474001325,0.9967111504648662,0.9596273291925466,0.9778177644029411,15759,663,52
Aotus_azarai,Saimiri_sciureus,same-order,3,2,2,330,300,30,16542,96.07086898879113,0.9967487807927973,0.9707709170624772,0.983588351431392,15942,480,52
Aotus_azarai,Saimiri_sciureus,same-order,3,2,3,330,308,22,16542,96.31794624563095,0.9967570938571874,0.9732675678967239,0.9848722925717103,15983,439,52
Aotus_azarai,Saimiri_sciureus,same-order,3,2,4,330,308,22,16542,96.31794624563095,0.9967570938571874,0.9732675678967239,0.9848722925717103,15983,439,52
Aotus_azarai,Saimiri_sciureus,same-order,4,0,1,440,336,104,16546,95.62518830973185,0.9969217238346526,0.9661491628614917,0.9812942522338682,15869,556,49
Aotus_azarai,Saimiri_sciureus,same-order,4,0,2,440,408,32,16546,96.98083644690853,0.9970262065547364,0.9797272616583466,0.9883010409310038,16093,333,48
Aotus_azarai,Saimiri_sciureus,same-order,4,0,3,440,415,25,16546,97.08913397215693,0.9970910441294795,0.9807025019784501,0.9888288730665357,16110,317,47
Aotus_azarai,Saimiri_sciureus,same-order,4,0,4,440,415,25,16546,97.08913397215693,0.9970910441294795,0.9807025019784501,0.9888288730665357,16110,317,47
Aotus_azarai,Saimiri_sciureus,same-order,4,1,1,440,325,115,16544,95.19103290345907,0.9968446295595103,0.9617632732586459,0.9789897737837,15796,628,50
Aotus_azarai,Saimiri_sciureus,same-order,4,1,2,440,405,35,16544,97.14922854387656,0.9970309890517721,0.9813101181054426,0.9891080906943209,16119,307,48
Aotus_azarai,Saimiri_sciureus,same-order,4,1,3,440,415,25,16544,97.28768609487071,0.9970966147763776,0.9825896390089487,0.989789973938372,16141,286,47
Aotus_azarai,Saimiri_sciureus,same-order,4,1,4,440,415,25,16544,97.28768609487071,0.9970966147763776,0.9825896390089487,0.989789973938372,16141,286,47
Aotus_azarai,Saimiri_sciureus,same-order,5,0,1,550,409,141,16552,95.73493975903614,0.9969887076537014,0.9674905637404115,0.982018167212507,15892,534,48
Aotus_azarai,Saimiri_sciureus,same-order,5,0,2,550,507,43,16551,97.5480450629556,0.9970443349753695,0.9857542919761354,0.9913671707585869,16192,234,48
Aotus_azarai,Saimiri_sciureus,same-order,5,0,3,550,528,22,16550,97.86105922757125,0.9971146172263491,0.9887380532050892,0.9929086685413865,16242,185,47
Aotus_azarai,Saimiri_sciureus,same-order,5,0,4,550,528,22,16550,97.86105922757125,0.9971146172263491,0.9887380532050892,0.9929086685413865,16242,185,47
Aotus_azarai,Saimiri_sciureus,same-order,4,2,1,440,343,97,16550,95.00572323633953,0.9969024590682091,0.9601217656012176,0.9781664805855352,15770,655,49
Aotus_azarai,Saimiri_sciureus,same-order,4,2,2,440,410,30,16543,97.04038577456299,0.9970890623064537,0.9800328727095635,0.9884873975378381,16099,328,47
Aotus_azarai,Saimiri_sciureus,same-order,4,2,3,440,423,17,16543,97.38999397227245,0.9970994816094791,0.9835636452182382,0.9902853115135912,16157,270,47
Aotus_azarai,Saimiri_sciureus,same-order,4,2,4,440,428,12,16516,97.69365453118397,0.9971037712595514,0.9850246545321727,0.9910274077476651,16181,246,47
Aotus_azarai,Saimiri_sciureus,same-order,4,2,5,440,428,12,16516,97.71176719193383,0.9971043065738402,0.9852072806964144,0.9911200930859208,16184,243,47
Aotus_azarai,Saimiri_sciureus,same-order,4,2,6,440,428,12,16516,97.71176719193383,0.9971043065738402,0.9852072806964144,0.9911200930859208,16184,243,47
Aotus_azarai,Saimiri_sciureus,same-order,5,1,1,550,404,146,16546,96.19810809182383,0.9968158831241806,0.9721731717712964,0.9843403205918618,15966,457,51
Aotus_azarai,Saimiri_sciureus,same-order,5,1,2,550,511,39,16544,97.75192864030858,0.9970492407942461,0.9873980275173505,0.9922001651729728,16219,207,48
Aotus_azarai,Saimiri_sciureus,same-order,5,1,3,550,521,29,16544,97.90247724670002,0.9971147943523634,0.9887989285931698,0.9929394504386099,16243,184,47
Aotus_azarai,Saimiri_sciureus,same-order,5,1,4,550,522,28,16544,97.90247724670002,0.9971147943523634,0.9887989285931698,0.9929394504386099,16243,184,47
Aotus_azarai,Saimiri_sciureus,same-order,5,1,5,550,522,28,16544,97.90247724670002,0.9971147943523634,0.9887989285931698,0.9929394504386099,16243,184,47
Aotus_azarai,Saimiri_sciureus,same-order,5,2,1,550,428,122,16547,95.69277108433735,0.9966746141297528,0.9673588697399671,0.981797954201304,15885,536,53
Aotus_azarai,Saimiri_sciureus,same-order,5,2,2,550,514,36,16546,97.42090991262428,0.9969782930439073,0.9842922374429224,0.9905946508991759,16167,258,49
Aotus_azarai,Saimiri_sciureus,same-order,5,2,3,550,524,26,16544,97.73973841239226,0.9971100043042489,0.9871552931149936,0.9921076781890487,16216,211,47
Aotus_azarai,Saimiri_sciureus,same-order,5,2,4,550,527,23,16517,97.97150446751992,0.9971121351766513,0.9878857977719608,0.9924775243104398,16228,199,47
Aotus_azarai,Saimiri_sciureus,same-order,5,2,5,550,529,21,16517,97.99565322385897,0.9971128447693347,0.9881292993242832,0.9926007460404819,16232,195,47
Aotus_azarai,Saimiri_sciureus,same-order,5,2,6,550,531,19,16517,97.99565322385897,0.9971128447693347,0.9881292993242832,0.9926007460404819,16232,195,47
Aotus_azarai,Saimiri_sciureus,same-order,6,0,1,659,508,151,16548,96.13855421686748,0.9967522328399225,0.9718061137498477,0.984121111213887,15959,463,52
Aotus_azarai,Saimiri_sciureus,same-order,6,0,2,659,623,36,16545,97.92068466730954,0.9971155026390083,0.9890424301454922,0.993062559212738,16247,180,47
Aotus_azarai,Saimiri_sciureus,same-order,6,0,3,659,638,21,16545,98.0291706846673,0.9971186856302109,0.9901381871309429,0.9936161764256696,16265,162,47
Aotus_azarai,Saimiri_sciureus,same-order,6,0,4,659,641,18,16545,98.0291706846673,0.9971186856302109,0.9901381871309429,0.9936161764256696,16265,162,47
Aotus_azarai,Saimiri_sciureus,same-order,6,0,5,659,641,18,16545,98.0291706846673,0.9971186856302109,0.9901381871309429,0.9936161764256696,16265,162,47
Aotus_azarai,Saimiri_sciureus,same-order,6,1,1,659,510,149,16544,95.88455049409497,0.9967428750391482,0.9690049933016684,0.9826782350943281,15913,509,52
Aotus_azarai,Saimiri_sciureus,same-order,6,1,2,659,612,47,16547,97.72220548357939,0.9970488779588073,0.9872762693291124,0.9921385090697745,16217,209,48
Aotus_azarai,Saimiri_sciureus,same-order,6,1,3,659,630,29,16544,98.05316135254053,0.9971192154459086,0.9903208132951847,0.9937083867815039,16268,159,47
Aotus_azarai,Saimiri_sciureus,same-order,6,1,4,659,632,27,16517,98.29147548901231,0.9971215090641842,0.9911121933402326,0.9941077698061365,16281,146,47
Aotus_azarai,Saimiri_sciureus,same-order,6,1,5,659,636,23,16517,98.30958705626661,0.9971220378421407,0.9912948195044743,0.9941998901031809,16284,143,47
Aotus_azarai,Saimiri_sciureus,same-order,6,1,6,659,637,22,16517,98.30958705626661,0.9971220378421407,0.9912948195044743,0.9941998901031809,16284,143,47
Aotus_azarai,Saimiri_sciureus,same-order,6,2,1,659,516,143,16545,96.19116494907492,0.9970016865513149,0.971691221234628,0.9841837521196238,15961,465,48
Aotus_azarai,Saimiri_sciureus,same-order,6,2,2,659,628,31,16544,97.70973963355834,0.9970479704797048,0.986971873858517,0.9919843358012604,16212,214,48
Aotus_azarai,Saimiri_sciureus,same-order,6,2,3,659,635,24,16544,97.88439515399915,0.9971142629090686,0.988616302428928,0.9928470991013021,16240,187,47
Aotus_azarai,Saimiri_sciureus,same-order,6,2,4,659,635,24,16544,97.88439515399915,0.9971142629090686,0.988616302428928,0.9928470991013021,16240,187,47
Aotus_azarai,Saimiri_sciureus,same-order,7,0,1,769,589,180,16547,96.48710532658473,0.9969493213796539,0.9749162861491628,0.9858097084987841,16013,412,49
Aotus_azarai,Saimiri_sciureus,same-order,7,0,2,769,714,55,16543,97.7335744424352,0.9971096488530841,0.9870335423388324,0.9920460107684778,16214,213,47
Aotus_azarai,Saimiri_sciureus,same-order,7,0,3,769,726,43,16543,98.04098854731767,0.9971186856302109,0.9901381871309429,0.9936161764256696,16265,162,47
Aotus_azarai,Saimiri_sciureus,same-order,7,0,4,769,728,41,16516,98.27325967517962,0.9971208037245773,0.9908686917879101,0.9939849164910995,16277,150,47
Aotus_azarai,Saimiri_sciureus,same-order,7,0,5,769,733,36,16516,98.29740988951276,0.9971215090641842,0.9911121933402326,0.9941077698061365,16281,146,47
Aotus_azarai,Saimiri_sciureus,same-order,7,0,6,769,733,36,16516,98.29740988951276,0.9971215090641842,0.9911121933402326,0.9941077698061365,16281,146,47
Aotus_azarai,Saimiri_sciureus,same-order,7,1,1,769,607,162,16546,96.3299987947451,0.9970061747645481,0.9731523194934859,0.9849348408761821,15985,441,48
Aotus_azarai,Saimiri_sciureus,same-order,7,1,2,769,732,37,16544,97.74590163934427,0.9970490593876798,0.9873371484232315,0.9921693380643583,16218,208,48
Aotus_azarai,Saimiri_sciureus,same-order,7,1,3,769,740,29,16517,98.06809949287612,0.9971149714566325,0.9888598039812504,0.9929702304541843,16244,183,47
Aotus_azarai,Saimiri_sciureus,same-order,7,1,4,769,742,27,16517,98.08621106013041,0.9971155026390083,0.9890424301454922,0.993062559212738,16247,180,47
Aotus_azarai,Saimiri_sciureus,same-order,7,1,5,769,743,26,16517,98.08621106013041,0.9971155026390083,0.9890424301454922,0.993062559212738,16247,180,47
Aotus_azarai,Saimiri_sciureus,same-order,7,1,6,769,743,26,16517,98.08621106013041,0.9971155026390083,0.9890424301454922,0.993062559212738,16247,180,47
Aotus_azarai,Saimiri_sciureus,same-order,7,2,1,769,608,161,16543,96.3960706321943,0.9968837644125896,0.9738796882610814,0.9852474668145,15995,429,50
Aotus_azarai,Saimiri_sciureus,same-order,7,2,2,769,733,36,16544,97.98083298173708,0.9971170950131878,0.9895903086382176,0.9933394439352277,16256,171,47
Aotus_azarai,Saimiri_sciureus,same-order,7,2,3,769,744,25,16544,97.99891507443795,0.9971176254139581,0.9897729348024593,0.9934317050071793,16259,168,47
Aotus_azarai,Saimiri_sciureus,same-order,7,2,4,769,744,25,16544,97.99891507443795,0.9971176254139581,0.9897729348024593,0.9934317050071793,16259,168,47
Aotus_azarai,Saimiri_sciureus,same-order,8,0,1,879,673,206,16548,96.51120751988431,0.9970121381886088,0.9751004505052965,0.9859345664953372,16017,409,48
Aotus_azarai,Saimiri_sciureus,same-order,8,0,2,879,832,47,16544,98.00506268081003,0.9970568397817157,0.9899549494703519,0.9934932029937377,16261,165,48
Aotus_azarai,Saimiri_sciureus,same-order,8,0,3,879,847,32,16517,98.29147548901231,0.9971215090641842,0.9911121933402326,0.9941077698061365,16281,146,47
Aotus_azarai,Saimiri_sciureus,same-order,8,0,4,879,851,28,16517,98.30958705626661,0.9971220378421407,0.9912948195044743,0.9941998901031809,16284,143,47
Aotus_azarai,Saimiri_sciureus,same-order,8,0,5,879,851,28,16517,98.30958705626661,0.9971220378421407,0.9912948195044743,0.9941998901031809,16284,143,47
Aotus_azarai,Saimiri_sciureus,same-order,8,1,1,879,682,197,16544,96.64959325097921,0.9968303293971411,0.9766181574620958,0.9866207363208563,16039,384,51
Aotus_azarai,Saimiri_sciureus,same-order,8,1,2,879,833,46,16544,97.93261406786812,0.9971156796563363,0.9891033055335727,0.993093331703441,16248,179,47
Aotus_azarai,Saimiri_sciureus,same-order,8,1,3,879,854,25,16517,98.2612895435885,0.9971206273356613,0.9908078163998295,0.9939541984732825,16276,151,47
Aotus_azarai,Saimiri_sciureus,same-order,8,1,4,879,854,25,16517,98.2612895435885,0.9971206273356613,0.9908078163998295,0.9939541984732825,16276,151,47
Aotus_azarai,Saimiri_sciureus,same-order,8,2,1,879,679,200,16542,96.21549957816079,0.996753652141341,0.9722323712093534,0.9843403205918619,15966,456,52
Aotus_azarai,Saimiri_sciureus,same-order,8,2,2,879,832,47,16544,97.88439515399915,0.9971142629090686,0.988616302428928,0.9928470991013021,16240,187,47
Aotus_azarai,Saimiri_sciureus,same-order,8,2,3,879,850,29,16544,97.93864143210175,0.9971158566519391,0.9891641809216534,0.9931241023133576,16249,178,47
Aotus_azarai,Saimiri_sciureus,same-order,8,2,4,879,850,29,16544,97.93864143210175,0.9971158566519391,0.9891641809216534,0.9931241023133576,16249,178,47
Aotus_azarai,Varecia_variegata,same-order,1,0,1,114,32,82,16560,74.72521115353466,0.9467858975298687,0.7954307531251924,0.8645338330767686,12917,3322,726
Aotus_azarai,Varecia_variegata,same-order,1,0,2,114,42,72,16567,75.21842272753572,0.9477981918926801,0.8000492337990031,0.8676789587852496,13000,3249,716
Aotus_azarai,Varecia_variegata,same-order,1,0,3,114,44,70,16567,75.31099924781577,0.9478590154383921,0.8010339097790633,0.8682832460558354,13016,3233,716
Aotus_azarai,Varecia_variegata,same-order,1,0,4,114,44,70,16567,75.31099924781577,0.9478590154383921,0.8010339097790633,0.8682832460558354,13016,3233,716
Aotus_azarai,Varecia_variegata,same-order,1,1,1,114,36,78,16552,74.19018972697825,0.9457307181831588,0.7903136360835541,0.8610654224430196,12826,3403,736
Aotus_azarai,Varecia_variegata,same-order,1,1,2,114,44,70,16553,74.51989819527996,0.946027316786606,0.7937769562538509,0.863240418118467,12883,3347,735
Aotus_azarai,Varecia_variegata,same-order,1,1,3,114,47,67,16550,74.78160254555974,0.946197203718615,0.796426370918053,0.8648757150981901,12926,3304,735
Aotus_azarai,Varecia_variegata,same-order,1,1,4,114,48,66,16550,74.82788544981197,0.9462286926622284,0.7969192852741837,0.8651794374393793,12934,3296,735
Aotus_azarai,Varecia_variegata,same-order,1,1,5,114,48,66,16550,74.82788544981197,0.9462286926622284,0.7969192852741837,0.8651794374393793,12934,3296,735
Aotus_azarai,Varecia_variegata,same-order,1,2,1,114,26,88,16553,74.9277038750723,0.94617294770669,0.7983115602662065,0.865975935828877,12955,3273,737
Aotus_azarai,Varecia_variegata,same-order,1,2,2,114,43,71,16553,76.38278176348068,0.9475346300150721,0.8132314894665517,0.8752610468392614,13202,3032,731
Aotus_azarai,Varecia_variegata,same-order,1,2,3,114,47,67,16553,76.74728072205508,0.9477707916547585,0.8171122335838364,0.8776050281177639,13265,2969,731
Aotus_azarai,Varecia_variegata,same-order,1,2,4,114,48,66,16553,76.82828049062717,0.9478229835831549,0.8179746211654552,0.8781245866948816,13279,2955,731
Aotus_azarai,Varecia_variegata,same-order,1,2,5,114,48,66,16553,76.82828049062717,0.9478229835831549,0.8179746211654552,0.8781245866948816,13279,2955,731
Aotus_azarai,Varecia_variegata,same-order,2,0,1,227,65,162,16568,76.71486408328514,0.9483769483769484,0.8165979191036139,0.877567898375732,13264,2979,722
Aotus_azarai,Varecia_variegata,same-order,2,0,2,227,98,129,16577,79.03421921139483,0.951617401003904,0.838915862577592,0.8917197452229298,13650,2621,694
Aotus_azarai,Varecia_variegata,same-order,2,0,3,227,113,114,16578,80.01389934557248,0.9524991382281972,0.8488572130744655,0.8976966310386278,13816,2460,689
Aotus_azarai,Varecia_variegata,same-order,2,0,4,227,119,108,16579,80.39272474513439,0.9529662180719582,0.8525184275184275,0.8999481260536895,13879,2401,685
Aotus_azarai,Varecia_variegata,same-order,2,0,5,227,122,105,16579,80.53174235403151,0.9530435974773787,0.853992628992629,0.9008034210185305,13903,2377,685
Aotus_azarai,Varecia_variegata,same-order,2,0,6,227,122,105,16579,80.53174235403151,0.9530435974773787,0.853992628992629,0.9008034210185305,13903,2377,685
Aotus_azarai,Varecia_variegata,same-order,2,1,1,227,59,168,16562,76.50870797893884,0.9482931726907631,0.8140236394976607,0.8760434609778719,13223,3021,721
Aotus_azarai,Varecia_variegata,same-order,2,1,2,227,95,132,16576,78.51933317897661,0.9509288468279005,0.8339993851829081,0.8886341303635767,13565,2700,700
Aotus_azarai,Varecia_variegata,same-order,2,1,3,227,106,121,16577,79.25664331615816,0.9516196301960239,0.8414776568934784,0.8931658783232752,13690,2579,696
Aotus_azarai,Varecia_variegata,same-order,2,1,4,227,112,115,16577,79.6734788398078,0.951860561626781,0.8459032515827648,0.8957594298174245,13762,2507,696
Aotus_azarai,Varecia_variegata,same-order,2,1,5,227,116,111,16572,79.89923558026408,0.9519768163941214,0.8480545823345012,0.8970157987126975,13797,2472,696
Aotus_azarai,Varecia_variegata,same-order,2,1,6,227,117,110,16573,80.03242992819088,0.9521184981054082,0.8494161032575291,0.8978398570732498,13820,2450,695
Aotus_azarai,Varecia_variegata,same-order,2,2,1,227,67,160,16577,77.17623922725433,0.9493418712202063,0.8209561311757829,0.8804935990497559,13343,2910,712
Aotus_azarai,Varecia_variegata,same-order,2,2,2,227,100,127,16576,79.23130354248669,0.9513483458437587,0.8415616354134645,0.8930936613055818,13688,2577,700
Aotus_azarai,Varecia_variegata,same-order,2,2,3,227,109,118,16576,79.64227830516323,0.9515872466975586,0.8459268367660621,0.8956516078635595,13759,2506,700
Aotus_azarai,Varecia_variegata,same-order,2,2,4,227,110,117,16577,79.74412411717032,0.9518380320619126,0.846754364396361,0.8962264150943396,13775,2493,697
Aotus_azarai,Varecia_variegata,same-order,2,2,5,227,111,116,16576,79.88768598390551,0.951917770419426,0.848229653307106,0.8970875048758289,13799,2469,697
Aotus_azarai,Varecia_variegata,same-order,2,2,6,227,114,113,16576,79.98610548254501,0.9519740921932061,0.8492746496188837,0.8976966310386276,13816,2452,697
Aotus_azarai,Varecia_variegata,same-order,3,0,1,340,72,268,16577,76.81276743379206,0.9487893721877009,0.8175775480059084,0.8783100267777446,13284,2964,717
Aotus_azarai,Varecia_variegata,same-order,3,0,2,340,122,218,16581,79.0755524702071,0.95095310978155,0.8406519065190652,0.8924071293334204,13669,2591,705
Aotus_azarai,Varecia_variegata,same-order,3,0,3,340,150,190,16582,80.23848112989118,0.9523220665017862,0.851945178538504,0.8993414863593603,13862,2409,694
Aotus_azarai,Varecia_variegata,same-order,3,0,4,340,157,183,16583,80.63096960926194,0.9526708159496614,0.8559577213789713,0.9017284909691201,13929,2344,692
Aotus_azarai,Varecia_variegata,same-order,3,0,5,340,161,179,16582,80.85562116475629,0.9527935056961594,0.8582928777729982,0.9030777188671925,13967,2306,692
Aotus_azarai,Varecia_variegata,same-order,3,0,6,340,166,174,16583,81.02460202604921,0.952889917625434,0.8601364222945984,0.9041405593953878,13997,2276,692
Aotus_azarai,Varecia_variegata,same-order,3,1,1,340,91,249,16579,77.64284061993986,0.9495721055237287,0.8261137090819591,0.8835510512980816,13426,2826,713
Aotus_azarai,Varecia_variegata,same-order,3,1,2,340,153,187,16584,80.40043978936404,0.9522308272222603,0.8540693385788051,0.9004828413104767,13894,2374,697
Aotus_azarai,Varecia_variegata,same-order,3,1,3,340,175,165,16585,81.4370910775288,0.953494678326893,0.863996559985257,0.9065420560747663,14065,2214,686
Aotus_azarai,Varecia_variegata,same-order,3,1,4,340,184,156,16586,81.86345474549772,0.9539136302294197,0.8682594275887483,0.9090733714873641,14137,2145,683
Aotus_azarai,Varecia_variegata,same-order,3,1,5,340,190,150,16585,82.0824646745425,0.9540284041192704,0.870531875690947,0.9103696329361893,14174,2108,683
Aotus_azarai,Varecia_variegata,same-order,3,1,6,340,195,145,16585,82.33624833497423,0.9542251157795826,0.8731192040778726,0.9118722339811429,14217,2066,682
Aotus_azarai,Varecia_variegata,same-order,3,2,1,340,96,244,16575,77.66529762249088,0.9496392700523412,0.8260628806989478,0.8835510512980816,13426,2827,712
Aotus_azarai,Varecia_variegata,same-order,3,2,2,340,156,184,16575,80.53753475440223,0.9527855821284177,0.8542639469157041,0.900839029447018,13904,2372,689
Aotus_azarai,Varecia_variegata,same-order,3,2,3,340,179,161,16579,81.64589973920603,0.9542129504199404,0.8648781386211554,0.9073519466718193,14088,2201,676
Aotus_azarai,Varecia_variegata,same-order,3,2,4,340,189,151,16578,82.41981323589118,0.95542257782559,0.8716721874616612,0.9116279069767442,14210,2092,663
Aotus_azarai,Varecia_variegata,same-order,3,2,5,340,197,143,16579,82.97662548576069,0.9557723142704436,0.877507207262467,0.9149691407374243,14306,1997,662
Aotus_azarai,Varecia_variegata,same-order,3,2,6,340,203,137,16579,83.2260309726814,0.9558990073945773,0.8801447586333804,0.9164590917800346,14349,1954,662
Aotus_azarai,Varecia_variegata,same-order,4,0,1,453,111,342,16563,77.68001852280621,0.9495506969503997,0.825744523750923,0.8833305907520157,13420,2832,713
Aotus_azarai,Varecia_variegata,same-order,4,0,2,453,193,260,16568,80.85908063300678,0.9533214871514489,0.8567129345289276,0.9024390243902439,13949,2333,683
Aotus_azarai,Varecia_variegata,same-order,4,0,3,453,224,229,16585,82.27620593692022,0.9553655580988286,0.87050668629616,0.9109641802542047,14191,2111,663
Aotus_azarai,Varecia_variegata,same-order,4,0,4,453,251,202,16588,83.28112310012763,0.9566839930694389,0.879926448053938,0.9167012547492098,14356,1959,650
Aotus_azarai,Varecia_variegata,same-order,4,0,5,453,268,185,16590,83.95405499477897,0.9571428571428572,0.8869277440706013,0.9206985399370169,14472,1845,648
Aotus_azarai,Varecia_variegata,same-order,4,0,6,453,273,180,16590,84.21419040436271,0.9573303435995515,0.8895698002206153,0.9222070455195198,14516,1802,647
Aotus_azarai,Varecia_variegata,same-order,4,1,1,453,116,337,16572,77.60166599178574,0.9493984430290163,0.8255384615384616,0.8831468071099408,13415,2835,715
Aotus_azarai,Varecia_variegata,same-order,4,1,2,453,183,270,16572,80.40305767894371,0.9522633744855967,0.8534021759173889,0.900126422250316,13884,2385,696
Aotus_azarai,Varecia_variegata,same-order,4,1,3,453,216,237,16577,81.7655236329935,0.9535904884145106,0.8671827005774665,0.9083362826163894,14116,2162,687
Aotus_azarai,Varecia_variegata,same-order,4,1,4,453,233,220,16574,82.26432585897213,0.953974333131761,0.8721130221130221,0.9112088053139942,14198,2082,685
Aotus_azarai,Varecia_variegata,same-order,4,1,5,453,241,212,16581,82.62331188778764,0.9549809070811281,0.8749156079297858,0.91319666880205,14255,2038,672
Aotus_azarai,Varecia_variegata,same-order,4,1,6,453,243,210,16581,82.86476146310359,0.9552288673571667,0.877262964099417,0.9145873320537428,14295,2000,670
Aotus_azarai,Varecia_variegata,same-order,4,2,1,453,117,336,16575,77.66849869829332,0.949770074283693,0.8258997231621039,0.8835143139190523,13425,2830,710
Aotus_azarai,Varecia_variegata,same-order,4,2,2,453,200,253,16577,81.04317589104608,0.9537580139135179,0.8585988825443606,0.9036802481501826,13984,2303,678
Aotus_azarai,Varecia_variegata,same-order,4,2,3,453,225,228,16582,82.34850681356914,0.9553955866523143,0.8711201079622132,0.9113136109863312,14201,2101,663
Aotus_azarai,Varecia_variegata,same-order,4,2,4,453,244,209,16587,83.22315008118765,0.9562233475479744,0.8799975472160902,0.9165282922467749,14351,1957,657
Aotus_azarai,Varecia_variegata,same-order,4,2,5,453,263,190,16589,84.17908716580641,0.9568857538400686,0.8898902581080252,0.9221728081321474,14515,1796,654
Aotus_azarai,Varecia_variegata,same-order,4,2,6,453,282,171,16589,84.76218097447796,0.9573506289308176,0.8957337256344244,0.9255177655329659,14613,1701,651
Aotus_azarai,Varecia_variegata,same-order,5,0,1,566,159,407,16568,78.45815487903693,0.9502313192205243,0.8339587819132575,0.8883064119786376,13556,2699,710
Aotus_azarai,Varecia_variegata,same-order,5,0,2,566,278,288,16577,81.41408287452913,0.9539589841097379,0.862528396880948,0.9059426692032373,14048,2239,678
Aotus_azarai,Varecia_variegata,same-order,5,0,3,566,328,238,16587,83.12847866419295,0.9559303953596906,0.8794160942100098,0.916078331150369,14338,1966,661
Aotus_azarai,Varecia_variegata,same-order,5,0,4,566,352,214,16593,83.84459263554653,0.9568526239163523,0.8863483111628763,0.9202520366598778,14459,1854,652
Aotus_azarai,Varecia_variegata,same-order,5,0,5,566,362,204,16589,84.28654292343387,0.9571202740086945,0.8907073679048669,0.9227203454406908,14531,1783,651
Aotus_azarai,Varecia_variegata,same-order,5,0,6,566,365,201,16591,84.51856148491879,0.9573587385019711,0.8930497670997793,0.9240867579908676,14571,1745,649
Aotus_azarai,Varecia_variegata,same-order,5,1,1,566,135,431,16563,78.06205140078723,0.9497851961405733,0.829805562392321,0.8857508784604775,13486,2766,713
Aotus_azarai,Varecia_variegata,same-order,5,1,2,566,241,325,16568,81.38038942976355,0.9532957708234335,0.8627511212139829,0.9057662538699689,14043,2234,688
Aotus_azarai,Varecia_variegata,same-order,5,1,3,566,300,266,16576,83.36039902563508,0.9557151406343507,0.8818332413031474,0.9172889144170018,14373,1926,666
Aotus_azarai,Varecia_variegata,same-order,5,1,4,566,328,238,16576,84.37663166444277,0.9565274580730023,0.8920510304219823,0.9231648100542702,14544,1760,661
Aotus_azarai,Varecia_variegata,same-order,5,1,5,566,349,217,16580,84.87468090044094,0.9570821066404972,0.8969893923600466,0.9260619104893334,14629,1680,656
Aotus_azarai,Varecia_variegata,same-order,5,1,6,566,354,212,16581,85.09021291408018,0.9571885401031129,0.8993193941995218,0.9273520485584218,14667,1642,656
Aotus_azarai,Varecia_variegata,same-order,5,2,1,566,163,403,16570,78.33535914800024,0.950354609929078,0.8324517160782384,0.8875045083445359,13534,2724,707
Aotus_azarai,Varecia_variegata,same-order,5,2,2,566,273,293,16581,81.51815181518151,0.9532805200081251,0.8650691244239631,0.907035175879397,14079,2196,690
Aotus_azarai,Varecia_variegata,same-order,5,2,3,566,335,231,16591,83.27247435228657,0.9559518264688269,0.8812488499049255,0.9170815779394869,14367,1936,662
Aotus_azarai,Varecia_variegata,same-order,5,2,4,566,349,217,16598,83.96220947081667,0.9567399775444159,0.8881667688534641,0.9211789768210868,14486,1824,655
Aotus_azarai,Varecia_variegata,same-order,5,2,5,566,357,209,16598,84.39021562717366,0.9570104515874581,0.8925878241677395,0.9236771983250857,14559,1752,654
Aotus_azarai,Varecia_variegata,same-order,5,2,6,566,367,199,16598,84.71481567354509,0.95716811840985,0.8960210900619214,0.9255858138062065,14615,1696,654
Aotus_azarai,Varecia_variegata,same-order,6,0,1,679,186,493,16567,78.93365751997221,0.9507042253521126,0.8386640423176283,0.8911764705882353,13635,2623,707
Aotus_azarai,Varecia_variegata,same-order,6,0,2,679,328,351,16571,82.0716438673777,0.95411051212938,0.8695038074183248,0.9098444929957589,14159,2125,681
Aotus_azarai,Varecia_variegata,same-order,6,0,3,679,391,288,16582,83.9895621919397,0.9562289562289562,0.8884799411115201,0.9211103691691309,14484,1818,663
Aotus_azarai,Varecia_variegata,same-order,6,0,4,679,419,260,16589,84.97243980272701,0.9577529265581061,0.8974201850603591,0.9266055045871558,14645,1674,646
Aotus_azarai,Varecia_variegata,same-order,6,0,5,679,433,246,16589,85.47301218804411,0.9582899531494014,0.9021685861308503,0.9293828095418403,14727,1597,641
Aotus_azarai,Varecia_variegata,same-order,6,0,6,679,445,234,16589,85.85606500290191,0.9584683167033822,0.9062117128154864,0.9316077838654827,14793,1531,641
Aotus_azarai,Varecia_variegata,same-order,6,1,1,679,178,501,16568,78.87030499450199,0.9504149522281888,0.8384397686723268,0.8909227601085214,13628,2626,711
Aotus_azarai,Varecia_variegata,same-order,6,1,2,679,350,329,16573,82.71103896103897,0.9548223010507998,0.8757519950890117,0.9135794563094362,14266,2024,675
Aotus_azarai,Varecia_variegata,same-order,6,1,3,679,412,267,16595,84.76129705899415,0.9577871001573152,0.8952882789044789,0.9254837381638535,14612,1709,644
Aotus_azarai,Varecia_variegata,same-order,6,1,4,679,450,229,16600,86.08160659353416,0.9593143596377749,0.9078721841332027,0.9328846395773053,14831,1505,629
Aotus_azarai,Varecia_variegata,same-order,6,1,5,679,484,195,16599,86.84699326677502,0.9596562119171317,0.9158912830558276,0.9372631315187773,14962,1374,629
Aotus_azarai,Varecia_variegata,same-order,6,1,6,679,491,188,16599,87.23367198838896,0.9600051111679019,0.9196401248546423,0.9393892032134038,15026,1313,626
Aotus_azarai,Varecia_variegata,same-order,6,2,1,679,193,486,16569,79.16184301921741,0.9508447472710839,0.841185877721737,0.8926601612218923,13676,2582,707
Aotus_azarai,Varecia_variegata,same-order,6,2,2,679,362,317,16572,82.28236930566825,0.9541635862625176,0.8718909291899527,0.9111738656055453,14197,2086,682
Aotus_azarai,Varecia_variegata,same-order,6,2,3,679,405,274,16585,83.95569987243418,0.956340819022457,0.8880642787046124,0.9209388118559979,14479,1825,661
Aotus_azarai,Varecia_variegata,same-order,6,2,4,679,437,242,16591,84.82914660323722,0.9576892847786219,0.8960107849745695,0.9258239149017,14622,1697,646
Aotus_azarai,Varecia_variegata,same-order,6,2,5,679,451,228,16590,85.51372048500319,0.9579515175147852,0.9032969726682192,0.9298217946696105,14740,1578,647
Aotus_azarai,Varecia_variegata,same-order,6,2,6,679,463,216,16590,85.97539747011722,0.9583468080977945,0.9078487837755039,0.9324145742873324,14817,1504,644
Aotus_azarai,Varecia_variegata,same-order,7,0,1,792,202,590,16568,78.98240333410511,0.9506723333101094,0.8393307498308421,0.8915387128389415,13645,2612,708
Aotus_azarai,Varecia_variegata,same-order,7,0,2,792,390,402,16574,82.62785573466311,0.9549658222758344,0.8746087276744614,0.913022585295531,14250,2043,672
Aotus_azarai,Varecia_variegata,same-order,7,0,3,792,456,336,16597,84.56628952712504,0.958062183658713,0.8926930850738042,0.9242232086239697,14575,1752,638
Aotus_azarai,Varecia_variegata,same-order,7,0,4,792,496,296,16598,85.69770815201625,0.9586551567469332,0.9045810877021068,0.9308334646289586,14770,1558,637
Aotus_azarai,Varecia_variegata,same-order,7,0,5,792,523,269,16597,86.53823836602065,0.9590380039868819,0.9134002939735424,0.9356629756265881,14914,1414,637
Aotus_azarai,Varecia_variegata,same-order,7,0,6,792,547,245,16597,87.17859423065761,0.9596217735752619,0.9196106042980469,0.9391902454275441,15020,1313,632
Aotus_azarai,Varecia_variegata,same-order,7,1,1,792,205,587,16569,79.19439782394815,0.9506738918994025,0.8418332820670563,0.8929491989950732,13684,2571,710
Aotus_azarai,Varecia_variegata,same-order,7,1,2,792,403,389,16576,82.86277465360311,0.9550314045169049,0.8773017431868402,0.914517883421844,14293,1999,673
Aotus_azarai,Varecia_variegata,same-order,7,1,3,792,488,304,16581,84.76798143851508,0.9568519609768873,0.8962345149024898,0.9255517907470154,14614,1692,659
Aotus_azarai,Varecia_variegata,same-order,7,1,4,792,537,255,16588,86.17187953345326,0.9583736689254598,0.9099264705882353,0.9335219236209336,14850,1470,645
Aotus_azarai,Varecia_variegata,same-order,7,1,5,792,556,236,16588,86.51424592351883,0.9585315674424585,0.9135416666666667,0.9354960155612724,14909,1411,645
Aotus_azarai,Varecia_variegata,same-order,7,1,6,792,563,229,16588,86.91892519296617,0.9588348271446863,0.9175958828574929,0.9377621939765824,14977,1345,643
Aotus_azarai,Varecia_variegata,same-order,7,2,1,792,209,583,16570,78.59705984488946,0.950447928331467,0.8353324721658363,0.8891798985103946,13580,2677,708
Aotus_azarai,Varecia_variegata,same-order,7,2,2,792,373,419,16575,81.9688278579292,0.9538803856786461,0.8689269700878325,0.9094240164566727,14147,2134,684
Aotus_azarai,Varecia_variegata,same-order,7,2,3,792,451,341,16585,84.17541620743663,0.9568743818001978,0.8896450248298694,0.9220358368280595,14511,1800,654
Aotus_azarai,Varecia_variegata,same-order,7,2,4,792,501,291,16593,85.54685233536408,0.9582737553620174,0.9032653311278565,0.9299567946009019,14744,1579,642
Aotus_azarai,Varecia_variegata,same-order,7,2,5,792,531,261,16596,86.21329929209702,0.9588280846670109,0.9100263367428186,0.9337900260817648,14858,1469,638
Aotus_azarai,Varecia_variegata,same-order,7,2,6,792,539,253,16596,86.69336118848653,0.9591653290529695,0.9148753750995162,0.9364969909729187,14939,1390,636
Aotus_azarai,Varecia_variegata,same-order,8,0,1,905,224,681,16566,78.74471657692085,0.9507165326808809,0.8364083640836408,0.8899067560935711,13600,2660,705
Aotus_azarai,Varecia_variegata,same-order,8,0,2,905,412,493,16584,82.47942506085545,0.9550365747265285,0.8733353789505983,0.9123605590460315,14231,2064,670
Aotus_azarai,Varecia_variegata,same-order,8,0,3,905,517,388,16595,84.57699895555298,0.9580019717384161,0.8928090162930296,0.9242573158745759,14576,1750,639
Aotus_azarai,Varecia_variegata,same-order,8,0,4,905,571,334,16597,85.37264917576039,0.958863028880631,0.9004530427329497,0.9287405676759386,14708,1626,631
Aotus_azarai,Varecia_variegata,same-order,8,0,5,905,586,319,16596,85.70350592059438,0.9589530428005456,0.9039980407763424,0.9306649858178381,14765,1568,632
Aotus_azarai,Varecia_variegata,same-order,8,0,6,905,591,314,16597,85.97631762247504,0.9591400634591725,0.9068201297906208,0.9322465934480914,14812,1522,631
Aotus_azarai,Varecia_variegata,same-order,8,1,1,905,238,667,16576,79.09601250072342,0.9510786360473208,0.8404255319148937,0.8923348132671716,13667,2595,703
Aotus_azarai,Varecia_variegata,same-order,8,1,2,905,450,455,16581,82.68885152762479,0.9552608666532717,0.8751917530833896,0.9134750864608684,14263,2034,668
Aotus_azarai,Varecia_variegata,same-order,8,1,3,905,517,388,16592,84.62922130671927,0.9578380508307611,0.8935244746676468,0.9245641838351822,14585,1738,642
Aotus_azarai,Varecia_variegata,same-order,8,1,4,905,564,341,16598,85.8652115864631,0.9592114648855457,0.905484818805093,0.9315741411342381,14792,1544,629
Aotus_azarai,Varecia_variegata,same-order,8,1,5,905,601,304,16598,86.39345213908399,0.9594507478081485,0.9110553379040157,0.9346269781461944,14883,1453,629
Aotus_azarai,Varecia_variegata,same-order,8,1,6,905,621,284,16598,86.78434560445942,0.9599229287090558,0.914631907472003,0.9367302810942935,14946,1395,624
Aotus_azarai,Varecia_variegata,same-order,8,2,1,905,235,670,16565,79.4373046196596,0.9508696556025223,0.844119094488189,0.8943200703881122,13722,2534,709
Aotus_azarai,Varecia_variegata,same-order,8,2,2,905,480,425,16584,83.51399918845284,0.9557516253151122,0.8839734936802062,0.9184623230906541,14407,1891,667
Aotus_azarai,Varecia_variegata,same-order,8,2,3,905,552,353,16599,85.52616312797308,0.9584579378494344,0.903038098738209,0.9299230478112779,14743,1583,639
Aotus_azarai,Varecia_variegata,same-order,8,2,4,905,594,311,16601,86.60709104624847,0.9593752008742046,0.9137941590644707,0.936030103480715,14925,1408,632
Aotus_azarai,Varecia_variegata,same-order,8,2,5,905,616,289,16603,87.19303338171262,0.9602327216929863,0.9189867221440372,0.9391570785392696,15019,1324,622
Aotus_azarai,Varecia_variegata,same-order,8,2,6,905,629,276,16603,87.36719883889695,0.9603088507434114,0.9208223704338249,0.9401511838570624,15049,1294,622
Varecia_variegata,Homo_sapiens,same-order,1,0,1,111,23,88,16951,69.80876628871214,0.940993080374116,0.7835750015829798,0.8550995024875621,12375,3418,776
Varecia_variegata,Homo_sapiens,same-order,1,0,2,111,32,79,16952,70.17543859649123,0.9413545213772229,0.7876408762821324,0.8576648626288393,12440,3354,775
Varecia_variegata,Homo_sapiens,same-order,1,0,3,111,34,77,16952,70.45185310543239,0.9415711700844391,0.7907433202481955,0.859591162502581,12489,3305,775
Varecia_variegata,Homo_sapiens,same-order,1,0,4,111,35,76,16952,70.61544536582615,0.9416986383811028,0.792579460554641,0.8607281603465465,12518,3276,775
Varecia_variegata,Homo_sapiens,same-order,1,0,5,111,36,75,16952,70.62672759068089,0.9417074088003009,0.7927060909206027,0.8608064904259342,12520,3274,775
Varecia_variegata,Homo_sapiens,same-order,1,0,6,111,36,75,16952,70.62672759068089,0.9417074088003009,0.7927060909206027,0.8608064904259342,12520,3274,775
Varecia_variegata,Homo_sapiens,same-order,1,2,1,111,17,94,16953,69.27109758159986,0.9398806792106471,0.7785592092758031,0.8516477804345567,12288,3495,786
Varecia_variegata,Homo_sapiens,same-order,1,2,2,111,24,87,16954,69.75026777157674,0.9403404772761818,0.7838950836289914,0.8550203855987838,12373,3411,785
Varecia_variegata,Homo_sapiens,same-order,1,2,3,111,25,86,16954,69.83482721686678,0.9404084111440066,0.7848454130765332,0.8556134958731914,12388,3396,785
Varecia_variegata,Homo_sapiens,same-order,1,2,4,111,25,86,16954,69.83482721686678,0.9404084111440066,0.7848454130765332,0.8556134958731914,12388,3396,785
Varecia_variegata,Homo_sapiens,same-order,1,1,1,111,25,86,16955,69.85791610284168,0.9407030597524865,0.7847732455029136,0.8556925308194344,12390,3398,781
Varecia_variegata,Homo_sapiens,same-order,1,1,2,111,39,72,16958,71.18366886595612,0.9421555456038214,0.7992275547676333,0.8648259797204715,12623,3171,775
Varecia_variegata,Homo_sapiens,same-order,1,1,3,111,43,68,16958,71.60180485053581,0.9426746862701418,0.8036336013167057,0.8676189174412247,12695,3102,772
Varecia_variegata,Homo_sapiens,same-order,1,1,4,111,45,66,16958,71.69768753525099,0.9427469593592406,0.8047097550167753,0.8682763566818074,12712,3085,772
Varecia_variegata,Homo_sapiens,same-order,1,1,5,111,45,66,16958,71.69768753525099,0.9427469593592406,0.8047097550167753,0.8682763566818074,12712,3085,772
Varecia_variegata,Homo_sapiens,same-order,2,1,1,221,28,193,16956,70.12913776574747,0.941194278362219,0.7874873353596757,0.8575073263230477,12436,3356,777
Varecia_variegata,Homo_sapiens,same-order,2,1,2,221,43,178,16951,70.95955322389575,0.941894421564957,0.7964921167605902,0.8631123919308359,12579,3214,776
Varecia_variegata,Homo_sapiens,same-order,2,1,3,221,54,167,16951,71.56558533145275,0.9424920127795527,0.803102247546692,0.8672318315444043,12685,3110,774
Varecia_variegata,Homo_sapiens,same-order,2,1,4,221,63,158,16951,71.84608440532611,0.942770415340194,0.8061534565712839,0.8691260280517354,12734,3062,773
Varecia_variegata,Homo_sapiens,same-order,2,1,5,221,63,158,16951,71.84608440532611,0.942770415340194,0.8061534565712839,0.8691260280517354,12734,3062,773
Varecia_variegata,Homo_sapiens,same-order,2,0,1,221,40,181,16945,70.88929014783885,0.9417541229385308,0.7955293819655522,0.8624879857201703,12563,3229,777
Varecia_variegata,Homo_sapiens,same-order,2,0,2,221,68,153,16933,72.68052887331902,0.9438655708834752,0.8139078714249557,0.8740826311497689,12863,2941,765
Varecia_variegata,Homo_sapiens,same-order,2,0,3,221,86,135,16938,73.81302283517974,0.9454137406790705,0.825735061650332,0.8815309842041312,13059,2756,754
Varecia_variegata,Homo_sapiens,same-order,2,0,4,221,92,129,16938,74.13520235134524,0.9456380677721702,0.8293392349035725,0.883678625568469,13116,2699,754
Varecia_variegata,Homo_sapiens,same-order,2,0,5,221,96,125,16938,74.44463286416823,0.9459168282697694,0.832701062215478,0.8857056390598205,13170,2646,753
Varecia_variegata,Homo_sapiens,same-order,2,0,6,221,96,125,16937,74.4488411531939,0.9459168282697694,0.832701062215478,0.8857056390598205,13170,2646,753
Varecia_variegata,Homo_sapiens,same-order,2,2,1,221,48,173,16933,71.02677058624195,0.9420930406772042,0.796150924284629,0.8629953679876479,12576,3220,773
Varecia_variegata,Homo_sapiens,same-order,2,2,2,221,85,136,16935,73.45127741352023,0.9449534613147179,0.8218441689855805,0.8791097280476254,12995,2817,757
Varecia_variegata,Homo_sapiens,same-order,2,2,3,221,104,117,16932,74.46832579185521,0.9462411959177807,0.8321850704759497,0.8855557423911217,13166,2655,748
Varecia_variegata,Homo_sapiens,same-order,2,2,4,221,112,109,16931,74.8953501527322,0.9465932651748051,0.8368095057514853,0.8883223187627897,13240,2582,747
Varecia_variegata,Homo_sapiens,same-order,2,2,5,221,115,106,16931,75.06505260776106,0.9467075693800385,0.83870559979775,0.8894399946378901,13270,2552,747
Varecia_variegata,Homo_sapiens,same-order,2,2,6,221,117,104,16931,75.21072580188947,0.9468698810626024,0.8402325728370094,0.8903696758639165,13295,2528,746
Varecia_variegata,Homo_sapiens,same-order,3,0,1,332,49,283,16942,71.17610524532776,0.9425046728971963,0.7978481012658228,0.8641645244215939,12606,3194,769
Varecia_variegata,Homo_sapiens,same-order,3,0,2,332,96,236,16943,73.15557564117049,0.9446349113720913,0.8191018342820999,0.877400995968698,12950,2860,759
Varecia_variegata,Homo_sapiens,same-order,3,0,3,332,125,207,16949,74.38128602101932,0.9461654567670524,0.8321112515802781,0.8854807789324992,13164,2656,749
Varecia_variegata,Homo_sapiens,same-order,3,0,4,332,130,202,16946,74.77818592822831,0.9464272941849653,0.836409608091024,0.888023891815711,13232,2588,749
Varecia_variegata,Homo_sapiens,same-order,3,0,5,332,136,196,16946,75.13846501638973,0.9467350281278929,0.8403387902155363,0.8903696758639164,13295,2526,748
Varecia_variegata,Homo_sapiens,same-order,3,0,6,332,139,193,16946,75.2458460495083,0.9468069975821363,0.8415397256810568,0.8910751932536893,13314,2507,748
Varecia_variegata,Homo_sapiens,same-order,3,1,1,332,62,270,16932,72.32576527730713,0.9430044182621502,0.8107628996517885,0.8718978723404256,12806,2989,774
Varecia_variegata,Homo_sapiens,same-order,3,1,2,332,143,189,16928,74.94065785011868,0.9453871381719664,0.8390811871163704,0.8890676858091121,13260,2543,766
Varecia_variegata,Homo_sapiens,same-order,3,1,3,332,162,170,16920,75.94006219960418,0.9461077844311377,0.8497848645912427,0.8953631787726257,13430,2374,765
Varecia_variegata,Homo_sapiens,same-order,3,1,4,332,174,158,16920,76.4715860899067,0.9464623136678564,0.8557327258921792,0.8988136775994418,13524,2280,765
Varecia_variegata,Homo_sapiens,same-order,3,1,5,332,184,148,16920,76.8499660556687,0.9472803347280335,0.8590400303547714,0.9010048751368024,13584,2229,756
Varecia_variegata,Homo_sapiens,same-order,3,1,6,332,188,144,16920,76.9857433808554,0.9473684210526315,0.8605577689243028,0.9018789144050104,13608,2205,756
Varecia_variegata,Homo_sapiens,same-order,3,2,1,332,60,272,16939,71.64802891675139,0.942986694417602,0.802809770915074,0.8672705520423859,12686,3116,767
Varecia_variegata,Homo_sapiens,same-order,3,2,2,332,123,209,16930,74.61825585341025,0.9460777283808978,0.8341657710058797,0.8866041729664348,13194,2623,752
Varecia_variegata,Homo_sapiens,same-order,3,2,3,332,163,169,16940,76.64667270258035,0.9487287245219584,0.8552756203826483,0.8995815899581591,13545,2292,732
Varecia_variegata,Homo_sapiens,same-order,3,2,4,332,176,156,16937,77.55263753678967,0.9493521790341578,0.8651344866776108,0.9052888903571075,13702,2136,731
Varecia_variegata,Homo_sapiens,same-order,3,2,5,332,185,147,16932,78.01619203985733,0.9496244228516298,0.8700593509281475,0.9081024086460839,13780,2058,731
Varecia_variegata,Homo_sapiens,same-order,3,2,6,332,194,138,16935,78.53340883352209,0.950322050157599,0.8753471345619793,0.9112950916617385,13869,1975,725
Varecia_variegata,Homo_sapiens,same-order,4,0,1,442,83,359,16933,72.50240018071949,0.9431384072876874,0.8127888572333016,0.8731254463223043,12838,2957,774
Varecia_variegata,Homo_sapiens,same-order,4,0,2,442,182,260,16931,76.5497737556561,0.9475600364069173,0.8554993678887485,0.8991794837723815,13534,2286,749
Varecia_variegata,Homo_sapiens,same-order,4,0,3,442,233,209,16927,78.58153619743024,0.9493947890309786,0.8770610904036894,0.9117956127676343,13883,1946,740
Varecia_variegata,Homo_sapiens,same-order,4,0,4,442,256,186,16928,79.1690252462357,0.9498777506112469,0.8834565093803297,0.9154639175257733,13986,1845,738
Varecia_variegata,Homo_sapiens,same-order,4,0,5,442,263,179,16926,79.64987819387004,0.9509604978354979,0.8873390557939914,0.9180488441948544,14059,1785,725
Varecia_variegata,Homo_sapiens,same-order,4,0,6,442,269,173,16921,79.92179530771847,0.951106015646075,0.8901161322898258,0.9196009389671362,14103,1741,725
Varecia_variegata,Homo_sapiens,same-order,4,1,1,442,90,352,16930,72.8058773664877,0.9439478311840562,0.8151733738294102,0.8748472090180631,12883,2921,765
Varecia_variegata,Homo_sapiens,same-order,4,1,2,442,176,266,16926,75.95881887091299,0.9469675599435825,0.8489599797686034,0.8952895289528954,13428,2389,752
Varecia_variegata,Homo_sapiens,same-order,4,1,3,442,218,224,16910,77.85770930100827,0.9486507005314376,0.8685624012638231,0.9068417232961667,13745,2080,744
Varecia_variegata,Homo_sapiens,same-order,4,1,4,442,244,198,16907,78.76933537310896,0.9493307839388145,0.8783724015922159,0.912474155754652,13902,1925,742
Varecia_variegata,Homo_sapiens,same-order,4,1,5,442,253,189,16906,79.27126423754746,0.94969450101833,0.8838134950720242,0.9155703907323777,13989,1839,741
Varecia_variegata,Homo_sapiens,same-order,4,1,6,442,255,187,16906,79.4072646908823,0.9497763318422123,0.8853297952994693,0.9164214243672749,14013,1815,741
Varecia_variegata,Homo_sapiens,same-order,4,2,1,442,96,346,16929,72.28718296333955,0.9429666199985263,0.810193099081988,0.8715521351222503,12797,2998,774
Varecia_variegata,Homo_sapiens,same-order,4,2,2,442,180,262,16939,75.7548343322402,0.9471898197242842,0.8467956010618126,0.8941836019621584,13398,2424,747
Varecia_variegata,Homo_sapiens,same-order,4,2,3,442,236,206,16928,77.95199818861089,0.9491350196429802,0.8698755606089319,0.9077785102175346,13771,2060,738
Varecia_variegata,Homo_sapiens,same-order,4,2,4,442,268,174,16921,79.16737468139337,0.9501053633335599,0.882664982633407,0.9151443724219209,13977,1858,734
Varecia_variegata,Homo_sapiens,same-order,4,2,5,442,283,159,16927,79.69068660774983,0.9509870200108167,0.8878439787932341,0.918331374853114,14067,1777,725
Varecia_variegata,Homo_sapiens,same-order,4,2,6,442,290,152,16926,79.96147527052291,0.9511422602601254,0.8908104014137844,0.9199882671185998,14114,1730,725
Varecia_variegata,Homo_sapiens,same-order,5,0,1,553,98,455,16932,72.29848048353387,0.9431834929992631,0.8101658437776934,0.871628983928085,12799,2999,771
Varecia_variegata,Homo_sapiens,same-order,5,0,2,553,229,324,16923,76.39902676399026,0.9473758069042941,0.853530564511031,0.8980080476206311,13502,2317,750
Varecia_variegata,Homo_sapiens,same-order,5,0,3,553,294,259,16917,78.60865624291866,0.9496954349462734,0.8763420487558419,0.9115454097552965,13876,1958,735
Varecia_variegata,Homo_sapiens,same-order,5,0,4,553,333,220,16916,79.72345007367109,0.9506690093255845,0.8881873855672706,0.9183666808107843,14068,1771,730
Varecia_variegata,Homo_sapiens,same-order,5,0,5,553,348,205,16914,80.41494246357917,0.9512505867364045,0.8954677439717208,0.9225166639570801,14186,1656,727
Varecia_variegata,Homo_sapiens,same-order,5,0,6,553,363,190,16916,80.96102569921143,0.9525430516619944,0.8999243284146803,0.9254863813229572,14271,1587,711
Varecia_variegata,Homo_sapiens,same-order,5,1,1,553,85,468,16930,72.37600271155802,0.943168433451119,0.8110400708995379,0.872128246145468,12812,2985,772
Varecia_variegata,Homo_sapiens,same-order,5,1,2,553,207,346,16927,76.38071525577185,0.947693603875588,0.8530080889787665,0.8978614427777962,13498,2326,745
Varecia_variegata,Homo_sapiens,same-order,5,1,3,553,289,264,16925,78.63330125120308,0.9495453613181103,0.8773292906323037,0.9120099809573838,13889,1942,738
Varecia_variegata,Homo_sapiens,same-order,5,1,4,553,320,233,16922,79.70866632658844,0.9512310606060606,0.8873674911660777,0.9181901279707494,14063,1785,721
Varecia_variegata,Homo_sapiens,same-order,5,1,5,553,345,208,16921,80.2233306881306,0.9515261530186904,0.8930464411913175,0.9213592865047849,14153,1695,721
Varecia_variegata,Homo_sapiens,same-order,5,1,6,553,354,199,16921,80.46706722593811,0.9516658845612389,0.8957597173144877,0.9228668941979523,14196,1652,721
Varecia_variegata,Homo_sapiens,same-order,5,2,1,553,106,447,16939,72.81092982555185,0.9433838051349572,0.8165242165242165,0.8753817959682345,12897,2898,774
Varecia_variegata,Homo_sapiens,same-order,5,2,2,553,236,317,16923,77.35250820971578,0.9486841191583918,0.8630448515476943,0.9038404286990176,13662,2168,739
Varecia_variegata,Homo_sapiens,same-order,5,2,3,553,333,220,16935,79.60802084513425,0.9513301292899208,0.8866876971608832,0.9178721875714332,14054,1796,719
Varecia_variegata,Homo_sapiens,same-order,5,2,4,553,352,201,16927,80.48407210066885,0.9520584685530374,0.8956099407089694,0.9229719188767551,14199,1655,715
Varecia_variegata,Homo_sapiens,same-order,5,2,5,553,374,179,16932,80.82875120458024,0.952632282202031,0.8990542244640606,0.9250681198910082,14259,1601,709
Varecia_variegata,Homo_sapiens,same-order,5,2,6,553,383,170,16932,81.33469410897546,0.953156146179402,0.9042486132123045,0.9280584848288801,14345,1519,705
Varecia_variegata,Homo_sapiens,same-order,6,0,1,663,124,539,16919,73.24174581637268,0.9439667735354124,0.8199367088607595,0.8775911123154044,12955,2845,769
Varecia_variegata,Homo_sapiens,same-order,6,0,2,663,290,373,16939,77.24828796196729,0.9492315181862439,0.8617336953090473,0.9033688530015223,13649,2190,730
Varecia_variegata,Homo_sapiens,same-order,6,0,3,663,378,285,16925,79.76305198118021,0.9515790897409887,0.8875922538320823,0.9184725848563969,14071,1782,716
Varecia_variegata,Homo_sapiens,same-order,6,0,4,663,429,234,16923,81.23617805500426,0.9526532783614843,0.9034495806268525,0.9273992555429682,14326,1531,712
Varecia_variegata,Homo_sapiens,same-order,6,0,5,663,462,201,16919,82.0976799591582,0.9532371731541857,0.9126048300649473,0.9324785774112493,14473,1386,710
Varecia_variegata,Homo_sapiens,same-order,6,0,6,663,477,186,16920,82.74218262300664,0.9541260388718016,0.9188303503907235,0.9361456226524125,14580,1288,701
Varecia_variegata,Homo_sapiens,same-order,6,1,1,663,105,558,16933,72.49110521262777,0.9431300514327701,0.8126622348844571,0.8730488012242815,12836,2959,774
Varecia_variegata,Homo_sapiens,same-order,6,1,2,663,265,398,16933,77.05149971703452,0.9486482720178372,0.8599671551288529,0.9021335807050093,13615,2217,737
Varecia_variegata,Homo_sapiens,same-order,6,1,3,663,365,298,16927,79.7326384955251,0.9508883334459232,0.8885241762403737,0.9186490455212922,14076,1766,727
Varecia_variegata,Homo_sapiens,same-order,6,1,4,663,405,258,16925,81.05627018756729,0.9519499534140823,0.9026314128857197,0.9266349237197551,14304,1543,722
Varecia_variegata,Homo_sapiens,same-order,6,1,5,663,437,226,16919,81.76146997107696,0.9528121075936818,0.9093030589719332,0.9305492803201446,14417,1438,714
Varecia_variegata,Homo_sapiens,same-order,6,1,6,663,454,209,16917,82.41633579126488,0.9532244308863085,0.916372351160444,0.9344351908421492,14530,1326,713
Varecia_variegata,Homo_sapiens,same-order,6,2,1,663,133,530,16936,72.83818130471619,0.9437248444932309,0.8162025316455697,0.8753436280332599,12896,2904,769
Varecia_variegata,Homo_sapiens,same-order,6,2,2,663,299,364,16932,77.45514235580461,0.9490255912337887,0.8642162435265883,0.9046375566059565,13684,2150,735
Varecia_variegata,Homo_sapiens,same-order,6,2,3,663,399,264,16925,79.6542930008501,0.9512690355329949,0.886806738595495,0.9179075235109718,14055,1794,720
Varecia_variegata,Homo_sapiens,same-order,6,2,4,663,438,225,16928,80.62815352344238,0.952387330074332,0.8968344053474587,0.9237764281770647,14222,1636,711
Varecia_variegata,Homo_sapiens,same-order,6,2,5,663,457,206,16929,81.34709150697358,0.9529122667197981,0.9046658259773014,0.9281624995956917,14348,1512,709
Varecia_variegata,Homo_sapiens,same-order,6,2,6,663,472,191,16929,81.69085960535268,0.9532221781130078,0.9082713403101753,0.9302040289256198,14407,1455,707
Varecia_variegata,Homo_sapiens,same-order,7,0,1,774,154,620,16929,73.10843645815675,0.9439661462133372,0.8188089361432821,0.8769444538584065,12938,2863,768
Varecia_variegata,Homo_sapiens,same-order,7,0,2,774,339,435,16924,77.77777777777777,0.9492673486314626,0.8673192295547837,0.9064449064449064,13734,2101,734
Varecia_variegata,Homo_sapiens,same-order,7,0,3,774,448,326,16924,80.25853271345957,0.9519838601210491,0.8928413749605802,0.9214646053702197,14156,1699,714
Varecia_variegata,Homo_sapiens,same-order,7,0,4,774,507,267,16922,81.95642305946437,0.9536511290109599,0.9103170101468456,0.9314803469512785,14444,1423,702
Varecia_variegata,Homo_sapiens,same-order,7,0,5,774,538,236,16917,82.70420616450019,0.954158480681074,0.9181422899993699,0.9358039757217637,14570,1299,700
Varecia_variegata,Homo_sapiens,same-order,7,0,6,774,553,221,16916,83.30022137707896,0.9544094693028096,0.9248172422485506,0.9393803610293177,14675,1193,701
Varecia_variegata,Homo_sapiens,same-order,7,1,1,774,135,639,16925,73.64731158477979,0.9447345517841601,0.8240652875308407,0.8802838317283325,13026,2781,762
Varecia_variegata,Homo_sapiens,same-order,7,1,2,774,359,415,16924,78.39184597961494,0.949519890260631,0.8743763026590033,0.9104001578272449,13844,1989,736
Varecia_variegata,Homo_sapiens,same-order,7,1,3,774,467,307,16921,80.46914839367669,0.951239115874079,0.8965343097026703,0.9230769230769231,14202,1639,728
Varecia_variegata,Homo_sapiens,same-order,7,1,4,774,510,264,16922,81.58058846873405,0.9525385582842391,0.9077718899823366,0.9296165896831293,14390,1462,717
Varecia_variegata,Homo_sapiens,same-order,7,1,5,774,536,238,16916,82.49007373794669,0.9532018090057023,0.9172500788394828,0.9348804319876576,14543,1312,714
Varecia_variegata,Homo_sapiens,same-order,7,1,6,774,560,214,16913,83.32008629499262,0.9544124341549067,0.9248802621628435,0.9394143062890064,14676,1192,701
Varecia_variegata,Homo_sapiens,same-order,7,2,1,774,130,644,16926,73.25384267631102,0.9439306779290759,0.8204949680359517,0.877895164567249,12963,2836,770
Varecia_variegata,Homo_sapiens,same-order,7,2,2,774,340,434,16917,77.66957309477975,0.9484892484270206,0.8669110212335692,0.9058672037507842,13718,2106,745
Varecia_variegata,Homo_sapiens,same-order,7,2,3,774,437,337,16911,79.96713136121501,0.9504917149400512,0.8911835291145636,0.9198826597131682,14111,1723,735
Varecia_variegata,Homo_sapiens,same-order,7,2,4,774,494,280,16900,81.39218244738186,0.9517712617752422,0.9056306021966923,0.9281278302497089,14347,1495,727
Varecia_variegata,Homo_sapiens,same-order,7,2,5,774,527,247,16900,82.05448354143019,0.9525629200158123,0.9122342103602751,0.9319624842878782,14458,1391,720
Varecia_variegata,Homo_sapiens,same-order,7,2,6,774,549,225,16903,82.68794004088122,0.9535751702462022,0.9182219419924338,0.9355646922780417,14563,1297,709
Varecia_variegata,Homo_sapiens,same-order,8,0,1,884,136,748,16929,73.06214689265536,0.943734948551412,0.818584630965945,0.8767160435239484,12932,2866,771
Varecia_variegata,Homo_sapiens,same-order,8,0,2,884,369,515,16935,77.94767244308528,0.9500931869952371,0.8686103748580083,0.907526456334685,13764,2082,723
Varecia_variegata,Homo_sapiens,same-order,8,0,3,884,508,376,16927,80.37748682196906,0.951936631536551,0.894531003595534,0.9223414634146342,14181,1672,716
Varecia_variegata,Homo_sapiens,same-order,8,0,4,884,572,312,16921,81.62223482699943,0.9530432478972117,0.907313997477932,0.9296165896831293,14390,1470,709
Varecia_variegata,Homo_sapiens,same-order,8,0,5,884,609,275,16926,82.59290780141843,0.9541819611955952,0.9172652804032766,0.9353595065218787,14557,1313,699
Varecia_variegata,Homo_sapiens,same-order,8,0,6,884,639,245,16917,83.33333333333333,0.9545484101697119,0.9250157529930687,0.9395500656020993,14680,1190,699
Varecia_variegata,Homo_sapiens,same-order,8,1,1,884,148,736,16927,73.38946654611212,0.9440971212561792,0.8219620253164557,0.8788063337393424,12987,2813,769
Varecia_variegata,Homo_sapiens,same-order,8,1,2,884,389,495,16921,78.38450209584231,0.9496945988607508,0.8738317757009346,0.9101851547341072,13838,1998,733
Varecia_variegata,Homo_sapiens,same-order,8,1,3,884,530,354,16920,80.82393607978693,0.9515010006671114,0.9003282413836636,0.9252075765438507,14263,1579,727
Varecia_variegata,Homo_sapiens,same-order,8,1,4,884,583,301,16915,82.16007714561235,0.9530201342281879,0.9135288552507096,0.9328567288184717,14484,1371,714
Varecia_variegata,Homo_sapiens,same-order,8,1,5,884,619,265,16913,82.896379525593,0.9537115623163805,0.9210592686002522,0.9371010680950701,14608,1252,709
Varecia_variegata,Homo_sapiens,same-order,8,1,6,884,641,243,16920,83.2359116962715,0.9543857365955232,0.9243130829342072,0.9391087207068768,14667,1201,701
Varecia_variegata,Gorilla_gorilla,same-order,1,0,1,110,21,89,16946,73.11715481171548,0.9796013702896293,0.7813936156999131,0.8693429143923167,12582,3520,262
Varecia_variegata,Gorilla_gorilla,same-order,1,0,2,110,31,79,16936,73.77573572176341,0.9800664451827242,0.7875946852104806,0.8733519226135151,12685,3421,258
Varecia_variegata,Gorilla_gorilla,same-order,1,0,3,110,32,78,16938,73.78736768640223,0.9802209688634783,0.7876210578594487,0.8734294860762108,12687,3421,256
Varecia_variegata,Gorilla_gorilla,same-order,1,0,4,110,32,78,16938,73.78736768640223,0.9802209688634783,0.7876210578594487,0.8734294860762108,12687,3421,256
Varecia_variegata,Homo_sapiens,same-order,8,2,1,884,159,725,16927,73.48887131397582,0.9437753917585606,0.8236672153982525,0.8796402731760091,13009,2785,775
Varecia_variegata,Homo_sapiens,same-order,8,2,2,884,403,481,16920,78.42582106455266,0.9492803289924606,0.8749763093057047,0.9106150761037509,13850,1979,740
Varecia_variegata,Homo_sapiens,same-order,8,2,3,884,543,341,16923,80.8274298668178,0.951815269620929,0.8999810689720452,0.9251727157730855,14262,1585,722
Varecia_variegata,Homo_sapiens,same-order,8,2,4,884,602,282,16905,82.24442300051086,0.9531609762515624,0.9137289525130857,0.9330285272715564,14489,1368,712
Varecia_variegata,Homo_sapiens,same-order,8,2,5,884,628,256,16908,82.78544257082837,0.9538793667408085,0.9191250630358043,0.9361797752808988,14581,1283,705
Varecia_variegata,Homo_sapiens,same-order,8,2,6,884,642,242,16911,82.85357406461137,0.9541026479241582,0.919707569168715,0.9365894358513575,14593,1274,702
Varecia_variegata,Gorilla_gorilla,same-order,1,1,1,110,30,80,16946,73.84329225761451,0.9800956642493442,0.7887743698000745,0.87408834457135,12704,3402,258
Varecia_variegata,Gorilla_gorilla,same-order,1,1,2,110,38,72,16954,74.46956926117538,0.9809341500765697,0.7949736270555383,0.8782176520994002,12811,3304,249
Varecia_variegata,Gorilla_gorilla,same-order,1,1,3,110,39,71,16954,74.52769865721095,0.9809487375669472,0.795594166925225,0.8786020215864313,12821,3294,249
Varecia_variegata,Gorilla_gorilla,same-order,1,1,4,110,40,70,16954,74.66720920769633,0.9809836566366275,0.7970834626124729,0.8795234345578417,12845,3270,249
Varecia_variegata,Gorilla_gorilla,same-order,1,1,5,110,40,70,16954,74.66720920769633,0.9809836566366275,0.7970834626124729,0.8795234345578417,12845,3270,249
Varecia_variegata,Gorilla_gorilla,same-order,1,2,1,110,19,91,16951,73.12652492157547,0.9795346665629134,0.7818147941121669,0.869577231279359,12588,3513,263
Varecia_variegata,Gorilla_gorilla,same-order,1,2,2,110,30,80,16940,73.70073247296826,0.9797527047913447,0.7873556079990063,0.8730803663659528,12678,3424,262
Varecia_variegata,Gorilla_gorilla,same-order,1,2,3,110,31,79,16939,73.76896692052787,0.9797699019380742,0.7880387529499441,0.8735070388600145,12689,3413,262
Varecia_variegata,Gorilla_gorilla,same-order,1,2,4,110,31,79,16939,73.76896692052787,0.9797699019380742,0.7880387529499441,0.8735070388600145,12689,3413,262
Varecia_variegata,Gorilla_gorilla,same-order,2,0,1,219,43,176,16955,74.0902220672015,0.9809883004926109,0.790779921821679,0.8756741901130235,12745,3372,247
Varecia_variegata,Gorilla_gorilla,same-order,2,0,2,219,71,148,16945,75.64893493190549,0.9820929353985645,0.8059775531716996,0.8853620325590901,12998,3129,237
Varecia_variegata,Gorilla_gorilla,same-order,2,0,3,219,90,129,16930,76.70259248470725,0.982463995224237,0.8162936325872652,0.8917033525228583,13166,2963,235
Varecia_variegata,Gorilla_gorilla,same-order,2,0,4,219,99,120,16931,77.30132836168725,0.9827420191096956,0.8225156530903229,0.8955183585313174,13268,2863,233
Varecia_variegata,Gorilla_gorilla,same-order,2,0,5,219,107,112,16929,77.85418730695262,0.9830745455883435,0.8280029750836743,0.8988998418732967,13359,2775,230
Varecia_variegata,Gorilla_gorilla,same-order,2,0,6,219,110,109,16927,78.1138893745993,0.9831279342723005,0.8306681542085038,0.9004904925082309,13402,2732,230
Varecia_variegata,Gorilla_gorilla,same-order,2,1,1,219,36,183,16961,73.77382612738262,0.9809148508731262,0.7876776074951914,0.8737396331601225,12695,3422,247
Varecia_variegata,Gorilla_gorilla,same-order,2,1,2,219,67,152,16947,75.76392526628253,0.9823409553995924,0.8070055796652201,0.8860828426534155,13017,3113,234
Varecia_variegata,Gorilla_gorilla,same-order,2,1,3,219,81,138,16946,76.5558595796705,0.982736716239444,0.8150994855265604,0.8911025276140137,13150,2983,231
Varecia_variegata,Gorilla_gorilla,same-order,2,1,4,219,87,132,16944,76.81378828461628,0.9828639547012368,0.8176521631337548,0.8926783055893897,13192,2942,230
Varecia_variegata,Gorilla_gorilla,same-order,2,1,5,219,89,130,16942,77.14036109493303,0.983077265642396,0.8208353991075855,0.8946604073085885,13245,2891,228
Varecia_variegata,Gorilla_gorilla,same-order,2,1,6,219,89,130,16942,77.14036109493303,0.983077265642396,0.8208353991075855,0.8946604073085885,13245,2891,228
Varecia_variegata,Gorilla_gorilla,same-order,2,2,1,219,45,174,16955,74.32856644576212,0.98104810864728,0.7933238195693988,0.8772555746140651,12786,3331,247
Varecia_variegata,Gorilla_gorilla,same-order,2,2,2,219,71,148,16944,75.84201035425514,0.9814076025592774,0.8089594837748961,0.8868784436432897,13038,3079,247
Varecia_variegata,Gorilla_gorilla,same-order,2,2,3,219,85,134,16943,76.77490689013035,0.9820604436504392,0.818272033740619,0.8927157695300605,13193,2930,241
Varecia_variegata,Gorilla_gorilla,same-order,2,2,4,219,94,125,16936,77.36958546809501,0.9822603296622071,0.8241751426445051,0.8963005429467508,13289,2835,240
Varecia_variegata,Gorilla_gorilla,same-order,2,2,5,219,101,118,16936,77.91103865859338,0.9823814417853473,0.8299429421979657,0.8997512270557385,13382,2742,240
Varecia_variegata,Gorilla_gorilla,same-order,2,2,6,219,105,114,16936,78.10898928737774,0.9824253075571178,0.832051600099231,0.9010073875083949,13416,2708,240
Varecia_variegata,Gorilla_gorilla,same-order,3,0,1,328,65,263,16939,74.77608468070257,0.9805521659548505,0.7981252715873114,0.879983573457445,12857,3252,255
Varecia_variegata,Gorilla_gorilla,same-order,3,0,2,328,114,214,16928,77.5971566742411,0.9826606655353058,0.8257176514353028,0.8973788828246074,13318,2811,235
Varecia_variegata,Gorilla_gorilla,same-order,3,0,3,328,144,184,16923,79.63373381546717,0.9839302442891115,0.8459203271172789,0.909720834166167,13654,2487,223
Varecia_variegata,Gorilla_gorilla,same-order,3,0,4,328,169,159,16922,80.61242344706912,0.9841213329535745,0.856266650145592,0.9157528573794931,13821,2320,223
Varecia_variegata,Gorilla_gorilla,same-order,3,0,5,328,180,148,16918,81.14935822637106,0.9842898591748638,0.8616652211621856,0.9189046344927824,13909,2233,222
Varecia_variegata,Gorilla_gorilla,same-order,3,0,6,328,187,141,16918,81.66754186358597,0.9844563229708819,0.8670631233351918,0.9220381410361977,13997,2146,221
Varecia_variegata,Gorilla_gorilla,same-order,3,1,1,328,65,263,16942,75.30404422461449,0.9815685679611651,0.8027417653991687,0.8831939941989422,12941,3180,243
Varecia_variegata,Gorilla_gorilla,same-order,3,1,2,328,126,202,16930,77.33496474975237,0.9827484081149119,0.8228256152749365,0.8957046934575025,13273,2858,233
Varecia_variegata,Gorilla_gorilla,same-order,3,1,3,328,140,188,16926,78.09312897021971,0.982909117582337,0.8306986547641187,0.9004166106706087,13400,2731,233
Varecia_variegata,Gorilla_gorilla,same-order,3,1,4,328,145,183,16926,78.32624278804126,0.9829591165069845,0.8331783522410265,0.9018923634411489,13440,2691,233
Varecia_variegata,Gorilla_gorilla,same-order,3,1,5,328,148,180,16926,78.45445538784311,0.9829864914202263,0.8345421858533258,0.9027023402400589,13462,2669,233
Varecia_variegata,Gorilla_gorilla,same-order,3,1,6,328,149,179,16925,78.55102873462727,0.9830768108541834,0.8354202826679891,0.9032539124023994,13477,2655,232
Varecia_variegata,Gorilla_gorilla,same-order,3,2,1,328,65,263,16949,74.82696446228115,0.9813868334731863,0.7980769230769231,0.8802901228232235,12865,3255,244
Varecia_variegata,Gorilla_gorilla,same-order,3,2,2,328,114,214,16940,77.1506785485468,0.9830055658627087,0.8209482491478153,0.8946977372509288,13246,2889,229
Varecia_variegata,Gorilla_gorilla,same-order,3,2,3,328,139,189,16936,78.13191935671833,0.9834250091675835,0.8308960218118726,0.9007490007725121,13409,2729,226
Varecia_variegata,Gorilla_gorilla,same-order,3,2,4,328,144,184,16931,78.42154348332944,0.9835514291980408,0.8336328149203792,0.9024079415118386,13454,2685,225
Varecia_variegata,Gorilla_gorilla,same-order,3,2,5,328,147,181,16931,78.63596619061498,0.9836663263817996,0.8358116480793061,0.9037314932672339,13490,2650,224
Varecia_variegata,Gorilla_gorilla,same-order,3,2,6,328,148,180,16929,78.68011426572612,0.9836734693877551,0.836183395291202,0.9039517749497656,13496,2644,224
Varecia_variegata,Gorilla_gorilla,same-order,4,0,1,437,63,374,16932,75.0276371676267,0.9806083650190114,0.8004842013781116,0.8814381899586451,12895,3214,255
Varecia_variegata,Gorilla_gorilla,same-order,4,0,2,437,136,301,16927,77.62751384436025,0.9831672203765227,0.8252974714923154,0.8973417337690779,13317,2819,228
Varecia_variegata,Gorilla_gorilla,same-order,4,0,3,437,163,274,16920,79.1525621571145,0.984465737514518,0.8397523219814241,0.9063690436409813,13562,2588,214
Varecia_variegata,Gorilla_gorilla,same-order,4,0,4,437,182,255,16914,80.25224804390984,0.9848094009744912,0.8509162951956414,0.9129799388866745,13744,2408,212
Varecia_variegata,Gorilla_gorilla,same-order,4,0,5,437,207,230,16915,81.08613138686131,0.9851021566401816,0.8596013371301225,0.9180826446280992,13886,2268,210
Varecia_variegata,Gorilla_gorilla,same-order,4,0,6,437,215,222,16910,81.36682242990655,0.9851485148514851,0.862325120713136,0.9196540569089589,13930,2224,210
Varecia_variegata,Gorilla_gorilla,same-order,4,1,1,437,80,357,16947,75.94715707385207,0.9822369411410508,0.8091517857142857,0.887332562725233,13050,3078,236
Varecia_variegata,Gorilla_gorilla,same-order,4,1,2,437,161,276,16937,79.13555762949137,0.984971685784812,0.8396979637308907,0.9065517356586816,13567,2590,207
Varecia_variegata,Gorilla_gorilla,same-order,4,1,3,437,207,230,16927,81.18175979447656,0.9858196256381169,0.8601831229893591,0.9187260473106912,13904,2260,200
Varecia_variegata,Gorilla_gorilla,same-order,4,1,4,437,236,201,16923,82.4357476635514,0.9862334032145353,0.872951073173749,0.92614102437904,14113,2054,197
Varecia_variegata,Gorilla_gorilla,same-order,4,1,5,437,254,183,16918,83.29924618710922,0.9865051903114187,0.8816253324262477,0.9311211992553644,14255,1914,195
Varecia_variegata,Gorilla_gorilla,same-order,4,1,6,437,272,165,16921,83.78330995792426,0.9868529735682819,0.8864774624373957,0.9339760919839745,14337,1836,191
Varecia_variegata,Gorilla_gorilla,same-order,4,2,1,437,77,360,16935,75.51471443526812,0.9804424979234313,0.8062092517851599,0.884830312116669,12984,3121,259
Varecia_variegata,Gorilla_gorilla,same-order,4,2,2,437,167,270,16931,78.61554597366275,0.9831669460030605,0.8362982706254262,0.9038049303322615,13492,2641,231
Varecia_variegata,Gorilla_gorilla,same-order,4,2,3,437,218,219,16927,80.41639937015222,0.9842958098365336,0.854125371655104,0.9146021954697708,13789,2355,220
Varecia_variegata,Gorilla_gorilla,same-order,4,2,4,437,238,199,16916,81.44516430280744,0.9846870369063581,0.8641852975784976,0.9205092684213998,13954,2193,217
Varecia_variegata,Gorilla_gorilla,same-order,4,2,5,437,251,186,16920,81.84205918403082,0.9850368809272919,0.8681815367469506,0.9229250312643981,14022,2129,213
Varecia_variegata,Gorilla_gorilla,same-order,4,2,6,437,261,176,16918,82.21936839647422,0.9851028115820395,0.8720822240108972,0.9251535354198824,14085,2066,213
Varecia_variegata,Gorilla_gorilla,same-order,5,0,1,546,103,443,16943,75.55103227682466,0.9809710790606359,0.8062934458788481,0.8850962357349685,12991,3121,252
Varecia_variegata,Gorilla_gorilla,same-order,5,0,2,546,198,348,16931,78.74249752345435,0.9832642072327731,0.8375480352051569,0.9045754259129096,13513,2621,230
Varecia_variegata,Gorilla_gorilla,same-order,5,0,3,546,255,291,16927,80.49335199440168,0.9842413006274957,0.8550455305705259,0.9151059104319289,13803,2340,221
Varecia_variegata,Gorilla_gorilla,same-order,5,0,4,546,292,254,16926,81.97956204379562,0.9860233178817249,0.8684812867305908,0.9235272834917607,14039,2126,199
Varecia_variegata,Gorilla_gorilla,same-order,5,0,5,546,317,229,16925,82.58482742510074,0.9861915056837994,0.8747371025609304,0.927126700540895,14141,2025,198
Varecia_variegata,Gorilla_gorilla,same-order,5,0,6,546,319,227,16925,82.713309583601,0.9862126592855651,0.8760979834219967,0.9278998918989747,14163,2003,198
Varecia_variegata,Gorilla_gorilla,same-order,5,1,1,546,87,459,16941,75.43349237751659,0.9814520402755696,0.8042682548545195,0.8840698308783413,12964,3155,245
Varecia_variegata,Gorilla_gorilla,same-order,5,1,2,546,196,350,16934,78.44727018198786,0.9846255216340875,0.8325492138170113,0.9022238620735921,13449,2705,210
Varecia_variegata,Gorilla_gorilla,same-order,5,1,3,546,241,305,16932,80.2509483513277,0.9854522000859969,0.8508755646309015,0.9132326083347169,13751,2410,203
Varecia_variegata,Gorilla_gorilla,same-order,5,1,4,546,268,278,16927,81.50420757363254,0.9869091423719218,0.862043389579084,0.920259971627462,13947,2232,185
Varecia_variegata,Gorilla_gorilla,same-order,5,1,5,546,293,253,16922,82.2470333781493,0.9870220975096458,0.8696458371963657,0.9246237760399553,14070,2109,185
Varecia_variegata,Gorilla_gorilla,same-order,5,1,6,546,307,239,16926,82.83442469597755,0.9875923602397881,0.8753243543803286,0.9280754618105594,14168,2018,178
Varecia_variegata,Gorilla_gorilla,same-order,5,2,1,546,90,456,16943,75.87992320670196,0.981488449093235,0.8092195061422013,0.8870677049682048,13043,3075,246
Varecia_variegata,Gorilla_gorilla,same-order,5,2,2,546,198,348,16927,79.31476517888358,0.9830288149057558,0.8439456878913758,0.9081932212436616,13612,2517,235
Varecia_variegata,Gorilla_gorilla,same-order,5,2,3,546,243,303,16934,80.94405594405595,0.9839897988098611,0.8607014499938035,0.9182256891650691,13890,2248,226
Varecia_variegata,Gorilla_gorilla,same-order,5,2,4,546,270,276,16931,81.67191325638335,0.9843321857654747,0.8679759618363174,0.9224995061565814,14010,2131,223
Varecia_variegata,Gorilla_gorilla,same-order,5,2,5,546,282,264,16934,82.28674712844732,0.9848569434752268,0.8740323279866229,0.92614102437904,14113,2034,217
Varecia_variegata,Gorilla_gorilla,same-order,5,2,6,546,296,250,16933,82.78134110787173,0.984945192174275,0.8792345327305382,0.9290926344033246,14197,1950,217
Varecia_variegata,Gorilla_gorilla,same-order,6,0,1,655,117,538,16940,76.21376178833391,0.9821455363840961,0.8118566290462607,0.8889190657251492,13092,3034,238
Varecia_variegata,Gorilla_gorilla,same-order,6,0,2,655,238,417,16924,79.45772594752187,0.9836858442214683,0.8444045110918329,0.9087392884532026,13627,2511,226
Varecia_variegata,Gorilla_gorilla,same-order,6,0,3,655,314,341,16923,81.45165995682362,0.9847629796839729,0.8645033440673767,0.9207228597810314,13960,2188,216
Varecia_variegata,Gorilla_gorilla,same-order,6,0,4,655,337,318,16916,82.30966837926202,0.9851851851851852,0.8728330856859832,0.9256122381984112,14098,2054,212
Varecia_variegata,Gorilla_gorilla,same-order,6,0,5,655,366,289,16914,83.09291596098815,0.9855233081665166,0.8807180439492417,0.9301778242677823,14228,1927,209
Varecia_variegata,Gorilla_gorilla,same-order,6,0,6,655,385,270,16916,83.58740727761229,0.9858776522457977,0.8856364874063989,0.9330725346373268,14311,1848,205
Varecia_variegata,Gorilla_gorilla,same-order,6,1,1,655,118,537,16946,76.31180919139034,0.981739260589732,0.813771712158809,0.8898989213757548,13118,3002,244
Varecia_variegata,Gorilla_gorilla,same-order,6,1,2,655,249,406,16943,79.21086373703228,0.9844270606982471,0.8416000990773422,0.9074278083792355,13591,2558,215
Varecia_variegata,Gorilla_gorilla,same-order,6,1,3,655,323,332,16928,81.40322204062574,0.9855830388692579,0.8629950495049505,0.9202243483998681,13946,2214,204
Varecia_variegata,Gorilla_gorilla,same-order,6,1,4,655,357,298,16927,82.42919708029197,0.9861673885706301,0.8731906470369912,0.926246719160105,14116,2050,198
Varecia_variegata,Gorilla_gorilla,same-order,6,1,5,655,380,275,16923,83.36546888694129,0.9867219917012449,0.8822656443235222,0.9315748237137634,14268,1904,192
Varecia_variegata,Gorilla_gorilla,same-order,6,1,6,655,399,256,16916,83.99883075124232,0.9870165556089854,0.8882843894899536,0.9350514122087726,14368,1807,189
Varecia_variegata,Gorilla_gorilla,same-order,6,2,1,655,110,545,16944,76.08935947408226,0.981612128489943,0.8114026924747193,0.8884284889447406,13079,3040,245
Varecia_variegata,Gorilla_gorilla,same-order,6,2,2,655,249,406,16925,79.33990320135285,0.9838033261026753,0.842998760842627,0.9079746413079746,13606,2534,224
Varecia_variegata,Gorilla_gorilla,same-order,6,2,3,655,326,329,16932,81.89040775791564,0.9869050971557308,0.866485350475955,0.9227832269106708,14018,2160,186
Varecia_variegata,Gorilla_gorilla,same-order,6,2,4,655,375,280,16932,82.99252161720028,0.9872124539578845,0.8779357231149567,0.9293728941084104,14205,1975,184
Varecia_variegata,Gorilla_gorilla,same-order,6,2,5,655,395,260,16926,83.88379026129654,0.9875438717225242,0.8867329914107397,0.9344272969981114,14350,1833,181
Varecia_variegata,Gorilla_gorilla,same-order,6,2,6,655,412,243,16932,84.5326474542585,0.9880431811970484,0.8932608561368831,0.938264395782644,14461,1728,175
Varecia_variegata,Gorilla_gorilla,same-order,7,0,1,764,151,613,16936,76.80442374854482,0.9818438871939876,0.8185483870967742,0.8927906898068271,13195,2925,244
Varecia_variegata,Gorilla_gorilla,same-order,7,0,2,764,320,444,16916,80.50985882627465,0.9838882155842305,0.8551865162969389,0.9150339797778883,13801,2337,226
Varecia_variegata,Gorilla_gorilla,same-order,7,0,3,764,417,347,16913,82.89849997081656,0.9847465853151217,0.8797695738354807,0.9293028429351915,14203,1941,220
Varecia_variegata,Gorilla_gorilla,same-order,7,0,4,764,474,290,16900,84.10712197403812,0.9861511037981626,0.8899888627645094,0.9356055678418109,14384,1778,202
Varecia_variegata,Gorilla_gorilla,same-order,7,0,5,764,495,269,16909,84.79303086997194,0.986732888828412,0.896963324880945,0.9397090744160431,14503,1666,195
Varecia_variegata,Gorilla_gorilla,same-order,7,0,6,764,509,255,16916,85.50953550953551,0.9879689084150051,0.9030643766217719,0.9436106000451889,14617,1569,178
Varecia_variegata,Gorilla_gorilla,same-order,7,1,1,764,140,624,16937,76.55140295727092,0.9820028377268315,0.8156050362835701,0.8911025276140138,13150,2973,241
Varecia_variegata,Gorilla_gorilla,same-order,7,1,2,764,298,466,16923,80.20900227684045,0.9852276801721047,0.8502908775838594,0.9127993887652393,13739,2419,206
Varecia_variegata,Gorilla_gorilla,same-order,7,1,3,764,366,398,16922,82.34915809167447,0.9872432887082078,0.8704115684093437,0.9251535354198824,14085,2097,182
Varecia_variegata,Gorilla_gorilla,same-order,7,1,4,764,427,337,16917,83.43278343278344,0.9877415333471847,0.8810774077963798,0.9313655064324431,14262,1925,177
Varecia_variegata,Gorilla_gorilla,same-order,7,1,5,764,458,306,16911,84.04541730071404,0.9879600963192294,0.8870220520106245,0.9347741179533914,14360,1829,175
Varecia_variegata,Gorilla_gorilla,same-order,7,1,6,764,478,286,16915,84.55370207784607,0.9883689107827038,0.8920587872051378,0.9377474845829276,14446,1748,170
Varecia_variegata,Gorilla_gorilla,same-order,7,2,1,764,150,614,16938,76.8120160679979,0.9822079952356138,0.8182325581395349,0.8927532309357873,13194,2931,239
Varecia_variegata,Gorilla_gorilla,same-order,7,2,2,764,334,430,16928,80.77147525676938,0.9851946757776354,0.8567095815795989,0.9164707829829498,13841,2315,208
Varecia_variegata,Gorilla_gorilla,same-order,7,2,3,764,434,330,16920,83.53979198317167,0.9866123800979919,0.8841682127396413,0.9325853690355826,14297,1873,194
Varecia_variegata,Gorilla_gorilla,same-order,7,2,4,764,493,271,16915,84.62528520446966,0.9878440210339411,0.8936735450389225,0.9384021538162121,14465,1721,178
Varecia_variegata,Gorilla_gorilla,same-order,7,2,5,764,511,253,16915,85.24954654496518,0.9880645598806456,0.9000494193229552,0.942005560224995,14570,1618,176
Varecia_variegata,Gorilla_gorilla,same-order,7,2,6,764,529,235,16914,85.81879901673885,0.9884057971014493,0.9055706521739131,0.945176781512876,14663,1529,172
Varecia_variegata,Gorilla_gorilla,same-order,8,0,1,873,169,704,16948,77.06454053424896,0.9825628849150404,0.821005642011284,0.8945484023508747,13242,2887,235
Varecia_variegata,Gorilla_gorilla,same-order,8,0,2,873,384,489,16932,81.14275709116377,0.9856788372917406,0.8602276945922535,0.9186903227938018,13903,2259,202
Varecia_variegata,Gorilla_gorilla,same-order,8,0,3,873,487,386,16930,83.89340190520717,0.9875481563015961,0.8870419576098375,0.934600735701032,14355,1828,181
Varecia_variegata,Gorilla_gorilla,same-order,8,0,4,873,551,322,16927,85.13797942001871,0.9879910441685325,0.8996107987891517,0.9417318760913147,14562,1625,177
Varecia_variegata,Gorilla_gorilla,same-order,8,0,5,873,592,281,16924,86.11468695143358,0.9888463347443391,0.9085689591307569,0.9470094269811139,14717,1481,166
Varecia_variegata,Gorilla_gorilla,same-order,8,0,6,873,633,240,16915,86.72794332884492,0.9889185580774366,0.9145573527595999,0.9502854576945282,14814,1384,166
Varecia_variegata,Gorilla_gorilla,same-order,8,1,1,873,155,718,16953,76.05584642233858,0.9821951769213433,0.8106901469585168,0.8882396901963449,13074,3053,237
Varecia_variegata,Gorilla_gorilla,same-order,8,1,2,873,322,551,16928,78.77127535556073,0.9834085285984573,0.8375061973227566,0.9046120891625945,13514,2622,228
Varecia_variegata,Gorilla_gorilla,same-order,8,1,3,873,404,469,16926,80.60241667153115,0.9853707271819026,0.8545083235348722,0.915285695346679,13808,2351,205
Varecia_variegata,Gorilla_gorilla,same-order,8,1,4,873,439,434,16924,81.32554744525548,0.9857729331823329,0.8616593454185485,0.9195470601828926,13927,2236,201
Varecia_variegata,Gorilla_gorilla,same-order,8,1,5,873,451,422,16919,81.6986973538174,0.9859015931199775,0.8652561247216035,0.9216474464579901,13986,2178,200
Varecia_variegata,Gorilla_gorilla,same-order,8,1,6,873,463,410,16919,82.09277868660902,0.9861734980348119,0.8691161006989546,0.9239519973697189,14051,2116,197
Varecia_variegata,Saimiri_boliviensis,same-order,1,0,1,110,21,89,16956,72.89611143354614,0.9786504597163783,0.775452244242761,0.8652819399951774,12560,3637,274
Varecia_variegata,Saimiri_boliviensis,same-order,1,0,2,110,28,82,16956,73.39641260811517,0.9790166473093302,0.7804938271604939,0.8685557272883394,12644,3556,271
Varecia_variegata,Saimiri_boliviensis,same-order,1,0,3,110,29,81,16951,73.55981416957027,0.9792053184910328,0.7818170596222689,0.869448829706912,12667,3535,269
Varecia_variegata,Saimiri_boliviensis,same-order,1,0,4,110,30,80,16950,73.57570126023579,0.9792085330035554,0.7819405011726948,0.8695264241592313,12669,3533,269
Varecia_variegata,Saimiri_boliviensis,same-order,1,0,5,110,30,80,16950,73.57570126023579,0.9792085330035554,0.7819405011726948,0.8695264241592313,12669,3533,269
Varecia_variegata,Gorilla_gorilla,same-order,8,2,1,873,171,702,16948,76.60713246843912,0.9820269967931986,0.8167214538237301,0.8917784098604903,13168,2955,241
Varecia_variegata,Gorilla_gorilla,same-order,8,2,2,873,364,509,16933,80.37694013303769,0.9853361945636624,0.8524661179528437,0.9140980125418894,13775,2384,205
Varecia_variegata,Gorilla_gorilla,same-order,8,2,3,873,469,404,16931,82.67320948708961,0.9869586442569217,0.8748222785436113,0.9275134355747804,14152,2025,187
Varecia_variegata,Gorilla_gorilla,same-order,8,2,4,873,525,348,16932,83.69565217391305,0.9875879189077369,0.8849480968858131,0.9334549957635404,14322,1862,180
Varecia_variegata,Gorilla_gorilla,same-order,8,2,5,873,551,322,16921,84.40753304480056,0.9878841809843247,0.891579662692284,0.9372645798155606,14432,1755,177
Varecia_variegata,Gorilla_gorilla,same-order,8,2,6,873,579,294,16924,84.98800678640379,0.9885002721829069,0.897005248533498,0.9405328412806319,14527,1668,169
Varecia_variegata,Saimiri_boliviensis,same-order,1,1,1,110,15,95,16954,72.5705329153605,0.9787050810302983,0.7717143033520588,0.862971144553362,12501,3698,272
Varecia_variegata,Saimiri_boliviensis,same-order,1,1,2,110,24,86,16951,73.05302282362507,0.9791390986222465,0.776337715237919,0.8660240963855422,12579,3624,268
Varecia_variegata,Saimiri_boliviensis,same-order,1,1,3,110,25,85,16951,73.19240374005459,0.9791779970476264,0.7778189224217738,0.8669601705991608,12603,3600,268
Varecia_variegata,Saimiri_boliviensis,same-order,1,1,4,110,25,85,16951,73.19240374005459,0.9791779970476264,0.7778189224217738,0.8669601705991608,12603,3600,268
Varecia_variegata,Saimiri_boliviensis,same-order,1,2,1,110,26,84,16954,72.95524467405816,0.9787399735223113,0.7758982590443264,0.8655945452667102,12568,3630,273
Varecia_variegata,Saimiri_boliviensis,same-order,1,2,2,110,39,71,16949,74.15625907638687,0.9795887047268262,0.787781548904659,0.8732770120053357,12766,3439,266
Varecia_variegata,Saimiri_boliviensis,same-order,1,2,3,110,45,65,16947,74.59478301283913,0.9797039523882192,0.7923480407281703,0.8761215925761661,12840,3365,266
Varecia_variegata,Saimiri_boliviensis,same-order,1,2,4,110,46,64,16947,74.62964038807878,0.9797132397803539,0.7927182968219685,0.876351604870894,12846,3359,266
Varecia_variegata,Saimiri_boliviensis,same-order,1,2,5,110,47,63,16947,74.76906988903735,0.9797503045066992,0.7941993211971614,0.8772707133362871,12870,3335,266
Varecia_variegata,Saimiri_boliviensis,same-order,1,2,6,110,47,63,16947,74.76906988903735,0.9797503045066992,0.7941993211971614,0.8772707133362871,12870,3335,266
Varecia_variegata,Saimiri_boliviensis,same-order,2,0,1,220,35,185,16950,73.95016553406516,0.979459958458343,0.7857319180449271,0.8719652090538643,12732,3472,267
Varecia_variegata,Saimiri_boliviensis,same-order,2,0,2,220,66,154,16949,75.51435545739858,0.9806037735849057,0.8013445170840015,0.8819576432256313,12993,3221,257
Varecia_variegata,Saimiri_boliviensis,same-order,2,0,3,220,79,141,16948,76.72634271099744,0.9809750297265161,0.8140610545790934,0.8897576758451012,13200,3015,256
Varecia_variegata,Saimiri_boliviensis,same-order,2,0,4,220,86,134,16948,77.02859800046501,0.9810482676932188,0.8172679617637989,0.8917000302795814,13252,2963,256
Varecia_variegata,Saimiri_boliviensis,same-order,2,0,5,220,88,132,16948,77.07509881422925,0.9810594850547499,0.8177613320999075,0.8919982509838217,13260,2955,256
Varecia_variegata,Saimiri_boliviensis,same-order,2,0,6,220,88,132,16948,77.07509881422925,0.9810594850547499,0.8177613320999075,0.8919982509838217,13260,2955,256
Varecia_variegata,Saimiri_boliviensis,same-order,2,1,1,220,30,190,16948,73.86733271375465,0.9793608009241432,0.7848546565450842,0.871385500890777,12717,3486,268
Varecia_variegata,Saimiri_boliviensis,same-order,2,1,2,220,61,159,16953,75.52431301922965,0.9803921568627451,0.8019246190858059,0.882223202470225,13000,3211,260
Varecia_variegata,Saimiri_boliviensis,same-order,2,1,3,220,71,149,16949,76.12295891684583,0.9805389221556886,0.8080932700018506,0.8860031787900308,13100,3111,260
Varecia_variegata,Saimiri_boliviensis,same-order,2,1,4,220,73,147,16949,76.28734162501453,0.980796532914892,0.8095473047983225,0.8869817886948003,13126,3088,257
Varecia_variegata,Saimiri_boliviensis,same-order,2,1,5,220,74,146,16949,76.33383703359293,0.9808080053767456,0.8100407055630936,0.8872825536226988,13134,3080,257
Varecia_variegata,Saimiri_boliviensis,same-order,2,1,6,220,74,146,16949,76.33383703359293,0.9808080053767456,0.8100407055630936,0.8872825536226988,13134,3080,257
Varecia_variegata,Saimiri_boliviensis,same-order,2,2,1,220,36,184,16947,73.49285631316064,0.9790328820116054,0.7811111111111111,0.8689442060085837,12654,3546,271
Varecia_variegata,Saimiri_boliviensis,same-order,2,2,2,220,58,162,16941,74.91137327831696,0.9797810884767406,0.7954335081764887,0.8780354892544532,12890,3315,266
Varecia_variegata,Saimiri_boliviensis,same-order,2,2,3,220,77,143,16936,75.89135113127436,0.980683953400977,0.8047366473418034,0.8840407872895423,13048,3166,257
Varecia_variegata,Saimiri_boliviensis,same-order,2,2,4,220,80,140,16936,75.95533065782585,0.9806999098828477,0.8054150733933637,0.8844564849305789,13059,3155,257
Varecia_variegata,Saimiri_boliviensis,same-order,2,2,5,220,80,140,16936,75.95533065782585,0.9806999098828477,0.8054150733933637,0.8844564849305789,13059,3155,257
Varecia_variegata,Saimiri_boliviensis,same-order,3,0,1,330,46,284,16946,74.05728894311777,0.9796326185535317,0.786498827594718,0.8725057329636855,12746,3460,265
Varecia_variegata,Saimiri_boliviensis,same-order,3,0,2,330,91,239,16953,76.26517924583115,0.9807232516437537,0.8095972367852957,0.8869817886948,13126,3087,258
Varecia_variegata,Saimiri_boliviensis,same-order,3,0,3,330,120,210,16937,77.46626337831549,0.9812127016871731,0.821287617168229,0.8941555607774683,13318,2898,255
Varecia_variegata,Saimiri_boliviensis,same-order,3,0,4,330,128,202,16935,77.85340314136126,0.9813022437307523,0.8252960039467193,0.8965632746030683,13383,2833,255
Varecia_variegata,Saimiri_boliviensis,same-order,3,0,5,330,136,194,16933,78.24467465952742,0.9818155261812604,0.8287510787819011,0.8988133043623601,13444,2778,249
Varecia_variegata,Saimiri_boliviensis,same-order,3,0,6,330,139,191,16929,78.36767959017348,0.9818393990226825,0.8298606830230552,0.8994754952727759,13462,2760,249
Varecia_variegata,Saimiri_boliviensis,same-order,3,1,1,330,49,281,16946,74.98401998954036,0.9800258221310852,0.7961500493583415,0.8785702127659575,12904,3304,263
Varecia_variegata,Saimiri_boliviensis,same-order,3,1,2,330,110,220,16948,77.25978027088298,0.9811752546877307,0.8196225949679329,0.8931523419125058,13291,2925,255
Varecia_variegata,Saimiri_boliviensis,same-order,3,1,3,330,130,200,16953,78.3749200255918,0.982500911410864,0.8302014663298626,0.8999532491818607,13475,2756,240
Varecia_variegata,Saimiri_boliviensis,same-order,3,1,4,330,146,184,16953,78.95624854549686,0.9829784151818051,0.8358585858585859,0.9034684774648825,13571,2665,235
Varecia_variegata,Saimiri_boliviensis,same-order,3,1,5,330,151,179,16950,79.22025021821356,0.9830312657953643,0.8385070214338507,0.9050357320924048,13614,2622,235
Varecia_variegata,Saimiri_boliviensis,same-order,3,1,6,330,152,178,16949,79.3223891023402,0.9834716708769398,0.8389360916143332,0.9054723062099214,13626,2616,229
Varecia_variegata,Saimiri_boliviensis,same-order,3,2,1,330,63,267,16944,75.10026155187445,0.9802002730996814,0.7971005552128316,0.8792188350571584,12921,3289,261
Varecia_variegata,Saimiri_boliviensis,same-order,3,2,2,330,127,203,16951,78.05715616087538,0.9831390660508761,0.8257496459577612,0.8975972157151462,13411,2830,230
Varecia_variegata,Saimiri_boliviensis,same-order,3,2,3,330,152,178,16939,79.20670976760441,0.9833682840407839,0.8373252878517332,0.9044895244429664,13599,2642,230
Varecia_variegata,Saimiri_boliviensis,same-order,3,2,4,330,161,169,16937,79.87883024583479,0.983573631733735,0.8442310060337397,0.9085909286684557,13712,2530,229
Varecia_variegata,Saimiri_boliviensis,same-order,3,2,5,330,163,167,16935,79.96970403169425,0.9835901110713006,0.8450929688462012,0.909096930158625,13726,2516,229
Varecia_variegata,Saimiri_boliviensis,same-order,3,2,6,330,166,164,16933,80.14105852179995,0.9840395075866017,0.8461964549483013,0.9099272005294508,13749,2499,223
Varecia_variegata,Saimiri_boliviensis,same-order,4,0,1,440,75,365,16940,75.19614110536409,0.9797819173103135,0.7985065415946679,0.8799047942876573,12939,3265,267
Varecia_variegata,Saimiri_boliviensis,same-order,4,0,2,440,164,276,16936,78.34613594040968,0.9819123331631536,0.8298711705603156,0.8995122603060065,13463,2760,248
Varecia_variegata,Saimiri_boliviensis,same-order,4,0,3,440,194,246,16921,79.67266585124352,0.9821928627845192,0.8431856006903778,0.907396351575456,13679,2544,248
Varecia_variegata,Saimiri_boliviensis,same-order,4,0,4,440,215,225,16919,80.55345179143606,0.9825197186101045,0.8522033898305085,0.9127335137632848,13827,2398,246
Varecia_variegata,Saimiri_boliviensis,same-order,4,0,5,440,226,214,16914,81.46808262340997,0.9842097842943748,0.8593586508278451,0.9175565997436993,13962,2285,224
Varecia_variegata,Saimiri_boliviensis,same-order,4,0,6,440,233,207,16918,81.78636018902047,0.9843420867855638,0.8628138847858198,0.9195801902263036,14019,2229,223
Varecia_variegata,Saimiri_boliviensis,same-order,4,1,1,440,68,372,16935,74.95784638641781,0.979933110367893,0.7954587523909422,0.8781119095460272,12892,3315,264
Varecia_variegata,Saimiri_boliviensis,same-order,4,1,2,440,148,292,16931,78.22012688434899,0.9817371612243407,0.8284939276246841,0.8986292209963223,13439,2782,250
Varecia_variegata,Saimiri_boliviensis,same-order,4,1,3,440,203,237,16930,80.75265058837236,0.9832600368846645,0.8538343085925469,0.9139880658029209,13862,2373,236
Varecia_variegata,Saimiri_boliviensis,same-order,4,1,4,440,227,213,16922,81.8213619402985,0.9838754907459338,0.8641093528723601,0.9201114571381741,14034,2207,230
Varecia_variegata,Saimiri_boliviensis,same-order,4,1,5,440,235,205,16924,82.27028917910448,0.9840993095752842,0.8687434587206797,0.9228304231247139,14111,2132,228
Varecia_variegata,Saimiri_boliviensis,same-order,4,1,6,440,244,196,16924,82.60844216417911,0.9841633673682018,0.8723142276673028,0.9248694516971279,14169,2074,228
Varecia_variegata,Saimiri_boliviensis,same-order,4,2,1,440,73,367,16946,75.16852626685262,0.9801470031067667,0.79801344931828,0.8797524314765693,12935,3274,262
Varecia_variegata,Saimiri_boliviensis,same-order,4,2,2,440,154,286,16950,78.38325094504216,0.982146760912337,0.8306421792185381,0.9000634411833449,13478,2748,245
Varecia_variegata,Saimiri_boliviensis,same-order,4,2,3,440,209,231,16943,80.39923179887097,0.9829242262540021,0.8511490357956996,0.9123027141253384,13815,2416,240
Varecia_variegata,Saimiri_boliviensis,same-order,4,2,4,440,232,208,16946,81.69325724933039,0.9840089774161874,0.8637566951917749,0.9199698370545227,14030,2213,228
Varecia_variegata,Saimiri_boliviensis,same-order,4,2,5,440,244,196,16944,82.26661231145536,0.9841844910471679,0.869613395715341,0.9233584991992679,14126,2118,227
Varecia_variegata,Saimiri_boliviensis,same-order,4,2,6,440,252,188,16943,82.6662005476898,0.9847307051637979,0.8730539659097901,0.9255357317590268,14188,2063,220
Varecia_variegata,Saimiri_boliviensis,same-order,5,0,1,550,84,466,16942,75.50569634968612,0.9802293993359493,0.8014066259485471,0.8818437934896981,12990,3219,262
Varecia_variegata,Saimiri_boliviensis,same-order,5,0,2,550,194,356,16937,79.0337601862631,0.9824180594747124,0.8367019965491743,0.9037239176012514,13578,2650,243
Varecia_variegata,Saimiri_boliviensis,same-order,5,0,3,550,263,287,16927,81.13570180547467,0.9828559333991816,0.8584545230465861,0.9164528649430959,13931,2297,243
Varecia_variegata,Saimiri_boliviensis,same-order,5,0,4,550,291,259,16933,82.01036631529905,0.9833798882681565,0.8674921456292737,0.9218080057604818,14082,2151,238
Varecia_variegata,Saimiri_boliviensis,same-order,5,0,5,550,305,245,16929,82.75741506905192,0.9839268394069558,0.8745612414557546,0.9260261467740357,14202,2037,232
Varecia_variegata,Saimiri_boliviensis,same-order,5,0,6,550,311,239,16929,82.96719305401783,0.9839668279198341,0.8767781267319417,0.9272851607020743,14238,2001,232
Varecia_variegata,Saimiri_boliviensis,same-order,5,1,1,550,90,460,16929,76.0877152163797,0.9802907673860911,0.8070705824284304,0.8852869518137519,13081,3127,263
Varecia_variegata,Saimiri_boliviensis,same-order,5,1,2,550,209,341,16934,79.979035639413,0.9829659318637275,0.8460543337645536,0.909385863267671,13734,2499,238
Varecia_variegata,Saimiri_boliviensis,same-order,5,1,3,550,272,278,16927,82.05038488453464,0.9845357217829404,0.8658461538461538,0.9213843685537474,14070,2180,221
Varecia_variegata,Saimiri_boliviensis,same-order,5,1,4,550,299,251,16922,82.97350916092893,0.9850374064837906,0.8748077514610889,0.9266560229383207,14220,2035,216
Varecia_variegata,Saimiri_boliviensis,same-order,5,1,5,550,317,233,16924,83.41890315052508,0.9851178172798677,0.87960627499231,0.9293769703272774,14298,1957,216
Varecia_variegata,Saimiri_boliviensis,same-order,5,1,6,550,328,222,16924,83.68442551204996,0.9853648481517109,0.882088817812769,0.9308710891860315,14341,1917,213
Varecia_variegata,Saimiri_boliviensis,same-order,5,2,1,550,102,448,16935,75.8329941268826,0.9803051943170713,0.8045530260966129,0.8837760910815938,13041,3168,262
Varecia_variegata,Saimiri_boliviensis,same-order,5,2,2,550,234,316,16939,79.97786966396832,0.9833870390261368,0.8456801527187635,0.9093497549993379,13733,2506,232
Varecia_variegata,Saimiri_boliviensis,same-order,5,2,3,550,297,253,16923,82.32105385870832,0.9837698523265533,0.8697499692080305,0.9232529254102112,14123,2115,233
Varecia_variegata,Saimiri_boliviensis,same-order,5,2,4,550,328,222,16921,83.46750670866876,0.9847890426044463,0.8804923076923077,0.9297248123720719,14308,1942,221
Varecia_variegata,Saimiri_boliviensis,same-order,5,2,5,550,340,210,16921,83.88752770971882,0.9848640504075064,0.8849230769230769,0.9322226183916242,14380,1870,221
Varecia_variegata,Saimiri_boliviensis,same-order,5,2,6,550,346,204,16919,84.27996030587823,0.9855290102389078,0.8880004920351805,0.9342262771361092,14438,1821,212
Varecia_variegata,Saimiri_boliviensis,same-order,6,0,1,659,98,561,16934,75.88413215449046,0.9806073361395069,0.8046629248134213,0.8839651726123927,13046,3167,258
Varecia_variegata,Saimiri_boliviensis,same-order,6,0,2,659,235,424,16937,80.11181643468639,0.9832737669764117,0.8472008375931515,0.9101796407185628,13756,2481,234
Varecia_variegata,Saimiri_boliviensis,same-order,6,0,3,659,330,329,16930,82.42424242424242,0.9839988868790872,0.870882334831599,0.9239915074309979,14144,2097,230
Varecia_variegata,Saimiri_boliviensis,same-order,6,0,4,659,366,293,16921,83.40040828229805,0.9845761894925291,0.8801009417123161,0.9294117647058825,14299,1948,224
Varecia_variegata,Saimiri_boliviensis,same-order,6,0,5,659,386,273,16921,83.94399066511085,0.9850071883343602,0.88530642382476,0.932499432904501,14388,1864,219
Varecia_variegata,Saimiri_boliviensis,same-order,6,0,6,659,394,265,16921,84.26520368857243,0.9854617432257183,0.8880551113298069,0.9342262771361093,14438,1820,213
Varecia_variegata,Saimiri_boliviensis,same-order,6,1,1,659,111,548,16930,75.99906928043744,0.980414227825304,0.8059839605181986,0.8846830985915493,13065,3145,261
Varecia_variegata,Saimiri_boliviensis,same-order,6,1,2,659,248,411,16934,79.28384279475982,0.9826093231346514,0.8390018484288355,0.9051449082690775,13617,2613,241
Varecia_variegata,Saimiri_boliviensis,same-order,6,1,3,659,317,342,16924,80.96403800198169,0.9835032568677429,0.8554624953812046,0.9150253606481785,13891,2347,233
Varecia_variegata,Saimiri_boliviensis,same-order,6,1,4,659,350,309,16918,81.99685076106607,0.983973686052208,0.8656569388006403,0.9210310831613769,14060,2182,229
Varecia_variegata,Saimiri_boliviensis,same-order,6,1,5,659,374,285,16918,82.98617188867495,0.9846995292162836,0.8752615384615384,0.9267609304750114,14223,2027,221
Varecia_variegata,Saimiri_boliviensis,same-order,6,1,6,659,383,276,16918,83.41796533006479,0.9851795684841801,0.8791830708661418,0.9291681565517018,14292,1964,215
Varecia_variegata,Saimiri_boliviensis,same-order,6,2,1,659,105,554,16932,75.91139019710448,0.9799594685881559,0.8057269809923475,0.8843431435635182,13056,3148,267
Varecia_variegata,Saimiri_boliviensis,same-order,6,2,2,659,256,403,16929,79.68649845580094,0.9833177536492413,0.84210850421824,0.9072513766337159,13675,2564,232
Varecia_variegata,Saimiri_boliviensis,same-order,6,2,3,659,326,333,16919,81.82083284731132,0.9840768799102132,0.8636419601083477,0.9199344262295082,14029,2215,227
Varecia_variegata,Saimiri_boliviensis,same-order,6,2,4,659,359,300,16917,82.60032664489034,0.9842229635807618,0.8717680374292046,0.9245886654478978,14161,2083,227
Varecia_variegata,Saimiri_boliviensis,same-order,6,2,5,659,378,281,16917,83.06785693447692,0.9846462410955115,0.8761769955074158,0.9272502279536277,14237,2012,222
Varecia_variegata,Saimiri_boliviensis,same-order,6,2,6,659,388,271,16917,83.28957348736799,0.9846864868593502,0.8785156009600591,0.9285760749365771,14275,1974,222
Varecia_variegata,Saimiri_boliviensis,same-order,7,0,1,769,122,647,16935,75.67740434934295,0.9801928001205,0.8029985192497532,0.8827918334124669,13015,3193,263
Varecia_variegata,Saimiri_boliviensis,same-order,7,0,2,769,294,475,16941,79.97086247086247,0.9842920671352747,0.84438838296825,0.9089885407696893,13723,2529,219
Varecia_variegata,Saimiri_boliviensis,same-order,7,0,3,769,410,359,16927,82.657644519629,0.9849854024746281,0.8717317748385113,0.9249045396690708,14170,2085,216
Varecia_variegata,Saimiri_boliviensis,same-order,7,0,4,769,456,313,16922,83.37028824833703,0.9851075565361279,0.8789910796677946,0.9290289021099516,14288,1967,216
Varecia_variegata,Saimiri_boliviensis,same-order,7,0,5,769,480,289,16920,84.03199439514246,0.9857544003835353,0.88501506487118,0.9326723691031623,14393,1870,208
Varecia_variegata,Saimiri_boliviensis,same-order,7,0,6,769,490,279,16919,84.323914058851,0.9857357357357357,0.8881441397122125,0.9343986543313709,14443,1819,209
Varecia_variegata,Saimiri_boliviensis,same-order,7,1,1,769,157,612,16932,76.99511400651465,0.9807364599540639,0.8165443217568318,0.8911404335532516,13237,2974,260
Varecia_variegata,Saimiri_boliviensis,same-order,7,1,2,769,343,426,16925,81.31304297125531,0.9840530623765171,0.8584795321637427,0.9169872110990565,13946,2299,226
Varecia_variegata,Saimiri_boliviensis,same-order,7,1,3,769,433,336,16930,83.46750670866876,0.9853994490358127,0.8800049203518051,0.9297248123720718,14308,1951,212
Varecia_variegata,Saimiri_boliviensis,same-order,7,1,4,769,472,297,16924,84.19731465265616,0.9859183812974229,0.8867506916692284,0.9337088107723182,14423,1842,206
Varecia_variegata,Saimiri_boliviensis,same-order,7,1,5,769,484,285,16923,84.51567700122614,0.9861025955446556,0.8898383229851847,0.9355005493440186,14475,1792,204
Varecia_variegata,Saimiri_boliviensis,same-order,7,1,6,769,489,280,16924,84.78743284279373,0.9864121203886134,0.8923237662098211,0.9370119393352695,14519,1752,200
Varecia_variegata,Saimiri_boliviensis,same-order,7,2,1,769,126,643,16935,76.54313805340625,0.981060323614943,0.8113091200591971,0.8881463480491427,13157,3060,254
Varecia_variegata,Saimiri_boliviensis,same-order,7,2,2,769,338,431,16932,81.18223154949283,0.9843087362171332,0.8570373561449935,0.916274632365036,13926,2323,222
Varecia_variegata,Saimiri_boliviensis,same-order,7,2,3,769,439,330,16921,83.09514087382605,0.9846547314578005,0.876669333497446,0.9275296262534184,14245,2004,222
Varecia_variegata,Saimiri_boliviensis,same-order,7,2,4,769,462,307,16921,83.76028476396102,0.9851750171585449,0.883051368809597,0.9313219789132198,14354,1901,216
Varecia_variegata,Saimiri_boliviensis,same-order,7,2,5,769,485,284,16919,84.31441252043915,0.9860001365840333,0.8876183450141399,0.9342262771361092,14438,1828,205
Varecia_variegata,Saimiri_boliviensis,same-order,7,2,6,769,488,281,16919,84.3728100911002,0.9860096908482905,0.8882331243083733,0.9345709757754133,14448,1818,205
Varecia_variegata,Saimiri_boliviensis,same-order,8,0,1,879,145,734,16941,75.97372398558308,0.9804201050262565,0.8062307217766811,0.8848341232227489,13069,3141,261
Varecia_variegata,Saimiri_boliviensis,same-order,8,0,2,879,349,530,16942,80.84697384516805,0.9840470788428815,0.854302597562477,0.9145963756177924,13879,2367,225
Varecia_variegata,Saimiri_boliviensis,same-order,8,0,3,879,480,399,16927,83.59192720485301,0.9850838603244432,0.8816906607604282,0.9305239919485747,14331,1923,217
Varecia_variegata,Saimiri_boliviensis,same-order,8,0,4,879,532,347,16917,84.88528226983479,0.9856290672451193,0.8942739405867519,0.9377317725968204,14540,1719,212
Varecia_variegata,Saimiri_boliviensis,same-order,8,0,5,879,566,313,16918,85.6608842941417,0.986347434259197,0.9015244652077699,0.9420303818608088,14666,1602,203
Varecia_variegata,Saimiri_boliviensis,same-order,8,0,6,879,583,296,16918,86.21515806696664,0.9869556492073048,0.9064880806094864,0.9450120096076862,14754,1522,195
Varecia_variegata,Saimiri_boliviensis,same-order,8,1,1,879,154,725,16935,76.48563786486801,0.9803980025340985,0.8115745310957552,0.8880337552742616,13154,3054,263
Varecia_variegata,Saimiri_boliviensis,same-order,8,1,2,879,393,486,16931,81.35346234553509,0.9841348187843746,0.8591037793918503,0.9173787301169976,13957,2289,225
Varecia_variegata,Saimiri_boliviensis,same-order,8,1,3,879,518,361,16928,83.88564760793466,0.9854694996572996,0.884310228181315,0.9321533923303835,14378,1881,212
Varecia_variegata,Saimiri_boliviensis,same-order,8,1,4,879,561,318,16923,84.90544011207098,0.985835310064385,0.8944779239945886,0.9379372602121417,14546,1716,209
Varecia_variegata,Saimiri_boliviensis,same-order,8,1,5,879,598,281,16922,85.40742470231146,0.9858509634820105,0.899821659184552,0.940873870687715,14632,1629,210
Varecia_variegata,Saimiri_boliviensis,same-order,8,1,6,879,619,260,16921,86.1357793877074,0.9869460436470746,0.9058122388793315,0.944640225539822,14743,1533,195
Varecia_variegata,Saimiri_boliviensis,same-order,8,2,1,879,145,734,16932,76.86133085155886,0.980703577259908,0.8151255320461415,0.8902812868452079,13214,2997,260
Varecia_variegata,Saimiri_boliviensis,same-order,8,2,2,879,367,512,16937,81.37094893914666,0.9845546230340645,0.8589712035441792,0.9174854589070356,13960,2292,219
Varecia_variegata,Saimiri_boliviensis,same-order,8,2,3,879,507,372,16923,83.93815635939323,0.9851410572445906,0.8851359665313153,0.932464838939659,14387,1867,217
Varecia_variegata,Saimiri_boliviensis,same-order,8,2,4,879,565,314,16924,84.90367775831874,0.9860338983050847,0.8941899784814018,0.9378687731742704,14544,1721,206
Varecia_variegata,Saimiri_boliviensis,same-order,8,2,5,879,588,291,16919,85.67089199135464,0.9865464819050181,0.9013582447298876,0.9420303818608087,14666,1605,200
Varecia_variegata,Saimiri_boliviensis,same-order,8,2,6,879,609,270,16919,86.11240944145828,0.9868103910016068,0.9056777682192454,0.9445049663569369,14739,1535,197
Varecia_variegata,Saimiri_sciureus,same-order,1,0,1,110,17,93,16953,72.87005911672655,0.9766195432654964,0.7774067890929327,0.8657004165662547,12573,3600,301
Varecia_variegata,Saimiri_sciureus,same-order,1,0,2,110,29,81,16962,73.63051417309141,0.9777538295743207,0.7848007414272474,0.8707156567041404,12702,3483,289
Varecia_variegata,Saimiri_sciureus,same-order,1,0,3,110,30,80,16962,73.7580430119993,0.9777914393299009,0.7861600247142416,0.871566545653812,12724,3461,289
Varecia_variegata,Saimiri_sciureus,same-order,1,0,4,110,31,79,16965,73.79862036983363,0.9780287316586003,0.7864467506795156,0.8718370142098956,12731,3457,286
Varecia_variegata,Saimiri_sciureus,same-order,1,0,5,110,31,79,16965,73.79862036983363,0.9780287316586003,0.7864467506795156,0.8718370142098956,12731,3457,286
Varecia_variegata,Saimiri_sciureus,same-order,1,1,1,110,19,91,16953,72.89491997216423,0.9773734546302776,0.7767410245319162,0.8655832529954551,12570,3613,291
Varecia_variegata,Saimiri_sciureus,same-order,1,1,2,110,29,81,16954,73.26606355833913,0.9775611265861962,0.7806475531389027,0.8680775044661262,12634,3550,290
Varecia_variegata,Saimiri_sciureus,same-order,1,1,3,110,29,81,16954,73.26606355833913,0.9775611265861962,0.7806475531389027,0.8680775044661262,12634,3550,290
Varecia_variegata,Saimiri_sciureus,same-order,1,2,1,110,19,91,16942,72.94288199478109,0.9764788076385654,0.777873971925051,0.865934671118301,12579,3592,303
Varecia_variegata,Saimiri_sciureus,same-order,1,2,2,110,27,83,16950,73.54647789253801,0.9780847287599351,0.7828906732550958,0.8696696284606676,12675,3515,284
Varecia_variegata,Saimiri_sciureus,same-order,1,2,3,110,29,81,16950,73.77277474759197,0.9781504846899522,0.7852995676343422,0.8711799369603946,12714,3476,284
Varecia_variegata,Saimiri_sciureus,same-order,1,2,4,110,30,80,16950,73.9410467680167,0.9781991248944499,0.7870907967881409,0.8723003730704727,12743,3447,284
Varecia_variegata,Saimiri_sciureus,same-order,1,2,5,110,30,80,16950,73.9410467680167,0.9781991248944499,0.7870907967881409,0.8723003730704727,12743,3447,284
Varecia_variegata,Saimiri_sciureus,same-order,2,0,1,220,48,172,16946,74.0343347639485,0.9773371104815864,0.7890344912844603,0.8731488765005644,12765,3413,296
Varecia_variegata,Saimiri_sciureus,same-order,2,0,2,220,83,137,16951,75.83845886039225,0.978806260765371,0.8072385893397567,0.8847820200379096,13070,3121,283
Varecia_variegata,Saimiri_sciureus,same-order,2,0,3,220,92,128,16951,76.45352210746199,0.9789731777992421,0.8137854363535297,0.888768971332209,13176,3015,283
Varecia_variegata,Saimiri_sciureus,same-order,2,0,4,220,96,124,16952,76.67401647905304,0.9791049199762892,0.8160820158102767,0.8901913230935058,13214,2978,282
Varecia_variegata,Saimiri_sciureus,same-order,2,0,5,220,98,122,16953,76.8989729008298,0.9793083062370677,0.8183277757194023,0.8916100383502659,13252,2942,280
Varecia_variegata,Saimiri_sciureus,same-order,2,0,6,220,98,122,16953,76.8989729008298,0.9793083062370677,0.8183277757194023,0.8916100383502659,13252,2942,280
Varecia_variegata,Saimiri_sciureus,same-order,2,1,1,220,31,189,16947,73.40524240315472,0.9770744886144346,0.7824689373802312,0.8690100233420294,12658,3519,297
Varecia_variegata,Saimiri_sciureus,same-order,2,1,2,220,60,160,16942,75.27855153203343,0.9781330116121248,0.8015323776569452,0.8810704340148068,12972,3212,290
Varecia_variegata,Saimiri_sciureus,same-order,2,1,3,220,76,144,16941,76.33809357947288,0.9787867510234463,0.8122799431712892,0.887793680799352,13150,3039,285
Varecia_variegata,Saimiri_sciureus,same-order,2,1,4,220,79,141,16941,76.51224892604203,0.9788340141106573,0.8141330533078016,0.8889188642341674,13180,3009,285
Varecia_variegata,Saimiri_sciureus,same-order,2,1,5,220,82,138,16941,76.66492480984729,0.9790894260714815,0.8154644268774703,0.8898173731383516,13204,2988,282
Varecia_variegata,Saimiri_sciureus,same-order,2,1,6,220,84,136,16941,76.78104859780527,0.9791203909373611,0.816699604743083,0.8905650212135497,13224,2968,282
Varecia_variegata,Saimiri_sciureus,same-order,2,2,1,220,27,193,16952,73.04615027829314,0.9770453664210934,0.7787736432191865,0.86671482131187,12599,3579,296
Varecia_variegata,Saimiri_sciureus,same-order,2,2,2,220,62,158,16955,75.17125275745965,0.9795007564296521,0.7991729926556811,0.8801957652176868,12949,3254,271
Varecia_variegata,Saimiri_sciureus,same-order,2,2,3,220,81,139,16955,76.25711299500638,0.9800746268656716,0.8103288702412538,0.8871550646806499,13133,3074,267
Varecia_variegata,Saimiri_sciureus,same-order,2,2,4,220,88,132,16952,76.67111911260817,0.9801767020565744,0.8145862898747455,0.8897425529047042,13202,3005,267
Varecia_variegata,Saimiri_sciureus,same-order,2,2,5,220,90,130,16952,76.72919449445381,0.9801914088582239,0.8152033072129327,0.8901165532574278,13212,2995,267
Varecia_variegata,Saimiri_sciureus,same-order,2,2,6,220,91,129,16950,76.89849514845157,0.9806609365737996,0.8163202368469746,0.8909757985795549,13235,2978,261
Varecia_variegata,Saimiri_sciureus,same-order,3,0,1,330,58,272,16945,74.04743954068317,0.9771927139139752,0.7893175074183977,0.8732644825935298,12768,3408,298
Varecia_variegata,Saimiri_sciureus,same-order,3,0,2,330,109,221,16949,76.6417000522557,0.9796645391123645,0.8148148148148148,0.8896677225854283,13200,3000,274
Varecia_variegata,Saimiri_sciureus,same-order,3,0,3,330,128,202,16946,77.49317534994482,0.9800925585837067,0.823427760291304,0.8949557284679367,13342,2861,271
Varecia_variegata,Saimiri_sciureus,same-order,3,0,4,330,134,196,16948,77.8532845443457,0.9803261903020551,0.8271521135452021,0.8972488118347948,13404,2801,269
Varecia_variegata,Saimiri_sciureus,same-order,3,0,5,330,142,188,16950,78.03008304779604,0.9803721269609631,0.8291268127121258,0.898428619190906,13436,2769,269
Varecia_variegata,Saimiri_sciureus,same-order,3,0,6,330,143,187,16950,78.03008304779604,0.9803721269609631,0.8291268127121258,0.898428619190906,13436,2769,269
Varecia_variegata,Saimiri_sciureus,same-order,3,1,1,330,55,275,16949,74.17333797424295,0.9778967495219886,0.7899907321594068,0.8739576213260424,12786,3399,289
Varecia_variegata,Saimiri_sciureus,same-order,3,1,2,330,109,221,16945,76.0232220609579,0.9790654205607476,0.8086328269729529,0.8857249146065136,13095,3099,280
Varecia_variegata,Saimiri_sciureus,same-order,3,1,3,330,122,208,16948,76.7533673943335,0.9795494961470065,0.8161501419928386,0.8904155721694618,13220,2978,276
Varecia_variegata,Saimiri_sciureus,same-order,3,1,4,330,134,196,16940,77.27695167286245,0.9796759941089838,0.8213359674033831,0.8935455705554435,13304,2894,276
Varecia_variegata,Saimiri_sciureus,same-order,3,1,5,330,142,188,16938,77.59051548788284,0.9802496328928046,0.8238815180499846,0.8952891869237216,13351,2854,269
Varecia_variegata,Saimiri_sciureus,same-order,3,1,6,330,142,188,16938,77.59051548788284,0.9802496328928046,0.8238815180499846,0.8952891869237216,13351,2854,269
Varecia_variegata,Saimiri_sciureus,same-order,3,2,1,330,51,279,16948,74.55041188072862,0.9779316642569059,0.7940558576371726,0.8764535379369139,12851,3333,290
Varecia_variegata,Saimiri_sciureus,same-order,3,2,2,330,120,210,16933,78.21690108101825,0.9801179812103998,0.8306894636133572,0.8992382734197515,13458,2743,273
Varecia_variegata,Saimiri_sciureus,same-order,3,2,3,330,163,167,16937,80.16509708173469,0.9811454998221274,0.8507619223887963,0.9113137721385145,13790,2419,265
Varecia_variegata,Saimiri_sciureus,same-order,3,2,4,330,181,149,16928,81.08485624490746,0.9820950232623713,0.8589395807644883,0.9163980793264487,13932,2288,254
Varecia_variegata,Saimiri_sciureus,same-order,3,2,5,330,186,144,16926,81.49592549476135,0.9821816906348649,0.863193588162762,0.9188515176374077,14001,2219,254
Varecia_variegata,Saimiri_sciureus,same-order,3,2,6,330,192,138,16926,82.07712022367195,0.9831158864159631,0.8681000492853622,0.922035007361361,14091,2141,242
Varecia_variegata,Saimiri_sciureus,same-order,4,0,1,440,70,370,16947,74.70410768159665,0.9780478541587543,0.7955514365152919,0.8774105621805792,12876,3309,289
Varecia_variegata,Saimiri_sciureus,same-order,4,0,2,440,146,294,16937,78.29119442022667,0.9804920658028825,0.8311736393928175,0.8996794015495592,13470,2736,268
Varecia_variegata,Saimiri_sciureus,same-order,4,0,3,440,188,252,16929,80.124476500698,0.981265137483972,0.8497316636851521,0.9107739098813183,13775,2436,263
Varecia_variegata,Saimiri_sciureus,same-order,4,0,4,440,208,232,16925,81.07793492811827,0.9819540391935712,0.8589221852262918,0.916326799105381,13930,2288,256
Varecia_variegata,Saimiri_sciureus,same-order,4,0,5,440,218,222,16922,81.56883298392732,0.9824647541558532,0.8633505917159763,0.9190643351596076,14007,2217,250
Varecia_variegata,Saimiri_sciureus,same-order,4,0,6,440,228,212,16922,81.87536400698893,0.9826646162449322,0.8663872796745963,0.9208699069828375,14058,2168,248
Varecia_variegata,Saimiri_sciureus,same-order,4,1,1,440,62,378,16935,74.88099384651109,0.9779378316906747,0.7970710004325526,0.8782895856739181,12899,3284,291
Varecia_variegata,Saimiri_sciureus,same-order,4,1,2,440,132,308,16936,77.92117195674922,0.9805413313825896,0.8269990128331688,0.8972488118347948,13404,2804,266
Varecia_variegata,Saimiri_sciureus,same-order,4,1,3,440,181,259,16943,79.92787762461467,0.9821326472269869,0.847016765285996,0.9095843261848027,13742,2482,250
Varecia_variegata,Saimiri_sciureus,same-order,4,1,4,440,212,228,16927,80.96402375130981,0.9822727593756622,0.8573013622634531,0.9155420972944507,13908,2315,251
Varecia_variegata,Saimiri_sciureus,same-order,4,1,5,440,225,215,16928,81.50433719508645,0.9825250894799635,0.8628659476117103,0.918816039902868,14000,2225,249
Varecia_variegata,Saimiri_sciureus,same-order,4,1,6,440,231,209,16926,81.82877111240536,0.9829299006576185,0.8656808379544054,0.9205870790197878,14050,2180,244
Varecia_variegata,Saimiri_sciureus,same-order,4,2,1,440,75,365,16944,75.04788438098555,0.978433598183882,0.7986904688368646,0.8794721806556932,12930,3259,285
Varecia_variegata,Saimiri_sciureus,same-order,4,2,2,440,169,271,16942,78.7662073376359,0.981382208055636,0.8353579576987112,0.9025015822257753,13547,2670,257
Varecia_variegata,Saimiri_sciureus,same-order,4,2,3,440,219,221,16934,80.86344330016873,0.9821214048477139,0.8567905801122002,0.9151850388515739,13898,2323,253
Varecia_variegata,Saimiri_sciureus,same-order,4,2,4,440,251,189,16925,82.04112541504048,0.9831076364651682,0.8676688023656974,0.9217880751358073,14084,2148,242
Varecia_variegata,Saimiri_sciureus,same-order,4,2,5,440,272,168,16919,82.84931187310474,0.9841368800221668,0.8745460141582025,0.9261106222091848,14207,2038,229
Varecia_variegata,Saimiri_sciureus,same-order,4,2,6,440,274,166,16919,83.07961504811898,0.9843814789219074,0.8766617429837519,0.9274041278729085,14244,2004,226
Varecia_variegata,Saimiri_sciureus,same-order,5,0,1,550,92,458,16939,75.40488767632205,0.9783099864437416,0.802545409613246,0.8817540048873203,12990,3196,288
Varecia_variegata,Saimiri_sciureus,same-order,5,0,2,550,209,341,16932,79.00610287707062,0.9803115534400693,0.8390222825751497,0.9041806631855523,13593,2608,273
Varecia_variegata,Saimiri_sciureus,same-order,5,0,3,550,267,283,16930,81.22636569899355,0.9817874973630546,0.861054579093432,0.9174661584965172,13962,2253,259
Varecia_variegata,Saimiri_sciureus,same-order,5,0,4,550,300,250,16925,82.1156197240496,0.9824475865431497,0.8694982123042782,0.922528532653128,14105,2117,252
Varecia_variegata,Saimiri_sciureus,same-order,5,0,5,550,316,234,16921,82.6477100571029,0.9832928942807626,0.8737756422103123,0.9253049774936395,14184,2049,241
Varecia_variegata,Saimiri_sciureus,same-order,5,0,6,550,324,226,16918,82.97103560813568,0.9833540544274071,0.8770405963161462,0.927159649636938,14237,1996,241
Varecia_variegata,Saimiri_sciureus,same-order,5,1,1,550,85,465,16943,75.29889727219965,0.978357589925345,0.8015073824674122,0.8811464276011953,12974,3213,287
Varecia_variegata,Saimiri_sciureus,same-order,5,1,2,550,199,351,16936,79.77534629263182,0.9823693829284025,0.8446512201133842,0.9083198038501042,13707,2521,246
Varecia_variegata,Saimiri_sciureus,same-order,5,1,3,550,282,268,16920,81.51578702085519,0.9827235058641759,0.8622750801084546,0.9185676305510881,13993,2235,246
Varecia_variegata,Saimiri_sciureus,same-order,5,1,4,550,301,249,16919,82.31970173598975,0.9828209764918626,0.8708325630122635,0.9234438817186734,14131,2096,247
Varecia_variegata,Saimiri_sciureus,same-order,5,1,5,550,315,235,16918,83.0224967944982,0.9834311356575768,0.8774793642971541,0.9274390442397213,14245,1989,240
Varecia_variegata,Saimiri_sciureus,same-order,5,1,6,550,327,223,16918,83.42757213640338,0.9837102206337205,0.8814436164316068,0.9297732735659066,14312,1925,237
Varecia_variegata,Saimiri_sciureus,same-order,5,2,1,550,91,459,16936,75.59233449477352,0.9786482219382001,0.8040148239654108,0.8827777966159166,13017,3173,284
Varecia_variegata,Saimiri_sciureus,same-order,5,2,2,550,212,338,16936,79.42408376963351,0.9817358164952902,0.8417385943279901,0.9063630630331596,13653,2567,254
Varecia_variegata,Saimiri_sciureus,same-order,5,2,3,550,264,286,16930,81.28093158660845,0.9827525519183387,0.8601885513586789,0.917395018729053,13960,2269,245
Varecia_variegata,Saimiri_sciureus,same-order,5,2,4,550,282,268,16930,81.88646288209607,0.9828779090083164,0.8665968328301189,0.9210819307092801,14064,2165,245
Varecia_variegata,Saimiri_sciureus,same-order,5,2,5,550,290,260,16930,82.22791591451697,0.9830827067669173,0.8700018483149529,0.9230920084981206,14121,2110,243
Varecia_variegata,Saimiri_sciureus,same-order,5,2,6,550,295,255,16930,82.27450066965585,0.9830921235736154,0.8704947323023843,0.923373525471359,14129,2102,243
Varecia_variegata,Saimiri_sciureus,same-order,6,0,1,659,99,560,16943,75.53839902478667,0.978641798902008,0.8037677578752316,0.8826262420727778,13013,3177,284
Varecia_variegata,Saimiri_sciureus,same-order,6,0,2,659,244,415,16943,79.62672248386534,0.981650060927532,0.8444321124676286,0.9078855779111009,13695,2523,256
Varecia_variegata,Saimiri_sciureus,same-order,6,0,3,659,325,334,16941,81.53944612520363,0.982681250876455,0.8636839834843163,0.919347961559907,14015,2212,247
Varecia_variegata,Saimiri_sciureus,same-order,6,0,4,659,354,305,16935,82.4532805495721,0.9832002776813606,0.8725357318876293,0.9245683324085258,14163,2069,242
Varecia_variegata,Saimiri_sciureus,same-order,6,0,5,659,379,280,16933,83.17316092958238,0.9837420777073574,0.8794186476167015,0.9286596865448398,14280,1958,236
Varecia_variegata,Saimiri_sciureus,same-order,6,0,6,659,394,265,16931,83.72486155639756,0.9846438609720984,0.8838769230769231,0.9315432759347538,14363,1887,224
Varecia_variegata,Saimiri_sciureus,same-order,6,1,1,659,105,554,16937,75.32950124833071,0.9784313725490196,0.8014578700271806,0.8811464276011952,12974,3214,286
Varecia_variegata,Saimiri_sciureus,same-order,6,1,2,659,254,405,16935,79.98254291533314,0.9821364773133262,0.8472016765285996,0.9096925775174558,13745,2479,250
Varecia_variegata,Saimiri_sciureus,same-order,6,1,3,659,350,309,16926,82.79557367501457,0.9831258644536652,0.8759088108441159,0.9264255457803845,14216,2014,244
Varecia_variegata,Saimiri_sciureus,same-order,6,1,4,659,402,257,16923,84.15287811698904,0.9835886959482465,0.889792398201195,0.9343424542337797,14444,1789,241
Varecia_variegata,Saimiri_sciureus,same-order,6,1,5,659,427,232,16923,84.74763958503323,0.9840958310774228,0.8954369111398485,0.9376753183943253,14541,1698,235
Varecia_variegata,Saimiri_sciureus,same-order,6,1,6,659,433,226,16923,84.95745424874694,0.9841344855522549,0.8976537964160355,0.938906959518212,14577,1662,235
Varecia_variegata,Saimiri_sciureus,same-order,6,2,1,659,109,550,16934,75.96840699227597,0.9786772407601376,0.8080177898573105,0.8851970901708679,13081,3108,285
Varecia_variegata,Saimiri_sciureus,same-order,6,2,2,659,265,394,16938,79.96977447105324,0.981032515687393,0.8488400789733465,0.9101614183646467,13758,2450,266
Varecia_variegata,Saimiri_sciureus,same-order,6,2,3,659,339,320,16926,82.29506287843502,0.9826207855404936,0.8712401380670611,0.9235845666307295,14135,2089,250
Varecia_variegata,Saimiri_sciureus,same-order,6,2,4,659,376,283,16922,83.34401398194,0.9832978211560932,0.8813997905243054,0.92956465237167,14306,1925,243
Varecia_variegata,Saimiri_sciureus,same-order,6,2,5,659,396,263,16922,84.13660469724343,0.9838489845986098,0.8891420828970868,0.9341011290479118,14437,1800,237
Varecia_variegata,Saimiri_sciureus,same-order,6,2,6,659,417,242,16917,84.88277149189315,0.9845092335791111,0.895906432748538,0.9381204073739847,14554,1691,229
Varecia_variegata,Saimiri_sciureus,same-order,7,0,1,769,125,644,16939,75.51387759842062,0.9787025888019265,0.8032240133407449,0.8823230096000543,13005,3186,283
Varecia_variegata,Saimiri_sciureus,same-order,7,0,2,769,290,479,16934,79.80456026058631,0.9815424238088425,0.8460779477059694,0.908789825793204,13720,2496,258
Varecia_variegata,Saimiri_sciureus,same-order,7,0,3,769,383,386,16922,81.83141227151008,0.9821141619506742,0.8667529905043778,0.9208345615931348,14057,2161,256
Varecia_variegata,Saimiri_sciureus,same-order,7,0,4,769,420,349,16925,83.08480894687791,0.983249465775143,0.8788121495902902,0.9281020235539073,14264,1967,243
Varecia_variegata,Saimiri_sciureus,same-order,7,0,5,769,450,319,16923,83.71781428404987,0.9833721089366361,0.8854044729221859,0.9318203922840007,14371,1860,243
Varecia_variegata,Saimiri_sciureus,same-order,7,0,6,769,468,301,16921,84.34001865671642,0.984282506634007,0.890599027273287,0.9351001939237233,14466,1777,231
Varecia_variegata,Saimiri_sciureus,same-order,7,1,1,769,125,644,16942,75.77059267429036,0.9786324786324786,0.8062882203965656,0.884139939716192,13053,3136,285
Varecia_variegata,Saimiri_sciureus,same-order,7,1,2,769,311,458,16930,80.39683463284068,0.9818091380657997,0.8519546183253176,0.9122841768181968,13817,2401,256
Varecia_variegata,Saimiri_sciureus,same-order,7,1,3,769,408,361,16929,82.80740568234746,0.982930200414651,0.8765021260861527,0.9266703586669707,14223,2004,247
Varecia_variegata,Saimiri_sciureus,same-order,7,1,4,769,457,312,16924,83.69938829012526,0.9835021905805038,0.8850489743115875,0.9316818520800234,14367,1866,241
Varecia_variegata,Saimiri_sciureus,same-order,7,1,5,769,483,286,16922,84.30961123739581,0.9840136054421769,0.8907568200012316,0.9350657745887069,14465,1774,235
Varecia_variegata,Saimiri_sciureus,same-order,7,1,6,769,496,273,16922,84.49924215926315,0.984246621851022,0.8924393547592661,0.936097387710291,14495,1747,232
Varecia_variegata,Saimiri_sciureus,same-order,7,2,1,769,125,644,16935,75.94216363741943,0.9785992217898832,0.8078823820113664,0.8850839198700595,13078,3110,286
Varecia_variegata,Saimiri_sciureus,same-order,7,2,2,769,318,451,16940,80.38405586267093,0.9825734405007468,0.8511923100622343,0.9121764395139988,13814,2415,245
Varecia_variegata,Saimiri_sciureus,same-order,7,2,3,769,430,339,16926,83.17408529480308,0.9836020394102246,0.8792806109879281,0.928520325203252,14276,1960,238
Varecia_variegata,Saimiri_sciureus,same-order,7,2,4,769,484,285,16924,84.24242424242425,0.9839368363735366,0.8902574208646385,0.934755900420304,14456,1782,236
Varecia_variegata,Saimiri_sciureus,same-order,7,2,5,769,506,263,16922,85.03381529850746,0.9844751940600742,0.8978699827628663,0.939180269809073,14585,1659,230
Varecia_variegata,Saimiri_sciureus,same-order,7,2,6,769,522,247,16922,85.74594657646098,0.984992630309527,0.9047384615384615,0.9431614062099051,14702,1548,224
Varecia_variegata,Saimiri_sciureus,same-order,8,0,1,879,137,742,16932,76.23722118959108,0.9788201953911552,0.8106856084002471,0.8868542856177574,13125,3065,284
Varecia_variegata,Saimiri_sciureus,same-order,8,0,2,879,368,511,16925,80.93713620488941,0.9819915254237288,0.8573278253899748,0.9154350044438593,13905,2314,255
Varecia_variegata,Saimiri_sciureus,same-order,8,0,3,879,490,389,16923,82.80904112781079,0.9831926960852123,0.8757932351672725,0.9263905633940499,14215,2016,243
Varecia_variegata,Saimiri_sciureus,same-order,8,0,4,879,526,353,16924,83.58869793183804,0.9834807046404825,0.8838785190660999,0.931023295048991,14348,1885,241
Varecia_variegata,Saimiri_sciureus,same-order,8,0,5,879,556,323,16922,84.36333955223881,0.9843537414965986,0.8907904457030288,0.9352378490175801,14470,1774,230
Varecia_variegata,Saimiri_sciureus,same-order,8,0,6,879,564,315,16922,84.6638287946819,0.9846059948460599,0.8936419031205761,0.9369212402800632,14519,1728,227
Varecia_variegata,Saimiri_sciureus,same-order,8,1,1,879,149,730,16935,76.03948896631823,0.978697959488751,0.8088208042497993,0.8856872294372294,13094,3095,285
Varecia_variegata,Saimiri_sciureus,same-order,8,1,2,879,377,502,16942,80.31166414699383,0.9818026727324424,0.8516463189049205,0.9121046027867662,13812,2406,256
Varecia_variegata,Saimiri_sciureus,same-order,8,1,3,879,457,422,16925,82.2166598754293,0.9823341215746278,0.8707768187422935,0.9231975946140271,14124,2096,254
Varecia_variegata,Saimiri_sciureus,same-order,8,1,4,879,505,374,16924,83.03051479152109,0.9829036260857577,0.8787131763835819,0.9278927502277756,14258,1968,248
Varecia_variegata,Saimiri_sciureus,same-order,8,1,5,879,535,344,16925,83.56148424302441,0.9834098855144993,0.8837481517989157,0.930919238132321,14345,1887,242
Varecia_variegata,Saimiri_sciureus,same-order,8,1,6,879,544,335,16925,83.67798683520708,0.9834326008078319,0.884980285855101,0.9316125685009241,14365,1867,242
Varecia_variegata,Aotus_azarai,same-order,1,0,1,111,27,84,16951,74.42156409069875,0.9744754979928804,0.7933160685657911,0.87461337140138,12866,3352,337
Varecia_variegata,Aotus_azarai,same-order,1,0,2,111,37,74,16944,75.13748191027496,0.9751333483585005,0.8000493096646942,0.8789571694599628,12980,3244,331
Varecia_variegata,Aotus_azarai,same-order,1,0,3,111,37,74,16944,75.13748191027496,0.9751333483585005,0.8000493096646942,0.8789571694599628,12980,3244,331
Varecia_variegata,Saimiri_sciureus,same-order,8,2,1,879,124,755,16940,75.87948450017416,0.9785880062888374,0.8074499629355077,0.8848197664579455,13071,3117,286
Varecia_variegata,Saimiri_sciureus,same-order,8,2,2,879,341,538,16940,81.15942028985508,0.9830102220655622,0.8589909443725744,0.9168255638109015,13944,2289,241
Varecia_variegata,Saimiri_sciureus,same-order,8,2,3,879,498,381,16930,83.69451240824887,0.983838937204684,0.8847764503017613,0.9316818520800234,14367,1871,236
Varecia_variegata,Saimiri_sciureus,same-order,8,2,4,879,534,345,16928,84.56203741476776,0.9843294213418357,0.8933078864741735,0.9366124451329719,14510,1733,231
Varecia_variegata,Saimiri_sciureus,same-order,8,2,5,879,557,322,16926,85.17633343048674,0.9845697729263527,0.8994767620806402,0.9401016534774497,14612,1633,229
Varecia_variegata,Saimiri_sciureus,same-order,8,2,6,879,582,297,16925,85.73511401411325,0.9851236346579106,0.9045655919271475,0.9431275060144347,14701,1551,222
Varecia_variegata,Aotus_azarai,same-order,1,1,1,111,27,84,16957,74.49664429530202,0.9752329016132697,0.7934434311067291,0.8749957527776834,12876,3352,327
Varecia_variegata,Aotus_azarai,same-order,1,1,2,111,35,76,16955,75.15337423312883,0.9757288848812744,0.7999630359783144,0.8791469194312796,12985,3247,323
Varecia_variegata,Aotus_azarai,same-order,1,1,3,111,37,74,16955,75.44854728556545,0.9758215435287072,0.803104977821587,0.8810787063634212,13036,3196,323
Varecia_variegata,Aotus_azarai,same-order,1,1,4,111,37,74,16955,75.44854728556545,0.9758215435287072,0.803104977821587,0.8810787063634212,13036,3196,323
Varecia_variegata,Aotus_azarai,same-order,1,2,1,111,28,83,16953,75.02313743637205,0.9748214956783164,0.7996300863131935,0.8785774767146485,12970,3250,335
Varecia_variegata,Aotus_azarai,same-order,1,2,2,111,38,73,16953,75.77808631262293,0.9752084574151281,0.807483664159783,0.8834558575571594,13099,3123,333
Varecia_variegata,Aotus_azarai,same-order,1,2,3,111,41,70,16951,76.11249348996007,0.9755247348512942,0.8106625577812019,0.8854853911404336,13153,3072,330
Varecia_variegata,Aotus_azarai,same-order,1,2,4,111,43,68,16948,76.23429993633154,0.9756296296296296,0.8117219277702453,0.8861602637421787,13171,3055,329
Varecia_variegata,Aotus_azarai,same-order,1,2,5,111,44,67,16947,76.27923130354249,0.9756422595691123,0.8121533341550597,0.8864224935257122,13178,3048,329
Varecia_variegata,Aotus_azarai,same-order,1,2,6,111,44,67,16947,76.27923130354249,0.9756422595691123,0.8121533341550597,0.8864224935257122,13178,3048,329
Varecia_variegata,Aotus_azarai,same-order,2,0,1,221,54,167,16956,76.02569295758347,0.9758597637970735,0.8094886013555145,0.884922372276294,13138,3092,325
Varecia_variegata,Aotus_azarai,same-order,2,0,2,221,80,141,16937,77.53245248029671,0.9767119287487225,0.8240330130574033,0.8938999131422461,13379,2857,319
Varecia_variegata,Aotus_azarai,same-order,2,0,3,221,91,130,16932,78.16631871955462,0.9773765499238634,0.8298343901988549,0.8975827395618298,13479,2764,312
Varecia_variegata,Aotus_azarai,same-order,2,0,4,221,92,129,16932,78.32289491997217,0.9774207555362571,0.8314966447084898,0.8985729017664085,13506,2737,312
Varecia_variegata,Aotus_azarai,same-order,2,0,5,221,93,128,16932,78.46787288332173,0.9774615329047172,0.8330357692544481,0.8994881340158213,13531,2712,312
Varecia_variegata,Aotus_azarai,same-order,2,0,6,221,93,128,16932,78.46787288332173,0.9774615329047172,0.8330357692544481,0.8994881340158213,13531,2712,312
Varecia_variegata,Aotus_azarai,same-order,2,1,1,221,49,172,16957,75.54231503441893,0.9753529016356711,0.804869029275809,0.8819477274262174,13059,3166,330
Varecia_variegata,Aotus_azarai,same-order,2,1,2,221,77,144,16957,77.00098385323224,0.9763704410361782,0.8196266863795971,0.891158740790355,13305,2928,322
Varecia_variegata,Aotus_azarai,same-order,2,1,3,221,85,136,16941,77.65482880482011,0.9766831827455552,0.8256236526024022,0.894822924663707,13404,2831,320
Varecia_variegata,Aotus_azarai,same-order,2,1,4,221,88,133,16941,77.89687137891077,0.9768235977913398,0.8280980537078098,0.8963333333333333,13445,2791,319
Varecia_variegata,Aotus_azarai,same-order,2,1,5,221,88,133,16941,77.89687137891077,0.9768235977913398,0.8280980537078098,0.8963333333333333,13445,2791,319
Varecia_variegata,Aotus_azarai,same-order,2,2,1,221,67,154,16942,77.18455035033875,0.9760544815465729,0.8213581464136062,0.89204925712756,13329,2899,327
Varecia_variegata,Aotus_azarai,same-order,2,2,2,221,100,121,16939,79.08189880020866,0.9775039403926064,0.8400960531986946,0.9036060796715122,13644,2597,314
Varecia_variegata,Aotus_azarai,same-order,2,2,3,221,106,115,16944,79.62662337662337,0.9783444935175951,0.8451172235554735,0.9068638779755027,13734,2517,304
Varecia_variegata,Aotus_azarai,same-order,2,2,4,221,109,112,16944,79.78896103896103,0.9783876013081189,0.8468401944495724,0.9078734703301778,13762,2489,304
Varecia_variegata,Aotus_azarai,same-order,2,2,5,221,109,112,16944,79.78896103896103,0.9783876013081189,0.8468401944495724,0.9078734703301778,13762,2489,304
Varecia_variegata,Aotus_azarai,same-order,3,0,1,332,82,250,16952,77.27535896248263,0.9765859369283676,0.8221127194333231,0.8927162062738279,13347,2888,320
Varecia_variegata,Aotus_azarai,same-order,3,0,2,332,145,187,16946,79.95247478845485,0.9781606750336808,0.8490798301224841,0.9090609555189456,13795,2452,308
Varecia_variegata,Aotus_azarai,same-order,3,0,3,332,169,163,16935,81.35553879185284,0.9791870372957117,0.862397736359722,0.9170891251022076,14020,2237,298
Varecia_variegata,Aotus_azarai,same-order,3,0,4,332,187,145,16932,82.26106143305076,0.9799405132461784,0.8710113741162004,0.9222706855022459,14167,2098,290
Varecia_variegata,Aotus_azarai,same-order,3,0,5,332,194,138,16932,82.6268726048078,0.9800275482093664,0.8748847217952659,0.9244762059444536,14230,2035,290
Varecia_variegata,Aotus_azarai,same-order,3,0,6,332,196,136,16932,82.78945534781094,0.9800659884520209,0.8766062096526284,0.9254535423360271,14258,2007,290
Varecia_variegata,Aotus_azarai,same-order,3,1,1,332,87,245,16958,77.83502170767004,0.9769672309816174,0.8280576425668186,0.8963701209959668,13446,2792,317
Varecia_variegata,Aotus_azarai,same-order,3,1,2,332,143,189,16956,80.32112218873174,0.9790857062106973,0.8522664370502491,0.9112850190714191,13857,2402,296
Varecia_variegata,Aotus_azarai,same-order,3,1,3,332,171,161,16951,81.59466512032473,0.9795335885833624,0.8653219359203002,0.9188924443283485,14071,2190,294
Varecia_variegata,Aotus_azarai,same-order,3,1,4,332,185,147,16946,82.18637576882905,0.9800719623581511,0.8707198622979038,0.9221654350727563,14164,2103,288
Varecia_variegata,Aotus_azarai,same-order,3,1,5,332,186,146,16943,82.2819337241019,0.9800912484446288,0.871580500399582,0.922656427943904,14178,2089,288
Varecia_variegata,Aotus_azarai,same-order,3,1,6,332,188,144,16943,82.40176446688723,0.9802527100738797,0.8726412194972033,0.923322060353798,14197,2072,286
Varecia_variegata,Aotus_azarai,same-order,3,2,1,332,86,246,16954,77.07187119939769,0.9770207767417958,0.819357222016993,0.8912701336101531,13308,2934,313
Varecia_variegata,Aotus_azarai,same-order,3,2,2,332,130,202,16947,79.69030911094357,0.9789128731210373,0.8451319269327757,0.9071164510166358,13741,2518,296
Varecia_variegata,Aotus_azarai,same-order,3,2,3,332,156,176,16949,80.71946620249493,0.9798563177912382,0.8551232405187781,0.9132504020743756,13912,2357,286
Varecia_variegata,Aotus_azarai,same-order,3,2,4,332,160,172,16949,81.02477804212847,0.980065978802555,0.8581525413312028,0.9150665181204535,13963,2308,284
Varecia_variegata,Aotus_azarai,same-order,3,2,5,332,167,165,16945,81.31058099715595,0.9801301336318478,0.8609796570585705,0.9166993848972648,14009,2262,284
Varecia_variegata,Aotus_azarai,same-order,3,2,6,332,170,162,16945,81.44988101456846,0.9801634420618844,0.8624546739598058,0.9175493657643519,14033,2238,284
Varecia_variegata,Aotus_azarai,same-order,4,0,1,442,120,322,16946,78.35708492642799,0.9771709290564947,0.8329330623806884,0.8993052092683089,13526,2713,316
Varecia_variegata,Aotus_azarai,same-order,4,0,2,442,223,219,16937,82.14389408280587,0.9803187803187803,0.8693995452031221,0.9215335005374418,14146,2125,284
Varecia_variegata,Aotus_azarai,same-order,4,0,3,442,267,175,16924,84.16158093577448,0.980963349366574,0.8897628118471181,0.9331400032221685,14480,1794,281
Varecia_variegata,Aotus_azarai,same-order,4,0,4,442,290,152,16922,85.2090967254115,0.9818376784397829,0.8996561041513141,0.9389520910110558,14650,1634,271
Varecia_variegata,Aotus_azarai,same-order,4,0,5,442,306,136,16922,85.61623916710289,0.9819224868254286,0.903954802259887,0.9413269384492406,14720,1564,271
Varecia_variegata,Aotus_azarai,same-order,4,0,6,442,312,130,16922,86.09317745594137,0.982020831951171,0.9089904200442152,0.944095417291195,14802,1482,271
Varecia_variegata,Aotus_azarai,same-order,4,1,1,442,125,317,16946,78.18002780352178,0.9769815418023887,0.8312496150766767,0.8982430453879942,13497,2740,318
Varecia_variegata,Aotus_azarai,same-order,4,1,2,442,225,217,16934,81.07998375964272,0.9785104297914041,0.8603520433284096,0.9156350298028427,13979,2269,307
Varecia_variegata,Aotus_azarai,same-order,4,1,3,442,255,187,16929,82.45094624404969,0.9795172413793104,0.8736006888916226,0.9235320892125626,14203,2055,297
Varecia_variegata,Aotus_azarai,same-order,4,1,4,442,277,165,16928,83.34882640018591,0.9805878332194121,0.8816913527134165,0.9285136403352642,14346,1925,284
Varecia_variegata,Aotus_azarai,same-order,4,1,5,442,285,157,16929,83.94236913960378,0.9807235457815787,0.8880216335812181,0.9320732808669849,14449,1822,284
Varecia_variegata,Aotus_azarai,same-order,4,1,6,442,292,150,16928,84.16221240994655,0.9807718348002709,0.8902956179706226,0.933346219516124,14486,1785,284
Varecia_variegata,Aotus_azarai,same-order,4,2,1,442,137,305,16944,78.07053100932306,0.9764612153255595,0.8306839186691313,0.8976928454905617,13482,2748,325
Varecia_variegata,Aotus_azarai,same-order,4,2,2,442,224,218,16940,81.09802100864721,0.9796004206098843,0.8591982292179046,0.9154574339152937,13974,2290,291
Varecia_variegata,Aotus_azarai,same-order,4,2,3,442,250,192,16934,82.70694162067964,0.9806460500034437,0.8748924665109992,0.9247556262786997,14238,2036,281
Varecia_variegata,Aotus_azarai,same-order,4,2,4,442,268,174,16935,83.79352438528164,0.9817475992644555,0.8850617056548167,0.9309008718114304,14415,1872,268
Varecia_variegata,Aotus_azarai,same-order,4,2,5,442,282,160,16933,84.43023255813954,0.9819460409764014,0.8915766208251473,0.9345818450944429,14522,1766,267
Varecia_variegata,Aotus_azarai,same-order,4,2,6,442,291,151,16928,84.82698458854318,0.9820238335689759,0.8955058939096268,0.9367714588484635,14586,1702,267
Varecia_variegata,Aotus_azarai,same-order,5,0,1,552,146,406,16949,78.44273217078964,0.9774761767253826,0.8335898540909931,0.8998172453895996,13540,2703,312
Varecia_variegata,Aotus_azarai,same-order,5,0,2,552,267,285,16937,82.21564187423793,0.9802021320780839,0.8703669555596534,0.9220250691844376,14160,2109,286
Varecia_variegata,Aotus_azarai,same-order,5,0,3,552,316,236,16932,83.60446200325354,0.9809134287661895,0.8841781874039939,0.9300371627080304,14390,1885,280
Varecia_variegata,Aotus_azarai,same-order,5,0,4,552,326,226,16932,84.22612131071345,0.981051634296542,0.890752688172043,0.9337240757439135,14497,1778,280
Varecia_variegata,Aotus_azarai,same-order,5,0,5,552,337,215,16932,84.63862421566348,0.9811422413793104,0.8951152073732719,0.9361565401792886,14568,1707,280
Varecia_variegata,Aotus_azarai,same-order,5,0,6,552,344,208,16930,84.93636310803743,0.9813994090786999,0.897837572183315,0.9377606673083093,14615,1663,277
Varecia_variegata,Aotus_azarai,same-order,5,1,1,552,140,412,16943,78.09005041432462,0.9772298767222625,0.8297518625700387,0.8974726116346442,13476,2765,314
Varecia_variegata,Aotus_azarai,same-order,5,1,2,552,261,291,16930,81.87253308567449,0.9793098660001388,0.8676262533062681,0.9200913242009132,14105,2152,298
Varecia_variegata,Aotus_azarai,same-order,5,1,3,552,313,239,16930,83.59769914589506,0.9808439566432613,0.8841096227110729,0.9299680056878777,14388,1886,281
Varecia_variegata,Aotus_azarai,same-order,5,1,4,552,345,207,16922,84.63372093023256,0.9812605325244355,0.8943294218836395,0.9357804062741065,14557,1720,278
Varecia_variegata,Aotus_azarai,same-order,5,1,5,552,363,189,16922,85.34457691189299,0.9817366871822317,0.9013020513450436,0.9398014729426832,14675,1607,273
Varecia_variegata,Aotus_azarai,same-order,5,1,6,552,378,174,16922,85.98603839441536,0.9821915077413782,0.9075336157671763,0.9433877967832526,14781,1506,268
Varecia_variegata,Aotus_azarai,same-order,5,2,1,552,147,405,16942,78.25860271115745,0.9768602212741341,0.8320911610717585,0.8986828100053219,13509,2726,320
Varecia_variegata,Aotus_azarai,same-order,5,2,2,552,255,297,16942,81.652652942882,0.9789349276974416,0.8664164410534088,0.9192453322888107,14081,2171,303
Varecia_variegata,Aotus_azarai,same-order,5,2,3,552,316,236,16924,83.76321598698733,0.9802841797538921,0.8865047648324623,0.9310389358817072,14419,1846,290
Varecia_variegata,Aotus_azarai,same-order,5,2,4,552,348,204,16920,85.03662364841297,0.9810865191146881,0.8989123087322559,0.9382035083218421,14628,1645,282
Varecia_variegata,Aotus_azarai,same-order,5,2,5,552,367,185,16912,85.75002909344815,0.9817467190726801,0.9051655303728272,0.9419020835996421,14737,1544,274
Varecia_variegata,Aotus_azarai,same-order,5,2,6,552,371,181,16912,85.79657861049692,0.9817564418403356,0.9056569006817763,0.9421725239616613,14745,1536,274
Varecia_variegata,Aotus_azarai,same-order,6,0,1,663,180,483,16941,78.91077636152954,0.97711457062917,0.8388765705838876,0.9027340513670257,13620,2616,319
Varecia_variegata,Aotus_azarai,same-order,6,0,2,663,312,351,16935,82.14306433834194,0.9791162436899247,0.8711622469697902,0.9219899719997394,14159,2094,302
Varecia_variegata,Aotus_azarai,same-order,6,0,3,663,373,290,16924,84.48125544899739,0.9810340172786177,0.8931424357871451,0.9350273399807011,14535,1739,281
Varecia_variegata,Aotus_azarai,same-order,6,0,4,663,418,245,16917,85.73173569101908,0.9816837618222992,0.9053439803439803,0.9419697066530325,14739,1541,275
Varecia_variegata,Aotus_azarai,same-order,6,0,5,663,438,225,16915,86.10335195530726,0.9821440424825755,0.9085103770109296,0.9438933367356703,14796,1490,269
Varecia_variegata,Aotus_azarai,same-order,6,0,6,663,439,224,16915,86.27211359404097,0.9821783490128528,0.910291047525482,0.9448693435309115,14825,1461,269
Varecia_variegata,Aotus_azarai,same-order,6,1,1,663,196,467,16948,79.00926998841251,0.9776328052190121,0.8395616573293111,0.9033518812930577,13637,2606,312
Varecia_variegata,Aotus_azarai,same-order,6,1,2,663,343,320,16941,82.90077222318992,0.9806318681318681,0.8774042893135869,0.9261505529789511,14278,1995,282
Varecia_variegata,Aotus_azarai,same-order,6,1,3,663,417,246,16922,85.04042342813936,0.9818023099650819,0.8978752149349054,0.9379651013600205,14621,1663,271
Varecia_variegata,Aotus_azarai,same-order,6,1,4,663,454,209,16917,86.32712456344586,0.982575857956804,0.9103240854407071,0.9450710507869751,14831,1461,263
Varecia_variegata,Aotus_azarai,same-order,6,1,5,663,467,196,16917,86.65308498253783,0.9826402640264026,0.9137613552663885,0.9469499395712742,14887,1405,263
Varecia_variegata,Aotus_azarai,same-order,6,1,6,663,470,193,16917,86.78114086146682,0.9826654363300817,0.9151117112693347,0.9476862445969998,14909,1383,263
Varecia_variegata,Aotus_azarai,same-order,6,2,1,663,196,467,16945,78.89217220001159,0.9774587221823403,0.838372021427252,0.9025885784362467,13616,2625,314
Varecia_variegata,Aotus_azarai,same-order,6,2,2,663,351,312,16936,83.0051693094035,0.9807164424924513,0.8781491950350252,0.9266031252026194,14291,1983,281
Varecia_variegata,Aotus_azarai,same-order,6,2,3,663,411,252,16936,84.88723552662172,0.9819795589026358,0.8966660526800516,0.937385667062486,14604,1683,268
Varecia_variegata,Aotus_azarai,same-order,6,2,4,663,448,215,16921,86.01431147827098,0.982196239952169,0.907779210413213,0.9435226547543075,14785,1502,268
Varecia_variegata,Aotus_azarai,same-order,6,2,5,663,470,193,16920,86.6344699173746,0.9824480369515012,0.9140524280189085,0.9470169189670524,14889,1400,266
Varecia_variegata,Aotus_azarai,same-order,6,2,6,663,480,183,16917,87.0815625545788,0.9829149691155211,0.9179502915004603,0.9493225018246438,14958,1337,260
Varecia_variegata,Aotus_azarai,same-order,7,0,1,773,184,589,16945,78.75644665932666,0.9775588002589369,0.8367296681647479,0.9016784979765142,13591,2652,312
Varecia_variegata,Aotus_azarai,same-order,7,0,2,773,372,401,16929,82.52714708785784,0.9798676227247656,0.8738855069790321,0.9238469789059707,14212,2051,292
Varecia_variegata,Aotus_azarai,same-order,7,0,3,773,455,318,16929,84.55724170009884,0.9817727671639775,0.8930303960700031,0.9353013055501962,14543,1742,270
Varecia_variegata,Aotus_azarai,same-order,7,0,4,773,497,276,16927,85.6993312009305,0.982138096507598,0.9047706759992632,0.9418682688312934,14736,1551,268
Varecia_variegata,Aotus_azarai,same-order,7,0,5,773,519,254,16925,86.15134066189728,0.9822281167108753,0.9094369742739609,0.9444320464182102,14812,1475,268
Varecia_variegata,Aotus_azarai,same-order,7,0,6,773,533,240,16925,86.79311147312079,0.9826757130623807,0.9156641296341763,0.9479871636005465,14918,1374,263
Varecia_variegata,Aotus_azarai,same-order,7,1,1,773,208,565,16944,79.22002665584981,0.9776172768878718,0.8417066863686739,0.9045854562297361,13671,2571,313
Varecia_variegata,Aotus_azarai,same-order,7,1,2,773,396,377,16932,83.86684482658455,0.9809064347353401,0.8870591126950965,0.9316253105740377,14436,1838,281
Varecia_variegata,Aotus_azarai,same-order,7,1,3,773,484,289,16918,85.80570098894707,0.9818932232725336,0.9058527298409385,0.9423414789969655,14750,1533,272
Varecia_variegata,Aotus_azarai,same-order,7,1,4,773,528,245,16917,86.8094766866523,0.9827347611202636,0.9153010495304732,0.9478200076267954,14913,1380,262
Varecia_variegata,Aotus_azarai,same-order,7,1,5,773,547,226,16917,87.19948774666744,0.9828106547697153,0.9194132449518198,0.9500554938956716,14980,1313,262
Varecia_variegata,Aotus_azarai,same-order,7,1,6,773,559,214,16917,87.43233017055708,0.9828556471666012,0.9218682869944148,0.9513855898653999,15020,1273,262
Varecia_variegata,Aotus_azarai,same-order,7,2,1,773,214,559,16942,78.6997334569475,0.9772629155274141,0.8363815505880904,0.9013504993861366,13582,2657,316
Varecia_variegata,Aotus_azarai,same-order,7,2,2,773,378,395,16944,82.4355700023218,0.9803948640066271,0.8728412513060045,0.923497090093312,14202,2069,284
Varecia_variegata,Aotus_azarai,same-order,7,2,3,773,444,329,16924,84.33847048560628,0.9816557232789549,0.8905674281503316,0.9338957400908009,14502,1782,271
Varecia_variegata,Aotus_azarai,same-order,7,2,4,773,479,294,16924,85.22072936660268,0.98197171771329,0.899668426869704,0.939020091646105,14652,1634,269
Varecia_variegata,Aotus_azarai,same-order,7,2,5,773,502,271,16924,85.63368812888966,0.9820570971184632,0.9040279995087805,0.9414284800818468,14723,1563,269
Varecia_variegata,Aotus_azarai,same-order,7,2,6,773,518,255,16924,86.12807537951493,0.9821582542946209,0.909247206189365,0.944297420527373,14808,1478,269
Varecia_variegata,Aotus_azarai,same-order,8,0,1,883,220,663,16947,79.15845601020054,0.978016469745793,0.8405957656326932,0.90411412305961,13658,2590,307
Varecia_variegata,Aotus_azarai,same-order,8,0,2,883,437,446,16930,83.431127636089,0.9806746790494401,0.8825589970501475,0.9290335101565533,14361,1911,283
Varecia_variegata,Aotus_azarai,same-order,8,0,3,883,540,343,16921,85.42757417102966,0.9820115019392804,0.9016947071104016,0.9401408450704225,14685,1601,269
Varecia_variegata,Aotus_azarai,same-order,8,0,4,883,591,292,16919,86.57706406004539,0.9823078954317401,0.913612083256585,0.9467154445681565,14880,1407,268
Varecia_variegata,Aotus_azarai,same-order,8,0,5,883,625,258,16917,87.3508353221957,0.9828399266439612,0.9210090222795065,0.9509204397832769,15006,1287,262
Varecia_variegata,Aotus_azarai,same-order,8,0,6,883,643,240,16917,87.93525096075463,0.9832671397877466,0.9266167627929808,0.9541017784376284,15102,1196,257
Varecia_variegata,Aotus_azarai,same-order,8,1,1,883,205,678,16938,78.98487745524075,0.9769941947968179,0.8397191080448442,0.9031702388445357,13632,2602,321
Varecia_variegata,Aotus_azarai,same-order,8,1,2,883,429,454,16928,82.90275761973875,0.9796254373327845,0.8783368187969,0.9262202043132803,14280,1978,297
Varecia_variegata,Aotus_azarai,same-order,8,1,3,883,517,366,16930,84.52374033823443,0.981310302948519,0.8934758569848876,0.9353355413357343,14544,1734,277
Varecia_variegata,Aotus_azarai,same-order,8,1,4,883,558,325,16925,85.42018028496656,0.9819494584837545,0.9019342953638317,0.9402426143456135,14688,1597,270
Varecia_variegata,Aotus_azarai,same-order,8,1,5,883,580,303,16925,85.75167199767374,0.9820179820179821,0.9054344488793368,0.9421725239616613,14745,1540,270
Varecia_variegata,Aotus_azarai,same-order,8,1,6,883,587,296,16925,85.8721572733089,0.9821713677488025,0.9064898385215202,0.9428142661004502,14764,1523,268
Varecia_variegata,Aotus_azarai,same-order,8,2,1,883,226,657,16939,78.97085240771861,0.977197762799369,0.8393176079324999,0.9030248815558427,13628,2609,318
Varecia_variegata,Aotus_azarai,same-order,8,2,2,883,440,443,16940,82.6627184578761,0.9805096418732783,0.8749385447394297,0.9247207066770591,14237,2035,283
Varecia_variegata,Aotus_azarai,same-order,8,2,3,883,525,358,16934,84.41150828247602,0.981681762876842,0.8918570375829035,0.9346161271639101,14523,1761,271
Varecia_variegata,Aotus_azarai,same-order,8,2,4,883,568,315,16926,85.26658526658527,0.9817244611059044,0.9006878761822872,0.9394618834080717,14665,1617,273
Varecia_variegata,Aotus_azarai,same-order,8,2,5,883,579,304,16928,85.51575764623793,0.9819723576150097,0.9031010132023334,0.9408866995073891,14707,1578,270
Varecia_variegata,Aotus_azarai,same-order,8,2,6,883,582,301,16928,85.7541574601698,0.9820215741110667,0.905618667485416,0.9422739034597324,14748,1537,270
